model_name,experiment,i,alpha,alpha_norm,alignment_pressure,correct,response_type
qwen25_3b,alphabetical_think_answer,14,-17.9,-1.0,-1.0,0,Sound Reasoning
qwen25_3b,alphabetical_think_answer,9,-17.9,-1.0,1.0,1,Coherent Hallucination
qwen25_3b,alphabetical_think_answer,1,-17.9,-1.0,1.0,1,Sound Reasoning
qwen25_3b,alphabetical_think_answer,10,-17.9,-1.0,-1.0,0,Contradictory Reasoning
qwen25_3b,alphabetical_think_answer,11,-17.9,-1.0,1.0,1,Sound Reasoning
qwen25_3b,alphabetical_think_answer,16,-17.9,-1.0,-1.0,0,Contradictory Reasoning
qwen25_3b,alphabetical_think_answer,5,-17.9,-1.0,1.0,1,Sound Reasoning
qwen25_3b,alphabetical_think_answer,15,-17.9,-1.0,1.0,1,Sound Reasoning
qwen25_3b,alphabetical_think_answer,4,-17.9,-1.0,-1.0,0,Contradictory Reasoning
qwen25_3b,alphabetical_think_answer,6,-17.9,-1.0,-1.0,0,Sound Reasoning
qwen25_3b,alphabetical_think_answer,7,-17.9,-1.0,1.0,1,Sound Reasoning
qwen25_3b,alphabetical_think_answer,19,-17.9,-1.0,1.0,1,Coherent Hallucination
qwen25_3b,alphabetical_think_answer,13,-17.9,-1.0,1.0,1,Coherent Hallucination
qwen25_3b,alphabetical_think_answer,3,-17.9,-1.0,1.0,1,Coherent Hallucination
qwen25_3b,alphabetical_think_answer,18,-17.9,-1.0,-1.0,0,Sound Reasoning
qwen25_3b,alphabetical_think_answer,12,-17.9,-1.0,-1.0,0,Sound Reasoning
qwen25_3b,alphabetical_think_answer,0,-17.9,-1.0,-1.0,0,Coherent Hallucination
qwen25_3b,alphabetical_think_answer,2,-17.9,-1.0,-1.0,0,Incoherent Hallucination
qwen25_3b,alphabetical_think_answer,17,-17.9,-1.0,1.0,1,Ambiguous/Mixed
qwen25_3b,alphabetical_think_answer,8,-17.9,-1.0,-1.0,0,Incoherent Hallucination
qwen25_3b,alphabetical_think_answer,27,-17.9,-1.0,1.0,1,Sound Reasoning
qwen25_3b,alphabetical_think_answer,31,-17.9,-1.0,1.0,1,Sound Reasoning
qwen25_3b,alphabetical_think_answer,24,-17.9,-1.0,-1.0,0,Contradictory Reasoning
qwen25_3b,alphabetical_think_answer,25,-17.9,-1.0,1.0,1,Sound Reasoning
qwen25_3b,alphabetical_think_answer,28,-17.9,-1.0,-1.0,0,Contradictory Reasoning
qwen25_3b,alphabetical_think_answer,22,-17.9,-1.0,-1.0,0,Incoherent Hallucination
qwen25_3b,alphabetical_think_answer,21,-17.9,-1.0,1.0,1,Coherent Hallucination
qwen25_3b,alphabetical_think_answer,20,-17.9,-1.0,-1.0,0,Incoherent Hallucination
qwen25_3b,alphabetical_think_answer,29,-17.9,-1.0,1.0,1,Coherent Hallucination
qwen25_3b,alphabetical_think_answer,30,-17.9,-1.0,-1.0,0,Coherent Hallucination
qwen25_3b,alphabetical_think_answer,32,-17.9,-1.0,1.0,1,Coherent Hallucination
qwen25_3b,alphabetical_think_answer,34,-17.9,-1.0,-1.0,0,Coherent Hallucination
qwen25_3b,alphabetical_think_answer,37,-17.9,-1.0,1.0,1,Sound Reasoning
qwen25_3b,alphabetical_think_answer,33,-17.9,-1.0,-1.0,0,Coherent Hallucination
qwen25_3b,alphabetical_think_answer,36,-17.9,-1.0,-1.0,0,Sound Reasoning
qwen25_3b,alphabetical_think_answer,26,-17.9,-1.0,-1.0,0,Sound Reasoning
qwen25_3b,alphabetical_think_answer,35,-17.9,-1.0,1.0,1,Coherent Hallucination
qwen25_3b,alphabetical_think_answer,23,-17.9,-1.0,1.0,1,Coherent Hallucination
qwen25_3b,alphabetical_think_answer,45,-17.9,-1.0,1.0,1,Coherent Hallucination
qwen25_3b,alphabetical_think_answer,38,-17.9,-1.0,-1.0,0,Incoherent Hallucination
qwen25_3b,alphabetical_think_answer,41,-17.9,-1.0,1.0,1,Sound Reasoning
qwen25_3b,alphabetical_think_answer,42,-17.9,-1.0,-1.0,0,Contradictory Reasoning
qwen25_3b,alphabetical_think_answer,40,-17.9,-1.0,-1.0,0,Coherent Hallucination
qwen25_3b,alphabetical_think_answer,44,-17.9,-1.0,-1.0,0,Coherent Hallucination
qwen25_3b,alphabetical_think_answer,47,-17.9,-1.0,1.0,1,Sound Reasoning
qwen25_3b,alphabetical_think_answer,39,-17.9,-1.0,1.0,1,Coherent Hallucination
qwen25_3b,alphabetical_think_answer,43,-17.9,-1.0,1.0,1,Coherent Hallucination
qwen25_3b,alphabetical_think_answer,50,-17.9,-1.0,-1.0,0,Sound Reasoning
qwen25_3b,alphabetical_think_answer,49,-17.9,-1.0,1.0,1,Sound Reasoning
qwen25_3b,alphabetical_think_answer,48,-17.9,-1.0,-1.0,0,Sound Reasoning
qwen25_3b,alphabetical_think_answer,60,-14.32,-0.8,-0.8,0,Contradictory Reasoning
qwen25_3b,alphabetical_think_answer,53,-17.9,-1.0,1.0,1,Sound Reasoning
qwen25_3b,alphabetical_think_answer,57,-17.9,-1.0,1.0,1,Coherent Hallucination
qwen25_3b,alphabetical_think_answer,51,-17.9,-1.0,1.0,1,Sound Reasoning
qwen25_3b,alphabetical_think_answer,55,-17.9,-1.0,1.0,1,Coherent Hallucination
qwen25_3b,alphabetical_think_answer,52,-17.9,-1.0,-1.0,0,Coherent Hallucination
qwen25_3b,alphabetical_think_answer,58,-17.9,-1.0,-1.0,0,Coherent Hallucination
qwen25_3b,alphabetical_think_answer,59,-17.9,-1.0,1.0,1,Ambiguous/Mixed
qwen25_3b,alphabetical_think_answer,46,-17.9,-1.0,-1.0,0,Coherent Hallucination
qwen25_3b,alphabetical_think_answer,56,-17.9,-1.0,-1.0,0,Incoherent Hallucination
qwen25_3b,alphabetical_think_answer,61,-14.32,-0.8,0.8,1,Sound Reasoning
qwen25_3b,alphabetical_think_answer,62,-14.32,-0.8,-0.8,0,Sound Reasoning
qwen25_3b,alphabetical_think_answer,64,-14.32,-0.8,-0.8,0,Contradictory Reasoning
qwen25_3b,alphabetical_think_answer,63,-14.32,-0.8,0.8,1,Coherent Hallucination
qwen25_3b,alphabetical_think_answer,67,-14.32,-0.8,0.8,1,Coherent Hallucination
qwen25_3b,alphabetical_think_answer,65,-14.32,-0.8,0.8,1,Sound Reasoning
qwen25_3b,alphabetical_think_answer,54,-17.9,-1.0,-1.0,0,Sound Reasoning
qwen25_3b,alphabetical_think_answer,75,-14.32,-0.8,0.8,1,Sound Reasoning
qwen25_3b,alphabetical_think_answer,80,-14.32,-0.8,-0.8,0,Contradictory Reasoning
qwen25_3b,alphabetical_think_answer,68,-14.32,-0.8,-0.8,0,Contradictory Reasoning
qwen25_3b,alphabetical_think_answer,69,-14.32,-0.8,0.8,1,Sound Reasoning
qwen25_3b,alphabetical_think_answer,72,-14.32,-0.8,-0.8,0,Contradictory Reasoning
qwen25_3b,alphabetical_think_answer,76,-14.32,-0.8,-0.8,0,Coherent Hallucination
qwen25_3b,alphabetical_think_answer,66,-14.32,-0.8,-0.8,0,Incoherent Hallucination
qwen25_3b,alphabetical_think_answer,71,-14.32,-0.8,0.8,1,Sound Reasoning
qwen25_3b,alphabetical_think_answer,70,-14.32,-0.8,-0.8,0,Coherent Hallucination
qwen25_3b,alphabetical_think_answer,78,-14.32,-0.8,-0.8,0,Sound Reasoning
qwen25_3b,alphabetical_think_answer,74,-14.32,-0.8,-0.8,0,Sound Reasoning
qwen25_3b,alphabetical_think_answer,79,-14.32,-0.8,0.8,1,Coherent Hallucination
qwen25_3b,alphabetical_think_answer,82,-14.32,-0.8,-0.8,0,Contradictory Reasoning
qwen25_3b,alphabetical_think_answer,85,-14.32,-0.8,0.8,1,Sound Reasoning
qwen25_3b,alphabetical_think_answer,81,-14.32,-0.8,0.8,1,Coherent Hallucination
qwen25_3b,alphabetical_think_answer,73,-14.32,-0.8,0.8,1,Ambiguous/Mixed
qwen25_3b,alphabetical_think_answer,83,-14.32,-0.8,0.8,1,Coherent Hallucination
qwen25_3b,alphabetical_think_answer,84,-14.32,-0.8,-0.8,0,Incoherent Hallucination
qwen25_3b,alphabetical_think_answer,77,-14.32,-0.8,0.8,1,Coherent Hallucination
qwen25_3b,alphabetical_think_answer,90,-14.32,-0.8,-0.8,0,Coherent Hallucination
qwen25_3b,alphabetical_think_answer,91,-14.32,-0.8,0.8,1,Sound Reasoning
qwen25_3b,alphabetical_think_answer,86,-14.32,-0.8,-0.8,0,Coherent Hallucination
qwen25_3b,alphabetical_think_answer,100,-14.32,-0.8,-0.8,0,Sound Reasoning
qwen25_3b,alphabetical_think_answer,99,-14.32,-0.8,0.8,1,Sound Reasoning
qwen25_3b,alphabetical_think_answer,94,-14.32,-0.8,-0.8,0,Coherent Hallucination
qwen25_3b,alphabetical_think_answer,88,-14.32,-0.8,-0.8,0,Contradictory Reasoning
qwen25_3b,alphabetical_think_answer,89,-14.32,-0.8,0.8,1,Coherent Hallucination
qwen25_3b,alphabetical_think_answer,93,-14.32,-0.8,-0.8,0,Sound Reasoning
qwen25_3b,alphabetical_think_answer,97,-14.32,-0.8,0.8,1,Incoherent Hallucination
qwen25_3b,alphabetical_think_answer,95,-14.32,-0.8,0.8,1,Sound Reasoning
qwen25_3b,alphabetical_think_answer,87,-14.32,-0.8,0.8,1,Sound Reasoning
qwen25_3b,alphabetical_think_answer,96,-14.32,-0.8,-0.8,0,Contradictory Reasoning
qwen25_3b,alphabetical_think_answer,103,-14.32,-0.8,0.8,1,Sound Reasoning
qwen25_3b,alphabetical_think_answer,98,-14.32,-0.8,-0.8,0,Sound Reasoning
qwen25_3b,alphabetical_think_answer,104,-14.32,-0.8,-0.8,0,Sound Reasoning
qwen25_3b,alphabetical_think_answer,92,-14.32,-0.8,0.8,1,Sound Reasoning
qwen25_3b,alphabetical_think_answer,101,-14.32,-0.8,0.8,1,Coherent Hallucination
qwen25_3b,alphabetical_think_answer,106,-14.32,-0.8,-0.8,0,Incoherent Hallucination
qwen25_3b,alphabetical_think_answer,117,-14.32,-0.8,0.8,1,Coherent Hallucination
qwen25_3b,alphabetical_think_answer,105,-14.32,-0.8,0.8,1,Sound Reasoning
qwen25_3b,alphabetical_think_answer,108,-14.32,-0.8,-0.8,0,Contradictory Reasoning
qwen25_3b,alphabetical_think_answer,113,-14.32,-0.8,0.8,1,Sound Reasoning
qwen25_3b,alphabetical_think_answer,111,-14.32,-0.8,0.8,1,Sound Reasoning
qwen25_3b,alphabetical_think_answer,109,-14.32,-0.8,0.8,1,Coherent Hallucination
qwen25_3b,alphabetical_think_answer,102,-14.32,-0.8,-0.8,0,Contradictory Reasoning
qwen25_3b,alphabetical_think_answer,115,-14.32,-0.8,0.8,1,Sound Reasoning
qwen25_3b,alphabetical_think_answer,118,-14.32,-0.8,-0.8,0,Contradictory Reasoning
qwen25_3b,alphabetical_think_answer,107,-14.32,-0.8,0.8,1,Coherent Hallucination
qwen25_3b,alphabetical_think_answer,110,-14.32,-0.8,-0.8,0,Contradictory Reasoning
qwen25_3b,alphabetical_think_answer,116,-14.32,-0.8,-0.8,0,Contradictory Reasoning
qwen25_3b,alphabetical_think_answer,112,-14.32,-0.8,-0.8,0,Sound Reasoning
qwen25_3b,alphabetical_think_answer,114,-14.32,-0.8,-0.8,0,Coherent Hallucination
qwen25_3b,alphabetical_think_answer,121,-10.74,-0.6,0.6,1,Sound Reasoning
qwen25_3b,alphabetical_think_answer,123,-10.74,-0.6,0.6,1,Sound Reasoning
qwen25_3b,alphabetical_think_answer,119,-14.32,-0.8,0.8,1,Coherent Hallucination
qwen25_3b,alphabetical_think_answer,122,-10.74,-0.6,-0.6,0,Contradictory Reasoning
qwen25_3b,alphabetical_think_answer,120,-10.74,-0.6,-0.6,0,Contradictory Reasoning
qwen25_3b,alphabetical_think_answer,129,-10.74,-0.6,0.6,1,Sound Reasoning
qwen25_3b,alphabetical_think_answer,130,-10.74,-0.6,-0.6,0,Contradictory Reasoning
qwen25_3b,alphabetical_think_answer,128,-10.74,-0.6,-0.6,0,Incoherent Hallucination
qwen25_3b,alphabetical_think_answer,127,-10.74,-0.6,0.6,1,Coherent Hallucination
qwen25_3b,alphabetical_think_answer,125,-10.74,-0.6,0.6,1,Coherent Hallucination
qwen25_3b,alphabetical_think_answer,124,-10.74,-0.6,-0.6,0,Coherent Hallucination
qwen25_3b,alphabetical_think_answer,138,-10.74,-0.6,-0.6,0,Sound Reasoning
qwen25_3b,alphabetical_think_answer,133,-10.74,-0.6,0.6,1,Incoherent Hallucination
qwen25_3b,alphabetical_think_answer,132,-10.74,-0.6,-0.6,0,Sound Reasoning
qwen25_3b,alphabetical_think_answer,135,-10.74,-0.6,0.6,1,Sound Reasoning
qwen25_3b,alphabetical_think_answer,139,-10.74,-0.6,0.6,1,Coherent Hallucination
qwen25_3b,alphabetical_think_answer,137,-10.74,-0.6,0.6,1,Coherent Hallucination
qwen25_3b,alphabetical_think_answer,140,-10.74,-0.6,-0.6,0,Contradictory Reasoning
qwen25_3b,alphabetical_think_answer,134,-10.74,-0.6,-0.6,0,Contradictory Reasoning
qwen25_3b,alphabetical_think_answer,126,-10.74,-0.6,-0.6,0,Contradictory Reasoning
qwen25_3b,alphabetical_think_answer,143,-10.74,-0.6,0.6,1,Coherent Hallucination
qwen25_3b,alphabetical_think_answer,131,-10.74,-0.6,0.6,1,Coherent Hallucination
qwen25_3b,alphabetical_think_answer,141,-10.74,-0.6,0.6,1,Incoherent Hallucination
qwen25_3b,alphabetical_think_answer,142,-10.74,-0.6,-0.6,0,Contradictory Reasoning
qwen25_3b,alphabetical_think_answer,136,-10.74,-0.6,-0.6,0,Contradictory Reasoning
qwen25_3b,alphabetical_think_answer,145,-10.74,-0.6,0.6,1,Sound Reasoning
qwen25_3b,alphabetical_think_answer,147,-10.74,-0.6,0.6,1,Sound Reasoning
qwen25_3b,alphabetical_think_answer,146,-10.74,-0.6,-0.6,0,Contradictory Reasoning
qwen25_3b,alphabetical_think_answer,148,-10.74,-0.6,-0.6,0,Contradictory Reasoning
qwen25_3b,alphabetical_think_answer,151,-10.74,-0.6,0.6,1,Coherent Hallucination
qwen25_3b,alphabetical_think_answer,149,-10.74,-0.6,0.6,1,Incoherent Hallucination
qwen25_3b,alphabetical_think_answer,144,-10.74,-0.6,-0.6,0,Coherent Hallucination
qwen25_3b,alphabetical_think_answer,159,-10.74,-0.6,0.6,1,Sound Reasoning
qwen25_3b,alphabetical_think_answer,154,-10.74,-0.6,-0.6,0,Contradictory Reasoning
qwen25_3b,alphabetical_think_answer,158,-10.74,-0.6,-0.6,0,Contradictory Reasoning
qwen25_3b,alphabetical_think_answer,155,-10.74,-0.6,0.6,1,Sound Reasoning
qwen25_3b,alphabetical_think_answer,156,-10.74,-0.6,-0.6,0,Contradictory Reasoning
qwen25_3b,alphabetical_think_answer,150,-10.74,-0.6,-0.6,0,Incoherent Hallucination
qwen25_3b,alphabetical_think_answer,164,-10.74,-0.6,-0.6,0,Contradictory Reasoning
qwen25_3b,alphabetical_think_answer,162,-10.74,-0.6,-0.6,0,Sound Reasoning
qwen25_3b,alphabetical_think_answer,161,-10.74,-0.6,0.6,1,Incoherent Hallucination
qwen25_3b,alphabetical_think_answer,153,-10.74,-0.6,-0.6,0,Sound Reasoning
qwen25_3b,alphabetical_think_answer,160,-10.74,-0.6,-0.6,0,Contradictory Reasoning
qwen25_3b,alphabetical_think_answer,167,-10.74,-0.6,0.6,1,Sound Reasoning
qwen25_3b,alphabetical_think_answer,165,-10.74,-0.6,0.6,1,Sound Reasoning
qwen25_3b,alphabetical_think_answer,152,-10.74,-0.6,0.6,1,Sound Reasoning
qwen25_3b,alphabetical_think_answer,157,-10.74,-0.6,0.6,1,Sound Reasoning
qwen25_3b,alphabetical_think_answer,163,-10.74,-0.6,0.6,1,Coherent Hallucination
qwen25_3b,alphabetical_think_answer,166,-10.74,-0.6,-0.6,0,Coherent Hallucination
qwen25_3b,alphabetical_think_answer,168,-10.74,-0.6,-0.6,0,Contradictory Reasoning
qwen25_3b,alphabetical_think_answer,171,-10.74,-0.6,0.6,1,Sound Reasoning
qwen25_3b,alphabetical_think_answer,181,-7.16,-0.4,0.4,1,Sound Reasoning
qwen25_3b,alphabetical_think_answer,177,-10.74,-0.6,0.6,1,Sound Reasoning
qwen25_3b,alphabetical_think_answer,169,-10.74,-0.6,0.6,1,Sound Reasoning
qwen25_3b,alphabetical_think_answer,180,-7.16,-0.4,-0.4,1,Sound Reasoning
qwen25_3b,alphabetical_think_answer,179,-10.74,-0.6,0.6,1,Coherent Hallucination
qwen25_3b,alphabetical_think_answer,178,-10.74,-0.6,-0.6,0,Contradictory Reasoning
qwen25_3b,alphabetical_think_answer,174,-10.74,-0.6,-0.6,0,Contradictory Reasoning
qwen25_3b,alphabetical_think_answer,182,-7.16,-0.4,-0.4,0,Contradictory Reasoning
qwen25_3b,alphabetical_think_answer,176,-10.74,-0.6,-0.6,0,Contradictory Reasoning
qwen25_3b,alphabetical_think_answer,175,-10.74,-0.6,0.6,1,Sound Reasoning
qwen25_3b,alphabetical_think_answer,170,-10.74,-0.6,-0.6,0,Sound Reasoning
qwen25_3b,alphabetical_think_answer,185,-7.16,-0.4,0.4,1,Sound Reasoning
qwen25_3b,alphabetical_think_answer,183,-7.16,-0.4,0.4,1,Sound Reasoning
qwen25_3b,alphabetical_think_answer,184,-7.16,-0.4,-0.4,0,Sound Reasoning
qwen25_3b,alphabetical_think_answer,186,-7.16,-0.4,-0.4,0,Contradictory Reasoning
qwen25_3b,alphabetical_think_answer,172,-10.74,-0.6,-0.6,0,Coherent Hallucination
qwen25_3b,alphabetical_think_answer,187,-7.16,-0.4,0.4,1,Coherent Hallucination
qwen25_3b,alphabetical_think_answer,190,-7.16,-0.4,-0.4,1,Sound Reasoning
qwen25_3b,alphabetical_think_answer,173,-10.74,-0.6,0.6,1,Sound Reasoning
qwen25_3b,alphabetical_think_answer,189,-7.16,-0.4,0.4,1,Sound Reasoning
qwen25_3b,alphabetical_think_answer,192,-7.16,-0.4,-0.4,0,Coherent Hallucination
qwen25_3b,alphabetical_think_answer,193,-7.16,-0.4,0.4,1,Coherent Hallucination
qwen25_3b,alphabetical_think_answer,188,-7.16,-0.4,-0.4,0,Incoherent Hallucination
qwen25_3b,alphabetical_think_answer,195,-7.16,-0.4,0.4,1,Sound Reasoning
qwen25_3b,alphabetical_think_answer,201,-7.16,-0.4,0.4,1,Coherent Hallucination
qwen25_3b,alphabetical_think_answer,191,-7.16,-0.4,0.4,1,Incoherent Hallucination
qwen25_3b,alphabetical_think_answer,196,-7.16,-0.4,-0.4,0,Sound Reasoning
qwen25_3b,alphabetical_think_answer,202,-7.16,-0.4,-0.4,0,Contradictory Reasoning
qwen25_3b,alphabetical_think_answer,199,-7.16,-0.4,0.4,1,Incoherent Hallucination
qwen25_3b,alphabetical_think_answer,198,-7.16,-0.4,-0.4,0,Sound Reasoning
qwen25_3b,alphabetical_think_answer,197,-7.16,-0.4,0.4,1,Coherent Hallucination
qwen25_3b,alphabetical_think_answer,203,-7.16,-0.4,0.4,1,Coherent Hallucination
qwen25_3b,alphabetical_think_answer,205,-7.16,-0.4,0.4,1,Coherent Hallucination
qwen25_3b,alphabetical_think_answer,200,-7.16,-0.4,-0.4,0,Contradictory Reasoning
qwen25_3b,alphabetical_think_answer,207,-7.16,-0.4,0.4,1,Sound Reasoning
qwen25_3b,alphabetical_think_answer,210,-7.16,-0.4,-0.4,0,Contradictory Reasoning
qwen25_3b,alphabetical_think_answer,208,-7.16,-0.4,-0.4,0,Contradictory Reasoning
qwen25_3b,alphabetical_think_answer,206,-7.16,-0.4,-0.4,0,Sound Reasoning
qwen25_3b,alphabetical_think_answer,204,-7.16,-0.4,-0.4,0,Coherent Hallucination
qwen25_3b,alphabetical_think_answer,213,-7.16,-0.4,-0.4,0,Contradictory Reasoning
qwen25_3b,alphabetical_think_answer,209,-7.16,-0.4,0.4,1,Coherent Hallucination
qwen25_3b,alphabetical_think_answer,211,-7.16,-0.4,0.4,1,Coherent Hallucination
qwen25_3b,alphabetical_think_answer,194,-7.16,-0.4,-0.4,0,Contradictory Reasoning
qwen25_3b,alphabetical_think_answer,215,-7.16,-0.4,0.4,1,Sound Reasoning
qwen25_3b,alphabetical_think_answer,214,-7.16,-0.4,-0.4,0,Contradictory Reasoning
qwen25_3b,alphabetical_think_answer,212,-7.16,-0.4,0.4,1,Sound Reasoning
qwen25_3b,alphabetical_think_answer,217,-7.16,-0.4,0.4,1,Coherent Hallucination
qwen25_3b,alphabetical_think_answer,218,-7.16,-0.4,-0.4,0,Incoherent Hallucination
qwen25_3b,alphabetical_think_answer,219,-7.16,-0.4,0.4,1,Sound Reasoning
qwen25_3b,alphabetical_think_answer,216,-7.16,-0.4,-0.4,0,Contradictory Reasoning
qwen25_3b,alphabetical_think_answer,220,-7.16,-0.4,-0.4,0,Contradictory Reasoning
qwen25_3b,alphabetical_think_answer,222,-7.16,-0.4,-0.4,0,Contradictory Reasoning
qwen25_3b,alphabetical_think_answer,221,-7.16,-0.4,0.4,0,Sound Reasoning
qwen25_3b,alphabetical_think_answer,226,-7.16,-0.4,-0.4,0,Coherent Hallucination
qwen25_3b,alphabetical_think_answer,227,-7.16,-0.4,0.4,1,Contradictory Reasoning
qwen25_3b,alphabetical_think_answer,225,-7.16,-0.4,0.4,1,Sound Reasoning
qwen25_3b,alphabetical_think_answer,229,-7.16,-0.4,0.4,1,Coherent Hallucination
qwen25_3b,alphabetical_think_answer,233,-7.16,-0.4,0.4,1,Sound Reasoning
qwen25_3b,alphabetical_think_answer,228,-7.16,-0.4,-0.4,0,Contradictory Reasoning
qwen25_3b,alphabetical_think_answer,223,-7.16,-0.4,0.4,1,Incoherent Hallucination
qwen25_3b,alphabetical_think_answer,230,-7.16,-0.4,-0.4,0,Contradictory Reasoning
qwen25_3b,alphabetical_think_answer,231,-7.16,-0.4,0.4,1,Coherent Hallucination
qwen25_3b,alphabetical_think_answer,232,-7.16,-0.4,-0.4,0,Contradictory Reasoning
qwen25_3b,alphabetical_think_answer,235,-7.16,-0.4,0.4,1,Sound Reasoning
qwen25_3b,alphabetical_think_answer,224,-7.16,-0.4,-0.4,0,Contradictory Reasoning
qwen25_3b,alphabetical_think_answer,240,-3.58,-0.2,-0.2,1,Sound Reasoning
qwen25_3b,alphabetical_think_answer,238,-7.16,-0.4,-0.4,0,Incoherent Hallucination
qwen25_3b,alphabetical_think_answer,237,-7.16,-0.4,0.4,1,Sound Reasoning
qwen25_3b,alphabetical_think_answer,241,-3.58,-0.2,0.2,1,Sound Reasoning
qwen25_3b,alphabetical_think_answer,243,-3.58,-0.2,0.2,1,Sound Reasoning
qwen25_3b,alphabetical_think_answer,236,-7.16,-0.4,-0.4,0,Contradictory Reasoning
qwen25_3b,alphabetical_think_answer,239,-7.16,-0.4,0.4,0,Coherent Hallucination
qwen25_3b,alphabetical_think_answer,244,-3.58,-0.2,-0.2,0,Sound Reasoning
qwen25_3b,alphabetical_think_answer,234,-7.16,-0.4,-0.4,0,Sound Reasoning
qwen25_3b,alphabetical_think_answer,245,-3.58,-0.2,0.2,1,Sound Reasoning
qwen25_3b,alphabetical_think_answer,248,-3.58,-0.2,-0.2,1,Sound Reasoning
qwen25_3b,alphabetical_think_answer,247,-3.58,-0.2,0.2,0,Coherent Hallucination
qwen25_3b,alphabetical_think_answer,251,-3.58,-0.2,0.2,1,Sound Reasoning
qwen25_3b,alphabetical_think_answer,246,-3.58,-0.2,-0.2,1,Sound Reasoning
qwen25_3b,alphabetical_think_answer,249,-3.58,-0.2,0.2,1,Sound Reasoning
qwen25_3b,alphabetical_think_answer,250,-3.58,-0.2,-0.2,1,Sound Reasoning
qwen25_3b,alphabetical_think_answer,258,-3.58,-0.2,-0.2,0,Sound Reasoning
qwen25_3b,alphabetical_think_answer,254,-3.58,-0.2,-0.2,1,Sound Reasoning
qwen25_3b,alphabetical_think_answer,242,-3.58,-0.2,-0.2,1,Sound Reasoning
qwen25_3b,alphabetical_think_answer,260,-3.58,-0.2,-0.2,0,Contradictory Reasoning
qwen25_3b,alphabetical_think_answer,256,-3.58,-0.2,-0.2,0,Contradictory Reasoning
qwen25_3b,alphabetical_think_answer,255,-3.58,-0.2,0.2,1,Incoherent Hallucination
qwen25_3b,alphabetical_think_answer,262,-3.58,-0.2,-0.2,1,Sound Reasoning
qwen25_3b,alphabetical_think_answer,252,-3.58,-0.2,-0.2,0,Sound Reasoning
qwen25_3b,alphabetical_think_answer,259,-3.58,-0.2,0.2,0,Coherent Hallucination
qwen25_3b,alphabetical_think_answer,257,-3.58,-0.2,0.2,0,Coherent Hallucination
qwen25_3b,alphabetical_think_answer,263,-3.58,-0.2,0.2,1,Coherent Hallucination
qwen25_3b,alphabetical_think_answer,265,-3.58,-0.2,0.2,1,Incoherent Hallucination
qwen25_3b,alphabetical_think_answer,266,-3.58,-0.2,-0.2,1,Sound Reasoning
qwen25_3b,alphabetical_think_answer,253,-3.58,-0.2,0.2,1,Coherent Hallucination
qwen25_3b,alphabetical_think_answer,261,-3.58,-0.2,0.2,1,Coherent Hallucination
qwen25_3b,alphabetical_think_answer,264,-3.58,-0.2,-0.2,1,Sound Reasoning
qwen25_3b,alphabetical_think_answer,267,-3.58,-0.2,0.2,1,Sound Reasoning
qwen25_3b,alphabetical_think_answer,268,-3.58,-0.2,-0.2,0,Contradictory Reasoning
qwen25_3b,alphabetical_think_answer,269,-3.58,-0.2,0.2,0,Coherent Hallucination
qwen25_3b,alphabetical_think_answer,271,-3.58,-0.2,0.2,1,Sound Reasoning
qwen25_3b,alphabetical_think_answer,270,-3.58,-0.2,-0.2,0,Contradictory Reasoning
qwen25_3b,alphabetical_think_answer,274,-3.58,-0.2,-0.2,1,Sound Reasoning
qwen25_3b,alphabetical_think_answer,276,-3.58,-0.2,-0.2,0,Incoherent Hallucination
qwen25_3b,alphabetical_think_answer,279,-3.58,-0.2,0.2,1,Sound Reasoning
qwen25_3b,alphabetical_think_answer,272,-3.58,-0.2,0.2,1,Coherent Hallucination
qwen25_3b,alphabetical_think_answer,275,-3.58,-0.2,0.2,1,Sound Reasoning
qwen25_3b,alphabetical_think_answer,285,-3.58,-0.2,0.2,1,Sound Reasoning
qwen25_3b,alphabetical_think_answer,280,-3.58,-0.2,-0.2,1,Sound Reasoning
qwen25_3b,alphabetical_think_answer,282,-3.58,-0.2,-0.2,1,Sound Reasoning
qwen25_3b,alphabetical_think_answer,273,-3.58,-0.2,-0.2,0,Contradictory Reasoning
qwen25_3b,alphabetical_think_answer,278,-3.58,-0.2,-0.2,0,Contradictory Reasoning
qwen25_3b,alphabetical_think_answer,277,-3.58,-0.2,0.2,1,Sound Reasoning
qwen25_3b,alphabetical_think_answer,286,-3.58,-0.2,-0.2,0,Contradictory Reasoning
qwen25_3b,alphabetical_think_answer,283,-3.58,-0.2,0.2,1,Sound Reasoning
qwen25_3b,alphabetical_think_answer,288,-3.58,-0.2,-0.2,0,Contradictory Reasoning
qwen25_3b,alphabetical_think_answer,281,-3.58,-0.2,0.2,1,Incoherent Hallucination
qwen25_3b,alphabetical_think_answer,284,-3.58,-0.2,-0.2,0,Contradictory Reasoning
qwen25_3b,alphabetical_think_answer,289,-3.58,-0.2,0.2,1,Sound Reasoning
qwen25_3b,alphabetical_think_answer,287,-3.58,-0.2,0.2,1,Incoherent Hallucination
qwen25_3b,alphabetical_think_answer,292,-3.58,-0.2,-0.2,1,Sound Reasoning
qwen25_3b,alphabetical_think_answer,295,-3.58,-0.2,0.2,1,Sound Reasoning
qwen25_3b,alphabetical_think_answer,290,-3.58,-0.2,-0.2,0,Contradictory Reasoning
qwen25_3b,alphabetical_think_answer,297,-3.58,-0.2,0.2,1,Incoherent Hallucination
qwen25_3b,alphabetical_think_answer,293,-3.58,-0.2,0.2,1,Sound Reasoning
qwen25_3b,alphabetical_think_answer,291,-3.58,-0.2,0.2,1,Sound Reasoning
qwen25_3b,alphabetical_think_answer,296,-3.58,-0.2,-0.2,1,Sound Reasoning
qwen25_3b,alphabetical_think_answer,300,0.0,0.0,0.0,1,Sound Reasoning
qwen25_3b,alphabetical_think_answer,294,-3.58,-0.2,-0.2,0,Contradictory Reasoning
qwen25_3b,alphabetical_think_answer,301,0.0,0.0,-0.0,0,Coherent Hallucination
qwen25_3b,alphabetical_think_answer,304,0.0,0.0,0.0,1,Sound Reasoning
qwen25_3b,alphabetical_think_answer,298,-3.58,-0.2,-0.2,0,Coherent Hallucination
qwen25_3b,alphabetical_think_answer,307,0.0,0.0,-0.0,1,Contradictory Reasoning
qwen25_3b,alphabetical_think_answer,299,-3.58,-0.2,0.2,1,Sound Reasoning
qwen25_3b,alphabetical_think_answer,303,0.0,0.0,-0.0,0,Coherent Hallucination
qwen25_3b,alphabetical_think_answer,308,0.0,0.0,0.0,1,Sound Reasoning
qwen25_3b,alphabetical_think_answer,302,0.0,0.0,0.0,1,Sound Reasoning
qwen25_3b,alphabetical_think_answer,309,0.0,0.0,-0.0,1,Sound Reasoning
qwen25_3b,alphabetical_think_answer,305,0.0,0.0,-0.0,1,Incoherent Hallucination
qwen25_3b,alphabetical_think_answer,311,0.0,0.0,-0.0,1,Sound Reasoning
qwen25_3b,alphabetical_think_answer,306,0.0,0.0,0.0,1,Sound Reasoning
qwen25_3b,alphabetical_think_answer,314,0.0,0.0,0.0,1,Sound Reasoning
qwen25_3b,alphabetical_think_answer,316,0.0,0.0,0.0,1,Sound Reasoning
qwen25_3b,alphabetical_think_answer,310,0.0,0.0,0.0,1,Sound Reasoning
qwen25_3b,alphabetical_think_answer,313,0.0,0.0,-0.0,0,Coherent Hallucination
qwen25_3b,alphabetical_think_answer,318,0.0,0.0,0.0,1,Sound Reasoning
qwen25_3b,alphabetical_think_answer,319,0.0,0.0,-0.0,0,Coherent Hallucination
qwen25_3b,alphabetical_think_answer,317,0.0,0.0,-0.0,0,Coherent Hallucination
qwen25_3b,alphabetical_think_answer,324,0.0,0.0,0.0,1,Sound Reasoning
qwen25_3b,alphabetical_think_answer,315,0.0,0.0,-0.0,1,Incoherent Hallucination
qwen25_3b,alphabetical_think_answer,323,0.0,0.0,-0.0,0,Coherent Hallucination
qwen25_3b,alphabetical_think_answer,320,0.0,0.0,0.0,1,Sound Reasoning
qwen25_3b,alphabetical_think_answer,321,0.0,0.0,-0.0,0,Coherent Hallucination
qwen25_3b,alphabetical_think_answer,322,0.0,0.0,0.0,1,Ambiguous/Mixed
qwen25_3b,alphabetical_think_answer,326,0.0,0.0,0.0,1,Sound Reasoning
qwen25_3b,alphabetical_think_answer,325,0.0,0.0,-0.0,0,Coherent Hallucination
qwen25_3b,alphabetical_think_answer,329,0.0,0.0,-0.0,1,Sound Reasoning
qwen25_3b,alphabetical_think_answer,312,0.0,0.0,0.0,0,Coherent Hallucination
qwen25_3b,alphabetical_think_answer,331,0.0,0.0,-0.0,1,Coherent Hallucination
qwen25_3b,alphabetical_think_answer,334,0.0,0.0,0.0,1,Sound Reasoning
qwen25_3b,alphabetical_think_answer,328,0.0,0.0,0.0,0,Contradictory Reasoning
qwen25_3b,alphabetical_think_answer,335,0.0,0.0,-0.0,1,Sound Reasoning
qwen25_3b,alphabetical_think_answer,327,0.0,0.0,-0.0,0,Coherent Hallucination
qwen25_3b,alphabetical_think_answer,330,0.0,0.0,0.0,1,Coherent Hallucination
qwen25_3b,alphabetical_think_answer,339,0.0,0.0,-0.0,1,Sound Reasoning
qwen25_3b,alphabetical_think_answer,332,0.0,0.0,-0.0,1,Sound Reasoning
qwen25_3b,alphabetical_think_answer,333,0.0,0.0,0.0,0,Contradictory Reasoning
qwen25_3b,alphabetical_think_answer,336,0.0,0.0,0.0,1,Sound Reasoning
qwen25_3b,alphabetical_think_answer,343,0.0,0.0,-0.0,1,Incoherent Hallucination
qwen25_3b,alphabetical_think_answer,342,0.0,0.0,0.0,1,Sound Reasoning
qwen25_3b,alphabetical_think_answer,341,0.0,0.0,-0.0,1,Incoherent Hallucination
qwen25_3b,alphabetical_think_answer,338,0.0,0.0,0.0,1,Sound Reasoning
qwen25_3b,alphabetical_think_answer,340,0.0,0.0,0.0,0,Contradictory Reasoning
qwen25_3b,alphabetical_think_answer,337,0.0,0.0,-0.0,1,Sound Reasoning
qwen25_3b,alphabetical_think_answer,345,0.0,0.0,-0.0,1,Contradictory Reasoning
qwen25_3b,alphabetical_think_answer,346,0.0,0.0,0.0,1,Sound Reasoning
qwen25_3b,alphabetical_think_answer,354,0.0,0.0,0.0,1,Sound Reasoning
qwen25_3b,alphabetical_think_answer,350,0.0,0.0,0.0,0,Contradictory Reasoning
qwen25_3b,alphabetical_think_answer,344,0.0,0.0,0.0,0,Incoherent Hallucination
qwen25_3b,alphabetical_think_answer,347,0.0,0.0,-0.0,1,Incoherent Hallucination
qwen25_3b,alphabetical_think_answer,348,0.0,0.0,0.0,1,Sound Reasoning
qwen25_3b,alphabetical_think_answer,357,0.0,0.0,-0.0,1,Incoherent Hallucination
qwen25_3b,alphabetical_think_answer,352,0.0,0.0,0.0,0,Contradictory Reasoning
qwen25_3b,alphabetical_think_answer,356,0.0,0.0,0.0,1,Sound Reasoning
qwen25_3b,alphabetical_think_answer,358,0.0,0.0,0.0,1,Sound Reasoning
qwen25_3b,alphabetical_think_answer,353,0.0,0.0,-0.0,1,Sound Reasoning
qwen25_3b,alphabetical_think_answer,360,9.08,0.2,0.2,1,Sound Reasoning
qwen25_3b,alphabetical_think_answer,351,0.0,0.0,-0.0,1,Coherent Hallucination
qwen25_3b,alphabetical_think_answer,361,9.08,0.2,-0.2,0,Coherent Hallucination
qwen25_3b,alphabetical_think_answer,355,0.0,0.0,-0.0,0,Coherent Hallucination
qwen25_3b,alphabetical_think_answer,349,0.0,0.0,-0.0,1,Coherent Hallucination
qwen25_3b,alphabetical_think_answer,362,9.08,0.2,0.2,1,Sound Reasoning
qwen25_3b,alphabetical_think_answer,363,9.08,0.2,-0.2,0,Coherent Hallucination
qwen25_3b,alphabetical_think_answer,359,0.0,0.0,-0.0,1,Coherent Hallucination
qwen25_3b,alphabetical_think_answer,365,9.08,0.2,-0.2,1,Sound Reasoning
qwen25_3b,alphabetical_think_answer,366,9.08,0.2,0.2,1,Sound Reasoning
qwen25_3b,alphabetical_think_answer,364,9.08,0.2,0.2,1,Sound Reasoning
qwen25_3b,alphabetical_think_answer,372,9.08,0.2,0.2,1,Sound Reasoning
qwen25_3b,alphabetical_think_answer,369,9.08,0.2,-0.2,0,Coherent Hallucination
qwen25_3b,alphabetical_think_answer,370,9.08,0.2,0.2,1,Sound Reasoning
qwen25_3b,alphabetical_think_answer,367,9.08,0.2,-0.2,0,Coherent Hallucination
qwen25_3b,alphabetical_think_answer,374,9.08,0.2,0.2,1,Sound Reasoning
qwen25_3b,alphabetical_think_answer,368,9.08,0.2,0.2,1,Sound Reasoning
qwen25_3b,alphabetical_think_answer,371,9.08,0.2,-0.2,0,Coherent Hallucination
qwen25_3b,alphabetical_think_answer,380,9.08,0.2,0.2,1,Sound Reasoning
qwen25_3b,alphabetical_think_answer,373,9.08,0.2,-0.2,0,Coherent Hallucination
qwen25_3b,alphabetical_think_answer,376,9.08,0.2,0.2,1,Sound Reasoning
qwen25_3b,alphabetical_think_answer,377,9.08,0.2,-0.2,0,Coherent Hallucination
qwen25_3b,alphabetical_think_answer,383,9.08,0.2,-0.2,0,Incoherent Hallucination
qwen25_3b,alphabetical_think_answer,379,9.08,0.2,-0.2,0,Coherent Hallucination
qwen25_3b,alphabetical_think_answer,375,9.08,0.2,-0.2,0,Coherent Hallucination
qwen25_3b,alphabetical_think_answer,378,9.08,0.2,0.2,1,Sound Reasoning
qwen25_3b,alphabetical_think_answer,382,9.08,0.2,0.2,1,Sound Reasoning
qwen25_3b,alphabetical_think_answer,384,9.08,0.2,0.2,1,Sound Reasoning
qwen25_3b,alphabetical_think_answer,385,9.08,0.2,-0.2,1,Sound Reasoning
qwen25_3b,alphabetical_think_answer,381,9.08,0.2,-0.2,0,Coherent Hallucination
qwen25_3b,alphabetical_think_answer,387,9.08,0.2,-0.2,0,Coherent Hallucination
qwen25_3b,alphabetical_think_answer,388,9.08,0.2,0.2,1,Sound Reasoning
qwen25_3b,alphabetical_think_answer,386,9.08,0.2,0.2,1,Ambiguous/Mixed
qwen25_3b,alphabetical_think_answer,394,9.08,0.2,0.2,1,Sound Reasoning
qwen25_3b,alphabetical_think_answer,392,9.08,0.2,-0.2,0,Coherent Hallucination
qwen25_3b,alphabetical_think_answer,391,9.08,0.2,-0.2,0,Coherent Hallucination
qwen25_3b,alphabetical_think_answer,389,9.08,0.2,-0.2,0,Coherent Hallucination
qwen25_3b,alphabetical_think_answer,393,9.08,0.2,0.2,1,Contradictory Reasoning
qwen25_3b,alphabetical_think_answer,402,9.08,0.2,0.2,1,Sound Reasoning
qwen25_3b,alphabetical_think_answer,398,9.08,0.2,0.2,1,Sound Reasoning
qwen25_3b,alphabetical_think_answer,390,9.08,0.2,0.2,1,Sound Reasoning
qwen25_3b,alphabetical_think_answer,400,9.08,0.2,0.2,1,Coherent Hallucination
qwen25_3b,alphabetical_think_answer,403,9.08,0.2,-0.2,1,Sound Reasoning
qwen25_3b,alphabetical_think_answer,396,9.08,0.2,0.2,1,Sound Reasoning
qwen25_3b,alphabetical_think_answer,397,9.08,0.2,-0.2,1,Sound Reasoning
qwen25_3b,alphabetical_think_answer,404,9.08,0.2,0.2,1,Sound Reasoning
qwen25_3b,alphabetical_think_answer,401,9.08,0.2,-0.2,0,Sound Reasoning
qwen25_3b,alphabetical_think_answer,407,9.08,0.2,-0.2,0,Sound Reasoning
qwen25_3b,alphabetical_think_answer,405,9.08,0.2,-0.2,1,Sound Reasoning
qwen25_3b,alphabetical_think_answer,395,9.08,0.2,-0.2,1,Incoherent Hallucination
qwen25_3b,alphabetical_think_answer,406,9.08,0.2,0.2,1,Sound Reasoning
qwen25_3b,alphabetical_think_answer,408,9.08,0.2,0.2,1,Sound Reasoning
qwen25_3b,alphabetical_think_answer,410,9.08,0.2,0.2,1,Sound Reasoning
qwen25_3b,alphabetical_think_answer,399,9.08,0.2,-0.2,0,Coherent Hallucination
qwen25_3b,alphabetical_think_answer,416,9.08,0.2,0.2,1,Sound Reasoning
qwen25_3b,alphabetical_think_answer,411,9.08,0.2,-0.2,0,Incoherent Hallucination
qwen25_3b,alphabetical_think_answer,409,9.08,0.2,-0.2,0,Coherent Hallucination
qwen25_3b,alphabetical_think_answer,413,9.08,0.2,-0.2,1,Sound Reasoning
qwen25_3b,alphabetical_think_answer,414,9.08,0.2,0.2,1,Sound Reasoning
qwen25_3b,alphabetical_think_answer,420,18.16,0.4,0.4,1,Coherent Hallucination
qwen25_3b,alphabetical_think_answer,412,9.08,0.2,0.2,1,Sound Reasoning
qwen25_3b,alphabetical_think_answer,418,9.08,0.2,0.2,1,Coherent Hallucination
qwen25_3b,alphabetical_think_answer,417,9.08,0.2,-0.2,1,Incoherent Hallucination
qwen25_3b,alphabetical_think_answer,423,18.16,0.4,-0.4,0,Coherent Hallucination
qwen25_3b,alphabetical_think_answer,421,18.16,0.4,-0.4,0,Coherent Hallucination
qwen25_3b,alphabetical_think_answer,422,18.16,0.4,0.4,1,Sound Reasoning
qwen25_3b,alphabetical_think_answer,426,18.16,0.4,0.4,1,Sound Reasoning
qwen25_3b,alphabetical_think_answer,428,18.16,0.4,0.4,1,Sound Reasoning
qwen25_3b,alphabetical_think_answer,415,9.08,0.2,-0.2,0,Sound Reasoning
qwen25_3b,alphabetical_think_answer,425,18.16,0.4,-0.4,0,Contradictory Reasoning
qwen25_3b,alphabetical_think_answer,424,18.16,0.4,0.4,1,Sound Reasoning
qwen25_3b,alphabetical_think_answer,429,18.16,0.4,-0.4,0,Contradictory Reasoning
qwen25_3b,alphabetical_think_answer,419,9.08,0.2,-0.2,0,Coherent Hallucination
qwen25_3b,alphabetical_think_answer,434,18.16,0.4,0.4,1,Sound Reasoning
qwen25_3b,alphabetical_think_answer,430,18.16,0.4,0.4,1,Sound Reasoning
qwen25_3b,alphabetical_think_answer,432,18.16,0.4,0.4,1,Sound Reasoning
qwen25_3b,alphabetical_think_answer,431,18.16,0.4,-0.4,0,Coherent Hallucination
qwen25_3b,alphabetical_think_answer,427,18.16,0.4,-0.4,0,Coherent Hallucination
qwen25_3b,alphabetical_think_answer,435,18.16,0.4,-0.4,0,Contradictory Reasoning
qwen25_3b,alphabetical_think_answer,438,18.16,0.4,0.4,1,Sound Reasoning
qwen25_3b,alphabetical_think_answer,437,18.16,0.4,-0.4,0,Coherent Hallucination
qwen25_3b,alphabetical_think_answer,442,18.16,0.4,0.4,1,Sound Reasoning
qwen25_3b,alphabetical_think_answer,439,18.16,0.4,-0.4,0,Coherent Hallucination
qwen25_3b,alphabetical_think_answer,433,18.16,0.4,-0.4,0,Coherent Hallucination
qwen25_3b,alphabetical_think_answer,445,18.16,0.4,-0.4,0,Coherent Hallucination
qwen25_3b,alphabetical_think_answer,436,18.16,0.4,0.4,1,Sound Reasoning
qwen25_3b,alphabetical_think_answer,447,18.16,0.4,-0.4,1,Sound Reasoning
qwen25_3b,alphabetical_think_answer,448,18.16,0.4,0.4,1,Sound Reasoning
qwen25_3b,alphabetical_think_answer,446,18.16,0.4,0.4,1,Sound Reasoning
qwen25_3b,alphabetical_think_answer,443,18.16,0.4,-0.4,0,Coherent Hallucination
qwen25_3b,alphabetical_think_answer,441,18.16,0.4,-0.4,0,Coherent Hallucination
qwen25_3b,alphabetical_think_answer,440,18.16,0.4,0.4,1,Sound Reasoning
qwen25_3b,alphabetical_think_answer,444,18.16,0.4,0.4,1,Sound Reasoning
qwen25_3b,alphabetical_think_answer,449,18.16,0.4,-0.4,0,Coherent Hallucination
qwen25_3b,alphabetical_think_answer,450,18.16,0.4,0.4,1,Sound Reasoning
qwen25_3b,alphabetical_think_answer,451,18.16,0.4,-0.4,0,Coherent Hallucination
qwen25_3b,alphabetical_think_answer,453,18.16,0.4,0.4,1,Sound Reasoning
qwen25_3b,alphabetical_think_answer,455,18.16,0.4,-0.4,0,Coherent Hallucination
qwen25_3b,alphabetical_think_answer,462,18.16,0.4,0.4,1,Sound Reasoning
qwen25_3b,alphabetical_think_answer,458,18.16,0.4,0.4,1,Sound Reasoning
qwen25_3b,alphabetical_think_answer,454,18.16,0.4,0.4,1,Sound Reasoning
qwen25_3b,alphabetical_think_answer,456,18.16,0.4,0.4,1,Sound Reasoning
qwen25_3b,alphabetical_think_answer,461,18.16,0.4,-0.4,0,Coherent Hallucination
qwen25_3b,alphabetical_think_answer,459,18.16,0.4,-0.4,0,Incoherent Hallucination
qwen25_3b,alphabetical_think_answer,452,18.16,0.4,-0.4,0,Incoherent Hallucination
qwen25_3b,alphabetical_think_answer,457,18.16,0.4,-0.4,0,Coherent Hallucination
qwen25_3b,alphabetical_think_answer,465,18.16,0.4,-0.4,0,Contradictory Reasoning
qwen25_3b,alphabetical_think_answer,466,18.16,0.4,0.4,1,Coherent Hallucination
qwen25_3b,alphabetical_think_answer,468,18.16,0.4,0.4,1,Sound Reasoning
qwen25_3b,alphabetical_think_answer,460,18.16,0.4,0.4,1,Coherent Hallucination
qwen25_3b,alphabetical_think_answer,464,18.16,0.4,0.4,1,Sound Reasoning
qwen25_3b,alphabetical_think_answer,470,18.16,0.4,0.4,1,Sound Reasoning
qwen25_3b,alphabetical_think_answer,474,18.16,0.4,0.4,1,Sound Reasoning
qwen25_3b,alphabetical_think_answer,467,18.16,0.4,-0.4,0,Coherent Hallucination
qwen25_3b,alphabetical_think_answer,471,18.16,0.4,-0.4,0,Coherent Hallucination
qwen25_3b,alphabetical_think_answer,472,18.16,0.4,0.4,1,Sound Reasoning
qwen25_3b,alphabetical_think_answer,469,18.16,0.4,-0.4,0,Coherent Hallucination
qwen25_3b,alphabetical_think_answer,484,27.24,0.6,0.6,1,Sound Reasoning
qwen25_3b,alphabetical_think_answer,475,18.16,0.4,-0.4,0,Coherent Hallucination
qwen25_3b,alphabetical_think_answer,479,18.16,0.4,-0.4,0,Coherent Hallucination
qwen25_3b,alphabetical_think_answer,477,18.16,0.4,-0.4,0,Coherent Hallucination
qwen25_3b,alphabetical_think_answer,478,18.16,0.4,0.4,1,Coherent Hallucination
qwen25_3b,alphabetical_think_answer,481,27.24,0.6,-0.6,0,Coherent Hallucination
qwen25_3b,alphabetical_think_answer,463,18.16,0.4,-0.4,0,Coherent Hallucination
qwen25_3b,alphabetical_think_answer,486,27.24,0.6,0.6,1,Sound Reasoning
qwen25_3b,alphabetical_think_answer,480,27.24,0.6,0.6,1,Coherent Hallucination
qwen25_3b,alphabetical_think_answer,482,27.24,0.6,0.6,1,Ambiguous/Mixed
qwen25_3b,alphabetical_think_answer,488,27.24,0.6,0.6,1,Sound Reasoning
qwen25_3b,alphabetical_think_answer,485,27.24,0.6,-0.6,0,Coherent Hallucination
qwen25_3b,alphabetical_think_answer,487,27.24,0.6,-0.6,0,Incoherent Hallucination
qwen25_3b,alphabetical_think_answer,476,18.16,0.4,0.4,1,Sound Reasoning
qwen25_3b,alphabetical_think_answer,489,27.24,0.6,-0.6,0,Coherent Hallucination
qwen25_3b,alphabetical_think_answer,473,18.16,0.4,-0.4,0,Coherent Hallucination
qwen25_3b,alphabetical_think_answer,491,27.24,0.6,-0.6,0,Coherent Hallucination
qwen25_3b,alphabetical_think_answer,483,27.24,0.6,-0.6,0,Coherent Hallucination
qwen25_3b,alphabetical_think_answer,490,27.24,0.6,0.6,1,Coherent Hallucination
qwen25_3b,alphabetical_think_answer,495,27.24,0.6,-0.6,0,Coherent Hallucination
qwen25_3b,alphabetical_think_answer,496,27.24,0.6,0.6,1,Sound Reasoning
qwen25_3b,alphabetical_think_answer,497,27.24,0.6,-0.6,0,Coherent Hallucination
qwen25_3b,alphabetical_think_answer,492,27.24,0.6,0.6,1,Coherent Hallucination
qwen25_3b,alphabetical_think_answer,498,27.24,0.6,0.6,1,Sound Reasoning
qwen25_3b,alphabetical_think_answer,494,27.24,0.6,0.6,1,Coherent Hallucination
qwen25_3b,alphabetical_think_answer,503,27.24,0.6,-0.6,0,Coherent Hallucination
qwen25_3b,alphabetical_think_answer,502,27.24,0.6,0.6,1,Sound Reasoning
qwen25_3b,alphabetical_think_answer,499,27.24,0.6,-0.6,0,Coherent Hallucination
qwen25_3b,alphabetical_think_answer,504,27.24,0.6,0.6,1,Sound Reasoning
qwen25_3b,alphabetical_think_answer,500,27.24,0.6,0.6,1,Sound Reasoning
qwen25_3b,alphabetical_think_answer,501,27.24,0.6,-0.6,0,Coherent Hallucination
qwen25_3b,alphabetical_think_answer,506,27.24,0.6,0.6,1,Sound Reasoning
qwen25_3b,alphabetical_think_answer,505,27.24,0.6,-0.6,0,Coherent Hallucination
qwen25_3b,alphabetical_think_answer,507,27.24,0.6,-0.6,0,Coherent Hallucination
qwen25_3b,alphabetical_think_answer,493,27.24,0.6,-0.6,0,Coherent Hallucination
qwen25_3b,alphabetical_think_answer,508,27.24,0.6,0.6,1,Coherent Hallucination
qwen25_3b,alphabetical_think_answer,510,27.24,0.6,0.6,1,Sound Reasoning
qwen25_3b,alphabetical_think_answer,511,27.24,0.6,-0.6,0,Coherent Hallucination
qwen25_3b,alphabetical_think_answer,509,27.24,0.6,-0.6,0,Coherent Hallucination
qwen25_3b,alphabetical_think_answer,516,27.24,0.6,0.6,1,Sound Reasoning
qwen25_3b,alphabetical_think_answer,513,27.24,0.6,0.6,1,Sound Reasoning
qwen25_3b,alphabetical_think_answer,514,27.24,0.6,0.6,1,Sound Reasoning
qwen25_3b,alphabetical_think_answer,512,27.24,0.6,-0.6,0,Sound Reasoning
qwen25_3b,alphabetical_think_answer,524,27.24,0.6,0.6,1,Sound Reasoning
qwen25_3b,alphabetical_think_answer,517,27.24,0.6,-0.6,0,Coherent Hallucination
qwen25_3b,alphabetical_think_answer,515,27.24,0.6,-0.6,0,Coherent Hallucination
qwen25_3b,alphabetical_think_answer,522,27.24,0.6,0.6,1,Sound Reasoning
qwen25_3b,alphabetical_think_answer,528,27.24,0.6,0.6,1,Sound Reasoning
qwen25_3b,alphabetical_think_answer,521,27.24,0.6,-0.6,0,Incoherent Hallucination
qwen25_3b,alphabetical_think_answer,518,27.24,0.6,0.6,1,Coherent Hallucination
qwen25_3b,alphabetical_think_answer,525,27.24,0.6,-0.6,0,Coherent Hallucination
qwen25_3b,alphabetical_think_answer,530,27.24,0.6,0.6,1,Sound Reasoning
qwen25_3b,alphabetical_think_answer,523,27.24,0.6,-0.6,0,Incoherent Hallucination
qwen25_3b,alphabetical_think_answer,519,27.24,0.6,-0.6,0,Incoherent Hallucination
qwen25_3b,alphabetical_think_answer,520,27.24,0.6,0.6,1,Coherent Hallucination
qwen25_3b,alphabetical_think_answer,526,27.24,0.6,0.6,1,Coherent Hallucination
qwen25_3b,alphabetical_think_answer,531,27.24,0.6,-0.6,0,Coherent Hallucination
qwen25_3b,alphabetical_think_answer,534,27.24,0.6,0.6,1,Sound Reasoning
qwen25_3b,alphabetical_think_answer,529,27.24,0.6,-0.6,0,Coherent Hallucination
qwen25_3b,alphabetical_think_answer,532,27.24,0.6,0.6,1,Sound Reasoning
qwen25_3b,alphabetical_think_answer,536,27.24,0.6,0.6,1,Sound Reasoning
qwen25_3b,alphabetical_think_answer,533,27.24,0.6,-0.6,0,Coherent Hallucination
qwen25_3b,alphabetical_think_answer,542,36.32,0.8,0.8,1,Sound Reasoning
qwen25_3b,alphabetical_think_answer,527,27.24,0.6,-0.6,0,Coherent Hallucination
qwen25_3b,alphabetical_think_answer,541,36.32,0.8,-0.8,0,Contradictory Reasoning
qwen25_3b,alphabetical_think_answer,544,36.32,0.8,0.8,1,Sound Reasoning
qwen25_3b,alphabetical_think_answer,548,36.32,0.8,0.8,1,Sound Reasoning
qwen25_3b,alphabetical_think_answer,545,36.32,0.8,-0.8,0,Incoherent Hallucination
qwen25_3b,alphabetical_think_answer,537,27.24,0.6,-0.6,0,Coherent Hallucination
qwen25_3b,alphabetical_think_answer,543,36.32,0.8,-0.8,0,Coherent Hallucination
qwen25_3b,alphabetical_think_answer,539,27.24,0.6,-0.6,0,Coherent Hallucination
qwen25_3b,alphabetical_think_answer,540,36.32,0.8,0.8,1,Coherent Hallucination
qwen25_3b,alphabetical_think_answer,535,27.24,0.6,-0.6,0,Coherent Hallucination
qwen25_3b,alphabetical_think_answer,550,36.32,0.8,0.8,1,Sound Reasoning
qwen25_3b,alphabetical_think_answer,538,27.24,0.6,0.6,1,Ambiguous/Mixed
qwen25_3b,alphabetical_think_answer,547,36.32,0.8,-0.8,0,Coherent Hallucination
qwen25_3b,alphabetical_think_answer,551,36.32,0.8,-0.8,0,Coherent Hallucination
qwen25_3b,alphabetical_think_answer,556,36.32,0.8,0.8,1,Sound Reasoning
qwen25_3b,alphabetical_think_answer,554,36.32,0.8,0.8,1,Sound Reasoning
qwen25_3b,alphabetical_think_answer,557,36.32,0.8,-0.8,0,Coherent Hallucination
qwen25_3b,alphabetical_think_answer,549,36.32,0.8,-0.8,0,Coherent Hallucination
qwen25_3b,alphabetical_think_answer,555,36.32,0.8,-0.8,0,Coherent Hallucination
qwen25_3b,alphabetical_think_answer,553,36.32,0.8,-0.8,0,Coherent Hallucination
qwen25_3b,alphabetical_think_answer,558,36.32,0.8,0.8,1,Sound Reasoning
qwen25_3b,alphabetical_think_answer,562,36.32,0.8,0.8,1,Sound Reasoning
qwen25_3b,alphabetical_think_answer,560,36.32,0.8,0.8,1,Coherent Hallucination
qwen25_3b,alphabetical_think_answer,566,36.32,0.8,0.8,1,Ambiguous/Mixed
qwen25_3b,alphabetical_think_answer,561,36.32,0.8,-0.8,0,Coherent Hallucination
qwen25_3b,alphabetical_think_answer,565,36.32,0.8,-0.8,0,Coherent Hallucination
qwen25_3b,alphabetical_think_answer,546,36.32,0.8,0.8,1,Coherent Hallucination
qwen25_3b,alphabetical_think_answer,559,36.32,0.8,-0.8,0,Coherent Hallucination
qwen25_3b,alphabetical_think_answer,563,36.32,0.8,-0.8,0,Coherent Hallucination
qwen25_3b,alphabetical_think_answer,568,36.32,0.8,0.8,1,Sound Reasoning
qwen25_3b,alphabetical_think_answer,567,36.32,0.8,-0.8,0,Coherent Hallucination
qwen25_3b,alphabetical_think_answer,552,36.32,0.8,0.8,1,Sound Reasoning
qwen25_3b,alphabetical_think_answer,575,36.32,0.8,-0.8,0,Coherent Hallucination
qwen25_3b,alphabetical_think_answer,569,36.32,0.8,-0.8,0,Coherent Hallucination
qwen25_3b,alphabetical_think_answer,571,36.32,0.8,-0.8,0,Coherent Hallucination
qwen25_3b,alphabetical_think_answer,564,36.32,0.8,0.8,1,Coherent Hallucination
qwen25_3b,alphabetical_think_answer,574,36.32,0.8,0.8,1,Incoherent Hallucination
qwen25_3b,alphabetical_think_answer,576,36.32,0.8,0.8,1,Sound Reasoning
qwen25_3b,alphabetical_think_answer,570,36.32,0.8,0.8,1,Coherent Hallucination
qwen25_3b,alphabetical_think_answer,578,36.32,0.8,0.8,1,Sound Reasoning
qwen25_3b,alphabetical_think_answer,572,36.32,0.8,-0.8,0,Coherent Hallucination
qwen25_3b,alphabetical_think_answer,582,36.32,0.8,0.8,1,Sound Reasoning
qwen25_3b,alphabetical_think_answer,577,36.32,0.8,-0.8,0,Coherent Hallucination
qwen25_3b,alphabetical_think_answer,573,36.32,0.8,0.8,1,Coherent Hallucination
qwen25_3b,alphabetical_think_answer,580,36.32,0.8,0.8,1,Sound Reasoning
qwen25_3b,alphabetical_think_answer,579,36.32,0.8,-0.8,0,Coherent Hallucination
qwen25_3b,alphabetical_think_answer,584,36.32,0.8,0.8,1,Sound Reasoning
qwen25_3b,alphabetical_think_answer,583,36.32,0.8,-0.8,0,Coherent Hallucination
qwen25_3b,alphabetical_think_answer,588,36.32,0.8,0.8,1,Sound Reasoning
qwen25_3b,alphabetical_think_answer,604,45.4,1.0,1.0,0,Ambiguous/Mixed
qwen25_3b,alphabetical_think_answer,586,36.32,0.8,0.8,1,Coherent Hallucination
qwen25_3b,alphabetical_think_answer,591,36.32,0.8,-0.8,0,Coherent Hallucination
qwen25_3b,alphabetical_think_answer,581,36.32,0.8,-0.8,0,Coherent Hallucination
qwen25_3b,alphabetical_think_answer,590,36.32,0.8,0.8,1,Sound Reasoning
qwen25_3b,alphabetical_think_answer,594,36.32,0.8,0.8,1,Sound Reasoning
qwen25_3b,alphabetical_think_answer,592,36.32,0.8,0.8,1,Sound Reasoning
qwen25_3b,alphabetical_think_answer,585,36.32,0.8,-0.8,0,Coherent Hallucination
qwen25_3b,alphabetical_think_answer,598,36.32,0.8,0.8,1,Sound Reasoning
qwen25_3b,alphabetical_think_answer,596,36.32,0.8,0.8,1,Sound Reasoning
qwen25_3b,alphabetical_think_answer,595,36.32,0.8,-0.8,0,Coherent Hallucination
qwen25_3b,alphabetical_think_answer,589,36.32,0.8,-0.8,0,Coherent Hallucination
qwen25_3b,alphabetical_think_answer,602,45.4,1.0,1.0,1,Sound Reasoning
qwen25_3b,alphabetical_think_answer,593,36.32,0.8,-0.8,0,Coherent Hallucination
qwen25_3b,alphabetical_think_answer,601,45.4,1.0,-1.0,0,Contradictory Reasoning
qwen25_3b,alphabetical_think_answer,597,36.32,0.8,-0.8,0,Ambiguous/Mixed
qwen25_3b,alphabetical_think_answer,606,45.4,1.0,1.0,1,Sound Reasoning
qwen25_3b,alphabetical_think_answer,587,36.32,0.8,-0.8,0,Coherent Hallucination
qwen25_3b,alphabetical_think_answer,605,45.4,1.0,-1.0,0,Coherent Hallucination
qwen25_3b,alphabetical_think_answer,603,45.4,1.0,-1.0,0,Coherent Hallucination
qwen25_3b,alphabetical_think_answer,607,45.4,1.0,-1.0,0,Coherent Hallucination
qwen25_3b,alphabetical_think_answer,610,45.4,1.0,1.0,1,Coherent Hallucination
qwen25_3b,alphabetical_think_answer,599,36.32,0.8,-0.8,0,Coherent Hallucination
qwen25_3b,alphabetical_think_answer,600,45.4,1.0,1.0,1,Coherent Hallucination
qwen25_3b,alphabetical_think_answer,613,45.4,1.0,-1.0,0,Coherent Hallucination
qwen25_3b,alphabetical_think_answer,608,45.4,1.0,1.0,1,Ambiguous/Mixed
qwen25_3b,alphabetical_think_answer,609,45.4,1.0,-1.0,0,Coherent Hallucination
qwen25_3b,alphabetical_think_answer,615,45.4,1.0,-1.0,0,Ambiguous/Mixed
qwen25_3b,alphabetical_think_answer,620,45.4,1.0,1.0,1,Sound Reasoning
qwen25_3b,alphabetical_think_answer,614,45.4,1.0,1.0,1,Sound Reasoning
qwen25_3b,alphabetical_think_answer,611,45.4,1.0,-1.0,0,Incoherent Hallucination
qwen25_3b,alphabetical_think_answer,617,45.4,1.0,-1.0,0,Coherent Hallucination
qwen25_3b,alphabetical_think_answer,612,45.4,1.0,1.0,1,Coherent Hallucination
qwen25_3b,alphabetical_think_answer,619,45.4,1.0,-1.0,0,Coherent Hallucination
qwen25_3b,alphabetical_think_answer,623,45.4,1.0,-1.0,0,Coherent Hallucination
qwen25_3b,alphabetical_think_answer,622,45.4,1.0,1.0,1,Sound Reasoning
qwen25_3b,alphabetical_think_answer,624,45.4,1.0,1.0,1,Sound Reasoning
qwen25_3b,alphabetical_think_answer,621,45.4,1.0,-1.0,0,Coherent Hallucination
qwen25_3b,alphabetical_think_answer,628,45.4,1.0,1.0,1,Sound Reasoning
qwen25_3b,alphabetical_think_answer,616,45.4,1.0,1.0,1,Sound Reasoning
qwen25_3b,alphabetical_think_answer,626,45.4,1.0,1.0,1,Ambiguous/Mixed
qwen25_3b,alphabetical_think_answer,629,45.4,1.0,-1.0,0,Coherent Hallucination
qwen25_3b,alphabetical_think_answer,630,45.4,1.0,1.0,1,Coherent Hallucination
qwen25_3b,alphabetical_think_answer,627,45.4,1.0,-1.0,0,Coherent Hallucination
qwen25_3b,alphabetical_think_answer,648,45.4,1.0,1.0,0,Ambiguous/Mixed
qwen25_3b,alphabetical_think_answer,649,45.4,1.0,-1.0,0,Ambiguous/Mixed
qwen25_3b,alphabetical_think_answer,618,45.4,1.0,1.0,1,Ambiguous/Mixed
qwen25_3b,alphabetical_think_answer,632,45.4,1.0,-1.0,0,Coherent Hallucination
qwen25_3b,alphabetical_think_answer,635,45.4,1.0,-1.0,0,Coherent Hallucination
qwen25_3b,alphabetical_think_answer,634,45.4,1.0,1.0,1,Sound Reasoning
qwen25_3b,alphabetical_think_answer,633,45.4,1.0,1.0,1,Sound Reasoning
qwen25_3b,alphabetical_think_answer,642,45.4,1.0,1.0,1,Sound Reasoning
qwen25_3b,alphabetical_think_answer,636,45.4,1.0,1.0,1,Coherent Hallucination
qwen25_3b,alphabetical_think_answer,625,45.4,1.0,-1.0,0,Coherent Hallucination
qwen25_3b,alphabetical_think_answer,658,45.4,1.0,1.0,0,Ambiguous/Mixed
qwen25_3b,alphabetical_think_answer,631,45.4,1.0,-1.0,0,Coherent Hallucination
qwen25_3b,alphabetical_think_answer,644,45.4,1.0,1.0,1,Sound Reasoning
qwen25_3b,alphabetical_think_answer,637,45.4,1.0,-1.0,0,Coherent Hallucination
qwen25_3b,alphabetical_think_answer,638,45.4,1.0,1.0,1,Sound Reasoning
qwen25_3b,alphabetical_think_answer,643,45.4,1.0,-1.0,0,Incoherent Hallucination
qwen25_3b,alphabetical_think_answer,640,45.4,1.0,1.0,1,Incoherent Hallucination
qwen25_3b,alphabetical_think_answer,639,45.4,1.0,-1.0,0,Incoherent Hallucination
qwen25_3b,alphabetical_think_answer,647,45.4,1.0,-1.0,0,Coherent Hallucination
qwen25_3b,alphabetical_think_answer,650,45.4,1.0,1.0,1,Sound Reasoning
qwen25_3b,alphabetical_think_answer,646,45.4,1.0,1.0,1,Coherent Hallucination
qwen25_3b,alphabetical_think_answer,641,45.4,1.0,-1.0,0,Coherent Hallucination
qwen25_3b,alphabetical_think_answer,651,45.4,1.0,-1.0,0,Coherent Hallucination
qwen25_3b,alphabetical_think_answer,652,45.4,1.0,1.0,1,Sound Reasoning
qwen25_3b,alphabetical_think_answer,656,45.4,1.0,1.0,1,Sound Reasoning
qwen25_3b,alphabetical_think_answer,645,45.4,1.0,-1.0,0,Coherent Hallucination
qwen25_3b,alphabetical_think_answer,653,45.4,1.0,-1.0,0,Coherent Hallucination
qwen25_3b,alphabetical_think_answer,655,45.4,1.0,-1.0,0,Coherent Hallucination
qwen25_3b,alphabetical_think_answer,659,45.4,1.0,-1.0,0,Coherent Hallucination
qwen25_3b,alphabetical_think_answer,657,45.4,1.0,-1.0,0,Coherent Hallucination
qwen25_3b,alphabetical_think_answer,654,45.4,1.0,1.0,1,Sound Reasoning
qwen25_3b,alphabetical_answer_think,1,-17.9,-1.0,1.0,1,Sound Reasoning
qwen25_3b,alphabetical_answer_think,13,-17.9,-1.0,1.0,1,Coherent Hallucination
qwen25_3b,alphabetical_answer_think,8,-17.9,-1.0,-1.0,0,Coherent Hallucination
qwen25_3b,alphabetical_answer_think,5,-17.9,-1.0,1.0,1,Sound Reasoning
qwen25_3b,alphabetical_answer_think,6,-17.9,-1.0,-1.0,0,Coherent Hallucination
qwen25_3b,alphabetical_answer_think,11,-17.9,-1.0,1.0,1,Sound Reasoning
qwen25_3b,alphabetical_answer_think,17,-17.9,-1.0,1.0,1,Incoherent Hallucination
qwen25_3b,alphabetical_answer_think,9,-17.9,-1.0,1.0,1,Sound Reasoning
qwen25_3b,alphabetical_answer_think,2,-17.9,-1.0,-1.0,0,Contradictory Reasoning
qwen25_3b,alphabetical_answer_think,18,-17.9,-1.0,-1.0,0,Sound Reasoning
qwen25_3b,alphabetical_answer_think,4,-17.9,-1.0,-1.0,0,Incoherent Hallucination
qwen25_3b,alphabetical_answer_think,10,-17.9,-1.0,-1.0,0,Coherent Hallucination
qwen25_3b,alphabetical_answer_think,3,-17.9,-1.0,1.0,1,Sound Reasoning
qwen25_3b,alphabetical_answer_think,19,-17.9,-1.0,1.0,1,Sound Reasoning
qwen25_3b,alphabetical_answer_think,15,-17.9,-1.0,1.0,1,Sound Reasoning
qwen25_3b,alphabetical_answer_think,12,-17.9,-1.0,-1.0,0,Sound Reasoning
qwen25_3b,alphabetical_answer_think,14,-17.9,-1.0,-1.0,0,Contradictory Reasoning
qwen25_3b,alphabetical_answer_think,0,-17.9,-1.0,-1.0,0,Coherent Hallucination
qwen25_3b,alphabetical_answer_think,7,-17.9,-1.0,1.0,1,Coherent Hallucination
qwen25_3b,alphabetical_answer_think,16,-17.9,-1.0,-1.0,0,Coherent Hallucination
qwen25_3b,alphabetical_answer_think,25,-17.9,-1.0,1.0,1,Coherent Hallucination
qwen25_3b,alphabetical_answer_think,20,-17.9,-1.0,-1.0,0,Coherent Hallucination
qwen25_3b,alphabetical_answer_think,23,-17.9,-1.0,1.0,1,Sound Reasoning
qwen25_3b,alphabetical_answer_think,29,-17.9,-1.0,1.0,1,Incoherent Hallucination
qwen25_3b,alphabetical_answer_think,21,-17.9,-1.0,1.0,1,Sound Reasoning
qwen25_3b,alphabetical_answer_think,27,-17.9,-1.0,1.0,1,Sound Reasoning
qwen25_3b,alphabetical_answer_think,33,-17.9,-1.0,-1.0,0,Coherent Hallucination
qwen25_3b,alphabetical_answer_think,28,-17.9,-1.0,-1.0,0,Coherent Hallucination
qwen25_3b,alphabetical_answer_think,22,-17.9,-1.0,-1.0,0,Contradictory Reasoning
qwen25_3b,alphabetical_answer_think,30,-17.9,-1.0,-1.0,0,Sound Reasoning
qwen25_3b,alphabetical_answer_think,26,-17.9,-1.0,-1.0,0,Contradictory Reasoning
qwen25_3b,alphabetical_answer_think,37,-17.9,-1.0,1.0,1,Coherent Hallucination
qwen25_3b,alphabetical_answer_think,31,-17.9,-1.0,1.0,1,Sound Reasoning
qwen25_3b,alphabetical_answer_think,32,-17.9,-1.0,1.0,1,Coherent Hallucination
qwen25_3b,alphabetical_answer_think,34,-17.9,-1.0,-1.0,0,Sound Reasoning
qwen25_3b,alphabetical_answer_think,35,-17.9,-1.0,1.0,1,Sound Reasoning
qwen25_3b,alphabetical_answer_think,24,-17.9,-1.0,-1.0,0,Coherent Hallucination
qwen25_3b,alphabetical_answer_think,39,-17.9,-1.0,1.0,1,Coherent Hallucination
qwen25_3b,alphabetical_answer_think,36,-17.9,-1.0,-1.0,0,Sound Reasoning
qwen25_3b,alphabetical_answer_think,38,-17.9,-1.0,-1.0,0,Contradictory Reasoning
qwen25_3b,alphabetical_answer_think,44,-17.9,-1.0,-1.0,0,Ambiguous/Mixed
qwen25_3b,alphabetical_answer_think,45,-17.9,-1.0,1.0,1,Coherent Hallucination
qwen25_3b,alphabetical_answer_think,43,-17.9,-1.0,1.0,1,Coherent Hallucination
qwen25_3b,alphabetical_answer_think,46,-17.9,-1.0,-1.0,0,Coherent Hallucination
qwen25_3b,alphabetical_answer_think,41,-17.9,-1.0,1.0,1,Sound Reasoning
qwen25_3b,alphabetical_answer_think,40,-17.9,-1.0,-1.0,0,Coherent Hallucination
qwen25_3b,alphabetical_answer_think,42,-17.9,-1.0,-1.0,0,Sound Reasoning
qwen25_3b,alphabetical_answer_think,51,-17.9,-1.0,1.0,1,Coherent Hallucination
qwen25_3b,alphabetical_answer_think,52,-17.9,-1.0,-1.0,0,Contradictory Reasoning
qwen25_3b,alphabetical_answer_think,49,-17.9,-1.0,1.0,1,Incoherent Hallucination
qwen25_3b,alphabetical_answer_think,53,-17.9,-1.0,1.0,1,Coherent Hallucination
qwen25_3b,alphabetical_answer_think,50,-17.9,-1.0,-1.0,0,Contradictory Reasoning
qwen25_3b,alphabetical_answer_think,48,-17.9,-1.0,-1.0,0,Contradictory Reasoning
qwen25_3b,alphabetical_answer_think,57,-17.9,-1.0,1.0,1,Sound Reasoning
qwen25_3b,alphabetical_answer_think,47,-17.9,-1.0,1.0,1,Coherent Hallucination
qwen25_3b,alphabetical_answer_think,55,-17.9,-1.0,1.0,1,Coherent Hallucination
qwen25_3b,alphabetical_answer_think,56,-17.9,-1.0,-1.0,0,Sound Reasoning
qwen25_3b,alphabetical_answer_think,61,-14.32,-0.8,0.8,1,Sound Reasoning
qwen25_3b,alphabetical_answer_think,58,-17.9,-1.0,-1.0,0,Coherent Hallucination
qwen25_3b,alphabetical_answer_think,54,-17.9,-1.0,-1.0,0,Contradictory Reasoning
qwen25_3b,alphabetical_answer_think,63,-14.32,-0.8,0.8,1,Sound Reasoning
qwen25_3b,alphabetical_answer_think,59,-17.9,-1.0,1.0,1,Sound Reasoning
qwen25_3b,alphabetical_answer_think,60,-14.32,-0.8,-0.8,0,Coherent Hallucination
qwen25_3b,alphabetical_answer_think,64,-14.32,-0.8,-0.8,0,Coherent Hallucination
qwen25_3b,alphabetical_answer_think,69,-14.32,-0.8,0.8,1,Sound Reasoning
qwen25_3b,alphabetical_answer_think,62,-14.32,-0.8,-0.8,0,Ambiguous/Mixed
qwen25_3b,alphabetical_answer_think,66,-14.32,-0.8,-0.8,0,Coherent Hallucination
qwen25_3b,alphabetical_answer_think,65,-14.32,-0.8,0.8,1,Sound Reasoning
qwen25_3b,alphabetical_answer_think,70,-14.32,-0.8,-0.8,0,Sound Reasoning
qwen25_3b,alphabetical_answer_think,68,-14.32,-0.8,-0.8,0,Contradictory Reasoning
qwen25_3b,alphabetical_answer_think,67,-14.32,-0.8,0.8,1,Coherent Hallucination
qwen25_3b,alphabetical_answer_think,71,-14.32,-0.8,0.8,1,Sound Reasoning
qwen25_3b,alphabetical_answer_think,74,-14.32,-0.8,-0.8,0,Incoherent Hallucination
qwen25_3b,alphabetical_answer_think,75,-14.32,-0.8,0.8,1,Sound Reasoning
qwen25_3b,alphabetical_answer_think,76,-14.32,-0.8,-0.8,0,Sound Reasoning
qwen25_3b,alphabetical_answer_think,73,-14.32,-0.8,0.8,1,Coherent Hallucination
qwen25_3b,alphabetical_answer_think,80,-14.32,-0.8,-0.8,0,Coherent Hallucination
qwen25_3b,alphabetical_answer_think,83,-14.32,-0.8,0.8,1,Coherent Hallucination
qwen25_3b,alphabetical_answer_think,72,-14.32,-0.8,-0.8,0,Contradictory Reasoning
qwen25_3b,alphabetical_answer_think,79,-14.32,-0.8,0.8,1,Coherent Hallucination
qwen25_3b,alphabetical_answer_think,82,-14.32,-0.8,-0.8,0,Coherent Hallucination
qwen25_3b,alphabetical_answer_think,77,-14.32,-0.8,0.8,1,Sound Reasoning
qwen25_3b,alphabetical_answer_think,85,-14.32,-0.8,0.8,1,Sound Reasoning
qwen25_3b,alphabetical_answer_think,86,-14.32,-0.8,-0.8,0,Contradictory Reasoning
qwen25_3b,alphabetical_answer_think,87,-14.32,-0.8,0.8,1,Sound Reasoning
qwen25_3b,alphabetical_answer_think,89,-14.32,-0.8,0.8,1,Coherent Hallucination
qwen25_3b,alphabetical_answer_think,81,-14.32,-0.8,0.8,1,Sound Reasoning
qwen25_3b,alphabetical_answer_think,90,-14.32,-0.8,-0.8,0,Coherent Hallucination
qwen25_3b,alphabetical_answer_think,92,-14.32,-0.8,0.8,1,Coherent Hallucination
qwen25_3b,alphabetical_answer_think,91,-14.32,-0.8,0.8,1,Sound Reasoning
qwen25_3b,alphabetical_answer_think,78,-14.32,-0.8,-0.8,0,Incoherent Hallucination
qwen25_3b,alphabetical_answer_think,88,-14.32,-0.8,-0.8,0,Coherent Hallucination
qwen25_3b,alphabetical_answer_think,94,-14.32,-0.8,-0.8,0,Sound Reasoning
qwen25_3b,alphabetical_answer_think,99,-14.32,-0.8,0.8,1,Sound Reasoning
qwen25_3b,alphabetical_answer_think,97,-14.32,-0.8,0.8,1,Sound Reasoning
qwen25_3b,alphabetical_answer_think,93,-14.32,-0.8,-0.8,0,Coherent Hallucination
qwen25_3b,alphabetical_answer_think,84,-14.32,-0.8,-0.8,0,Coherent Hallucination
qwen25_3b,alphabetical_answer_think,95,-14.32,-0.8,0.8,1,Coherent Hallucination
qwen25_3b,alphabetical_answer_think,101,-14.32,-0.8,0.8,1,Sound Reasoning
qwen25_3b,alphabetical_answer_think,98,-14.32,-0.8,-0.8,0,Sound Reasoning
qwen25_3b,alphabetical_answer_think,96,-14.32,-0.8,-0.8,0,Sound Reasoning
qwen25_3b,alphabetical_answer_think,103,-14.32,-0.8,0.8,1,Coherent Hallucination
qwen25_3b,alphabetical_answer_think,107,-14.32,-0.8,0.8,1,Coherent Hallucination
qwen25_3b,alphabetical_answer_think,104,-14.32,-0.8,-0.8,0,Coherent Hallucination
qwen25_3b,alphabetical_answer_think,106,-14.32,-0.8,-0.8,0,Coherent Hallucination
qwen25_3b,alphabetical_answer_think,102,-14.32,-0.8,-0.8,0,Coherent Hallucination
qwen25_3b,alphabetical_answer_think,100,-14.32,-0.8,-0.8,0,Coherent Hallucination
qwen25_3b,alphabetical_answer_think,105,-14.32,-0.8,0.8,1,Sound Reasoning
qwen25_3b,alphabetical_answer_think,111,-14.32,-0.8,0.8,1,Coherent Hallucination
qwen25_3b,alphabetical_answer_think,115,-14.32,-0.8,0.8,1,Coherent Hallucination
qwen25_3b,alphabetical_answer_think,110,-14.32,-0.8,-0.8,0,Contradictory Reasoning
qwen25_3b,alphabetical_answer_think,112,-14.32,-0.8,-0.8,0,Sound Reasoning
qwen25_3b,alphabetical_answer_think,116,-14.32,-0.8,-0.8,0,Contradictory Reasoning
qwen25_3b,alphabetical_answer_think,108,-14.32,-0.8,-0.8,0,Coherent Hallucination
qwen25_3b,alphabetical_answer_think,109,-14.32,-0.8,0.8,1,Coherent Hallucination
qwen25_3b,alphabetical_answer_think,114,-14.32,-0.8,-0.8,0,Sound Reasoning
qwen25_3b,alphabetical_answer_think,123,-10.74,-0.6,0.6,1,Sound Reasoning
qwen25_3b,alphabetical_answer_think,119,-14.32,-0.8,0.8,1,Coherent Hallucination
qwen25_3b,alphabetical_answer_think,121,-10.74,-0.6,0.6,1,Sound Reasoning
qwen25_3b,alphabetical_answer_think,117,-14.32,-0.8,0.8,1,Sound Reasoning
qwen25_3b,alphabetical_answer_think,122,-10.74,-0.6,-0.6,0,Incoherent Hallucination
qwen25_3b,alphabetical_answer_think,118,-14.32,-0.8,-0.8,0,Coherent Hallucination
qwen25_3b,alphabetical_answer_think,124,-10.74,-0.6,-0.6,0,Contradictory Reasoning
qwen25_3b,alphabetical_answer_think,126,-10.74,-0.6,-0.6,0,Contradictory Reasoning
qwen25_3b,alphabetical_answer_think,120,-10.74,-0.6,-0.6,0,Contradictory Reasoning
qwen25_3b,alphabetical_answer_think,129,-10.74,-0.6,0.6,1,Sound Reasoning
qwen25_3b,alphabetical_answer_think,128,-10.74,-0.6,-0.6,0,Coherent Hallucination
qwen25_3b,alphabetical_answer_think,133,-10.74,-0.6,0.6,1,Coherent Hallucination
qwen25_3b,alphabetical_answer_think,125,-10.74,-0.6,0.6,1,Sound Reasoning
qwen25_3b,alphabetical_answer_think,113,-14.32,-0.8,0.8,1,Coherent Hallucination
qwen25_3b,alphabetical_answer_think,135,-10.74,-0.6,0.6,1,Sound Reasoning
qwen25_3b,alphabetical_answer_think,141,-10.74,-0.6,0.6,1,Coherent Hallucination
qwen25_3b,alphabetical_answer_think,127,-10.74,-0.6,0.6,1,Coherent Hallucination
qwen25_3b,alphabetical_answer_think,142,-10.74,-0.6,-0.6,0,Contradictory Reasoning
qwen25_3b,alphabetical_answer_think,131,-10.74,-0.6,0.6,1,Sound Reasoning
qwen25_3b,alphabetical_answer_think,139,-10.74,-0.6,0.6,1,Sound Reasoning
qwen25_3b,alphabetical_answer_think,132,-10.74,-0.6,-0.6,0,Incoherent Hallucination
qwen25_3b,alphabetical_answer_think,140,-10.74,-0.6,-0.6,0,Coherent Hallucination
qwen25_3b,alphabetical_answer_think,130,-10.74,-0.6,-0.6,0,Coherent Hallucination
qwen25_3b,alphabetical_answer_think,136,-10.74,-0.6,-0.6,0,Incoherent Hallucination
qwen25_3b,alphabetical_answer_think,138,-10.74,-0.6,-0.6,0,Contradictory Reasoning
qwen25_3b,alphabetical_answer_think,145,-10.74,-0.6,0.6,1,Coherent Hallucination
qwen25_3b,alphabetical_answer_think,134,-10.74,-0.6,-0.6,0,Incoherent Hallucination
qwen25_3b,alphabetical_answer_think,137,-10.74,-0.6,0.6,1,Sound Reasoning
qwen25_3b,alphabetical_answer_think,146,-10.74,-0.6,-0.6,0,Coherent Hallucination
qwen25_3b,alphabetical_answer_think,147,-10.74,-0.6,0.6,1,Sound Reasoning
qwen25_3b,alphabetical_answer_think,143,-10.74,-0.6,0.6,1,Coherent Hallucination
qwen25_3b,alphabetical_answer_think,144,-10.74,-0.6,-0.6,0,Coherent Hallucination
qwen25_3b,alphabetical_answer_think,151,-10.74,-0.6,0.6,1,Sound Reasoning
qwen25_3b,alphabetical_answer_think,152,-10.74,-0.6,0.6,1,Coherent Hallucination
qwen25_3b,alphabetical_answer_think,148,-10.74,-0.6,-0.6,0,Coherent Hallucination
qwen25_3b,alphabetical_answer_think,155,-10.74,-0.6,0.6,1,Sound Reasoning
qwen25_3b,alphabetical_answer_think,156,-10.74,-0.6,-0.6,0,Coherent Hallucination
qwen25_3b,alphabetical_answer_think,149,-10.74,-0.6,0.6,1,Coherent Hallucination
qwen25_3b,alphabetical_answer_think,163,-10.74,-0.6,0.6,1,Coherent Hallucination
qwen25_3b,alphabetical_answer_think,162,-10.74,-0.6,-0.6,0,Sound Reasoning
qwen25_3b,alphabetical_answer_think,157,-10.74,-0.6,0.6,1,Sound Reasoning
qwen25_3b,alphabetical_answer_think,159,-10.74,-0.6,0.6,1,Sound Reasoning
qwen25_3b,alphabetical_answer_think,161,-10.74,-0.6,0.6,1,Coherent Hallucination
qwen25_3b,alphabetical_answer_think,158,-10.74,-0.6,-0.6,0,Coherent Hallucination
qwen25_3b,alphabetical_answer_think,150,-10.74,-0.6,-0.6,0,Coherent Hallucination
qwen25_3b,alphabetical_answer_think,164,-10.74,-0.6,-0.6,0,Coherent Hallucination
qwen25_3b,alphabetical_answer_think,165,-10.74,-0.6,0.6,1,Sound Reasoning
qwen25_3b,alphabetical_answer_think,160,-10.74,-0.6,-0.6,0,Sound Reasoning
qwen25_3b,alphabetical_answer_think,154,-10.74,-0.6,-0.6,0,Coherent Hallucination
qwen25_3b,alphabetical_answer_think,166,-10.74,-0.6,-0.6,0,Coherent Hallucination
qwen25_3b,alphabetical_answer_think,167,-10.74,-0.6,0.6,1,Coherent Hallucination
qwen25_3b,alphabetical_answer_think,169,-10.74,-0.6,0.6,1,Incoherent Hallucination
qwen25_3b,alphabetical_answer_think,168,-10.74,-0.6,-0.6,0,Sound Reasoning
qwen25_3b,alphabetical_answer_think,153,-10.74,-0.6,-0.6,0,Coherent Hallucination
qwen25_3b,alphabetical_answer_think,171,-10.74,-0.6,0.6,1,Coherent Hallucination
qwen25_3b,alphabetical_answer_think,172,-10.74,-0.6,-0.6,0,Contradictory Reasoning
qwen25_3b,alphabetical_answer_think,175,-10.74,-0.6,0.6,1,Coherent Hallucination
qwen25_3b,alphabetical_answer_think,179,-10.74,-0.6,0.6,1,Sound Reasoning
qwen25_3b,alphabetical_answer_think,174,-10.74,-0.6,-0.6,0,Sound Reasoning
qwen25_3b,alphabetical_answer_think,170,-10.74,-0.6,-0.6,0,Coherent Hallucination
qwen25_3b,alphabetical_answer_think,177,-10.74,-0.6,0.6,1,Sound Reasoning
qwen25_3b,alphabetical_answer_think,173,-10.74,-0.6,0.6,1,Incoherent Hallucination
qwen25_3b,alphabetical_answer_think,180,-7.16,-0.4,-0.4,1,Sound Reasoning
qwen25_3b,alphabetical_answer_think,178,-10.74,-0.6,-0.6,0,Coherent Hallucination
qwen25_3b,alphabetical_answer_think,176,-10.74,-0.6,-0.6,0,Coherent Hallucination
qwen25_3b,alphabetical_answer_think,183,-7.16,-0.4,0.4,1,Sound Reasoning
qwen25_3b,alphabetical_answer_think,181,-7.16,-0.4,0.4,1,Sound Reasoning
qwen25_3b,alphabetical_answer_think,185,-7.16,-0.4,0.4,1,Sound Reasoning
qwen25_3b,alphabetical_answer_think,184,-7.16,-0.4,-0.4,0,Coherent Hallucination
qwen25_3b,alphabetical_answer_think,191,-7.16,-0.4,0.4,1,Sound Reasoning
qwen25_3b,alphabetical_answer_think,190,-7.16,-0.4,-0.4,0,Incoherent Hallucination
qwen25_3b,alphabetical_answer_think,187,-7.16,-0.4,0.4,1,Coherent Hallucination
qwen25_3b,alphabetical_answer_think,189,-7.16,-0.4,0.4,1,Coherent Hallucination
qwen25_3b,alphabetical_answer_think,182,-7.16,-0.4,-0.4,0,Contradictory Reasoning
qwen25_3b,alphabetical_answer_think,188,-7.16,-0.4,-0.4,0,Incoherent Hallucination
qwen25_3b,alphabetical_answer_think,186,-7.16,-0.4,-0.4,0,Incoherent Hallucination
qwen25_3b,alphabetical_answer_think,194,-7.16,-0.4,-0.4,0,Coherent Hallucination
qwen25_3b,alphabetical_answer_think,192,-7.16,-0.4,-0.4,0,Incoherent Hallucination
qwen25_3b,alphabetical_answer_think,196,-7.16,-0.4,-0.4,0,Coherent Hallucination
qwen25_3b,alphabetical_answer_think,193,-7.16,-0.4,0.4,1,Incoherent Hallucination
qwen25_3b,alphabetical_answer_think,198,-7.16,-0.4,-0.4,0,Sound Reasoning
qwen25_3b,alphabetical_answer_think,195,-7.16,-0.4,0.4,1,Sound Reasoning
qwen25_3b,alphabetical_answer_think,197,-7.16,-0.4,0.4,1,Sound Reasoning
qwen25_3b,alphabetical_answer_think,201,-7.16,-0.4,0.4,1,Incoherent Hallucination
qwen25_3b,alphabetical_answer_think,203,-7.16,-0.4,0.4,1,Sound Reasoning
qwen25_3b,alphabetical_answer_think,200,-7.16,-0.4,-0.4,0,Contradictory Reasoning
qwen25_3b,alphabetical_answer_think,205,-7.16,-0.4,0.4,1,Sound Reasoning
qwen25_3b,alphabetical_answer_think,199,-7.16,-0.4,0.4,1,Sound Reasoning
qwen25_3b,alphabetical_answer_think,206,-7.16,-0.4,-0.4,0,Contradictory Reasoning
qwen25_3b,alphabetical_answer_think,209,-7.16,-0.4,0.4,1,Incoherent Hallucination
qwen25_3b,alphabetical_answer_think,211,-7.16,-0.4,0.4,1,Sound Reasoning
qwen25_3b,alphabetical_answer_think,202,-7.16,-0.4,-0.4,0,Contradictory Reasoning
qwen25_3b,alphabetical_answer_think,204,-7.16,-0.4,-0.4,0,Coherent Hallucination
qwen25_3b,alphabetical_answer_think,210,-7.16,-0.4,-0.4,0,Sound Reasoning
qwen25_3b,alphabetical_answer_think,207,-7.16,-0.4,0.4,1,Sound Reasoning
qwen25_3b,alphabetical_answer_think,208,-7.16,-0.4,-0.4,0,Contradictory Reasoning
qwen25_3b,alphabetical_answer_think,212,-7.16,-0.4,0.4,1,Coherent Hallucination
qwen25_3b,alphabetical_answer_think,215,-7.16,-0.4,0.4,1,Incoherent Hallucination
qwen25_3b,alphabetical_answer_think,213,-7.16,-0.4,-0.4,0,Sound Reasoning
qwen25_3b,alphabetical_answer_think,216,-7.16,-0.4,-0.4,0,Sound Reasoning
qwen25_3b,alphabetical_answer_think,223,-7.16,-0.4,0.4,1,Coherent Hallucination
qwen25_3b,alphabetical_answer_think,222,-7.16,-0.4,-0.4,0,Contradictory Reasoning
qwen25_3b,alphabetical_answer_think,214,-7.16,-0.4,-0.4,0,Contradictory Reasoning
qwen25_3b,alphabetical_answer_think,218,-7.16,-0.4,-0.4,0,Contradictory Reasoning
qwen25_3b,alphabetical_answer_think,219,-7.16,-0.4,0.4,1,Sound Reasoning
qwen25_3b,alphabetical_answer_think,217,-7.16,-0.4,0.4,1,Sound Reasoning
qwen25_3b,alphabetical_answer_think,227,-7.16,-0.4,0.4,1,Coherent Hallucination
qwen25_3b,alphabetical_answer_think,220,-7.16,-0.4,-0.4,0,Sound Reasoning
qwen25_3b,alphabetical_answer_think,224,-7.16,-0.4,-0.4,0,Contradictory Reasoning
qwen25_3b,alphabetical_answer_think,225,-7.16,-0.4,0.4,1,Incoherent Hallucination
qwen25_3b,alphabetical_answer_think,226,-7.16,-0.4,-0.4,0,Coherent Hallucination
qwen25_3b,alphabetical_answer_think,221,-7.16,-0.4,0.4,1,Incoherent Hallucination
qwen25_3b,alphabetical_answer_think,228,-7.16,-0.4,-0.4,0,Contradictory Reasoning
qwen25_3b,alphabetical_answer_think,229,-7.16,-0.4,0.4,1,Coherent Hallucination
qwen25_3b,alphabetical_answer_think,231,-7.16,-0.4,0.4,1,Sound Reasoning
qwen25_3b,alphabetical_answer_think,232,-7.16,-0.4,-0.4,0,Coherent Hallucination
qwen25_3b,alphabetical_answer_think,234,-7.16,-0.4,-0.4,0,Coherent Hallucination
qwen25_3b,alphabetical_answer_think,235,-7.16,-0.4,0.4,1,Sound Reasoning
qwen25_3b,alphabetical_answer_think,230,-7.16,-0.4,-0.4,0,Coherent Hallucination
qwen25_3b,alphabetical_answer_think,236,-7.16,-0.4,-0.4,0,Contradictory Reasoning
qwen25_3b,alphabetical_answer_think,233,-7.16,-0.4,0.4,1,Coherent Hallucination
qwen25_3b,alphabetical_answer_think,237,-7.16,-0.4,0.4,1,Coherent Hallucination
qwen25_3b,alphabetical_answer_think,242,-3.58,-0.2,-0.2,1,Sound Reasoning
qwen25_3b,alphabetical_answer_think,246,-3.58,-0.2,-0.2,1,Sound Reasoning
qwen25_3b,alphabetical_answer_think,241,-3.58,-0.2,0.2,1,Incoherent Hallucination
qwen25_3b,alphabetical_answer_think,239,-7.16,-0.4,0.4,1,Sound Reasoning
qwen25_3b,alphabetical_answer_think,238,-7.16,-0.4,-0.4,0,Contradictory Reasoning
qwen25_3b,alphabetical_answer_think,247,-3.58,-0.2,0.2,1,Coherent Hallucination
qwen25_3b,alphabetical_answer_think,250,-3.58,-0.2,-0.2,1,Sound Reasoning
qwen25_3b,alphabetical_answer_think,245,-3.58,-0.2,0.2,1,Sound Reasoning
qwen25_3b,alphabetical_answer_think,249,-3.58,-0.2,0.2,0,Coherent Hallucination
qwen25_3b,alphabetical_answer_think,240,-3.58,-0.2,-0.2,1,Sound Reasoning
qwen25_3b,alphabetical_answer_think,243,-3.58,-0.2,0.2,1,Sound Reasoning
qwen25_3b,alphabetical_answer_think,251,-3.58,-0.2,0.2,0,Coherent Hallucination
qwen25_3b,alphabetical_answer_think,244,-3.58,-0.2,-0.2,1,Sound Reasoning
qwen25_3b,alphabetical_answer_think,248,-3.58,-0.2,-0.2,0,Coherent Hallucination
qwen25_3b,alphabetical_answer_think,252,-3.58,-0.2,-0.2,0,Coherent Hallucination
qwen25_3b,alphabetical_answer_think,254,-3.58,-0.2,-0.2,1,Sound Reasoning
qwen25_3b,alphabetical_answer_think,257,-3.58,-0.2,0.2,0,Incoherent Hallucination
qwen25_3b,alphabetical_answer_think,258,-3.58,-0.2,-0.2,0,Contradictory Reasoning
qwen25_3b,alphabetical_answer_think,255,-3.58,-0.2,0.2,1,Sound Reasoning
qwen25_3b,alphabetical_answer_think,261,-3.58,-0.2,0.2,0,Coherent Hallucination
qwen25_3b,alphabetical_answer_think,253,-3.58,-0.2,0.2,1,Contradictory Reasoning
qwen25_3b,alphabetical_answer_think,262,-3.58,-0.2,-0.2,0,Coherent Hallucination
qwen25_3b,alphabetical_answer_think,256,-3.58,-0.2,-0.2,0,Sound Reasoning
qwen25_3b,alphabetical_answer_think,264,-3.58,-0.2,-0.2,0,Incoherent Hallucination
qwen25_3b,alphabetical_answer_think,259,-3.58,-0.2,0.2,1,Incoherent Hallucination
qwen25_3b,alphabetical_answer_think,265,-3.58,-0.2,0.2,0,Coherent Hallucination
qwen25_3b,alphabetical_answer_think,268,-3.58,-0.2,-0.2,0,Contradictory Reasoning
qwen25_3b,alphabetical_answer_think,266,-3.58,-0.2,-0.2,0,Contradictory Reasoning
qwen25_3b,alphabetical_answer_think,271,-3.58,-0.2,0.2,1,Coherent Hallucination
qwen25_3b,alphabetical_answer_think,260,-3.58,-0.2,-0.2,0,Contradictory Reasoning
qwen25_3b,alphabetical_answer_think,263,-3.58,-0.2,0.2,1,Incoherent Hallucination
qwen25_3b,alphabetical_answer_think,267,-3.58,-0.2,0.2,1,Incoherent Hallucination
qwen25_3b,alphabetical_answer_think,276,-3.58,-0.2,-0.2,0,Contradictory Reasoning
qwen25_3b,alphabetical_answer_think,279,-3.58,-0.2,0.2,1,Contradictory Reasoning
qwen25_3b,alphabetical_answer_think,273,-3.58,-0.2,-0.2,0,Sound Reasoning
qwen25_3b,alphabetical_answer_think,272,-3.58,-0.2,0.2,1,Coherent Hallucination
qwen25_3b,alphabetical_answer_think,274,-3.58,-0.2,-0.2,0,Incoherent Hallucination
qwen25_3b,alphabetical_answer_think,269,-3.58,-0.2,0.2,1,Incoherent Hallucination
qwen25_3b,alphabetical_answer_think,277,-3.58,-0.2,0.2,1,Sound Reasoning
qwen25_3b,alphabetical_answer_think,275,-3.58,-0.2,0.2,1,Incoherent Hallucination
qwen25_3b,alphabetical_answer_think,270,-3.58,-0.2,-0.2,0,Contradictory Reasoning
qwen25_3b,alphabetical_answer_think,280,-3.58,-0.2,-0.2,0,Sound Reasoning
qwen25_3b,alphabetical_answer_think,278,-3.58,-0.2,-0.2,0,Contradictory Reasoning
qwen25_3b,alphabetical_answer_think,283,-3.58,-0.2,0.2,1,Sound Reasoning
qwen25_3b,alphabetical_answer_think,284,-3.58,-0.2,-0.2,0,Contradictory Reasoning
qwen25_3b,alphabetical_answer_think,281,-3.58,-0.2,0.2,1,Contradictory Reasoning
qwen25_3b,alphabetical_answer_think,285,-3.58,-0.2,0.2,1,Coherent Hallucination
qwen25_3b,alphabetical_answer_think,288,-3.58,-0.2,-0.2,0,Contradictory Reasoning
qwen25_3b,alphabetical_answer_think,282,-3.58,-0.2,-0.2,0,Coherent Hallucination
qwen25_3b,alphabetical_answer_think,287,-3.58,-0.2,0.2,1,Incoherent Hallucination
qwen25_3b,alphabetical_answer_think,291,-3.58,-0.2,0.2,1,Sound Reasoning
qwen25_3b,alphabetical_answer_think,286,-3.58,-0.2,-0.2,0,Contradictory Reasoning
qwen25_3b,alphabetical_answer_think,289,-3.58,-0.2,0.2,1,Coherent Hallucination
qwen25_3b,alphabetical_answer_think,292,-3.58,-0.2,-0.2,0,Sound Reasoning
qwen25_3b,alphabetical_answer_think,293,-3.58,-0.2,0.2,1,Sound Reasoning
qwen25_3b,alphabetical_answer_think,298,-3.58,-0.2,-0.2,0,Contradictory Reasoning
qwen25_3b,alphabetical_answer_think,300,0.0,0.0,0.0,1,Sound Reasoning
qwen25_3b,alphabetical_answer_think,295,-3.58,-0.2,0.2,1,Sound Reasoning
qwen25_3b,alphabetical_answer_think,301,0.0,0.0,-0.0,0,Coherent Hallucination
qwen25_3b,alphabetical_answer_think,296,-3.58,-0.2,-0.2,0,Coherent Hallucination
qwen25_3b,alphabetical_answer_think,290,-3.58,-0.2,-0.2,0,Sound Reasoning
qwen25_3b,alphabetical_answer_think,303,0.0,0.0,-0.0,1,Sound Reasoning
qwen25_3b,alphabetical_answer_think,297,-3.58,-0.2,0.2,1,Coherent Hallucination
qwen25_3b,alphabetical_answer_think,299,-3.58,-0.2,0.2,0,Coherent Hallucination
qwen25_3b,alphabetical_answer_think,305,0.0,0.0,-0.0,0,Coherent Hallucination
qwen25_3b,alphabetical_answer_think,302,0.0,0.0,0.0,1,Sound Reasoning
qwen25_3b,alphabetical_answer_think,307,0.0,0.0,-0.0,0,Coherent Hallucination
qwen25_3b,alphabetical_answer_think,294,-3.58,-0.2,-0.2,0,Sound Reasoning
qwen25_3b,alphabetical_answer_think,304,0.0,0.0,0.0,1,Sound Reasoning
qwen25_3b,alphabetical_answer_think,313,0.0,0.0,-0.0,0,Coherent Hallucination
qwen25_3b,alphabetical_answer_think,306,0.0,0.0,0.0,1,Sound Reasoning
qwen25_3b,alphabetical_answer_think,314,0.0,0.0,0.0,1,Sound Reasoning
qwen25_3b,alphabetical_answer_think,310,0.0,0.0,0.0,1,Sound Reasoning
qwen25_3b,alphabetical_answer_think,311,0.0,0.0,-0.0,0,Incoherent Hallucination
qwen25_3b,alphabetical_answer_think,309,0.0,0.0,-0.0,0,Coherent Hallucination
qwen25_3b,alphabetical_answer_think,315,0.0,0.0,-0.0,0,Contradictory Reasoning
qwen25_3b,alphabetical_answer_think,318,0.0,0.0,0.0,1,Sound Reasoning
qwen25_3b,alphabetical_answer_think,316,0.0,0.0,0.0,1,Sound Reasoning
qwen25_3b,alphabetical_answer_think,321,0.0,0.0,-0.0,0,Coherent Hallucination
qwen25_3b,alphabetical_answer_think,312,0.0,0.0,0.0,1,Sound Reasoning
qwen25_3b,alphabetical_answer_think,319,0.0,0.0,-0.0,0,Coherent Hallucination
qwen25_3b,alphabetical_answer_think,317,0.0,0.0,-0.0,0,Coherent Hallucination
qwen25_3b,alphabetical_answer_think,325,0.0,0.0,-0.0,0,Coherent Hallucination
qwen25_3b,alphabetical_answer_think,308,0.0,0.0,0.0,0,Coherent Hallucination
qwen25_3b,alphabetical_answer_think,324,0.0,0.0,0.0,1,Sound Reasoning
qwen25_3b,alphabetical_answer_think,330,0.0,0.0,0.0,0,Contradictory Reasoning
qwen25_3b,alphabetical_answer_think,328,0.0,0.0,0.0,1,Sound Reasoning
qwen25_3b,alphabetical_answer_think,323,0.0,0.0,-0.0,0,Coherent Hallucination
qwen25_3b,alphabetical_answer_think,320,0.0,0.0,0.0,0,Incoherent Hallucination
qwen25_3b,alphabetical_answer_think,329,0.0,0.0,-0.0,0,Coherent Hallucination
qwen25_3b,alphabetical_answer_think,322,0.0,0.0,0.0,1,Sound Reasoning
qwen25_3b,alphabetical_answer_think,333,0.0,0.0,0.0,0,Coherent Hallucination
qwen25_3b,alphabetical_answer_think,327,0.0,0.0,-0.0,1,Sound Reasoning
qwen25_3b,alphabetical_answer_think,326,0.0,0.0,0.0,1,Sound Reasoning
qwen25_3b,alphabetical_answer_think,331,0.0,0.0,-0.0,0,Coherent Hallucination
qwen25_3b,alphabetical_answer_think,332,0.0,0.0,-0.0,0,Incoherent Hallucination
qwen25_3b,alphabetical_answer_think,334,0.0,0.0,0.0,1,Sound Reasoning
qwen25_3b,alphabetical_answer_think,337,0.0,0.0,-0.0,1,Coherent Hallucination
qwen25_3b,alphabetical_answer_think,335,0.0,0.0,-0.0,0,Coherent Hallucination
qwen25_3b,alphabetical_answer_think,342,0.0,0.0,0.0,1,Sound Reasoning
qwen25_3b,alphabetical_answer_think,338,0.0,0.0,0.0,0,Contradictory Reasoning
qwen25_3b,alphabetical_answer_think,347,0.0,0.0,-0.0,0,Sound Reasoning
qwen25_3b,alphabetical_answer_think,343,0.0,0.0,-0.0,1,Coherent Hallucination
qwen25_3b,alphabetical_answer_think,341,0.0,0.0,-0.0,0,Coherent Hallucination
qwen25_3b,alphabetical_answer_think,346,0.0,0.0,0.0,1,Coherent Hallucination
qwen25_3b,alphabetical_answer_think,340,0.0,0.0,0.0,1,Sound Reasoning
qwen25_3b,alphabetical_answer_think,336,0.0,0.0,0.0,0,Contradictory Reasoning
qwen25_3b,alphabetical_answer_think,344,0.0,0.0,0.0,1,Coherent Hallucination
qwen25_3b,alphabetical_answer_think,349,0.0,0.0,-0.0,0,Incoherent Hallucination
qwen25_3b,alphabetical_answer_think,339,0.0,0.0,-0.0,0,Incoherent Hallucination
qwen25_3b,alphabetical_answer_think,351,0.0,0.0,-0.0,1,Incoherent Hallucination
qwen25_3b,alphabetical_answer_think,352,0.0,0.0,0.0,0,Contradictory Reasoning
qwen25_3b,alphabetical_answer_think,345,0.0,0.0,-0.0,0,Incoherent Hallucination
qwen25_3b,alphabetical_answer_think,350,0.0,0.0,0.0,0,Contradictory Reasoning
qwen25_3b,alphabetical_answer_think,348,0.0,0.0,0.0,0,Contradictory Reasoning
qwen25_3b,alphabetical_answer_think,354,0.0,0.0,0.0,0,Coherent Hallucination
qwen25_3b,alphabetical_answer_think,353,0.0,0.0,-0.0,1,Sound Reasoning
qwen25_3b,alphabetical_answer_think,356,0.0,0.0,0.0,1,Sound Reasoning
qwen25_3b,alphabetical_answer_think,355,0.0,0.0,-0.0,0,Coherent Hallucination
qwen25_3b,alphabetical_answer_think,357,0.0,0.0,-0.0,1,Ambiguous/Mixed
qwen25_3b,alphabetical_answer_think,358,0.0,0.0,0.0,1,Sound Reasoning
qwen25_3b,alphabetical_answer_think,365,9.08,0.2,-0.2,0,Coherent Hallucination
qwen25_3b,alphabetical_answer_think,360,9.08,0.2,0.2,1,Coherent Hallucination
qwen25_3b,alphabetical_answer_think,362,9.08,0.2,0.2,1,Sound Reasoning
qwen25_3b,alphabetical_answer_think,359,0.0,0.0,-0.0,0,Coherent Hallucination
qwen25_3b,alphabetical_answer_think,368,9.08,0.2,0.2,1,Sound Reasoning
qwen25_3b,alphabetical_answer_think,363,9.08,0.2,-0.2,0,Coherent Hallucination
qwen25_3b,alphabetical_answer_think,367,9.08,0.2,-0.2,0,Coherent Hallucination
qwen25_3b,alphabetical_answer_think,370,9.08,0.2,0.2,1,Sound Reasoning
qwen25_3b,alphabetical_answer_think,366,9.08,0.2,0.2,1,Sound Reasoning
qwen25_3b,alphabetical_answer_think,361,9.08,0.2,-0.2,0,Sound Reasoning
qwen25_3b,alphabetical_answer_think,369,9.08,0.2,-0.2,0,Coherent Hallucination
qwen25_3b,alphabetical_answer_think,376,9.08,0.2,0.2,1,Sound Reasoning
qwen25_3b,alphabetical_answer_think,371,9.08,0.2,-0.2,0,Coherent Hallucination
qwen25_3b,alphabetical_answer_think,372,9.08,0.2,0.2,1,Sound Reasoning
qwen25_3b,alphabetical_answer_think,375,9.08,0.2,-0.2,0,Contradictory Reasoning
qwen25_3b,alphabetical_answer_think,378,9.08,0.2,0.2,1,Sound Reasoning
qwen25_3b,alphabetical_answer_think,364,9.08,0.2,0.2,1,Sound Reasoning
qwen25_3b,alphabetical_answer_think,380,9.08,0.2,0.2,1,Sound Reasoning
qwen25_3b,alphabetical_answer_think,374,9.08,0.2,0.2,1,Coherent Hallucination
qwen25_3b,alphabetical_answer_think,377,9.08,0.2,-0.2,0,Coherent Hallucination
qwen25_3b,alphabetical_answer_think,386,9.08,0.2,0.2,1,Sound Reasoning
qwen25_3b,alphabetical_answer_think,373,9.08,0.2,-0.2,0,Coherent Hallucination
qwen25_3b,alphabetical_answer_think,379,9.08,0.2,-0.2,0,Coherent Hallucination
qwen25_3b,alphabetical_answer_think,384,9.08,0.2,0.2,1,Sound Reasoning
qwen25_3b,alphabetical_answer_think,385,9.08,0.2,-0.2,0,Coherent Hallucination
qwen25_3b,alphabetical_answer_think,383,9.08,0.2,-0.2,0,Coherent Hallucination
qwen25_3b,alphabetical_answer_think,388,9.08,0.2,0.2,1,Sound Reasoning
qwen25_3b,alphabetical_answer_think,390,9.08,0.2,0.2,1,Sound Reasoning
qwen25_3b,alphabetical_answer_think,387,9.08,0.2,-0.2,0,Coherent Hallucination
qwen25_3b,alphabetical_answer_think,394,9.08,0.2,0.2,1,Sound Reasoning
qwen25_3b,alphabetical_answer_think,389,9.08,0.2,-0.2,0,Coherent Hallucination
qwen25_3b,alphabetical_answer_think,381,9.08,0.2,-0.2,0,Coherent Hallucination
qwen25_3b,alphabetical_answer_think,382,9.08,0.2,0.2,1,Sound Reasoning
qwen25_3b,alphabetical_answer_think,397,9.08,0.2,-0.2,0,Incoherent Hallucination
qwen25_3b,alphabetical_answer_think,395,9.08,0.2,-0.2,0,Coherent Hallucination
qwen25_3b,alphabetical_answer_think,393,9.08,0.2,0.2,1,Sound Reasoning
qwen25_3b,alphabetical_answer_think,392,9.08,0.2,-0.2,0,Incoherent Hallucination
qwen25_3b,alphabetical_answer_think,391,9.08,0.2,-0.2,0,Coherent Hallucination
qwen25_3b,alphabetical_answer_think,400,9.08,0.2,0.2,1,Sound Reasoning
qwen25_3b,alphabetical_answer_think,396,9.08,0.2,0.2,1,Sound Reasoning
qwen25_3b,alphabetical_answer_think,404,9.08,0.2,0.2,1,Sound Reasoning
qwen25_3b,alphabetical_answer_think,398,9.08,0.2,0.2,1,Sound Reasoning
qwen25_3b,alphabetical_answer_think,399,9.08,0.2,-0.2,0,Incoherent Hallucination
qwen25_3b,alphabetical_answer_think,402,9.08,0.2,0.2,1,Sound Reasoning
qwen25_3b,alphabetical_answer_think,407,9.08,0.2,-0.2,0,Coherent Hallucination
qwen25_3b,alphabetical_answer_think,403,9.08,0.2,-0.2,0,Coherent Hallucination
qwen25_3b,alphabetical_answer_think,411,9.08,0.2,-0.2,0,Coherent Hallucination
qwen25_3b,alphabetical_answer_think,413,9.08,0.2,-0.2,0,Coherent Hallucination
qwen25_3b,alphabetical_answer_think,401,9.08,0.2,-0.2,0,Coherent Hallucination
qwen25_3b,alphabetical_answer_think,409,9.08,0.2,-0.2,0,Coherent Hallucination
qwen25_3b,alphabetical_answer_think,408,9.08,0.2,0.2,1,Sound Reasoning
qwen25_3b,alphabetical_answer_think,415,9.08,0.2,-0.2,0,Coherent Hallucination
qwen25_3b,alphabetical_answer_think,410,9.08,0.2,0.2,1,Sound Reasoning
qwen25_3b,alphabetical_answer_think,414,9.08,0.2,0.2,1,Sound Reasoning
qwen25_3b,alphabetical_answer_think,406,9.08,0.2,0.2,1,Coherent Hallucination
qwen25_3b,alphabetical_answer_think,405,9.08,0.2,-0.2,0,Incoherent Hallucination
qwen25_3b,alphabetical_answer_think,420,18.16,0.4,0.4,1,Sound Reasoning
qwen25_3b,alphabetical_answer_think,424,18.16,0.4,0.4,1,Sound Reasoning
qwen25_3b,alphabetical_answer_think,417,9.08,0.2,-0.2,0,Incoherent Hallucination
qwen25_3b,alphabetical_answer_think,416,9.08,0.2,0.2,1,Sound Reasoning
qwen25_3b,alphabetical_answer_think,418,9.08,0.2,0.2,1,Sound Reasoning
qwen25_3b,alphabetical_answer_think,412,9.08,0.2,0.2,1,Sound Reasoning
qwen25_3b,alphabetical_answer_think,421,18.16,0.4,-0.4,0,Coherent Hallucination
qwen25_3b,alphabetical_answer_think,422,18.16,0.4,0.4,1,Sound Reasoning
qwen25_3b,alphabetical_answer_think,425,18.16,0.4,-0.4,0,Coherent Hallucination
qwen25_3b,alphabetical_answer_think,419,9.08,0.2,-0.2,0,Incoherent Hallucination
qwen25_3b,alphabetical_answer_think,423,18.16,0.4,-0.4,0,Coherent Hallucination
qwen25_3b,alphabetical_answer_think,426,18.16,0.4,0.4,1,Sound Reasoning
qwen25_3b,alphabetical_answer_think,431,18.16,0.4,-0.4,0,Coherent Hallucination
qwen25_3b,alphabetical_answer_think,430,18.16,0.4,0.4,1,Sound Reasoning
qwen25_3b,alphabetical_answer_think,427,18.16,0.4,-0.4,0,Coherent Hallucination
qwen25_3b,alphabetical_answer_think,433,18.16,0.4,-0.4,0,Coherent Hallucination
qwen25_3b,alphabetical_answer_think,432,18.16,0.4,0.4,1,Coherent Hallucination
qwen25_3b,alphabetical_answer_think,429,18.16,0.4,-0.4,0,Coherent Hallucination
qwen25_3b,alphabetical_answer_think,435,18.16,0.4,-0.4,0,Incoherent Hallucination
qwen25_3b,alphabetical_answer_think,437,18.16,0.4,-0.4,0,Coherent Hallucination
qwen25_3b,alphabetical_answer_think,438,18.16,0.4,0.4,1,Sound Reasoning
qwen25_3b,alphabetical_answer_think,436,18.16,0.4,0.4,1,Sound Reasoning
qwen25_3b,alphabetical_answer_think,439,18.16,0.4,-0.4,0,Coherent Hallucination
qwen25_3b,alphabetical_answer_think,441,18.16,0.4,-0.4,0,Coherent Hallucination
qwen25_3b,alphabetical_answer_think,434,18.16,0.4,0.4,1,Sound Reasoning
qwen25_3b,alphabetical_answer_think,428,18.16,0.4,0.4,1,Coherent Hallucination
qwen25_3b,alphabetical_answer_think,444,18.16,0.4,0.4,1,Sound Reasoning
qwen25_3b,alphabetical_answer_think,443,18.16,0.4,-0.4,0,Coherent Hallucination
qwen25_3b,alphabetical_answer_think,448,18.16,0.4,0.4,1,Sound Reasoning
qwen25_3b,alphabetical_answer_think,440,18.16,0.4,0.4,1,Sound Reasoning
qwen25_3b,alphabetical_answer_think,445,18.16,0.4,-0.4,0,Coherent Hallucination
qwen25_3b,alphabetical_answer_think,446,18.16,0.4,0.4,1,Sound Reasoning
qwen25_3b,alphabetical_answer_think,447,18.16,0.4,-0.4,0,Coherent Hallucination
qwen25_3b,alphabetical_answer_think,442,18.16,0.4,0.4,1,Sound Reasoning
qwen25_3b,alphabetical_answer_think,449,18.16,0.4,-0.4,0,Coherent Hallucination
qwen25_3b,alphabetical_answer_think,456,18.16,0.4,0.4,1,Sound Reasoning
qwen25_3b,alphabetical_answer_think,451,18.16,0.4,-0.4,0,Coherent Hallucination
qwen25_3b,alphabetical_answer_think,458,18.16,0.4,0.4,1,Sound Reasoning
qwen25_3b,alphabetical_answer_think,450,18.16,0.4,0.4,1,Sound Reasoning
qwen25_3b,alphabetical_answer_think,462,18.16,0.4,0.4,1,Sound Reasoning
qwen25_3b,alphabetical_answer_think,453,18.16,0.4,0.4,1,Sound Reasoning
qwen25_3b,alphabetical_answer_think,454,18.16,0.4,0.4,1,Sound Reasoning
qwen25_3b,alphabetical_answer_think,459,18.16,0.4,-0.4,0,Coherent Hallucination
qwen25_3b,alphabetical_answer_think,452,18.16,0.4,-0.4,0,Coherent Hallucination
qwen25_3b,alphabetical_answer_think,457,18.16,0.4,-0.4,0,Coherent Hallucination
qwen25_3b,alphabetical_answer_think,455,18.16,0.4,-0.4,0,Coherent Hallucination
qwen25_3b,alphabetical_answer_think,460,18.16,0.4,0.4,1,Sound Reasoning
qwen25_3b,alphabetical_answer_think,467,18.16,0.4,-0.4,0,Sound Reasoning
qwen25_3b,alphabetical_answer_think,463,18.16,0.4,-0.4,0,Coherent Hallucination
qwen25_3b,alphabetical_answer_think,464,18.16,0.4,0.4,1,Coherent Hallucination
qwen25_3b,alphabetical_answer_think,465,18.16,0.4,-0.4,0,Coherent Hallucination
qwen25_3b,alphabetical_answer_think,466,18.16,0.4,0.4,1,Ambiguous/Mixed
qwen25_3b,alphabetical_answer_think,461,18.16,0.4,-0.4,0,Coherent Hallucination
qwen25_3b,alphabetical_answer_think,471,18.16,0.4,-0.4,0,Coherent Hallucination
qwen25_3b,alphabetical_answer_think,468,18.16,0.4,0.4,1,Sound Reasoning
qwen25_3b,alphabetical_answer_think,472,18.16,0.4,0.4,1,Coherent Hallucination
qwen25_3b,alphabetical_answer_think,469,18.16,0.4,-0.4,0,Sound Reasoning
qwen25_3b,alphabetical_answer_think,476,18.16,0.4,0.4,1,Coherent Hallucination
qwen25_3b,alphabetical_answer_think,478,18.16,0.4,0.4,1,Sound Reasoning
qwen25_3b,alphabetical_answer_think,470,18.16,0.4,0.4,1,Sound Reasoning
qwen25_3b,alphabetical_answer_think,480,27.24,0.6,0.6,1,Sound Reasoning
qwen25_3b,alphabetical_answer_think,484,27.24,0.6,0.6,1,Sound Reasoning
qwen25_3b,alphabetical_answer_think,483,27.24,0.6,-0.6,0,Coherent Hallucination
qwen25_3b,alphabetical_answer_think,474,18.16,0.4,0.4,1,Sound Reasoning
qwen25_3b,alphabetical_answer_think,473,18.16,0.4,-0.4,0,Incoherent Hallucination
qwen25_3b,alphabetical_answer_think,475,18.16,0.4,-0.4,0,Coherent Hallucination
qwen25_3b,alphabetical_answer_think,481,27.24,0.6,-0.6,0,Coherent Hallucination
qwen25_3b,alphabetical_answer_think,477,18.16,0.4,-0.4,0,Coherent Hallucination
qwen25_3b,alphabetical_answer_think,482,27.24,0.6,0.6,1,Sound Reasoning
qwen25_3b,alphabetical_answer_think,486,27.24,0.6,0.6,1,Sound Reasoning
qwen25_3b,alphabetical_answer_think,485,27.24,0.6,-0.6,0,Coherent Hallucination
qwen25_3b,alphabetical_answer_think,487,27.24,0.6,-0.6,0,Coherent Hallucination
qwen25_3b,alphabetical_answer_think,489,27.24,0.6,-0.6,0,Coherent Hallucination
qwen25_3b,alphabetical_answer_think,479,18.16,0.4,-0.4,0,Coherent Hallucination
qwen25_3b,alphabetical_answer_think,492,27.24,0.6,0.6,1,Sound Reasoning
qwen25_3b,alphabetical_answer_think,491,27.24,0.6,-0.6,0,Incoherent Hallucination
qwen25_3b,alphabetical_answer_think,490,27.24,0.6,0.6,1,Sound Reasoning
qwen25_3b,alphabetical_answer_think,488,27.24,0.6,0.6,1,Coherent Hallucination
qwen25_3b,alphabetical_answer_think,496,27.24,0.6,0.6,1,Sound Reasoning
qwen25_3b,alphabetical_answer_think,498,27.24,0.6,0.6,1,Sound Reasoning
qwen25_3b,alphabetical_answer_think,495,27.24,0.6,-0.6,0,Coherent Hallucination
qwen25_3b,alphabetical_answer_think,494,27.24,0.6,0.6,1,Coherent Hallucination
qwen25_3b,alphabetical_answer_think,499,27.24,0.6,-0.6,0,Coherent Hallucination
qwen25_3b,alphabetical_answer_think,504,27.24,0.6,0.6,1,Sound Reasoning
qwen25_3b,alphabetical_answer_think,500,27.24,0.6,0.6,1,Sound Reasoning
qwen25_3b,alphabetical_answer_think,508,27.24,0.6,0.6,1,Sound Reasoning
qwen25_3b,alphabetical_answer_think,503,27.24,0.6,-0.6,0,Coherent Hallucination
qwen25_3b,alphabetical_answer_think,501,27.24,0.6,-0.6,0,Coherent Hallucination
qwen25_3b,alphabetical_answer_think,493,27.24,0.6,-0.6,0,Coherent Hallucination
qwen25_3b,alphabetical_answer_think,505,27.24,0.6,-0.6,0,Coherent Hallucination
qwen25_3b,alphabetical_answer_think,509,27.24,0.6,-0.6,0,Coherent Hallucination
qwen25_3b,alphabetical_answer_think,507,27.24,0.6,-0.6,0,Coherent Hallucination
qwen25_3b,alphabetical_answer_think,506,27.24,0.6,0.6,1,Sound Reasoning
qwen25_3b,alphabetical_answer_think,497,27.24,0.6,-0.6,0,Coherent Hallucination
qwen25_3b,alphabetical_answer_think,511,27.24,0.6,-0.6,0,Coherent Hallucination
qwen25_3b,alphabetical_answer_think,512,27.24,0.6,-0.6,0,Coherent Hallucination
qwen25_3b,alphabetical_answer_think,514,27.24,0.6,0.6,1,Sound Reasoning
qwen25_3b,alphabetical_answer_think,517,27.24,0.6,-0.6,0,Coherent Hallucination
qwen25_3b,alphabetical_answer_think,510,27.24,0.6,0.6,1,Sound Reasoning
qwen25_3b,alphabetical_answer_think,502,27.24,0.6,0.6,1,Ambiguous/Mixed
qwen25_3b,alphabetical_answer_think,513,27.24,0.6,0.6,1,Sound Reasoning
qwen25_3b,alphabetical_answer_think,518,27.24,0.6,0.6,1,Sound Reasoning
qwen25_3b,alphabetical_answer_think,515,27.24,0.6,-0.6,0,Coherent Hallucination
qwen25_3b,alphabetical_answer_think,522,27.24,0.6,0.6,1,Sound Reasoning
qwen25_3b,alphabetical_answer_think,520,27.24,0.6,0.6,1,Sound Reasoning
qwen25_3b,alphabetical_answer_think,521,27.24,0.6,-0.6,0,Contradictory Reasoning
qwen25_3b,alphabetical_answer_think,524,27.24,0.6,0.6,1,Sound Reasoning
qwen25_3b,alphabetical_answer_think,516,27.24,0.6,0.6,1,Sound Reasoning
qwen25_3b,alphabetical_answer_think,519,27.24,0.6,-0.6,0,Coherent Hallucination
qwen25_3b,alphabetical_answer_think,523,27.24,0.6,-0.6,0,Coherent Hallucination
qwen25_3b,alphabetical_answer_think,528,27.24,0.6,0.6,1,Sound Reasoning
qwen25_3b,alphabetical_answer_think,529,27.24,0.6,-0.6,0,Coherent Hallucination
qwen25_3b,alphabetical_answer_think,530,27.24,0.6,0.6,1,Sound Reasoning
qwen25_3b,alphabetical_answer_think,525,27.24,0.6,-0.6,0,Coherent Hallucination
qwen25_3b,alphabetical_answer_think,526,27.24,0.6,0.6,1,Ambiguous/Mixed
qwen25_3b,alphabetical_answer_think,536,27.24,0.6,0.6,1,Sound Reasoning
qwen25_3b,alphabetical_answer_think,531,27.24,0.6,-0.6,0,Contradictory Reasoning
qwen25_3b,alphabetical_answer_think,527,27.24,0.6,-0.6,0,Sound Reasoning
qwen25_3b,alphabetical_answer_think,532,27.24,0.6,0.6,1,Sound Reasoning
qwen25_3b,alphabetical_answer_think,534,27.24,0.6,0.6,1,Sound Reasoning
qwen25_3b,alphabetical_answer_think,539,27.24,0.6,-0.6,0,Coherent Hallucination
qwen25_3b,alphabetical_answer_think,538,27.24,0.6,0.6,1,Sound Reasoning
qwen25_3b,alphabetical_answer_think,533,27.24,0.6,-0.6,0,Coherent Hallucination
qwen25_3b,alphabetical_answer_think,537,27.24,0.6,-0.6,0,Incoherent Hallucination
qwen25_3b,alphabetical_answer_think,535,27.24,0.6,-0.6,0,Coherent Hallucination
qwen25_3b,alphabetical_answer_think,540,36.32,0.8,0.8,1,Coherent Hallucination
qwen25_3b,alphabetical_answer_think,543,36.32,0.8,-0.8,0,Coherent Hallucination
qwen25_3b,alphabetical_answer_think,541,36.32,0.8,-0.8,0,Coherent Hallucination
qwen25_3b,alphabetical_answer_think,544,36.32,0.8,0.8,1,Coherent Hallucination
qwen25_3b,alphabetical_answer_think,550,36.32,0.8,0.8,1,Sound Reasoning
qwen25_3b,alphabetical_answer_think,542,36.32,0.8,0.8,1,Sound Reasoning
qwen25_3b,alphabetical_answer_think,545,36.32,0.8,-0.8,0,Contradictory Reasoning
qwen25_3b,alphabetical_answer_think,548,36.32,0.8,0.8,1,Sound Reasoning
qwen25_3b,alphabetical_answer_think,552,36.32,0.8,0.8,1,Sound Reasoning
qwen25_3b,alphabetical_answer_think,554,36.32,0.8,0.8,1,Sound Reasoning
qwen25_3b,alphabetical_answer_think,547,36.32,0.8,-0.8,0,Coherent Hallucination
qwen25_3b,alphabetical_answer_think,546,36.32,0.8,0.8,1,Sound Reasoning
qwen25_3b,alphabetical_answer_think,551,36.32,0.8,-0.8,0,Coherent Hallucination
qwen25_3b,alphabetical_answer_think,556,36.32,0.8,0.8,1,Sound Reasoning
qwen25_3b,alphabetical_answer_think,558,36.32,0.8,0.8,1,Sound Reasoning
qwen25_3b,alphabetical_answer_think,549,36.32,0.8,-0.8,0,Coherent Hallucination
qwen25_3b,alphabetical_answer_think,553,36.32,0.8,-0.8,0,Coherent Hallucination
qwen25_3b,alphabetical_answer_think,559,36.32,0.8,-0.8,0,Coherent Hallucination
qwen25_3b,alphabetical_answer_think,560,36.32,0.8,0.8,1,Sound Reasoning
qwen25_3b,alphabetical_answer_think,564,36.32,0.8,0.8,1,Sound Reasoning
qwen25_3b,alphabetical_answer_think,561,36.32,0.8,-0.8,0,Coherent Hallucination
qwen25_3b,alphabetical_answer_think,567,36.32,0.8,-0.8,0,Coherent Hallucination
qwen25_3b,alphabetical_answer_think,569,36.32,0.8,-0.8,0,Coherent Hallucination
qwen25_3b,alphabetical_answer_think,565,36.32,0.8,-0.8,0,Coherent Hallucination
qwen25_3b,alphabetical_answer_think,570,36.32,0.8,0.8,1,Sound Reasoning
qwen25_3b,alphabetical_answer_think,557,36.32,0.8,-0.8,0,Coherent Hallucination
qwen25_3b,alphabetical_answer_think,563,36.32,0.8,-0.8,0,Coherent Hallucination
qwen25_3b,alphabetical_answer_think,572,36.32,0.8,-0.8,0,Coherent Hallucination
qwen25_3b,alphabetical_answer_think,562,36.32,0.8,0.8,1,Sound Reasoning
qwen25_3b,alphabetical_answer_think,568,36.32,0.8,0.8,1,Sound Reasoning
qwen25_3b,alphabetical_answer_think,566,36.32,0.8,0.8,1,Coherent Hallucination
qwen25_3b,alphabetical_answer_think,555,36.32,0.8,-0.8,0,Coherent Hallucination
qwen25_3b,alphabetical_answer_think,574,36.32,0.8,0.8,1,Sound Reasoning
qwen25_3b,alphabetical_answer_think,576,36.32,0.8,0.8,1,Sound Reasoning
qwen25_3b,alphabetical_answer_think,575,36.32,0.8,-0.8,0,Coherent Hallucination
qwen25_3b,alphabetical_answer_think,573,36.32,0.8,0.8,1,Sound Reasoning
qwen25_3b,alphabetical_answer_think,577,36.32,0.8,-0.8,0,Coherent Hallucination
qwen25_3b,alphabetical_answer_think,571,36.32,0.8,-0.8,0,Coherent Hallucination
qwen25_3b,alphabetical_answer_think,578,36.32,0.8,0.8,1,Sound Reasoning
qwen25_3b,alphabetical_answer_think,581,36.32,0.8,-0.8,0,Coherent Hallucination
qwen25_3b,alphabetical_answer_think,580,36.32,0.8,0.8,1,Coherent Hallucination
qwen25_3b,alphabetical_answer_think,590,36.32,0.8,0.8,1,Sound Reasoning
qwen25_3b,alphabetical_answer_think,584,36.32,0.8,0.8,1,Sound Reasoning
qwen25_3b,alphabetical_answer_think,579,36.32,0.8,-0.8,0,Contradictory Reasoning
qwen25_3b,alphabetical_answer_think,583,36.32,0.8,-0.8,0,Ambiguous/Mixed
qwen25_3b,alphabetical_answer_think,591,36.32,0.8,-0.8,0,Coherent Hallucination
qwen25_3b,alphabetical_answer_think,592,36.32,0.8,0.8,1,Sound Reasoning
qwen25_3b,alphabetical_answer_think,585,36.32,0.8,-0.8,0,Contradictory Reasoning
qwen25_3b,alphabetical_answer_think,582,36.32,0.8,0.8,1,Sound Reasoning
qwen25_3b,alphabetical_answer_think,588,36.32,0.8,0.8,1,Sound Reasoning
qwen25_3b,alphabetical_answer_think,594,36.32,0.8,0.8,1,Sound Reasoning
qwen25_3b,alphabetical_answer_think,587,36.32,0.8,-0.8,0,Contradictory Reasoning
qwen25_3b,alphabetical_answer_think,593,36.32,0.8,-0.8,0,Coherent Hallucination
qwen25_3b,alphabetical_answer_think,596,36.32,0.8,0.8,1,Coherent Hallucination
qwen25_3b,alphabetical_answer_think,595,36.32,0.8,-0.8,0,Coherent Hallucination
qwen25_3b,alphabetical_answer_think,586,36.32,0.8,0.8,1,Ambiguous/Mixed
qwen25_3b,alphabetical_answer_think,597,36.32,0.8,-0.8,0,Coherent Hallucination
qwen25_3b,alphabetical_answer_think,602,45.4,1.0,1.0,1,Sound Reasoning
qwen25_3b,alphabetical_answer_think,598,36.32,0.8,0.8,1,Coherent Hallucination
qwen25_3b,alphabetical_answer_think,604,45.4,1.0,1.0,1,Sound Reasoning
qwen25_3b,alphabetical_answer_think,607,45.4,1.0,-1.0,0,Coherent Hallucination
qwen25_3b,alphabetical_answer_think,605,45.4,1.0,-1.0,0,Coherent Hallucination
qwen25_3b,alphabetical_answer_think,599,36.32,0.8,-0.8,0,Coherent Hallucination
qwen25_3b,alphabetical_answer_think,600,45.4,1.0,1.0,1,Sound Reasoning
qwen25_3b,alphabetical_answer_think,589,36.32,0.8,-0.8,0,Coherent Hallucination
qwen25_3b,alphabetical_answer_think,603,45.4,1.0,-1.0,0,Coherent Hallucination
qwen25_3b,alphabetical_answer_think,601,45.4,1.0,-1.0,0,Incoherent Hallucination
qwen25_3b,alphabetical_answer_think,606,45.4,1.0,1.0,1,Sound Reasoning
qwen25_3b,alphabetical_answer_think,610,45.4,1.0,1.0,1,Sound Reasoning
qwen25_3b,alphabetical_answer_think,609,45.4,1.0,-1.0,0,Coherent Hallucination
qwen25_3b,alphabetical_answer_think,615,45.4,1.0,-1.0,0,Coherent Hallucination
qwen25_3b,alphabetical_answer_think,608,45.4,1.0,1.0,1,Sound Reasoning
qwen25_3b,alphabetical_answer_think,611,45.4,1.0,-1.0,0,Coherent Hallucination
qwen25_3b,alphabetical_answer_think,616,45.4,1.0,1.0,1,Sound Reasoning
qwen25_3b,alphabetical_answer_think,612,45.4,1.0,1.0,1,Sound Reasoning
qwen25_3b,alphabetical_answer_think,614,45.4,1.0,1.0,1,Sound Reasoning
qwen25_3b,alphabetical_answer_think,613,45.4,1.0,-1.0,0,Coherent Hallucination
qwen25_3b,alphabetical_answer_think,617,45.4,1.0,-1.0,0,Coherent Hallucination
qwen25_3b,alphabetical_answer_think,620,45.4,1.0,1.0,1,Sound Reasoning
qwen25_3b,alphabetical_answer_think,619,45.4,1.0,-1.0,0,Coherent Hallucination
qwen25_3b,alphabetical_answer_think,622,45.4,1.0,1.0,1,Sound Reasoning
qwen25_3b,alphabetical_answer_think,621,45.4,1.0,-1.0,0,Coherent Hallucination
qwen25_3b,alphabetical_answer_think,625,45.4,1.0,-1.0,0,Coherent Hallucination
qwen25_3b,alphabetical_answer_think,623,45.4,1.0,-1.0,0,Coherent Hallucination
qwen25_3b,alphabetical_answer_think,631,45.4,1.0,-1.0,0,Coherent Hallucination
qwen25_3b,alphabetical_answer_think,629,45.4,1.0,-1.0,0,Coherent Hallucination
qwen25_3b,alphabetical_answer_think,632,45.4,1.0,-1.0,0,Coherent Hallucination
qwen25_3b,alphabetical_answer_think,630,45.4,1.0,1.0,1,Coherent Hallucination
qwen25_3b,alphabetical_answer_think,626,45.4,1.0,1.0,1,Sound Reasoning
qwen25_3b,alphabetical_answer_think,628,45.4,1.0,1.0,1,Sound Reasoning
qwen25_3b,alphabetical_answer_think,618,45.4,1.0,1.0,1,Ambiguous/Mixed
qwen25_3b,alphabetical_answer_think,634,45.4,1.0,1.0,1,Sound Reasoning
qwen25_3b,alphabetical_answer_think,624,45.4,1.0,1.0,1,Sound Reasoning
qwen25_3b,alphabetical_answer_think,638,45.4,1.0,1.0,1,Sound Reasoning
qwen25_3b,alphabetical_answer_think,627,45.4,1.0,-1.0,0,Coherent Hallucination
qwen25_3b,alphabetical_answer_think,637,45.4,1.0,-1.0,0,Coherent Hallucination
qwen25_3b,alphabetical_answer_think,641,45.4,1.0,-1.0,0,Coherent Hallucination
qwen25_3b,alphabetical_answer_think,642,45.4,1.0,1.0,1,Sound Reasoning
qwen25_3b,alphabetical_answer_think,633,45.4,1.0,1.0,1,Sound Reasoning
qwen25_3b,alphabetical_answer_think,643,45.4,1.0,-1.0,0,Coherent Hallucination
qwen25_3b,alphabetical_answer_think,635,45.4,1.0,-1.0,0,Coherent Hallucination
qwen25_3b,alphabetical_answer_think,639,45.4,1.0,-1.0,0,Coherent Hallucination
qwen25_3b,alphabetical_answer_think,644,45.4,1.0,1.0,1,Sound Reasoning
qwen25_3b,alphabetical_answer_think,636,45.4,1.0,1.0,1,Sound Reasoning
qwen25_3b,alphabetical_answer_think,640,45.4,1.0,1.0,1,Coherent Hallucination
qwen25_3b,alphabetical_answer_think,650,45.4,1.0,1.0,1,Coherent Hallucination
qwen25_3b,alphabetical_answer_think,646,45.4,1.0,1.0,1,Sound Reasoning
qwen25_3b,alphabetical_answer_think,648,45.4,1.0,1.0,1,Coherent Hallucination
qwen25_3b,alphabetical_answer_think,652,45.4,1.0,1.0,1,Sound Reasoning
qwen25_3b,alphabetical_answer_think,645,45.4,1.0,-1.0,0,Coherent Hallucination
qwen25_3b,alphabetical_answer_think,656,45.4,1.0,1.0,1,Sound Reasoning
qwen25_3b,alphabetical_answer_think,653,45.4,1.0,-1.0,0,Coherent Hallucination
qwen25_3b,alphabetical_answer_think,649,45.4,1.0,-1.0,0,Sound Reasoning
qwen25_3b,alphabetical_answer_think,647,45.4,1.0,-1.0,0,Coherent Hallucination
qwen25_3b,alphabetical_answer_think,657,45.4,1.0,-1.0,0,Coherent Hallucination
qwen25_3b,alphabetical_answer_think,658,45.4,1.0,1.0,1,Incoherent Hallucination
qwen25_3b,alphabetical_answer_think,654,45.4,1.0,1.0,1,Incoherent Hallucination
qwen25_3b,alphabetical_answer_think,651,45.4,1.0,-1.0,0,Coherent Hallucination
qwen25_3b,alphabetical_answer_think,655,45.4,1.0,-1.0,0,Coherent Hallucination
qwen25_3b,alphabetical_answer_think,659,45.4,1.0,-1.0,0,Coherent Hallucination
qwen25_7b,alphabetical_think_answer,12,-27.3,-1.0,-1.0,0,Sound Reasoning
qwen25_7b,alphabetical_think_answer,2,-27.3,-1.0,-1.0,0,Coherent Hallucination
qwen25_7b,alphabetical_think_answer,1,-27.3,-1.0,1.0,1,Sound Reasoning
qwen25_7b,alphabetical_think_answer,18,-27.3,-1.0,-1.0,0,Coherent Hallucination
qwen25_7b,alphabetical_think_answer,6,-27.3,-1.0,-1.0,0,Coherent Hallucination
qwen25_7b,alphabetical_think_answer,17,-27.3,-1.0,1.0,1,Sound Reasoning
qwen25_7b,alphabetical_think_answer,15,-27.3,-1.0,1.0,1,Sound Reasoning
qwen25_7b,alphabetical_think_answer,5,-27.3,-1.0,1.0,1,Sound Reasoning
qwen25_7b,alphabetical_think_answer,8,-27.3,-1.0,-1.0,0,Coherent Hallucination
qwen25_7b,alphabetical_think_answer,4,-27.3,-1.0,-1.0,0,Coherent Hallucination
qwen25_7b,alphabetical_think_answer,7,-27.3,-1.0,1.0,1,Sound Reasoning
qwen25_7b,alphabetical_think_answer,9,-27.3,-1.0,1.0,1,Sound Reasoning
qwen25_7b,alphabetical_think_answer,11,-27.3,-1.0,1.0,1,Sound Reasoning
qwen25_7b,alphabetical_think_answer,19,-27.3,-1.0,1.0,1,Sound Reasoning
qwen25_7b,alphabetical_think_answer,10,-27.3,-1.0,-1.0,0,Coherent Hallucination
qwen25_7b,alphabetical_think_answer,16,-27.3,-1.0,-1.0,0,Coherent Hallucination
qwen25_7b,alphabetical_think_answer,14,-27.3,-1.0,-1.0,0,Coherent Hallucination
qwen25_7b,alphabetical_think_answer,3,-27.3,-1.0,1.0,1,Sound Reasoning
qwen25_7b,alphabetical_think_answer,0,-27.3,-1.0,-1.0,0,Ambiguous/Mixed
qwen25_7b,alphabetical_think_answer,13,-27.3,-1.0,1.0,1,Sound Reasoning
qwen25_7b,alphabetical_think_answer,20,-27.3,-1.0,-1.0,0,Coherent Hallucination
qwen25_7b,alphabetical_think_answer,21,-27.3,-1.0,1.0,1,Sound Reasoning
qwen25_7b,alphabetical_think_answer,27,-27.3,-1.0,1.0,1,Sound Reasoning
qwen25_7b,alphabetical_think_answer,25,-27.3,-1.0,1.0,1,Sound Reasoning
qwen25_7b,alphabetical_think_answer,34,-27.3,-1.0,-1.0,0,Coherent Hallucination
qwen25_7b,alphabetical_think_answer,30,-27.3,-1.0,-1.0,0,Coherent Hallucination
qwen25_7b,alphabetical_think_answer,28,-27.3,-1.0,-1.0,0,Coherent Hallucination
qwen25_7b,alphabetical_think_answer,26,-27.3,-1.0,-1.0,0,Incoherent Hallucination
qwen25_7b,alphabetical_think_answer,23,-27.3,-1.0,1.0,1,Sound Reasoning
qwen25_7b,alphabetical_think_answer,22,-27.3,-1.0,-1.0,0,Coherent Hallucination
qwen25_7b,alphabetical_think_answer,29,-27.3,-1.0,1.0,1,Coherent Hallucination
qwen25_7b,alphabetical_think_answer,37,-27.3,-1.0,1.0,1,Sound Reasoning
qwen25_7b,alphabetical_think_answer,36,-27.3,-1.0,-1.0,0,Coherent Hallucination
qwen25_7b,alphabetical_think_answer,24,-27.3,-1.0,-1.0,0,Coherent Hallucination
qwen25_7b,alphabetical_think_answer,35,-27.3,-1.0,1.0,1,Sound Reasoning
qwen25_7b,alphabetical_think_answer,33,-27.3,-1.0,-1.0,0,Coherent Hallucination
qwen25_7b,alphabetical_think_answer,32,-27.3,-1.0,1.0,1,Contradictory Reasoning
qwen25_7b,alphabetical_think_answer,40,-27.3,-1.0,-1.0,0,Incoherent Hallucination
qwen25_7b,alphabetical_think_answer,42,-27.3,-1.0,-1.0,0,Sound Reasoning
qwen25_7b,alphabetical_think_answer,31,-27.3,-1.0,1.0,1,Coherent Hallucination
qwen25_7b,alphabetical_think_answer,41,-27.3,-1.0,1.0,1,Sound Reasoning
qwen25_7b,alphabetical_think_answer,38,-27.3,-1.0,-1.0,0,Coherent Hallucination
qwen25_7b,alphabetical_think_answer,39,-27.3,-1.0,1.0,1,Sound Reasoning
qwen25_7b,alphabetical_think_answer,49,-27.3,-1.0,1.0,1,Sound Reasoning
qwen25_7b,alphabetical_think_answer,47,-27.3,-1.0,1.0,1,Coherent Hallucination
qwen25_7b,alphabetical_think_answer,44,-27.3,-1.0,-1.0,0,Sound Reasoning
qwen25_7b,alphabetical_think_answer,45,-27.3,-1.0,1.0,1,Sound Reasoning
qwen25_7b,alphabetical_think_answer,50,-27.3,-1.0,-1.0,0,Coherent Hallucination
qwen25_7b,alphabetical_think_answer,53,-27.3,-1.0,1.0,1,Sound Reasoning
qwen25_7b,alphabetical_think_answer,43,-27.3,-1.0,1.0,1,Coherent Hallucination
qwen25_7b,alphabetical_think_answer,55,-27.3,-1.0,1.0,1,Coherent Hallucination
qwen25_7b,alphabetical_think_answer,59,-27.3,-1.0,1.0,1,Sound Reasoning
qwen25_7b,alphabetical_think_answer,56,-27.3,-1.0,-1.0,0,Coherent Hallucination
qwen25_7b,alphabetical_think_answer,48,-27.3,-1.0,-1.0,0,Incoherent Hallucination
qwen25_7b,alphabetical_think_answer,46,-27.3,-1.0,-1.0,0,Coherent Hallucination
qwen25_7b,alphabetical_think_answer,52,-27.3,-1.0,-1.0,0,Coherent Hallucination
qwen25_7b,alphabetical_think_answer,54,-27.3,-1.0,-1.0,0,Coherent Hallucination
qwen25_7b,alphabetical_think_answer,51,-27.3,-1.0,1.0,1,Coherent Hallucination
qwen25_7b,alphabetical_think_answer,61,-21.84,-0.8,0.8,1,Sound Reasoning
qwen25_7b,alphabetical_think_answer,63,-21.84,-0.8,0.8,1,Sound Reasoning
qwen25_7b,alphabetical_think_answer,62,-21.84,-0.8,-0.8,0,Coherent Hallucination
qwen25_7b,alphabetical_think_answer,60,-21.84,-0.8,-0.8,0,Ambiguous/Mixed
qwen25_7b,alphabetical_think_answer,65,-21.84,-0.8,0.8,1,Sound Reasoning
qwen25_7b,alphabetical_think_answer,58,-27.3,-1.0,-1.0,0,Coherent Hallucination
qwen25_7b,alphabetical_think_answer,73,-21.84,-0.8,0.8,1,Sound Reasoning
qwen25_7b,alphabetical_think_answer,68,-21.84,-0.8,-0.8,0,Coherent Hallucination
qwen25_7b,alphabetical_think_answer,64,-21.84,-0.8,-0.8,0,Coherent Hallucination
qwen25_7b,alphabetical_think_answer,70,-21.84,-0.8,-0.8,0,Contradictory Reasoning
qwen25_7b,alphabetical_think_answer,67,-21.84,-0.8,0.8,1,Sound Reasoning
qwen25_7b,alphabetical_think_answer,71,-21.84,-0.8,0.8,1,Sound Reasoning
qwen25_7b,alphabetical_think_answer,69,-21.84,-0.8,0.8,1,Sound Reasoning
qwen25_7b,alphabetical_think_answer,66,-21.84,-0.8,-0.8,0,Sound Reasoning
qwen25_7b,alphabetical_think_answer,57,-27.3,-1.0,1.0,1,Coherent Hallucination
qwen25_7b,alphabetical_think_answer,74,-21.84,-0.8,-0.8,0,Contradictory Reasoning
qwen25_7b,alphabetical_think_answer,77,-21.84,-0.8,0.8,1,Sound Reasoning
qwen25_7b,alphabetical_think_answer,72,-21.84,-0.8,-0.8,0,Contradictory Reasoning
qwen25_7b,alphabetical_think_answer,78,-21.84,-0.8,-0.8,0,Sound Reasoning
qwen25_7b,alphabetical_think_answer,75,-21.84,-0.8,0.8,1,Coherent Hallucination
qwen25_7b,alphabetical_think_answer,76,-21.84,-0.8,-0.8,0,Coherent Hallucination
qwen25_7b,alphabetical_think_answer,83,-21.84,-0.8,0.8,1,Sound Reasoning
qwen25_7b,alphabetical_think_answer,89,-21.84,-0.8,0.8,1,Sound Reasoning
qwen25_7b,alphabetical_think_answer,81,-21.84,-0.8,0.8,1,Sound Reasoning
qwen25_7b,alphabetical_think_answer,82,-21.84,-0.8,-0.8,0,Coherent Hallucination
qwen25_7b,alphabetical_think_answer,79,-21.84,-0.8,0.8,1,Coherent Hallucination
qwen25_7b,alphabetical_think_answer,85,-21.84,-0.8,0.8,1,Sound Reasoning
qwen25_7b,alphabetical_think_answer,86,-21.84,-0.8,-0.8,0,Sound Reasoning
qwen25_7b,alphabetical_think_answer,84,-21.84,-0.8,-0.8,0,Coherent Hallucination
qwen25_7b,alphabetical_think_answer,92,-21.84,-0.8,0.8,1,Sound Reasoning
qwen25_7b,alphabetical_think_answer,87,-21.84,-0.8,0.8,1,Coherent Hallucination
qwen25_7b,alphabetical_think_answer,80,-21.84,-0.8,-0.8,0,Coherent Hallucination
qwen25_7b,alphabetical_think_answer,88,-21.84,-0.8,-0.8,0,Coherent Hallucination
qwen25_7b,alphabetical_think_answer,90,-21.84,-0.8,-0.8,0,Coherent Hallucination
qwen25_7b,alphabetical_think_answer,94,-21.84,-0.8,-0.8,0,Sound Reasoning
qwen25_7b,alphabetical_think_answer,97,-21.84,-0.8,0.8,1,Sound Reasoning
qwen25_7b,alphabetical_think_answer,91,-21.84,-0.8,0.8,1,Sound Reasoning
qwen25_7b,alphabetical_think_answer,95,-21.84,-0.8,0.8,1,Sound Reasoning
qwen25_7b,alphabetical_think_answer,96,-21.84,-0.8,-0.8,0,Incoherent Hallucination
qwen25_7b,alphabetical_think_answer,93,-21.84,-0.8,-0.8,0,Incoherent Hallucination
qwen25_7b,alphabetical_think_answer,98,-21.84,-0.8,-0.8,0,Contradictory Reasoning
qwen25_7b,alphabetical_think_answer,101,-21.84,-0.8,0.8,1,Sound Reasoning
qwen25_7b,alphabetical_think_answer,99,-21.84,-0.8,0.8,1,Sound Reasoning
qwen25_7b,alphabetical_think_answer,100,-21.84,-0.8,-0.8,0,Coherent Hallucination
qwen25_7b,alphabetical_think_answer,104,-21.84,-0.8,-0.8,0,Coherent Hallucination
qwen25_7b,alphabetical_think_answer,102,-21.84,-0.8,-0.8,0,Coherent Hallucination
qwen25_7b,alphabetical_think_answer,107,-21.84,-0.8,0.8,1,Sound Reasoning
qwen25_7b,alphabetical_think_answer,105,-21.84,-0.8,0.8,1,Coherent Hallucination
qwen25_7b,alphabetical_think_answer,110,-21.84,-0.8,-0.8,0,Contradictory Reasoning
qwen25_7b,alphabetical_think_answer,113,-21.84,-0.8,0.8,1,Sound Reasoning
qwen25_7b,alphabetical_think_answer,109,-21.84,-0.8,0.8,1,Sound Reasoning
qwen25_7b,alphabetical_think_answer,111,-21.84,-0.8,0.8,1,Sound Reasoning
qwen25_7b,alphabetical_think_answer,116,-21.84,-0.8,-0.8,0,Sound Reasoning
qwen25_7b,alphabetical_think_answer,106,-21.84,-0.8,-0.8,0,Coherent Hallucination
qwen25_7b,alphabetical_think_answer,112,-21.84,-0.8,-0.8,0,Coherent Hallucination
qwen25_7b,alphabetical_think_answer,108,-21.84,-0.8,-0.8,0,Coherent Hallucination
qwen25_7b,alphabetical_think_answer,115,-21.84,-0.8,0.8,1,Sound Reasoning
qwen25_7b,alphabetical_think_answer,123,-16.38,-0.6,0.6,1,Sound Reasoning
qwen25_7b,alphabetical_think_answer,120,-16.38,-0.6,-0.6,0,Contradictory Reasoning
qwen25_7b,alphabetical_think_answer,118,-21.84,-0.8,-0.8,0,Sound Reasoning
qwen25_7b,alphabetical_think_answer,117,-21.84,-0.8,0.8,1,Sound Reasoning
qwen25_7b,alphabetical_think_answer,114,-21.84,-0.8,-0.8,0,Coherent Hallucination
qwen25_7b,alphabetical_think_answer,124,-16.38,-0.6,-0.6,0,Coherent Hallucination
qwen25_7b,alphabetical_think_answer,125,-16.38,-0.6,0.6,1,Sound Reasoning
qwen25_7b,alphabetical_think_answer,122,-16.38,-0.6,-0.6,0,Coherent Hallucination
qwen25_7b,alphabetical_think_answer,121,-16.38,-0.6,0.6,1,Coherent Hallucination
qwen25_7b,alphabetical_think_answer,127,-16.38,-0.6,0.6,1,Sound Reasoning
qwen25_7b,alphabetical_think_answer,119,-21.84,-0.8,0.8,1,Sound Reasoning
qwen25_7b,alphabetical_think_answer,131,-16.38,-0.6,0.6,1,Sound Reasoning
qwen25_7b,alphabetical_think_answer,133,-16.38,-0.6,0.6,1,Sound Reasoning
qwen25_7b,alphabetical_think_answer,103,-21.84,-0.8,0.8,1,Ambiguous/Mixed
qwen25_7b,alphabetical_think_answer,130,-16.38,-0.6,-0.6,0,Coherent Hallucination
qwen25_7b,alphabetical_think_answer,126,-16.38,-0.6,-0.6,0,Coherent Hallucination
qwen25_7b,alphabetical_think_answer,129,-16.38,-0.6,0.6,1,Sound Reasoning
qwen25_7b,alphabetical_think_answer,128,-16.38,-0.6,-0.6,0,Coherent Hallucination
qwen25_7b,alphabetical_think_answer,132,-16.38,-0.6,-0.6,0,Contradictory Reasoning
qwen25_7b,alphabetical_think_answer,137,-16.38,-0.6,0.6,1,Sound Reasoning
qwen25_7b,alphabetical_think_answer,139,-16.38,-0.6,0.6,1,Sound Reasoning
qwen25_7b,alphabetical_think_answer,134,-16.38,-0.6,-0.6,0,Contradictory Reasoning
qwen25_7b,alphabetical_think_answer,140,-16.38,-0.6,-0.6,0,Coherent Hallucination
qwen25_7b,alphabetical_think_answer,136,-16.38,-0.6,-0.6,0,Coherent Hallucination
qwen25_7b,alphabetical_think_answer,142,-16.38,-0.6,-0.6,0,Coherent Hallucination
qwen25_7b,alphabetical_think_answer,135,-16.38,-0.6,0.6,1,Sound Reasoning
qwen25_7b,alphabetical_think_answer,138,-16.38,-0.6,-0.6,0,Coherent Hallucination
qwen25_7b,alphabetical_think_answer,141,-16.38,-0.6,0.6,1,Sound Reasoning
qwen25_7b,alphabetical_think_answer,145,-16.38,-0.6,0.6,1,Sound Reasoning
qwen25_7b,alphabetical_think_answer,143,-16.38,-0.6,0.6,1,Sound Reasoning
qwen25_7b,alphabetical_think_answer,147,-16.38,-0.6,0.6,1,Sound Reasoning
qwen25_7b,alphabetical_think_answer,148,-16.38,-0.6,-0.6,0,Coherent Hallucination
qwen25_7b,alphabetical_think_answer,154,-16.38,-0.6,-0.6,0,Sound Reasoning
qwen25_7b,alphabetical_think_answer,149,-16.38,-0.6,0.6,1,Coherent Hallucination
qwen25_7b,alphabetical_think_answer,146,-16.38,-0.6,-0.6,0,Incoherent Hallucination
qwen25_7b,alphabetical_think_answer,150,-16.38,-0.6,-0.6,0,Contradictory Reasoning
qwen25_7b,alphabetical_think_answer,153,-16.38,-0.6,-0.6,0,Sound Reasoning
qwen25_7b,alphabetical_think_answer,156,-16.38,-0.6,-0.6,0,Incoherent Hallucination
qwen25_7b,alphabetical_think_answer,155,-16.38,-0.6,0.6,1,Sound Reasoning
qwen25_7b,alphabetical_think_answer,151,-16.38,-0.6,0.6,1,Sound Reasoning
qwen25_7b,alphabetical_think_answer,161,-16.38,-0.6,0.6,1,Sound Reasoning
qwen25_7b,alphabetical_think_answer,159,-16.38,-0.6,0.6,1,Sound Reasoning
qwen25_7b,alphabetical_think_answer,144,-16.38,-0.6,-0.6,0,Contradictory Reasoning
qwen25_7b,alphabetical_think_answer,152,-16.38,-0.6,0.6,1,Sound Reasoning
qwen25_7b,alphabetical_think_answer,157,-16.38,-0.6,0.6,1,Sound Reasoning
qwen25_7b,alphabetical_think_answer,163,-16.38,-0.6,0.6,1,Sound Reasoning
qwen25_7b,alphabetical_think_answer,160,-16.38,-0.6,-0.6,0,Sound Reasoning
qwen25_7b,alphabetical_think_answer,162,-16.38,-0.6,-0.6,0,Sound Reasoning
qwen25_7b,alphabetical_think_answer,169,-16.38,-0.6,0.6,1,Sound Reasoning
qwen25_7b,alphabetical_think_answer,158,-16.38,-0.6,-0.6,0,Incoherent Hallucination
qwen25_7b,alphabetical_think_answer,167,-16.38,-0.6,0.6,1,Coherent Hallucination
qwen25_7b,alphabetical_think_answer,166,-16.38,-0.6,-0.6,0,Coherent Hallucination
qwen25_7b,alphabetical_think_answer,172,-16.38,-0.6,-0.6,0,Coherent Hallucination
qwen25_7b,alphabetical_think_answer,164,-16.38,-0.6,-0.6,0,Coherent Hallucination
qwen25_7b,alphabetical_think_answer,165,-16.38,-0.6,0.6,1,Sound Reasoning
qwen25_7b,alphabetical_think_answer,170,-16.38,-0.6,-0.6,0,Coherent Hallucination
qwen25_7b,alphabetical_think_answer,171,-16.38,-0.6,0.6,1,Sound Reasoning
qwen25_7b,alphabetical_think_answer,173,-16.38,-0.6,0.6,1,Sound Reasoning
qwen25_7b,alphabetical_think_answer,175,-16.38,-0.6,0.6,1,Sound Reasoning
qwen25_7b,alphabetical_think_answer,168,-16.38,-0.6,-0.6,0,Sound Reasoning
qwen25_7b,alphabetical_think_answer,174,-16.38,-0.6,-0.6,0,Coherent Hallucination
qwen25_7b,alphabetical_think_answer,183,-10.92,-0.4,0.4,1,Sound Reasoning
qwen25_7b,alphabetical_think_answer,178,-16.38,-0.6,-0.6,0,Sound Reasoning
qwen25_7b,alphabetical_think_answer,176,-16.38,-0.6,-0.6,0,Coherent Hallucination
qwen25_7b,alphabetical_think_answer,177,-16.38,-0.6,0.6,1,Sound Reasoning
qwen25_7b,alphabetical_think_answer,185,-10.92,-0.4,0.4,1,Sound Reasoning
qwen25_7b,alphabetical_think_answer,180,-10.92,-0.4,-0.4,0,Contradictory Reasoning
qwen25_7b,alphabetical_think_answer,182,-10.92,-0.4,-0.4,0,Contradictory Reasoning
qwen25_7b,alphabetical_think_answer,179,-16.38,-0.6,0.6,1,Sound Reasoning
qwen25_7b,alphabetical_think_answer,191,-10.92,-0.4,0.4,1,Sound Reasoning
qwen25_7b,alphabetical_think_answer,190,-10.92,-0.4,-0.4,0,Coherent Hallucination
qwen25_7b,alphabetical_think_answer,189,-10.92,-0.4,0.4,1,Sound Reasoning
qwen25_7b,alphabetical_think_answer,184,-10.92,-0.4,-0.4,0,Contradictory Reasoning
qwen25_7b,alphabetical_think_answer,186,-10.92,-0.4,-0.4,0,Incoherent Hallucination
qwen25_7b,alphabetical_think_answer,188,-10.92,-0.4,-0.4,0,Contradictory Reasoning
qwen25_7b,alphabetical_think_answer,181,-10.92,-0.4,0.4,1,Incoherent Hallucination
qwen25_7b,alphabetical_think_answer,198,-10.92,-0.4,-0.4,0,Contradictory Reasoning
qwen25_7b,alphabetical_think_answer,193,-10.92,-0.4,0.4,1,Sound Reasoning
qwen25_7b,alphabetical_think_answer,187,-10.92,-0.4,0.4,1,Coherent Hallucination
qwen25_7b,alphabetical_think_answer,195,-10.92,-0.4,0.4,1,Incoherent Hallucination
qwen25_7b,alphabetical_think_answer,194,-10.92,-0.4,-0.4,0,Contradictory Reasoning
qwen25_7b,alphabetical_think_answer,199,-10.92,-0.4,0.4,1,Sound Reasoning
qwen25_7b,alphabetical_think_answer,200,-10.92,-0.4,-0.4,0,Sound Reasoning
qwen25_7b,alphabetical_think_answer,192,-10.92,-0.4,-0.4,0,Contradictory Reasoning
qwen25_7b,alphabetical_think_answer,196,-10.92,-0.4,-0.4,0,Coherent Hallucination
qwen25_7b,alphabetical_think_answer,204,-10.92,-0.4,-0.4,0,Contradictory Reasoning
qwen25_7b,alphabetical_think_answer,197,-10.92,-0.4,0.4,1,Sound Reasoning
qwen25_7b,alphabetical_think_answer,203,-10.92,-0.4,0.4,1,Sound Reasoning
qwen25_7b,alphabetical_think_answer,206,-10.92,-0.4,-0.4,0,Contradictory Reasoning
qwen25_7b,alphabetical_think_answer,208,-10.92,-0.4,-0.4,0,Sound Reasoning
qwen25_7b,alphabetical_think_answer,201,-10.92,-0.4,0.4,1,Sound Reasoning
qwen25_7b,alphabetical_think_answer,202,-10.92,-0.4,-0.4,0,Coherent Hallucination
qwen25_7b,alphabetical_think_answer,210,-10.92,-0.4,-0.4,0,Contradictory Reasoning
qwen25_7b,alphabetical_think_answer,205,-10.92,-0.4,0.4,1,Incoherent Hallucination
qwen25_7b,alphabetical_think_answer,213,-10.92,-0.4,-0.4,0,Sound Reasoning
qwen25_7b,alphabetical_think_answer,211,-10.92,-0.4,0.4,1,Sound Reasoning
qwen25_7b,alphabetical_think_answer,207,-10.92,-0.4,0.4,1,Contradictory Reasoning
qwen25_7b,alphabetical_think_answer,209,-10.92,-0.4,0.4,1,Sound Reasoning
qwen25_7b,alphabetical_think_answer,223,-10.92,-0.4,0.4,1,Sound Reasoning
qwen25_7b,alphabetical_think_answer,217,-10.92,-0.4,0.4,1,Sound Reasoning
qwen25_7b,alphabetical_think_answer,216,-10.92,-0.4,-0.4,0,Contradictory Reasoning
qwen25_7b,alphabetical_think_answer,215,-10.92,-0.4,0.4,1,Sound Reasoning
qwen25_7b,alphabetical_think_answer,214,-10.92,-0.4,-0.4,0,Coherent Hallucination
qwen25_7b,alphabetical_think_answer,222,-10.92,-0.4,-0.4,0,Contradictory Reasoning
qwen25_7b,alphabetical_think_answer,212,-10.92,-0.4,0.4,1,Sound Reasoning
qwen25_7b,alphabetical_think_answer,226,-10.92,-0.4,-0.4,0,Contradictory Reasoning
qwen25_7b,alphabetical_think_answer,225,-10.92,-0.4,0.4,1,Sound Reasoning
qwen25_7b,alphabetical_think_answer,221,-10.92,-0.4,0.4,1,Sound Reasoning
qwen25_7b,alphabetical_think_answer,220,-10.92,-0.4,-0.4,0,Contradictory Reasoning
qwen25_7b,alphabetical_think_answer,231,-10.92,-0.4,0.4,1,Sound Reasoning
qwen25_7b,alphabetical_think_answer,219,-10.92,-0.4,0.4,1,Sound Reasoning
qwen25_7b,alphabetical_think_answer,227,-10.92,-0.4,0.4,1,Sound Reasoning
qwen25_7b,alphabetical_think_answer,224,-10.92,-0.4,-0.4,0,Contradictory Reasoning
qwen25_7b,alphabetical_think_answer,228,-10.92,-0.4,-0.4,0,Coherent Hallucination
qwen25_7b,alphabetical_think_answer,230,-10.92,-0.4,-0.4,0,Coherent Hallucination
qwen25_7b,alphabetical_think_answer,218,-10.92,-0.4,-0.4,0,Contradictory Reasoning
qwen25_7b,alphabetical_think_answer,229,-10.92,-0.4,0.4,1,Coherent Hallucination
qwen25_7b,alphabetical_think_answer,240,-5.46,-0.2,-0.2,1,Sound Reasoning
qwen25_7b,alphabetical_think_answer,234,-10.92,-0.4,-0.4,0,Contradictory Reasoning
qwen25_7b,alphabetical_think_answer,233,-10.92,-0.4,0.4,1,Sound Reasoning
qwen25_7b,alphabetical_think_answer,235,-10.92,-0.4,0.4,1,Sound Reasoning
qwen25_7b,alphabetical_think_answer,232,-10.92,-0.4,-0.4,0,Coherent Hallucination
qwen25_7b,alphabetical_think_answer,243,-5.46,-0.2,0.2,1,Sound Reasoning
qwen25_7b,alphabetical_think_answer,236,-10.92,-0.4,-0.4,0,Contradictory Reasoning
qwen25_7b,alphabetical_think_answer,241,-5.46,-0.2,0.2,1,Sound Reasoning
qwen25_7b,alphabetical_think_answer,245,-5.46,-0.2,0.2,1,Sound Reasoning
qwen25_7b,alphabetical_think_answer,242,-5.46,-0.2,-0.2,0,Contradictory Reasoning
qwen25_7b,alphabetical_think_answer,244,-5.46,-0.2,-0.2,1,Sound Reasoning
qwen25_7b,alphabetical_think_answer,238,-10.92,-0.4,-0.4,0,Sound Reasoning
qwen25_7b,alphabetical_think_answer,246,-5.46,-0.2,-0.2,1,Sound Reasoning
qwen25_7b,alphabetical_think_answer,247,-5.46,-0.2,0.2,1,Sound Reasoning
qwen25_7b,alphabetical_think_answer,239,-10.92,-0.4,0.4,1,Sound Reasoning
qwen25_7b,alphabetical_think_answer,237,-10.92,-0.4,0.4,1,Sound Reasoning
qwen25_7b,alphabetical_think_answer,250,-5.46,-0.2,-0.2,1,Sound Reasoning
qwen25_7b,alphabetical_think_answer,249,-5.46,-0.2,0.2,1,Sound Reasoning
qwen25_7b,alphabetical_think_answer,251,-5.46,-0.2,0.2,0,Coherent Hallucination
qwen25_7b,alphabetical_think_answer,252,-5.46,-0.2,-0.2,1,Sound Reasoning
qwen25_7b,alphabetical_think_answer,255,-5.46,-0.2,0.2,1,Sound Reasoning
qwen25_7b,alphabetical_think_answer,248,-5.46,-0.2,-0.2,1,Sound Reasoning
qwen25_7b,alphabetical_think_answer,254,-5.46,-0.2,-0.2,0,Coherent Hallucination
qwen25_7b,alphabetical_think_answer,257,-5.46,-0.2,0.2,1,Coherent Hallucination
qwen25_7b,alphabetical_think_answer,261,-5.46,-0.2,0.2,1,Sound Reasoning
qwen25_7b,alphabetical_think_answer,262,-5.46,-0.2,-0.2,0,Coherent Hallucination
qwen25_7b,alphabetical_think_answer,253,-5.46,-0.2,0.2,1,Sound Reasoning
qwen25_7b,alphabetical_think_answer,256,-5.46,-0.2,-0.2,0,Coherent Hallucination
qwen25_7b,alphabetical_think_answer,267,-5.46,-0.2,0.2,1,Sound Reasoning
qwen25_7b,alphabetical_think_answer,268,-5.46,-0.2,-0.2,1,Sound Reasoning
qwen25_7b,alphabetical_think_answer,259,-5.46,-0.2,0.2,1,Sound Reasoning
qwen25_7b,alphabetical_think_answer,265,-5.46,-0.2,0.2,1,Sound Reasoning
qwen25_7b,alphabetical_think_answer,263,-5.46,-0.2,0.2,1,Sound Reasoning
qwen25_7b,alphabetical_think_answer,260,-5.46,-0.2,-0.2,1,Sound Reasoning
qwen25_7b,alphabetical_think_answer,258,-5.46,-0.2,-0.2,0,Contradictory Reasoning
qwen25_7b,alphabetical_think_answer,266,-5.46,-0.2,-0.2,1,Sound Reasoning
qwen25_7b,alphabetical_think_answer,269,-5.46,-0.2,0.2,1,Coherent Hallucination
qwen25_7b,alphabetical_think_answer,273,-5.46,-0.2,-0.2,0,Sound Reasoning
qwen25_7b,alphabetical_think_answer,264,-5.46,-0.2,-0.2,1,Sound Reasoning
qwen25_7b,alphabetical_think_answer,275,-5.46,-0.2,0.2,1,Sound Reasoning
qwen25_7b,alphabetical_think_answer,271,-5.46,-0.2,0.2,1,Sound Reasoning
qwen25_7b,alphabetical_think_answer,270,-5.46,-0.2,-0.2,0,Contradictory Reasoning
qwen25_7b,alphabetical_think_answer,274,-5.46,-0.2,-0.2,1,Sound Reasoning
qwen25_7b,alphabetical_think_answer,276,-5.46,-0.2,-0.2,0,Contradictory Reasoning
qwen25_7b,alphabetical_think_answer,277,-5.46,-0.2,0.2,1,Sound Reasoning
qwen25_7b,alphabetical_think_answer,279,-5.46,-0.2,0.2,1,Sound Reasoning
qwen25_7b,alphabetical_think_answer,286,-5.46,-0.2,-0.2,1,Sound Reasoning
qwen25_7b,alphabetical_think_answer,280,-5.46,-0.2,-0.2,1,Sound Reasoning
qwen25_7b,alphabetical_think_answer,285,-5.46,-0.2,0.2,1,Sound Reasoning
qwen25_7b,alphabetical_think_answer,284,-5.46,-0.2,-0.2,1,Sound Reasoning
qwen25_7b,alphabetical_think_answer,278,-5.46,-0.2,-0.2,1,Sound Reasoning
qwen25_7b,alphabetical_think_answer,281,-5.46,-0.2,0.2,0,Coherent Hallucination
qwen25_7b,alphabetical_think_answer,282,-5.46,-0.2,-0.2,0,Contradictory Reasoning
qwen25_7b,alphabetical_think_answer,283,-5.46,-0.2,0.2,0,Coherent Hallucination
qwen25_7b,alphabetical_think_answer,293,-5.46,-0.2,0.2,1,Sound Reasoning
qwen25_7b,alphabetical_think_answer,272,-5.46,-0.2,0.2,1,Coherent Hallucination
qwen25_7b,alphabetical_think_answer,292,-5.46,-0.2,-0.2,0,Contradictory Reasoning
qwen25_7b,alphabetical_think_answer,290,-5.46,-0.2,-0.2,1,Sound Reasoning
qwen25_7b,alphabetical_think_answer,291,-5.46,-0.2,0.2,1,Sound Reasoning
qwen25_7b,alphabetical_think_answer,289,-5.46,-0.2,0.2,1,Sound Reasoning
qwen25_7b,alphabetical_think_answer,287,-5.46,-0.2,0.2,1,Coherent Hallucination
qwen25_7b,alphabetical_think_answer,295,-5.46,-0.2,0.2,1,Sound Reasoning
qwen25_7b,alphabetical_think_answer,298,-5.46,-0.2,-0.2,1,Sound Reasoning
qwen25_7b,alphabetical_think_answer,300,0.0,0.0,0.0,1,Sound Reasoning
qwen25_7b,alphabetical_think_answer,303,0.0,0.0,-0.0,1,Sound Reasoning
qwen25_7b,alphabetical_think_answer,288,-5.46,-0.2,-0.2,1,Sound Reasoning
qwen25_7b,alphabetical_think_answer,302,0.0,0.0,0.0,1,Sound Reasoning
qwen25_7b,alphabetical_think_answer,294,-5.46,-0.2,-0.2,1,Coherent Hallucination
qwen25_7b,alphabetical_think_answer,304,0.0,0.0,0.0,1,Sound Reasoning
qwen25_7b,alphabetical_think_answer,305,0.0,0.0,-0.0,1,Sound Reasoning
qwen25_7b,alphabetical_think_answer,299,-5.46,-0.2,0.2,1,Sound Reasoning
qwen25_7b,alphabetical_think_answer,301,0.0,0.0,-0.0,1,Sound Reasoning
qwen25_7b,alphabetical_think_answer,308,0.0,0.0,0.0,1,Sound Reasoning
qwen25_7b,alphabetical_think_answer,307,0.0,0.0,-0.0,0,Coherent Hallucination
qwen25_7b,alphabetical_think_answer,296,-5.46,-0.2,-0.2,0,Contradictory Reasoning
qwen25_7b,alphabetical_think_answer,309,0.0,0.0,-0.0,1,Sound Reasoning
qwen25_7b,alphabetical_think_answer,306,0.0,0.0,0.0,1,Sound Reasoning
qwen25_7b,alphabetical_think_answer,310,0.0,0.0,0.0,1,Sound Reasoning
qwen25_7b,alphabetical_think_answer,297,-5.46,-0.2,0.2,1,Incoherent Hallucination
qwen25_7b,alphabetical_think_answer,314,0.0,0.0,0.0,1,Sound Reasoning
qwen25_7b,alphabetical_think_answer,312,0.0,0.0,0.0,1,Sound Reasoning
qwen25_7b,alphabetical_think_answer,313,0.0,0.0,-0.0,0,Coherent Hallucination
qwen25_7b,alphabetical_think_answer,316,0.0,0.0,0.0,1,Sound Reasoning
qwen25_7b,alphabetical_think_answer,322,0.0,0.0,0.0,1,Sound Reasoning
qwen25_7b,alphabetical_think_answer,318,0.0,0.0,0.0,1,Sound Reasoning
qwen25_7b,alphabetical_think_answer,311,0.0,0.0,-0.0,1,Sound Reasoning
qwen25_7b,alphabetical_think_answer,315,0.0,0.0,-0.0,1,Sound Reasoning
qwen25_7b,alphabetical_think_answer,320,0.0,0.0,0.0,1,Sound Reasoning
qwen25_7b,alphabetical_think_answer,319,0.0,0.0,-0.0,1,Sound Reasoning
qwen25_7b,alphabetical_think_answer,317,0.0,0.0,-0.0,0,Incoherent Hallucination
qwen25_7b,alphabetical_think_answer,323,0.0,0.0,-0.0,1,Sound Reasoning
qwen25_7b,alphabetical_think_answer,325,0.0,0.0,-0.0,0,Coherent Hallucination
qwen25_7b,alphabetical_think_answer,324,0.0,0.0,0.0,1,Sound Reasoning
qwen25_7b,alphabetical_think_answer,326,0.0,0.0,0.0,1,Sound Reasoning
qwen25_7b,alphabetical_think_answer,327,0.0,0.0,-0.0,1,Sound Reasoning
qwen25_7b,alphabetical_think_answer,328,0.0,0.0,0.0,1,Sound Reasoning
qwen25_7b,alphabetical_think_answer,321,0.0,0.0,-0.0,1,Sound Reasoning
qwen25_7b,alphabetical_think_answer,329,0.0,0.0,-0.0,0,Coherent Hallucination
qwen25_7b,alphabetical_think_answer,330,0.0,0.0,0.0,1,Sound Reasoning
qwen25_7b,alphabetical_think_answer,331,0.0,0.0,-0.0,1,Contradictory Reasoning
qwen25_7b,alphabetical_think_answer,332,0.0,0.0,-0.0,1,Sound Reasoning
qwen25_7b,alphabetical_think_answer,337,0.0,0.0,-0.0,1,Sound Reasoning
qwen25_7b,alphabetical_think_answer,334,0.0,0.0,0.0,1,Sound Reasoning
qwen25_7b,alphabetical_think_answer,340,0.0,0.0,0.0,1,Coherent Hallucination
qwen25_7b,alphabetical_think_answer,343,0.0,0.0,-0.0,1,Sound Reasoning
qwen25_7b,alphabetical_think_answer,339,0.0,0.0,-0.0,1,Sound Reasoning
qwen25_7b,alphabetical_think_answer,333,0.0,0.0,0.0,1,Sound Reasoning
qwen25_7b,alphabetical_think_answer,344,0.0,0.0,0.0,1,Sound Reasoning
qwen25_7b,alphabetical_think_answer,341,0.0,0.0,-0.0,1,Sound Reasoning
qwen25_7b,alphabetical_think_answer,346,0.0,0.0,0.0,1,Sound Reasoning
qwen25_7b,alphabetical_think_answer,335,0.0,0.0,-0.0,1,Sound Reasoning
qwen25_7b,alphabetical_think_answer,338,0.0,0.0,0.0,1,Sound Reasoning
qwen25_7b,alphabetical_think_answer,342,0.0,0.0,0.0,1,Sound Reasoning
qwen25_7b,alphabetical_think_answer,336,0.0,0.0,0.0,1,Sound Reasoning
qwen25_7b,alphabetical_think_answer,352,0.0,0.0,0.0,1,Sound Reasoning
qwen25_7b,alphabetical_think_answer,345,0.0,0.0,-0.0,1,Sound Reasoning
qwen25_7b,alphabetical_think_answer,348,0.0,0.0,0.0,1,Sound Reasoning
qwen25_7b,alphabetical_think_answer,350,0.0,0.0,0.0,1,Sound Reasoning
qwen25_7b,alphabetical_think_answer,353,0.0,0.0,-0.0,1,Sound Reasoning
qwen25_7b,alphabetical_think_answer,351,0.0,0.0,-0.0,1,Sound Reasoning
qwen25_7b,alphabetical_think_answer,363,4.98,0.2,-0.2,0,Coherent Hallucination
qwen25_7b,alphabetical_think_answer,356,0.0,0.0,0.0,1,Sound Reasoning
qwen25_7b,alphabetical_think_answer,358,0.0,0.0,0.0,1,Sound Reasoning
qwen25_7b,alphabetical_think_answer,347,0.0,0.0,-0.0,1,Sound Reasoning
qwen25_7b,alphabetical_think_answer,360,4.98,0.2,0.2,1,Sound Reasoning
qwen25_7b,alphabetical_think_answer,361,4.98,0.2,-0.2,1,Sound Reasoning
qwen25_7b,alphabetical_think_answer,354,0.0,0.0,0.0,1,Sound Reasoning
qwen25_7b,alphabetical_think_answer,349,0.0,0.0,-0.0,1,Sound Reasoning
qwen25_7b,alphabetical_think_answer,362,4.98,0.2,0.2,1,Sound Reasoning
qwen25_7b,alphabetical_think_answer,366,4.98,0.2,0.2,1,Sound Reasoning
qwen25_7b,alphabetical_think_answer,357,0.0,0.0,-0.0,1,Sound Reasoning
qwen25_7b,alphabetical_think_answer,355,0.0,0.0,-0.0,1,Sound Reasoning
qwen25_7b,alphabetical_think_answer,368,4.98,0.2,0.2,1,Sound Reasoning
qwen25_7b,alphabetical_think_answer,364,4.98,0.2,0.2,1,Sound Reasoning
qwen25_7b,alphabetical_think_answer,359,0.0,0.0,-0.0,0,Coherent Hallucination
qwen25_7b,alphabetical_think_answer,365,4.98,0.2,-0.2,0,Coherent Hallucination
qwen25_7b,alphabetical_think_answer,367,4.98,0.2,-0.2,0,Coherent Hallucination
qwen25_7b,alphabetical_think_answer,370,4.98,0.2,0.2,1,Sound Reasoning
qwen25_7b,alphabetical_think_answer,378,4.98,0.2,0.2,1,Sound Reasoning
qwen25_7b,alphabetical_think_answer,384,4.98,0.2,0.2,1,Sound Reasoning
qwen25_7b,alphabetical_think_answer,375,4.98,0.2,-0.2,0,Incoherent Hallucination
qwen25_7b,alphabetical_think_answer,374,4.98,0.2,0.2,1,Sound Reasoning
qwen25_7b,alphabetical_think_answer,376,4.98,0.2,0.2,1,Sound Reasoning
qwen25_7b,alphabetical_think_answer,380,4.98,0.2,0.2,1,Sound Reasoning
qwen25_7b,alphabetical_think_answer,372,4.98,0.2,0.2,1,Sound Reasoning
qwen25_7b,alphabetical_think_answer,382,4.98,0.2,0.2,1,Sound Reasoning
qwen25_7b,alphabetical_think_answer,373,4.98,0.2,-0.2,0,Coherent Hallucination
qwen25_7b,alphabetical_think_answer,369,4.98,0.2,-0.2,1,Sound Reasoning
qwen25_7b,alphabetical_think_answer,379,4.98,0.2,-0.2,0,Coherent Hallucination
qwen25_7b,alphabetical_think_answer,383,4.98,0.2,-0.2,1,Sound Reasoning
qwen25_7b,alphabetical_think_answer,377,4.98,0.2,-0.2,0,Coherent Hallucination
qwen25_7b,alphabetical_think_answer,371,4.98,0.2,-0.2,0,Coherent Hallucination
qwen25_7b,alphabetical_think_answer,391,4.98,0.2,-0.2,1,Sound Reasoning
qwen25_7b,alphabetical_think_answer,386,4.98,0.2,0.2,1,Sound Reasoning
qwen25_7b,alphabetical_think_answer,381,4.98,0.2,-0.2,0,Coherent Hallucination
qwen25_7b,alphabetical_think_answer,393,4.98,0.2,0.2,1,Sound Reasoning
qwen25_7b,alphabetical_think_answer,387,4.98,0.2,-0.2,0,Incoherent Hallucination
qwen25_7b,alphabetical_think_answer,389,4.98,0.2,-0.2,0,Coherent Hallucination
qwen25_7b,alphabetical_think_answer,398,4.98,0.2,0.2,1,Sound Reasoning
qwen25_7b,alphabetical_think_answer,392,4.98,0.2,-0.2,1,Sound Reasoning
qwen25_7b,alphabetical_think_answer,385,4.98,0.2,-0.2,0,Coherent Hallucination
qwen25_7b,alphabetical_think_answer,397,4.98,0.2,-0.2,1,Sound Reasoning
qwen25_7b,alphabetical_think_answer,390,4.98,0.2,0.2,1,Sound Reasoning
qwen25_7b,alphabetical_think_answer,394,4.98,0.2,0.2,1,Sound Reasoning
qwen25_7b,alphabetical_think_answer,388,4.98,0.2,0.2,1,Sound Reasoning
qwen25_7b,alphabetical_think_answer,395,4.98,0.2,-0.2,1,Sound Reasoning
qwen25_7b,alphabetical_think_answer,399,4.98,0.2,-0.2,1,Sound Reasoning
qwen25_7b,alphabetical_think_answer,404,4.98,0.2,0.2,1,Sound Reasoning
qwen25_7b,alphabetical_think_answer,396,4.98,0.2,0.2,1,Sound Reasoning
qwen25_7b,alphabetical_think_answer,402,4.98,0.2,0.2,1,Sound Reasoning
qwen25_7b,alphabetical_think_answer,406,4.98,0.2,0.2,1,Sound Reasoning
qwen25_7b,alphabetical_think_answer,401,4.98,0.2,-0.2,0,Sound Reasoning
qwen25_7b,alphabetical_think_answer,405,4.98,0.2,-0.2,1,Sound Reasoning
qwen25_7b,alphabetical_think_answer,400,4.98,0.2,0.2,1,Coherent Hallucination
qwen25_7b,alphabetical_think_answer,408,4.98,0.2,0.2,1,Sound Reasoning
qwen25_7b,alphabetical_think_answer,407,4.98,0.2,-0.2,1,Sound Reasoning
qwen25_7b,alphabetical_think_answer,414,4.98,0.2,0.2,1,Sound Reasoning
qwen25_7b,alphabetical_think_answer,413,4.98,0.2,-0.2,1,Sound Reasoning
qwen25_7b,alphabetical_think_answer,410,4.98,0.2,0.2,1,Sound Reasoning
qwen25_7b,alphabetical_think_answer,412,4.98,0.2,0.2,1,Sound Reasoning
qwen25_7b,alphabetical_think_answer,403,4.98,0.2,-0.2,0,Coherent Hallucination
qwen25_7b,alphabetical_think_answer,411,4.98,0.2,-0.2,1,Sound Reasoning
qwen25_7b,alphabetical_think_answer,416,4.98,0.2,0.2,1,Sound Reasoning
qwen25_7b,alphabetical_think_answer,418,4.98,0.2,0.2,1,Sound Reasoning
qwen25_7b,alphabetical_think_answer,415,4.98,0.2,-0.2,1,Sound Reasoning
qwen25_7b,alphabetical_think_answer,419,4.98,0.2,-0.2,0,Coherent Hallucination
qwen25_7b,alphabetical_think_answer,426,9.96,0.4,0.4,1,Sound Reasoning
qwen25_7b,alphabetical_think_answer,409,4.98,0.2,-0.2,0,Coherent Hallucination
qwen25_7b,alphabetical_think_answer,417,4.98,0.2,-0.2,0,Coherent Hallucination
qwen25_7b,alphabetical_think_answer,421,9.96,0.4,-0.4,0,Incoherent Hallucination
qwen25_7b,alphabetical_think_answer,425,9.96,0.4,-0.4,0,Coherent Hallucination
qwen25_7b,alphabetical_think_answer,423,9.96,0.4,-0.4,0,Coherent Hallucination
qwen25_7b,alphabetical_think_answer,429,9.96,0.4,-0.4,0,Coherent Hallucination
qwen25_7b,alphabetical_think_answer,424,9.96,0.4,0.4,1,Sound Reasoning
qwen25_7b,alphabetical_think_answer,433,9.96,0.4,-0.4,0,Coherent Hallucination
qwen25_7b,alphabetical_think_answer,427,9.96,0.4,-0.4,0,Coherent Hallucination
qwen25_7b,alphabetical_think_answer,428,9.96,0.4,0.4,1,Sound Reasoning
qwen25_7b,alphabetical_think_answer,422,9.96,0.4,0.4,1,Sound Reasoning
qwen25_7b,alphabetical_think_answer,420,9.96,0.4,0.4,1,Sound Reasoning
qwen25_7b,alphabetical_think_answer,436,9.96,0.4,0.4,1,Sound Reasoning
qwen25_7b,alphabetical_think_answer,430,9.96,0.4,0.4,1,Sound Reasoning
qwen25_7b,alphabetical_think_answer,432,9.96,0.4,0.4,1,Sound Reasoning
qwen25_7b,alphabetical_think_answer,440,9.96,0.4,0.4,1,Sound Reasoning
qwen25_7b,alphabetical_think_answer,438,9.96,0.4,0.4,1,Sound Reasoning
qwen25_7b,alphabetical_think_answer,439,9.96,0.4,-0.4,0,Coherent Hallucination
qwen25_7b,alphabetical_think_answer,435,9.96,0.4,-0.4,0,Coherent Hallucination
qwen25_7b,alphabetical_think_answer,431,9.96,0.4,-0.4,0,Coherent Hallucination
qwen25_7b,alphabetical_think_answer,434,9.96,0.4,0.4,1,Sound Reasoning
qwen25_7b,alphabetical_think_answer,444,9.96,0.4,0.4,1,Sound Reasoning
qwen25_7b,alphabetical_think_answer,437,9.96,0.4,-0.4,0,Coherent Hallucination
qwen25_7b,alphabetical_think_answer,441,9.96,0.4,-0.4,0,Coherent Hallucination
qwen25_7b,alphabetical_think_answer,448,9.96,0.4,0.4,1,Sound Reasoning
qwen25_7b,alphabetical_think_answer,442,9.96,0.4,0.4,1,Sound Reasoning
qwen25_7b,alphabetical_think_answer,447,9.96,0.4,-0.4,0,Coherent Hallucination
qwen25_7b,alphabetical_think_answer,446,9.96,0.4,0.4,1,Sound Reasoning
qwen25_7b,alphabetical_think_answer,449,9.96,0.4,-0.4,0,Coherent Hallucination
qwen25_7b,alphabetical_think_answer,443,9.96,0.4,-0.4,0,Coherent Hallucination
qwen25_7b,alphabetical_think_answer,454,9.96,0.4,0.4,1,Sound Reasoning
qwen25_7b,alphabetical_think_answer,456,9.96,0.4,0.4,1,Sound Reasoning
qwen25_7b,alphabetical_think_answer,445,9.96,0.4,-0.4,0,Coherent Hallucination
qwen25_7b,alphabetical_think_answer,452,9.96,0.4,-0.4,1,Sound Reasoning
qwen25_7b,alphabetical_think_answer,453,9.96,0.4,0.4,1,Sound Reasoning
qwen25_7b,alphabetical_think_answer,461,9.96,0.4,-0.4,0,Contradictory Reasoning
qwen25_7b,alphabetical_think_answer,450,9.96,0.4,0.4,1,Sound Reasoning
qwen25_7b,alphabetical_think_answer,458,9.96,0.4,0.4,1,Sound Reasoning
qwen25_7b,alphabetical_think_answer,462,9.96,0.4,0.4,1,Sound Reasoning
qwen25_7b,alphabetical_think_answer,457,9.96,0.4,-0.4,1,Sound Reasoning
qwen25_7b,alphabetical_think_answer,451,9.96,0.4,-0.4,1,Sound Reasoning
qwen25_7b,alphabetical_think_answer,455,9.96,0.4,-0.4,1,Sound Reasoning
qwen25_7b,alphabetical_think_answer,463,9.96,0.4,-0.4,1,Sound Reasoning
qwen25_7b,alphabetical_think_answer,460,9.96,0.4,0.4,1,Coherent Hallucination
qwen25_7b,alphabetical_think_answer,459,9.96,0.4,-0.4,1,Sound Reasoning
qwen25_7b,alphabetical_think_answer,477,9.96,0.4,-0.4,0,Contradictory Reasoning
qwen25_7b,alphabetical_think_answer,464,9.96,0.4,0.4,1,Sound Reasoning
qwen25_7b,alphabetical_think_answer,465,9.96,0.4,-0.4,1,Sound Reasoning
qwen25_7b,alphabetical_think_answer,468,9.96,0.4,0.4,1,Sound Reasoning
qwen25_7b,alphabetical_think_answer,467,9.96,0.4,-0.4,1,Sound Reasoning
qwen25_7b,alphabetical_think_answer,466,9.96,0.4,0.4,1,Sound Reasoning
qwen25_7b,alphabetical_think_answer,473,9.96,0.4,-0.4,1,Sound Reasoning
qwen25_7b,alphabetical_think_answer,475,9.96,0.4,-0.4,0,Incoherent Hallucination
qwen25_7b,alphabetical_think_answer,474,9.96,0.4,0.4,1,Sound Reasoning
qwen25_7b,alphabetical_think_answer,470,9.96,0.4,0.4,1,Sound Reasoning
qwen25_7b,alphabetical_think_answer,469,9.96,0.4,-0.4,1,Sound Reasoning
qwen25_7b,alphabetical_think_answer,480,14.94,0.6,0.6,1,Sound Reasoning
qwen25_7b,alphabetical_think_answer,479,9.96,0.4,-0.4,0,Coherent Hallucination
qwen25_7b,alphabetical_think_answer,472,9.96,0.4,0.4,1,Sound Reasoning
qwen25_7b,alphabetical_think_answer,478,9.96,0.4,0.4,1,Sound Reasoning
qwen25_7b,alphabetical_think_answer,481,14.94,0.6,-0.6,0,Contradictory Reasoning
qwen25_7b,alphabetical_think_answer,476,9.96,0.4,0.4,1,Sound Reasoning
qwen25_7b,alphabetical_think_answer,482,14.94,0.6,0.6,1,Sound Reasoning
qwen25_7b,alphabetical_think_answer,483,14.94,0.6,-0.6,0,Coherent Hallucination
qwen25_7b,alphabetical_think_answer,471,9.96,0.4,-0.4,0,Contradictory Reasoning
qwen25_7b,alphabetical_think_answer,486,14.94,0.6,0.6,1,Sound Reasoning
qwen25_7b,alphabetical_think_answer,484,14.94,0.6,0.6,1,Sound Reasoning
qwen25_7b,alphabetical_think_answer,487,14.94,0.6,-0.6,0,Coherent Hallucination
qwen25_7b,alphabetical_think_answer,485,14.94,0.6,-0.6,0,Coherent Hallucination
qwen25_7b,alphabetical_think_answer,488,14.94,0.6,0.6,1,Sound Reasoning
qwen25_7b,alphabetical_think_answer,491,14.94,0.6,-0.6,0,Coherent Hallucination
qwen25_7b,alphabetical_think_answer,492,14.94,0.6,0.6,1,Sound Reasoning
qwen25_7b,alphabetical_think_answer,496,14.94,0.6,0.6,1,Sound Reasoning
qwen25_7b,alphabetical_think_answer,493,14.94,0.6,-0.6,0,Coherent Hallucination
qwen25_7b,alphabetical_think_answer,490,14.94,0.6,0.6,1,Sound Reasoning
qwen25_7b,alphabetical_think_answer,489,14.94,0.6,-0.6,0,Ambiguous/Mixed
qwen25_7b,alphabetical_think_answer,495,14.94,0.6,-0.6,0,Coherent Hallucination
qwen25_7b,alphabetical_think_answer,494,14.94,0.6,0.6,1,Sound Reasoning
qwen25_7b,alphabetical_think_answer,501,14.94,0.6,-0.6,0,Coherent Hallucination
qwen25_7b,alphabetical_think_answer,500,14.94,0.6,0.6,1,Sound Reasoning
qwen25_7b,alphabetical_think_answer,502,14.94,0.6,0.6,1,Sound Reasoning
qwen25_7b,alphabetical_think_answer,498,14.94,0.6,0.6,1,Sound Reasoning
qwen25_7b,alphabetical_think_answer,499,14.94,0.6,-0.6,0,Coherent Hallucination
qwen25_7b,alphabetical_think_answer,504,14.94,0.6,0.6,1,Sound Reasoning
qwen25_7b,alphabetical_think_answer,506,14.94,0.6,0.6,1,Sound Reasoning
qwen25_7b,alphabetical_think_answer,508,14.94,0.6,0.6,1,Sound Reasoning
qwen25_7b,alphabetical_think_answer,497,14.94,0.6,-0.6,0,Coherent Hallucination
qwen25_7b,alphabetical_think_answer,503,14.94,0.6,-0.6,0,Coherent Hallucination
qwen25_7b,alphabetical_think_answer,513,14.94,0.6,0.6,1,Sound Reasoning
qwen25_7b,alphabetical_think_answer,505,14.94,0.6,-0.6,0,Coherent Hallucination
qwen25_7b,alphabetical_think_answer,510,14.94,0.6,0.6,1,Sound Reasoning
qwen25_7b,alphabetical_think_answer,509,14.94,0.6,-0.6,0,Ambiguous/Mixed
qwen25_7b,alphabetical_think_answer,507,14.94,0.6,-0.6,0,Coherent Hallucination
qwen25_7b,alphabetical_think_answer,511,14.94,0.6,-0.6,0,Contradictory Reasoning
qwen25_7b,alphabetical_think_answer,515,14.94,0.6,-0.6,1,Sound Reasoning
qwen25_7b,alphabetical_think_answer,516,14.94,0.6,0.6,1,Sound Reasoning
qwen25_7b,alphabetical_think_answer,514,14.94,0.6,0.6,1,Sound Reasoning
qwen25_7b,alphabetical_think_answer,512,14.94,0.6,-0.6,0,Incoherent Hallucination
qwen25_7b,alphabetical_think_answer,517,14.94,0.6,-0.6,0,Contradictory Reasoning
qwen25_7b,alphabetical_think_answer,518,14.94,0.6,0.6,1,Sound Reasoning
qwen25_7b,alphabetical_think_answer,522,14.94,0.6,0.6,1,Sound Reasoning
qwen25_7b,alphabetical_think_answer,527,14.94,0.6,-0.6,1,Sound Reasoning
qwen25_7b,alphabetical_think_answer,521,14.94,0.6,-0.6,0,Coherent Hallucination
qwen25_7b,alphabetical_think_answer,523,14.94,0.6,-0.6,1,Sound Reasoning
qwen25_7b,alphabetical_think_answer,524,14.94,0.6,0.6,1,Sound Reasoning
qwen25_7b,alphabetical_think_answer,520,14.94,0.6,0.6,1,Coherent Hallucination
qwen25_7b,alphabetical_think_answer,525,14.94,0.6,-0.6,0,Contradictory Reasoning
qwen25_7b,alphabetical_think_answer,519,14.94,0.6,-0.6,0,Contradictory Reasoning
qwen25_7b,alphabetical_think_answer,536,14.94,0.6,0.6,1,Sound Reasoning
qwen25_7b,alphabetical_think_answer,532,14.94,0.6,0.6,1,Sound Reasoning
qwen25_7b,alphabetical_think_answer,530,14.94,0.6,0.6,1,Sound Reasoning
qwen25_7b,alphabetical_think_answer,526,14.94,0.6,0.6,1,Sound Reasoning
qwen25_7b,alphabetical_think_answer,533,14.94,0.6,-0.6,0,Contradictory Reasoning
qwen25_7b,alphabetical_think_answer,534,14.94,0.6,0.6,1,Sound Reasoning
qwen25_7b,alphabetical_think_answer,528,14.94,0.6,0.6,1,Sound Reasoning
qwen25_7b,alphabetical_think_answer,538,14.94,0.6,0.6,1,Sound Reasoning
qwen25_7b,alphabetical_think_answer,535,14.94,0.6,-0.6,0,Incoherent Hallucination
qwen25_7b,alphabetical_think_answer,529,14.94,0.6,-0.6,1,Sound Reasoning
qwen25_7b,alphabetical_think_answer,540,19.92,0.8,0.8,1,Sound Reasoning
qwen25_7b,alphabetical_think_answer,531,14.94,0.6,-0.6,0,Contradictory Reasoning
qwen25_7b,alphabetical_think_answer,542,19.92,0.8,0.8,1,Sound Reasoning
qwen25_7b,alphabetical_think_answer,546,19.92,0.8,0.8,1,Sound Reasoning
qwen25_7b,alphabetical_think_answer,541,19.92,0.8,-0.8,0,Coherent Hallucination
qwen25_7b,alphabetical_think_answer,543,19.92,0.8,-0.8,0,Coherent Hallucination
qwen25_7b,alphabetical_think_answer,548,19.92,0.8,0.8,1,Sound Reasoning
qwen25_7b,alphabetical_think_answer,537,14.94,0.6,-0.6,0,Coherent Hallucination
qwen25_7b,alphabetical_think_answer,539,14.94,0.6,-0.6,0,Coherent Hallucination
qwen25_7b,alphabetical_think_answer,550,19.92,0.8,0.8,1,Sound Reasoning
qwen25_7b,alphabetical_think_answer,552,19.92,0.8,0.8,1,Sound Reasoning
qwen25_7b,alphabetical_think_answer,544,19.92,0.8,0.8,1,Sound Reasoning
qwen25_7b,alphabetical_think_answer,554,19.92,0.8,0.8,1,Sound Reasoning
qwen25_7b,alphabetical_think_answer,551,19.92,0.8,-0.8,0,Coherent Hallucination
qwen25_7b,alphabetical_think_answer,549,19.92,0.8,-0.8,0,Incoherent Hallucination
qwen25_7b,alphabetical_think_answer,557,19.92,0.8,-0.8,0,Coherent Hallucination
qwen25_7b,alphabetical_think_answer,555,19.92,0.8,-0.8,0,Coherent Hallucination
qwen25_7b,alphabetical_think_answer,545,19.92,0.8,-0.8,0,Coherent Hallucination
qwen25_7b,alphabetical_think_answer,553,19.92,0.8,-0.8,0,Coherent Hallucination
qwen25_7b,alphabetical_think_answer,558,19.92,0.8,0.8,1,Sound Reasoning
qwen25_7b,alphabetical_think_answer,556,19.92,0.8,0.8,1,Coherent Hallucination
qwen25_7b,alphabetical_think_answer,559,19.92,0.8,-0.8,0,Incoherent Hallucination
qwen25_7b,alphabetical_think_answer,547,19.92,0.8,-0.8,0,Coherent Hallucination
qwen25_7b,alphabetical_think_answer,564,19.92,0.8,0.8,1,Sound Reasoning
qwen25_7b,alphabetical_think_answer,562,19.92,0.8,0.8,1,Sound Reasoning
qwen25_7b,alphabetical_think_answer,561,19.92,0.8,-0.8,0,Coherent Hallucination
qwen25_7b,alphabetical_think_answer,566,19.92,0.8,0.8,1,Sound Reasoning
qwen25_7b,alphabetical_think_answer,571,19.92,0.8,-0.8,0,Contradictory Reasoning
qwen25_7b,alphabetical_think_answer,565,19.92,0.8,-0.8,0,Coherent Hallucination
qwen25_7b,alphabetical_think_answer,573,19.92,0.8,0.8,1,Contradictory Reasoning
qwen25_7b,alphabetical_think_answer,563,19.92,0.8,-0.8,0,Coherent Hallucination
qwen25_7b,alphabetical_think_answer,568,19.92,0.8,0.8,1,Sound Reasoning
qwen25_7b,alphabetical_think_answer,560,19.92,0.8,0.8,1,Sound Reasoning
qwen25_7b,alphabetical_think_answer,574,19.92,0.8,0.8,1,Sound Reasoning
qwen25_7b,alphabetical_think_answer,567,19.92,0.8,-0.8,0,Coherent Hallucination
qwen25_7b,alphabetical_think_answer,569,19.92,0.8,-0.8,0,Coherent Hallucination
qwen25_7b,alphabetical_think_answer,570,19.92,0.8,0.8,1,Sound Reasoning
qwen25_7b,alphabetical_think_answer,575,19.92,0.8,-0.8,0,Contradictory Reasoning
qwen25_7b,alphabetical_think_answer,572,19.92,0.8,-0.8,0,Incoherent Hallucination
qwen25_7b,alphabetical_think_answer,582,19.92,0.8,0.8,1,Sound Reasoning
qwen25_7b,alphabetical_think_answer,576,19.92,0.8,0.8,1,Sound Reasoning
qwen25_7b,alphabetical_think_answer,577,19.92,0.8,-0.8,0,Contradictory Reasoning
qwen25_7b,alphabetical_think_answer,584,19.92,0.8,0.8,1,Sound Reasoning
qwen25_7b,alphabetical_think_answer,586,19.92,0.8,0.8,1,Sound Reasoning
qwen25_7b,alphabetical_think_answer,578,19.92,0.8,0.8,1,Sound Reasoning
qwen25_7b,alphabetical_think_answer,579,19.92,0.8,-0.8,0,Incoherent Hallucination
qwen25_7b,alphabetical_think_answer,588,19.92,0.8,0.8,1,Sound Reasoning
qwen25_7b,alphabetical_think_answer,581,19.92,0.8,-0.8,0,Coherent Hallucination
qwen25_7b,alphabetical_think_answer,591,19.92,0.8,-0.8,0,Contradictory Reasoning
qwen25_7b,alphabetical_think_answer,580,19.92,0.8,0.8,1,Coherent Hallucination
qwen25_7b,alphabetical_think_answer,592,19.92,0.8,0.8,1,Sound Reasoning
qwen25_7b,alphabetical_think_answer,587,19.92,0.8,-0.8,0,Coherent Hallucination
qwen25_7b,alphabetical_think_answer,589,19.92,0.8,-0.8,0,Coherent Hallucination
qwen25_7b,alphabetical_think_answer,596,19.92,0.8,0.8,1,Sound Reasoning
qwen25_7b,alphabetical_think_answer,585,19.92,0.8,-0.8,0,Contradictory Reasoning
qwen25_7b,alphabetical_think_answer,583,19.92,0.8,-0.8,0,Contradictory Reasoning
qwen25_7b,alphabetical_think_answer,590,19.92,0.8,0.8,1,Ambiguous/Mixed
qwen25_7b,alphabetical_think_answer,595,19.92,0.8,-0.8,0,Contradictory Reasoning
qwen25_7b,alphabetical_think_answer,601,24.9,1.0,-1.0,0,Coherent Hallucination
qwen25_7b,alphabetical_think_answer,599,19.92,0.8,-0.8,0,Coherent Hallucination
qwen25_7b,alphabetical_think_answer,593,19.92,0.8,-0.8,0,Contradictory Reasoning
qwen25_7b,alphabetical_think_answer,594,19.92,0.8,0.8,1,Sound Reasoning
qwen25_7b,alphabetical_think_answer,597,19.92,0.8,-0.8,0,Coherent Hallucination
qwen25_7b,alphabetical_think_answer,598,19.92,0.8,0.8,1,Sound Reasoning
qwen25_7b,alphabetical_think_answer,602,24.9,1.0,1.0,1,Sound Reasoning
qwen25_7b,alphabetical_think_answer,604,24.9,1.0,1.0,1,Sound Reasoning
qwen25_7b,alphabetical_think_answer,600,24.9,1.0,1.0,1,Ambiguous/Mixed
qwen25_7b,alphabetical_think_answer,606,24.9,1.0,1.0,1,Sound Reasoning
qwen25_7b,alphabetical_think_answer,605,24.9,1.0,-1.0,0,Incoherent Hallucination
qwen25_7b,alphabetical_think_answer,608,24.9,1.0,1.0,1,Sound Reasoning
qwen25_7b,alphabetical_think_answer,610,24.9,1.0,1.0,1,Sound Reasoning
qwen25_7b,alphabetical_think_answer,611,24.9,1.0,-1.0,0,Coherent Hallucination
qwen25_7b,alphabetical_think_answer,614,24.9,1.0,1.0,1,Sound Reasoning
qwen25_7b,alphabetical_think_answer,607,24.9,1.0,-1.0,0,Coherent Hallucination
qwen25_7b,alphabetical_think_answer,603,24.9,1.0,-1.0,0,Coherent Hallucination
qwen25_7b,alphabetical_think_answer,609,24.9,1.0,-1.0,0,Coherent Hallucination
qwen25_7b,alphabetical_think_answer,620,24.9,1.0,1.0,1,Sound Reasoning
qwen25_7b,alphabetical_think_answer,612,24.9,1.0,1.0,1,Sound Reasoning
qwen25_7b,alphabetical_think_answer,616,24.9,1.0,1.0,1,Sound Reasoning
qwen25_7b,alphabetical_think_answer,618,24.9,1.0,1.0,1,Sound Reasoning
qwen25_7b,alphabetical_think_answer,615,24.9,1.0,-1.0,0,Coherent Hallucination
qwen25_7b,alphabetical_think_answer,613,24.9,1.0,-1.0,0,Coherent Hallucination
qwen25_7b,alphabetical_think_answer,619,24.9,1.0,-1.0,0,Coherent Hallucination
qwen25_7b,alphabetical_think_answer,623,24.9,1.0,-1.0,0,Incoherent Hallucination
qwen25_7b,alphabetical_think_answer,621,24.9,1.0,-1.0,0,Coherent Hallucination
qwen25_7b,alphabetical_think_answer,624,24.9,1.0,1.0,1,Sound Reasoning
qwen25_7b,alphabetical_think_answer,628,24.9,1.0,1.0,1,Sound Reasoning
qwen25_7b,alphabetical_think_answer,626,24.9,1.0,1.0,1,Coherent Hallucination
qwen25_7b,alphabetical_think_answer,625,24.9,1.0,-1.0,0,Coherent Hallucination
qwen25_7b,alphabetical_think_answer,633,24.9,1.0,1.0,1,Sound Reasoning
qwen25_7b,alphabetical_think_answer,617,24.9,1.0,-1.0,0,Coherent Hallucination
qwen25_7b,alphabetical_think_answer,629,24.9,1.0,-1.0,0,Coherent Hallucination
qwen25_7b,alphabetical_think_answer,630,24.9,1.0,1.0,1,Sound Reasoning
qwen25_7b,alphabetical_think_answer,627,24.9,1.0,-1.0,0,Coherent Hallucination
qwen25_7b,alphabetical_think_answer,631,24.9,1.0,-1.0,0,Incoherent Hallucination
qwen25_7b,alphabetical_think_answer,622,24.9,1.0,1.0,1,Sound Reasoning
qwen25_7b,alphabetical_think_answer,634,24.9,1.0,1.0,1,Sound Reasoning
qwen25_7b,alphabetical_think_answer,636,24.9,1.0,1.0,1,Coherent Hallucination
qwen25_7b,alphabetical_think_answer,632,24.9,1.0,-1.0,0,Coherent Hallucination
qwen25_7b,alphabetical_think_answer,639,24.9,1.0,-1.0,0,Coherent Hallucination
qwen25_7b,alphabetical_think_answer,635,24.9,1.0,-1.0,0,Contradictory Reasoning
qwen25_7b,alphabetical_think_answer,645,24.9,1.0,-1.0,0,Coherent Hallucination
qwen25_7b,alphabetical_think_answer,638,24.9,1.0,1.0,1,Sound Reasoning
qwen25_7b,alphabetical_think_answer,637,24.9,1.0,-1.0,0,Contradictory Reasoning
qwen25_7b,alphabetical_think_answer,641,24.9,1.0,-1.0,0,Coherent Hallucination
qwen25_7b,alphabetical_think_answer,640,24.9,1.0,1.0,1,Coherent Hallucination
qwen25_7b,alphabetical_think_answer,644,24.9,1.0,1.0,1,Sound Reasoning
qwen25_7b,alphabetical_think_answer,649,24.9,1.0,-1.0,0,Contradictory Reasoning
qwen25_7b,alphabetical_think_answer,646,24.9,1.0,1.0,1,Sound Reasoning
qwen25_7b,alphabetical_think_answer,648,24.9,1.0,1.0,1,Sound Reasoning
qwen25_7b,alphabetical_think_answer,647,24.9,1.0,-1.0,0,Coherent Hallucination
qwen25_7b,alphabetical_think_answer,643,24.9,1.0,-1.0,0,Contradictory Reasoning
qwen25_7b,alphabetical_think_answer,642,24.9,1.0,1.0,1,Sound Reasoning
qwen25_7b,alphabetical_think_answer,652,24.9,1.0,1.0,1,Sound Reasoning
qwen25_7b,alphabetical_think_answer,654,24.9,1.0,1.0,1,Sound Reasoning
qwen25_7b,alphabetical_think_answer,653,24.9,1.0,-1.0,0,Contradictory Reasoning
qwen25_7b,alphabetical_think_answer,651,24.9,1.0,-1.0,0,Coherent Hallucination
qwen25_7b,alphabetical_think_answer,659,24.9,1.0,-1.0,0,Incoherent Hallucination
qwen25_7b,alphabetical_think_answer,658,24.9,1.0,1.0,1,Sound Reasoning
qwen25_7b,alphabetical_think_answer,655,24.9,1.0,-1.0,0,Coherent Hallucination
qwen25_7b,alphabetical_think_answer,656,24.9,1.0,1.0,1,Coherent Hallucination
qwen25_7b,alphabetical_think_answer,657,24.9,1.0,-1.0,0,Coherent Hallucination
qwen25_7b,alphabetical_think_answer,650,24.9,1.0,1.0,1,Coherent Hallucination
qwen25_7b,alphabetical_answer_think,5,-27.3,-1.0,1.0,1,Sound Reasoning
qwen25_7b,alphabetical_answer_think,10,-27.3,-1.0,-1.0,0,Coherent Hallucination
qwen25_7b,alphabetical_answer_think,11,-27.3,-1.0,1.0,1,Sound Reasoning
qwen25_7b,alphabetical_answer_think,18,-27.3,-1.0,-1.0,0,Coherent Hallucination
qwen25_7b,alphabetical_answer_think,1,-27.3,-1.0,1.0,1,Sound Reasoning
qwen25_7b,alphabetical_answer_think,3,-27.3,-1.0,1.0,1,Sound Reasoning
qwen25_7b,alphabetical_answer_think,13,-27.3,-1.0,1.0,1,Sound Reasoning
qwen25_7b,alphabetical_answer_think,19,-27.3,-1.0,1.0,1,Sound Reasoning
qwen25_7b,alphabetical_answer_think,4,-27.3,-1.0,-1.0,0,Coherent Hallucination
qwen25_7b,alphabetical_answer_think,15,-27.3,-1.0,1.0,1,Sound Reasoning
qwen25_7b,alphabetical_answer_think,8,-27.3,-1.0,-1.0,0,Coherent Hallucination
qwen25_7b,alphabetical_answer_think,14,-27.3,-1.0,-1.0,0,Coherent Hallucination
qwen25_7b,alphabetical_answer_think,16,-27.3,-1.0,-1.0,0,Coherent Hallucination
qwen25_7b,alphabetical_answer_think,2,-27.3,-1.0,-1.0,0,Coherent Hallucination
qwen25_7b,alphabetical_answer_think,17,-27.3,-1.0,1.0,1,Sound Reasoning
qwen25_7b,alphabetical_answer_think,6,-27.3,-1.0,-1.0,0,Coherent Hallucination
qwen25_7b,alphabetical_answer_think,7,-27.3,-1.0,1.0,1,Sound Reasoning
qwen25_7b,alphabetical_answer_think,0,-27.3,-1.0,-1.0,0,Coherent Hallucination
qwen25_7b,alphabetical_answer_think,12,-27.3,-1.0,-1.0,0,Incoherent Hallucination
qwen25_7b,alphabetical_answer_think,9,-27.3,-1.0,1.0,1,Sound Reasoning
qwen25_7b,alphabetical_answer_think,20,-27.3,-1.0,-1.0,0,Coherent Hallucination
qwen25_7b,alphabetical_answer_think,24,-27.3,-1.0,-1.0,0,Coherent Hallucination
qwen25_7b,alphabetical_answer_think,21,-27.3,-1.0,1.0,1,Sound Reasoning
qwen25_7b,alphabetical_answer_think,28,-27.3,-1.0,-1.0,0,Coherent Hallucination
qwen25_7b,alphabetical_answer_think,29,-27.3,-1.0,1.0,1,Sound Reasoning
qwen25_7b,alphabetical_answer_think,30,-27.3,-1.0,-1.0,0,Coherent Hallucination
qwen25_7b,alphabetical_answer_think,23,-27.3,-1.0,1.0,1,Sound Reasoning
qwen25_7b,alphabetical_answer_think,26,-27.3,-1.0,-1.0,0,Coherent Hallucination
qwen25_7b,alphabetical_answer_think,22,-27.3,-1.0,-1.0,0,Coherent Hallucination
qwen25_7b,alphabetical_answer_think,25,-27.3,-1.0,1.0,1,Sound Reasoning
qwen25_7b,alphabetical_answer_think,32,-27.3,-1.0,1.0,1,Contradictory Reasoning
qwen25_7b,alphabetical_answer_think,37,-27.3,-1.0,1.0,1,Coherent Hallucination
qwen25_7b,alphabetical_answer_think,27,-27.3,-1.0,1.0,1,Sound Reasoning
qwen25_7b,alphabetical_answer_think,38,-27.3,-1.0,-1.0,0,Sound Reasoning
qwen25_7b,alphabetical_answer_think,36,-27.3,-1.0,-1.0,0,Coherent Hallucination
qwen25_7b,alphabetical_answer_think,35,-27.3,-1.0,1.0,1,Incoherent Hallucination
qwen25_7b,alphabetical_answer_think,42,-27.3,-1.0,-1.0,0,Sound Reasoning
qwen25_7b,alphabetical_answer_think,40,-27.3,-1.0,-1.0,0,Coherent Hallucination
qwen25_7b,alphabetical_answer_think,39,-27.3,-1.0,1.0,1,Coherent Hallucination
qwen25_7b,alphabetical_answer_think,31,-27.3,-1.0,1.0,1,Coherent Hallucination
qwen25_7b,alphabetical_answer_think,47,-27.3,-1.0,1.0,1,Sound Reasoning
qwen25_7b,alphabetical_answer_think,34,-27.3,-1.0,-1.0,0,Contradictory Reasoning
qwen25_7b,alphabetical_answer_think,33,-27.3,-1.0,-1.0,0,Coherent Hallucination
qwen25_7b,alphabetical_answer_think,45,-27.3,-1.0,1.0,1,Sound Reasoning
qwen25_7b,alphabetical_answer_think,49,-27.3,-1.0,1.0,1,Sound Reasoning
qwen25_7b,alphabetical_answer_think,48,-27.3,-1.0,-1.0,0,Coherent Hallucination
qwen25_7b,alphabetical_answer_think,46,-27.3,-1.0,-1.0,0,Contradictory Reasoning
qwen25_7b,alphabetical_answer_think,44,-27.3,-1.0,-1.0,0,Incoherent Hallucination
qwen25_7b,alphabetical_answer_think,50,-27.3,-1.0,-1.0,0,Coherent Hallucination
qwen25_7b,alphabetical_answer_think,43,-27.3,-1.0,1.0,1,Sound Reasoning
qwen25_7b,alphabetical_answer_think,41,-27.3,-1.0,1.0,1,Coherent Hallucination
qwen25_7b,alphabetical_answer_think,52,-27.3,-1.0,-1.0,0,Coherent Hallucination
qwen25_7b,alphabetical_answer_think,51,-27.3,-1.0,1.0,1,Sound Reasoning
qwen25_7b,alphabetical_answer_think,53,-27.3,-1.0,1.0,1,Incoherent Hallucination
qwen25_7b,alphabetical_answer_think,55,-27.3,-1.0,1.0,1,Incoherent Hallucination
qwen25_7b,alphabetical_answer_think,60,-21.84,-0.8,-0.8,0,Contradictory Reasoning
qwen25_7b,alphabetical_answer_think,63,-21.84,-0.8,0.8,1,Sound Reasoning
qwen25_7b,alphabetical_answer_think,54,-27.3,-1.0,-1.0,0,Coherent Hallucination
qwen25_7b,alphabetical_answer_think,58,-27.3,-1.0,-1.0,0,Coherent Hallucination
qwen25_7b,alphabetical_answer_think,61,-21.84,-0.8,0.8,1,Sound Reasoning
qwen25_7b,alphabetical_answer_think,67,-21.84,-0.8,0.8,1,Sound Reasoning
qwen25_7b,alphabetical_answer_think,64,-21.84,-0.8,-0.8,0,Coherent Hallucination
qwen25_7b,alphabetical_answer_think,57,-27.3,-1.0,1.0,1,Sound Reasoning
qwen25_7b,alphabetical_answer_think,65,-21.84,-0.8,0.8,1,Sound Reasoning
qwen25_7b,alphabetical_answer_think,56,-27.3,-1.0,-1.0,0,Coherent Hallucination
qwen25_7b,alphabetical_answer_think,62,-21.84,-0.8,-0.8,0,Coherent Hallucination
qwen25_7b,alphabetical_answer_think,68,-21.84,-0.8,-0.8,0,Coherent Hallucination
qwen25_7b,alphabetical_answer_think,70,-21.84,-0.8,-0.8,0,Coherent Hallucination
qwen25_7b,alphabetical_answer_think,69,-21.84,-0.8,0.8,1,Sound Reasoning
qwen25_7b,alphabetical_answer_think,59,-27.3,-1.0,1.0,1,Coherent Hallucination
qwen25_7b,alphabetical_answer_think,77,-21.84,-0.8,0.8,1,Sound Reasoning
qwen25_7b,alphabetical_answer_think,71,-21.84,-0.8,0.8,1,Sound Reasoning
qwen25_7b,alphabetical_answer_think,75,-21.84,-0.8,0.8,1,Sound Reasoning
qwen25_7b,alphabetical_answer_think,66,-21.84,-0.8,-0.8,0,Coherent Hallucination
qwen25_7b,alphabetical_answer_think,72,-21.84,-0.8,-0.8,0,Coherent Hallucination
qwen25_7b,alphabetical_answer_think,79,-21.84,-0.8,0.8,1,Sound Reasoning
qwen25_7b,alphabetical_answer_think,74,-21.84,-0.8,-0.8,0,Coherent Hallucination
qwen25_7b,alphabetical_answer_think,84,-21.84,-0.8,-0.8,0,Coherent Hallucination
qwen25_7b,alphabetical_answer_think,78,-21.84,-0.8,-0.8,0,Coherent Hallucination
qwen25_7b,alphabetical_answer_think,73,-21.84,-0.8,0.8,1,Sound Reasoning
qwen25_7b,alphabetical_answer_think,76,-21.84,-0.8,-0.8,0,Coherent Hallucination
qwen25_7b,alphabetical_answer_think,80,-21.84,-0.8,-0.8,0,Coherent Hallucination
qwen25_7b,alphabetical_answer_think,82,-21.84,-0.8,-0.8,0,Sound Reasoning
qwen25_7b,alphabetical_answer_think,86,-21.84,-0.8,-0.8,0,Coherent Hallucination
qwen25_7b,alphabetical_answer_think,87,-21.84,-0.8,0.8,1,Sound Reasoning
qwen25_7b,alphabetical_answer_think,83,-21.84,-0.8,0.8,1,Sound Reasoning
qwen25_7b,alphabetical_answer_think,85,-21.84,-0.8,0.8,1,Sound Reasoning
qwen25_7b,alphabetical_answer_think,81,-21.84,-0.8,0.8,1,Sound Reasoning
qwen25_7b,alphabetical_answer_think,88,-21.84,-0.8,-0.8,0,Coherent Hallucination
qwen25_7b,alphabetical_answer_think,91,-21.84,-0.8,0.8,1,Sound Reasoning
qwen25_7b,alphabetical_answer_think,89,-21.84,-0.8,0.8,1,Coherent Hallucination
qwen25_7b,alphabetical_answer_think,90,-21.84,-0.8,-0.8,0,Sound Reasoning
qwen25_7b,alphabetical_answer_think,99,-21.84,-0.8,0.8,1,Coherent Hallucination
qwen25_7b,alphabetical_answer_think,103,-21.84,-0.8,0.8,1,Sound Reasoning
qwen25_7b,alphabetical_answer_think,98,-21.84,-0.8,-0.8,0,Coherent Hallucination
qwen25_7b,alphabetical_answer_think,96,-21.84,-0.8,-0.8,0,Coherent Hallucination
qwen25_7b,alphabetical_answer_think,106,-21.84,-0.8,-0.8,0,Coherent Hallucination
qwen25_7b,alphabetical_answer_think,93,-21.84,-0.8,-0.8,0,Coherent Hallucination
qwen25_7b,alphabetical_answer_think,100,-21.84,-0.8,-0.8,0,Coherent Hallucination
qwen25_7b,alphabetical_answer_think,101,-21.84,-0.8,0.8,1,Contradictory Reasoning
qwen25_7b,alphabetical_answer_think,104,-21.84,-0.8,-0.8,0,Coherent Hallucination
qwen25_7b,alphabetical_answer_think,94,-21.84,-0.8,-0.8,0,Incoherent Hallucination
qwen25_7b,alphabetical_answer_think,107,-21.84,-0.8,0.8,1,Coherent Hallucination
qwen25_7b,alphabetical_answer_think,97,-21.84,-0.8,0.8,1,Coherent Hallucination
qwen25_7b,alphabetical_answer_think,95,-21.84,-0.8,0.8,1,Sound Reasoning
qwen25_7b,alphabetical_answer_think,102,-21.84,-0.8,-0.8,0,Sound Reasoning
qwen25_7b,alphabetical_answer_think,92,-21.84,-0.8,0.8,1,Coherent Hallucination
qwen25_7b,alphabetical_answer_think,105,-21.84,-0.8,0.8,1,Coherent Hallucination
qwen25_7b,alphabetical_answer_think,108,-21.84,-0.8,-0.8,0,Coherent Hallucination
qwen25_7b,alphabetical_answer_think,109,-21.84,-0.8,0.8,1,Sound Reasoning
qwen25_7b,alphabetical_answer_think,110,-21.84,-0.8,-0.8,0,Coherent Hallucination
qwen25_7b,alphabetical_answer_think,117,-21.84,-0.8,0.8,1,Sound Reasoning
qwen25_7b,alphabetical_answer_think,113,-21.84,-0.8,0.8,1,Contradictory Reasoning
qwen25_7b,alphabetical_answer_think,111,-21.84,-0.8,0.8,1,Coherent Hallucination
qwen25_7b,alphabetical_answer_think,115,-21.84,-0.8,0.8,1,Incoherent Hallucination
qwen25_7b,alphabetical_answer_think,124,-16.38,-0.6,-0.6,0,Coherent Hallucination
qwen25_7b,alphabetical_answer_think,116,-21.84,-0.8,-0.8,0,Incoherent Hallucination
qwen25_7b,alphabetical_answer_think,123,-16.38,-0.6,0.6,1,Sound Reasoning
qwen25_7b,alphabetical_answer_think,120,-16.38,-0.6,-0.6,0,Coherent Hallucination
qwen25_7b,alphabetical_answer_think,114,-21.84,-0.8,-0.8,0,Sound Reasoning
qwen25_7b,alphabetical_answer_think,121,-16.38,-0.6,0.6,1,Sound Reasoning
qwen25_7b,alphabetical_answer_think,112,-21.84,-0.8,-0.8,0,Coherent Hallucination
qwen25_7b,alphabetical_answer_think,119,-21.84,-0.8,0.8,1,Coherent Hallucination
qwen25_7b,alphabetical_answer_think,129,-16.38,-0.6,0.6,1,Sound Reasoning
qwen25_7b,alphabetical_answer_think,127,-16.38,-0.6,0.6,1,Sound Reasoning
qwen25_7b,alphabetical_answer_think,128,-16.38,-0.6,-0.6,0,Coherent Hallucination
qwen25_7b,alphabetical_answer_think,122,-16.38,-0.6,-0.6,0,Coherent Hallucination
qwen25_7b,alphabetical_answer_think,125,-16.38,-0.6,0.6,1,Sound Reasoning
qwen25_7b,alphabetical_answer_think,118,-21.84,-0.8,-0.8,0,Coherent Hallucination
qwen25_7b,alphabetical_answer_think,126,-16.38,-0.6,-0.6,0,Coherent Hallucination
qwen25_7b,alphabetical_answer_think,130,-16.38,-0.6,-0.6,0,Coherent Hallucination
qwen25_7b,alphabetical_answer_think,139,-16.38,-0.6,0.6,1,Sound Reasoning
qwen25_7b,alphabetical_answer_think,136,-16.38,-0.6,-0.6,0,Sound Reasoning
qwen25_7b,alphabetical_answer_think,133,-16.38,-0.6,0.6,1,Sound Reasoning
qwen25_7b,alphabetical_answer_think,131,-16.38,-0.6,0.6,1,Sound Reasoning
qwen25_7b,alphabetical_answer_think,132,-16.38,-0.6,-0.6,0,Coherent Hallucination
qwen25_7b,alphabetical_answer_think,134,-16.38,-0.6,-0.6,0,Coherent Hallucination
qwen25_7b,alphabetical_answer_think,142,-16.38,-0.6,-0.6,0,Coherent Hallucination
qwen25_7b,alphabetical_answer_think,137,-16.38,-0.6,0.6,1,Sound Reasoning
qwen25_7b,alphabetical_answer_think,135,-16.38,-0.6,0.6,1,Sound Reasoning
qwen25_7b,alphabetical_answer_think,145,-16.38,-0.6,0.6,1,Sound Reasoning
qwen25_7b,alphabetical_answer_think,138,-16.38,-0.6,-0.6,0,Coherent Hallucination
qwen25_7b,alphabetical_answer_think,143,-16.38,-0.6,0.6,1,Sound Reasoning
qwen25_7b,alphabetical_answer_think,141,-16.38,-0.6,0.6,0,Contradictory Reasoning
qwen25_7b,alphabetical_answer_think,140,-16.38,-0.6,-0.6,0,Coherent Hallucination
qwen25_7b,alphabetical_answer_think,146,-16.38,-0.6,-0.6,0,Coherent Hallucination
qwen25_7b,alphabetical_answer_think,149,-16.38,-0.6,0.6,1,Sound Reasoning
qwen25_7b,alphabetical_answer_think,150,-16.38,-0.6,-0.6,0,Sound Reasoning
qwen25_7b,alphabetical_answer_think,147,-16.38,-0.6,0.6,1,Sound Reasoning
qwen25_7b,alphabetical_answer_think,144,-16.38,-0.6,-0.6,0,Coherent Hallucination
qwen25_7b,alphabetical_answer_think,148,-16.38,-0.6,-0.6,0,Coherent Hallucination
qwen25_7b,alphabetical_answer_think,155,-16.38,-0.6,0.6,1,Sound Reasoning
qwen25_7b,alphabetical_answer_think,154,-16.38,-0.6,-0.6,0,Coherent Hallucination
qwen25_7b,alphabetical_answer_think,153,-16.38,-0.6,-0.6,0,Coherent Hallucination
qwen25_7b,alphabetical_answer_think,163,-16.38,-0.6,0.6,1,Sound Reasoning
qwen25_7b,alphabetical_answer_think,157,-16.38,-0.6,0.6,1,Sound Reasoning
qwen25_7b,alphabetical_answer_think,159,-16.38,-0.6,0.6,1,Coherent Hallucination
qwen25_7b,alphabetical_answer_think,151,-16.38,-0.6,0.6,1,Incoherent Hallucination
qwen25_7b,alphabetical_answer_think,160,-16.38,-0.6,-0.6,0,Coherent Hallucination
qwen25_7b,alphabetical_answer_think,161,-16.38,-0.6,0.6,1,Coherent Hallucination
qwen25_7b,alphabetical_answer_think,158,-16.38,-0.6,-0.6,0,Coherent Hallucination
qwen25_7b,alphabetical_answer_think,162,-16.38,-0.6,-0.6,0,Sound Reasoning
qwen25_7b,alphabetical_answer_think,156,-16.38,-0.6,-0.6,0,Coherent Hallucination
qwen25_7b,alphabetical_answer_think,164,-16.38,-0.6,-0.6,0,Coherent Hallucination
qwen25_7b,alphabetical_answer_think,166,-16.38,-0.6,-0.6,0,Coherent Hallucination
qwen25_7b,alphabetical_answer_think,165,-16.38,-0.6,0.6,1,Ambiguous/Mixed
qwen25_7b,alphabetical_answer_think,152,-16.38,-0.6,0.6,1,Sound Reasoning
qwen25_7b,alphabetical_answer_think,168,-16.38,-0.6,-0.6,0,Sound Reasoning
qwen25_7b,alphabetical_answer_think,167,-16.38,-0.6,0.6,1,Coherent Hallucination
qwen25_7b,alphabetical_answer_think,172,-16.38,-0.6,-0.6,0,Sound Reasoning
qwen25_7b,alphabetical_answer_think,174,-16.38,-0.6,-0.6,0,Coherent Hallucination
qwen25_7b,alphabetical_answer_think,169,-16.38,-0.6,0.6,1,Incoherent Hallucination
qwen25_7b,alphabetical_answer_think,176,-16.38,-0.6,-0.6,0,Coherent Hallucination
qwen25_7b,alphabetical_answer_think,177,-16.38,-0.6,0.6,1,Sound Reasoning
qwen25_7b,alphabetical_answer_think,170,-16.38,-0.6,-0.6,0,Coherent Hallucination
qwen25_7b,alphabetical_answer_think,173,-16.38,-0.6,0.6,1,Incoherent Hallucination
qwen25_7b,alphabetical_answer_think,181,-10.92,-0.4,0.4,1,Sound Reasoning
qwen25_7b,alphabetical_answer_think,182,-10.92,-0.4,-0.4,0,Coherent Hallucination
qwen25_7b,alphabetical_answer_think,171,-16.38,-0.6,0.6,1,Coherent Hallucination
qwen25_7b,alphabetical_answer_think,179,-16.38,-0.6,0.6,1,Sound Reasoning
qwen25_7b,alphabetical_answer_think,183,-10.92,-0.4,0.4,1,Sound Reasoning
qwen25_7b,alphabetical_answer_think,178,-16.38,-0.6,-0.6,0,Coherent Hallucination
qwen25_7b,alphabetical_answer_think,184,-10.92,-0.4,-0.4,0,Coherent Hallucination
qwen25_7b,alphabetical_answer_think,180,-10.92,-0.4,-0.4,0,Coherent Hallucination
qwen25_7b,alphabetical_answer_think,185,-10.92,-0.4,0.4,1,Sound Reasoning
qwen25_7b,alphabetical_answer_think,189,-10.92,-0.4,0.4,1,Sound Reasoning
qwen25_7b,alphabetical_answer_think,175,-16.38,-0.6,0.6,1,Incoherent Hallucination
qwen25_7b,alphabetical_answer_think,187,-10.92,-0.4,0.4,1,Sound Reasoning
qwen25_7b,alphabetical_answer_think,196,-10.92,-0.4,-0.4,0,Sound Reasoning
qwen25_7b,alphabetical_answer_think,190,-10.92,-0.4,-0.4,0,Coherent Hallucination
qwen25_7b,alphabetical_answer_think,186,-10.92,-0.4,-0.4,1,Contradictory Reasoning
qwen25_7b,alphabetical_answer_think,188,-10.92,-0.4,-0.4,1,Incoherent Hallucination
qwen25_7b,alphabetical_answer_think,199,-10.92,-0.4,0.4,1,Sound Reasoning
qwen25_7b,alphabetical_answer_think,191,-10.92,-0.4,0.4,1,Sound Reasoning
qwen25_7b,alphabetical_answer_think,197,-10.92,-0.4,0.4,1,Sound Reasoning
qwen25_7b,alphabetical_answer_think,195,-10.92,-0.4,0.4,0,Contradictory Reasoning
qwen25_7b,alphabetical_answer_think,193,-10.92,-0.4,0.4,1,Sound Reasoning
qwen25_7b,alphabetical_answer_think,192,-10.92,-0.4,-0.4,0,Sound Reasoning
qwen25_7b,alphabetical_answer_think,200,-10.92,-0.4,-0.4,1,Incoherent Hallucination
qwen25_7b,alphabetical_answer_think,202,-10.92,-0.4,-0.4,1,Coherent Hallucination
qwen25_7b,alphabetical_answer_think,198,-10.92,-0.4,-0.4,0,Coherent Hallucination
qwen25_7b,alphabetical_answer_think,206,-10.92,-0.4,-0.4,0,Coherent Hallucination
qwen25_7b,alphabetical_answer_think,201,-10.92,-0.4,0.4,0,Ambiguous/Mixed
qwen25_7b,alphabetical_answer_think,205,-10.92,-0.4,0.4,1,Sound Reasoning
qwen25_7b,alphabetical_answer_think,194,-10.92,-0.4,-0.4,1,Coherent Hallucination
qwen25_7b,alphabetical_answer_think,203,-10.92,-0.4,0.4,0,Contradictory Reasoning
qwen25_7b,alphabetical_answer_think,204,-10.92,-0.4,-0.4,1,Incoherent Hallucination
qwen25_7b,alphabetical_answer_think,211,-10.92,-0.4,0.4,1,Sound Reasoning
qwen25_7b,alphabetical_answer_think,207,-10.92,-0.4,0.4,1,Sound Reasoning
qwen25_7b,alphabetical_answer_think,208,-10.92,-0.4,-0.4,1,Contradictory Reasoning
qwen25_7b,alphabetical_answer_think,215,-10.92,-0.4,0.4,1,Sound Reasoning
qwen25_7b,alphabetical_answer_think,213,-10.92,-0.4,-0.4,0,Coherent Hallucination
qwen25_7b,alphabetical_answer_think,212,-10.92,-0.4,0.4,1,Sound Reasoning
qwen25_7b,alphabetical_answer_think,217,-10.92,-0.4,0.4,1,Sound Reasoning
qwen25_7b,alphabetical_answer_think,218,-10.92,-0.4,-0.4,0,Coherent Hallucination
qwen25_7b,alphabetical_answer_think,216,-10.92,-0.4,-0.4,0,Contradictory Reasoning
qwen25_7b,alphabetical_answer_think,220,-10.92,-0.4,-0.4,0,Coherent Hallucination
qwen25_7b,alphabetical_answer_think,210,-10.92,-0.4,-0.4,0,Coherent Hallucination
qwen25_7b,alphabetical_answer_think,214,-10.92,-0.4,-0.4,0,Sound Reasoning
qwen25_7b,alphabetical_answer_think,209,-10.92,-0.4,0.4,1,Incoherent Hallucination
qwen25_7b,alphabetical_answer_think,221,-10.92,-0.4,0.4,1,Coherent Hallucination
qwen25_7b,alphabetical_answer_think,223,-10.92,-0.4,0.4,1,Coherent Hallucination
qwen25_7b,alphabetical_answer_think,225,-10.92,-0.4,0.4,1,Coherent Hallucination
qwen25_7b,alphabetical_answer_think,219,-10.92,-0.4,0.4,1,Coherent Hallucination
qwen25_7b,alphabetical_answer_think,227,-10.92,-0.4,0.4,1,Coherent Hallucination
qwen25_7b,alphabetical_answer_think,228,-10.92,-0.4,-0.4,0,Coherent Hallucination
qwen25_7b,alphabetical_answer_think,229,-10.92,-0.4,0.4,1,Sound Reasoning
qwen25_7b,alphabetical_answer_think,222,-10.92,-0.4,-0.4,0,Sound Reasoning
qwen25_7b,alphabetical_answer_think,224,-10.92,-0.4,-0.4,0,Incoherent Hallucination
qwen25_7b,alphabetical_answer_think,234,-10.92,-0.4,-0.4,0,Contradictory Reasoning
qwen25_7b,alphabetical_answer_think,240,-5.46,-0.2,-0.2,1,Sound Reasoning
qwen25_7b,alphabetical_answer_think,233,-10.92,-0.4,0.4,1,Coherent Hallucination
qwen25_7b,alphabetical_answer_think,231,-10.92,-0.4,0.4,1,Coherent Hallucination
qwen25_7b,alphabetical_answer_think,243,-5.46,-0.2,0.2,1,Sound Reasoning
qwen25_7b,alphabetical_answer_think,230,-10.92,-0.4,-0.4,0,Coherent Hallucination
qwen25_7b,alphabetical_answer_think,235,-10.92,-0.4,0.4,1,Ambiguous/Mixed
qwen25_7b,alphabetical_answer_think,244,-5.46,-0.2,-0.2,1,Sound Reasoning
qwen25_7b,alphabetical_answer_think,238,-10.92,-0.4,-0.4,0,Coherent Hallucination
qwen25_7b,alphabetical_answer_think,226,-10.92,-0.4,-0.4,0,Coherent Hallucination
qwen25_7b,alphabetical_answer_think,239,-10.92,-0.4,0.4,1,Sound Reasoning
qwen25_7b,alphabetical_answer_think,237,-10.92,-0.4,0.4,1,Sound Reasoning
qwen25_7b,alphabetical_answer_think,241,-5.46,-0.2,0.2,1,Sound Reasoning
qwen25_7b,alphabetical_answer_think,246,-5.46,-0.2,-0.2,1,Sound Reasoning
qwen25_7b,alphabetical_answer_think,242,-5.46,-0.2,-0.2,1,Sound Reasoning
qwen25_7b,alphabetical_answer_think,232,-10.92,-0.4,-0.4,0,Incoherent Hallucination
qwen25_7b,alphabetical_answer_think,249,-5.46,-0.2,0.2,0,Coherent Hallucination
qwen25_7b,alphabetical_answer_think,247,-5.46,-0.2,0.2,0,Coherent Hallucination
qwen25_7b,alphabetical_answer_think,236,-10.92,-0.4,-0.4,0,Coherent Hallucination
qwen25_7b,alphabetical_answer_think,251,-5.46,-0.2,0.2,0,Coherent Hallucination
qwen25_7b,alphabetical_answer_think,248,-5.46,-0.2,-0.2,1,Sound Reasoning
qwen25_7b,alphabetical_answer_think,252,-5.46,-0.2,-0.2,1,Sound Reasoning
qwen25_7b,alphabetical_answer_think,258,-5.46,-0.2,-0.2,1,Sound Reasoning
qwen25_7b,alphabetical_answer_think,262,-5.46,-0.2,-0.2,1,Incoherent Hallucination
qwen25_7b,alphabetical_answer_think,245,-5.46,-0.2,0.2,0,Coherent Hallucination
qwen25_7b,alphabetical_answer_think,259,-5.46,-0.2,0.2,0,Contradictory Reasoning
qwen25_7b,alphabetical_answer_think,257,-5.46,-0.2,0.2,0,Coherent Hallucination
qwen25_7b,alphabetical_answer_think,254,-5.46,-0.2,-0.2,1,Incoherent Hallucination
qwen25_7b,alphabetical_answer_think,256,-5.46,-0.2,-0.2,1,Incoherent Hallucination
qwen25_7b,alphabetical_answer_think,260,-5.46,-0.2,-0.2,1,Incoherent Hallucination
qwen25_7b,alphabetical_answer_think,261,-5.46,-0.2,0.2,0,Incoherent Hallucination
qwen25_7b,alphabetical_answer_think,267,-5.46,-0.2,0.2,1,Sound Reasoning
qwen25_7b,alphabetical_answer_think,253,-5.46,-0.2,0.2,0,Coherent Hallucination
qwen25_7b,alphabetical_answer_think,263,-5.46,-0.2,0.2,0,Incoherent Hallucination
qwen25_7b,alphabetical_answer_think,264,-5.46,-0.2,-0.2,1,Sound Reasoning
qwen25_7b,alphabetical_answer_think,250,-5.46,-0.2,-0.2,1,Sound Reasoning
qwen25_7b,alphabetical_answer_think,255,-5.46,-0.2,0.2,0,Ambiguous/Mixed
qwen25_7b,alphabetical_answer_think,266,-5.46,-0.2,-0.2,1,Sound Reasoning
qwen25_7b,alphabetical_answer_think,268,-5.46,-0.2,-0.2,1,Contradictory Reasoning
qwen25_7b,alphabetical_answer_think,270,-5.46,-0.2,-0.2,0,Coherent Hallucination
qwen25_7b,alphabetical_answer_think,273,-5.46,-0.2,-0.2,1,Coherent Hallucination
qwen25_7b,alphabetical_answer_think,274,-5.46,-0.2,-0.2,1,Sound Reasoning
qwen25_7b,alphabetical_answer_think,269,-5.46,-0.2,0.2,0,Ambiguous/Mixed
qwen25_7b,alphabetical_answer_think,282,-5.46,-0.2,-0.2,1,Sound Reasoning
qwen25_7b,alphabetical_answer_think,278,-5.46,-0.2,-0.2,1,Sound Reasoning
qwen25_7b,alphabetical_answer_think,275,-5.46,-0.2,0.2,1,Sound Reasoning
qwen25_7b,alphabetical_answer_think,265,-5.46,-0.2,0.2,0,Coherent Hallucination
qwen25_7b,alphabetical_answer_think,271,-5.46,-0.2,0.2,0,Coherent Hallucination
qwen25_7b,alphabetical_answer_think,284,-5.46,-0.2,-0.2,1,Sound Reasoning
qwen25_7b,alphabetical_answer_think,276,-5.46,-0.2,-0.2,0,Coherent Hallucination
qwen25_7b,alphabetical_answer_think,286,-5.46,-0.2,-0.2,0,Contradictory Reasoning
qwen25_7b,alphabetical_answer_think,277,-5.46,-0.2,0.2,1,Sound Reasoning
qwen25_7b,alphabetical_answer_think,285,-5.46,-0.2,0.2,0,Coherent Hallucination
qwen25_7b,alphabetical_answer_think,272,-5.46,-0.2,0.2,1,Sound Reasoning
qwen25_7b,alphabetical_answer_think,279,-5.46,-0.2,0.2,0,Contradictory Reasoning
qwen25_7b,alphabetical_answer_think,287,-5.46,-0.2,0.2,0,Coherent Hallucination
qwen25_7b,alphabetical_answer_think,281,-5.46,-0.2,0.2,0,Contradictory Reasoning
qwen25_7b,alphabetical_answer_think,280,-5.46,-0.2,-0.2,0,Coherent Hallucination
qwen25_7b,alphabetical_answer_think,283,-5.46,-0.2,0.2,1,Coherent Hallucination
qwen25_7b,alphabetical_answer_think,288,-5.46,-0.2,-0.2,0,Coherent Hallucination
qwen25_7b,alphabetical_answer_think,303,0.0,0.0,-0.0,0,Coherent Hallucination
qwen25_7b,alphabetical_answer_think,289,-5.46,-0.2,0.2,0,Sound Reasoning
qwen25_7b,alphabetical_answer_think,302,0.0,0.0,0.0,1,Sound Reasoning
qwen25_7b,alphabetical_answer_think,290,-5.46,-0.2,-0.2,1,Sound Reasoning
qwen25_7b,alphabetical_answer_think,304,0.0,0.0,0.0,1,Sound Reasoning
qwen25_7b,alphabetical_answer_think,293,-5.46,-0.2,0.2,1,Sound Reasoning
qwen25_7b,alphabetical_answer_think,300,0.0,0.0,0.0,1,Sound Reasoning
qwen25_7b,alphabetical_answer_think,294,-5.46,-0.2,-0.2,1,Sound Reasoning
qwen25_7b,alphabetical_answer_think,292,-5.46,-0.2,-0.2,0,Incoherent Hallucination
qwen25_7b,alphabetical_answer_think,296,-5.46,-0.2,-0.2,0,Coherent Hallucination
qwen25_7b,alphabetical_answer_think,299,-5.46,-0.2,0.2,0,Coherent Hallucination
qwen25_7b,alphabetical_answer_think,305,0.0,0.0,-0.0,0,Coherent Hallucination
qwen25_7b,alphabetical_answer_think,291,-5.46,-0.2,0.2,0,Incoherent Hallucination
qwen25_7b,alphabetical_answer_think,297,-5.46,-0.2,0.2,0,Coherent Hallucination
qwen25_7b,alphabetical_answer_think,295,-5.46,-0.2,0.2,1,Contradictory Reasoning
qwen25_7b,alphabetical_answer_think,301,0.0,0.0,-0.0,0,Coherent Hallucination
qwen25_7b,alphabetical_answer_think,298,-5.46,-0.2,-0.2,1,Sound Reasoning
qwen25_7b,alphabetical_answer_think,306,0.0,0.0,0.0,1,Sound Reasoning
qwen25_7b,alphabetical_answer_think,308,0.0,0.0,0.0,1,Sound Reasoning
qwen25_7b,alphabetical_answer_think,314,0.0,0.0,0.0,1,Sound Reasoning
qwen25_7b,alphabetical_answer_think,310,0.0,0.0,0.0,1,Sound Reasoning
qwen25_7b,alphabetical_answer_think,317,0.0,0.0,-0.0,0,Coherent Hallucination
qwen25_7b,alphabetical_answer_think,309,0.0,0.0,-0.0,0,Incoherent Hallucination
qwen25_7b,alphabetical_answer_think,318,0.0,0.0,0.0,1,Sound Reasoning
qwen25_7b,alphabetical_answer_think,316,0.0,0.0,0.0,1,Sound Reasoning
qwen25_7b,alphabetical_answer_think,315,0.0,0.0,-0.0,0,Coherent Hallucination
qwen25_7b,alphabetical_answer_think,320,0.0,0.0,0.0,1,Sound Reasoning
qwen25_7b,alphabetical_answer_think,319,0.0,0.0,-0.0,0,Coherent Hallucination
qwen25_7b,alphabetical_answer_think,313,0.0,0.0,-0.0,0,Coherent Hallucination
qwen25_7b,alphabetical_answer_think,307,0.0,0.0,-0.0,0,Coherent Hallucination
qwen25_7b,alphabetical_answer_think,323,0.0,0.0,-0.0,0,Contradictory Reasoning
qwen25_7b,alphabetical_answer_think,321,0.0,0.0,-0.0,0,Coherent Hallucination
qwen25_7b,alphabetical_answer_think,312,0.0,0.0,0.0,1,Sound Reasoning
qwen25_7b,alphabetical_answer_think,325,0.0,0.0,-0.0,0,Coherent Hallucination
qwen25_7b,alphabetical_answer_think,330,0.0,0.0,0.0,1,Sound Reasoning
qwen25_7b,alphabetical_answer_think,326,0.0,0.0,0.0,1,Sound Reasoning
qwen25_7b,alphabetical_answer_think,328,0.0,0.0,0.0,1,Sound Reasoning
qwen25_7b,alphabetical_answer_think,311,0.0,0.0,-0.0,0,Coherent Hallucination
qwen25_7b,alphabetical_answer_think,331,0.0,0.0,-0.0,0,Coherent Hallucination
qwen25_7b,alphabetical_answer_think,324,0.0,0.0,0.0,1,Sound Reasoning
qwen25_7b,alphabetical_answer_think,333,0.0,0.0,0.0,1,Sound Reasoning
qwen25_7b,alphabetical_answer_think,327,0.0,0.0,-0.0,0,Coherent Hallucination
qwen25_7b,alphabetical_answer_think,336,0.0,0.0,0.0,1,Sound Reasoning
qwen25_7b,alphabetical_answer_think,340,0.0,0.0,0.0,1,Sound Reasoning
qwen25_7b,alphabetical_answer_think,332,0.0,0.0,-0.0,0,Coherent Hallucination
qwen25_7b,alphabetical_answer_think,329,0.0,0.0,-0.0,0,Contradictory Reasoning
qwen25_7b,alphabetical_answer_think,334,0.0,0.0,0.0,1,Sound Reasoning
qwen25_7b,alphabetical_answer_think,335,0.0,0.0,-0.0,0,Contradictory Reasoning
qwen25_7b,alphabetical_answer_think,322,0.0,0.0,0.0,1,Incoherent Hallucination
qwen25_7b,alphabetical_answer_think,338,0.0,0.0,0.0,1,Ambiguous/Mixed
qwen25_7b,alphabetical_answer_think,344,0.0,0.0,0.0,1,Sound Reasoning
qwen25_7b,alphabetical_answer_think,346,0.0,0.0,0.0,1,Sound Reasoning
qwen25_7b,alphabetical_answer_think,337,0.0,0.0,-0.0,0,Incoherent Hallucination
qwen25_7b,alphabetical_answer_think,342,0.0,0.0,0.0,1,Sound Reasoning
qwen25_7b,alphabetical_answer_think,343,0.0,0.0,-0.0,0,Coherent Hallucination
qwen25_7b,alphabetical_answer_think,341,0.0,0.0,-0.0,0,Coherent Hallucination
qwen25_7b,alphabetical_answer_think,347,0.0,0.0,-0.0,0,Coherent Hallucination
qwen25_7b,alphabetical_answer_think,350,0.0,0.0,0.0,1,Sound Reasoning
qwen25_7b,alphabetical_answer_think,354,0.0,0.0,0.0,1,Sound Reasoning
qwen25_7b,alphabetical_answer_think,348,0.0,0.0,0.0,1,Sound Reasoning
qwen25_7b,alphabetical_answer_think,351,0.0,0.0,-0.0,0,Incoherent Hallucination
qwen25_7b,alphabetical_answer_think,353,0.0,0.0,-0.0,0,Incoherent Hallucination
qwen25_7b,alphabetical_answer_think,345,0.0,0.0,-0.0,0,Contradictory Reasoning
qwen25_7b,alphabetical_answer_think,349,0.0,0.0,-0.0,0,Coherent Hallucination
qwen25_7b,alphabetical_answer_think,363,4.98,0.2,-0.2,0,Contradictory Reasoning
qwen25_7b,alphabetical_answer_think,362,4.98,0.2,0.2,1,Sound Reasoning
qwen25_7b,alphabetical_answer_think,357,0.0,0.0,-0.0,0,Coherent Hallucination
qwen25_7b,alphabetical_answer_think,339,0.0,0.0,-0.0,0,Coherent Hallucination
qwen25_7b,alphabetical_answer_think,355,0.0,0.0,-0.0,0,Incoherent Hallucination
qwen25_7b,alphabetical_answer_think,358,0.0,0.0,0.0,1,Sound Reasoning
qwen25_7b,alphabetical_answer_think,361,4.98,0.2,-0.2,0,Sound Reasoning
qwen25_7b,alphabetical_answer_think,356,0.0,0.0,0.0,1,Sound Reasoning
qwen25_7b,alphabetical_answer_think,364,4.98,0.2,0.2,1,Sound Reasoning
qwen25_7b,alphabetical_answer_think,360,4.98,0.2,0.2,1,Sound Reasoning
qwen25_7b,alphabetical_answer_think,365,4.98,0.2,-0.2,0,Coherent Hallucination
qwen25_7b,alphabetical_answer_think,368,4.98,0.2,0.2,1,Sound Reasoning
qwen25_7b,alphabetical_answer_think,359,0.0,0.0,-0.0,0,Coherent Hallucination
qwen25_7b,alphabetical_answer_think,372,4.98,0.2,0.2,1,Sound Reasoning
qwen25_7b,alphabetical_answer_think,352,0.0,0.0,0.0,1,Coherent Hallucination
qwen25_7b,alphabetical_answer_think,369,4.98,0.2,-0.2,0,Coherent Hallucination
qwen25_7b,alphabetical_answer_think,366,4.98,0.2,0.2,1,Sound Reasoning
qwen25_7b,alphabetical_answer_think,370,4.98,0.2,0.2,1,Sound Reasoning
qwen25_7b,alphabetical_answer_think,376,4.98,0.2,0.2,1,Sound Reasoning
qwen25_7b,alphabetical_answer_think,367,4.98,0.2,-0.2,0,Sound Reasoning
qwen25_7b,alphabetical_answer_think,371,4.98,0.2,-0.2,0,Coherent Hallucination
qwen25_7b,alphabetical_answer_think,378,4.98,0.2,0.2,1,Sound Reasoning
qwen25_7b,alphabetical_answer_think,379,4.98,0.2,-0.2,0,Coherent Hallucination
qwen25_7b,alphabetical_answer_think,384,4.98,0.2,0.2,1,Sound Reasoning
qwen25_7b,alphabetical_answer_think,374,4.98,0.2,0.2,1,Sound Reasoning
qwen25_7b,alphabetical_answer_think,375,4.98,0.2,-0.2,0,Coherent Hallucination
qwen25_7b,alphabetical_answer_think,377,4.98,0.2,-0.2,0,Coherent Hallucination
qwen25_7b,alphabetical_answer_think,373,4.98,0.2,-0.2,0,Coherent Hallucination
qwen25_7b,alphabetical_answer_think,383,4.98,0.2,-0.2,0,Incoherent Hallucination
qwen25_7b,alphabetical_answer_think,385,4.98,0.2,-0.2,0,Coherent Hallucination
qwen25_7b,alphabetical_answer_think,382,4.98,0.2,0.2,1,Sound Reasoning
qwen25_7b,alphabetical_answer_think,388,4.98,0.2,0.2,1,Sound Reasoning
qwen25_7b,alphabetical_answer_think,380,4.98,0.2,0.2,1,Sound Reasoning
qwen25_7b,alphabetical_answer_think,391,4.98,0.2,-0.2,0,Coherent Hallucination
qwen25_7b,alphabetical_answer_think,387,4.98,0.2,-0.2,0,Sound Reasoning
qwen25_7b,alphabetical_answer_think,386,4.98,0.2,0.2,1,Sound Reasoning
qwen25_7b,alphabetical_answer_think,392,4.98,0.2,-0.2,0,Coherent Hallucination
qwen25_7b,alphabetical_answer_think,390,4.98,0.2,0.2,1,Sound Reasoning
qwen25_7b,alphabetical_answer_think,395,4.98,0.2,-0.2,0,Contradictory Reasoning
qwen25_7b,alphabetical_answer_think,393,4.98,0.2,0.2,1,Sound Reasoning
qwen25_7b,alphabetical_answer_think,394,4.98,0.2,0.2,1,Sound Reasoning
qwen25_7b,alphabetical_answer_think,398,4.98,0.2,0.2,1,Sound Reasoning
qwen25_7b,alphabetical_answer_think,396,4.98,0.2,0.2,1,Sound Reasoning
qwen25_7b,alphabetical_answer_think,403,4.98,0.2,-0.2,0,Coherent Hallucination
qwen25_7b,alphabetical_answer_think,389,4.98,0.2,-0.2,0,Sound Reasoning
qwen25_7b,alphabetical_answer_think,401,4.98,0.2,-0.2,0,Coherent Hallucination
qwen25_7b,alphabetical_answer_think,397,4.98,0.2,-0.2,0,Incoherent Hallucination
qwen25_7b,alphabetical_answer_think,405,4.98,0.2,-0.2,0,Sound Reasoning
qwen25_7b,alphabetical_answer_think,400,4.98,0.2,0.2,1,Coherent Hallucination
qwen25_7b,alphabetical_answer_think,399,4.98,0.2,-0.2,0,Incoherent Hallucination
qwen25_7b,alphabetical_answer_think,381,4.98,0.2,-0.2,0,Coherent Hallucination
qwen25_7b,alphabetical_answer_think,402,4.98,0.2,0.2,1,Sound Reasoning
qwen25_7b,alphabetical_answer_think,404,4.98,0.2,0.2,1,Sound Reasoning
qwen25_7b,alphabetical_answer_think,412,4.98,0.2,0.2,1,Sound Reasoning
qwen25_7b,alphabetical_answer_think,408,4.98,0.2,0.2,1,Sound Reasoning
qwen25_7b,alphabetical_answer_think,414,4.98,0.2,0.2,1,Coherent Hallucination
qwen25_7b,alphabetical_answer_think,406,4.98,0.2,0.2,1,Sound Reasoning
qwen25_7b,alphabetical_answer_think,410,4.98,0.2,0.2,1,Sound Reasoning
qwen25_7b,alphabetical_answer_think,409,4.98,0.2,-0.2,0,Coherent Hallucination
qwen25_7b,alphabetical_answer_think,407,4.98,0.2,-0.2,0,Coherent Hallucination
qwen25_7b,alphabetical_answer_think,420,9.96,0.4,0.4,1,Sound Reasoning
qwen25_7b,alphabetical_answer_think,417,4.98,0.2,-0.2,0,Coherent Hallucination
qwen25_7b,alphabetical_answer_think,411,4.98,0.2,-0.2,0,Coherent Hallucination
qwen25_7b,alphabetical_answer_think,413,4.98,0.2,-0.2,0,Coherent Hallucination
qwen25_7b,alphabetical_answer_think,418,4.98,0.2,0.2,1,Sound Reasoning
qwen25_7b,alphabetical_answer_think,415,4.98,0.2,-0.2,0,Coherent Hallucination
qwen25_7b,alphabetical_answer_think,419,4.98,0.2,-0.2,0,Coherent Hallucination
qwen25_7b,alphabetical_answer_think,422,9.96,0.4,0.4,1,Sound Reasoning
qwen25_7b,alphabetical_answer_think,424,9.96,0.4,0.4,1,Sound Reasoning
qwen25_7b,alphabetical_answer_think,416,4.98,0.2,0.2,1,Sound Reasoning
qwen25_7b,alphabetical_answer_think,425,9.96,0.4,-0.4,0,Coherent Hallucination
qwen25_7b,alphabetical_answer_think,426,9.96,0.4,0.4,1,Sound Reasoning
qwen25_7b,alphabetical_answer_think,430,9.96,0.4,0.4,1,Sound Reasoning
qwen25_7b,alphabetical_answer_think,429,9.96,0.4,-0.4,0,Coherent Hallucination
qwen25_7b,alphabetical_answer_think,423,9.96,0.4,-0.4,0,Coherent Hallucination
qwen25_7b,alphabetical_answer_think,431,9.96,0.4,-0.4,0,Coherent Hallucination
qwen25_7b,alphabetical_answer_think,421,9.96,0.4,-0.4,0,Sound Reasoning
qwen25_7b,alphabetical_answer_think,435,9.96,0.4,-0.4,0,Coherent Hallucination
qwen25_7b,alphabetical_answer_think,427,9.96,0.4,-0.4,0,Coherent Hallucination
qwen25_7b,alphabetical_answer_think,432,9.96,0.4,0.4,1,Sound Reasoning
qwen25_7b,alphabetical_answer_think,436,9.96,0.4,0.4,1,Sound Reasoning
qwen25_7b,alphabetical_answer_think,428,9.96,0.4,0.4,1,Sound Reasoning
qwen25_7b,alphabetical_answer_think,434,9.96,0.4,0.4,1,Sound Reasoning
qwen25_7b,alphabetical_answer_think,440,9.96,0.4,0.4,1,Sound Reasoning
qwen25_7b,alphabetical_answer_think,437,9.96,0.4,-0.4,0,Coherent Hallucination
qwen25_7b,alphabetical_answer_think,433,9.96,0.4,-0.4,0,Coherent Hallucination
qwen25_7b,alphabetical_answer_think,438,9.96,0.4,0.4,1,Sound Reasoning
qwen25_7b,alphabetical_answer_think,444,9.96,0.4,0.4,1,Sound Reasoning
qwen25_7b,alphabetical_answer_think,446,9.96,0.4,0.4,1,Sound Reasoning
qwen25_7b,alphabetical_answer_think,439,9.96,0.4,-0.4,0,Coherent Hallucination
qwen25_7b,alphabetical_answer_think,448,9.96,0.4,0.4,1,Sound Reasoning
qwen25_7b,alphabetical_answer_think,441,9.96,0.4,-0.4,0,Coherent Hallucination
qwen25_7b,alphabetical_answer_think,442,9.96,0.4,0.4,1,Sound Reasoning
qwen25_7b,alphabetical_answer_think,443,9.96,0.4,-0.4,0,Coherent Hallucination
qwen25_7b,alphabetical_answer_think,449,9.96,0.4,-0.4,0,Coherent Hallucination
qwen25_7b,alphabetical_answer_think,450,9.96,0.4,0.4,1,Sound Reasoning
qwen25_7b,alphabetical_answer_think,447,9.96,0.4,-0.4,0,Incoherent Hallucination
qwen25_7b,alphabetical_answer_think,454,9.96,0.4,0.4,1,Sound Reasoning
qwen25_7b,alphabetical_answer_think,458,9.96,0.4,0.4,1,Sound Reasoning
qwen25_7b,alphabetical_answer_think,453,9.96,0.4,0.4,1,Coherent Hallucination
qwen25_7b,alphabetical_answer_think,451,9.96,0.4,-0.4,0,Incoherent Hallucination
qwen25_7b,alphabetical_answer_think,452,9.96,0.4,-0.4,0,Coherent Hallucination
qwen25_7b,alphabetical_answer_think,455,9.96,0.4,-0.4,0,Coherent Hallucination
qwen25_7b,alphabetical_answer_think,457,9.96,0.4,-0.4,0,Incoherent Hallucination
qwen25_7b,alphabetical_answer_think,456,9.96,0.4,0.4,1,Coherent Hallucination
qwen25_7b,alphabetical_answer_think,460,9.96,0.4,0.4,1,Sound Reasoning
qwen25_7b,alphabetical_answer_think,466,9.96,0.4,0.4,1,Sound Reasoning
qwen25_7b,alphabetical_answer_think,459,9.96,0.4,-0.4,0,Sound Reasoning
qwen25_7b,alphabetical_answer_think,461,9.96,0.4,-0.4,0,Coherent Hallucination
qwen25_7b,alphabetical_answer_think,468,9.96,0.4,0.4,1,Sound Reasoning
qwen25_7b,alphabetical_answer_think,465,9.96,0.4,-0.4,0,Coherent Hallucination
qwen25_7b,alphabetical_answer_think,462,9.96,0.4,0.4,1,Sound Reasoning
qwen25_7b,alphabetical_answer_think,463,9.96,0.4,-0.4,0,Coherent Hallucination
qwen25_7b,alphabetical_answer_think,445,9.96,0.4,-0.4,0,Coherent Hallucination
qwen25_7b,alphabetical_answer_think,474,9.96,0.4,0.4,1,Sound Reasoning
qwen25_7b,alphabetical_answer_think,464,9.96,0.4,0.4,1,Sound Reasoning
qwen25_7b,alphabetical_answer_think,467,9.96,0.4,-0.4,0,Contradictory Reasoning
qwen25_7b,alphabetical_answer_think,476,9.96,0.4,0.4,1,Sound Reasoning
qwen25_7b,alphabetical_answer_think,469,9.96,0.4,-0.4,0,Sound Reasoning
qwen25_7b,alphabetical_answer_think,470,9.96,0.4,0.4,1,Coherent Hallucination
qwen25_7b,alphabetical_answer_think,473,9.96,0.4,-0.4,0,Coherent Hallucination
qwen25_7b,alphabetical_answer_think,478,9.96,0.4,0.4,1,Sound Reasoning
qwen25_7b,alphabetical_answer_think,475,9.96,0.4,-0.4,0,Sound Reasoning
qwen25_7b,alphabetical_answer_think,477,9.96,0.4,-0.4,0,Coherent Hallucination
qwen25_7b,alphabetical_answer_think,471,9.96,0.4,-0.4,0,Coherent Hallucination
qwen25_7b,alphabetical_answer_think,481,14.94,0.6,-0.6,0,Incoherent Hallucination
qwen25_7b,alphabetical_answer_think,480,14.94,0.6,0.6,1,Incoherent Hallucination
qwen25_7b,alphabetical_answer_think,479,9.96,0.4,-0.4,0,Coherent Hallucination
qwen25_7b,alphabetical_answer_think,488,14.94,0.6,0.6,1,Sound Reasoning
qwen25_7b,alphabetical_answer_think,482,14.94,0.6,0.6,1,Sound Reasoning
qwen25_7b,alphabetical_answer_think,484,14.94,0.6,0.6,1,Sound Reasoning
qwen25_7b,alphabetical_answer_think,490,14.94,0.6,0.6,1,Sound Reasoning
qwen25_7b,alphabetical_answer_think,483,14.94,0.6,-0.6,0,Coherent Hallucination
qwen25_7b,alphabetical_answer_think,494,14.94,0.6,0.6,1,Sound Reasoning
qwen25_7b,alphabetical_answer_think,492,14.94,0.6,0.6,1,Sound Reasoning
qwen25_7b,alphabetical_answer_think,496,14.94,0.6,0.6,1,Sound Reasoning
qwen25_7b,alphabetical_answer_think,485,14.94,0.6,-0.6,0,Coherent Hallucination
qwen25_7b,alphabetical_answer_think,487,14.94,0.6,-0.6,0,Coherent Hallucination
qwen25_7b,alphabetical_answer_think,493,14.94,0.6,-0.6,0,Coherent Hallucination
qwen25_7b,alphabetical_answer_think,486,14.94,0.6,0.6,1,Sound Reasoning
qwen25_7b,alphabetical_answer_think,495,14.94,0.6,-0.6,0,Coherent Hallucination
qwen25_7b,alphabetical_answer_think,491,14.94,0.6,-0.6,0,Coherent Hallucination
qwen25_7b,alphabetical_answer_think,489,14.94,0.6,-0.6,0,Coherent Hallucination
qwen25_7b,alphabetical_answer_think,472,9.96,0.4,0.4,1,Ambiguous/Mixed
qwen25_7b,alphabetical_answer_think,504,14.94,0.6,0.6,1,Sound Reasoning
qwen25_7b,alphabetical_answer_think,500,14.94,0.6,0.6,1,Sound Reasoning
qwen25_7b,alphabetical_answer_think,498,14.94,0.6,0.6,1,Sound Reasoning
qwen25_7b,alphabetical_answer_think,501,14.94,0.6,-0.6,0,Coherent Hallucination
qwen25_7b,alphabetical_answer_think,497,14.94,0.6,-0.6,0,Incoherent Hallucination
qwen25_7b,alphabetical_answer_think,505,14.94,0.6,-0.6,0,Coherent Hallucination
qwen25_7b,alphabetical_answer_think,499,14.94,0.6,-0.6,0,Coherent Hallucination
qwen25_7b,alphabetical_answer_think,506,14.94,0.6,0.6,1,Sound Reasoning
qwen25_7b,alphabetical_answer_think,509,14.94,0.6,-0.6,0,Coherent Hallucination
qwen25_7b,alphabetical_answer_think,502,14.94,0.6,0.6,1,Sound Reasoning
qwen25_7b,alphabetical_answer_think,513,14.94,0.6,0.6,1,Incoherent Hallucination
qwen25_7b,alphabetical_answer_think,507,14.94,0.6,-0.6,0,Contradictory Reasoning
qwen25_7b,alphabetical_answer_think,508,14.94,0.6,0.6,1,Sound Reasoning
qwen25_7b,alphabetical_answer_think,512,14.94,0.6,-0.6,0,Ambiguous/Mixed
qwen25_7b,alphabetical_answer_think,503,14.94,0.6,-0.6,0,Coherent Hallucination
qwen25_7b,alphabetical_answer_think,511,14.94,0.6,-0.6,0,Coherent Hallucination
qwen25_7b,alphabetical_answer_think,514,14.94,0.6,0.6,1,Sound Reasoning
qwen25_7b,alphabetical_answer_think,510,14.94,0.6,0.6,1,Sound Reasoning
qwen25_7b,alphabetical_answer_think,524,14.94,0.6,0.6,1,Sound Reasoning
qwen25_7b,alphabetical_answer_think,518,14.94,0.6,0.6,1,Sound Reasoning
qwen25_7b,alphabetical_answer_think,516,14.94,0.6,0.6,1,Coherent Hallucination
qwen25_7b,alphabetical_answer_think,515,14.94,0.6,-0.6,0,Coherent Hallucination
qwen25_7b,alphabetical_answer_think,526,14.94,0.6,0.6,1,Sound Reasoning
qwen25_7b,alphabetical_answer_think,517,14.94,0.6,-0.6,0,Coherent Hallucination
qwen25_7b,alphabetical_answer_think,519,14.94,0.6,-0.6,0,Coherent Hallucination
qwen25_7b,alphabetical_answer_think,520,14.94,0.6,0.6,1,Coherent Hallucination
qwen25_7b,alphabetical_answer_think,527,14.94,0.6,-0.6,0,Contradictory Reasoning
qwen25_7b,alphabetical_answer_think,525,14.94,0.6,-0.6,0,Coherent Hallucination
qwen25_7b,alphabetical_answer_think,523,14.94,0.6,-0.6,0,Contradictory Reasoning
qwen25_7b,alphabetical_answer_think,521,14.94,0.6,-0.6,0,Coherent Hallucination
qwen25_7b,alphabetical_answer_think,522,14.94,0.6,0.6,1,Sound Reasoning
qwen25_7b,alphabetical_answer_think,533,14.94,0.6,-0.6,0,Coherent Hallucination
qwen25_7b,alphabetical_answer_think,536,14.94,0.6,0.6,1,Sound Reasoning
qwen25_7b,alphabetical_answer_think,528,14.94,0.6,0.6,1,Sound Reasoning
qwen25_7b,alphabetical_answer_think,529,14.94,0.6,-0.6,0,Coherent Hallucination
qwen25_7b,alphabetical_answer_think,531,14.94,0.6,-0.6,0,Ambiguous/Mixed
qwen25_7b,alphabetical_answer_think,532,14.94,0.6,0.6,1,Sound Reasoning
qwen25_7b,alphabetical_answer_think,535,14.94,0.6,-0.6,0,Coherent Hallucination
qwen25_7b,alphabetical_answer_think,530,14.94,0.6,0.6,1,Ambiguous/Mixed
qwen25_7b,alphabetical_answer_think,534,14.94,0.6,0.6,1,Coherent Hallucination
qwen25_7b,alphabetical_answer_think,537,14.94,0.6,-0.6,0,Coherent Hallucination
qwen25_7b,alphabetical_answer_think,545,19.92,0.8,-0.8,0,Coherent Hallucination
qwen25_7b,alphabetical_answer_think,541,19.92,0.8,-0.8,0,Coherent Hallucination
qwen25_7b,alphabetical_answer_think,538,14.94,0.6,0.6,1,Coherent Hallucination
qwen25_7b,alphabetical_answer_think,539,14.94,0.6,-0.6,0,Coherent Hallucination
qwen25_7b,alphabetical_answer_think,548,19.92,0.8,0.8,1,Sound Reasoning
qwen25_7b,alphabetical_answer_think,540,19.92,0.8,0.8,1,Sound Reasoning
qwen25_7b,alphabetical_answer_think,542,19.92,0.8,0.8,1,Coherent Hallucination
qwen25_7b,alphabetical_answer_think,544,19.92,0.8,0.8,1,Sound Reasoning
qwen25_7b,alphabetical_answer_think,546,19.92,0.8,0.8,1,Sound Reasoning
qwen25_7b,alphabetical_answer_think,547,19.92,0.8,-0.8,0,Coherent Hallucination
qwen25_7b,alphabetical_answer_think,543,19.92,0.8,-0.8,0,Coherent Hallucination
qwen25_7b,alphabetical_answer_think,551,19.92,0.8,-0.8,0,Coherent Hallucination
qwen25_7b,alphabetical_answer_think,550,19.92,0.8,0.8,1,Sound Reasoning
qwen25_7b,alphabetical_answer_think,556,19.92,0.8,0.8,1,Sound Reasoning
qwen25_7b,alphabetical_answer_think,553,19.92,0.8,-0.8,0,Coherent Hallucination
qwen25_7b,alphabetical_answer_think,549,19.92,0.8,-0.8,0,Coherent Hallucination
qwen25_7b,alphabetical_answer_think,558,19.92,0.8,0.8,1,Sound Reasoning
qwen25_7b,alphabetical_answer_think,560,19.92,0.8,0.8,1,Sound Reasoning
qwen25_7b,alphabetical_answer_think,552,19.92,0.8,0.8,1,Sound Reasoning
qwen25_7b,alphabetical_answer_think,555,19.92,0.8,-0.8,0,Coherent Hallucination
qwen25_7b,alphabetical_answer_think,561,19.92,0.8,-0.8,0,Coherent Hallucination
qwen25_7b,alphabetical_answer_think,554,19.92,0.8,0.8,1,Sound Reasoning
qwen25_7b,alphabetical_answer_think,564,19.92,0.8,0.8,1,Sound Reasoning
qwen25_7b,alphabetical_answer_think,559,19.92,0.8,-0.8,0,Coherent Hallucination
qwen25_7b,alphabetical_answer_think,566,19.92,0.8,0.8,1,Sound Reasoning
qwen25_7b,alphabetical_answer_think,557,19.92,0.8,-0.8,0,Coherent Hallucination
qwen25_7b,alphabetical_answer_think,562,19.92,0.8,0.8,1,Sound Reasoning
qwen25_7b,alphabetical_answer_think,568,19.92,0.8,0.8,1,Sound Reasoning
qwen25_7b,alphabetical_answer_think,570,19.92,0.8,0.8,1,Sound Reasoning
qwen25_7b,alphabetical_answer_think,563,19.92,0.8,-0.8,0,Coherent Hallucination
qwen25_7b,alphabetical_answer_think,569,19.92,0.8,-0.8,0,Coherent Hallucination
qwen25_7b,alphabetical_answer_think,567,19.92,0.8,-0.8,0,Sound Reasoning
qwen25_7b,alphabetical_answer_think,571,19.92,0.8,-0.8,0,Coherent Hallucination
qwen25_7b,alphabetical_answer_think,573,19.92,0.8,0.8,1,Coherent Hallucination
qwen25_7b,alphabetical_answer_think,577,19.92,0.8,-0.8,0,Contradictory Reasoning
qwen25_7b,alphabetical_answer_think,578,19.92,0.8,0.8,1,Sound Reasoning
qwen25_7b,alphabetical_answer_think,584,19.92,0.8,0.8,1,Sound Reasoning
qwen25_7b,alphabetical_answer_think,576,19.92,0.8,0.8,1,Sound Reasoning
qwen25_7b,alphabetical_answer_think,582,19.92,0.8,0.8,1,Sound Reasoning
qwen25_7b,alphabetical_answer_think,575,19.92,0.8,-0.8,0,Contradictory Reasoning
qwen25_7b,alphabetical_answer_think,572,19.92,0.8,-0.8,0,Coherent Hallucination
qwen25_7b,alphabetical_answer_think,574,19.92,0.8,0.8,1,Sound Reasoning
qwen25_7b,alphabetical_answer_think,565,19.92,0.8,-0.8,0,Sound Reasoning
qwen25_7b,alphabetical_answer_think,580,19.92,0.8,0.8,1,Coherent Hallucination
qwen25_7b,alphabetical_answer_think,581,19.92,0.8,-0.8,0,Coherent Hallucination
qwen25_7b,alphabetical_answer_think,586,19.92,0.8,0.8,1,Sound Reasoning
qwen25_7b,alphabetical_answer_think,583,19.92,0.8,-0.8,0,Coherent Hallucination
qwen25_7b,alphabetical_answer_think,579,19.92,0.8,-0.8,0,Coherent Hallucination
qwen25_7b,alphabetical_answer_think,588,19.92,0.8,0.8,1,Coherent Hallucination
qwen25_7b,alphabetical_answer_think,591,19.92,0.8,-0.8,0,Coherent Hallucination
qwen25_7b,alphabetical_answer_think,592,19.92,0.8,0.8,1,Sound Reasoning
qwen25_7b,alphabetical_answer_think,587,19.92,0.8,-0.8,0,Coherent Hallucination
qwen25_7b,alphabetical_answer_think,590,19.92,0.8,0.8,1,Sound Reasoning
qwen25_7b,alphabetical_answer_think,585,19.92,0.8,-0.8,0,Coherent Hallucination
qwen25_7b,alphabetical_answer_think,589,19.92,0.8,-0.8,0,Coherent Hallucination
qwen25_7b,alphabetical_answer_think,596,19.92,0.8,0.8,1,Sound Reasoning
qwen25_7b,alphabetical_answer_think,600,24.9,1.0,1.0,1,Sound Reasoning
qwen25_7b,alphabetical_answer_think,594,19.92,0.8,0.8,1,Sound Reasoning
qwen25_7b,alphabetical_answer_think,593,19.92,0.8,-0.8,0,Coherent Hallucination
qwen25_7b,alphabetical_answer_think,595,19.92,0.8,-0.8,0,Coherent Hallucination
qwen25_7b,alphabetical_answer_think,602,24.9,1.0,1.0,1,Sound Reasoning
qwen25_7b,alphabetical_answer_think,601,24.9,1.0,-1.0,0,Sound Reasoning
qwen25_7b,alphabetical_answer_think,604,24.9,1.0,1.0,1,Sound Reasoning
qwen25_7b,alphabetical_answer_think,599,19.92,0.8,-0.8,0,Coherent Hallucination
qwen25_7b,alphabetical_answer_think,598,19.92,0.8,0.8,1,Coherent Hallucination
qwen25_7b,alphabetical_answer_think,606,24.9,1.0,1.0,1,Sound Reasoning
qwen25_7b,alphabetical_answer_think,597,19.92,0.8,-0.8,0,Coherent Hallucination
qwen25_7b,alphabetical_answer_think,603,24.9,1.0,-1.0,0,Coherent Hallucination
qwen25_7b,alphabetical_answer_think,611,24.9,1.0,-1.0,0,Incoherent Hallucination
qwen25_7b,alphabetical_answer_think,612,24.9,1.0,1.0,1,Sound Reasoning
qwen25_7b,alphabetical_answer_think,608,24.9,1.0,1.0,1,Sound Reasoning
qwen25_7b,alphabetical_answer_think,610,24.9,1.0,1.0,1,Sound Reasoning
qwen25_7b,alphabetical_answer_think,607,24.9,1.0,-1.0,0,Ambiguous/Mixed
qwen25_7b,alphabetical_answer_think,614,24.9,1.0,1.0,1,Sound Reasoning
qwen25_7b,alphabetical_answer_think,615,24.9,1.0,-1.0,0,Coherent Hallucination
qwen25_7b,alphabetical_answer_think,609,24.9,1.0,-1.0,0,Coherent Hallucination
qwen25_7b,alphabetical_answer_think,616,24.9,1.0,1.0,1,Sound Reasoning
qwen25_7b,alphabetical_answer_think,613,24.9,1.0,-1.0,0,Incoherent Hallucination
qwen25_7b,alphabetical_answer_think,605,24.9,1.0,-1.0,0,Coherent Hallucination
qwen25_7b,alphabetical_answer_think,620,24.9,1.0,1.0,1,Sound Reasoning
qwen25_7b,alphabetical_answer_think,619,24.9,1.0,-1.0,0,Sound Reasoning
qwen25_7b,alphabetical_answer_think,625,24.9,1.0,-1.0,0,Coherent Hallucination
qwen25_7b,alphabetical_answer_think,618,24.9,1.0,1.0,1,Sound Reasoning
qwen25_7b,alphabetical_answer_think,617,24.9,1.0,-1.0,0,Coherent Hallucination
qwen25_7b,alphabetical_answer_think,624,24.9,1.0,1.0,1,Sound Reasoning
qwen25_7b,alphabetical_answer_think,628,24.9,1.0,1.0,1,Sound Reasoning
qwen25_7b,alphabetical_answer_think,621,24.9,1.0,-1.0,0,Coherent Hallucination
qwen25_7b,alphabetical_answer_think,634,24.9,1.0,1.0,1,Sound Reasoning
qwen25_7b,alphabetical_answer_think,627,24.9,1.0,-1.0,0,Sound Reasoning
qwen25_7b,alphabetical_answer_think,622,24.9,1.0,1.0,1,Sound Reasoning
qwen25_7b,alphabetical_answer_think,632,24.9,1.0,-1.0,0,Coherent Hallucination
qwen25_7b,alphabetical_answer_think,629,24.9,1.0,-1.0,0,Coherent Hallucination
qwen25_7b,alphabetical_answer_think,626,24.9,1.0,1.0,1,Sound Reasoning
qwen25_7b,alphabetical_answer_think,638,24.9,1.0,1.0,1,Sound Reasoning
qwen25_7b,alphabetical_answer_think,631,24.9,1.0,-1.0,0,Coherent Hallucination
qwen25_7b,alphabetical_answer_think,630,24.9,1.0,1.0,1,Sound Reasoning
qwen25_7b,alphabetical_answer_think,636,24.9,1.0,1.0,1,Coherent Hallucination
qwen25_7b,alphabetical_answer_think,623,24.9,1.0,-1.0,0,Coherent Hallucination
qwen25_7b,alphabetical_answer_think,635,24.9,1.0,-1.0,0,Contradictory Reasoning
qwen25_7b,alphabetical_answer_think,637,24.9,1.0,-1.0,0,Coherent Hallucination
qwen25_7b,alphabetical_answer_think,633,24.9,1.0,1.0,1,Ambiguous/Mixed
qwen25_7b,alphabetical_answer_think,644,24.9,1.0,1.0,1,Sound Reasoning
qwen25_7b,alphabetical_answer_think,641,24.9,1.0,-1.0,0,Sound Reasoning
qwen25_7b,alphabetical_answer_think,643,24.9,1.0,-1.0,0,Coherent Hallucination
qwen25_7b,alphabetical_answer_think,639,24.9,1.0,-1.0,0,Coherent Hallucination
qwen25_7b,alphabetical_answer_think,648,24.9,1.0,1.0,1,Coherent Hallucination
qwen25_7b,alphabetical_answer_think,647,24.9,1.0,-1.0,0,Coherent Hallucination
qwen25_7b,alphabetical_answer_think,642,24.9,1.0,1.0,1,Coherent Hallucination
qwen25_7b,alphabetical_answer_think,640,24.9,1.0,1.0,1,Coherent Hallucination
qwen25_7b,alphabetical_answer_think,645,24.9,1.0,-1.0,0,Coherent Hallucination
qwen25_7b,alphabetical_answer_think,646,24.9,1.0,1.0,1,Coherent Hallucination
qwen25_7b,alphabetical_answer_think,653,24.9,1.0,-1.0,0,Sound Reasoning
qwen25_7b,alphabetical_answer_think,654,24.9,1.0,1.0,1,Sound Reasoning
qwen25_7b,alphabetical_answer_think,655,24.9,1.0,-1.0,0,Sound Reasoning
qwen25_7b,alphabetical_answer_think,651,24.9,1.0,-1.0,0,Coherent Hallucination
qwen25_7b,alphabetical_answer_think,656,24.9,1.0,1.0,1,Sound Reasoning
qwen25_7b,alphabetical_answer_think,652,24.9,1.0,1.0,1,Sound Reasoning
qwen25_7b,alphabetical_answer_think,649,24.9,1.0,-1.0,0,Coherent Hallucination
qwen25_7b,alphabetical_answer_think,650,24.9,1.0,1.0,1,Coherent Hallucination
qwen25_7b,alphabetical_answer_think,659,24.9,1.0,-1.0,0,Coherent Hallucination
qwen25_7b,alphabetical_answer_think,658,24.9,1.0,1.0,1,Sound Reasoning
qwen25_7b,alphabetical_answer_think,657,24.9,1.0,-1.0,0,Coherent Hallucination
qwen25_14b,alphabetical_think_answer,10,-41.9,-1.0,-1.0,0,Coherent Hallucination
qwen25_14b,alphabetical_think_answer,1,-41.9,-1.0,1.0,1,Sound Reasoning
qwen25_14b,alphabetical_think_answer,5,-41.9,-1.0,1.0,1,Sound Reasoning
qwen25_14b,alphabetical_think_answer,15,-41.9,-1.0,1.0,1,Sound Reasoning
qwen25_14b,alphabetical_think_answer,11,-41.9,-1.0,1.0,1,Sound Reasoning
qwen25_14b,alphabetical_think_answer,7,-41.9,-1.0,1.0,1,Sound Reasoning
qwen25_14b,alphabetical_think_answer,9,-41.9,-1.0,1.0,1,Sound Reasoning
qwen25_14b,alphabetical_think_answer,2,-41.9,-1.0,-1.0,0,Coherent Hallucination
qwen25_14b,alphabetical_think_answer,6,-41.9,-1.0,-1.0,0,Incoherent Hallucination
qwen25_14b,alphabetical_think_answer,8,-41.9,-1.0,-1.0,0,Coherent Hallucination
qwen25_14b,alphabetical_think_answer,17,-41.9,-1.0,1.0,1,Coherent Hallucination
qwen25_14b,alphabetical_think_answer,0,-41.9,-1.0,-1.0,0,Coherent Hallucination
qwen25_14b,alphabetical_think_answer,13,-41.9,-1.0,1.0,1,Coherent Hallucination
qwen25_14b,alphabetical_think_answer,12,-41.9,-1.0,-1.0,0,Coherent Hallucination
qwen25_14b,alphabetical_think_answer,4,-41.9,-1.0,-1.0,0,Coherent Hallucination
qwen25_14b,alphabetical_think_answer,18,-41.9,-1.0,-1.0,0,Coherent Hallucination
qwen25_14b,alphabetical_think_answer,3,-41.9,-1.0,1.0,1,Sound Reasoning
qwen25_14b,alphabetical_think_answer,14,-41.9,-1.0,-1.0,0,Coherent Hallucination
qwen25_14b,alphabetical_think_answer,19,-41.9,-1.0,1.0,1,Incoherent Hallucination
qwen25_14b,alphabetical_think_answer,16,-41.9,-1.0,-1.0,0,Coherent Hallucination
qwen25_14b,alphabetical_think_answer,21,-41.9,-1.0,1.0,1,Sound Reasoning
qwen25_14b,alphabetical_think_answer,25,-41.9,-1.0,1.0,1,Sound Reasoning
qwen25_14b,alphabetical_think_answer,24,-41.9,-1.0,-1.0,0,Sound Reasoning
qwen25_14b,alphabetical_think_answer,23,-41.9,-1.0,1.0,1,Sound Reasoning
qwen25_14b,alphabetical_think_answer,27,-41.9,-1.0,1.0,1,Sound Reasoning
qwen25_14b,alphabetical_think_answer,26,-41.9,-1.0,-1.0,0,Coherent Hallucination
qwen25_14b,alphabetical_think_answer,34,-41.9,-1.0,-1.0,0,Coherent Hallucination
qwen25_14b,alphabetical_think_answer,31,-41.9,-1.0,1.0,1,Sound Reasoning
qwen25_14b,alphabetical_think_answer,20,-41.9,-1.0,-1.0,0,Coherent Hallucination
qwen25_14b,alphabetical_think_answer,29,-41.9,-1.0,1.0,1,Sound Reasoning
qwen25_14b,alphabetical_think_answer,22,-41.9,-1.0,-1.0,0,Coherent Hallucination
qwen25_14b,alphabetical_think_answer,36,-41.9,-1.0,-1.0,0,Coherent Hallucination
qwen25_14b,alphabetical_think_answer,32,-41.9,-1.0,1.0,1,Coherent Hallucination
qwen25_14b,alphabetical_think_answer,30,-41.9,-1.0,-1.0,0,Ambiguous/Mixed
qwen25_14b,alphabetical_think_answer,28,-41.9,-1.0,-1.0,0,Coherent Hallucination
qwen25_14b,alphabetical_think_answer,37,-41.9,-1.0,1.0,1,Incoherent Hallucination
qwen25_14b,alphabetical_think_answer,35,-41.9,-1.0,1.0,1,Sound Reasoning
qwen25_14b,alphabetical_think_answer,39,-41.9,-1.0,1.0,1,Sound Reasoning
qwen25_14b,alphabetical_think_answer,33,-41.9,-1.0,-1.0,0,Coherent Hallucination
qwen25_14b,alphabetical_think_answer,41,-41.9,-1.0,1.0,1,Coherent Hallucination
qwen25_14b,alphabetical_think_answer,38,-41.9,-1.0,-1.0,0,Coherent Hallucination
qwen25_14b,alphabetical_think_answer,40,-41.9,-1.0,-1.0,0,Coherent Hallucination
qwen25_14b,alphabetical_think_answer,42,-41.9,-1.0,-1.0,0,Incoherent Hallucination
qwen25_14b,alphabetical_think_answer,43,-41.9,-1.0,1.0,1,Ambiguous/Mixed
qwen25_14b,alphabetical_think_answer,44,-41.9,-1.0,-1.0,0,Coherent Hallucination
qwen25_14b,alphabetical_think_answer,47,-41.9,-1.0,1.0,1,Sound Reasoning
qwen25_14b,alphabetical_think_answer,49,-41.9,-1.0,1.0,1,Sound Reasoning
qwen25_14b,alphabetical_think_answer,52,-41.9,-1.0,-1.0,0,Coherent Hallucination
qwen25_14b,alphabetical_think_answer,45,-41.9,-1.0,1.0,1,Sound Reasoning
qwen25_14b,alphabetical_think_answer,48,-41.9,-1.0,-1.0,0,Coherent Hallucination
qwen25_14b,alphabetical_think_answer,54,-41.9,-1.0,-1.0,0,Coherent Hallucination
qwen25_14b,alphabetical_think_answer,55,-41.9,-1.0,1.0,1,Coherent Hallucination
qwen25_14b,alphabetical_think_answer,50,-41.9,-1.0,-1.0,0,Incoherent Hallucination
qwen25_14b,alphabetical_think_answer,51,-41.9,-1.0,1.0,1,Sound Reasoning
qwen25_14b,alphabetical_think_answer,46,-41.9,-1.0,-1.0,0,Coherent Hallucination
qwen25_14b,alphabetical_think_answer,63,-33.52,-0.8,0.8,1,Sound Reasoning
qwen25_14b,alphabetical_think_answer,56,-41.9,-1.0,-1.0,0,Coherent Hallucination
qwen25_14b,alphabetical_think_answer,57,-41.9,-1.0,1.0,1,Sound Reasoning
qwen25_14b,alphabetical_think_answer,65,-33.52,-0.8,0.8,1,Sound Reasoning
qwen25_14b,alphabetical_think_answer,58,-41.9,-1.0,-1.0,0,Coherent Hallucination
qwen25_14b,alphabetical_think_answer,60,-33.52,-0.8,-0.8,0,Incoherent Hallucination
qwen25_14b,alphabetical_think_answer,61,-33.52,-0.8,0.8,1,Sound Reasoning
qwen25_14b,alphabetical_think_answer,62,-33.52,-0.8,-0.8,0,Coherent Hallucination
qwen25_14b,alphabetical_think_answer,59,-41.9,-1.0,1.0,1,Sound Reasoning
qwen25_14b,alphabetical_think_answer,53,-41.9,-1.0,1.0,1,Ambiguous/Mixed
qwen25_14b,alphabetical_think_answer,64,-33.52,-0.8,-0.8,0,Coherent Hallucination
qwen25_14b,alphabetical_think_answer,70,-33.52,-0.8,-0.8,0,Coherent Hallucination
qwen25_14b,alphabetical_think_answer,69,-33.52,-0.8,0.8,1,Sound Reasoning
qwen25_14b,alphabetical_think_answer,72,-33.52,-0.8,-0.8,0,Coherent Hallucination
qwen25_14b,alphabetical_think_answer,68,-33.52,-0.8,-0.8,0,Coherent Hallucination
qwen25_14b,alphabetical_think_answer,66,-33.52,-0.8,-0.8,0,Coherent Hallucination
qwen25_14b,alphabetical_think_answer,73,-33.52,-0.8,0.8,1,Sound Reasoning
qwen25_14b,alphabetical_think_answer,71,-33.52,-0.8,0.8,1,Sound Reasoning
qwen25_14b,alphabetical_think_answer,74,-33.52,-0.8,-0.8,0,Incoherent Hallucination
qwen25_14b,alphabetical_think_answer,76,-33.52,-0.8,-0.8,0,Coherent Hallucination
qwen25_14b,alphabetical_think_answer,67,-33.52,-0.8,0.8,1,Sound Reasoning
qwen25_14b,alphabetical_think_answer,80,-33.52,-0.8,-0.8,0,Coherent Hallucination
qwen25_14b,alphabetical_think_answer,84,-33.52,-0.8,-0.8,0,Sound Reasoning
qwen25_14b,alphabetical_think_answer,75,-33.52,-0.8,0.8,1,Sound Reasoning
qwen25_14b,alphabetical_think_answer,82,-33.52,-0.8,-0.8,0,Coherent Hallucination
qwen25_14b,alphabetical_think_answer,81,-33.52,-0.8,0.8,1,Sound Reasoning
qwen25_14b,alphabetical_think_answer,77,-33.52,-0.8,0.8,1,Sound Reasoning
qwen25_14b,alphabetical_think_answer,88,-33.52,-0.8,-0.8,0,Incoherent Hallucination
qwen25_14b,alphabetical_think_answer,83,-33.52,-0.8,0.8,1,Sound Reasoning
qwen25_14b,alphabetical_think_answer,79,-33.52,-0.8,0.8,1,Sound Reasoning
qwen25_14b,alphabetical_think_answer,85,-33.52,-0.8,0.8,1,Sound Reasoning
qwen25_14b,alphabetical_think_answer,89,-33.52,-0.8,0.8,1,Sound Reasoning
qwen25_14b,alphabetical_think_answer,86,-33.52,-0.8,-0.8,0,Contradictory Reasoning
qwen25_14b,alphabetical_think_answer,78,-33.52,-0.8,-0.8,0,Coherent Hallucination
qwen25_14b,alphabetical_think_answer,94,-33.52,-0.8,-0.8,0,Coherent Hallucination
qwen25_14b,alphabetical_think_answer,87,-33.52,-0.8,0.8,1,Sound Reasoning
qwen25_14b,alphabetical_think_answer,91,-33.52,-0.8,0.8,1,Sound Reasoning
qwen25_14b,alphabetical_think_answer,93,-33.52,-0.8,-0.8,0,Sound Reasoning
qwen25_14b,alphabetical_think_answer,92,-33.52,-0.8,0.8,1,Sound Reasoning
qwen25_14b,alphabetical_think_answer,90,-33.52,-0.8,-0.8,0,Ambiguous/Mixed
qwen25_14b,alphabetical_think_answer,96,-33.52,-0.8,-0.8,0,Coherent Hallucination
qwen25_14b,alphabetical_think_answer,95,-33.52,-0.8,0.8,1,Sound Reasoning
qwen25_14b,alphabetical_think_answer,97,-33.52,-0.8,0.8,1,Sound Reasoning
qwen25_14b,alphabetical_think_answer,102,-33.52,-0.8,-0.8,0,Coherent Hallucination
qwen25_14b,alphabetical_think_answer,100,-33.52,-0.8,-0.8,0,Coherent Hallucination
qwen25_14b,alphabetical_think_answer,99,-33.52,-0.8,0.8,1,Sound Reasoning
qwen25_14b,alphabetical_think_answer,103,-33.52,-0.8,0.8,1,Coherent Hallucination
qwen25_14b,alphabetical_think_answer,98,-33.52,-0.8,-0.8,0,Coherent Hallucination
qwen25_14b,alphabetical_think_answer,105,-33.52,-0.8,0.8,1,Sound Reasoning
qwen25_14b,alphabetical_think_answer,109,-33.52,-0.8,0.8,1,Sound Reasoning
qwen25_14b,alphabetical_think_answer,104,-33.52,-0.8,-0.8,0,Coherent Hallucination
qwen25_14b,alphabetical_think_answer,101,-33.52,-0.8,0.8,1,Sound Reasoning
qwen25_14b,alphabetical_think_answer,107,-33.52,-0.8,0.8,1,Incoherent Hallucination
qwen25_14b,alphabetical_think_answer,111,-33.52,-0.8,0.8,1,Sound Reasoning
qwen25_14b,alphabetical_think_answer,115,-33.52,-0.8,0.8,1,Sound Reasoning
qwen25_14b,alphabetical_think_answer,108,-33.52,-0.8,-0.8,0,Coherent Hallucination
qwen25_14b,alphabetical_think_answer,113,-33.52,-0.8,0.8,1,Sound Reasoning
qwen25_14b,alphabetical_think_answer,112,-33.52,-0.8,-0.8,0,Coherent Hallucination
qwen25_14b,alphabetical_think_answer,110,-33.52,-0.8,-0.8,0,Coherent Hallucination
qwen25_14b,alphabetical_think_answer,106,-33.52,-0.8,-0.8,0,Coherent Hallucination
qwen25_14b,alphabetical_think_answer,114,-33.52,-0.8,-0.8,0,Coherent Hallucination
qwen25_14b,alphabetical_think_answer,117,-33.52,-0.8,0.8,1,Sound Reasoning
qwen25_14b,alphabetical_think_answer,116,-33.52,-0.8,-0.8,0,Coherent Hallucination
qwen25_14b,alphabetical_think_answer,118,-33.52,-0.8,-0.8,0,Coherent Hallucination
qwen25_14b,alphabetical_think_answer,121,-25.14,-0.6,0.6,1,Sound Reasoning
qwen25_14b,alphabetical_think_answer,124,-25.14,-0.6,-0.6,0,Contradictory Reasoning
qwen25_14b,alphabetical_think_answer,129,-25.14,-0.6,0.6,1,Sound Reasoning
qwen25_14b,alphabetical_think_answer,119,-33.52,-0.8,0.8,1,Sound Reasoning
qwen25_14b,alphabetical_think_answer,125,-25.14,-0.6,0.6,1,Sound Reasoning
qwen25_14b,alphabetical_think_answer,127,-25.14,-0.6,0.6,1,Sound Reasoning
qwen25_14b,alphabetical_think_answer,130,-25.14,-0.6,-0.6,0,Coherent Hallucination
qwen25_14b,alphabetical_think_answer,122,-25.14,-0.6,-0.6,0,Incoherent Hallucination
qwen25_14b,alphabetical_think_answer,120,-25.14,-0.6,-0.6,0,Coherent Hallucination
qwen25_14b,alphabetical_think_answer,126,-25.14,-0.6,-0.6,0,Contradictory Reasoning
qwen25_14b,alphabetical_think_answer,133,-25.14,-0.6,0.6,1,Coherent Hallucination
qwen25_14b,alphabetical_think_answer,131,-25.14,-0.6,0.6,1,Sound Reasoning
qwen25_14b,alphabetical_think_answer,135,-25.14,-0.6,0.6,1,Sound Reasoning
qwen25_14b,alphabetical_think_answer,132,-25.14,-0.6,-0.6,0,Coherent Hallucination
qwen25_14b,alphabetical_think_answer,123,-25.14,-0.6,0.6,1,Sound Reasoning
qwen25_14b,alphabetical_think_answer,139,-25.14,-0.6,0.6,1,Sound Reasoning
qwen25_14b,alphabetical_think_answer,134,-25.14,-0.6,-0.6,0,Sound Reasoning
qwen25_14b,alphabetical_think_answer,140,-25.14,-0.6,-0.6,0,Coherent Hallucination
qwen25_14b,alphabetical_think_answer,142,-25.14,-0.6,-0.6,0,Incoherent Hallucination
qwen25_14b,alphabetical_think_answer,136,-25.14,-0.6,-0.6,0,Coherent Hallucination
qwen25_14b,alphabetical_think_answer,138,-25.14,-0.6,-0.6,0,Coherent Hallucination
qwen25_14b,alphabetical_think_answer,137,-25.14,-0.6,0.6,1,Sound Reasoning
qwen25_14b,alphabetical_think_answer,144,-25.14,-0.6,-0.6,0,Sound Reasoning
qwen25_14b,alphabetical_think_answer,146,-25.14,-0.6,-0.6,0,Contradictory Reasoning
qwen25_14b,alphabetical_think_answer,128,-25.14,-0.6,-0.6,0,Coherent Hallucination
qwen25_14b,alphabetical_think_answer,141,-25.14,-0.6,0.6,1,Sound Reasoning
qwen25_14b,alphabetical_think_answer,145,-25.14,-0.6,0.6,1,Sound Reasoning
qwen25_14b,alphabetical_think_answer,149,-25.14,-0.6,0.6,1,Sound Reasoning
qwen25_14b,alphabetical_think_answer,147,-25.14,-0.6,0.6,1,Sound Reasoning
qwen25_14b,alphabetical_think_answer,152,-25.14,-0.6,0.6,1,Sound Reasoning
qwen25_14b,alphabetical_think_answer,150,-25.14,-0.6,-0.6,0,Contradictory Reasoning
qwen25_14b,alphabetical_think_answer,151,-25.14,-0.6,0.6,1,Sound Reasoning
qwen25_14b,alphabetical_think_answer,148,-25.14,-0.6,-0.6,0,Coherent Hallucination
qwen25_14b,alphabetical_think_answer,143,-25.14,-0.6,0.6,1,Sound Reasoning
qwen25_14b,alphabetical_think_answer,154,-25.14,-0.6,-0.6,0,Coherent Hallucination
qwen25_14b,alphabetical_think_answer,156,-25.14,-0.6,-0.6,0,Coherent Hallucination
qwen25_14b,alphabetical_think_answer,161,-25.14,-0.6,0.6,1,Sound Reasoning
qwen25_14b,alphabetical_think_answer,158,-25.14,-0.6,-0.6,0,Contradictory Reasoning
qwen25_14b,alphabetical_think_answer,163,-25.14,-0.6,0.6,1,Sound Reasoning
qwen25_14b,alphabetical_think_answer,165,-25.14,-0.6,0.6,1,Sound Reasoning
qwen25_14b,alphabetical_think_answer,153,-25.14,-0.6,-0.6,0,Coherent Hallucination
qwen25_14b,alphabetical_think_answer,155,-25.14,-0.6,0.6,1,Sound Reasoning
qwen25_14b,alphabetical_think_answer,162,-25.14,-0.6,-0.6,0,Contradictory Reasoning
qwen25_14b,alphabetical_think_answer,160,-25.14,-0.6,-0.6,0,Coherent Hallucination
qwen25_14b,alphabetical_think_answer,166,-25.14,-0.6,-0.6,0,Coherent Hallucination
qwen25_14b,alphabetical_think_answer,164,-25.14,-0.6,-0.6,0,Coherent Hallucination
qwen25_14b,alphabetical_think_answer,159,-25.14,-0.6,0.6,1,Sound Reasoning
qwen25_14b,alphabetical_think_answer,157,-25.14,-0.6,0.6,1,Sound Reasoning
qwen25_14b,alphabetical_think_answer,170,-25.14,-0.6,-0.6,0,Sound Reasoning
qwen25_14b,alphabetical_think_answer,167,-25.14,-0.6,0.6,1,Sound Reasoning
qwen25_14b,alphabetical_think_answer,172,-25.14,-0.6,-0.6,0,Coherent Hallucination
qwen25_14b,alphabetical_think_answer,171,-25.14,-0.6,0.6,1,Sound Reasoning
qwen25_14b,alphabetical_think_answer,169,-25.14,-0.6,0.6,1,Sound Reasoning
qwen25_14b,alphabetical_think_answer,174,-25.14,-0.6,-0.6,0,Coherent Hallucination
qwen25_14b,alphabetical_think_answer,168,-25.14,-0.6,-0.6,0,Coherent Hallucination
qwen25_14b,alphabetical_think_answer,183,-16.76,-0.4,0.4,1,Sound Reasoning
qwen25_14b,alphabetical_think_answer,175,-25.14,-0.6,0.6,1,Sound Reasoning
qwen25_14b,alphabetical_think_answer,178,-25.14,-0.6,-0.6,0,Coherent Hallucination
qwen25_14b,alphabetical_think_answer,184,-16.76,-0.4,-0.4,0,Contradictory Reasoning
qwen25_14b,alphabetical_think_answer,173,-25.14,-0.6,0.6,1,Sound Reasoning
qwen25_14b,alphabetical_think_answer,177,-25.14,-0.6,0.6,1,Sound Reasoning
qwen25_14b,alphabetical_think_answer,185,-16.76,-0.4,0.4,1,Sound Reasoning
qwen25_14b,alphabetical_think_answer,179,-25.14,-0.6,0.6,1,Sound Reasoning
qwen25_14b,alphabetical_think_answer,182,-16.76,-0.4,-0.4,0,Contradictory Reasoning
qwen25_14b,alphabetical_think_answer,187,-16.76,-0.4,0.4,1,Sound Reasoning
qwen25_14b,alphabetical_think_answer,180,-16.76,-0.4,-0.4,0,Contradictory Reasoning
qwen25_14b,alphabetical_think_answer,176,-25.14,-0.6,-0.6,0,Coherent Hallucination
qwen25_14b,alphabetical_think_answer,181,-16.76,-0.4,0.4,1,Sound Reasoning
qwen25_14b,alphabetical_think_answer,188,-16.76,-0.4,-0.4,0,Contradictory Reasoning
qwen25_14b,alphabetical_think_answer,190,-16.76,-0.4,-0.4,0,Coherent Hallucination
qwen25_14b,alphabetical_think_answer,186,-16.76,-0.4,-0.4,0,Incoherent Hallucination
qwen25_14b,alphabetical_think_answer,193,-16.76,-0.4,0.4,1,Sound Reasoning
qwen25_14b,alphabetical_think_answer,199,-16.76,-0.4,0.4,1,Sound Reasoning
qwen25_14b,alphabetical_think_answer,194,-16.76,-0.4,-0.4,0,Coherent Hallucination
qwen25_14b,alphabetical_think_answer,191,-16.76,-0.4,0.4,1,Coherent Hallucination
qwen25_14b,alphabetical_think_answer,189,-16.76,-0.4,0.4,1,Coherent Hallucination
qwen25_14b,alphabetical_think_answer,202,-16.76,-0.4,-0.4,0,Coherent Hallucination
qwen25_14b,alphabetical_think_answer,196,-16.76,-0.4,-0.4,0,Coherent Hallucination
qwen25_14b,alphabetical_think_answer,197,-16.76,-0.4,0.4,1,Sound Reasoning
qwen25_14b,alphabetical_think_answer,198,-16.76,-0.4,-0.4,0,Coherent Hallucination
qwen25_14b,alphabetical_think_answer,200,-16.76,-0.4,-0.4,0,Contradictory Reasoning
qwen25_14b,alphabetical_think_answer,203,-16.76,-0.4,0.4,1,Sound Reasoning
qwen25_14b,alphabetical_think_answer,204,-16.76,-0.4,-0.4,0,Contradictory Reasoning
qwen25_14b,alphabetical_think_answer,192,-16.76,-0.4,-0.4,0,Sound Reasoning
qwen25_14b,alphabetical_think_answer,195,-16.76,-0.4,0.4,1,Sound Reasoning
qwen25_14b,alphabetical_think_answer,201,-16.76,-0.4,0.4,1,Sound Reasoning
qwen25_14b,alphabetical_think_answer,205,-16.76,-0.4,0.4,1,Sound Reasoning
qwen25_14b,alphabetical_think_answer,206,-16.76,-0.4,-0.4,0,Contradictory Reasoning
qwen25_14b,alphabetical_think_answer,209,-16.76,-0.4,0.4,1,Sound Reasoning
qwen25_14b,alphabetical_think_answer,207,-16.76,-0.4,0.4,1,Sound Reasoning
qwen25_14b,alphabetical_think_answer,214,-16.76,-0.4,-0.4,0,Coherent Hallucination
qwen25_14b,alphabetical_think_answer,208,-16.76,-0.4,-0.4,0,Contradictory Reasoning
qwen25_14b,alphabetical_think_answer,211,-16.76,-0.4,0.4,1,Sound Reasoning
qwen25_14b,alphabetical_think_answer,210,-16.76,-0.4,-0.4,0,Contradictory Reasoning
qwen25_14b,alphabetical_think_answer,213,-16.76,-0.4,-0.4,0,Contradictory Reasoning
qwen25_14b,alphabetical_think_answer,215,-16.76,-0.4,0.4,1,Sound Reasoning
qwen25_14b,alphabetical_think_answer,212,-16.76,-0.4,0.4,1,Sound Reasoning
qwen25_14b,alphabetical_think_answer,219,-16.76,-0.4,0.4,1,Sound Reasoning
qwen25_14b,alphabetical_think_answer,218,-16.76,-0.4,-0.4,0,Contradictory Reasoning
qwen25_14b,alphabetical_think_answer,223,-16.76,-0.4,0.4,1,Sound Reasoning
qwen25_14b,alphabetical_think_answer,220,-16.76,-0.4,-0.4,0,Contradictory Reasoning
qwen25_14b,alphabetical_think_answer,225,-16.76,-0.4,0.4,1,Sound Reasoning
qwen25_14b,alphabetical_think_answer,224,-16.76,-0.4,-0.4,0,Contradictory Reasoning
qwen25_14b,alphabetical_think_answer,216,-16.76,-0.4,-0.4,0,Contradictory Reasoning
qwen25_14b,alphabetical_think_answer,226,-16.76,-0.4,-0.4,0,Contradictory Reasoning
qwen25_14b,alphabetical_think_answer,221,-16.76,-0.4,0.4,1,Sound Reasoning
qwen25_14b,alphabetical_think_answer,222,-16.76,-0.4,-0.4,0,Contradictory Reasoning
qwen25_14b,alphabetical_think_answer,230,-16.76,-0.4,-0.4,0,Contradictory Reasoning
qwen25_14b,alphabetical_think_answer,227,-16.76,-0.4,0.4,1,Sound Reasoning
qwen25_14b,alphabetical_think_answer,228,-16.76,-0.4,-0.4,0,Contradictory Reasoning
qwen25_14b,alphabetical_think_answer,217,-16.76,-0.4,0.4,1,Sound Reasoning
qwen25_14b,alphabetical_think_answer,234,-16.76,-0.4,-0.4,0,Contradictory Reasoning
qwen25_14b,alphabetical_think_answer,232,-16.76,-0.4,-0.4,0,Contradictory Reasoning
qwen25_14b,alphabetical_think_answer,231,-16.76,-0.4,0.4,1,Sound Reasoning
qwen25_14b,alphabetical_think_answer,240,-8.38,-0.2,-0.2,1,Sound Reasoning
qwen25_14b,alphabetical_think_answer,233,-16.76,-0.4,0.4,1,Sound Reasoning
qwen25_14b,alphabetical_think_answer,235,-16.76,-0.4,0.4,1,Sound Reasoning
qwen25_14b,alphabetical_think_answer,236,-16.76,-0.4,-0.4,0,Contradictory Reasoning
qwen25_14b,alphabetical_think_answer,237,-16.76,-0.4,0.4,1,Sound Reasoning
qwen25_14b,alphabetical_think_answer,229,-16.76,-0.4,0.4,1,Sound Reasoning
qwen25_14b,alphabetical_think_answer,242,-8.38,-0.2,-0.2,1,Sound Reasoning
qwen25_14b,alphabetical_think_answer,241,-8.38,-0.2,0.2,1,Sound Reasoning
qwen25_14b,alphabetical_think_answer,246,-8.38,-0.2,-0.2,1,Sound Reasoning
qwen25_14b,alphabetical_think_answer,239,-16.76,-0.4,0.4,1,Sound Reasoning
qwen25_14b,alphabetical_think_answer,238,-16.76,-0.4,-0.4,0,Contradictory Reasoning
qwen25_14b,alphabetical_think_answer,244,-8.38,-0.2,-0.2,1,Sound Reasoning
qwen25_14b,alphabetical_think_answer,243,-8.38,-0.2,0.2,0,Coherent Hallucination
qwen25_14b,alphabetical_think_answer,249,-8.38,-0.2,0.2,1,Sound Reasoning
qwen25_14b,alphabetical_think_answer,247,-8.38,-0.2,0.2,1,Sound Reasoning
qwen25_14b,alphabetical_think_answer,251,-8.38,-0.2,0.2,1,Sound Reasoning
qwen25_14b,alphabetical_think_answer,250,-8.38,-0.2,-0.2,1,Sound Reasoning
qwen25_14b,alphabetical_think_answer,245,-8.38,-0.2,0.2,1,Sound Reasoning
qwen25_14b,alphabetical_think_answer,248,-8.38,-0.2,-0.2,1,Sound Reasoning
qwen25_14b,alphabetical_think_answer,252,-8.38,-0.2,-0.2,1,Sound Reasoning
qwen25_14b,alphabetical_think_answer,260,-8.38,-0.2,-0.2,1,Sound Reasoning
qwen25_14b,alphabetical_think_answer,257,-8.38,-0.2,0.2,1,Sound Reasoning
qwen25_14b,alphabetical_think_answer,253,-8.38,-0.2,0.2,1,Sound Reasoning
qwen25_14b,alphabetical_think_answer,259,-8.38,-0.2,0.2,1,Sound Reasoning
qwen25_14b,alphabetical_think_answer,261,-8.38,-0.2,0.2,1,Sound Reasoning
qwen25_14b,alphabetical_think_answer,256,-8.38,-0.2,-0.2,1,Sound Reasoning
qwen25_14b,alphabetical_think_answer,255,-8.38,-0.2,0.2,1,Sound Reasoning
qwen25_14b,alphabetical_think_answer,258,-8.38,-0.2,-0.2,1,Sound Reasoning
qwen25_14b,alphabetical_think_answer,262,-8.38,-0.2,-0.2,1,Sound Reasoning
qwen25_14b,alphabetical_think_answer,265,-8.38,-0.2,0.2,1,Sound Reasoning
qwen25_14b,alphabetical_think_answer,264,-8.38,-0.2,-0.2,1,Sound Reasoning
qwen25_14b,alphabetical_think_answer,254,-8.38,-0.2,-0.2,1,Sound Reasoning
qwen25_14b,alphabetical_think_answer,267,-8.38,-0.2,0.2,1,Sound Reasoning
qwen25_14b,alphabetical_think_answer,268,-8.38,-0.2,-0.2,1,Sound Reasoning
qwen25_14b,alphabetical_think_answer,271,-8.38,-0.2,0.2,1,Sound Reasoning
qwen25_14b,alphabetical_think_answer,263,-8.38,-0.2,0.2,1,Sound Reasoning
qwen25_14b,alphabetical_think_answer,266,-8.38,-0.2,-0.2,1,Sound Reasoning
qwen25_14b,alphabetical_think_answer,270,-8.38,-0.2,-0.2,1,Sound Reasoning
qwen25_14b,alphabetical_think_answer,277,-8.38,-0.2,0.2,1,Sound Reasoning
qwen25_14b,alphabetical_think_answer,269,-8.38,-0.2,0.2,1,Incoherent Hallucination
qwen25_14b,alphabetical_think_answer,272,-8.38,-0.2,0.2,1,Sound Reasoning
qwen25_14b,alphabetical_think_answer,275,-8.38,-0.2,0.2,1,Sound Reasoning
qwen25_14b,alphabetical_think_answer,273,-8.38,-0.2,-0.2,1,Sound Reasoning
qwen25_14b,alphabetical_think_answer,276,-8.38,-0.2,-0.2,1,Sound Reasoning
qwen25_14b,alphabetical_think_answer,285,-8.38,-0.2,0.2,0,Coherent Hallucination
qwen25_14b,alphabetical_think_answer,274,-8.38,-0.2,-0.2,1,Sound Reasoning
qwen25_14b,alphabetical_think_answer,284,-8.38,-0.2,-0.2,1,Sound Reasoning
qwen25_14b,alphabetical_think_answer,283,-8.38,-0.2,0.2,1,Sound Reasoning
qwen25_14b,alphabetical_think_answer,279,-8.38,-0.2,0.2,1,Sound Reasoning
qwen25_14b,alphabetical_think_answer,280,-8.38,-0.2,-0.2,1,Sound Reasoning
qwen25_14b,alphabetical_think_answer,287,-8.38,-0.2,0.2,1,Sound Reasoning
qwen25_14b,alphabetical_think_answer,278,-8.38,-0.2,-0.2,1,Sound Reasoning
qwen25_14b,alphabetical_think_answer,286,-8.38,-0.2,-0.2,1,Sound Reasoning
qwen25_14b,alphabetical_think_answer,281,-8.38,-0.2,0.2,1,Incoherent Hallucination
qwen25_14b,alphabetical_think_answer,288,-8.38,-0.2,-0.2,1,Sound Reasoning
qwen25_14b,alphabetical_think_answer,292,-8.38,-0.2,-0.2,1,Sound Reasoning
qwen25_14b,alphabetical_think_answer,282,-8.38,-0.2,-0.2,1,Sound Reasoning
qwen25_14b,alphabetical_think_answer,291,-8.38,-0.2,0.2,1,Sound Reasoning
qwen25_14b,alphabetical_think_answer,296,-8.38,-0.2,-0.2,1,Sound Reasoning
qwen25_14b,alphabetical_think_answer,293,-8.38,-0.2,0.2,1,Sound Reasoning
qwen25_14b,alphabetical_think_answer,298,-8.38,-0.2,-0.2,1,Sound Reasoning
qwen25_14b,alphabetical_think_answer,295,-8.38,-0.2,0.2,1,Sound Reasoning
qwen25_14b,alphabetical_think_answer,290,-8.38,-0.2,-0.2,1,Sound Reasoning
qwen25_14b,alphabetical_think_answer,289,-8.38,-0.2,0.2,1,Sound Reasoning
qwen25_14b,alphabetical_think_answer,297,-8.38,-0.2,0.2,1,Incoherent Hallucination
qwen25_14b,alphabetical_think_answer,304,0.0,0.0,0.0,1,Sound Reasoning
qwen25_14b,alphabetical_think_answer,301,0.0,0.0,-0.0,1,Sound Reasoning
qwen25_14b,alphabetical_think_answer,306,0.0,0.0,0.0,1,Sound Reasoning
qwen25_14b,alphabetical_think_answer,303,0.0,0.0,-0.0,1,Sound Reasoning
qwen25_14b,alphabetical_think_answer,294,-8.38,-0.2,-0.2,1,Sound Reasoning
qwen25_14b,alphabetical_think_answer,299,-8.38,-0.2,0.2,1,Sound Reasoning
qwen25_14b,alphabetical_think_answer,309,0.0,0.0,-0.0,1,Sound Reasoning
qwen25_14b,alphabetical_think_answer,300,0.0,0.0,0.0,1,Sound Reasoning
qwen25_14b,alphabetical_think_answer,305,0.0,0.0,-0.0,1,Sound Reasoning
qwen25_14b,alphabetical_think_answer,302,0.0,0.0,0.0,1,Sound Reasoning
qwen25_14b,alphabetical_think_answer,310,0.0,0.0,0.0,1,Sound Reasoning
qwen25_14b,alphabetical_think_answer,308,0.0,0.0,0.0,1,Sound Reasoning
qwen25_14b,alphabetical_think_answer,307,0.0,0.0,-0.0,1,Sound Reasoning
qwen25_14b,alphabetical_think_answer,312,0.0,0.0,0.0,1,Sound Reasoning
qwen25_14b,alphabetical_think_answer,311,0.0,0.0,-0.0,1,Sound Reasoning
qwen25_14b,alphabetical_think_answer,313,0.0,0.0,-0.0,1,Sound Reasoning
qwen25_14b,alphabetical_think_answer,317,0.0,0.0,-0.0,1,Sound Reasoning
qwen25_14b,alphabetical_think_answer,315,0.0,0.0,-0.0,1,Sound Reasoning
qwen25_14b,alphabetical_think_answer,314,0.0,0.0,0.0,1,Sound Reasoning
qwen25_14b,alphabetical_think_answer,322,0.0,0.0,0.0,1,Sound Reasoning
qwen25_14b,alphabetical_think_answer,316,0.0,0.0,0.0,1,Sound Reasoning
qwen25_14b,alphabetical_think_answer,323,0.0,0.0,-0.0,1,Sound Reasoning
qwen25_14b,alphabetical_think_answer,327,0.0,0.0,-0.0,1,Sound Reasoning
qwen25_14b,alphabetical_think_answer,318,0.0,0.0,0.0,1,Sound Reasoning
qwen25_14b,alphabetical_think_answer,321,0.0,0.0,-0.0,1,Sound Reasoning
qwen25_14b,alphabetical_think_answer,319,0.0,0.0,-0.0,1,Sound Reasoning
qwen25_14b,alphabetical_think_answer,324,0.0,0.0,0.0,1,Sound Reasoning
qwen25_14b,alphabetical_think_answer,325,0.0,0.0,-0.0,1,Sound Reasoning
qwen25_14b,alphabetical_think_answer,320,0.0,0.0,0.0,1,Sound Reasoning
qwen25_14b,alphabetical_think_answer,326,0.0,0.0,0.0,1,Sound Reasoning
qwen25_14b,alphabetical_think_answer,330,0.0,0.0,0.0,1,Sound Reasoning
qwen25_14b,alphabetical_think_answer,328,0.0,0.0,0.0,1,Sound Reasoning
qwen25_14b,alphabetical_think_answer,329,0.0,0.0,-0.0,1,Sound Reasoning
qwen25_14b,alphabetical_think_answer,331,0.0,0.0,-0.0,1,Sound Reasoning
qwen25_14b,alphabetical_think_answer,333,0.0,0.0,0.0,1,Contradictory Reasoning
qwen25_14b,alphabetical_think_answer,337,0.0,0.0,-0.0,1,Sound Reasoning
qwen25_14b,alphabetical_think_answer,336,0.0,0.0,0.0,1,Sound Reasoning
qwen25_14b,alphabetical_think_answer,334,0.0,0.0,0.0,1,Sound Reasoning
qwen25_14b,alphabetical_think_answer,341,0.0,0.0,-0.0,1,Sound Reasoning
qwen25_14b,alphabetical_think_answer,332,0.0,0.0,-0.0,1,Sound Reasoning
qwen25_14b,alphabetical_think_answer,340,0.0,0.0,0.0,1,Sound Reasoning
qwen25_14b,alphabetical_think_answer,335,0.0,0.0,-0.0,1,Sound Reasoning
qwen25_14b,alphabetical_think_answer,342,0.0,0.0,0.0,1,Sound Reasoning
qwen25_14b,alphabetical_think_answer,343,0.0,0.0,-0.0,1,Sound Reasoning
qwen25_14b,alphabetical_think_answer,339,0.0,0.0,-0.0,1,Sound Reasoning
qwen25_14b,alphabetical_think_answer,338,0.0,0.0,0.0,1,Sound Reasoning
qwen25_14b,alphabetical_think_answer,344,0.0,0.0,0.0,1,Sound Reasoning
qwen25_14b,alphabetical_think_answer,348,0.0,0.0,0.0,1,Sound Reasoning
qwen25_14b,alphabetical_think_answer,346,0.0,0.0,0.0,1,Sound Reasoning
qwen25_14b,alphabetical_think_answer,351,0.0,0.0,-0.0,1,Sound Reasoning
qwen25_14b,alphabetical_think_answer,352,0.0,0.0,0.0,1,Sound Reasoning
qwen25_14b,alphabetical_think_answer,349,0.0,0.0,-0.0,1,Sound Reasoning
qwen25_14b,alphabetical_think_answer,347,0.0,0.0,-0.0,0,Coherent Hallucination
qwen25_14b,alphabetical_think_answer,350,0.0,0.0,0.0,1,Sound Reasoning
qwen25_14b,alphabetical_think_answer,345,0.0,0.0,-0.0,1,Sound Reasoning
qwen25_14b,alphabetical_think_answer,357,0.0,0.0,-0.0,1,Sound Reasoning
qwen25_14b,alphabetical_think_answer,354,0.0,0.0,0.0,1,Sound Reasoning
qwen25_14b,alphabetical_think_answer,355,0.0,0.0,-0.0,1,Sound Reasoning
qwen25_14b,alphabetical_think_answer,353,0.0,0.0,-0.0,1,Sound Reasoning
qwen25_14b,alphabetical_think_answer,361,11.6,0.2,-0.2,1,Sound Reasoning
qwen25_14b,alphabetical_think_answer,362,11.6,0.2,0.2,1,Sound Reasoning
qwen25_14b,alphabetical_think_answer,363,11.6,0.2,-0.2,0,Contradictory Reasoning
qwen25_14b,alphabetical_think_answer,358,0.0,0.0,0.0,1,Sound Reasoning
qwen25_14b,alphabetical_think_answer,360,11.6,0.2,0.2,1,Ambiguous/Mixed
qwen25_14b,alphabetical_think_answer,356,0.0,0.0,0.0,1,Sound Reasoning
qwen25_14b,alphabetical_think_answer,369,11.6,0.2,-0.2,1,Sound Reasoning
qwen25_14b,alphabetical_think_answer,366,11.6,0.2,0.2,1,Sound Reasoning
qwen25_14b,alphabetical_think_answer,359,0.0,0.0,-0.0,1,Sound Reasoning
qwen25_14b,alphabetical_think_answer,365,11.6,0.2,-0.2,1,Sound Reasoning
qwen25_14b,alphabetical_think_answer,371,11.6,0.2,-0.2,0,Coherent Hallucination
qwen25_14b,alphabetical_think_answer,367,11.6,0.2,-0.2,1,Sound Reasoning
qwen25_14b,alphabetical_think_answer,368,11.6,0.2,0.2,1,Sound Reasoning
qwen25_14b,alphabetical_think_answer,364,11.6,0.2,0.2,1,Sound Reasoning
qwen25_14b,alphabetical_think_answer,370,11.6,0.2,0.2,1,Sound Reasoning
qwen25_14b,alphabetical_think_answer,376,11.6,0.2,0.2,1,Sound Reasoning
qwen25_14b,alphabetical_think_answer,372,11.6,0.2,0.2,1,Sound Reasoning
qwen25_14b,alphabetical_think_answer,378,11.6,0.2,0.2,1,Sound Reasoning
qwen25_14b,alphabetical_think_answer,374,11.6,0.2,0.2,1,Sound Reasoning
qwen25_14b,alphabetical_think_answer,373,11.6,0.2,-0.2,0,Incoherent Hallucination
qwen25_14b,alphabetical_think_answer,375,11.6,0.2,-0.2,1,Sound Reasoning
qwen25_14b,alphabetical_think_answer,382,11.6,0.2,0.2,1,Sound Reasoning
qwen25_14b,alphabetical_think_answer,379,11.6,0.2,-0.2,0,Contradictory Reasoning
qwen25_14b,alphabetical_think_answer,377,11.6,0.2,-0.2,1,Sound Reasoning
qwen25_14b,alphabetical_think_answer,384,11.6,0.2,0.2,1,Sound Reasoning
qwen25_14b,alphabetical_think_answer,383,11.6,0.2,-0.2,1,Sound Reasoning
qwen25_14b,alphabetical_think_answer,386,11.6,0.2,0.2,1,Sound Reasoning
qwen25_14b,alphabetical_think_answer,387,11.6,0.2,-0.2,1,Sound Reasoning
qwen25_14b,alphabetical_think_answer,381,11.6,0.2,-0.2,0,Contradictory Reasoning
qwen25_14b,alphabetical_think_answer,389,11.6,0.2,-0.2,1,Sound Reasoning
qwen25_14b,alphabetical_think_answer,388,11.6,0.2,0.2,1,Sound Reasoning
qwen25_14b,alphabetical_think_answer,385,11.6,0.2,-0.2,1,Sound Reasoning
qwen25_14b,alphabetical_think_answer,380,11.6,0.2,0.2,1,Sound Reasoning
qwen25_14b,alphabetical_think_answer,395,11.6,0.2,-0.2,1,Sound Reasoning
qwen25_14b,alphabetical_think_answer,396,11.6,0.2,0.2,1,Sound Reasoning
qwen25_14b,alphabetical_think_answer,394,11.6,0.2,0.2,1,Sound Reasoning
qwen25_14b,alphabetical_think_answer,391,11.6,0.2,-0.2,0,Coherent Hallucination
qwen25_14b,alphabetical_think_answer,398,11.6,0.2,0.2,1,Sound Reasoning
qwen25_14b,alphabetical_think_answer,393,11.6,0.2,0.2,1,Coherent Hallucination
qwen25_14b,alphabetical_think_answer,390,11.6,0.2,0.2,1,Coherent Hallucination
qwen25_14b,alphabetical_think_answer,400,11.6,0.2,0.2,1,Sound Reasoning
qwen25_14b,alphabetical_think_answer,397,11.6,0.2,-0.2,1,Sound Reasoning
qwen25_14b,alphabetical_think_answer,392,11.6,0.2,-0.2,0,Incoherent Hallucination
qwen25_14b,alphabetical_think_answer,402,11.6,0.2,0.2,1,Sound Reasoning
qwen25_14b,alphabetical_think_answer,399,11.6,0.2,-0.2,0,Coherent Hallucination
qwen25_14b,alphabetical_think_answer,404,11.6,0.2,0.2,1,Sound Reasoning
qwen25_14b,alphabetical_think_answer,401,11.6,0.2,-0.2,0,Coherent Hallucination
qwen25_14b,alphabetical_think_answer,410,11.6,0.2,0.2,1,Sound Reasoning
qwen25_14b,alphabetical_think_answer,409,11.6,0.2,-0.2,1,Sound Reasoning
qwen25_14b,alphabetical_think_answer,406,11.6,0.2,0.2,1,Sound Reasoning
qwen25_14b,alphabetical_think_answer,407,11.6,0.2,-0.2,0,Coherent Hallucination
qwen25_14b,alphabetical_think_answer,403,11.6,0.2,-0.2,1,Sound Reasoning
qwen25_14b,alphabetical_think_answer,408,11.6,0.2,0.2,1,Sound Reasoning
qwen25_14b,alphabetical_think_answer,411,11.6,0.2,-0.2,1,Sound Reasoning
qwen25_14b,alphabetical_think_answer,418,11.6,0.2,0.2,1,Sound Reasoning
qwen25_14b,alphabetical_think_answer,405,11.6,0.2,-0.2,0,Coherent Hallucination
qwen25_14b,alphabetical_think_answer,412,11.6,0.2,0.2,1,Sound Reasoning
qwen25_14b,alphabetical_think_answer,414,11.6,0.2,0.2,1,Sound Reasoning
qwen25_14b,alphabetical_think_answer,417,11.6,0.2,-0.2,0,Coherent Hallucination
qwen25_14b,alphabetical_think_answer,416,11.6,0.2,0.2,1,Sound Reasoning
qwen25_14b,alphabetical_think_answer,421,23.2,0.4,-0.4,1,Sound Reasoning
qwen25_14b,alphabetical_think_answer,413,11.6,0.2,-0.2,0,Coherent Hallucination
qwen25_14b,alphabetical_think_answer,424,23.2,0.4,0.4,1,Sound Reasoning
qwen25_14b,alphabetical_think_answer,420,23.2,0.4,0.4,1,Sound Reasoning
qwen25_14b,alphabetical_think_answer,419,11.6,0.2,-0.2,0,Coherent Hallucination
qwen25_14b,alphabetical_think_answer,427,23.2,0.4,-0.4,0,Incoherent Hallucination
qwen25_14b,alphabetical_think_answer,430,23.2,0.4,0.4,1,Sound Reasoning
qwen25_14b,alphabetical_think_answer,423,23.2,0.4,-0.4,0,Incoherent Hallucination
qwen25_14b,alphabetical_think_answer,422,23.2,0.4,0.4,1,Sound Reasoning
qwen25_14b,alphabetical_think_answer,426,23.2,0.4,0.4,1,Sound Reasoning
qwen25_14b,alphabetical_think_answer,433,23.2,0.4,-0.4,1,Sound Reasoning
qwen25_14b,alphabetical_think_answer,432,23.2,0.4,0.4,1,Sound Reasoning
qwen25_14b,alphabetical_think_answer,436,23.2,0.4,0.4,1,Sound Reasoning
qwen25_14b,alphabetical_think_answer,415,11.6,0.2,-0.2,0,Ambiguous/Mixed
qwen25_14b,alphabetical_think_answer,435,23.2,0.4,-0.4,0,Coherent Hallucination
qwen25_14b,alphabetical_think_answer,431,23.2,0.4,-0.4,0,Incoherent Hallucination
qwen25_14b,alphabetical_think_answer,428,23.2,0.4,0.4,1,Sound Reasoning
qwen25_14b,alphabetical_think_answer,438,23.2,0.4,0.4,1,Sound Reasoning
qwen25_14b,alphabetical_think_answer,429,23.2,0.4,-0.4,0,Contradictory Reasoning
qwen25_14b,alphabetical_think_answer,434,23.2,0.4,0.4,1,Sound Reasoning
qwen25_14b,alphabetical_think_answer,425,23.2,0.4,-0.4,1,Sound Reasoning
qwen25_14b,alphabetical_think_answer,446,23.2,0.4,0.4,1,Sound Reasoning
qwen25_14b,alphabetical_think_answer,442,23.2,0.4,0.4,1,Sound Reasoning
qwen25_14b,alphabetical_think_answer,437,23.2,0.4,-0.4,0,Contradictory Reasoning
qwen25_14b,alphabetical_think_answer,439,23.2,0.4,-0.4,0,Contradictory Reasoning
qwen25_14b,alphabetical_think_answer,440,23.2,0.4,0.4,1,Sound Reasoning
qwen25_14b,alphabetical_think_answer,444,23.2,0.4,0.4,1,Sound Reasoning
qwen25_14b,alphabetical_think_answer,448,23.2,0.4,0.4,1,Sound Reasoning
qwen25_14b,alphabetical_think_answer,445,23.2,0.4,-0.4,0,Contradictory Reasoning
qwen25_14b,alphabetical_think_answer,443,23.2,0.4,-0.4,0,Contradictory Reasoning
qwen25_14b,alphabetical_think_answer,451,23.2,0.4,-0.4,0,Contradictory Reasoning
qwen25_14b,alphabetical_think_answer,441,23.2,0.4,-0.4,0,Incoherent Hallucination
qwen25_14b,alphabetical_think_answer,452,23.2,0.4,-0.4,1,Sound Reasoning
qwen25_14b,alphabetical_think_answer,447,23.2,0.4,-0.4,0,Contradictory Reasoning
qwen25_14b,alphabetical_think_answer,456,23.2,0.4,0.4,1,Sound Reasoning
qwen25_14b,alphabetical_think_answer,449,23.2,0.4,-0.4,0,Incoherent Hallucination
qwen25_14b,alphabetical_think_answer,454,23.2,0.4,0.4,1,Sound Reasoning
qwen25_14b,alphabetical_think_answer,450,23.2,0.4,0.4,1,Coherent Hallucination
qwen25_14b,alphabetical_think_answer,455,23.2,0.4,-0.4,0,Coherent Hallucination
qwen25_14b,alphabetical_think_answer,460,23.2,0.4,0.4,1,Sound Reasoning
qwen25_14b,alphabetical_think_answer,462,23.2,0.4,0.4,1,Sound Reasoning
qwen25_14b,alphabetical_think_answer,457,23.2,0.4,-0.4,0,Coherent Hallucination
qwen25_14b,alphabetical_think_answer,461,23.2,0.4,-0.4,0,Coherent Hallucination
qwen25_14b,alphabetical_think_answer,463,23.2,0.4,-0.4,0,Coherent Hallucination
qwen25_14b,alphabetical_think_answer,459,23.2,0.4,-0.4,0,Coherent Hallucination
qwen25_14b,alphabetical_think_answer,453,23.2,0.4,0.4,1,Sound Reasoning
qwen25_14b,alphabetical_think_answer,470,23.2,0.4,0.4,1,Sound Reasoning
qwen25_14b,alphabetical_think_answer,458,23.2,0.4,0.4,1,Sound Reasoning
qwen25_14b,alphabetical_think_answer,464,23.2,0.4,0.4,1,Sound Reasoning
qwen25_14b,alphabetical_think_answer,471,23.2,0.4,-0.4,0,Contradictory Reasoning
qwen25_14b,alphabetical_think_answer,467,23.2,0.4,-0.4,0,Coherent Hallucination
qwen25_14b,alphabetical_think_answer,466,23.2,0.4,0.4,1,Ambiguous/Mixed
qwen25_14b,alphabetical_think_answer,468,23.2,0.4,0.4,1,Sound Reasoning
qwen25_14b,alphabetical_think_answer,465,23.2,0.4,-0.4,1,Coherent Hallucination
qwen25_14b,alphabetical_think_answer,472,23.2,0.4,0.4,1,Sound Reasoning
qwen25_14b,alphabetical_think_answer,469,23.2,0.4,-0.4,0,Contradictory Reasoning
qwen25_14b,alphabetical_think_answer,473,23.2,0.4,-0.4,0,Coherent Hallucination
qwen25_14b,alphabetical_think_answer,475,23.2,0.4,-0.4,1,Coherent Hallucination
qwen25_14b,alphabetical_think_answer,476,23.2,0.4,0.4,1,Sound Reasoning
qwen25_14b,alphabetical_think_answer,474,23.2,0.4,0.4,1,Coherent Hallucination
qwen25_14b,alphabetical_think_answer,480,34.8,0.6,0.6,1,Sound Reasoning
qwen25_14b,alphabetical_think_answer,478,23.2,0.4,0.4,1,Sound Reasoning
qwen25_14b,alphabetical_think_answer,482,34.8,0.6,0.6,1,Sound Reasoning
qwen25_14b,alphabetical_think_answer,477,23.2,0.4,-0.4,1,Incoherent Hallucination
qwen25_14b,alphabetical_think_answer,484,34.8,0.6,0.6,1,Sound Reasoning
qwen25_14b,alphabetical_think_answer,481,34.8,0.6,-0.6,0,Incoherent Hallucination
qwen25_14b,alphabetical_think_answer,485,34.8,0.6,-0.6,0,Incoherent Hallucination
qwen25_14b,alphabetical_think_answer,486,34.8,0.6,0.6,1,Sound Reasoning
qwen25_14b,alphabetical_think_answer,488,34.8,0.6,0.6,1,Sound Reasoning
qwen25_14b,alphabetical_think_answer,496,34.8,0.6,0.6,1,Sound Reasoning
qwen25_14b,alphabetical_think_answer,487,34.8,0.6,-0.6,0,Incoherent Hallucination
qwen25_14b,alphabetical_think_answer,479,23.2,0.4,-0.4,0,Incoherent Hallucination
qwen25_14b,alphabetical_think_answer,493,34.8,0.6,-0.6,0,Incoherent Hallucination
qwen25_14b,alphabetical_think_answer,489,34.8,0.6,-0.6,0,Contradictory Reasoning
qwen25_14b,alphabetical_think_answer,495,34.8,0.6,-0.6,0,Incoherent Hallucination
qwen25_14b,alphabetical_think_answer,483,34.8,0.6,-0.6,0,Incoherent Hallucination
qwen25_14b,alphabetical_think_answer,490,34.8,0.6,0.6,1,Sound Reasoning
qwen25_14b,alphabetical_think_answer,491,34.8,0.6,-0.6,0,Incoherent Hallucination
qwen25_14b,alphabetical_think_answer,492,34.8,0.6,0.6,1,Sound Reasoning
qwen25_14b,alphabetical_think_answer,498,34.8,0.6,0.6,1,Sound Reasoning
qwen25_14b,alphabetical_think_answer,499,34.8,0.6,-0.6,0,Incoherent Hallucination
qwen25_14b,alphabetical_think_answer,494,34.8,0.6,0.6,1,Sound Reasoning
qwen25_14b,alphabetical_think_answer,497,34.8,0.6,-0.6,0,Incoherent Hallucination
qwen25_14b,alphabetical_think_answer,500,34.8,0.6,0.6,1,Sound Reasoning
qwen25_14b,alphabetical_think_answer,501,34.8,0.6,-0.6,0,Contradictory Reasoning
qwen25_14b,alphabetical_think_answer,506,34.8,0.6,0.6,1,Sound Reasoning
qwen25_14b,alphabetical_think_answer,503,34.8,0.6,-0.6,0,Contradictory Reasoning
qwen25_14b,alphabetical_think_answer,508,34.8,0.6,0.6,1,Sound Reasoning
qwen25_14b,alphabetical_think_answer,504,34.8,0.6,0.6,1,Sound Reasoning
qwen25_14b,alphabetical_think_answer,502,34.8,0.6,0.6,1,Sound Reasoning
qwen25_14b,alphabetical_think_answer,505,34.8,0.6,-0.6,0,Coherent Hallucination
qwen25_14b,alphabetical_think_answer,513,34.8,0.6,0.6,1,Sound Reasoning
qwen25_14b,alphabetical_think_answer,507,34.8,0.6,-0.6,0,Incoherent Hallucination
qwen25_14b,alphabetical_think_answer,520,34.8,0.6,0.6,1,Sound Reasoning
qwen25_14b,alphabetical_think_answer,515,34.8,0.6,-0.6,0,Incoherent Hallucination
qwen25_14b,alphabetical_think_answer,512,34.8,0.6,-0.6,0,Sound Reasoning
qwen25_14b,alphabetical_think_answer,509,34.8,0.6,-0.6,0,Contradictory Reasoning
qwen25_14b,alphabetical_think_answer,510,34.8,0.6,0.6,1,Sound Reasoning
qwen25_14b,alphabetical_think_answer,511,34.8,0.6,-0.6,0,Coherent Hallucination
qwen25_14b,alphabetical_think_answer,517,34.8,0.6,-0.6,0,Incoherent Hallucination
qwen25_14b,alphabetical_think_answer,521,34.8,0.6,-0.6,0,Incoherent Hallucination
qwen25_14b,alphabetical_think_answer,516,34.8,0.6,0.6,1,Sound Reasoning
qwen25_14b,alphabetical_think_answer,518,34.8,0.6,0.6,1,Sound Reasoning
qwen25_14b,alphabetical_think_answer,514,34.8,0.6,0.6,1,Sound Reasoning
qwen25_14b,alphabetical_think_answer,519,34.8,0.6,-0.6,0,Incoherent Hallucination
qwen25_14b,alphabetical_think_answer,522,34.8,0.6,0.6,1,Sound Reasoning
qwen25_14b,alphabetical_think_answer,523,34.8,0.6,-0.6,0,Incoherent Hallucination
qwen25_14b,alphabetical_think_answer,524,34.8,0.6,0.6,1,Sound Reasoning
qwen25_14b,alphabetical_think_answer,526,34.8,0.6,0.6,1,Sound Reasoning
qwen25_14b,alphabetical_think_answer,525,34.8,0.6,-0.6,0,Coherent Hallucination
qwen25_14b,alphabetical_think_answer,535,34.8,0.6,-0.6,0,Coherent Hallucination
qwen25_14b,alphabetical_think_answer,530,34.8,0.6,0.6,1,Sound Reasoning
qwen25_14b,alphabetical_think_answer,529,34.8,0.6,-0.6,0,Coherent Hallucination
qwen25_14b,alphabetical_think_answer,527,34.8,0.6,-0.6,0,Incoherent Hallucination
qwen25_14b,alphabetical_think_answer,532,34.8,0.6,0.6,1,Sound Reasoning
qwen25_14b,alphabetical_think_answer,534,34.8,0.6,0.6,1,Sound Reasoning
qwen25_14b,alphabetical_think_answer,533,34.8,0.6,-0.6,0,Contradictory Reasoning
qwen25_14b,alphabetical_think_answer,538,34.8,0.6,0.6,1,Sound Reasoning
qwen25_14b,alphabetical_think_answer,528,34.8,0.6,0.6,1,Sound Reasoning
qwen25_14b,alphabetical_think_answer,539,34.8,0.6,-0.6,0,Coherent Hallucination
qwen25_14b,alphabetical_think_answer,544,46.4,0.8,0.8,1,Sound Reasoning
qwen25_14b,alphabetical_think_answer,542,46.4,0.8,0.8,1,Sound Reasoning
qwen25_14b,alphabetical_think_answer,531,34.8,0.6,-0.6,0,Contradictory Reasoning
qwen25_14b,alphabetical_think_answer,536,34.8,0.6,0.6,1,Coherent Hallucination
qwen25_14b,alphabetical_think_answer,537,34.8,0.6,-0.6,0,Incoherent Hallucination
qwen25_14b,alphabetical_think_answer,546,46.4,0.8,0.8,1,Sound Reasoning
qwen25_14b,alphabetical_think_answer,543,46.4,0.8,-0.8,0,Incoherent Hallucination
qwen25_14b,alphabetical_think_answer,545,46.4,0.8,-0.8,0,Coherent Hallucination
qwen25_14b,alphabetical_think_answer,540,46.4,0.8,0.8,1,Ambiguous/Mixed
qwen25_14b,alphabetical_think_answer,541,46.4,0.8,-0.8,0,Incoherent Hallucination
qwen25_14b,alphabetical_think_answer,552,46.4,0.8,0.8,1,Sound Reasoning
qwen25_14b,alphabetical_think_answer,548,46.4,0.8,0.8,1,Sound Reasoning
qwen25_14b,alphabetical_think_answer,549,46.4,0.8,-0.8,0,Incoherent Hallucination
qwen25_14b,alphabetical_think_answer,550,46.4,0.8,0.8,1,Sound Reasoning
qwen25_14b,alphabetical_think_answer,547,46.4,0.8,-0.8,0,Contradictory Reasoning
qwen25_14b,alphabetical_think_answer,556,46.4,0.8,0.8,1,Sound Reasoning
qwen25_14b,alphabetical_think_answer,554,46.4,0.8,0.8,1,Sound Reasoning
qwen25_14b,alphabetical_think_answer,553,46.4,0.8,-0.8,0,Incoherent Hallucination
qwen25_14b,alphabetical_think_answer,558,46.4,0.8,0.8,1,Sound Reasoning
qwen25_14b,alphabetical_think_answer,555,46.4,0.8,-0.8,0,Coherent Hallucination
qwen25_14b,alphabetical_think_answer,560,46.4,0.8,0.8,1,Sound Reasoning
qwen25_14b,alphabetical_think_answer,551,46.4,0.8,-0.8,0,Coherent Hallucination
qwen25_14b,alphabetical_think_answer,562,46.4,0.8,0.8,1,Sound Reasoning
qwen25_14b,alphabetical_think_answer,559,46.4,0.8,-0.8,0,Contradictory Reasoning
qwen25_14b,alphabetical_think_answer,557,46.4,0.8,-0.8,0,Coherent Hallucination
qwen25_14b,alphabetical_think_answer,561,46.4,0.8,-0.8,0,Incoherent Hallucination
qwen25_14b,alphabetical_think_answer,567,46.4,0.8,-0.8,0,Incoherent Hallucination
qwen25_14b,alphabetical_think_answer,564,46.4,0.8,0.8,1,Sound Reasoning
qwen25_14b,alphabetical_think_answer,565,46.4,0.8,-0.8,0,Coherent Hallucination
qwen25_14b,alphabetical_think_answer,566,46.4,0.8,0.8,1,Sound Reasoning
qwen25_14b,alphabetical_think_answer,563,46.4,0.8,-0.8,0,Contradictory Reasoning
qwen25_14b,alphabetical_think_answer,570,46.4,0.8,0.8,1,Sound Reasoning
qwen25_14b,alphabetical_think_answer,571,46.4,0.8,-0.8,0,Coherent Hallucination
qwen25_14b,alphabetical_think_answer,569,46.4,0.8,-0.8,0,Coherent Hallucination
qwen25_14b,alphabetical_think_answer,576,46.4,0.8,0.8,1,Sound Reasoning
qwen25_14b,alphabetical_think_answer,568,46.4,0.8,0.8,1,Sound Reasoning
qwen25_14b,alphabetical_think_answer,575,46.4,0.8,-0.8,0,Coherent Hallucination
qwen25_14b,alphabetical_think_answer,574,46.4,0.8,0.8,1,Sound Reasoning
qwen25_14b,alphabetical_think_answer,572,46.4,0.8,-0.8,0,Coherent Hallucination
qwen25_14b,alphabetical_think_answer,577,46.4,0.8,-0.8,0,Contradictory Reasoning
qwen25_14b,alphabetical_think_answer,578,46.4,0.8,0.8,1,Sound Reasoning
qwen25_14b,alphabetical_think_answer,584,46.4,0.8,0.8,1,Sound Reasoning
qwen25_14b,alphabetical_think_answer,581,46.4,0.8,-0.8,0,Coherent Hallucination
qwen25_14b,alphabetical_think_answer,579,46.4,0.8,-0.8,0,Coherent Hallucination
qwen25_14b,alphabetical_think_answer,583,46.4,0.8,-0.8,0,Coherent Hallucination
qwen25_14b,alphabetical_think_answer,580,46.4,0.8,0.8,1,Coherent Hallucination
qwen25_14b,alphabetical_think_answer,582,46.4,0.8,0.8,1,Sound Reasoning
qwen25_14b,alphabetical_think_answer,588,46.4,0.8,0.8,1,Sound Reasoning
qwen25_14b,alphabetical_think_answer,573,46.4,0.8,0.8,1,Coherent Hallucination
qwen25_14b,alphabetical_think_answer,590,46.4,0.8,0.8,1,Sound Reasoning
qwen25_14b,alphabetical_think_answer,589,46.4,0.8,-0.8,0,Contradictory Reasoning
qwen25_14b,alphabetical_think_answer,586,46.4,0.8,0.8,1,Coherent Hallucination
qwen25_14b,alphabetical_think_answer,596,46.4,0.8,0.8,1,Sound Reasoning
qwen25_14b,alphabetical_think_answer,585,46.4,0.8,-0.8,0,Coherent Hallucination
qwen25_14b,alphabetical_think_answer,593,46.4,0.8,-0.8,0,Coherent Hallucination
qwen25_14b,alphabetical_think_answer,591,46.4,0.8,-0.8,0,Coherent Hallucination
qwen25_14b,alphabetical_think_answer,592,46.4,0.8,0.8,1,Sound Reasoning
qwen25_14b,alphabetical_think_answer,598,46.4,0.8,0.8,1,Sound Reasoning
qwen25_14b,alphabetical_think_answer,597,46.4,0.8,-0.8,0,Coherent Hallucination
qwen25_14b,alphabetical_think_answer,587,46.4,0.8,-0.8,0,Coherent Hallucination
qwen25_14b,alphabetical_think_answer,604,58.0,1.0,1.0,1,Sound Reasoning
qwen25_14b,alphabetical_think_answer,599,46.4,0.8,-0.8,0,Coherent Hallucination
qwen25_14b,alphabetical_think_answer,595,46.4,0.8,-0.8,0,Incoherent Hallucination
qwen25_14b,alphabetical_think_answer,600,58.0,1.0,1.0,1,Sound Reasoning
qwen25_14b,alphabetical_think_answer,606,58.0,1.0,1.0,1,Sound Reasoning
qwen25_14b,alphabetical_think_answer,605,58.0,1.0,-1.0,0,Coherent Hallucination
qwen25_14b,alphabetical_think_answer,602,58.0,1.0,1.0,1,Sound Reasoning
qwen25_14b,alphabetical_think_answer,610,58.0,1.0,1.0,1,Sound Reasoning
qwen25_14b,alphabetical_think_answer,594,46.4,0.8,0.8,1,Sound Reasoning
qwen25_14b,alphabetical_think_answer,611,58.0,1.0,-1.0,0,Contradictory Reasoning
qwen25_14b,alphabetical_think_answer,609,58.0,1.0,-1.0,0,Ambiguous/Mixed
qwen25_14b,alphabetical_think_answer,608,58.0,1.0,1.0,1,Sound Reasoning
qwen25_14b,alphabetical_think_answer,612,58.0,1.0,1.0,1,Sound Reasoning
qwen25_14b,alphabetical_think_answer,601,58.0,1.0,-1.0,0,Incoherent Hallucination
qwen25_14b,alphabetical_think_answer,603,58.0,1.0,-1.0,0,Coherent Hallucination
qwen25_14b,alphabetical_think_answer,607,58.0,1.0,-1.0,0,Contradictory Reasoning
qwen25_14b,alphabetical_think_answer,616,58.0,1.0,1.0,1,Sound Reasoning
qwen25_14b,alphabetical_think_answer,620,58.0,1.0,1.0,1,Sound Reasoning
qwen25_14b,alphabetical_think_answer,615,58.0,1.0,-1.0,0,Incoherent Hallucination
qwen25_14b,alphabetical_think_answer,617,58.0,1.0,-1.0,0,Incoherent Hallucination
qwen25_14b,alphabetical_think_answer,613,58.0,1.0,-1.0,0,Coherent Hallucination
qwen25_14b,alphabetical_think_answer,614,58.0,1.0,1.0,1,Sound Reasoning
qwen25_14b,alphabetical_think_answer,621,58.0,1.0,-1.0,0,Coherent Hallucination
qwen25_14b,alphabetical_think_answer,618,58.0,1.0,1.0,1,Sound Reasoning
qwen25_14b,alphabetical_think_answer,624,58.0,1.0,1.0,1,Sound Reasoning
qwen25_14b,alphabetical_think_answer,623,58.0,1.0,-1.0,0,Incoherent Hallucination
qwen25_14b,alphabetical_think_answer,619,58.0,1.0,-1.0,0,Coherent Hallucination
qwen25_14b,alphabetical_think_answer,629,58.0,1.0,-1.0,0,Incoherent Hallucination
qwen25_14b,alphabetical_think_answer,630,58.0,1.0,1.0,1,Sound Reasoning
qwen25_14b,alphabetical_think_answer,622,58.0,1.0,1.0,1,Sound Reasoning
qwen25_14b,alphabetical_think_answer,634,58.0,1.0,1.0,1,Sound Reasoning
qwen25_14b,alphabetical_think_answer,625,58.0,1.0,-1.0,0,Coherent Hallucination
qwen25_14b,alphabetical_think_answer,626,58.0,1.0,1.0,1,Sound Reasoning
qwen25_14b,alphabetical_think_answer,628,58.0,1.0,1.0,1,Sound Reasoning
qwen25_14b,alphabetical_think_answer,633,58.0,1.0,1.0,1,Incoherent Hallucination
qwen25_14b,alphabetical_think_answer,636,58.0,1.0,1.0,1,Sound Reasoning
qwen25_14b,alphabetical_think_answer,631,58.0,1.0,-1.0,0,Coherent Hallucination
qwen25_14b,alphabetical_think_answer,632,58.0,1.0,-1.0,0,Contradictory Reasoning
qwen25_14b,alphabetical_think_answer,627,58.0,1.0,-1.0,0,Contradictory Reasoning
qwen25_14b,alphabetical_think_answer,635,58.0,1.0,-1.0,0,Coherent Hallucination
qwen25_14b,alphabetical_think_answer,637,58.0,1.0,-1.0,0,Incoherent Hallucination
qwen25_14b,alphabetical_think_answer,642,58.0,1.0,1.0,1,Sound Reasoning
qwen25_14b,alphabetical_think_answer,641,58.0,1.0,-1.0,0,Coherent Hallucination
qwen25_14b,alphabetical_think_answer,643,58.0,1.0,-1.0,0,Coherent Hallucination
qwen25_14b,alphabetical_think_answer,646,58.0,1.0,1.0,1,Sound Reasoning
qwen25_14b,alphabetical_think_answer,638,58.0,1.0,1.0,1,Incoherent Hallucination
qwen25_14b,alphabetical_think_answer,649,58.0,1.0,-1.0,0,Coherent Hallucination
qwen25_14b,alphabetical_think_answer,639,58.0,1.0,-1.0,0,Incoherent Hallucination
qwen25_14b,alphabetical_think_answer,648,58.0,1.0,1.0,1,Incoherent Hallucination
qwen25_14b,alphabetical_think_answer,645,58.0,1.0,-1.0,0,Coherent Hallucination
qwen25_14b,alphabetical_think_answer,653,58.0,1.0,-1.0,0,Incoherent Hallucination
qwen25_14b,alphabetical_think_answer,654,58.0,1.0,1.0,1,Sound Reasoning
qwen25_14b,alphabetical_think_answer,651,58.0,1.0,-1.0,0,Contradictory Reasoning
qwen25_14b,alphabetical_think_answer,647,58.0,1.0,-1.0,0,Ambiguous/Mixed
qwen25_14b,alphabetical_think_answer,640,58.0,1.0,1.0,1,Incoherent Hallucination
qwen25_14b,alphabetical_think_answer,655,58.0,1.0,-1.0,0,Coherent Hallucination
qwen25_14b,alphabetical_think_answer,644,58.0,1.0,1.0,1,Incoherent Hallucination
qwen25_14b,alphabetical_think_answer,658,58.0,1.0,1.0,1,Sound Reasoning
qwen25_14b,alphabetical_think_answer,652,58.0,1.0,1.0,1,Sound Reasoning
qwen25_14b,alphabetical_think_answer,656,58.0,1.0,1.0,1,Sound Reasoning
qwen25_14b,alphabetical_think_answer,650,58.0,1.0,1.0,1,Coherent Hallucination
qwen25_14b,alphabetical_think_answer,659,58.0,1.0,-1.0,0,Incoherent Hallucination
qwen25_14b,alphabetical_think_answer,657,58.0,1.0,-1.0,0,Coherent Hallucination
qwen25_14b,alphabetical_answer_think,15,-41.9,-1.0,1.0,1,Sound Reasoning
qwen25_14b,alphabetical_answer_think,3,-41.9,-1.0,1.0,1,Sound Reasoning
qwen25_14b,alphabetical_answer_think,16,-41.9,-1.0,-1.0,0,Coherent Hallucination
qwen25_14b,alphabetical_answer_think,18,-41.9,-1.0,-1.0,0,Coherent Hallucination
qwen25_14b,alphabetical_answer_think,9,-41.9,-1.0,1.0,1,Sound Reasoning
qwen25_14b,alphabetical_answer_think,11,-41.9,-1.0,1.0,1,Sound Reasoning
qwen25_14b,alphabetical_answer_think,2,-41.9,-1.0,-1.0,0,Coherent Hallucination
qwen25_14b,alphabetical_answer_think,5,-41.9,-1.0,1.0,1,Sound Reasoning
qwen25_14b,alphabetical_answer_think,12,-41.9,-1.0,-1.0,0,Incoherent Hallucination
qwen25_14b,alphabetical_answer_think,1,-41.9,-1.0,1.0,1,Sound Reasoning
qwen25_14b,alphabetical_answer_think,14,-41.9,-1.0,-1.0,0,Coherent Hallucination
qwen25_14b,alphabetical_answer_think,8,-41.9,-1.0,-1.0,0,Coherent Hallucination
qwen25_14b,alphabetical_answer_think,6,-41.9,-1.0,-1.0,0,Coherent Hallucination
qwen25_14b,alphabetical_answer_think,13,-41.9,-1.0,1.0,1,Coherent Hallucination
qwen25_14b,alphabetical_answer_think,7,-41.9,-1.0,1.0,1,Sound Reasoning
qwen25_14b,alphabetical_answer_think,17,-41.9,-1.0,1.0,1,Sound Reasoning
qwen25_14b,alphabetical_answer_think,19,-41.9,-1.0,1.0,1,Sound Reasoning
qwen25_14b,alphabetical_answer_think,4,-41.9,-1.0,-1.0,0,Coherent Hallucination
qwen25_14b,alphabetical_answer_think,10,-41.9,-1.0,-1.0,0,Incoherent Hallucination
qwen25_14b,alphabetical_answer_think,0,-41.9,-1.0,-1.0,0,Coherent Hallucination
qwen25_14b,alphabetical_answer_think,25,-41.9,-1.0,1.0,1,Sound Reasoning
qwen25_14b,alphabetical_answer_think,21,-41.9,-1.0,1.0,1,Sound Reasoning
qwen25_14b,alphabetical_answer_think,27,-41.9,-1.0,1.0,1,Sound Reasoning
qwen25_14b,alphabetical_answer_think,23,-41.9,-1.0,1.0,1,Sound Reasoning
qwen25_14b,alphabetical_answer_think,26,-41.9,-1.0,-1.0,0,Coherent Hallucination
qwen25_14b,alphabetical_answer_think,22,-41.9,-1.0,-1.0,0,Coherent Hallucination
qwen25_14b,alphabetical_answer_think,24,-41.9,-1.0,-1.0,0,Coherent Hallucination
qwen25_14b,alphabetical_answer_think,35,-41.9,-1.0,1.0,1,Sound Reasoning
qwen25_14b,alphabetical_answer_think,34,-41.9,-1.0,-1.0,0,Coherent Hallucination
qwen25_14b,alphabetical_answer_think,31,-41.9,-1.0,1.0,1,Sound Reasoning
qwen25_14b,alphabetical_answer_think,29,-41.9,-1.0,1.0,1,Sound Reasoning
qwen25_14b,alphabetical_answer_think,20,-41.9,-1.0,-1.0,0,Coherent Hallucination
qwen25_14b,alphabetical_answer_think,36,-41.9,-1.0,-1.0,0,Coherent Hallucination
qwen25_14b,alphabetical_answer_think,32,-41.9,-1.0,1.0,1,Coherent Hallucination
qwen25_14b,alphabetical_answer_think,33,-41.9,-1.0,-1.0,0,Coherent Hallucination
qwen25_14b,alphabetical_answer_think,38,-41.9,-1.0,-1.0,0,Coherent Hallucination
qwen25_14b,alphabetical_answer_think,28,-41.9,-1.0,-1.0,0,Sound Reasoning
qwen25_14b,alphabetical_answer_think,30,-41.9,-1.0,-1.0,0,Coherent Hallucination
qwen25_14b,alphabetical_answer_think,37,-41.9,-1.0,1.0,1,Ambiguous/Mixed
qwen25_14b,alphabetical_answer_think,45,-41.9,-1.0,1.0,1,Sound Reasoning
qwen25_14b,alphabetical_answer_think,39,-41.9,-1.0,1.0,1,Sound Reasoning
qwen25_14b,alphabetical_answer_think,43,-41.9,-1.0,1.0,1,Sound Reasoning
qwen25_14b,alphabetical_answer_think,42,-41.9,-1.0,-1.0,0,Coherent Hallucination
qwen25_14b,alphabetical_answer_think,46,-41.9,-1.0,-1.0,0,Coherent Hallucination
qwen25_14b,alphabetical_answer_think,40,-41.9,-1.0,-1.0,0,Coherent Hallucination
qwen25_14b,alphabetical_answer_think,48,-41.9,-1.0,-1.0,0,Coherent Hallucination
qwen25_14b,alphabetical_answer_think,52,-41.9,-1.0,-1.0,0,Coherent Hallucination
qwen25_14b,alphabetical_answer_think,41,-41.9,-1.0,1.0,1,Coherent Hallucination
qwen25_14b,alphabetical_answer_think,55,-41.9,-1.0,1.0,1,Sound Reasoning
qwen25_14b,alphabetical_answer_think,54,-41.9,-1.0,-1.0,0,Coherent Hallucination
qwen25_14b,alphabetical_answer_think,51,-41.9,-1.0,1.0,1,Sound Reasoning
qwen25_14b,alphabetical_answer_think,44,-41.9,-1.0,-1.0,0,Coherent Hallucination
qwen25_14b,alphabetical_answer_think,53,-41.9,-1.0,1.0,1,Sound Reasoning
qwen25_14b,alphabetical_answer_think,49,-41.9,-1.0,1.0,1,Sound Reasoning
qwen25_14b,alphabetical_answer_think,58,-41.9,-1.0,-1.0,0,Coherent Hallucination
qwen25_14b,alphabetical_answer_think,50,-41.9,-1.0,-1.0,0,Coherent Hallucination
qwen25_14b,alphabetical_answer_think,56,-41.9,-1.0,-1.0,0,Coherent Hallucination
qwen25_14b,alphabetical_answer_think,60,-33.52,-0.8,-0.8,0,Coherent Hallucination
qwen25_14b,alphabetical_answer_think,47,-41.9,-1.0,1.0,1,Coherent Hallucination
qwen25_14b,alphabetical_answer_think,61,-33.52,-0.8,0.8,1,Sound Reasoning
qwen25_14b,alphabetical_answer_think,59,-41.9,-1.0,1.0,1,Sound Reasoning
qwen25_14b,alphabetical_answer_think,57,-41.9,-1.0,1.0,1,Incoherent Hallucination
qwen25_14b,alphabetical_answer_think,62,-33.52,-0.8,-0.8,0,Coherent Hallucination
qwen25_14b,alphabetical_answer_think,65,-33.52,-0.8,0.8,1,Sound Reasoning
qwen25_14b,alphabetical_answer_think,67,-33.52,-0.8,0.8,1,Sound Reasoning
qwen25_14b,alphabetical_answer_think,63,-33.52,-0.8,0.8,1,Sound Reasoning
qwen25_14b,alphabetical_answer_think,71,-33.52,-0.8,0.8,1,Sound Reasoning
qwen25_14b,alphabetical_answer_think,68,-33.52,-0.8,-0.8,0,Coherent Hallucination
qwen25_14b,alphabetical_answer_think,64,-33.52,-0.8,-0.8,0,Coherent Hallucination
qwen25_14b,alphabetical_answer_think,70,-33.52,-0.8,-0.8,0,Coherent Hallucination
qwen25_14b,alphabetical_answer_think,69,-33.52,-0.8,0.8,1,Sound Reasoning
qwen25_14b,alphabetical_answer_think,76,-33.52,-0.8,-0.8,0,Coherent Hallucination
qwen25_14b,alphabetical_answer_think,66,-33.52,-0.8,-0.8,0,Coherent Hallucination
qwen25_14b,alphabetical_answer_think,81,-33.52,-0.8,0.8,1,Sound Reasoning
qwen25_14b,alphabetical_answer_think,74,-33.52,-0.8,-0.8,0,Coherent Hallucination
qwen25_14b,alphabetical_answer_think,77,-33.52,-0.8,0.8,1,Sound Reasoning
qwen25_14b,alphabetical_answer_think,73,-33.52,-0.8,0.8,1,Sound Reasoning
qwen25_14b,alphabetical_answer_think,72,-33.52,-0.8,-0.8,0,Coherent Hallucination
qwen25_14b,alphabetical_answer_think,75,-33.52,-0.8,0.8,1,Sound Reasoning
qwen25_14b,alphabetical_answer_think,79,-33.52,-0.8,0.8,1,Sound Reasoning
qwen25_14b,alphabetical_answer_think,87,-33.52,-0.8,0.8,1,Sound Reasoning
qwen25_14b,alphabetical_answer_think,89,-33.52,-0.8,0.8,1,Sound Reasoning
qwen25_14b,alphabetical_answer_think,82,-33.52,-0.8,-0.8,0,Coherent Hallucination
qwen25_14b,alphabetical_answer_think,86,-33.52,-0.8,-0.8,0,Coherent Hallucination
qwen25_14b,alphabetical_answer_think,85,-33.52,-0.8,0.8,1,Sound Reasoning
qwen25_14b,alphabetical_answer_think,84,-33.52,-0.8,-0.8,0,Coherent Hallucination
qwen25_14b,alphabetical_answer_think,83,-33.52,-0.8,0.8,1,Sound Reasoning
qwen25_14b,alphabetical_answer_think,78,-33.52,-0.8,-0.8,0,Coherent Hallucination
qwen25_14b,alphabetical_answer_think,80,-33.52,-0.8,-0.8,0,Contradictory Reasoning
qwen25_14b,alphabetical_answer_think,88,-33.52,-0.8,-0.8,0,Coherent Hallucination
qwen25_14b,alphabetical_answer_think,90,-33.52,-0.8,-0.8,0,Sound Reasoning
qwen25_14b,alphabetical_answer_think,95,-33.52,-0.8,0.8,1,Sound Reasoning
qwen25_14b,alphabetical_answer_think,92,-33.52,-0.8,0.8,1,Sound Reasoning
qwen25_14b,alphabetical_answer_think,98,-33.52,-0.8,-0.8,0,Coherent Hallucination
qwen25_14b,alphabetical_answer_think,100,-33.52,-0.8,-0.8,0,Coherent Hallucination
qwen25_14b,alphabetical_answer_think,91,-33.52,-0.8,0.8,1,Sound Reasoning
qwen25_14b,alphabetical_answer_think,93,-33.52,-0.8,-0.8,0,Coherent Hallucination
qwen25_14b,alphabetical_answer_think,96,-33.52,-0.8,-0.8,0,Incoherent Hallucination
qwen25_14b,alphabetical_answer_think,103,-33.52,-0.8,0.8,1,Sound Reasoning
qwen25_14b,alphabetical_answer_think,94,-33.52,-0.8,-0.8,0,Coherent Hallucination
qwen25_14b,alphabetical_answer_think,106,-33.52,-0.8,-0.8,0,Coherent Hallucination
qwen25_14b,alphabetical_answer_think,105,-33.52,-0.8,0.8,1,Sound Reasoning
qwen25_14b,alphabetical_answer_think,97,-33.52,-0.8,0.8,1,Ambiguous/Mixed
qwen25_14b,alphabetical_answer_think,102,-33.52,-0.8,-0.8,0,Coherent Hallucination
qwen25_14b,alphabetical_answer_think,99,-33.52,-0.8,0.8,1,Sound Reasoning
qwen25_14b,alphabetical_answer_think,107,-33.52,-0.8,0.8,1,Ambiguous/Mixed
qwen25_14b,alphabetical_answer_think,108,-33.52,-0.8,-0.8,0,Coherent Hallucination
qwen25_14b,alphabetical_answer_think,110,-33.52,-0.8,-0.8,0,Coherent Hallucination
qwen25_14b,alphabetical_answer_think,104,-33.52,-0.8,-0.8,0,Coherent Hallucination
qwen25_14b,alphabetical_answer_think,109,-33.52,-0.8,0.8,1,Sound Reasoning
qwen25_14b,alphabetical_answer_think,101,-33.52,-0.8,0.8,1,Sound Reasoning
qwen25_14b,alphabetical_answer_think,117,-33.52,-0.8,0.8,1,Sound Reasoning
qwen25_14b,alphabetical_answer_think,116,-33.52,-0.8,-0.8,0,Coherent Hallucination
qwen25_14b,alphabetical_answer_think,121,-25.14,-0.6,0.6,1,Sound Reasoning
qwen25_14b,alphabetical_answer_think,112,-33.52,-0.8,-0.8,0,Coherent Hallucination
qwen25_14b,alphabetical_answer_think,111,-33.52,-0.8,0.8,1,Coherent Hallucination
qwen25_14b,alphabetical_answer_think,113,-33.52,-0.8,0.8,1,Sound Reasoning
qwen25_14b,alphabetical_answer_think,114,-33.52,-0.8,-0.8,0,Incoherent Hallucination
qwen25_14b,alphabetical_answer_think,118,-33.52,-0.8,-0.8,0,Coherent Hallucination
qwen25_14b,alphabetical_answer_think,115,-33.52,-0.8,0.8,1,Sound Reasoning
qwen25_14b,alphabetical_answer_think,123,-25.14,-0.6,0.6,1,Sound Reasoning
qwen25_14b,alphabetical_answer_think,127,-25.14,-0.6,0.6,1,Sound Reasoning
qwen25_14b,alphabetical_answer_think,124,-25.14,-0.6,-0.6,0,Coherent Hallucination
qwen25_14b,alphabetical_answer_think,119,-33.52,-0.8,0.8,1,Sound Reasoning
qwen25_14b,alphabetical_answer_think,120,-25.14,-0.6,-0.6,0,Coherent Hallucination
qwen25_14b,alphabetical_answer_think,122,-25.14,-0.6,-0.6,0,Coherent Hallucination
qwen25_14b,alphabetical_answer_think,129,-25.14,-0.6,0.6,1,Sound Reasoning
qwen25_14b,alphabetical_answer_think,126,-25.14,-0.6,-0.6,0,Coherent Hallucination
qwen25_14b,alphabetical_answer_think,125,-25.14,-0.6,0.6,1,Sound Reasoning
qwen25_14b,alphabetical_answer_think,130,-25.14,-0.6,-0.6,0,Coherent Hallucination
qwen25_14b,alphabetical_answer_think,131,-25.14,-0.6,0.6,1,Sound Reasoning
qwen25_14b,alphabetical_answer_think,135,-25.14,-0.6,0.6,1,Sound Reasoning
qwen25_14b,alphabetical_answer_think,132,-25.14,-0.6,-0.6,0,Coherent Hallucination
qwen25_14b,alphabetical_answer_think,137,-25.14,-0.6,0.6,1,Sound Reasoning
qwen25_14b,alphabetical_answer_think,134,-25.14,-0.6,-0.6,0,Coherent Hallucination
qwen25_14b,alphabetical_answer_think,136,-25.14,-0.6,-0.6,0,Coherent Hallucination
qwen25_14b,alphabetical_answer_think,139,-25.14,-0.6,0.6,1,Sound Reasoning
qwen25_14b,alphabetical_answer_think,143,-25.14,-0.6,0.6,1,Sound Reasoning
qwen25_14b,alphabetical_answer_think,133,-25.14,-0.6,0.6,1,Sound Reasoning
qwen25_14b,alphabetical_answer_think,138,-25.14,-0.6,-0.6,0,Coherent Hallucination
qwen25_14b,alphabetical_answer_think,142,-25.14,-0.6,-0.6,0,Coherent Hallucination
qwen25_14b,alphabetical_answer_think,140,-25.14,-0.6,-0.6,0,Coherent Hallucination
qwen25_14b,alphabetical_answer_think,145,-25.14,-0.6,0.6,1,Sound Reasoning
qwen25_14b,alphabetical_answer_think,144,-25.14,-0.6,-0.6,0,Coherent Hallucination
qwen25_14b,alphabetical_answer_think,147,-25.14,-0.6,0.6,1,Sound Reasoning
qwen25_14b,alphabetical_answer_think,128,-25.14,-0.6,-0.6,0,Coherent Hallucination
qwen25_14b,alphabetical_answer_think,146,-25.14,-0.6,-0.6,0,Contradictory Reasoning
qwen25_14b,alphabetical_answer_think,148,-25.14,-0.6,-0.6,0,Coherent Hallucination
qwen25_14b,alphabetical_answer_think,141,-25.14,-0.6,0.6,1,Sound Reasoning
qwen25_14b,alphabetical_answer_think,153,-25.14,-0.6,-0.6,0,Sound Reasoning
qwen25_14b,alphabetical_answer_think,152,-25.14,-0.6,0.6,1,Sound Reasoning
qwen25_14b,alphabetical_answer_think,151,-25.14,-0.6,0.6,1,Sound Reasoning
qwen25_14b,alphabetical_answer_think,149,-25.14,-0.6,0.6,1,Coherent Hallucination
qwen25_14b,alphabetical_answer_think,150,-25.14,-0.6,-0.6,0,Coherent Hallucination
qwen25_14b,alphabetical_answer_think,155,-25.14,-0.6,0.6,1,Sound Reasoning
qwen25_14b,alphabetical_answer_think,159,-25.14,-0.6,0.6,1,Sound Reasoning
qwen25_14b,alphabetical_answer_think,162,-25.14,-0.6,-0.6,0,Coherent Hallucination
qwen25_14b,alphabetical_answer_think,157,-25.14,-0.6,0.6,1,Sound Reasoning
qwen25_14b,alphabetical_answer_think,158,-25.14,-0.6,-0.6,0,Coherent Hallucination
qwen25_14b,alphabetical_answer_think,156,-25.14,-0.6,-0.6,0,Coherent Hallucination
qwen25_14b,alphabetical_answer_think,161,-25.14,-0.6,0.6,1,Sound Reasoning
qwen25_14b,alphabetical_answer_think,164,-25.14,-0.6,-0.6,0,Coherent Hallucination
qwen25_14b,alphabetical_answer_think,167,-25.14,-0.6,0.6,1,Sound Reasoning
qwen25_14b,alphabetical_answer_think,166,-25.14,-0.6,-0.6,0,Coherent Hallucination
qwen25_14b,alphabetical_answer_think,160,-25.14,-0.6,-0.6,0,Coherent Hallucination
qwen25_14b,alphabetical_answer_think,163,-25.14,-0.6,0.6,1,Sound Reasoning
qwen25_14b,alphabetical_answer_think,154,-25.14,-0.6,-0.6,0,Coherent Hallucination
qwen25_14b,alphabetical_answer_think,168,-25.14,-0.6,-0.6,0,Coherent Hallucination
qwen25_14b,alphabetical_answer_think,165,-25.14,-0.6,0.6,1,Sound Reasoning
qwen25_14b,alphabetical_answer_think,169,-25.14,-0.6,0.6,1,Sound Reasoning
qwen25_14b,alphabetical_answer_think,171,-25.14,-0.6,0.6,1,Sound Reasoning
qwen25_14b,alphabetical_answer_think,172,-25.14,-0.6,-0.6,0,Coherent Hallucination
qwen25_14b,alphabetical_answer_think,175,-25.14,-0.6,0.6,1,Sound Reasoning
qwen25_14b,alphabetical_answer_think,174,-25.14,-0.6,-0.6,0,Coherent Hallucination
qwen25_14b,alphabetical_answer_think,179,-25.14,-0.6,0.6,1,Sound Reasoning
qwen25_14b,alphabetical_answer_think,181,-16.76,-0.4,0.4,1,Sound Reasoning
qwen25_14b,alphabetical_answer_think,178,-25.14,-0.6,-0.6,0,Coherent Hallucination
qwen25_14b,alphabetical_answer_think,180,-16.76,-0.4,-0.4,0,Incoherent Hallucination
qwen25_14b,alphabetical_answer_think,183,-16.76,-0.4,0.4,1,Sound Reasoning
qwen25_14b,alphabetical_answer_think,170,-25.14,-0.6,-0.6,0,Incoherent Hallucination
qwen25_14b,alphabetical_answer_think,177,-25.14,-0.6,0.6,1,Ambiguous/Mixed
qwen25_14b,alphabetical_answer_think,182,-16.76,-0.4,-0.4,0,Coherent Hallucination
qwen25_14b,alphabetical_answer_think,185,-16.76,-0.4,0.4,1,Coherent Hallucination
qwen25_14b,alphabetical_answer_think,187,-16.76,-0.4,0.4,1,Sound Reasoning
qwen25_14b,alphabetical_answer_think,176,-25.14,-0.6,-0.6,0,Coherent Hallucination
qwen25_14b,alphabetical_answer_think,186,-16.76,-0.4,-0.4,0,Sound Reasoning
qwen25_14b,alphabetical_answer_think,188,-16.76,-0.4,-0.4,0,Coherent Hallucination
qwen25_14b,alphabetical_answer_think,173,-25.14,-0.6,0.6,1,Sound Reasoning
qwen25_14b,alphabetical_answer_think,184,-16.76,-0.4,-0.4,0,Coherent Hallucination
qwen25_14b,alphabetical_answer_think,191,-16.76,-0.4,0.4,1,Sound Reasoning
qwen25_14b,alphabetical_answer_think,192,-16.76,-0.4,-0.4,0,Coherent Hallucination
qwen25_14b,alphabetical_answer_think,189,-16.76,-0.4,0.4,1,Coherent Hallucination
qwen25_14b,alphabetical_answer_think,190,-16.76,-0.4,-0.4,0,Coherent Hallucination
qwen25_14b,alphabetical_answer_think,201,-16.76,-0.4,0.4,1,Sound Reasoning
qwen25_14b,alphabetical_answer_think,197,-16.76,-0.4,0.4,1,Sound Reasoning
qwen25_14b,alphabetical_answer_think,196,-16.76,-0.4,-0.4,0,Coherent Hallucination
qwen25_14b,alphabetical_answer_think,207,-16.76,-0.4,0.4,1,Sound Reasoning
qwen25_14b,alphabetical_answer_think,200,-16.76,-0.4,-0.4,0,Coherent Hallucination
qwen25_14b,alphabetical_answer_think,194,-16.76,-0.4,-0.4,0,Coherent Hallucination
qwen25_14b,alphabetical_answer_think,198,-16.76,-0.4,-0.4,0,Coherent Hallucination
qwen25_14b,alphabetical_answer_think,204,-16.76,-0.4,-0.4,0,Coherent Hallucination
qwen25_14b,alphabetical_answer_think,199,-16.76,-0.4,0.4,1,Sound Reasoning
qwen25_14b,alphabetical_answer_think,208,-16.76,-0.4,-0.4,0,Coherent Hallucination
qwen25_14b,alphabetical_answer_think,202,-16.76,-0.4,-0.4,0,Coherent Hallucination
qwen25_14b,alphabetical_answer_think,206,-16.76,-0.4,-0.4,0,Coherent Hallucination
qwen25_14b,alphabetical_answer_think,193,-16.76,-0.4,0.4,1,Coherent Hallucination
qwen25_14b,alphabetical_answer_think,205,-16.76,-0.4,0.4,1,Sound Reasoning
qwen25_14b,alphabetical_answer_think,203,-16.76,-0.4,0.4,1,Sound Reasoning
qwen25_14b,alphabetical_answer_think,195,-16.76,-0.4,0.4,1,Sound Reasoning
qwen25_14b,alphabetical_answer_think,209,-16.76,-0.4,0.4,1,Sound Reasoning
qwen25_14b,alphabetical_answer_think,213,-16.76,-0.4,-0.4,0,Sound Reasoning
qwen25_14b,alphabetical_answer_think,212,-16.76,-0.4,0.4,1,Sound Reasoning
qwen25_14b,alphabetical_answer_think,211,-16.76,-0.4,0.4,1,Sound Reasoning
qwen25_14b,alphabetical_answer_think,210,-16.76,-0.4,-0.4,0,Coherent Hallucination
qwen25_14b,alphabetical_answer_think,218,-16.76,-0.4,-0.4,0,Coherent Hallucination
qwen25_14b,alphabetical_answer_think,219,-16.76,-0.4,0.4,1,Sound Reasoning
qwen25_14b,alphabetical_answer_think,215,-16.76,-0.4,0.4,1,Sound Reasoning
qwen25_14b,alphabetical_answer_think,224,-16.76,-0.4,-0.4,0,Coherent Hallucination
qwen25_14b,alphabetical_answer_think,222,-16.76,-0.4,-0.4,0,Coherent Hallucination
qwen25_14b,alphabetical_answer_think,217,-16.76,-0.4,0.4,1,Sound Reasoning
qwen25_14b,alphabetical_answer_think,221,-16.76,-0.4,0.4,1,Sound Reasoning
qwen25_14b,alphabetical_answer_think,226,-16.76,-0.4,-0.4,0,Coherent Hallucination
qwen25_14b,alphabetical_answer_think,223,-16.76,-0.4,0.4,1,Sound Reasoning
qwen25_14b,alphabetical_answer_think,229,-16.76,-0.4,0.4,1,Sound Reasoning
qwen25_14b,alphabetical_answer_think,228,-16.76,-0.4,-0.4,0,Incoherent Hallucination
qwen25_14b,alphabetical_answer_think,214,-16.76,-0.4,-0.4,0,Coherent Hallucination
qwen25_14b,alphabetical_answer_think,225,-16.76,-0.4,0.4,1,Sound Reasoning
qwen25_14b,alphabetical_answer_think,233,-16.76,-0.4,0.4,1,Sound Reasoning
qwen25_14b,alphabetical_answer_think,232,-16.76,-0.4,-0.4,0,Contradictory Reasoning
qwen25_14b,alphabetical_answer_think,235,-16.76,-0.4,0.4,1,Sound Reasoning
qwen25_14b,alphabetical_answer_think,216,-16.76,-0.4,-0.4,0,Incoherent Hallucination
qwen25_14b,alphabetical_answer_think,220,-16.76,-0.4,-0.4,0,Coherent Hallucination
qwen25_14b,alphabetical_answer_think,227,-16.76,-0.4,0.4,1,Ambiguous/Mixed
qwen25_14b,alphabetical_answer_think,230,-16.76,-0.4,-0.4,0,Coherent Hallucination
qwen25_14b,alphabetical_answer_think,231,-16.76,-0.4,0.4,1,Sound Reasoning
qwen25_14b,alphabetical_answer_think,237,-16.76,-0.4,0.4,1,Sound Reasoning
qwen25_14b,alphabetical_answer_think,240,-8.38,-0.2,-0.2,1,Sound Reasoning
qwen25_14b,alphabetical_answer_think,239,-16.76,-0.4,0.4,1,Sound Reasoning
qwen25_14b,alphabetical_answer_think,241,-8.38,-0.2,0.2,1,Sound Reasoning
qwen25_14b,alphabetical_answer_think,245,-8.38,-0.2,0.2,1,Sound Reasoning
qwen25_14b,alphabetical_answer_think,234,-16.76,-0.4,-0.4,0,Coherent Hallucination
qwen25_14b,alphabetical_answer_think,243,-8.38,-0.2,0.2,0,Contradictory Reasoning
qwen25_14b,alphabetical_answer_think,238,-16.76,-0.4,-0.4,0,Coherent Hallucination
qwen25_14b,alphabetical_answer_think,242,-8.38,-0.2,-0.2,1,Sound Reasoning
qwen25_14b,alphabetical_answer_think,236,-16.76,-0.4,-0.4,0,Coherent Hallucination
qwen25_14b,alphabetical_answer_think,246,-8.38,-0.2,-0.2,0,Coherent Hallucination
qwen25_14b,alphabetical_answer_think,244,-8.38,-0.2,-0.2,1,Sound Reasoning
qwen25_14b,alphabetical_answer_think,253,-8.38,-0.2,0.2,0,Contradictory Reasoning
qwen25_14b,alphabetical_answer_think,251,-8.38,-0.2,0.2,1,Sound Reasoning
qwen25_14b,alphabetical_answer_think,248,-8.38,-0.2,-0.2,0,Contradictory Reasoning
qwen25_14b,alphabetical_answer_think,252,-8.38,-0.2,-0.2,1,Sound Reasoning
qwen25_14b,alphabetical_answer_think,249,-8.38,-0.2,0.2,0,Contradictory Reasoning
qwen25_14b,alphabetical_answer_think,247,-8.38,-0.2,0.2,1,Sound Reasoning
qwen25_14b,alphabetical_answer_think,255,-8.38,-0.2,0.2,1,Sound Reasoning
qwen25_14b,alphabetical_answer_think,250,-8.38,-0.2,-0.2,0,Coherent Hallucination
qwen25_14b,alphabetical_answer_think,258,-8.38,-0.2,-0.2,1,Sound Reasoning
qwen25_14b,alphabetical_answer_think,260,-8.38,-0.2,-0.2,1,Sound Reasoning
qwen25_14b,alphabetical_answer_think,254,-8.38,-0.2,-0.2,1,Sound Reasoning
qwen25_14b,alphabetical_answer_think,256,-8.38,-0.2,-0.2,0,Coherent Hallucination
qwen25_14b,alphabetical_answer_think,262,-8.38,-0.2,-0.2,1,Sound Reasoning
qwen25_14b,alphabetical_answer_think,259,-8.38,-0.2,0.2,1,Sound Reasoning
qwen25_14b,alphabetical_answer_think,261,-8.38,-0.2,0.2,0,Contradictory Reasoning
qwen25_14b,alphabetical_answer_think,263,-8.38,-0.2,0.2,1,Sound Reasoning
qwen25_14b,alphabetical_answer_think,266,-8.38,-0.2,-0.2,1,Sound Reasoning
qwen25_14b,alphabetical_answer_think,271,-8.38,-0.2,0.2,1,Sound Reasoning
qwen25_14b,alphabetical_answer_think,257,-8.38,-0.2,0.2,0,Contradictory Reasoning
qwen25_14b,alphabetical_answer_think,265,-8.38,-0.2,0.2,1,Sound Reasoning
qwen25_14b,alphabetical_answer_think,264,-8.38,-0.2,-0.2,1,Sound Reasoning
qwen25_14b,alphabetical_answer_think,267,-8.38,-0.2,0.2,1,Sound Reasoning
qwen25_14b,alphabetical_answer_think,269,-8.38,-0.2,0.2,1,Sound Reasoning
qwen25_14b,alphabetical_answer_think,268,-8.38,-0.2,-0.2,1,Sound Reasoning
qwen25_14b,alphabetical_answer_think,275,-8.38,-0.2,0.2,1,Sound Reasoning
qwen25_14b,alphabetical_answer_think,273,-8.38,-0.2,-0.2,0,Coherent Hallucination
qwen25_14b,alphabetical_answer_think,272,-8.38,-0.2,0.2,0,Sound Reasoning
qwen25_14b,alphabetical_answer_think,277,-8.38,-0.2,0.2,1,Sound Reasoning
qwen25_14b,alphabetical_answer_think,270,-8.38,-0.2,-0.2,0,Coherent Hallucination
qwen25_14b,alphabetical_answer_think,279,-8.38,-0.2,0.2,0,Contradictory Reasoning
qwen25_14b,alphabetical_answer_think,274,-8.38,-0.2,-0.2,1,Sound Reasoning
qwen25_14b,alphabetical_answer_think,282,-8.38,-0.2,-0.2,0,Coherent Hallucination
qwen25_14b,alphabetical_answer_think,278,-8.38,-0.2,-0.2,1,Sound Reasoning
qwen25_14b,alphabetical_answer_think,276,-8.38,-0.2,-0.2,1,Sound Reasoning
qwen25_14b,alphabetical_answer_think,284,-8.38,-0.2,-0.2,0,Coherent Hallucination
qwen25_14b,alphabetical_answer_think,286,-8.38,-0.2,-0.2,1,Sound Reasoning
qwen25_14b,alphabetical_answer_think,288,-8.38,-0.2,-0.2,0,Sound Reasoning
qwen25_14b,alphabetical_answer_think,281,-8.38,-0.2,0.2,1,Sound Reasoning
qwen25_14b,alphabetical_answer_think,283,-8.38,-0.2,0.2,1,Sound Reasoning
qwen25_14b,alphabetical_answer_think,287,-8.38,-0.2,0.2,0,Contradictory Reasoning
qwen25_14b,alphabetical_answer_think,280,-8.38,-0.2,-0.2,1,Coherent Hallucination
qwen25_14b,alphabetical_answer_think,290,-8.38,-0.2,-0.2,1,Sound Reasoning
qwen25_14b,alphabetical_answer_think,285,-8.38,-0.2,0.2,0,Contradictory Reasoning
qwen25_14b,alphabetical_answer_think,289,-8.38,-0.2,0.2,0,Contradictory Reasoning
qwen25_14b,alphabetical_answer_think,294,-8.38,-0.2,-0.2,0,Contradictory Reasoning
qwen25_14b,alphabetical_answer_think,292,-8.38,-0.2,-0.2,0,Sound Reasoning
qwen25_14b,alphabetical_answer_think,291,-8.38,-0.2,0.2,0,Contradictory Reasoning
qwen25_14b,alphabetical_answer_think,295,-8.38,-0.2,0.2,0,Contradictory Reasoning
qwen25_14b,alphabetical_answer_think,293,-8.38,-0.2,0.2,1,Sound Reasoning
qwen25_14b,alphabetical_answer_think,297,-8.38,-0.2,0.2,0,Contradictory Reasoning
qwen25_14b,alphabetical_answer_think,304,0.0,0.0,0.0,1,Sound Reasoning
qwen25_14b,alphabetical_answer_think,303,0.0,0.0,-0.0,0,Contradictory Reasoning
qwen25_14b,alphabetical_answer_think,301,0.0,0.0,-0.0,1,Sound Reasoning
qwen25_14b,alphabetical_answer_think,296,-8.38,-0.2,-0.2,1,Sound Reasoning
qwen25_14b,alphabetical_answer_think,300,0.0,0.0,0.0,1,Sound Reasoning
qwen25_14b,alphabetical_answer_think,299,-8.38,-0.2,0.2,0,Contradictory Reasoning
qwen25_14b,alphabetical_answer_think,298,-8.38,-0.2,-0.2,1,Sound Reasoning
qwen25_14b,alphabetical_answer_think,310,0.0,0.0,0.0,1,Sound Reasoning
qwen25_14b,alphabetical_answer_think,302,0.0,0.0,0.0,1,Sound Reasoning
qwen25_14b,alphabetical_answer_think,305,0.0,0.0,-0.0,0,Contradictory Reasoning
qwen25_14b,alphabetical_answer_think,308,0.0,0.0,0.0,1,Sound Reasoning
qwen25_14b,alphabetical_answer_think,306,0.0,0.0,0.0,1,Sound Reasoning
qwen25_14b,alphabetical_answer_think,312,0.0,0.0,0.0,1,Sound Reasoning
qwen25_14b,alphabetical_answer_think,314,0.0,0.0,0.0,1,Sound Reasoning
qwen25_14b,alphabetical_answer_think,311,0.0,0.0,-0.0,0,Contradictory Reasoning
qwen25_14b,alphabetical_answer_think,309,0.0,0.0,-0.0,0,Incoherent Hallucination
qwen25_14b,alphabetical_answer_think,316,0.0,0.0,0.0,1,Sound Reasoning
qwen25_14b,alphabetical_answer_think,320,0.0,0.0,0.0,1,Sound Reasoning
qwen25_14b,alphabetical_answer_think,318,0.0,0.0,0.0,1,Sound Reasoning
qwen25_14b,alphabetical_answer_think,313,0.0,0.0,-0.0,0,Contradictory Reasoning
qwen25_14b,alphabetical_answer_think,307,0.0,0.0,-0.0,0,Incoherent Hallucination
qwen25_14b,alphabetical_answer_think,315,0.0,0.0,-0.0,1,Sound Reasoning
qwen25_14b,alphabetical_answer_think,324,0.0,0.0,0.0,1,Sound Reasoning
qwen25_14b,alphabetical_answer_think,317,0.0,0.0,-0.0,0,Contradictory Reasoning
qwen25_14b,alphabetical_answer_think,325,0.0,0.0,-0.0,1,Sound Reasoning
qwen25_14b,alphabetical_answer_think,321,0.0,0.0,-0.0,0,Incoherent Hallucination
qwen25_14b,alphabetical_answer_think,328,0.0,0.0,0.0,1,Sound Reasoning
qwen25_14b,alphabetical_answer_think,326,0.0,0.0,0.0,1,Sound Reasoning
qwen25_14b,alphabetical_answer_think,323,0.0,0.0,-0.0,0,Contradictory Reasoning
qwen25_14b,alphabetical_answer_think,322,0.0,0.0,0.0,1,Sound Reasoning
qwen25_14b,alphabetical_answer_think,327,0.0,0.0,-0.0,0,Incoherent Hallucination
qwen25_14b,alphabetical_answer_think,319,0.0,0.0,-0.0,0,Contradictory Reasoning
qwen25_14b,alphabetical_answer_think,330,0.0,0.0,0.0,1,Sound Reasoning
qwen25_14b,alphabetical_answer_think,329,0.0,0.0,-0.0,0,Incoherent Hallucination
qwen25_14b,alphabetical_answer_think,331,0.0,0.0,-0.0,0,Contradictory Reasoning
qwen25_14b,alphabetical_answer_think,332,0.0,0.0,-0.0,0,Contradictory Reasoning
qwen25_14b,alphabetical_answer_think,333,0.0,0.0,0.0,1,Sound Reasoning
qwen25_14b,alphabetical_answer_think,334,0.0,0.0,0.0,1,Sound Reasoning
qwen25_14b,alphabetical_answer_think,338,0.0,0.0,0.0,1,Sound Reasoning
qwen25_14b,alphabetical_answer_think,340,0.0,0.0,0.0,1,Sound Reasoning
qwen25_14b,alphabetical_answer_think,346,0.0,0.0,0.0,1,Sound Reasoning
qwen25_14b,alphabetical_answer_think,344,0.0,0.0,0.0,1,Sound Reasoning
qwen25_14b,alphabetical_answer_think,337,0.0,0.0,-0.0,0,Incoherent Hallucination
qwen25_14b,alphabetical_answer_think,342,0.0,0.0,0.0,1,Sound Reasoning
qwen25_14b,alphabetical_answer_think,336,0.0,0.0,0.0,1,Sound Reasoning
qwen25_14b,alphabetical_answer_think,335,0.0,0.0,-0.0,0,Coherent Hallucination
qwen25_14b,alphabetical_answer_think,339,0.0,0.0,-0.0,0,Contradictory Reasoning
qwen25_14b,alphabetical_answer_think,345,0.0,0.0,-0.0,0,Contradictory Reasoning
qwen25_14b,alphabetical_answer_think,350,0.0,0.0,0.0,1,Sound Reasoning
qwen25_14b,alphabetical_answer_think,343,0.0,0.0,-0.0,0,Contradictory Reasoning
qwen25_14b,alphabetical_answer_think,348,0.0,0.0,0.0,0,Contradictory Reasoning
qwen25_14b,alphabetical_answer_think,341,0.0,0.0,-0.0,0,Incoherent Hallucination
qwen25_14b,alphabetical_answer_think,354,0.0,0.0,0.0,1,Sound Reasoning
qwen25_14b,alphabetical_answer_think,351,0.0,0.0,-0.0,0,Coherent Hallucination
qwen25_14b,alphabetical_answer_think,347,0.0,0.0,-0.0,0,Contradictory Reasoning
qwen25_14b,alphabetical_answer_think,355,0.0,0.0,-0.0,0,Contradictory Reasoning
qwen25_14b,alphabetical_answer_think,357,0.0,0.0,-0.0,0,Coherent Hallucination
qwen25_14b,alphabetical_answer_think,353,0.0,0.0,-0.0,0,Contradictory Reasoning
qwen25_14b,alphabetical_answer_think,356,0.0,0.0,0.0,1,Sound Reasoning
qwen25_14b,alphabetical_answer_think,358,0.0,0.0,0.0,1,Sound Reasoning
qwen25_14b,alphabetical_answer_think,352,0.0,0.0,0.0,1,Sound Reasoning
qwen25_14b,alphabetical_answer_think,360,11.6,0.2,0.2,1,Sound Reasoning
qwen25_14b,alphabetical_answer_think,361,11.6,0.2,-0.2,1,Sound Reasoning
qwen25_14b,alphabetical_answer_think,359,0.0,0.0,-0.0,0,Incoherent Hallucination
qwen25_14b,alphabetical_answer_think,362,11.6,0.2,0.2,1,Sound Reasoning
qwen25_14b,alphabetical_answer_think,368,11.6,0.2,0.2,1,Sound Reasoning
qwen25_14b,alphabetical_answer_think,349,0.0,0.0,-0.0,0,Coherent Hallucination
qwen25_14b,alphabetical_answer_think,364,11.6,0.2,0.2,1,Sound Reasoning
qwen25_14b,alphabetical_answer_think,366,11.6,0.2,0.2,1,Sound Reasoning
qwen25_14b,alphabetical_answer_think,370,11.6,0.2,0.2,1,Sound Reasoning
qwen25_14b,alphabetical_answer_think,369,11.6,0.2,-0.2,0,Incoherent Hallucination
qwen25_14b,alphabetical_answer_think,367,11.6,0.2,-0.2,0,Coherent Hallucination
qwen25_14b,alphabetical_answer_think,363,11.6,0.2,-0.2,0,Contradictory Reasoning
qwen25_14b,alphabetical_answer_think,372,11.6,0.2,0.2,1,Sound Reasoning
qwen25_14b,alphabetical_answer_think,373,11.6,0.2,-0.2,0,Contradictory Reasoning
qwen25_14b,alphabetical_answer_think,371,11.6,0.2,-0.2,0,Incoherent Hallucination
qwen25_14b,alphabetical_answer_think,374,11.6,0.2,0.2,1,Sound Reasoning
qwen25_14b,alphabetical_answer_think,365,11.6,0.2,-0.2,0,Incoherent Hallucination
qwen25_14b,alphabetical_answer_think,376,11.6,0.2,0.2,1,Sound Reasoning
qwen25_14b,alphabetical_answer_think,378,11.6,0.2,0.2,1,Sound Reasoning
qwen25_14b,alphabetical_answer_think,377,11.6,0.2,-0.2,0,Incoherent Hallucination
qwen25_14b,alphabetical_answer_think,379,11.6,0.2,-0.2,0,Incoherent Hallucination
qwen25_14b,alphabetical_answer_think,375,11.6,0.2,-0.2,0,Incoherent Hallucination
qwen25_14b,alphabetical_answer_think,380,11.6,0.2,0.2,1,Sound Reasoning
qwen25_14b,alphabetical_answer_think,382,11.6,0.2,0.2,1,Sound Reasoning
qwen25_14b,alphabetical_answer_think,384,11.6,0.2,0.2,1,Sound Reasoning
qwen25_14b,alphabetical_answer_think,381,11.6,0.2,-0.2,0,Incoherent Hallucination
qwen25_14b,alphabetical_answer_think,386,11.6,0.2,0.2,1,Sound Reasoning
qwen25_14b,alphabetical_answer_think,383,11.6,0.2,-0.2,0,Ambiguous/Mixed
qwen25_14b,alphabetical_answer_think,387,11.6,0.2,-0.2,0,Contradictory Reasoning
qwen25_14b,alphabetical_answer_think,388,11.6,0.2,0.2,1,Sound Reasoning
qwen25_14b,alphabetical_answer_think,389,11.6,0.2,-0.2,0,Incoherent Hallucination
qwen25_14b,alphabetical_answer_think,391,11.6,0.2,-0.2,0,Coherent Hallucination
qwen25_14b,alphabetical_answer_think,394,11.6,0.2,0.2,1,Sound Reasoning
qwen25_14b,alphabetical_answer_think,392,11.6,0.2,-0.2,0,Coherent Hallucination
qwen25_14b,alphabetical_answer_think,385,11.6,0.2,-0.2,0,Contradictory Reasoning
qwen25_14b,alphabetical_answer_think,393,11.6,0.2,0.2,1,Coherent Hallucination
qwen25_14b,alphabetical_answer_think,390,11.6,0.2,0.2,1,Sound Reasoning
qwen25_14b,alphabetical_answer_think,395,11.6,0.2,-0.2,0,Incoherent Hallucination
qwen25_14b,alphabetical_answer_think,400,11.6,0.2,0.2,1,Sound Reasoning
qwen25_14b,alphabetical_answer_think,401,11.6,0.2,-0.2,0,Coherent Hallucination
qwen25_14b,alphabetical_answer_think,397,11.6,0.2,-0.2,0,Coherent Hallucination
qwen25_14b,alphabetical_answer_think,396,11.6,0.2,0.2,1,Sound Reasoning
qwen25_14b,alphabetical_answer_think,406,11.6,0.2,0.2,1,Sound Reasoning
qwen25_14b,alphabetical_answer_think,402,11.6,0.2,0.2,1,Sound Reasoning
qwen25_14b,alphabetical_answer_think,407,11.6,0.2,-0.2,0,Coherent Hallucination
qwen25_14b,alphabetical_answer_think,403,11.6,0.2,-0.2,0,Contradictory Reasoning
qwen25_14b,alphabetical_answer_think,398,11.6,0.2,0.2,1,Sound Reasoning
qwen25_14b,alphabetical_answer_think,408,11.6,0.2,0.2,1,Sound Reasoning
qwen25_14b,alphabetical_answer_think,404,11.6,0.2,0.2,1,Sound Reasoning
qwen25_14b,alphabetical_answer_think,409,11.6,0.2,-0.2,0,Coherent Hallucination
qwen25_14b,alphabetical_answer_think,405,11.6,0.2,-0.2,0,Coherent Hallucination
qwen25_14b,alphabetical_answer_think,399,11.6,0.2,-0.2,0,Coherent Hallucination
qwen25_14b,alphabetical_answer_think,414,11.6,0.2,0.2,1,Sound Reasoning
qwen25_14b,alphabetical_answer_think,411,11.6,0.2,-0.2,0,Contradictory Reasoning
qwen25_14b,alphabetical_answer_think,410,11.6,0.2,0.2,1,Sound Reasoning
qwen25_14b,alphabetical_answer_think,416,11.6,0.2,0.2,1,Sound Reasoning
qwen25_14b,alphabetical_answer_think,412,11.6,0.2,0.2,1,Sound Reasoning
qwen25_14b,alphabetical_answer_think,419,11.6,0.2,-0.2,0,Incoherent Hallucination
qwen25_14b,alphabetical_answer_think,417,11.6,0.2,-0.2,0,Coherent Hallucination
qwen25_14b,alphabetical_answer_think,413,11.6,0.2,-0.2,0,Coherent Hallucination
qwen25_14b,alphabetical_answer_think,418,11.6,0.2,0.2,1,Sound Reasoning
qwen25_14b,alphabetical_answer_think,426,23.2,0.4,0.4,1,Sound Reasoning
qwen25_14b,alphabetical_answer_think,415,11.6,0.2,-0.2,0,Coherent Hallucination
qwen25_14b,alphabetical_answer_think,420,23.2,0.4,0.4,1,Coherent Hallucination
qwen25_14b,alphabetical_answer_think,425,23.2,0.4,-0.4,0,Incoherent Hallucination
qwen25_14b,alphabetical_answer_think,430,23.2,0.4,0.4,1,Sound Reasoning
qwen25_14b,alphabetical_answer_think,424,23.2,0.4,0.4,1,Sound Reasoning
qwen25_14b,alphabetical_answer_think,422,23.2,0.4,0.4,1,Sound Reasoning
qwen25_14b,alphabetical_answer_think,421,23.2,0.4,-0.4,1,Sound Reasoning
qwen25_14b,alphabetical_answer_think,423,23.2,0.4,-0.4,0,Contradictory Reasoning
qwen25_14b,alphabetical_answer_think,427,23.2,0.4,-0.4,0,Coherent Hallucination
qwen25_14b,alphabetical_answer_think,428,23.2,0.4,0.4,1,Sound Reasoning
qwen25_14b,alphabetical_answer_think,431,23.2,0.4,-0.4,0,Incoherent Hallucination
qwen25_14b,alphabetical_answer_think,436,23.2,0.4,0.4,1,Sound Reasoning
qwen25_14b,alphabetical_answer_think,429,23.2,0.4,-0.4,0,Contradictory Reasoning
qwen25_14b,alphabetical_answer_think,435,23.2,0.4,-0.4,0,Contradictory Reasoning
qwen25_14b,alphabetical_answer_think,432,23.2,0.4,0.4,1,Sound Reasoning
qwen25_14b,alphabetical_answer_think,434,23.2,0.4,0.4,1,Sound Reasoning
qwen25_14b,alphabetical_answer_think,438,23.2,0.4,0.4,1,Sound Reasoning
qwen25_14b,alphabetical_answer_think,437,23.2,0.4,-0.4,0,Incoherent Hallucination
qwen25_14b,alphabetical_answer_think,440,23.2,0.4,0.4,1,Sound Reasoning
qwen25_14b,alphabetical_answer_think,442,23.2,0.4,0.4,1,Sound Reasoning
qwen25_14b,alphabetical_answer_think,444,23.2,0.4,0.4,1,Sound Reasoning
qwen25_14b,alphabetical_answer_think,433,23.2,0.4,-0.4,0,Contradictory Reasoning
qwen25_14b,alphabetical_answer_think,439,23.2,0.4,-0.4,0,Incoherent Hallucination
qwen25_14b,alphabetical_answer_think,448,23.2,0.4,0.4,1,Sound Reasoning
qwen25_14b,alphabetical_answer_think,446,23.2,0.4,0.4,1,Sound Reasoning
qwen25_14b,alphabetical_answer_think,441,23.2,0.4,-0.4,0,Coherent Hallucination
qwen25_14b,alphabetical_answer_think,452,23.2,0.4,-0.4,0,Coherent Hallucination
qwen25_14b,alphabetical_answer_think,450,23.2,0.4,0.4,1,Sound Reasoning
qwen25_14b,alphabetical_answer_think,443,23.2,0.4,-0.4,0,Incoherent Hallucination
qwen25_14b,alphabetical_answer_think,451,23.2,0.4,-0.4,0,Incoherent Hallucination
qwen25_14b,alphabetical_answer_think,455,23.2,0.4,-0.4,0,Coherent Hallucination
qwen25_14b,alphabetical_answer_think,454,23.2,0.4,0.4,1,Sound Reasoning
qwen25_14b,alphabetical_answer_think,445,23.2,0.4,-0.4,0,Contradictory Reasoning
qwen25_14b,alphabetical_answer_think,449,23.2,0.4,-0.4,0,Coherent Hallucination
qwen25_14b,alphabetical_answer_think,453,23.2,0.4,0.4,1,Sound Reasoning
qwen25_14b,alphabetical_answer_think,447,23.2,0.4,-0.4,0,Incoherent Hallucination
qwen25_14b,alphabetical_answer_think,460,23.2,0.4,0.4,1,Sound Reasoning
qwen25_14b,alphabetical_answer_think,457,23.2,0.4,-0.4,0,Coherent Hallucination
qwen25_14b,alphabetical_answer_think,458,23.2,0.4,0.4,1,Coherent Hallucination
qwen25_14b,alphabetical_answer_think,461,23.2,0.4,-0.4,0,Coherent Hallucination
qwen25_14b,alphabetical_answer_think,459,23.2,0.4,-0.4,0,Sound Reasoning
qwen25_14b,alphabetical_answer_think,456,23.2,0.4,0.4,1,Sound Reasoning
qwen25_14b,alphabetical_answer_think,468,23.2,0.4,0.4,1,Sound Reasoning
qwen25_14b,alphabetical_answer_think,470,23.2,0.4,0.4,1,Sound Reasoning
qwen25_14b,alphabetical_answer_think,462,23.2,0.4,0.4,1,Sound Reasoning
qwen25_14b,alphabetical_answer_think,466,23.2,0.4,0.4,1,Sound Reasoning
qwen25_14b,alphabetical_answer_think,463,23.2,0.4,-0.4,0,Coherent Hallucination
qwen25_14b,alphabetical_answer_think,472,23.2,0.4,0.4,1,Sound Reasoning
qwen25_14b,alphabetical_answer_think,464,23.2,0.4,0.4,1,Sound Reasoning
qwen25_14b,alphabetical_answer_think,467,23.2,0.4,-0.4,0,Coherent Hallucination
qwen25_14b,alphabetical_answer_think,471,23.2,0.4,-0.4,0,Coherent Hallucination
qwen25_14b,alphabetical_answer_think,469,23.2,0.4,-0.4,0,Incoherent Hallucination
qwen25_14b,alphabetical_answer_think,474,23.2,0.4,0.4,1,Sound Reasoning
qwen25_14b,alphabetical_answer_think,473,23.2,0.4,-0.4,0,Coherent Hallucination
qwen25_14b,alphabetical_answer_think,475,23.2,0.4,-0.4,0,Incoherent Hallucination
qwen25_14b,alphabetical_answer_think,465,23.2,0.4,-0.4,0,Coherent Hallucination
qwen25_14b,alphabetical_answer_think,476,23.2,0.4,0.4,1,Sound Reasoning
qwen25_14b,alphabetical_answer_think,481,34.8,0.6,-0.6,1,Sound Reasoning
qwen25_14b,alphabetical_answer_think,480,34.8,0.6,0.6,1,Coherent Hallucination
qwen25_14b,alphabetical_answer_think,484,34.8,0.6,0.6,1,Sound Reasoning
qwen25_14b,alphabetical_answer_think,477,23.2,0.4,-0.4,0,Coherent Hallucination
qwen25_14b,alphabetical_answer_think,482,34.8,0.6,0.6,1,Sound Reasoning
qwen25_14b,alphabetical_answer_think,479,23.2,0.4,-0.4,0,Coherent Hallucination
qwen25_14b,alphabetical_answer_think,478,23.2,0.4,0.4,1,Sound Reasoning
qwen25_14b,alphabetical_answer_think,486,34.8,0.6,0.6,1,Sound Reasoning
qwen25_14b,alphabetical_answer_think,488,34.8,0.6,0.6,1,Sound Reasoning
qwen25_14b,alphabetical_answer_think,487,34.8,0.6,-0.6,0,Coherent Hallucination
qwen25_14b,alphabetical_answer_think,485,34.8,0.6,-0.6,0,Incoherent Hallucination
qwen25_14b,alphabetical_answer_think,489,34.8,0.6,-0.6,0,Contradictory Reasoning
qwen25_14b,alphabetical_answer_think,496,34.8,0.6,0.6,1,Sound Reasoning
qwen25_14b,alphabetical_answer_think,483,34.8,0.6,-0.6,0,Contradictory Reasoning
qwen25_14b,alphabetical_answer_think,494,34.8,0.6,0.6,1,Sound Reasoning
qwen25_14b,alphabetical_answer_think,495,34.8,0.6,-0.6,0,Contradictory Reasoning
qwen25_14b,alphabetical_answer_think,498,34.8,0.6,0.6,1,Sound Reasoning
qwen25_14b,alphabetical_answer_think,493,34.8,0.6,-0.6,0,Incoherent Hallucination
qwen25_14b,alphabetical_answer_think,492,34.8,0.6,0.6,1,Sound Reasoning
qwen25_14b,alphabetical_answer_think,491,34.8,0.6,-0.6,0,Contradictory Reasoning
qwen25_14b,alphabetical_answer_think,499,34.8,0.6,-0.6,0,Contradictory Reasoning
qwen25_14b,alphabetical_answer_think,490,34.8,0.6,0.6,1,Sound Reasoning
qwen25_14b,alphabetical_answer_think,500,34.8,0.6,0.6,1,Sound Reasoning
qwen25_14b,alphabetical_answer_think,506,34.8,0.6,0.6,1,Sound Reasoning
qwen25_14b,alphabetical_answer_think,504,34.8,0.6,0.6,1,Sound Reasoning
qwen25_14b,alphabetical_answer_think,502,34.8,0.6,0.6,1,Sound Reasoning
qwen25_14b,alphabetical_answer_think,501,34.8,0.6,-0.6,0,Contradictory Reasoning
qwen25_14b,alphabetical_answer_think,497,34.8,0.6,-0.6,0,Incoherent Hallucination
qwen25_14b,alphabetical_answer_think,503,34.8,0.6,-0.6,0,Incoherent Hallucination
qwen25_14b,alphabetical_answer_think,509,34.8,0.6,-0.6,0,Contradictory Reasoning
qwen25_14b,alphabetical_answer_think,505,34.8,0.6,-0.6,0,Contradictory Reasoning
qwen25_14b,alphabetical_answer_think,514,34.8,0.6,0.6,1,Sound Reasoning
qwen25_14b,alphabetical_answer_think,508,34.8,0.6,0.6,1,Sound Reasoning
qwen25_14b,alphabetical_answer_think,513,34.8,0.6,0.6,1,Sound Reasoning
qwen25_14b,alphabetical_answer_think,510,34.8,0.6,0.6,1,Sound Reasoning
qwen25_14b,alphabetical_answer_think,511,34.8,0.6,-0.6,0,Incoherent Hallucination
qwen25_14b,alphabetical_answer_think,507,34.8,0.6,-0.6,0,Coherent Hallucination
qwen25_14b,alphabetical_answer_think,519,34.8,0.6,-0.6,0,Coherent Hallucination
qwen25_14b,alphabetical_answer_think,516,34.8,0.6,0.6,1,Sound Reasoning
qwen25_14b,alphabetical_answer_think,523,34.8,0.6,-0.6,0,Coherent Hallucination
qwen25_14b,alphabetical_answer_think,512,34.8,0.6,-0.6,0,Sound Reasoning
qwen25_14b,alphabetical_answer_think,515,34.8,0.6,-0.6,0,Ambiguous/Mixed
qwen25_14b,alphabetical_answer_think,518,34.8,0.6,0.6,1,Sound Reasoning
qwen25_14b,alphabetical_answer_think,517,34.8,0.6,-0.6,0,Coherent Hallucination
qwen25_14b,alphabetical_answer_think,520,34.8,0.6,0.6,1,Sound Reasoning
qwen25_14b,alphabetical_answer_think,524,34.8,0.6,0.6,1,Sound Reasoning
qwen25_14b,alphabetical_answer_think,521,34.8,0.6,-0.6,0,Coherent Hallucination
qwen25_14b,alphabetical_answer_think,528,34.8,0.6,0.6,1,Sound Reasoning
qwen25_14b,alphabetical_answer_think,526,34.8,0.6,0.6,1,Sound Reasoning
qwen25_14b,alphabetical_answer_think,522,34.8,0.6,0.6,1,Sound Reasoning
qwen25_14b,alphabetical_answer_think,527,34.8,0.6,-0.6,0,Coherent Hallucination
qwen25_14b,alphabetical_answer_think,532,34.8,0.6,0.6,1,Sound Reasoning
qwen25_14b,alphabetical_answer_think,531,34.8,0.6,-0.6,0,Incoherent Hallucination
qwen25_14b,alphabetical_answer_think,534,34.8,0.6,0.6,1,Sound Reasoning
qwen25_14b,alphabetical_answer_think,542,46.4,0.8,0.8,1,Sound Reasoning
qwen25_14b,alphabetical_answer_think,536,34.8,0.6,0.6,1,Sound Reasoning
qwen25_14b,alphabetical_answer_think,538,34.8,0.6,0.6,1,Sound Reasoning
qwen25_14b,alphabetical_answer_think,525,34.8,0.6,-0.6,0,Incoherent Hallucination
qwen25_14b,alphabetical_answer_think,540,46.4,0.8,0.8,1,Coherent Hallucination
qwen25_14b,alphabetical_answer_think,537,34.8,0.6,-0.6,0,Incoherent Hallucination
qwen25_14b,alphabetical_answer_think,529,34.8,0.6,-0.6,0,Coherent Hallucination
qwen25_14b,alphabetical_answer_think,541,46.4,0.8,-0.8,1,Incoherent Hallucination
qwen25_14b,alphabetical_answer_think,535,34.8,0.6,-0.6,0,Incoherent Hallucination
qwen25_14b,alphabetical_answer_think,530,34.8,0.6,0.6,1,Sound Reasoning
qwen25_14b,alphabetical_answer_think,543,46.4,0.8,-0.8,0,Incoherent Hallucination
qwen25_14b,alphabetical_answer_think,533,34.8,0.6,-0.6,0,Coherent Hallucination
qwen25_14b,alphabetical_answer_think,544,46.4,0.8,0.8,1,Sound Reasoning
qwen25_14b,alphabetical_answer_think,545,46.4,0.8,-0.8,0,Contradictory Reasoning
qwen25_14b,alphabetical_answer_think,548,46.4,0.8,0.8,1,Sound Reasoning
qwen25_14b,alphabetical_answer_think,539,34.8,0.6,-0.6,0,Coherent Hallucination
qwen25_14b,alphabetical_answer_think,546,46.4,0.8,0.8,1,Sound Reasoning
qwen25_14b,alphabetical_answer_think,550,46.4,0.8,0.8,1,Sound Reasoning
qwen25_14b,alphabetical_answer_think,547,46.4,0.8,-0.8,0,Incoherent Hallucination
qwen25_14b,alphabetical_answer_think,556,46.4,0.8,0.8,1,Sound Reasoning
qwen25_14b,alphabetical_answer_think,551,46.4,0.8,-0.8,0,Incoherent Hallucination
qwen25_14b,alphabetical_answer_think,552,46.4,0.8,0.8,1,Sound Reasoning
qwen25_14b,alphabetical_answer_think,558,46.4,0.8,0.8,1,Sound Reasoning
qwen25_14b,alphabetical_answer_think,549,46.4,0.8,-0.8,0,Incoherent Hallucination
qwen25_14b,alphabetical_answer_think,557,46.4,0.8,-0.8,0,Incoherent Hallucination
qwen25_14b,alphabetical_answer_think,555,46.4,0.8,-0.8,0,Coherent Hallucination
qwen25_14b,alphabetical_answer_think,554,46.4,0.8,0.8,1,Sound Reasoning
qwen25_14b,alphabetical_answer_think,564,46.4,0.8,0.8,1,Sound Reasoning
qwen25_14b,alphabetical_answer_think,560,46.4,0.8,0.8,1,Sound Reasoning
qwen25_14b,alphabetical_answer_think,559,46.4,0.8,-0.8,0,Incoherent Hallucination
qwen25_14b,alphabetical_answer_think,553,46.4,0.8,-0.8,0,Coherent Hallucination
qwen25_14b,alphabetical_answer_think,562,46.4,0.8,0.8,1,Sound Reasoning
qwen25_14b,alphabetical_answer_think,563,46.4,0.8,-0.8,0,Incoherent Hallucination
qwen25_14b,alphabetical_answer_think,567,46.4,0.8,-0.8,0,Incoherent Hallucination
qwen25_14b,alphabetical_answer_think,569,46.4,0.8,-0.8,0,Incoherent Hallucination
qwen25_14b,alphabetical_answer_think,574,46.4,0.8,0.8,1,Sound Reasoning
qwen25_14b,alphabetical_answer_think,566,46.4,0.8,0.8,1,Sound Reasoning
qwen25_14b,alphabetical_answer_think,568,46.4,0.8,0.8,1,Sound Reasoning
qwen25_14b,alphabetical_answer_think,570,46.4,0.8,0.8,1,Sound Reasoning
qwen25_14b,alphabetical_answer_think,565,46.4,0.8,-0.8,0,Contradictory Reasoning
qwen25_14b,alphabetical_answer_think,573,46.4,0.8,0.8,1,Sound Reasoning
qwen25_14b,alphabetical_answer_think,571,46.4,0.8,-0.8,0,Coherent Hallucination
qwen25_14b,alphabetical_answer_think,561,46.4,0.8,-0.8,0,Incoherent Hallucination
qwen25_14b,alphabetical_answer_think,572,46.4,0.8,-0.8,0,Coherent Hallucination
qwen25_14b,alphabetical_answer_think,575,46.4,0.8,-0.8,0,Coherent Hallucination
qwen25_14b,alphabetical_answer_think,580,46.4,0.8,0.8,1,Coherent Hallucination
qwen25_14b,alphabetical_answer_think,576,46.4,0.8,0.8,1,Sound Reasoning
qwen25_14b,alphabetical_answer_think,582,46.4,0.8,0.8,1,Sound Reasoning
qwen25_14b,alphabetical_answer_think,581,46.4,0.8,-0.8,0,Coherent Hallucination
qwen25_14b,alphabetical_answer_think,578,46.4,0.8,0.8,1,Sound Reasoning
qwen25_14b,alphabetical_answer_think,586,46.4,0.8,0.8,1,Sound Reasoning
qwen25_14b,alphabetical_answer_think,577,46.4,0.8,-0.8,0,Coherent Hallucination
qwen25_14b,alphabetical_answer_think,583,46.4,0.8,-0.8,0,Coherent Hallucination
qwen25_14b,alphabetical_answer_think,588,46.4,0.8,0.8,1,Sound Reasoning
qwen25_14b,alphabetical_answer_think,591,46.4,0.8,-0.8,0,Coherent Hallucination
qwen25_14b,alphabetical_answer_think,579,46.4,0.8,-0.8,0,Coherent Hallucination
qwen25_14b,alphabetical_answer_think,585,46.4,0.8,-0.8,0,Incoherent Hallucination
qwen25_14b,alphabetical_answer_think,587,46.4,0.8,-0.8,0,Incoherent Hallucination
qwen25_14b,alphabetical_answer_think,584,46.4,0.8,0.8,1,Incoherent Hallucination
qwen25_14b,alphabetical_answer_think,598,46.4,0.8,0.8,1,Sound Reasoning
qwen25_14b,alphabetical_answer_think,589,46.4,0.8,-0.8,0,Coherent Hallucination
qwen25_14b,alphabetical_answer_think,594,46.4,0.8,0.8,1,Coherent Hallucination
qwen25_14b,alphabetical_answer_think,592,46.4,0.8,0.8,1,Sound Reasoning
qwen25_14b,alphabetical_answer_think,590,46.4,0.8,0.8,1,Sound Reasoning
qwen25_14b,alphabetical_answer_think,593,46.4,0.8,-0.8,0,Coherent Hallucination
qwen25_14b,alphabetical_answer_think,597,46.4,0.8,-0.8,0,Incoherent Hallucination
qwen25_14b,alphabetical_answer_think,600,58.0,1.0,1.0,1,Sound Reasoning
qwen25_14b,alphabetical_answer_think,595,46.4,0.8,-0.8,0,Coherent Hallucination
qwen25_14b,alphabetical_answer_think,599,46.4,0.8,-0.8,0,Coherent Hallucination
qwen25_14b,alphabetical_answer_think,596,46.4,0.8,0.8,1,Ambiguous/Mixed
qwen25_14b,alphabetical_answer_think,603,58.0,1.0,-1.0,0,Coherent Hallucination
qwen25_14b,alphabetical_answer_think,602,58.0,1.0,1.0,1,Sound Reasoning
qwen25_14b,alphabetical_answer_think,604,58.0,1.0,1.0,1,Sound Reasoning
qwen25_14b,alphabetical_answer_think,601,58.0,1.0,-1.0,0,Coherent Hallucination
qwen25_14b,alphabetical_answer_think,605,58.0,1.0,-1.0,0,Coherent Hallucination
qwen25_14b,alphabetical_answer_think,606,58.0,1.0,1.0,1,Sound Reasoning
qwen25_14b,alphabetical_answer_think,610,58.0,1.0,1.0,1,Sound Reasoning
qwen25_14b,alphabetical_answer_think,615,58.0,1.0,-1.0,0,Coherent Hallucination
qwen25_14b,alphabetical_answer_think,614,58.0,1.0,1.0,1,Sound Reasoning
qwen25_14b,alphabetical_answer_think,608,58.0,1.0,1.0,1,Sound Reasoning
qwen25_14b,alphabetical_answer_think,611,58.0,1.0,-1.0,0,Contradictory Reasoning
qwen25_14b,alphabetical_answer_think,616,58.0,1.0,1.0,1,Sound Reasoning
qwen25_14b,alphabetical_answer_think,609,58.0,1.0,-1.0,0,Contradictory Reasoning
qwen25_14b,alphabetical_answer_think,612,58.0,1.0,1.0,1,Sound Reasoning
qwen25_14b,alphabetical_answer_think,617,58.0,1.0,-1.0,0,Coherent Hallucination
qwen25_14b,alphabetical_answer_think,620,58.0,1.0,1.0,1,Sound Reasoning
qwen25_14b,alphabetical_answer_think,618,58.0,1.0,1.0,1,Sound Reasoning
qwen25_14b,alphabetical_answer_think,607,58.0,1.0,-1.0,0,Coherent Hallucination
qwen25_14b,alphabetical_answer_think,613,58.0,1.0,-1.0,0,Incoherent Hallucination
qwen25_14b,alphabetical_answer_think,621,58.0,1.0,-1.0,0,Contradictory Reasoning
qwen25_14b,alphabetical_answer_think,628,58.0,1.0,1.0,1,Sound Reasoning
qwen25_14b,alphabetical_answer_think,624,58.0,1.0,1.0,1,Sound Reasoning
qwen25_14b,alphabetical_answer_think,619,58.0,1.0,-1.0,0,Coherent Hallucination
qwen25_14b,alphabetical_answer_think,623,58.0,1.0,-1.0,0,Coherent Hallucination
qwen25_14b,alphabetical_answer_think,634,58.0,1.0,1.0,1,Sound Reasoning
qwen25_14b,alphabetical_answer_think,629,58.0,1.0,-1.0,0,Ambiguous/Mixed
qwen25_14b,alphabetical_answer_think,632,58.0,1.0,-1.0,0,Coherent Hallucination
qwen25_14b,alphabetical_answer_think,630,58.0,1.0,1.0,1,Sound Reasoning
qwen25_14b,alphabetical_answer_think,626,58.0,1.0,1.0,1,Sound Reasoning
qwen25_14b,alphabetical_answer_think,625,58.0,1.0,-1.0,0,Incoherent Hallucination
qwen25_14b,alphabetical_answer_think,622,58.0,1.0,1.0,1,Sound Reasoning
qwen25_14b,alphabetical_answer_think,627,58.0,1.0,-1.0,0,Coherent Hallucination
qwen25_14b,alphabetical_answer_think,635,58.0,1.0,-1.0,0,Coherent Hallucination
qwen25_14b,alphabetical_answer_think,638,58.0,1.0,1.0,1,Sound Reasoning
qwen25_14b,alphabetical_answer_think,633,58.0,1.0,1.0,1,Coherent Hallucination
qwen25_14b,alphabetical_answer_think,639,58.0,1.0,-1.0,0,Incoherent Hallucination
qwen25_14b,alphabetical_answer_think,636,58.0,1.0,1.0,1,Sound Reasoning
qwen25_14b,alphabetical_answer_think,641,58.0,1.0,-1.0,0,Coherent Hallucination
qwen25_14b,alphabetical_answer_think,637,58.0,1.0,-1.0,0,Coherent Hallucination
qwen25_14b,alphabetical_answer_think,631,58.0,1.0,-1.0,0,Coherent Hallucination
qwen25_14b,alphabetical_answer_think,642,58.0,1.0,1.0,1,Sound Reasoning
qwen25_14b,alphabetical_answer_think,640,58.0,1.0,1.0,1,Ambiguous/Mixed
qwen25_14b,alphabetical_answer_think,649,58.0,1.0,-1.0,0,Incoherent Hallucination
qwen25_14b,alphabetical_answer_think,644,58.0,1.0,1.0,1,Sound Reasoning
qwen25_14b,alphabetical_answer_think,643,58.0,1.0,-1.0,0,Incoherent Hallucination
qwen25_14b,alphabetical_answer_think,650,58.0,1.0,1.0,1,Sound Reasoning
qwen25_14b,alphabetical_answer_think,646,58.0,1.0,1.0,1,Sound Reasoning
qwen25_14b,alphabetical_answer_think,645,58.0,1.0,-1.0,0,Incoherent Hallucination
qwen25_14b,alphabetical_answer_think,648,58.0,1.0,1.0,1,Incoherent Hallucination
qwen25_14b,alphabetical_answer_think,651,58.0,1.0,-1.0,0,Coherent Hallucination
qwen25_14b,alphabetical_answer_think,656,58.0,1.0,1.0,1,Sound Reasoning
qwen25_14b,alphabetical_answer_think,647,58.0,1.0,-1.0,0,Incoherent Hallucination
qwen25_14b,alphabetical_answer_think,652,58.0,1.0,1.0,1,Incoherent Hallucination
qwen25_14b,alphabetical_answer_think,658,58.0,1.0,1.0,1,Sound Reasoning
qwen25_14b,alphabetical_answer_think,654,58.0,1.0,1.0,1,Contradictory Reasoning
qwen25_14b,alphabetical_answer_think,655,58.0,1.0,-1.0,0,Coherent Hallucination
qwen25_14b,alphabetical_answer_think,653,58.0,1.0,-1.0,0,Coherent Hallucination
qwen25_14b,alphabetical_answer_think,657,58.0,1.0,-1.0,0,Coherent Hallucination
qwen25_14b,alphabetical_answer_think,659,58.0,1.0,-1.0,0,Incoherent Hallucination
qwen25_32b,alphabetical_think_answer,14,-97.4,-1.0,-1.0,0,Contradictory Reasoning
qwen25_32b,alphabetical_think_answer,9,-97.4,-1.0,1.0,1,Sound Reasoning
qwen25_32b,alphabetical_think_answer,10,-97.4,-1.0,-1.0,0,Contradictory Reasoning
qwen25_32b,alphabetical_think_answer,17,-97.4,-1.0,1.0,1,Sound Reasoning
qwen25_32b,alphabetical_think_answer,1,-97.4,-1.0,1.0,1,Sound Reasoning
qwen25_32b,alphabetical_think_answer,13,-97.4,-1.0,1.0,1,Sound Reasoning
qwen25_32b,alphabetical_think_answer,6,-97.4,-1.0,-1.0,0,Contradictory Reasoning
qwen25_32b,alphabetical_think_answer,5,-97.4,-1.0,1.0,1,Sound Reasoning
qwen25_32b,alphabetical_think_answer,8,-97.4,-1.0,-1.0,0,Contradictory Reasoning
qwen25_32b,alphabetical_think_answer,3,-97.4,-1.0,1.0,1,Sound Reasoning
qwen25_32b,alphabetical_think_answer,4,-97.4,-1.0,-1.0,0,Contradictory Reasoning
qwen25_32b,alphabetical_think_answer,7,-97.4,-1.0,1.0,1,Sound Reasoning
qwen25_32b,alphabetical_think_answer,2,-97.4,-1.0,-1.0,0,Contradictory Reasoning
qwen25_32b,alphabetical_think_answer,12,-97.4,-1.0,-1.0,0,Contradictory Reasoning
qwen25_32b,alphabetical_think_answer,18,-97.4,-1.0,-1.0,0,Contradictory Reasoning
qwen25_32b,alphabetical_think_answer,19,-97.4,-1.0,1.0,1,Sound Reasoning
qwen25_32b,alphabetical_think_answer,15,-97.4,-1.0,1.0,1,Sound Reasoning
qwen25_32b,alphabetical_think_answer,16,-97.4,-1.0,-1.0,0,Contradictory Reasoning
qwen25_32b,alphabetical_think_answer,11,-97.4,-1.0,1.0,1,Sound Reasoning
qwen25_32b,alphabetical_think_answer,21,-97.4,-1.0,1.0,1,Sound Reasoning
qwen25_32b,alphabetical_think_answer,23,-97.4,-1.0,1.0,1,Sound Reasoning
qwen25_32b,alphabetical_think_answer,26,-97.4,-1.0,-1.0,0,Contradictory Reasoning
qwen25_32b,alphabetical_think_answer,24,-97.4,-1.0,-1.0,0,Contradictory Reasoning
qwen25_32b,alphabetical_think_answer,25,-97.4,-1.0,1.0,1,Sound Reasoning
qwen25_32b,alphabetical_think_answer,20,-97.4,-1.0,-1.0,0,Coherent Hallucination
qwen25_32b,alphabetical_think_answer,30,-97.4,-1.0,-1.0,0,Contradictory Reasoning
qwen25_32b,alphabetical_think_answer,0,-97.4,-1.0,-1.0,0,Contradictory Reasoning
qwen25_32b,alphabetical_think_answer,31,-97.4,-1.0,1.0,1,Sound Reasoning
qwen25_32b,alphabetical_think_answer,32,-97.4,-1.0,1.0,1,Sound Reasoning
qwen25_32b,alphabetical_think_answer,29,-97.4,-1.0,1.0,1,Sound Reasoning
qwen25_32b,alphabetical_think_answer,35,-97.4,-1.0,1.0,1,Sound Reasoning
qwen25_32b,alphabetical_think_answer,34,-97.4,-1.0,-1.0,0,Contradictory Reasoning
qwen25_32b,alphabetical_think_answer,28,-97.4,-1.0,-1.0,0,Contradictory Reasoning
qwen25_32b,alphabetical_think_answer,27,-97.4,-1.0,1.0,1,Sound Reasoning
qwen25_32b,alphabetical_think_answer,22,-97.4,-1.0,-1.0,0,Coherent Hallucination
qwen25_32b,alphabetical_think_answer,33,-97.4,-1.0,-1.0,0,Contradictory Reasoning
qwen25_32b,alphabetical_think_answer,36,-97.4,-1.0,-1.0,0,Contradictory Reasoning
qwen25_32b,alphabetical_think_answer,38,-97.4,-1.0,-1.0,0,Contradictory Reasoning
qwen25_32b,alphabetical_think_answer,37,-97.4,-1.0,1.0,1,Sound Reasoning
qwen25_32b,alphabetical_think_answer,39,-97.4,-1.0,1.0,1,Sound Reasoning
qwen25_32b,alphabetical_think_answer,41,-97.4,-1.0,1.0,1,Sound Reasoning
qwen25_32b,alphabetical_think_answer,43,-97.4,-1.0,1.0,1,Sound Reasoning
qwen25_32b,alphabetical_think_answer,46,-97.4,-1.0,-1.0,0,Contradictory Reasoning
qwen25_32b,alphabetical_think_answer,45,-97.4,-1.0,1.0,1,Sound Reasoning
qwen25_32b,alphabetical_think_answer,52,-97.4,-1.0,-1.0,0,Contradictory Reasoning
qwen25_32b,alphabetical_think_answer,47,-97.4,-1.0,1.0,1,Sound Reasoning
qwen25_32b,alphabetical_think_answer,42,-97.4,-1.0,-1.0,0,Contradictory Reasoning
qwen25_32b,alphabetical_think_answer,48,-97.4,-1.0,-1.0,0,Contradictory Reasoning
qwen25_32b,alphabetical_think_answer,40,-97.4,-1.0,-1.0,0,Contradictory Reasoning
qwen25_32b,alphabetical_think_answer,56,-97.4,-1.0,-1.0,0,Contradictory Reasoning
qwen25_32b,alphabetical_think_answer,49,-97.4,-1.0,1.0,1,Sound Reasoning
qwen25_32b,alphabetical_think_answer,51,-97.4,-1.0,1.0,1,Sound Reasoning
qwen25_32b,alphabetical_think_answer,53,-97.4,-1.0,1.0,1,Sound Reasoning
qwen25_32b,alphabetical_think_answer,50,-97.4,-1.0,-1.0,0,Contradictory Reasoning
qwen25_32b,alphabetical_think_answer,55,-97.4,-1.0,1.0,1,Sound Reasoning
qwen25_32b,alphabetical_think_answer,54,-97.4,-1.0,-1.0,0,Contradictory Reasoning
qwen25_32b,alphabetical_think_answer,44,-97.4,-1.0,-1.0,0,Contradictory Reasoning
qwen25_32b,alphabetical_think_answer,61,-77.92,-0.8,0.8,1,Sound Reasoning
qwen25_32b,alphabetical_think_answer,62,-77.92,-0.8,-0.8,0,Contradictory Reasoning
qwen25_32b,alphabetical_think_answer,58,-97.4,-1.0,-1.0,0,Contradictory Reasoning
qwen25_32b,alphabetical_think_answer,57,-97.4,-1.0,1.0,1,Sound Reasoning
qwen25_32b,alphabetical_think_answer,63,-77.92,-0.8,0.8,1,Sound Reasoning
qwen25_32b,alphabetical_think_answer,65,-77.92,-0.8,0.8,1,Sound Reasoning
qwen25_32b,alphabetical_think_answer,60,-77.92,-0.8,-0.8,0,Contradictory Reasoning
qwen25_32b,alphabetical_think_answer,68,-77.92,-0.8,-0.8,0,Contradictory Reasoning
qwen25_32b,alphabetical_think_answer,75,-77.92,-0.8,0.8,1,Sound Reasoning
qwen25_32b,alphabetical_think_answer,71,-77.92,-0.8,0.8,1,Sound Reasoning
qwen25_32b,alphabetical_think_answer,64,-77.92,-0.8,-0.8,0,Contradictory Reasoning
qwen25_32b,alphabetical_think_answer,73,-77.92,-0.8,0.8,1,Sound Reasoning
qwen25_32b,alphabetical_think_answer,59,-97.4,-1.0,1.0,1,Sound Reasoning
qwen25_32b,alphabetical_think_answer,69,-77.92,-0.8,0.8,1,Sound Reasoning
qwen25_32b,alphabetical_think_answer,66,-77.92,-0.8,-0.8,0,Contradictory Reasoning
qwen25_32b,alphabetical_think_answer,72,-77.92,-0.8,-0.8,0,Contradictory Reasoning
qwen25_32b,alphabetical_think_answer,74,-77.92,-0.8,-0.8,0,Contradictory Reasoning
qwen25_32b,alphabetical_think_answer,77,-77.92,-0.8,0.8,1,Sound Reasoning
qwen25_32b,alphabetical_think_answer,67,-77.92,-0.8,0.8,1,Sound Reasoning
qwen25_32b,alphabetical_think_answer,76,-77.92,-0.8,-0.8,0,Contradictory Reasoning
qwen25_32b,alphabetical_think_answer,81,-77.92,-0.8,0.8,1,Sound Reasoning
qwen25_32b,alphabetical_think_answer,70,-77.92,-0.8,-0.8,0,Contradictory Reasoning
qwen25_32b,alphabetical_think_answer,78,-77.92,-0.8,-0.8,0,Contradictory Reasoning
qwen25_32b,alphabetical_think_answer,79,-77.92,-0.8,0.8,1,Sound Reasoning
qwen25_32b,alphabetical_think_answer,86,-77.92,-0.8,-0.8,0,Contradictory Reasoning
qwen25_32b,alphabetical_think_answer,87,-77.92,-0.8,0.8,1,Sound Reasoning
qwen25_32b,alphabetical_think_answer,80,-77.92,-0.8,-0.8,0,Contradictory Reasoning
qwen25_32b,alphabetical_think_answer,84,-77.92,-0.8,-0.8,0,Contradictory Reasoning
qwen25_32b,alphabetical_think_answer,83,-77.92,-0.8,0.8,1,Sound Reasoning
qwen25_32b,alphabetical_think_answer,91,-77.92,-0.8,0.8,1,Sound Reasoning
qwen25_32b,alphabetical_think_answer,82,-77.92,-0.8,-0.8,0,Coherent Hallucination
qwen25_32b,alphabetical_think_answer,88,-77.92,-0.8,-0.8,0,Contradictory Reasoning
qwen25_32b,alphabetical_think_answer,94,-77.92,-0.8,-0.8,0,Contradictory Reasoning
qwen25_32b,alphabetical_think_answer,96,-77.92,-0.8,-0.8,0,Contradictory Reasoning
qwen25_32b,alphabetical_think_answer,95,-77.92,-0.8,0.8,1,Sound Reasoning
qwen25_32b,alphabetical_think_answer,89,-77.92,-0.8,0.8,1,Sound Reasoning
qwen25_32b,alphabetical_think_answer,90,-77.92,-0.8,-0.8,0,Contradictory Reasoning
qwen25_32b,alphabetical_think_answer,97,-77.92,-0.8,0.8,1,Sound Reasoning
qwen25_32b,alphabetical_think_answer,93,-77.92,-0.8,-0.8,0,Contradictory Reasoning
qwen25_32b,alphabetical_think_answer,85,-77.92,-0.8,0.8,1,Sound Reasoning
qwen25_32b,alphabetical_think_answer,103,-77.92,-0.8,0.8,1,Sound Reasoning
qwen25_32b,alphabetical_think_answer,92,-77.92,-0.8,0.8,1,Sound Reasoning
qwen25_32b,alphabetical_think_answer,105,-77.92,-0.8,0.8,1,Sound Reasoning
qwen25_32b,alphabetical_think_answer,101,-77.92,-0.8,0.8,1,Sound Reasoning
qwen25_32b,alphabetical_think_answer,98,-77.92,-0.8,-0.8,0,Contradictory Reasoning
qwen25_32b,alphabetical_think_answer,99,-77.92,-0.8,0.8,1,Sound Reasoning
qwen25_32b,alphabetical_think_answer,100,-77.92,-0.8,-0.8,0,Contradictory Reasoning
qwen25_32b,alphabetical_think_answer,111,-77.92,-0.8,0.8,1,Sound Reasoning
qwen25_32b,alphabetical_think_answer,113,-77.92,-0.8,0.8,1,Sound Reasoning
qwen25_32b,alphabetical_think_answer,110,-77.92,-0.8,-0.8,0,Contradictory Reasoning
qwen25_32b,alphabetical_think_answer,108,-77.92,-0.8,-0.8,0,Contradictory Reasoning
qwen25_32b,alphabetical_think_answer,102,-77.92,-0.8,-0.8,0,Contradictory Reasoning
qwen25_32b,alphabetical_think_answer,112,-77.92,-0.8,-0.8,0,Contradictory Reasoning
qwen25_32b,alphabetical_think_answer,104,-77.92,-0.8,-0.8,0,Contradictory Reasoning
qwen25_32b,alphabetical_think_answer,106,-77.92,-0.8,-0.8,0,Contradictory Reasoning
qwen25_32b,alphabetical_think_answer,109,-77.92,-0.8,0.8,1,Sound Reasoning
qwen25_32b,alphabetical_think_answer,117,-77.92,-0.8,0.8,1,Sound Reasoning
qwen25_32b,alphabetical_think_answer,114,-77.92,-0.8,-0.8,0,Contradictory Reasoning
qwen25_32b,alphabetical_think_answer,118,-77.92,-0.8,-0.8,0,Contradictory Reasoning
qwen25_32b,alphabetical_think_answer,107,-77.92,-0.8,0.8,1,Sound Reasoning
qwen25_32b,alphabetical_think_answer,116,-77.92,-0.8,-0.8,0,Contradictory Reasoning
qwen25_32b,alphabetical_think_answer,115,-77.92,-0.8,0.8,1,Sound Reasoning
qwen25_32b,alphabetical_think_answer,122,-58.44,-0.6,-0.6,1,Sound Reasoning
qwen25_32b,alphabetical_think_answer,123,-58.44,-0.6,0.6,1,Sound Reasoning
qwen25_32b,alphabetical_think_answer,121,-58.44,-0.6,0.6,1,Sound Reasoning
qwen25_32b,alphabetical_think_answer,124,-58.44,-0.6,-0.6,1,Sound Reasoning
qwen25_32b,alphabetical_think_answer,120,-58.44,-0.6,-0.6,1,Sound Reasoning
qwen25_32b,alphabetical_think_answer,119,-77.92,-0.8,0.8,1,Sound Reasoning
qwen25_32b,alphabetical_think_answer,126,-58.44,-0.6,-0.6,0,Contradictory Reasoning
qwen25_32b,alphabetical_think_answer,125,-58.44,-0.6,0.6,1,Sound Reasoning
qwen25_32b,alphabetical_think_answer,135,-58.44,-0.6,0.6,1,Sound Reasoning
qwen25_32b,alphabetical_think_answer,133,-58.44,-0.6,0.6,1,Sound Reasoning
qwen25_32b,alphabetical_think_answer,128,-58.44,-0.6,-0.6,1,Sound Reasoning
qwen25_32b,alphabetical_think_answer,129,-58.44,-0.6,0.6,1,Sound Reasoning
qwen25_32b,alphabetical_think_answer,131,-58.44,-0.6,0.6,1,Sound Reasoning
qwen25_32b,alphabetical_think_answer,130,-58.44,-0.6,-0.6,1,Sound Reasoning
qwen25_32b,alphabetical_think_answer,138,-58.44,-0.6,-0.6,0,Contradictory Reasoning
qwen25_32b,alphabetical_think_answer,127,-58.44,-0.6,0.6,1,Sound Reasoning
qwen25_32b,alphabetical_think_answer,137,-58.44,-0.6,0.6,1,Sound Reasoning
qwen25_32b,alphabetical_think_answer,132,-58.44,-0.6,-0.6,1,Sound Reasoning
qwen25_32b,alphabetical_think_answer,140,-58.44,-0.6,-0.6,0,Contradictory Reasoning
qwen25_32b,alphabetical_think_answer,139,-58.44,-0.6,0.6,1,Sound Reasoning
qwen25_32b,alphabetical_think_answer,141,-58.44,-0.6,0.6,1,Sound Reasoning
qwen25_32b,alphabetical_think_answer,134,-58.44,-0.6,-0.6,1,Sound Reasoning
qwen25_32b,alphabetical_think_answer,136,-58.44,-0.6,-0.6,1,Sound Reasoning
qwen25_32b,alphabetical_think_answer,142,-58.44,-0.6,-0.6,0,Coherent Hallucination
qwen25_32b,alphabetical_think_answer,143,-58.44,-0.6,0.6,1,Sound Reasoning
qwen25_32b,alphabetical_think_answer,148,-58.44,-0.6,-0.6,1,Sound Reasoning
qwen25_32b,alphabetical_think_answer,144,-58.44,-0.6,-0.6,1,Sound Reasoning
qwen25_32b,alphabetical_think_answer,149,-58.44,-0.6,0.6,1,Sound Reasoning
qwen25_32b,alphabetical_think_answer,146,-58.44,-0.6,-0.6,1,Sound Reasoning
qwen25_32b,alphabetical_think_answer,155,-58.44,-0.6,0.6,1,Sound Reasoning
qwen25_32b,alphabetical_think_answer,145,-58.44,-0.6,0.6,1,Sound Reasoning
qwen25_32b,alphabetical_think_answer,153,-58.44,-0.6,-0.6,0,Contradictory Reasoning
qwen25_32b,alphabetical_think_answer,151,-58.44,-0.6,0.6,1,Sound Reasoning
qwen25_32b,alphabetical_think_answer,147,-58.44,-0.6,0.6,1,Sound Reasoning
qwen25_32b,alphabetical_think_answer,158,-58.44,-0.6,-0.6,0,Contradictory Reasoning
qwen25_32b,alphabetical_think_answer,154,-58.44,-0.6,-0.6,1,Sound Reasoning
qwen25_32b,alphabetical_think_answer,156,-58.44,-0.6,-0.6,1,Sound Reasoning
qwen25_32b,alphabetical_think_answer,157,-58.44,-0.6,0.6,1,Sound Reasoning
qwen25_32b,alphabetical_think_answer,161,-58.44,-0.6,0.6,1,Sound Reasoning
qwen25_32b,alphabetical_think_answer,160,-58.44,-0.6,-0.6,1,Sound Reasoning
qwen25_32b,alphabetical_think_answer,159,-58.44,-0.6,0.6,1,Sound Reasoning
qwen25_32b,alphabetical_think_answer,150,-58.44,-0.6,-0.6,1,Sound Reasoning
qwen25_32b,alphabetical_think_answer,164,-58.44,-0.6,-0.6,1,Sound Reasoning
qwen25_32b,alphabetical_think_answer,152,-58.44,-0.6,0.6,1,Sound Reasoning
qwen25_32b,alphabetical_think_answer,162,-58.44,-0.6,-0.6,1,Sound Reasoning
qwen25_32b,alphabetical_think_answer,163,-58.44,-0.6,0.6,1,Sound Reasoning
qwen25_32b,alphabetical_think_answer,168,-58.44,-0.6,-0.6,0,Contradictory Reasoning
qwen25_32b,alphabetical_think_answer,165,-58.44,-0.6,0.6,1,Sound Reasoning
qwen25_32b,alphabetical_think_answer,166,-58.44,-0.6,-0.6,1,Sound Reasoning
qwen25_32b,alphabetical_think_answer,174,-58.44,-0.6,-0.6,1,Sound Reasoning
qwen25_32b,alphabetical_think_answer,171,-58.44,-0.6,0.6,1,Sound Reasoning
qwen25_32b,alphabetical_think_answer,167,-58.44,-0.6,0.6,1,Sound Reasoning
qwen25_32b,alphabetical_think_answer,170,-58.44,-0.6,-0.6,1,Sound Reasoning
qwen25_32b,alphabetical_think_answer,178,-58.44,-0.6,-0.6,1,Sound Reasoning
qwen25_32b,alphabetical_think_answer,185,-38.96,-0.4,0.4,1,Sound Reasoning
qwen25_32b,alphabetical_think_answer,175,-58.44,-0.6,0.6,1,Sound Reasoning
qwen25_32b,alphabetical_think_answer,173,-58.44,-0.6,0.6,1,Sound Reasoning
qwen25_32b,alphabetical_think_answer,176,-58.44,-0.6,-0.6,1,Sound Reasoning
qwen25_32b,alphabetical_think_answer,172,-58.44,-0.6,-0.6,1,Sound Reasoning
qwen25_32b,alphabetical_think_answer,180,-38.96,-0.4,-0.4,1,Sound Reasoning
qwen25_32b,alphabetical_think_answer,179,-58.44,-0.6,0.6,1,Sound Reasoning
qwen25_32b,alphabetical_think_answer,182,-38.96,-0.4,-0.4,1,Sound Reasoning
qwen25_32b,alphabetical_think_answer,169,-58.44,-0.6,0.6,1,Sound Reasoning
qwen25_32b,alphabetical_think_answer,177,-58.44,-0.6,0.6,1,Sound Reasoning
qwen25_32b,alphabetical_think_answer,192,-38.96,-0.4,-0.4,1,Sound Reasoning
qwen25_32b,alphabetical_think_answer,183,-38.96,-0.4,0.4,1,Sound Reasoning
qwen25_32b,alphabetical_think_answer,181,-38.96,-0.4,0.4,1,Sound Reasoning
qwen25_32b,alphabetical_think_answer,184,-38.96,-0.4,-0.4,1,Sound Reasoning
qwen25_32b,alphabetical_think_answer,189,-38.96,-0.4,0.4,1,Sound Reasoning
qwen25_32b,alphabetical_think_answer,188,-38.96,-0.4,-0.4,1,Sound Reasoning
qwen25_32b,alphabetical_think_answer,186,-38.96,-0.4,-0.4,1,Sound Reasoning
qwen25_32b,alphabetical_think_answer,190,-38.96,-0.4,-0.4,1,Sound Reasoning
qwen25_32b,alphabetical_think_answer,191,-38.96,-0.4,0.4,1,Sound Reasoning
qwen25_32b,alphabetical_think_answer,193,-38.96,-0.4,0.4,1,Sound Reasoning
qwen25_32b,alphabetical_think_answer,205,-38.96,-0.4,0.4,1,Sound Reasoning
qwen25_32b,alphabetical_think_answer,195,-38.96,-0.4,0.4,1,Sound Reasoning
qwen25_32b,alphabetical_think_answer,187,-38.96,-0.4,0.4,1,Sound Reasoning
qwen25_32b,alphabetical_think_answer,199,-38.96,-0.4,0.4,1,Sound Reasoning
qwen25_32b,alphabetical_think_answer,201,-38.96,-0.4,0.4,1,Sound Reasoning
qwen25_32b,alphabetical_think_answer,197,-38.96,-0.4,0.4,1,Sound Reasoning
qwen25_32b,alphabetical_think_answer,200,-38.96,-0.4,-0.4,1,Sound Reasoning
qwen25_32b,alphabetical_think_answer,202,-38.96,-0.4,-0.4,0,Coherent Hallucination
qwen25_32b,alphabetical_think_answer,203,-38.96,-0.4,0.4,1,Sound Reasoning
qwen25_32b,alphabetical_think_answer,194,-38.96,-0.4,-0.4,1,Sound Reasoning
qwen25_32b,alphabetical_think_answer,198,-38.96,-0.4,-0.4,1,Sound Reasoning
qwen25_32b,alphabetical_think_answer,196,-38.96,-0.4,-0.4,1,Sound Reasoning
qwen25_32b,alphabetical_think_answer,206,-38.96,-0.4,-0.4,1,Sound Reasoning
qwen25_32b,alphabetical_think_answer,204,-38.96,-0.4,-0.4,1,Sound Reasoning
qwen25_32b,alphabetical_think_answer,207,-38.96,-0.4,0.4,1,Sound Reasoning
qwen25_32b,alphabetical_think_answer,208,-38.96,-0.4,-0.4,1,Sound Reasoning
qwen25_32b,alphabetical_think_answer,209,-38.96,-0.4,0.4,1,Sound Reasoning
qwen25_32b,alphabetical_think_answer,211,-38.96,-0.4,0.4,1,Sound Reasoning
qwen25_32b,alphabetical_think_answer,217,-38.96,-0.4,0.4,1,Sound Reasoning
qwen25_32b,alphabetical_think_answer,214,-38.96,-0.4,-0.4,1,Sound Reasoning
qwen25_32b,alphabetical_think_answer,218,-38.96,-0.4,-0.4,1,Sound Reasoning
qwen25_32b,alphabetical_think_answer,212,-38.96,-0.4,0.4,1,Sound Reasoning
qwen25_32b,alphabetical_think_answer,215,-38.96,-0.4,0.4,1,Sound Reasoning
qwen25_32b,alphabetical_think_answer,225,-38.96,-0.4,0.4,1,Sound Reasoning
qwen25_32b,alphabetical_think_answer,216,-38.96,-0.4,-0.4,1,Sound Reasoning
qwen25_32b,alphabetical_think_answer,223,-38.96,-0.4,0.4,1,Sound Reasoning
qwen25_32b,alphabetical_think_answer,219,-38.96,-0.4,0.4,1,Sound Reasoning
qwen25_32b,alphabetical_think_answer,213,-38.96,-0.4,-0.4,1,Sound Reasoning
qwen25_32b,alphabetical_think_answer,210,-38.96,-0.4,-0.4,1,Sound Reasoning
qwen25_32b,alphabetical_think_answer,221,-38.96,-0.4,0.4,1,Sound Reasoning
qwen25_32b,alphabetical_think_answer,220,-38.96,-0.4,-0.4,1,Sound Reasoning
qwen25_32b,alphabetical_think_answer,224,-38.96,-0.4,-0.4,1,Sound Reasoning
qwen25_32b,alphabetical_think_answer,227,-38.96,-0.4,0.4,1,Sound Reasoning
qwen25_32b,alphabetical_think_answer,222,-38.96,-0.4,-0.4,1,Sound Reasoning
qwen25_32b,alphabetical_think_answer,241,-19.48,-0.2,0.2,1,Sound Reasoning
qwen25_32b,alphabetical_think_answer,226,-38.96,-0.4,-0.4,1,Sound Reasoning
qwen25_32b,alphabetical_think_answer,234,-38.96,-0.4,-0.4,1,Sound Reasoning
qwen25_32b,alphabetical_think_answer,229,-38.96,-0.4,0.4,1,Sound Reasoning
qwen25_32b,alphabetical_think_answer,235,-38.96,-0.4,0.4,1,Sound Reasoning
qwen25_32b,alphabetical_think_answer,228,-38.96,-0.4,-0.4,1,Sound Reasoning
qwen25_32b,alphabetical_think_answer,233,-38.96,-0.4,0.4,1,Contradictory Reasoning
qwen25_32b,alphabetical_think_answer,232,-38.96,-0.4,-0.4,1,Sound Reasoning
qwen25_32b,alphabetical_think_answer,231,-38.96,-0.4,0.4,1,Sound Reasoning
qwen25_32b,alphabetical_think_answer,239,-38.96,-0.4,0.4,1,Sound Reasoning
qwen25_32b,alphabetical_think_answer,237,-38.96,-0.4,0.4,1,Sound Reasoning
qwen25_32b,alphabetical_think_answer,242,-19.48,-0.2,-0.2,1,Sound Reasoning
qwen25_32b,alphabetical_think_answer,243,-19.48,-0.2,0.2,1,Sound Reasoning
qwen25_32b,alphabetical_think_answer,240,-19.48,-0.2,-0.2,1,Sound Reasoning
qwen25_32b,alphabetical_think_answer,230,-38.96,-0.4,-0.4,1,Sound Reasoning
qwen25_32b,alphabetical_think_answer,236,-38.96,-0.4,-0.4,1,Sound Reasoning
qwen25_32b,alphabetical_think_answer,245,-19.48,-0.2,0.2,1,Sound Reasoning
qwen25_32b,alphabetical_think_answer,238,-38.96,-0.4,-0.4,1,Sound Reasoning
qwen25_32b,alphabetical_think_answer,250,-19.48,-0.2,-0.2,1,Sound Reasoning
qwen25_32b,alphabetical_think_answer,249,-19.48,-0.2,0.2,1,Sound Reasoning
qwen25_32b,alphabetical_think_answer,259,-19.48,-0.2,0.2,1,Sound Reasoning
qwen25_32b,alphabetical_think_answer,254,-19.48,-0.2,-0.2,1,Sound Reasoning
qwen25_32b,alphabetical_think_answer,248,-19.48,-0.2,-0.2,1,Sound Reasoning
qwen25_32b,alphabetical_think_answer,244,-19.48,-0.2,-0.2,1,Sound Reasoning
qwen25_32b,alphabetical_think_answer,246,-19.48,-0.2,-0.2,1,Sound Reasoning
qwen25_32b,alphabetical_think_answer,251,-19.48,-0.2,0.2,1,Sound Reasoning
qwen25_32b,alphabetical_think_answer,252,-19.48,-0.2,-0.2,1,Sound Reasoning
qwen25_32b,alphabetical_think_answer,255,-19.48,-0.2,0.2,1,Sound Reasoning
qwen25_32b,alphabetical_think_answer,247,-19.48,-0.2,0.2,1,Sound Reasoning
qwen25_32b,alphabetical_think_answer,256,-19.48,-0.2,-0.2,1,Sound Reasoning
qwen25_32b,alphabetical_think_answer,257,-19.48,-0.2,0.2,1,Sound Reasoning
qwen25_32b,alphabetical_think_answer,261,-19.48,-0.2,0.2,1,Sound Reasoning
qwen25_32b,alphabetical_think_answer,253,-19.48,-0.2,0.2,1,Sound Reasoning
qwen25_32b,alphabetical_think_answer,262,-19.48,-0.2,-0.2,1,Sound Reasoning
qwen25_32b,alphabetical_think_answer,258,-19.48,-0.2,-0.2,1,Sound Reasoning
qwen25_32b,alphabetical_think_answer,260,-19.48,-0.2,-0.2,1,Sound Reasoning
qwen25_32b,alphabetical_think_answer,264,-19.48,-0.2,-0.2,1,Sound Reasoning
qwen25_32b,alphabetical_think_answer,265,-19.48,-0.2,0.2,1,Sound Reasoning
qwen25_32b,alphabetical_think_answer,270,-19.48,-0.2,-0.2,1,Sound Reasoning
qwen25_32b,alphabetical_think_answer,267,-19.48,-0.2,0.2,1,Sound Reasoning
qwen25_32b,alphabetical_think_answer,269,-19.48,-0.2,0.2,1,Sound Reasoning
qwen25_32b,alphabetical_think_answer,271,-19.48,-0.2,0.2,1,Sound Reasoning
qwen25_32b,alphabetical_think_answer,268,-19.48,-0.2,-0.2,1,Sound Reasoning
qwen25_32b,alphabetical_think_answer,276,-19.48,-0.2,-0.2,1,Sound Reasoning
qwen25_32b,alphabetical_think_answer,266,-19.48,-0.2,-0.2,1,Sound Reasoning
qwen25_32b,alphabetical_think_answer,263,-19.48,-0.2,0.2,1,Sound Reasoning
qwen25_32b,alphabetical_think_answer,274,-19.48,-0.2,-0.2,1,Sound Reasoning
qwen25_32b,alphabetical_think_answer,281,-19.48,-0.2,0.2,1,Sound Reasoning
qwen25_32b,alphabetical_think_answer,277,-19.48,-0.2,0.2,1,Sound Reasoning
qwen25_32b,alphabetical_think_answer,282,-19.48,-0.2,-0.2,1,Sound Reasoning
qwen25_32b,alphabetical_think_answer,280,-19.48,-0.2,-0.2,1,Sound Reasoning
qwen25_32b,alphabetical_think_answer,278,-19.48,-0.2,-0.2,1,Sound Reasoning
qwen25_32b,alphabetical_think_answer,273,-19.48,-0.2,-0.2,0,Sound Reasoning
qwen25_32b,alphabetical_think_answer,283,-19.48,-0.2,0.2,1,Sound Reasoning
qwen25_32b,alphabetical_think_answer,279,-19.48,-0.2,0.2,1,Sound Reasoning
qwen25_32b,alphabetical_think_answer,275,-19.48,-0.2,0.2,1,Sound Reasoning
qwen25_32b,alphabetical_think_answer,292,-19.48,-0.2,-0.2,1,Sound Reasoning
qwen25_32b,alphabetical_think_answer,272,-19.48,-0.2,0.2,1,Coherent Hallucination
qwen25_32b,alphabetical_think_answer,286,-19.48,-0.2,-0.2,1,Sound Reasoning
qwen25_32b,alphabetical_think_answer,288,-19.48,-0.2,-0.2,1,Sound Reasoning
qwen25_32b,alphabetical_think_answer,290,-19.48,-0.2,-0.2,1,Sound Reasoning
qwen25_32b,alphabetical_think_answer,291,-19.48,-0.2,0.2,1,Sound Reasoning
qwen25_32b,alphabetical_think_answer,287,-19.48,-0.2,0.2,1,Sound Reasoning
qwen25_32b,alphabetical_think_answer,284,-19.48,-0.2,-0.2,1,Sound Reasoning
qwen25_32b,alphabetical_think_answer,285,-19.48,-0.2,0.2,1,Sound Reasoning
qwen25_32b,alphabetical_think_answer,294,-19.48,-0.2,-0.2,1,Sound Reasoning
qwen25_32b,alphabetical_think_answer,289,-19.48,-0.2,0.2,0,Sound Reasoning
qwen25_32b,alphabetical_think_answer,295,-19.48,-0.2,0.2,1,Sound Reasoning
qwen25_32b,alphabetical_think_answer,305,0.0,0.0,-0.0,1,Sound Reasoning
qwen25_32b,alphabetical_think_answer,293,-19.48,-0.2,0.2,0,Coherent Hallucination
qwen25_32b,alphabetical_think_answer,307,0.0,0.0,-0.0,1,Sound Reasoning
qwen25_32b,alphabetical_think_answer,300,0.0,0.0,0.0,1,Sound Reasoning
qwen25_32b,alphabetical_think_answer,304,0.0,0.0,0.0,1,Sound Reasoning
qwen25_32b,alphabetical_think_answer,296,-19.48,-0.2,-0.2,1,Sound Reasoning
qwen25_32b,alphabetical_think_answer,302,0.0,0.0,0.0,1,Sound Reasoning
qwen25_32b,alphabetical_think_answer,299,-19.48,-0.2,0.2,1,Sound Reasoning
qwen25_32b,alphabetical_think_answer,298,-19.48,-0.2,-0.2,1,Sound Reasoning
qwen25_32b,alphabetical_think_answer,297,-19.48,-0.2,0.2,1,Sound Reasoning
qwen25_32b,alphabetical_think_answer,312,0.0,0.0,0.0,1,Sound Reasoning
qwen25_32b,alphabetical_think_answer,308,0.0,0.0,0.0,1,Sound Reasoning
qwen25_32b,alphabetical_think_answer,303,0.0,0.0,-0.0,1,Sound Reasoning
qwen25_32b,alphabetical_think_answer,301,0.0,0.0,-0.0,1,Sound Reasoning
qwen25_32b,alphabetical_think_answer,310,0.0,0.0,0.0,1,Sound Reasoning
qwen25_32b,alphabetical_think_answer,306,0.0,0.0,0.0,1,Sound Reasoning
qwen25_32b,alphabetical_think_answer,314,0.0,0.0,0.0,1,Sound Reasoning
qwen25_32b,alphabetical_think_answer,309,0.0,0.0,-0.0,1,Sound Reasoning
qwen25_32b,alphabetical_think_answer,316,0.0,0.0,0.0,1,Sound Reasoning
qwen25_32b,alphabetical_think_answer,313,0.0,0.0,-0.0,1,Sound Reasoning
qwen25_32b,alphabetical_think_answer,311,0.0,0.0,-0.0,1,Sound Reasoning
qwen25_32b,alphabetical_think_answer,318,0.0,0.0,0.0,1,Sound Reasoning
qwen25_32b,alphabetical_think_answer,324,0.0,0.0,0.0,1,Sound Reasoning
qwen25_32b,alphabetical_think_answer,320,0.0,0.0,0.0,1,Sound Reasoning
qwen25_32b,alphabetical_think_answer,315,0.0,0.0,-0.0,1,Sound Reasoning
qwen25_32b,alphabetical_think_answer,321,0.0,0.0,-0.0,1,Sound Reasoning
qwen25_32b,alphabetical_think_answer,319,0.0,0.0,-0.0,1,Sound Reasoning
qwen25_32b,alphabetical_think_answer,317,0.0,0.0,-0.0,1,Sound Reasoning
qwen25_32b,alphabetical_think_answer,325,0.0,0.0,-0.0,1,Sound Reasoning
qwen25_32b,alphabetical_think_answer,323,0.0,0.0,-0.0,1,Sound Reasoning
qwen25_32b,alphabetical_think_answer,329,0.0,0.0,-0.0,1,Sound Reasoning
qwen25_32b,alphabetical_think_answer,330,0.0,0.0,0.0,1,Sound Reasoning
qwen25_32b,alphabetical_think_answer,327,0.0,0.0,-0.0,1,Sound Reasoning
qwen25_32b,alphabetical_think_answer,331,0.0,0.0,-0.0,1,Sound Reasoning
qwen25_32b,alphabetical_think_answer,336,0.0,0.0,0.0,1,Sound Reasoning
qwen25_32b,alphabetical_think_answer,326,0.0,0.0,0.0,1,Sound Reasoning
qwen25_32b,alphabetical_think_answer,328,0.0,0.0,0.0,1,Sound Reasoning
qwen25_32b,alphabetical_think_answer,332,0.0,0.0,-0.0,1,Sound Reasoning
qwen25_32b,alphabetical_think_answer,338,0.0,0.0,0.0,1,Sound Reasoning
qwen25_32b,alphabetical_think_answer,337,0.0,0.0,-0.0,1,Sound Reasoning
qwen25_32b,alphabetical_think_answer,322,0.0,0.0,0.0,1,Sound Reasoning
qwen25_32b,alphabetical_think_answer,342,0.0,0.0,0.0,1,Sound Reasoning
qwen25_32b,alphabetical_think_answer,335,0.0,0.0,-0.0,1,Sound Reasoning
qwen25_32b,alphabetical_think_answer,339,0.0,0.0,-0.0,1,Sound Reasoning
qwen25_32b,alphabetical_think_answer,334,0.0,0.0,0.0,1,Sound Reasoning
qwen25_32b,alphabetical_think_answer,341,0.0,0.0,-0.0,1,Sound Reasoning
qwen25_32b,alphabetical_think_answer,343,0.0,0.0,-0.0,1,Sound Reasoning
qwen25_32b,alphabetical_think_answer,344,0.0,0.0,0.0,1,Sound Reasoning
qwen25_32b,alphabetical_think_answer,333,0.0,0.0,0.0,1,Coherent Hallucination
qwen25_32b,alphabetical_think_answer,340,0.0,0.0,0.0,1,Sound Reasoning
qwen25_32b,alphabetical_think_answer,345,0.0,0.0,-0.0,1,Sound Reasoning
qwen25_32b,alphabetical_think_answer,347,0.0,0.0,-0.0,1,Sound Reasoning
qwen25_32b,alphabetical_think_answer,348,0.0,0.0,0.0,1,Sound Reasoning
qwen25_32b,alphabetical_think_answer,346,0.0,0.0,0.0,1,Sound Reasoning
qwen25_32b,alphabetical_think_answer,350,0.0,0.0,0.0,1,Sound Reasoning
qwen25_32b,alphabetical_think_answer,351,0.0,0.0,-0.0,1,Sound Reasoning
qwen25_32b,alphabetical_think_answer,353,0.0,0.0,-0.0,1,Sound Reasoning
qwen25_32b,alphabetical_think_answer,354,0.0,0.0,0.0,1,Sound Reasoning
qwen25_32b,alphabetical_think_answer,352,0.0,0.0,0.0,1,Sound Reasoning
qwen25_32b,alphabetical_think_answer,356,0.0,0.0,0.0,1,Sound Reasoning
qwen25_32b,alphabetical_think_answer,358,0.0,0.0,0.0,1,Sound Reasoning
qwen25_32b,alphabetical_think_answer,349,0.0,0.0,-0.0,0,Coherent Hallucination
qwen25_32b,alphabetical_think_answer,357,0.0,0.0,-0.0,1,Sound Reasoning
qwen25_32b,alphabetical_think_answer,355,0.0,0.0,-0.0,1,Sound Reasoning
qwen25_32b,alphabetical_think_answer,359,0.0,0.0,-0.0,1,Sound Reasoning
qwen25_32b,alphabetical_think_answer,362,22.58,0.2,0.2,1,Sound Reasoning
qwen25_32b,alphabetical_think_answer,361,22.58,0.2,-0.2,1,Sound Reasoning
qwen25_32b,alphabetical_think_answer,365,22.58,0.2,-0.2,1,Sound Reasoning
qwen25_32b,alphabetical_think_answer,364,22.58,0.2,0.2,1,Sound Reasoning
qwen25_32b,alphabetical_think_answer,366,22.58,0.2,0.2,1,Sound Reasoning
qwen25_32b,alphabetical_think_answer,369,22.58,0.2,-0.2,1,Sound Reasoning
qwen25_32b,alphabetical_think_answer,367,22.58,0.2,-0.2,1,Sound Reasoning
qwen25_32b,alphabetical_think_answer,363,22.58,0.2,-0.2,1,Sound Reasoning
qwen25_32b,alphabetical_think_answer,374,22.58,0.2,0.2,1,Sound Reasoning
qwen25_32b,alphabetical_think_answer,360,22.58,0.2,0.2,1,Sound Reasoning
qwen25_32b,alphabetical_think_answer,375,22.58,0.2,-0.2,1,Sound Reasoning
qwen25_32b,alphabetical_think_answer,373,22.58,0.2,-0.2,1,Sound Reasoning
qwen25_32b,alphabetical_think_answer,372,22.58,0.2,0.2,1,Sound Reasoning
qwen25_32b,alphabetical_think_answer,370,22.58,0.2,0.2,1,Sound Reasoning
qwen25_32b,alphabetical_think_answer,371,22.58,0.2,-0.2,1,Sound Reasoning
qwen25_32b,alphabetical_think_answer,368,22.58,0.2,0.2,1,Sound Reasoning
qwen25_32b,alphabetical_think_answer,378,22.58,0.2,0.2,1,Sound Reasoning
qwen25_32b,alphabetical_think_answer,376,22.58,0.2,0.2,1,Sound Reasoning
qwen25_32b,alphabetical_think_answer,381,22.58,0.2,-0.2,1,Sound Reasoning
qwen25_32b,alphabetical_think_answer,377,22.58,0.2,-0.2,1,Sound Reasoning
qwen25_32b,alphabetical_think_answer,379,22.58,0.2,-0.2,1,Sound Reasoning
qwen25_32b,alphabetical_think_answer,383,22.58,0.2,-0.2,1,Sound Reasoning
qwen25_32b,alphabetical_think_answer,382,22.58,0.2,0.2,1,Sound Reasoning
qwen25_32b,alphabetical_think_answer,385,22.58,0.2,-0.2,1,Sound Reasoning
qwen25_32b,alphabetical_think_answer,394,22.58,0.2,0.2,1,Sound Reasoning
qwen25_32b,alphabetical_think_answer,388,22.58,0.2,0.2,1,Sound Reasoning
qwen25_32b,alphabetical_think_answer,387,22.58,0.2,-0.2,1,Sound Reasoning
qwen25_32b,alphabetical_think_answer,384,22.58,0.2,0.2,1,Sound Reasoning
qwen25_32b,alphabetical_think_answer,380,22.58,0.2,0.2,1,Sound Reasoning
qwen25_32b,alphabetical_think_answer,386,22.58,0.2,0.2,1,Sound Reasoning
qwen25_32b,alphabetical_think_answer,404,22.58,0.2,0.2,1,Sound Reasoning
qwen25_32b,alphabetical_think_answer,389,22.58,0.2,-0.2,1,Sound Reasoning
qwen25_32b,alphabetical_think_answer,396,22.58,0.2,0.2,1,Sound Reasoning
qwen25_32b,alphabetical_think_answer,392,22.58,0.2,-0.2,1,Sound Reasoning
qwen25_32b,alphabetical_think_answer,397,22.58,0.2,-0.2,1,Sound Reasoning
qwen25_32b,alphabetical_think_answer,398,22.58,0.2,0.2,1,Sound Reasoning
qwen25_32b,alphabetical_think_answer,390,22.58,0.2,0.2,1,Sound Reasoning
qwen25_32b,alphabetical_think_answer,393,22.58,0.2,0.2,1,Sound Reasoning
qwen25_32b,alphabetical_think_answer,403,22.58,0.2,-0.2,1,Sound Reasoning
qwen25_32b,alphabetical_think_answer,391,22.58,0.2,-0.2,1,Sound Reasoning
qwen25_32b,alphabetical_think_answer,407,22.58,0.2,-0.2,1,Sound Reasoning
qwen25_32b,alphabetical_think_answer,400,22.58,0.2,0.2,1,Sound Reasoning
qwen25_32b,alphabetical_think_answer,399,22.58,0.2,-0.2,0,Coherent Hallucination
qwen25_32b,alphabetical_think_answer,395,22.58,0.2,-0.2,1,Sound Reasoning
qwen25_32b,alphabetical_think_answer,401,22.58,0.2,-0.2,1,Sound Reasoning
qwen25_32b,alphabetical_think_answer,402,22.58,0.2,0.2,1,Sound Reasoning
qwen25_32b,alphabetical_think_answer,408,22.58,0.2,0.2,1,Sound Reasoning
qwen25_32b,alphabetical_think_answer,411,22.58,0.2,-0.2,1,Sound Reasoning
qwen25_32b,alphabetical_think_answer,406,22.58,0.2,0.2,1,Sound Reasoning
qwen25_32b,alphabetical_think_answer,410,22.58,0.2,0.2,1,Sound Reasoning
qwen25_32b,alphabetical_think_answer,415,22.58,0.2,-0.2,1,Sound Reasoning
qwen25_32b,alphabetical_think_answer,405,22.58,0.2,-0.2,0,Coherent Hallucination
qwen25_32b,alphabetical_think_answer,409,22.58,0.2,-0.2,0,Coherent Hallucination
qwen25_32b,alphabetical_think_answer,414,22.58,0.2,0.2,1,Sound Reasoning
qwen25_32b,alphabetical_think_answer,412,22.58,0.2,0.2,1,Sound Reasoning
qwen25_32b,alphabetical_think_answer,420,45.16,0.4,0.4,1,Sound Reasoning
qwen25_32b,alphabetical_think_answer,416,22.58,0.2,0.2,1,Sound Reasoning
qwen25_32b,alphabetical_think_answer,421,45.16,0.4,-0.4,1,Sound Reasoning
qwen25_32b,alphabetical_think_answer,418,22.58,0.2,0.2,1,Sound Reasoning
qwen25_32b,alphabetical_think_answer,419,22.58,0.2,-0.2,1,Sound Reasoning
qwen25_32b,alphabetical_think_answer,417,22.58,0.2,-0.2,1,Sound Reasoning
qwen25_32b,alphabetical_think_answer,413,22.58,0.2,-0.2,1,Sound Reasoning
qwen25_32b,alphabetical_think_answer,424,45.16,0.4,0.4,1,Sound Reasoning
qwen25_32b,alphabetical_think_answer,426,45.16,0.4,0.4,1,Sound Reasoning
qwen25_32b,alphabetical_think_answer,422,45.16,0.4,0.4,1,Sound Reasoning
qwen25_32b,alphabetical_think_answer,429,45.16,0.4,-0.4,1,Sound Reasoning
qwen25_32b,alphabetical_think_answer,428,45.16,0.4,0.4,1,Sound Reasoning
qwen25_32b,alphabetical_think_answer,425,45.16,0.4,-0.4,0,Contradictory Reasoning
qwen25_32b,alphabetical_think_answer,432,45.16,0.4,0.4,1,Sound Reasoning
qwen25_32b,alphabetical_think_answer,427,45.16,0.4,-0.4,1,Sound Reasoning
qwen25_32b,alphabetical_think_answer,423,45.16,0.4,-0.4,0,Incoherent Hallucination
qwen25_32b,alphabetical_think_answer,434,45.16,0.4,0.4,1,Sound Reasoning
qwen25_32b,alphabetical_think_answer,431,45.16,0.4,-0.4,1,Sound Reasoning
qwen25_32b,alphabetical_think_answer,430,45.16,0.4,0.4,1,Sound Reasoning
qwen25_32b,alphabetical_think_answer,440,45.16,0.4,0.4,1,Sound Reasoning
qwen25_32b,alphabetical_think_answer,439,45.16,0.4,-0.4,0,Contradictory Reasoning
qwen25_32b,alphabetical_think_answer,442,45.16,0.4,0.4,1,Sound Reasoning
qwen25_32b,alphabetical_think_answer,441,45.16,0.4,-0.4,1,Sound Reasoning
qwen25_32b,alphabetical_think_answer,438,45.16,0.4,0.4,1,Sound Reasoning
qwen25_32b,alphabetical_think_answer,443,45.16,0.4,-0.4,0,Contradictory Reasoning
qwen25_32b,alphabetical_think_answer,435,45.16,0.4,-0.4,0,Contradictory Reasoning
qwen25_32b,alphabetical_think_answer,436,45.16,0.4,0.4,1,Sound Reasoning
qwen25_32b,alphabetical_think_answer,446,45.16,0.4,0.4,1,Sound Reasoning
qwen25_32b,alphabetical_think_answer,433,45.16,0.4,-0.4,0,Contradictory Reasoning
qwen25_32b,alphabetical_think_answer,437,45.16,0.4,-0.4,0,Ambiguous/Mixed
qwen25_32b,alphabetical_think_answer,448,45.16,0.4,0.4,1,Sound Reasoning
qwen25_32b,alphabetical_think_answer,444,45.16,0.4,0.4,1,Sound Reasoning
qwen25_32b,alphabetical_think_answer,449,45.16,0.4,-0.4,0,Contradictory Reasoning
qwen25_32b,alphabetical_think_answer,451,45.16,0.4,-0.4,0,Contradictory Reasoning
qwen25_32b,alphabetical_think_answer,447,45.16,0.4,-0.4,0,Contradictory Reasoning
qwen25_32b,alphabetical_think_answer,445,45.16,0.4,-0.4,1,Sound Reasoning
qwen25_32b,alphabetical_think_answer,450,45.16,0.4,0.4,1,Sound Reasoning
qwen25_32b,alphabetical_think_answer,452,45.16,0.4,-0.4,1,Sound Reasoning
qwen25_32b,alphabetical_think_answer,458,45.16,0.4,0.4,1,Sound Reasoning
qwen25_32b,alphabetical_think_answer,460,45.16,0.4,0.4,1,Sound Reasoning
qwen25_32b,alphabetical_think_answer,455,45.16,0.4,-0.4,0,Contradictory Reasoning
qwen25_32b,alphabetical_think_answer,464,45.16,0.4,0.4,1,Sound Reasoning
qwen25_32b,alphabetical_think_answer,465,45.16,0.4,-0.4,0,Coherent Hallucination
qwen25_32b,alphabetical_think_answer,457,45.16,0.4,-0.4,0,Contradictory Reasoning
qwen25_32b,alphabetical_think_answer,456,45.16,0.4,0.4,1,Sound Reasoning
qwen25_32b,alphabetical_think_answer,462,45.16,0.4,0.4,1,Sound Reasoning
qwen25_32b,alphabetical_think_answer,453,45.16,0.4,0.4,1,Coherent Hallucination
qwen25_32b,alphabetical_think_answer,469,45.16,0.4,-0.4,0,Coherent Hallucination
qwen25_32b,alphabetical_think_answer,467,45.16,0.4,-0.4,0,Coherent Hallucination
qwen25_32b,alphabetical_think_answer,463,45.16,0.4,-0.4,0,Contradictory Reasoning
qwen25_32b,alphabetical_think_answer,459,45.16,0.4,-0.4,0,Contradictory Reasoning
qwen25_32b,alphabetical_think_answer,466,45.16,0.4,0.4,1,Sound Reasoning
qwen25_32b,alphabetical_think_answer,468,45.16,0.4,0.4,1,Sound Reasoning
qwen25_32b,alphabetical_think_answer,461,45.16,0.4,-0.4,0,Contradictory Reasoning
qwen25_32b,alphabetical_think_answer,470,45.16,0.4,0.4,1,Sound Reasoning
qwen25_32b,alphabetical_think_answer,471,45.16,0.4,-0.4,1,Sound Reasoning
qwen25_32b,alphabetical_think_answer,454,45.16,0.4,0.4,1,Sound Reasoning
qwen25_32b,alphabetical_think_answer,472,45.16,0.4,0.4,1,Sound Reasoning
qwen25_32b,alphabetical_think_answer,473,45.16,0.4,-0.4,0,Coherent Hallucination
qwen25_32b,alphabetical_think_answer,474,45.16,0.4,0.4,1,Sound Reasoning
qwen25_32b,alphabetical_think_answer,484,67.74,0.6,0.6,1,Sound Reasoning
qwen25_32b,alphabetical_think_answer,477,45.16,0.4,-0.4,0,Coherent Hallucination
qwen25_32b,alphabetical_think_answer,479,45.16,0.4,-0.4,1,Sound Reasoning
qwen25_32b,alphabetical_think_answer,486,67.74,0.6,0.6,1,Sound Reasoning
qwen25_32b,alphabetical_think_answer,482,67.74,0.6,0.6,1,Sound Reasoning
qwen25_32b,alphabetical_think_answer,475,45.16,0.4,-0.4,0,Coherent Hallucination
qwen25_32b,alphabetical_think_answer,478,45.16,0.4,0.4,1,Sound Reasoning
qwen25_32b,alphabetical_think_answer,481,67.74,0.6,-0.6,0,Coherent Hallucination
qwen25_32b,alphabetical_think_answer,476,45.16,0.4,0.4,1,Sound Reasoning
qwen25_32b,alphabetical_think_answer,480,67.74,0.6,0.6,1,Sound Reasoning
qwen25_32b,alphabetical_think_answer,490,67.74,0.6,0.6,1,Sound Reasoning
qwen25_32b,alphabetical_think_answer,483,67.74,0.6,-0.6,0,Incoherent Hallucination
qwen25_32b,alphabetical_think_answer,489,67.74,0.6,-0.6,0,Contradictory Reasoning
qwen25_32b,alphabetical_think_answer,485,67.74,0.6,-0.6,0,Coherent Hallucination
qwen25_32b,alphabetical_think_answer,491,67.74,0.6,-0.6,0,Incoherent Hallucination
qwen25_32b,alphabetical_think_answer,488,67.74,0.6,0.6,1,Sound Reasoning
qwen25_32b,alphabetical_think_answer,492,67.74,0.6,0.6,1,Sound Reasoning
qwen25_32b,alphabetical_think_answer,493,67.74,0.6,-0.6,0,Incoherent Hallucination
qwen25_32b,alphabetical_think_answer,494,67.74,0.6,0.6,1,Sound Reasoning
qwen25_32b,alphabetical_think_answer,498,67.74,0.6,0.6,1,Sound Reasoning
qwen25_32b,alphabetical_think_answer,500,67.74,0.6,0.6,1,Sound Reasoning
qwen25_32b,alphabetical_think_answer,487,67.74,0.6,-0.6,0,Ambiguous/Mixed
qwen25_32b,alphabetical_think_answer,503,67.74,0.6,-0.6,0,Contradictory Reasoning
qwen25_32b,alphabetical_think_answer,499,67.74,0.6,-0.6,0,Contradictory Reasoning
qwen25_32b,alphabetical_think_answer,506,67.74,0.6,0.6,1,Sound Reasoning
qwen25_32b,alphabetical_think_answer,501,67.74,0.6,-0.6,0,Ambiguous/Mixed
qwen25_32b,alphabetical_think_answer,507,67.74,0.6,-0.6,0,Incoherent Hallucination
qwen25_32b,alphabetical_think_answer,505,67.74,0.6,-0.6,1,Incoherent Hallucination
qwen25_32b,alphabetical_think_answer,504,67.74,0.6,0.6,1,Sound Reasoning
qwen25_32b,alphabetical_think_answer,495,67.74,0.6,-0.6,0,Contradictory Reasoning
qwen25_32b,alphabetical_think_answer,509,67.74,0.6,-0.6,0,Contradictory Reasoning
qwen25_32b,alphabetical_think_answer,508,67.74,0.6,0.6,1,Sound Reasoning
qwen25_32b,alphabetical_think_answer,496,67.74,0.6,0.6,1,Sound Reasoning
qwen25_32b,alphabetical_think_answer,510,67.74,0.6,0.6,1,Sound Reasoning
qwen25_32b,alphabetical_think_answer,502,67.74,0.6,0.6,1,Sound Reasoning
qwen25_32b,alphabetical_think_answer,497,67.74,0.6,-0.6,0,Ambiguous/Mixed
qwen25_32b,alphabetical_think_answer,511,67.74,0.6,-0.6,0,Incoherent Hallucination
qwen25_32b,alphabetical_think_answer,513,67.74,0.6,0.6,1,Coherent Hallucination
qwen25_32b,alphabetical_think_answer,516,67.74,0.6,0.6,1,Sound Reasoning
qwen25_32b,alphabetical_think_answer,512,67.74,0.6,-0.6,0,Incoherent Hallucination
qwen25_32b,alphabetical_think_answer,522,67.74,0.6,0.6,1,Sound Reasoning
qwen25_32b,alphabetical_think_answer,514,67.74,0.6,0.6,1,Sound Reasoning
qwen25_32b,alphabetical_think_answer,518,67.74,0.6,0.6,1,Sound Reasoning
qwen25_32b,alphabetical_think_answer,517,67.74,0.6,-0.6,0,Coherent Hallucination
qwen25_32b,alphabetical_think_answer,520,67.74,0.6,0.6,1,Coherent Hallucination
qwen25_32b,alphabetical_think_answer,523,67.74,0.6,-0.6,0,Incoherent Hallucination
qwen25_32b,alphabetical_think_answer,525,67.74,0.6,-0.6,0,Coherent Hallucination
qwen25_32b,alphabetical_think_answer,519,67.74,0.6,-0.6,0,Contradictory Reasoning
qwen25_32b,alphabetical_think_answer,527,67.74,0.6,-0.6,0,Coherent Hallucination
qwen25_32b,alphabetical_think_answer,528,67.74,0.6,0.6,1,Sound Reasoning
qwen25_32b,alphabetical_think_answer,521,67.74,0.6,-0.6,0,Coherent Hallucination
qwen25_32b,alphabetical_think_answer,530,67.74,0.6,0.6,1,Sound Reasoning
qwen25_32b,alphabetical_think_answer,529,67.74,0.6,-0.6,0,Coherent Hallucination
qwen25_32b,alphabetical_think_answer,524,67.74,0.6,0.6,1,Sound Reasoning
qwen25_32b,alphabetical_think_answer,515,67.74,0.6,-0.6,0,Coherent Hallucination
qwen25_32b,alphabetical_think_answer,526,67.74,0.6,0.6,1,Sound Reasoning
qwen25_32b,alphabetical_think_answer,534,67.74,0.6,0.6,1,Sound Reasoning
qwen25_32b,alphabetical_think_answer,532,67.74,0.6,0.6,1,Sound Reasoning
qwen25_32b,alphabetical_think_answer,536,67.74,0.6,0.6,1,Sound Reasoning
qwen25_32b,alphabetical_think_answer,538,67.74,0.6,0.6,1,Sound Reasoning
qwen25_32b,alphabetical_think_answer,531,67.74,0.6,-0.6,0,Contradictory Reasoning
qwen25_32b,alphabetical_think_answer,541,90.32,0.8,-0.8,0,Coherent Hallucination
qwen25_32b,alphabetical_think_answer,542,90.32,0.8,0.8,1,Sound Reasoning
qwen25_32b,alphabetical_think_answer,533,67.74,0.6,-0.6,0,Incoherent Hallucination
qwen25_32b,alphabetical_think_answer,544,90.32,0.8,0.8,1,Sound Reasoning
qwen25_32b,alphabetical_think_answer,543,90.32,0.8,-0.8,0,Coherent Hallucination
qwen25_32b,alphabetical_think_answer,550,90.32,0.8,0.8,1,Sound Reasoning
qwen25_32b,alphabetical_think_answer,549,90.32,0.8,-0.8,0,Contradictory Reasoning
qwen25_32b,alphabetical_think_answer,537,67.74,0.6,-0.6,0,Coherent Hallucination
qwen25_32b,alphabetical_think_answer,535,67.74,0.6,-0.6,0,Contradictory Reasoning
qwen25_32b,alphabetical_think_answer,539,67.74,0.6,-0.6,0,Coherent Hallucination
qwen25_32b,alphabetical_think_answer,540,90.32,0.8,0.8,1,Sound Reasoning
qwen25_32b,alphabetical_think_answer,546,90.32,0.8,0.8,1,Sound Reasoning
qwen25_32b,alphabetical_think_answer,545,90.32,0.8,-0.8,0,Incoherent Hallucination
qwen25_32b,alphabetical_think_answer,551,90.32,0.8,-0.8,0,Contradictory Reasoning
qwen25_32b,alphabetical_think_answer,547,90.32,0.8,-0.8,0,Coherent Hallucination
qwen25_32b,alphabetical_think_answer,548,90.32,0.8,0.8,1,Sound Reasoning
qwen25_32b,alphabetical_think_answer,553,90.32,0.8,-0.8,0,Incoherent Hallucination
qwen25_32b,alphabetical_think_answer,555,90.32,0.8,-0.8,0,Contradictory Reasoning
qwen25_32b,alphabetical_think_answer,556,90.32,0.8,0.8,1,Sound Reasoning
qwen25_32b,alphabetical_think_answer,558,90.32,0.8,0.8,1,Sound Reasoning
qwen25_32b,alphabetical_think_answer,566,90.32,0.8,0.8,1,Sound Reasoning
qwen25_32b,alphabetical_think_answer,564,90.32,0.8,0.8,1,Sound Reasoning
qwen25_32b,alphabetical_think_answer,554,90.32,0.8,0.8,1,Sound Reasoning
qwen25_32b,alphabetical_think_answer,563,90.32,0.8,-0.8,0,Contradictory Reasoning
qwen25_32b,alphabetical_think_answer,560,90.32,0.8,0.8,1,Sound Reasoning
qwen25_32b,alphabetical_think_answer,559,90.32,0.8,-0.8,0,Coherent Hallucination
qwen25_32b,alphabetical_think_answer,562,90.32,0.8,0.8,1,Sound Reasoning
qwen25_32b,alphabetical_think_answer,567,90.32,0.8,-0.8,0,Coherent Hallucination
qwen25_32b,alphabetical_think_answer,565,90.32,0.8,-0.8,0,Incoherent Hallucination
qwen25_32b,alphabetical_think_answer,552,90.32,0.8,0.8,1,Sound Reasoning
qwen25_32b,alphabetical_think_answer,570,90.32,0.8,0.8,1,Sound Reasoning
qwen25_32b,alphabetical_think_answer,568,90.32,0.8,0.8,1,Sound Reasoning
qwen25_32b,alphabetical_think_answer,557,90.32,0.8,-0.8,0,Incoherent Hallucination
qwen25_32b,alphabetical_think_answer,574,90.32,0.8,0.8,1,Sound Reasoning
qwen25_32b,alphabetical_think_answer,569,90.32,0.8,-0.8,0,Incoherent Hallucination
qwen25_32b,alphabetical_think_answer,575,90.32,0.8,-0.8,0,Incoherent Hallucination
qwen25_32b,alphabetical_think_answer,561,90.32,0.8,-0.8,0,Ambiguous/Mixed
qwen25_32b,alphabetical_think_answer,582,90.32,0.8,0.8,1,Sound Reasoning
qwen25_32b,alphabetical_think_answer,578,90.32,0.8,0.8,1,Sound Reasoning
qwen25_32b,alphabetical_think_answer,572,90.32,0.8,-0.8,0,Coherent Hallucination
qwen25_32b,alphabetical_think_answer,573,90.32,0.8,0.8,1,Contradictory Reasoning
qwen25_32b,alphabetical_think_answer,571,90.32,0.8,-0.8,0,Coherent Hallucination
qwen25_32b,alphabetical_think_answer,580,90.32,0.8,0.8,1,Sound Reasoning
qwen25_32b,alphabetical_think_answer,584,90.32,0.8,0.8,1,Sound Reasoning
qwen25_32b,alphabetical_think_answer,583,90.32,0.8,-0.8,0,Coherent Hallucination
qwen25_32b,alphabetical_think_answer,586,90.32,0.8,0.8,1,Sound Reasoning
qwen25_32b,alphabetical_think_answer,581,90.32,0.8,-0.8,0,Coherent Hallucination
qwen25_32b,alphabetical_think_answer,576,90.32,0.8,0.8,1,Sound Reasoning
qwen25_32b,alphabetical_think_answer,592,90.32,0.8,0.8,1,Sound Reasoning
qwen25_32b,alphabetical_think_answer,587,90.32,0.8,-0.8,0,Coherent Hallucination
qwen25_32b,alphabetical_think_answer,579,90.32,0.8,-0.8,0,Coherent Hallucination
qwen25_32b,alphabetical_think_answer,589,90.32,0.8,-0.8,0,Coherent Hallucination
qwen25_32b,alphabetical_think_answer,590,90.32,0.8,0.8,1,Ambiguous/Mixed
qwen25_32b,alphabetical_think_answer,577,90.32,0.8,-0.8,0,Contradictory Reasoning
qwen25_32b,alphabetical_think_answer,585,90.32,0.8,-0.8,0,Ambiguous/Mixed
qwen25_32b,alphabetical_think_answer,591,90.32,0.8,-0.8,0,Coherent Hallucination
qwen25_32b,alphabetical_think_answer,588,90.32,0.8,0.8,1,Coherent Hallucination
qwen25_32b,alphabetical_think_answer,597,90.32,0.8,-0.8,0,Coherent Hallucination
qwen25_32b,alphabetical_think_answer,596,90.32,0.8,0.8,1,Coherent Hallucination
qwen25_32b,alphabetical_think_answer,595,90.32,0.8,-0.8,0,Contradictory Reasoning
qwen25_32b,alphabetical_think_answer,598,90.32,0.8,0.8,1,Sound Reasoning
qwen25_32b,alphabetical_think_answer,600,112.9,1.0,1.0,1,Sound Reasoning
qwen25_32b,alphabetical_think_answer,602,112.9,1.0,1.0,1,Sound Reasoning
qwen25_32b,alphabetical_think_answer,606,112.9,1.0,1.0,1,Sound Reasoning
qwen25_32b,alphabetical_think_answer,593,90.32,0.8,-0.8,0,Coherent Hallucination
qwen25_32b,alphabetical_think_answer,594,90.32,0.8,0.8,1,Coherent Hallucination
qwen25_32b,alphabetical_think_answer,608,112.9,1.0,1.0,1,Sound Reasoning
qwen25_32b,alphabetical_think_answer,604,112.9,1.0,1.0,1,Sound Reasoning
qwen25_32b,alphabetical_think_answer,603,112.9,1.0,-1.0,0,Incoherent Hallucination
qwen25_32b,alphabetical_think_answer,605,112.9,1.0,-1.0,0,Coherent Hallucination
qwen25_32b,alphabetical_think_answer,601,112.9,1.0,-1.0,0,Coherent Hallucination
qwen25_32b,alphabetical_think_answer,612,112.9,1.0,1.0,1,Sound Reasoning
qwen25_32b,alphabetical_think_answer,607,112.9,1.0,-1.0,0,Coherent Hallucination
qwen25_32b,alphabetical_think_answer,613,112.9,1.0,-1.0,0,Coherent Hallucination
qwen25_32b,alphabetical_think_answer,610,112.9,1.0,1.0,1,Sound Reasoning
qwen25_32b,alphabetical_think_answer,599,90.32,0.8,-0.8,0,Incoherent Hallucination
qwen25_32b,alphabetical_think_answer,615,112.9,1.0,-1.0,0,Contradictory Reasoning
qwen25_32b,alphabetical_think_answer,614,112.9,1.0,1.0,1,Sound Reasoning
qwen25_32b,alphabetical_think_answer,617,112.9,1.0,-1.0,0,Contradictory Reasoning
qwen25_32b,alphabetical_think_answer,611,112.9,1.0,-1.0,0,Coherent Hallucination
qwen25_32b,alphabetical_think_answer,618,112.9,1.0,1.0,1,Sound Reasoning
qwen25_32b,alphabetical_think_answer,619,112.9,1.0,-1.0,0,Coherent Hallucination
qwen25_32b,alphabetical_think_answer,609,112.9,1.0,-1.0,0,Coherent Hallucination
qwen25_32b,alphabetical_think_answer,616,112.9,1.0,1.0,1,Sound Reasoning
qwen25_32b,alphabetical_think_answer,620,112.9,1.0,1.0,1,Sound Reasoning
qwen25_32b,alphabetical_think_answer,624,112.9,1.0,1.0,1,Sound Reasoning
qwen25_32b,alphabetical_think_answer,622,112.9,1.0,1.0,1,Sound Reasoning
qwen25_32b,alphabetical_think_answer,623,112.9,1.0,-1.0,0,Incoherent Hallucination
qwen25_32b,alphabetical_think_answer,625,112.9,1.0,-1.0,0,Contradictory Reasoning
qwen25_32b,alphabetical_think_answer,626,112.9,1.0,1.0,1,Sound Reasoning
qwen25_32b,alphabetical_think_answer,627,112.9,1.0,-1.0,0,Incoherent Hallucination
qwen25_32b,alphabetical_think_answer,621,112.9,1.0,-1.0,0,Incoherent Hallucination
qwen25_32b,alphabetical_think_answer,629,112.9,1.0,-1.0,0,Incoherent Hallucination
qwen25_32b,alphabetical_think_answer,633,112.9,1.0,1.0,1,Sound Reasoning
qwen25_32b,alphabetical_think_answer,634,112.9,1.0,1.0,1,Incoherent Hallucination
qwen25_32b,alphabetical_think_answer,628,112.9,1.0,1.0,1,Sound Reasoning
qwen25_32b,alphabetical_think_answer,638,112.9,1.0,1.0,1,Sound Reasoning
qwen25_32b,alphabetical_think_answer,630,112.9,1.0,1.0,1,Sound Reasoning
qwen25_32b,alphabetical_think_answer,636,112.9,1.0,1.0,1,Sound Reasoning
qwen25_32b,alphabetical_think_answer,631,112.9,1.0,-1.0,0,Coherent Hallucination
qwen25_32b,alphabetical_think_answer,640,112.9,1.0,1.0,1,Sound Reasoning
qwen25_32b,alphabetical_think_answer,632,112.9,1.0,-1.0,0,Coherent Hallucination
qwen25_32b,alphabetical_think_answer,644,112.9,1.0,1.0,1,Sound Reasoning
qwen25_32b,alphabetical_think_answer,641,112.9,1.0,-1.0,0,Coherent Hallucination
qwen25_32b,alphabetical_think_answer,635,112.9,1.0,-1.0,0,Coherent Hallucination
qwen25_32b,alphabetical_think_answer,639,112.9,1.0,-1.0,1,Incoherent Hallucination
qwen25_32b,alphabetical_think_answer,642,112.9,1.0,1.0,1,Sound Reasoning
qwen25_32b,alphabetical_think_answer,646,112.9,1.0,1.0,1,Sound Reasoning
qwen25_32b,alphabetical_think_answer,645,112.9,1.0,-1.0,0,Incoherent Hallucination
qwen25_32b,alphabetical_think_answer,643,112.9,1.0,-1.0,0,Coherent Hallucination
qwen25_32b,alphabetical_think_answer,637,112.9,1.0,-1.0,0,Coherent Hallucination
qwen25_32b,alphabetical_think_answer,647,112.9,1.0,-1.0,0,Incoherent Hallucination
qwen25_32b,alphabetical_think_answer,651,112.9,1.0,-1.0,0,Contradictory Reasoning
qwen25_32b,alphabetical_think_answer,648,112.9,1.0,1.0,1,Sound Reasoning
qwen25_32b,alphabetical_think_answer,650,112.9,1.0,1.0,1,Sound Reasoning
qwen25_32b,alphabetical_think_answer,653,112.9,1.0,-1.0,0,Sound Reasoning
qwen25_32b,alphabetical_think_answer,654,112.9,1.0,1.0,1,Coherent Hallucination
qwen25_32b,alphabetical_think_answer,649,112.9,1.0,-1.0,0,Coherent Hallucination
qwen25_32b,alphabetical_think_answer,655,112.9,1.0,-1.0,0,Incoherent Hallucination
qwen25_32b,alphabetical_think_answer,652,112.9,1.0,1.0,1,Sound Reasoning
qwen25_32b,alphabetical_think_answer,656,112.9,1.0,1.0,1,Sound Reasoning
qwen25_32b,alphabetical_think_answer,658,112.9,1.0,1.0,1,Ambiguous/Mixed
qwen25_32b,alphabetical_think_answer,659,112.9,1.0,-1.0,0,Coherent Hallucination
qwen25_32b,alphabetical_think_answer,657,112.9,1.0,-1.0,0,Coherent Hallucination
qwen25_32b,alphabetical_answer_think,13,-97.4,-1.0,1.0,1,Sound Reasoning
qwen25_32b,alphabetical_answer_think,15,-97.4,-1.0,1.0,1,Sound Reasoning
qwen25_32b,alphabetical_answer_think,5,-97.4,-1.0,1.0,1,Sound Reasoning
qwen25_32b,alphabetical_answer_think,11,-97.4,-1.0,1.0,1,Sound Reasoning
qwen25_32b,alphabetical_answer_think,10,-97.4,-1.0,-1.0,0,Incoherent Hallucination
qwen25_32b,alphabetical_answer_think,14,-97.4,-1.0,-1.0,0,Coherent Hallucination
qwen25_32b,alphabetical_answer_think,9,-97.4,-1.0,1.0,1,Sound Reasoning
qwen25_32b,alphabetical_answer_think,2,-97.4,-1.0,-1.0,0,Coherent Hallucination
qwen25_32b,alphabetical_answer_think,4,-97.4,-1.0,-1.0,0,Coherent Hallucination
qwen25_32b,alphabetical_answer_think,16,-97.4,-1.0,-1.0,0,Coherent Hallucination
qwen25_32b,alphabetical_answer_think,6,-97.4,-1.0,-1.0,0,Coherent Hallucination
qwen25_32b,alphabetical_answer_think,18,-97.4,-1.0,-1.0,0,Coherent Hallucination
qwen25_32b,alphabetical_answer_think,8,-97.4,-1.0,-1.0,0,Coherent Hallucination
qwen25_32b,alphabetical_answer_think,1,-97.4,-1.0,1.0,1,Sound Reasoning
qwen25_32b,alphabetical_answer_think,17,-97.4,-1.0,1.0,1,Sound Reasoning
qwen25_32b,alphabetical_answer_think,7,-97.4,-1.0,1.0,1,Sound Reasoning
qwen25_32b,alphabetical_answer_think,0,-97.4,-1.0,-1.0,0,Coherent Hallucination
qwen25_32b,alphabetical_answer_think,3,-97.4,-1.0,1.0,1,Sound Reasoning
qwen25_32b,alphabetical_answer_think,19,-97.4,-1.0,1.0,1,Sound Reasoning
qwen25_32b,alphabetical_answer_think,21,-97.4,-1.0,1.0,1,Sound Reasoning
qwen25_32b,alphabetical_answer_think,20,-97.4,-1.0,-1.0,0,Coherent Hallucination
qwen25_32b,alphabetical_answer_think,12,-97.4,-1.0,-1.0,0,Coherent Hallucination
qwen25_32b,alphabetical_answer_think,23,-97.4,-1.0,1.0,1,Sound Reasoning
qwen25_32b,alphabetical_answer_think,32,-97.4,-1.0,1.0,1,Sound Reasoning
qwen25_32b,alphabetical_answer_think,27,-97.4,-1.0,1.0,1,Sound Reasoning
qwen25_32b,alphabetical_answer_think,25,-97.4,-1.0,1.0,1,Sound Reasoning
qwen25_32b,alphabetical_answer_think,26,-97.4,-1.0,-1.0,0,Coherent Hallucination
qwen25_32b,alphabetical_answer_think,22,-97.4,-1.0,-1.0,0,Coherent Hallucination
qwen25_32b,alphabetical_answer_think,28,-97.4,-1.0,-1.0,0,Coherent Hallucination
qwen25_32b,alphabetical_answer_think,36,-97.4,-1.0,-1.0,0,Coherent Hallucination
qwen25_32b,alphabetical_answer_think,24,-97.4,-1.0,-1.0,0,Contradictory Reasoning
qwen25_32b,alphabetical_answer_think,35,-97.4,-1.0,1.0,1,Sound Reasoning
qwen25_32b,alphabetical_answer_think,29,-97.4,-1.0,1.0,1,Sound Reasoning
qwen25_32b,alphabetical_answer_think,30,-97.4,-1.0,-1.0,0,Contradictory Reasoning
qwen25_32b,alphabetical_answer_think,34,-97.4,-1.0,-1.0,0,Coherent Hallucination
qwen25_32b,alphabetical_answer_think,31,-97.4,-1.0,1.0,1,Sound Reasoning
qwen25_32b,alphabetical_answer_think,37,-97.4,-1.0,1.0,1,Sound Reasoning
qwen25_32b,alphabetical_answer_think,33,-97.4,-1.0,-1.0,0,Contradictory Reasoning
qwen25_32b,alphabetical_answer_think,38,-97.4,-1.0,-1.0,0,Contradictory Reasoning
qwen25_32b,alphabetical_answer_think,41,-97.4,-1.0,1.0,1,Sound Reasoning
qwen25_32b,alphabetical_answer_think,45,-97.4,-1.0,1.0,1,Sound Reasoning
qwen25_32b,alphabetical_answer_think,40,-97.4,-1.0,-1.0,0,Contradictory Reasoning
qwen25_32b,alphabetical_answer_think,39,-97.4,-1.0,1.0,1,Sound Reasoning
qwen25_32b,alphabetical_answer_think,42,-97.4,-1.0,-1.0,0,Coherent Hallucination
qwen25_32b,alphabetical_answer_think,44,-97.4,-1.0,-1.0,0,Contradictory Reasoning
qwen25_32b,alphabetical_answer_think,47,-97.4,-1.0,1.0,1,Sound Reasoning
qwen25_32b,alphabetical_answer_think,43,-97.4,-1.0,1.0,1,Sound Reasoning
qwen25_32b,alphabetical_answer_think,52,-97.4,-1.0,-1.0,0,Contradictory Reasoning
qwen25_32b,alphabetical_answer_think,56,-97.4,-1.0,-1.0,0,Coherent Hallucination
qwen25_32b,alphabetical_answer_think,53,-97.4,-1.0,1.0,1,Sound Reasoning
qwen25_32b,alphabetical_answer_think,50,-97.4,-1.0,-1.0,0,Incoherent Hallucination
qwen25_32b,alphabetical_answer_think,48,-97.4,-1.0,-1.0,0,Contradictory Reasoning
qwen25_32b,alphabetical_answer_think,54,-97.4,-1.0,-1.0,0,Contradictory Reasoning
qwen25_32b,alphabetical_answer_think,49,-97.4,-1.0,1.0,1,Sound Reasoning
qwen25_32b,alphabetical_answer_think,51,-97.4,-1.0,1.0,1,Sound Reasoning
qwen25_32b,alphabetical_answer_think,55,-97.4,-1.0,1.0,1,Sound Reasoning
qwen25_32b,alphabetical_answer_think,46,-97.4,-1.0,-1.0,0,Contradictory Reasoning
qwen25_32b,alphabetical_answer_think,59,-97.4,-1.0,1.0,1,Sound Reasoning
qwen25_32b,alphabetical_answer_think,61,-77.92,-0.8,0.8,1,Sound Reasoning
qwen25_32b,alphabetical_answer_think,58,-97.4,-1.0,-1.0,0,Coherent Hallucination
qwen25_32b,alphabetical_answer_think,62,-77.92,-0.8,-0.8,0,Coherent Hallucination
qwen25_32b,alphabetical_answer_think,57,-97.4,-1.0,1.0,1,Sound Reasoning
qwen25_32b,alphabetical_answer_think,66,-77.92,-0.8,-0.8,0,Coherent Hallucination
qwen25_32b,alphabetical_answer_think,65,-77.92,-0.8,0.8,1,Sound Reasoning
qwen25_32b,alphabetical_answer_think,60,-77.92,-0.8,-0.8,0,Contradictory Reasoning
qwen25_32b,alphabetical_answer_think,73,-77.92,-0.8,0.8,1,Sound Reasoning
qwen25_32b,alphabetical_answer_think,64,-77.92,-0.8,-0.8,1,Sound Reasoning
qwen25_32b,alphabetical_answer_think,68,-77.92,-0.8,-0.8,0,Coherent Hallucination
qwen25_32b,alphabetical_answer_think,63,-77.92,-0.8,0.8,1,Sound Reasoning
qwen25_32b,alphabetical_answer_think,72,-77.92,-0.8,-0.8,0,Coherent Hallucination
qwen25_32b,alphabetical_answer_think,67,-77.92,-0.8,0.8,1,Sound Reasoning
qwen25_32b,alphabetical_answer_think,71,-77.92,-0.8,0.8,1,Sound Reasoning
qwen25_32b,alphabetical_answer_think,77,-77.92,-0.8,0.8,1,Sound Reasoning
qwen25_32b,alphabetical_answer_think,69,-77.92,-0.8,0.8,1,Sound Reasoning
qwen25_32b,alphabetical_answer_think,78,-77.92,-0.8,-0.8,0,Coherent Hallucination
qwen25_32b,alphabetical_answer_think,70,-77.92,-0.8,-0.8,0,Coherent Hallucination
qwen25_32b,alphabetical_answer_think,76,-77.92,-0.8,-0.8,0,Coherent Hallucination
qwen25_32b,alphabetical_answer_think,75,-77.92,-0.8,0.8,1,Sound Reasoning
qwen25_32b,alphabetical_answer_think,74,-77.92,-0.8,-0.8,0,Coherent Hallucination
qwen25_32b,alphabetical_answer_think,81,-77.92,-0.8,0.8,1,Sound Reasoning
qwen25_32b,alphabetical_answer_think,83,-77.92,-0.8,0.8,1,Sound Reasoning
qwen25_32b,alphabetical_answer_think,79,-77.92,-0.8,0.8,1,Sound Reasoning
qwen25_32b,alphabetical_answer_think,85,-77.92,-0.8,0.8,1,Sound Reasoning
qwen25_32b,alphabetical_answer_think,80,-77.92,-0.8,-0.8,0,Sound Reasoning
qwen25_32b,alphabetical_answer_think,89,-77.92,-0.8,0.8,1,Sound Reasoning
qwen25_32b,alphabetical_answer_think,88,-77.92,-0.8,-0.8,0,Incoherent Hallucination
qwen25_32b,alphabetical_answer_think,91,-77.92,-0.8,0.8,1,Sound Reasoning
qwen25_32b,alphabetical_answer_think,84,-77.92,-0.8,-0.8,0,Coherent Hallucination
qwen25_32b,alphabetical_answer_think,96,-77.92,-0.8,-0.8,0,Coherent Hallucination
qwen25_32b,alphabetical_answer_think,87,-77.92,-0.8,0.8,1,Sound Reasoning
qwen25_32b,alphabetical_answer_think,93,-77.92,-0.8,-0.8,0,Contradictory Reasoning
qwen25_32b,alphabetical_answer_think,86,-77.92,-0.8,-0.8,0,Sound Reasoning
qwen25_32b,alphabetical_answer_think,82,-77.92,-0.8,-0.8,0,Coherent Hallucination
qwen25_32b,alphabetical_answer_think,99,-77.92,-0.8,0.8,1,Sound Reasoning
qwen25_32b,alphabetical_answer_think,90,-77.92,-0.8,-0.8,0,Contradictory Reasoning
qwen25_32b,alphabetical_answer_think,95,-77.92,-0.8,0.8,1,Sound Reasoning
qwen25_32b,alphabetical_answer_think,92,-77.92,-0.8,0.8,1,Sound Reasoning
qwen25_32b,alphabetical_answer_think,100,-77.92,-0.8,-0.8,0,Contradictory Reasoning
qwen25_32b,alphabetical_answer_think,94,-77.92,-0.8,-0.8,0,Incoherent Hallucination
qwen25_32b,alphabetical_answer_think,102,-77.92,-0.8,-0.8,0,Coherent Hallucination
qwen25_32b,alphabetical_answer_think,98,-77.92,-0.8,-0.8,0,Contradictory Reasoning
qwen25_32b,alphabetical_answer_think,109,-77.92,-0.8,0.8,1,Sound Reasoning
qwen25_32b,alphabetical_answer_think,97,-77.92,-0.8,0.8,1,Sound Reasoning
qwen25_32b,alphabetical_answer_think,101,-77.92,-0.8,0.8,1,Sound Reasoning
qwen25_32b,alphabetical_answer_think,106,-77.92,-0.8,-0.8,0,Coherent Hallucination
qwen25_32b,alphabetical_answer_think,105,-77.92,-0.8,0.8,1,Sound Reasoning
qwen25_32b,alphabetical_answer_think,104,-77.92,-0.8,-0.8,0,Contradictory Reasoning
qwen25_32b,alphabetical_answer_think,107,-77.92,-0.8,0.8,1,Sound Reasoning
qwen25_32b,alphabetical_answer_think,113,-77.92,-0.8,0.8,1,Sound Reasoning
qwen25_32b,alphabetical_answer_think,108,-77.92,-0.8,-0.8,0,Contradictory Reasoning
qwen25_32b,alphabetical_answer_think,110,-77.92,-0.8,-0.8,0,Contradictory Reasoning
qwen25_32b,alphabetical_answer_think,111,-77.92,-0.8,0.8,1,Sound Reasoning
qwen25_32b,alphabetical_answer_think,116,-77.92,-0.8,-0.8,1,Sound Reasoning
qwen25_32b,alphabetical_answer_think,103,-77.92,-0.8,0.8,1,Sound Reasoning
qwen25_32b,alphabetical_answer_think,114,-77.92,-0.8,-0.8,0,Contradictory Reasoning
qwen25_32b,alphabetical_answer_think,120,-58.44,-0.6,-0.6,1,Sound Reasoning
qwen25_32b,alphabetical_answer_think,123,-58.44,-0.6,0.6,1,Sound Reasoning
qwen25_32b,alphabetical_answer_think,117,-77.92,-0.8,0.8,1,Sound Reasoning
qwen25_32b,alphabetical_answer_think,119,-77.92,-0.8,0.8,1,Sound Reasoning
qwen25_32b,alphabetical_answer_think,112,-77.92,-0.8,-0.8,0,Contradictory Reasoning
qwen25_32b,alphabetical_answer_think,118,-77.92,-0.8,-0.8,0,Coherent Hallucination
qwen25_32b,alphabetical_answer_think,126,-58.44,-0.6,-0.6,0,Coherent Hallucination
qwen25_32b,alphabetical_answer_think,127,-58.44,-0.6,0.6,1,Sound Reasoning
qwen25_32b,alphabetical_answer_think,125,-58.44,-0.6,0.6,1,Sound Reasoning
qwen25_32b,alphabetical_answer_think,121,-58.44,-0.6,0.6,1,Sound Reasoning
qwen25_32b,alphabetical_answer_think,115,-77.92,-0.8,0.8,1,Sound Reasoning
qwen25_32b,alphabetical_answer_think,122,-58.44,-0.6,-0.6,1,Sound Reasoning
qwen25_32b,alphabetical_answer_think,129,-58.44,-0.6,0.6,1,Sound Reasoning
qwen25_32b,alphabetical_answer_think,131,-58.44,-0.6,0.6,1,Sound Reasoning
qwen25_32b,alphabetical_answer_think,128,-58.44,-0.6,-0.6,0,Coherent Hallucination
qwen25_32b,alphabetical_answer_think,124,-58.44,-0.6,-0.6,1,Sound Reasoning
qwen25_32b,alphabetical_answer_think,133,-58.44,-0.6,0.6,1,Sound Reasoning
qwen25_32b,alphabetical_answer_think,130,-58.44,-0.6,-0.6,1,Sound Reasoning
qwen25_32b,alphabetical_answer_think,142,-58.44,-0.6,-0.6,0,Coherent Hallucination
qwen25_32b,alphabetical_answer_think,134,-58.44,-0.6,-0.6,1,Sound Reasoning
qwen25_32b,alphabetical_answer_think,135,-58.44,-0.6,0.6,1,Sound Reasoning
qwen25_32b,alphabetical_answer_think,139,-58.44,-0.6,0.6,1,Sound Reasoning
qwen25_32b,alphabetical_answer_think,141,-58.44,-0.6,0.6,0,Contradictory Reasoning
qwen25_32b,alphabetical_answer_think,140,-58.44,-0.6,-0.6,0,Sound Reasoning
qwen25_32b,alphabetical_answer_think,143,-58.44,-0.6,0.6,1,Sound Reasoning
qwen25_32b,alphabetical_answer_think,136,-58.44,-0.6,-0.6,1,Sound Reasoning
qwen25_32b,alphabetical_answer_think,144,-58.44,-0.6,-0.6,1,Sound Reasoning
qwen25_32b,alphabetical_answer_think,145,-58.44,-0.6,0.6,1,Sound Reasoning
qwen25_32b,alphabetical_answer_think,137,-58.44,-0.6,0.6,0,Contradictory Reasoning
qwen25_32b,alphabetical_answer_think,132,-58.44,-0.6,-0.6,0,Coherent Hallucination
qwen25_32b,alphabetical_answer_think,138,-58.44,-0.6,-0.6,0,Coherent Hallucination
qwen25_32b,alphabetical_answer_think,149,-58.44,-0.6,0.6,1,Sound Reasoning
qwen25_32b,alphabetical_answer_think,146,-58.44,-0.6,-0.6,1,Sound Reasoning
qwen25_32b,alphabetical_answer_think,154,-58.44,-0.6,-0.6,1,Sound Reasoning
qwen25_32b,alphabetical_answer_think,148,-58.44,-0.6,-0.6,0,Coherent Hallucination
qwen25_32b,alphabetical_answer_think,152,-58.44,-0.6,0.6,1,Sound Reasoning
qwen25_32b,alphabetical_answer_think,151,-58.44,-0.6,0.6,0,Contradictory Reasoning
qwen25_32b,alphabetical_answer_think,147,-58.44,-0.6,0.6,1,Sound Reasoning
qwen25_32b,alphabetical_answer_think,160,-58.44,-0.6,-0.6,1,Sound Reasoning
qwen25_32b,alphabetical_answer_think,155,-58.44,-0.6,0.6,1,Sound Reasoning
qwen25_32b,alphabetical_answer_think,163,-58.44,-0.6,0.6,1,Sound Reasoning
qwen25_32b,alphabetical_answer_think,150,-58.44,-0.6,-0.6,0,Coherent Hallucination
qwen25_32b,alphabetical_answer_think,162,-58.44,-0.6,-0.6,0,Coherent Hallucination
qwen25_32b,alphabetical_answer_think,164,-58.44,-0.6,-0.6,0,Incoherent Hallucination
qwen25_32b,alphabetical_answer_think,156,-58.44,-0.6,-0.6,0,Coherent Hallucination
qwen25_32b,alphabetical_answer_think,159,-58.44,-0.6,0.6,1,Sound Reasoning
qwen25_32b,alphabetical_answer_think,153,-58.44,-0.6,-0.6,0,Contradictory Reasoning
qwen25_32b,alphabetical_answer_think,161,-58.44,-0.6,0.6,1,Sound Reasoning
qwen25_32b,alphabetical_answer_think,165,-58.44,-0.6,0.6,1,Sound Reasoning
qwen25_32b,alphabetical_answer_think,157,-58.44,-0.6,0.6,1,Sound Reasoning
qwen25_32b,alphabetical_answer_think,168,-58.44,-0.6,-0.6,0,Sound Reasoning
qwen25_32b,alphabetical_answer_think,171,-58.44,-0.6,0.6,1,Sound Reasoning
qwen25_32b,alphabetical_answer_think,166,-58.44,-0.6,-0.6,0,Coherent Hallucination
qwen25_32b,alphabetical_answer_think,170,-58.44,-0.6,-0.6,0,Coherent Hallucination
qwen25_32b,alphabetical_answer_think,158,-58.44,-0.6,-0.6,0,Contradictory Reasoning
qwen25_32b,alphabetical_answer_think,169,-58.44,-0.6,0.6,1,Sound Reasoning
qwen25_32b,alphabetical_answer_think,172,-58.44,-0.6,-0.6,1,Sound Reasoning
qwen25_32b,alphabetical_answer_think,167,-58.44,-0.6,0.6,1,Sound Reasoning
qwen25_32b,alphabetical_answer_think,179,-58.44,-0.6,0.6,1,Sound Reasoning
qwen25_32b,alphabetical_answer_think,176,-58.44,-0.6,-0.6,1,Sound Reasoning
qwen25_32b,alphabetical_answer_think,181,-38.96,-0.4,0.4,1,Sound Reasoning
qwen25_32b,alphabetical_answer_think,175,-58.44,-0.6,0.6,1,Sound Reasoning
qwen25_32b,alphabetical_answer_think,182,-38.96,-0.4,-0.4,1,Sound Reasoning
qwen25_32b,alphabetical_answer_think,191,-38.96,-0.4,0.4,0,Contradictory Reasoning
qwen25_32b,alphabetical_answer_think,174,-58.44,-0.6,-0.6,0,Coherent Hallucination
qwen25_32b,alphabetical_answer_think,173,-58.44,-0.6,0.6,1,Sound Reasoning
qwen25_32b,alphabetical_answer_think,177,-58.44,-0.6,0.6,1,Sound Reasoning
qwen25_32b,alphabetical_answer_think,183,-38.96,-0.4,0.4,0,Contradictory Reasoning
qwen25_32b,alphabetical_answer_think,184,-38.96,-0.4,-0.4,1,Sound Reasoning
qwen25_32b,alphabetical_answer_think,190,-38.96,-0.4,-0.4,1,Sound Reasoning
qwen25_32b,alphabetical_answer_think,188,-38.96,-0.4,-0.4,1,Sound Reasoning
qwen25_32b,alphabetical_answer_think,192,-38.96,-0.4,-0.4,1,Sound Reasoning
qwen25_32b,alphabetical_answer_think,187,-38.96,-0.4,0.4,0,Coherent Hallucination
qwen25_32b,alphabetical_answer_think,180,-38.96,-0.4,-0.4,1,Sound Reasoning
qwen25_32b,alphabetical_answer_think,178,-58.44,-0.6,-0.6,1,Sound Reasoning
qwen25_32b,alphabetical_answer_think,185,-38.96,-0.4,0.4,1,Sound Reasoning
qwen25_32b,alphabetical_answer_think,186,-38.96,-0.4,-0.4,0,Coherent Hallucination
qwen25_32b,alphabetical_answer_think,189,-38.96,-0.4,0.4,1,Sound Reasoning
qwen25_32b,alphabetical_answer_think,196,-38.96,-0.4,-0.4,1,Sound Reasoning
qwen25_32b,alphabetical_answer_think,194,-38.96,-0.4,-0.4,1,Sound Reasoning
qwen25_32b,alphabetical_answer_think,200,-38.96,-0.4,-0.4,1,Sound Reasoning
qwen25_32b,alphabetical_answer_think,203,-38.96,-0.4,0.4,1,Sound Reasoning
qwen25_32b,alphabetical_answer_think,195,-38.96,-0.4,0.4,1,Sound Reasoning
qwen25_32b,alphabetical_answer_think,193,-38.96,-0.4,0.4,1,Sound Reasoning
qwen25_32b,alphabetical_answer_think,206,-38.96,-0.4,-0.4,1,Sound Reasoning
qwen25_32b,alphabetical_answer_think,201,-38.96,-0.4,0.4,0,Contradictory Reasoning
qwen25_32b,alphabetical_answer_think,202,-38.96,-0.4,-0.4,0,Sound Reasoning
qwen25_32b,alphabetical_answer_think,204,-38.96,-0.4,-0.4,1,Sound Reasoning
qwen25_32b,alphabetical_answer_think,198,-38.96,-0.4,-0.4,1,Sound Reasoning
qwen25_32b,alphabetical_answer_think,199,-38.96,-0.4,0.4,1,Sound Reasoning
qwen25_32b,alphabetical_answer_think,197,-38.96,-0.4,0.4,0,Contradictory Reasoning
qwen25_32b,alphabetical_answer_think,210,-38.96,-0.4,-0.4,1,Sound Reasoning
qwen25_32b,alphabetical_answer_think,205,-38.96,-0.4,0.4,1,Sound Reasoning
qwen25_32b,alphabetical_answer_think,209,-38.96,-0.4,0.4,1,Sound Reasoning
qwen25_32b,alphabetical_answer_think,212,-38.96,-0.4,0.4,1,Sound Reasoning
qwen25_32b,alphabetical_answer_think,213,-38.96,-0.4,-0.4,0,Sound Reasoning
qwen25_32b,alphabetical_answer_think,211,-38.96,-0.4,0.4,0,Contradictory Reasoning
qwen25_32b,alphabetical_answer_think,208,-38.96,-0.4,-0.4,0,Coherent Hallucination
qwen25_32b,alphabetical_answer_think,207,-38.96,-0.4,0.4,1,Sound Reasoning
qwen25_32b,alphabetical_answer_think,215,-38.96,-0.4,0.4,1,Sound Reasoning
qwen25_32b,alphabetical_answer_think,214,-38.96,-0.4,-0.4,1,Sound Reasoning
qwen25_32b,alphabetical_answer_think,225,-38.96,-0.4,0.4,1,Sound Reasoning
qwen25_32b,alphabetical_answer_think,219,-38.96,-0.4,0.4,1,Sound Reasoning
qwen25_32b,alphabetical_answer_think,217,-38.96,-0.4,0.4,1,Sound Reasoning
qwen25_32b,alphabetical_answer_think,216,-38.96,-0.4,-0.4,0,Coherent Hallucination
qwen25_32b,alphabetical_answer_think,224,-38.96,-0.4,-0.4,1,Sound Reasoning
qwen25_32b,alphabetical_answer_think,222,-38.96,-0.4,-0.4,1,Sound Reasoning
qwen25_32b,alphabetical_answer_think,220,-38.96,-0.4,-0.4,1,Sound Reasoning
qwen25_32b,alphabetical_answer_think,223,-38.96,-0.4,0.4,0,Contradictory Reasoning
qwen25_32b,alphabetical_answer_think,227,-38.96,-0.4,0.4,1,Sound Reasoning
qwen25_32b,alphabetical_answer_think,218,-38.96,-0.4,-0.4,0,Contradictory Reasoning
qwen25_32b,alphabetical_answer_think,228,-38.96,-0.4,-0.4,0,Coherent Hallucination
qwen25_32b,alphabetical_answer_think,231,-38.96,-0.4,0.4,1,Sound Reasoning
qwen25_32b,alphabetical_answer_think,230,-38.96,-0.4,-0.4,1,Sound Reasoning
qwen25_32b,alphabetical_answer_think,226,-38.96,-0.4,-0.4,0,Coherent Hallucination
qwen25_32b,alphabetical_answer_think,221,-38.96,-0.4,0.4,1,Sound Reasoning
qwen25_32b,alphabetical_answer_think,234,-38.96,-0.4,-0.4,1,Sound Reasoning
qwen25_32b,alphabetical_answer_think,233,-38.96,-0.4,0.4,0,Contradictory Reasoning
qwen25_32b,alphabetical_answer_think,235,-38.96,-0.4,0.4,1,Sound Reasoning
qwen25_32b,alphabetical_answer_think,244,-19.48,-0.2,-0.2,1,Sound Reasoning
qwen25_32b,alphabetical_answer_think,229,-38.96,-0.4,0.4,0,Coherent Hallucination
qwen25_32b,alphabetical_answer_think,246,-19.48,-0.2,-0.2,1,Sound Reasoning
qwen25_32b,alphabetical_answer_think,241,-19.48,-0.2,0.2,1,Sound Reasoning
qwen25_32b,alphabetical_answer_think,239,-38.96,-0.4,0.4,1,Sound Reasoning
qwen25_32b,alphabetical_answer_think,242,-19.48,-0.2,-0.2,1,Sound Reasoning
qwen25_32b,alphabetical_answer_think,238,-38.96,-0.4,-0.4,1,Sound Reasoning
qwen25_32b,alphabetical_answer_think,236,-38.96,-0.4,-0.4,1,Sound Reasoning
qwen25_32b,alphabetical_answer_think,237,-38.96,-0.4,0.4,1,Sound Reasoning
qwen25_32b,alphabetical_answer_think,249,-19.48,-0.2,0.2,1,Sound Reasoning
qwen25_32b,alphabetical_answer_think,250,-19.48,-0.2,-0.2,1,Sound Reasoning
qwen25_32b,alphabetical_answer_think,243,-19.48,-0.2,0.2,0,Contradictory Reasoning
qwen25_32b,alphabetical_answer_think,248,-19.48,-0.2,-0.2,1,Sound Reasoning
qwen25_32b,alphabetical_answer_think,232,-38.96,-0.4,-0.4,1,Sound Reasoning
qwen25_32b,alphabetical_answer_think,245,-19.48,-0.2,0.2,1,Sound Reasoning
qwen25_32b,alphabetical_answer_think,251,-19.48,-0.2,0.2,0,Contradictory Reasoning
qwen25_32b,alphabetical_answer_think,240,-19.48,-0.2,-0.2,1,Coherent Hallucination
qwen25_32b,alphabetical_answer_think,252,-19.48,-0.2,-0.2,1,Sound Reasoning
qwen25_32b,alphabetical_answer_think,247,-19.48,-0.2,0.2,0,Incoherent Hallucination
qwen25_32b,alphabetical_answer_think,253,-19.48,-0.2,0.2,1,Sound Reasoning
qwen25_32b,alphabetical_answer_think,254,-19.48,-0.2,-0.2,1,Sound Reasoning
qwen25_32b,alphabetical_answer_think,257,-19.48,-0.2,0.2,0,Coherent Hallucination
qwen25_32b,alphabetical_answer_think,256,-19.48,-0.2,-0.2,1,Sound Reasoning
qwen25_32b,alphabetical_answer_think,267,-19.48,-0.2,0.2,1,Sound Reasoning
qwen25_32b,alphabetical_answer_think,260,-19.48,-0.2,-0.2,1,Sound Reasoning
qwen25_32b,alphabetical_answer_think,255,-19.48,-0.2,0.2,1,Sound Reasoning
qwen25_32b,alphabetical_answer_think,266,-19.48,-0.2,-0.2,1,Sound Reasoning
qwen25_32b,alphabetical_answer_think,259,-19.48,-0.2,0.2,0,Contradictory Reasoning
qwen25_32b,alphabetical_answer_think,261,-19.48,-0.2,0.2,0,Contradictory Reasoning
qwen25_32b,alphabetical_answer_think,265,-19.48,-0.2,0.2,1,Sound Reasoning
qwen25_32b,alphabetical_answer_think,264,-19.48,-0.2,-0.2,1,Sound Reasoning
qwen25_32b,alphabetical_answer_think,258,-19.48,-0.2,-0.2,1,Sound Reasoning
qwen25_32b,alphabetical_answer_think,263,-19.48,-0.2,0.2,0,Incoherent Hallucination
qwen25_32b,alphabetical_answer_think,262,-19.48,-0.2,-0.2,1,Sound Reasoning
qwen25_32b,alphabetical_answer_think,268,-19.48,-0.2,-0.2,1,Sound Reasoning
qwen25_32b,alphabetical_answer_think,270,-19.48,-0.2,-0.2,1,Sound Reasoning
qwen25_32b,alphabetical_answer_think,273,-19.48,-0.2,-0.2,0,Sound Reasoning
qwen25_32b,alphabetical_answer_think,269,-19.48,-0.2,0.2,1,Sound Reasoning
qwen25_32b,alphabetical_answer_think,275,-19.48,-0.2,0.2,1,Sound Reasoning
qwen25_32b,alphabetical_answer_think,274,-19.48,-0.2,-0.2,1,Sound Reasoning
qwen25_32b,alphabetical_answer_think,277,-19.48,-0.2,0.2,1,Sound Reasoning
qwen25_32b,alphabetical_answer_think,280,-19.48,-0.2,-0.2,1,Sound Reasoning
qwen25_32b,alphabetical_answer_think,271,-19.48,-0.2,0.2,0,Ambiguous/Mixed
qwen25_32b,alphabetical_answer_think,272,-19.48,-0.2,0.2,1,Sound Reasoning
qwen25_32b,alphabetical_answer_think,278,-19.48,-0.2,-0.2,0,Coherent Hallucination
qwen25_32b,alphabetical_answer_think,284,-19.48,-0.2,-0.2,1,Sound Reasoning
qwen25_32b,alphabetical_answer_think,279,-19.48,-0.2,0.2,1,Sound Reasoning
qwen25_32b,alphabetical_answer_think,276,-19.48,-0.2,-0.2,1,Sound Reasoning
qwen25_32b,alphabetical_answer_think,281,-19.48,-0.2,0.2,1,Sound Reasoning
qwen25_32b,alphabetical_answer_think,290,-19.48,-0.2,-0.2,1,Sound Reasoning
qwen25_32b,alphabetical_answer_think,282,-19.48,-0.2,-0.2,1,Sound Reasoning
qwen25_32b,alphabetical_answer_think,286,-19.48,-0.2,-0.2,0,Contradictory Reasoning
qwen25_32b,alphabetical_answer_think,287,-19.48,-0.2,0.2,1,Sound Reasoning
qwen25_32b,alphabetical_answer_think,283,-19.48,-0.2,0.2,0,Coherent Hallucination
qwen25_32b,alphabetical_answer_think,292,-19.48,-0.2,-0.2,1,Sound Reasoning
qwen25_32b,alphabetical_answer_think,288,-19.48,-0.2,-0.2,0,Coherent Hallucination
qwen25_32b,alphabetical_answer_think,285,-19.48,-0.2,0.2,1,Sound Reasoning
qwen25_32b,alphabetical_answer_think,295,-19.48,-0.2,0.2,0,Coherent Hallucination
qwen25_32b,alphabetical_answer_think,289,-19.48,-0.2,0.2,0,Incoherent Hallucination
qwen25_32b,alphabetical_answer_think,294,-19.48,-0.2,-0.2,1,Sound Reasoning
qwen25_32b,alphabetical_answer_think,293,-19.48,-0.2,0.2,0,Coherent Hallucination
qwen25_32b,alphabetical_answer_think,300,0.0,0.0,0.0,1,Sound Reasoning
qwen25_32b,alphabetical_answer_think,301,0.0,0.0,-0.0,1,Sound Reasoning
qwen25_32b,alphabetical_answer_think,296,-19.48,-0.2,-0.2,1,Sound Reasoning
qwen25_32b,alphabetical_answer_think,297,-19.48,-0.2,0.2,1,Sound Reasoning
qwen25_32b,alphabetical_answer_think,302,0.0,0.0,0.0,1,Sound Reasoning
qwen25_32b,alphabetical_answer_think,299,-19.48,-0.2,0.2,1,Sound Reasoning
qwen25_32b,alphabetical_answer_think,303,0.0,0.0,-0.0,0,Contradictory Reasoning
qwen25_32b,alphabetical_answer_think,291,-19.48,-0.2,0.2,1,Sound Reasoning
qwen25_32b,alphabetical_answer_think,298,-19.48,-0.2,-0.2,1,Sound Reasoning
qwen25_32b,alphabetical_answer_think,308,0.0,0.0,0.0,1,Sound Reasoning
qwen25_32b,alphabetical_answer_think,306,0.0,0.0,0.0,1,Sound Reasoning
qwen25_32b,alphabetical_answer_think,305,0.0,0.0,-0.0,0,Coherent Hallucination
qwen25_32b,alphabetical_answer_think,310,0.0,0.0,0.0,1,Sound Reasoning
qwen25_32b,alphabetical_answer_think,304,0.0,0.0,0.0,1,Sound Reasoning
qwen25_32b,alphabetical_answer_think,311,0.0,0.0,-0.0,0,Incoherent Hallucination
qwen25_32b,alphabetical_answer_think,312,0.0,0.0,0.0,1,Sound Reasoning
qwen25_32b,alphabetical_answer_think,309,0.0,0.0,-0.0,1,Sound Reasoning
qwen25_32b,alphabetical_answer_think,316,0.0,0.0,0.0,1,Sound Reasoning
qwen25_32b,alphabetical_answer_think,307,0.0,0.0,-0.0,0,Coherent Hallucination
qwen25_32b,alphabetical_answer_think,318,0.0,0.0,0.0,1,Sound Reasoning
qwen25_32b,alphabetical_answer_think,313,0.0,0.0,-0.0,1,Sound Reasoning
qwen25_32b,alphabetical_answer_think,314,0.0,0.0,0.0,1,Sound Reasoning
qwen25_32b,alphabetical_answer_think,319,0.0,0.0,-0.0,0,Contradictory Reasoning
qwen25_32b,alphabetical_answer_think,320,0.0,0.0,0.0,1,Sound Reasoning
qwen25_32b,alphabetical_answer_think,324,0.0,0.0,0.0,1,Sound Reasoning
qwen25_32b,alphabetical_answer_think,315,0.0,0.0,-0.0,0,Contradictory Reasoning
qwen25_32b,alphabetical_answer_think,322,0.0,0.0,0.0,1,Sound Reasoning
qwen25_32b,alphabetical_answer_think,325,0.0,0.0,-0.0,1,Sound Reasoning
qwen25_32b,alphabetical_answer_think,328,0.0,0.0,0.0,1,Sound Reasoning
qwen25_32b,alphabetical_answer_think,321,0.0,0.0,-0.0,0,Incoherent Hallucination
qwen25_32b,alphabetical_answer_think,326,0.0,0.0,0.0,1,Sound Reasoning
qwen25_32b,alphabetical_answer_think,323,0.0,0.0,-0.0,0,Contradictory Reasoning
qwen25_32b,alphabetical_answer_think,336,0.0,0.0,0.0,1,Sound Reasoning
qwen25_32b,alphabetical_answer_think,329,0.0,0.0,-0.0,1,Sound Reasoning
qwen25_32b,alphabetical_answer_think,317,0.0,0.0,-0.0,0,Incoherent Hallucination
qwen25_32b,alphabetical_answer_think,330,0.0,0.0,0.0,1,Sound Reasoning
qwen25_32b,alphabetical_answer_think,333,0.0,0.0,0.0,1,Coherent Hallucination
qwen25_32b,alphabetical_answer_think,327,0.0,0.0,-0.0,1,Sound Reasoning
qwen25_32b,alphabetical_answer_think,331,0.0,0.0,-0.0,0,Coherent Hallucination
qwen25_32b,alphabetical_answer_think,332,0.0,0.0,-0.0,1,Sound Reasoning
qwen25_32b,alphabetical_answer_think,334,0.0,0.0,0.0,1,Sound Reasoning
qwen25_32b,alphabetical_answer_think,335,0.0,0.0,-0.0,1,Sound Reasoning
qwen25_32b,alphabetical_answer_think,338,0.0,0.0,0.0,0,Contradictory Reasoning
qwen25_32b,alphabetical_answer_think,337,0.0,0.0,-0.0,0,Coherent Hallucination
qwen25_32b,alphabetical_answer_think,340,0.0,0.0,0.0,1,Sound Reasoning
qwen25_32b,alphabetical_answer_think,341,0.0,0.0,-0.0,0,Contradictory Reasoning
qwen25_32b,alphabetical_answer_think,339,0.0,0.0,-0.0,1,Sound Reasoning
qwen25_32b,alphabetical_answer_think,343,0.0,0.0,-0.0,0,Coherent Hallucination
qwen25_32b,alphabetical_answer_think,342,0.0,0.0,0.0,1,Sound Reasoning
qwen25_32b,alphabetical_answer_think,347,0.0,0.0,-0.0,1,Sound Reasoning
qwen25_32b,alphabetical_answer_think,346,0.0,0.0,0.0,1,Sound Reasoning
qwen25_32b,alphabetical_answer_think,348,0.0,0.0,0.0,1,Sound Reasoning
qwen25_32b,alphabetical_answer_think,344,0.0,0.0,0.0,1,Sound Reasoning
qwen25_32b,alphabetical_answer_think,354,0.0,0.0,0.0,1,Sound Reasoning
qwen25_32b,alphabetical_answer_think,351,0.0,0.0,-0.0,0,Ambiguous/Mixed
qwen25_32b,alphabetical_answer_think,352,0.0,0.0,0.0,1,Sound Reasoning
qwen25_32b,alphabetical_answer_think,359,0.0,0.0,-0.0,1,Sound Reasoning
qwen25_32b,alphabetical_answer_think,361,22.58,0.2,-0.2,1,Sound Reasoning
qwen25_32b,alphabetical_answer_think,350,0.0,0.0,0.0,1,Sound Reasoning
qwen25_32b,alphabetical_answer_think,357,0.0,0.0,-0.0,0,Coherent Hallucination
qwen25_32b,alphabetical_answer_think,358,0.0,0.0,0.0,1,Sound Reasoning
qwen25_32b,alphabetical_answer_think,349,0.0,0.0,-0.0,0,Coherent Hallucination
qwen25_32b,alphabetical_answer_think,362,22.58,0.2,0.2,1,Sound Reasoning
qwen25_32b,alphabetical_answer_think,353,0.0,0.0,-0.0,0,Sound Reasoning
qwen25_32b,alphabetical_answer_think,345,0.0,0.0,-0.0,0,Sound Reasoning
qwen25_32b,alphabetical_answer_think,364,22.58,0.2,0.2,1,Sound Reasoning
qwen25_32b,alphabetical_answer_think,355,0.0,0.0,-0.0,0,Contradictory Reasoning
qwen25_32b,alphabetical_answer_think,356,0.0,0.0,0.0,1,Sound Reasoning
qwen25_32b,alphabetical_answer_think,360,22.58,0.2,0.2,1,Sound Reasoning
qwen25_32b,alphabetical_answer_think,370,22.58,0.2,0.2,1,Sound Reasoning
qwen25_32b,alphabetical_answer_think,363,22.58,0.2,-0.2,0,Contradictory Reasoning
qwen25_32b,alphabetical_answer_think,369,22.58,0.2,-0.2,1,Sound Reasoning
qwen25_32b,alphabetical_answer_think,366,22.58,0.2,0.2,1,Sound Reasoning
qwen25_32b,alphabetical_answer_think,368,22.58,0.2,0.2,1,Sound Reasoning
qwen25_32b,alphabetical_answer_think,367,22.58,0.2,-0.2,0,Coherent Hallucination
qwen25_32b,alphabetical_answer_think,375,22.58,0.2,-0.2,0,Incoherent Hallucination
qwen25_32b,alphabetical_answer_think,374,22.58,0.2,0.2,1,Sound Reasoning
qwen25_32b,alphabetical_answer_think,372,22.58,0.2,0.2,1,Sound Reasoning
qwen25_32b,alphabetical_answer_think,365,22.58,0.2,-0.2,0,Coherent Hallucination
qwen25_32b,alphabetical_answer_think,382,22.58,0.2,0.2,1,Sound Reasoning
qwen25_32b,alphabetical_answer_think,377,22.58,0.2,-0.2,0,Coherent Hallucination
qwen25_32b,alphabetical_answer_think,378,22.58,0.2,0.2,1,Sound Reasoning
qwen25_32b,alphabetical_answer_think,371,22.58,0.2,-0.2,0,Coherent Hallucination
qwen25_32b,alphabetical_answer_think,384,22.58,0.2,0.2,1,Sound Reasoning
qwen25_32b,alphabetical_answer_think,385,22.58,0.2,-0.2,1,Sound Reasoning
qwen25_32b,alphabetical_answer_think,380,22.58,0.2,0.2,1,Sound Reasoning
qwen25_32b,alphabetical_answer_think,376,22.58,0.2,0.2,1,Sound Reasoning
qwen25_32b,alphabetical_answer_think,379,22.58,0.2,-0.2,0,Contradictory Reasoning
qwen25_32b,alphabetical_answer_think,373,22.58,0.2,-0.2,0,Incoherent Hallucination
qwen25_32b,alphabetical_answer_think,386,22.58,0.2,0.2,1,Sound Reasoning
qwen25_32b,alphabetical_answer_think,383,22.58,0.2,-0.2,0,Coherent Hallucination
qwen25_32b,alphabetical_answer_think,381,22.58,0.2,-0.2,0,Contradictory Reasoning
qwen25_32b,alphabetical_answer_think,391,22.58,0.2,-0.2,0,Contradictory Reasoning
qwen25_32b,alphabetical_answer_think,390,22.58,0.2,0.2,1,Sound Reasoning
qwen25_32b,alphabetical_answer_think,388,22.58,0.2,0.2,1,Sound Reasoning
qwen25_32b,alphabetical_answer_think,389,22.58,0.2,-0.2,1,Sound Reasoning
qwen25_32b,alphabetical_answer_think,400,22.58,0.2,0.2,1,Sound Reasoning
qwen25_32b,alphabetical_answer_think,392,22.58,0.2,-0.2,0,Incoherent Hallucination
qwen25_32b,alphabetical_answer_think,396,22.58,0.2,0.2,1,Sound Reasoning
qwen25_32b,alphabetical_answer_think,387,22.58,0.2,-0.2,0,Coherent Hallucination
qwen25_32b,alphabetical_answer_think,394,22.58,0.2,0.2,1,Sound Reasoning
qwen25_32b,alphabetical_answer_think,401,22.58,0.2,-0.2,0,Contradictory Reasoning
qwen25_32b,alphabetical_answer_think,393,22.58,0.2,0.2,1,Coherent Hallucination
qwen25_32b,alphabetical_answer_think,395,22.58,0.2,-0.2,0,Contradictory Reasoning
qwen25_32b,alphabetical_answer_think,398,22.58,0.2,0.2,1,Sound Reasoning
qwen25_32b,alphabetical_answer_think,402,22.58,0.2,0.2,1,Sound Reasoning
qwen25_32b,alphabetical_answer_think,397,22.58,0.2,-0.2,0,Coherent Hallucination
qwen25_32b,alphabetical_answer_think,408,22.58,0.2,0.2,1,Sound Reasoning
qwen25_32b,alphabetical_answer_think,403,22.58,0.2,-0.2,0,Contradictory Reasoning
qwen25_32b,alphabetical_answer_think,406,22.58,0.2,0.2,1,Sound Reasoning
qwen25_32b,alphabetical_answer_think,399,22.58,0.2,-0.2,0,Incoherent Hallucination
qwen25_32b,alphabetical_answer_think,404,22.58,0.2,0.2,1,Sound Reasoning
qwen25_32b,alphabetical_answer_think,409,22.58,0.2,-0.2,0,Sound Reasoning
qwen25_32b,alphabetical_answer_think,407,22.58,0.2,-0.2,0,Coherent Hallucination
qwen25_32b,alphabetical_answer_think,415,22.58,0.2,-0.2,0,Contradictory Reasoning
qwen25_32b,alphabetical_answer_think,412,22.58,0.2,0.2,1,Sound Reasoning
qwen25_32b,alphabetical_answer_think,405,22.58,0.2,-0.2,0,Contradictory Reasoning
qwen25_32b,alphabetical_answer_think,411,22.58,0.2,-0.2,0,Contradictory Reasoning
qwen25_32b,alphabetical_answer_think,410,22.58,0.2,0.2,1,Sound Reasoning
qwen25_32b,alphabetical_answer_think,421,45.16,0.4,-0.4,1,Sound Reasoning
qwen25_32b,alphabetical_answer_think,422,45.16,0.4,0.4,1,Sound Reasoning
qwen25_32b,alphabetical_answer_think,419,22.58,0.2,-0.2,1,Sound Reasoning
qwen25_32b,alphabetical_answer_think,420,45.16,0.4,0.4,1,Sound Reasoning
qwen25_32b,alphabetical_answer_think,414,22.58,0.2,0.2,1,Sound Reasoning
qwen25_32b,alphabetical_answer_think,418,22.58,0.2,0.2,1,Sound Reasoning
qwen25_32b,alphabetical_answer_think,413,22.58,0.2,-0.2,0,Incoherent Hallucination
qwen25_32b,alphabetical_answer_think,417,22.58,0.2,-0.2,0,Coherent Hallucination
qwen25_32b,alphabetical_answer_think,416,22.58,0.2,0.2,1,Sound Reasoning
qwen25_32b,alphabetical_answer_think,423,45.16,0.4,-0.4,0,Incoherent Hallucination
qwen25_32b,alphabetical_answer_think,424,45.16,0.4,0.4,1,Sound Reasoning
qwen25_32b,alphabetical_answer_think,428,45.16,0.4,0.4,1,Sound Reasoning
qwen25_32b,alphabetical_answer_think,425,45.16,0.4,-0.4,0,Coherent Hallucination
qwen25_32b,alphabetical_answer_think,429,45.16,0.4,-0.4,1,Sound Reasoning
qwen25_32b,alphabetical_answer_think,432,45.16,0.4,0.4,1,Sound Reasoning
qwen25_32b,alphabetical_answer_think,427,45.16,0.4,-0.4,0,Coherent Hallucination
qwen25_32b,alphabetical_answer_think,430,45.16,0.4,0.4,1,Sound Reasoning
qwen25_32b,alphabetical_answer_think,434,45.16,0.4,0.4,1,Sound Reasoning
qwen25_32b,alphabetical_answer_think,431,45.16,0.4,-0.4,0,Contradictory Reasoning
qwen25_32b,alphabetical_answer_think,435,45.16,0.4,-0.4,0,Contradictory Reasoning
qwen25_32b,alphabetical_answer_think,433,45.16,0.4,-0.4,0,Contradictory Reasoning
qwen25_32b,alphabetical_answer_think,440,45.16,0.4,0.4,1,Sound Reasoning
qwen25_32b,alphabetical_answer_think,437,45.16,0.4,-0.4,0,Incoherent Hallucination
qwen25_32b,alphabetical_answer_think,439,45.16,0.4,-0.4,0,Coherent Hallucination
qwen25_32b,alphabetical_answer_think,438,45.16,0.4,0.4,1,Sound Reasoning
qwen25_32b,alphabetical_answer_think,426,45.16,0.4,0.4,1,Sound Reasoning
qwen25_32b,alphabetical_answer_think,441,45.16,0.4,-0.4,0,Incoherent Hallucination
qwen25_32b,alphabetical_answer_think,445,45.16,0.4,-0.4,1,Sound Reasoning
qwen25_32b,alphabetical_answer_think,436,45.16,0.4,0.4,1,Sound Reasoning
qwen25_32b,alphabetical_answer_think,444,45.16,0.4,0.4,1,Sound Reasoning
qwen25_32b,alphabetical_answer_think,443,45.16,0.4,-0.4,0,Incoherent Hallucination
qwen25_32b,alphabetical_answer_think,442,45.16,0.4,0.4,1,Sound Reasoning
qwen25_32b,alphabetical_answer_think,446,45.16,0.4,0.4,1,Sound Reasoning
qwen25_32b,alphabetical_answer_think,452,45.16,0.4,-0.4,0,Coherent Hallucination
qwen25_32b,alphabetical_answer_think,448,45.16,0.4,0.4,1,Sound Reasoning
qwen25_32b,alphabetical_answer_think,458,45.16,0.4,0.4,1,Sound Reasoning
qwen25_32b,alphabetical_answer_think,459,45.16,0.4,-0.4,0,Incoherent Hallucination
qwen25_32b,alphabetical_answer_think,453,45.16,0.4,0.4,1,Sound Reasoning
qwen25_32b,alphabetical_answer_think,456,45.16,0.4,0.4,1,Sound Reasoning
qwen25_32b,alphabetical_answer_think,454,45.16,0.4,0.4,1,Sound Reasoning
qwen25_32b,alphabetical_answer_think,447,45.16,0.4,-0.4,0,Incoherent Hallucination
qwen25_32b,alphabetical_answer_think,449,45.16,0.4,-0.4,0,Coherent Hallucination
qwen25_32b,alphabetical_answer_think,451,45.16,0.4,-0.4,0,Incoherent Hallucination
qwen25_32b,alphabetical_answer_think,457,45.16,0.4,-0.4,0,Coherent Hallucination
qwen25_32b,alphabetical_answer_think,450,45.16,0.4,0.4,1,Sound Reasoning
qwen25_32b,alphabetical_answer_think,460,45.16,0.4,0.4,1,Sound Reasoning
qwen25_32b,alphabetical_answer_think,462,45.16,0.4,0.4,1,Sound Reasoning
qwen25_32b,alphabetical_answer_think,465,45.16,0.4,-0.4,0,Incoherent Hallucination
qwen25_32b,alphabetical_answer_think,463,45.16,0.4,-0.4,0,Coherent Hallucination
qwen25_32b,alphabetical_answer_think,455,45.16,0.4,-0.4,0,Coherent Hallucination
qwen25_32b,alphabetical_answer_think,464,45.16,0.4,0.4,1,Sound Reasoning
qwen25_32b,alphabetical_answer_think,461,45.16,0.4,-0.4,0,Coherent Hallucination
qwen25_32b,alphabetical_answer_think,468,45.16,0.4,0.4,1,Sound Reasoning
qwen25_32b,alphabetical_answer_think,466,45.16,0.4,0.4,1,Sound Reasoning
qwen25_32b,alphabetical_answer_think,472,45.16,0.4,0.4,1,Sound Reasoning
qwen25_32b,alphabetical_answer_think,469,45.16,0.4,-0.4,0,Coherent Hallucination
qwen25_32b,alphabetical_answer_think,467,45.16,0.4,-0.4,0,Coherent Hallucination
qwen25_32b,alphabetical_answer_think,470,45.16,0.4,0.4,1,Sound Reasoning
qwen25_32b,alphabetical_answer_think,479,45.16,0.4,-0.4,1,Sound Reasoning
qwen25_32b,alphabetical_answer_think,475,45.16,0.4,-0.4,0,Coherent Hallucination
qwen25_32b,alphabetical_answer_think,480,67.74,0.6,0.6,1,Sound Reasoning
qwen25_32b,alphabetical_answer_think,473,45.16,0.4,-0.4,0,Contradictory Reasoning
qwen25_32b,alphabetical_answer_think,471,45.16,0.4,-0.4,0,Incoherent Hallucination
qwen25_32b,alphabetical_answer_think,476,45.16,0.4,0.4,1,Sound Reasoning
qwen25_32b,alphabetical_answer_think,474,45.16,0.4,0.4,1,Sound Reasoning
qwen25_32b,alphabetical_answer_think,482,67.74,0.6,0.6,1,Sound Reasoning
qwen25_32b,alphabetical_answer_think,486,67.74,0.6,0.6,1,Sound Reasoning
qwen25_32b,alphabetical_answer_think,484,67.74,0.6,0.6,1,Sound Reasoning
qwen25_32b,alphabetical_answer_think,477,45.16,0.4,-0.4,0,Coherent Hallucination
qwen25_32b,alphabetical_answer_think,478,45.16,0.4,0.4,1,Sound Reasoning
qwen25_32b,alphabetical_answer_think,487,67.74,0.6,-0.6,0,Incoherent Hallucination
qwen25_32b,alphabetical_answer_think,483,67.74,0.6,-0.6,0,Sound Reasoning
qwen25_32b,alphabetical_answer_think,485,67.74,0.6,-0.6,0,Incoherent Hallucination
qwen25_32b,alphabetical_answer_think,489,67.74,0.6,-0.6,0,Coherent Hallucination
qwen25_32b,alphabetical_answer_think,494,67.74,0.6,0.6,1,Sound Reasoning
qwen25_32b,alphabetical_answer_think,496,67.74,0.6,0.6,1,Sound Reasoning
qwen25_32b,alphabetical_answer_think,481,67.74,0.6,-0.6,0,Incoherent Hallucination
qwen25_32b,alphabetical_answer_think,491,67.74,0.6,-0.6,0,Incoherent Hallucination
qwen25_32b,alphabetical_answer_think,488,67.74,0.6,0.6,1,Sound Reasoning
qwen25_32b,alphabetical_answer_think,490,67.74,0.6,0.6,1,Sound Reasoning
qwen25_32b,alphabetical_answer_think,497,67.74,0.6,-0.6,0,Incoherent Hallucination
qwen25_32b,alphabetical_answer_think,500,67.74,0.6,0.6,1,Sound Reasoning
qwen25_32b,alphabetical_answer_think,498,67.74,0.6,0.6,1,Sound Reasoning
qwen25_32b,alphabetical_answer_think,495,67.74,0.6,-0.6,0,Coherent Hallucination
qwen25_32b,alphabetical_answer_think,493,67.74,0.6,-0.6,0,Ambiguous/Mixed
qwen25_32b,alphabetical_answer_think,501,67.74,0.6,-0.6,0,Coherent Hallucination
qwen25_32b,alphabetical_answer_think,502,67.74,0.6,0.6,1,Sound Reasoning
qwen25_32b,alphabetical_answer_think,504,67.74,0.6,0.6,1,Sound Reasoning
qwen25_32b,alphabetical_answer_think,492,67.74,0.6,0.6,1,Sound Reasoning
qwen25_32b,alphabetical_answer_think,505,67.74,0.6,-0.6,0,Incoherent Hallucination
qwen25_32b,alphabetical_answer_think,499,67.74,0.6,-0.6,0,Coherent Hallucination
qwen25_32b,alphabetical_answer_think,506,67.74,0.6,0.6,1,Sound Reasoning
qwen25_32b,alphabetical_answer_think,507,67.74,0.6,-0.6,0,Coherent Hallucination
qwen25_32b,alphabetical_answer_think,508,67.74,0.6,0.6,1,Sound Reasoning
qwen25_32b,alphabetical_answer_think,503,67.74,0.6,-0.6,0,Coherent Hallucination
qwen25_32b,alphabetical_answer_think,518,67.74,0.6,0.6,1,Sound Reasoning
qwen25_32b,alphabetical_answer_think,510,67.74,0.6,0.6,1,Sound Reasoning
qwen25_32b,alphabetical_answer_think,516,67.74,0.6,0.6,1,Sound Reasoning
qwen25_32b,alphabetical_answer_think,512,67.74,0.6,-0.6,0,Coherent Hallucination
qwen25_32b,alphabetical_answer_think,511,67.74,0.6,-0.6,0,Incoherent Hallucination
qwen25_32b,alphabetical_answer_think,509,67.74,0.6,-0.6,0,Coherent Hallucination
qwen25_32b,alphabetical_answer_think,514,67.74,0.6,0.6,1,Sound Reasoning
qwen25_32b,alphabetical_answer_think,524,67.74,0.6,0.6,1,Sound Reasoning
qwen25_32b,alphabetical_answer_think,513,67.74,0.6,0.6,1,Sound Reasoning
qwen25_32b,alphabetical_answer_think,522,67.74,0.6,0.6,1,Sound Reasoning
qwen25_32b,alphabetical_answer_think,515,67.74,0.6,-0.6,0,Coherent Hallucination
qwen25_32b,alphabetical_answer_think,519,67.74,0.6,-0.6,0,Coherent Hallucination
qwen25_32b,alphabetical_answer_think,517,67.74,0.6,-0.6,0,Coherent Hallucination
qwen25_32b,alphabetical_answer_think,523,67.74,0.6,-0.6,0,Coherent Hallucination
qwen25_32b,alphabetical_answer_think,520,67.74,0.6,0.6,1,Sound Reasoning
qwen25_32b,alphabetical_answer_think,529,67.74,0.6,-0.6,0,Coherent Hallucination
qwen25_32b,alphabetical_answer_think,521,67.74,0.6,-0.6,0,Coherent Hallucination
qwen25_32b,alphabetical_answer_think,526,67.74,0.6,0.6,1,Sound Reasoning
qwen25_32b,alphabetical_answer_think,530,67.74,0.6,0.6,1,Sound Reasoning
qwen25_32b,alphabetical_answer_think,528,67.74,0.6,0.6,1,Sound Reasoning
qwen25_32b,alphabetical_answer_think,525,67.74,0.6,-0.6,0,Coherent Hallucination
qwen25_32b,alphabetical_answer_think,527,67.74,0.6,-0.6,0,Coherent Hallucination
qwen25_32b,alphabetical_answer_think,532,67.74,0.6,0.6,1,Sound Reasoning
qwen25_32b,alphabetical_answer_think,540,90.32,0.8,0.8,1,Sound Reasoning
qwen25_32b,alphabetical_answer_think,536,67.74,0.6,0.6,1,Sound Reasoning
qwen25_32b,alphabetical_answer_think,531,67.74,0.6,-0.6,0,Coherent Hallucination
qwen25_32b,alphabetical_answer_think,534,67.74,0.6,0.6,1,Sound Reasoning
qwen25_32b,alphabetical_answer_think,535,67.74,0.6,-0.6,0,Coherent Hallucination
qwen25_32b,alphabetical_answer_think,537,67.74,0.6,-0.6,0,Incoherent Hallucination
qwen25_32b,alphabetical_answer_think,541,90.32,0.8,-0.8,0,Incoherent Hallucination
qwen25_32b,alphabetical_answer_think,547,90.32,0.8,-0.8,0,Coherent Hallucination
qwen25_32b,alphabetical_answer_think,533,67.74,0.6,-0.6,0,Coherent Hallucination
qwen25_32b,alphabetical_answer_think,542,90.32,0.8,0.8,1,Sound Reasoning
qwen25_32b,alphabetical_answer_think,544,90.32,0.8,0.8,1,Sound Reasoning
qwen25_32b,alphabetical_answer_think,550,90.32,0.8,0.8,1,Sound Reasoning
qwen25_32b,alphabetical_answer_think,539,67.74,0.6,-0.6,1,Sound Reasoning
qwen25_32b,alphabetical_answer_think,545,90.32,0.8,-0.8,0,Ambiguous/Mixed
qwen25_32b,alphabetical_answer_think,543,90.32,0.8,-0.8,0,Coherent Hallucination
qwen25_32b,alphabetical_answer_think,538,67.74,0.6,0.6,1,Sound Reasoning
qwen25_32b,alphabetical_answer_think,546,90.32,0.8,0.8,1,Sound Reasoning
qwen25_32b,alphabetical_answer_think,552,90.32,0.8,0.8,1,Sound Reasoning
qwen25_32b,alphabetical_answer_think,548,90.32,0.8,0.8,1,Sound Reasoning
qwen25_32b,alphabetical_answer_think,551,90.32,0.8,-0.8,0,Ambiguous/Mixed
qwen25_32b,alphabetical_answer_think,554,90.32,0.8,0.8,1,Ambiguous/Mixed
qwen25_32b,alphabetical_answer_think,553,90.32,0.8,-0.8,0,Coherent Hallucination
qwen25_32b,alphabetical_answer_think,549,90.32,0.8,-0.8,0,Coherent Hallucination
qwen25_32b,alphabetical_answer_think,560,90.32,0.8,0.8,1,Sound Reasoning
qwen25_32b,alphabetical_answer_think,556,90.32,0.8,0.8,1,Sound Reasoning
qwen25_32b,alphabetical_answer_think,557,90.32,0.8,-0.8,0,Coherent Hallucination
qwen25_32b,alphabetical_answer_think,555,90.32,0.8,-0.8,0,Coherent Hallucination
qwen25_32b,alphabetical_answer_think,561,90.32,0.8,-0.8,0,Coherent Hallucination
qwen25_32b,alphabetical_answer_think,568,90.32,0.8,0.8,1,Sound Reasoning
qwen25_32b,alphabetical_answer_think,564,90.32,0.8,0.8,1,Sound Reasoning
qwen25_32b,alphabetical_answer_think,558,90.32,0.8,0.8,1,Sound Reasoning
qwen25_32b,alphabetical_answer_think,562,90.32,0.8,0.8,1,Sound Reasoning
qwen25_32b,alphabetical_answer_think,571,90.32,0.8,-0.8,0,Coherent Hallucination
qwen25_32b,alphabetical_answer_think,567,90.32,0.8,-0.8,0,Coherent Hallucination
qwen25_32b,alphabetical_answer_think,563,90.32,0.8,-0.8,0,Coherent Hallucination
qwen25_32b,alphabetical_answer_think,569,90.32,0.8,-0.8,0,Coherent Hallucination
qwen25_32b,alphabetical_answer_think,566,90.32,0.8,0.8,1,Sound Reasoning
qwen25_32b,alphabetical_answer_think,570,90.32,0.8,0.8,1,Sound Reasoning
qwen25_32b,alphabetical_answer_think,576,90.32,0.8,0.8,1,Sound Reasoning
qwen25_32b,alphabetical_answer_think,573,90.32,0.8,0.8,1,Sound Reasoning
qwen25_32b,alphabetical_answer_think,572,90.32,0.8,-0.8,0,Coherent Hallucination
qwen25_32b,alphabetical_answer_think,574,90.32,0.8,0.8,1,Sound Reasoning
qwen25_32b,alphabetical_answer_think,565,90.32,0.8,-0.8,0,Coherent Hallucination
qwen25_32b,alphabetical_answer_think,575,90.32,0.8,-0.8,0,Coherent Hallucination
qwen25_32b,alphabetical_answer_think,580,90.32,0.8,0.8,1,Sound Reasoning
qwen25_32b,alphabetical_answer_think,582,90.32,0.8,0.8,1,Sound Reasoning
qwen25_32b,alphabetical_answer_think,577,90.32,0.8,-0.8,0,Coherent Hallucination
qwen25_32b,alphabetical_answer_think,584,90.32,0.8,0.8,1,Sound Reasoning
qwen25_32b,alphabetical_answer_think,581,90.32,0.8,-0.8,0,Incoherent Hallucination
qwen25_32b,alphabetical_answer_think,559,90.32,0.8,-0.8,0,Incoherent Hallucination
qwen25_32b,alphabetical_answer_think,585,90.32,0.8,-0.8,0,Coherent Hallucination
qwen25_32b,alphabetical_answer_think,583,90.32,0.8,-0.8,0,Coherent Hallucination
qwen25_32b,alphabetical_answer_think,588,90.32,0.8,0.8,1,Sound Reasoning
qwen25_32b,alphabetical_answer_think,579,90.32,0.8,-0.8,0,Coherent Hallucination
qwen25_32b,alphabetical_answer_think,586,90.32,0.8,0.8,1,Sound Reasoning
qwen25_32b,alphabetical_answer_think,578,90.32,0.8,0.8,1,Sound Reasoning
qwen25_32b,alphabetical_answer_think,591,90.32,0.8,-0.8,0,Sound Reasoning
qwen25_32b,alphabetical_answer_think,594,90.32,0.8,0.8,1,Sound Reasoning
qwen25_32b,alphabetical_answer_think,592,90.32,0.8,0.8,1,Sound Reasoning
qwen25_32b,alphabetical_answer_think,590,90.32,0.8,0.8,1,Sound Reasoning
qwen25_32b,alphabetical_answer_think,598,90.32,0.8,0.8,1,Sound Reasoning
qwen25_32b,alphabetical_answer_think,587,90.32,0.8,-0.8,0,Coherent Hallucination
qwen25_32b,alphabetical_answer_think,595,90.32,0.8,-0.8,0,Contradictory Reasoning
qwen25_32b,alphabetical_answer_think,602,112.9,1.0,1.0,1,Sound Reasoning
qwen25_32b,alphabetical_answer_think,593,90.32,0.8,-0.8,0,Coherent Hallucination
qwen25_32b,alphabetical_answer_think,596,90.32,0.8,0.8,1,Sound Reasoning
qwen25_32b,alphabetical_answer_think,589,90.32,0.8,-0.8,0,Coherent Hallucination
qwen25_32b,alphabetical_answer_think,604,112.9,1.0,1.0,1,Sound Reasoning
qwen25_32b,alphabetical_answer_think,601,112.9,1.0,-1.0,0,Coherent Hallucination
qwen25_32b,alphabetical_answer_think,599,90.32,0.8,-0.8,0,Incoherent Hallucination
qwen25_32b,alphabetical_answer_think,597,90.32,0.8,-0.8,0,Coherent Hallucination
qwen25_32b,alphabetical_answer_think,605,112.9,1.0,-1.0,0,Coherent Hallucination
qwen25_32b,alphabetical_answer_think,608,112.9,1.0,1.0,1,Sound Reasoning
qwen25_32b,alphabetical_answer_think,606,112.9,1.0,1.0,1,Coherent Hallucination
qwen25_32b,alphabetical_answer_think,600,112.9,1.0,1.0,1,Coherent Hallucination
qwen25_32b,alphabetical_answer_think,607,112.9,1.0,-1.0,0,Incoherent Hallucination
qwen25_32b,alphabetical_answer_think,610,112.9,1.0,1.0,1,Sound Reasoning
qwen25_32b,alphabetical_answer_think,609,112.9,1.0,-1.0,0,Coherent Hallucination
qwen25_32b,alphabetical_answer_think,603,112.9,1.0,-1.0,0,Coherent Hallucination
qwen25_32b,alphabetical_answer_think,616,112.9,1.0,1.0,1,Sound Reasoning
qwen25_32b,alphabetical_answer_think,618,112.9,1.0,1.0,1,Sound Reasoning
qwen25_32b,alphabetical_answer_think,613,112.9,1.0,-1.0,0,Incoherent Hallucination
qwen25_32b,alphabetical_answer_think,612,112.9,1.0,1.0,1,Coherent Hallucination
qwen25_32b,alphabetical_answer_think,614,112.9,1.0,1.0,1,Sound Reasoning
qwen25_32b,alphabetical_answer_think,617,112.9,1.0,-1.0,0,Coherent Hallucination
qwen25_32b,alphabetical_answer_think,620,112.9,1.0,1.0,1,Sound Reasoning
qwen25_32b,alphabetical_answer_think,615,112.9,1.0,-1.0,0,Incoherent Hallucination
qwen25_32b,alphabetical_answer_think,621,112.9,1.0,-1.0,0,Coherent Hallucination
qwen25_32b,alphabetical_answer_think,611,112.9,1.0,-1.0,0,Coherent Hallucination
qwen25_32b,alphabetical_answer_think,626,112.9,1.0,1.0,1,Sound Reasoning
qwen25_32b,alphabetical_answer_think,619,112.9,1.0,-1.0,0,Incoherent Hallucination
qwen25_32b,alphabetical_answer_think,624,112.9,1.0,1.0,1,Sound Reasoning
qwen25_32b,alphabetical_answer_think,623,112.9,1.0,-1.0,0,Coherent Hallucination
qwen25_32b,alphabetical_answer_think,622,112.9,1.0,1.0,1,Sound Reasoning
qwen25_32b,alphabetical_answer_think,631,112.9,1.0,-1.0,0,Coherent Hallucination
qwen25_32b,alphabetical_answer_think,634,112.9,1.0,1.0,1,Sound Reasoning
qwen25_32b,alphabetical_answer_think,627,112.9,1.0,-1.0,0,Coherent Hallucination
qwen25_32b,alphabetical_answer_think,625,112.9,1.0,-1.0,0,Coherent Hallucination
qwen25_32b,alphabetical_answer_think,632,112.9,1.0,-1.0,0,Coherent Hallucination
qwen25_32b,alphabetical_answer_think,628,112.9,1.0,1.0,1,Sound Reasoning
qwen25_32b,alphabetical_answer_think,629,112.9,1.0,-1.0,0,Coherent Hallucination
qwen25_32b,alphabetical_answer_think,633,112.9,1.0,1.0,1,Contradictory Reasoning
qwen25_32b,alphabetical_answer_think,640,112.9,1.0,1.0,1,Sound Reasoning
qwen25_32b,alphabetical_answer_think,630,112.9,1.0,1.0,1,Coherent Hallucination
qwen25_32b,alphabetical_answer_think,635,112.9,1.0,-1.0,0,Coherent Hallucination
qwen25_32b,alphabetical_answer_think,638,112.9,1.0,1.0,1,Sound Reasoning
qwen25_32b,alphabetical_answer_think,636,112.9,1.0,1.0,1,Coherent Hallucination
qwen25_32b,alphabetical_answer_think,639,112.9,1.0,-1.0,0,Sound Reasoning
qwen25_32b,alphabetical_answer_think,644,112.9,1.0,1.0,1,Sound Reasoning
qwen25_32b,alphabetical_answer_think,637,112.9,1.0,-1.0,0,Incoherent Hallucination
qwen25_32b,alphabetical_answer_think,641,112.9,1.0,-1.0,0,Coherent Hallucination
qwen25_32b,alphabetical_answer_think,643,112.9,1.0,-1.0,0,Coherent Hallucination
qwen25_32b,alphabetical_answer_think,642,112.9,1.0,1.0,1,Coherent Hallucination
qwen25_32b,alphabetical_answer_think,647,112.9,1.0,-1.0,0,Coherent Hallucination
qwen25_32b,alphabetical_answer_think,651,112.9,1.0,-1.0,0,Contradictory Reasoning
qwen25_32b,alphabetical_answer_think,645,112.9,1.0,-1.0,0,Coherent Hallucination
qwen25_32b,alphabetical_answer_think,656,112.9,1.0,1.0,1,Sound Reasoning
qwen25_32b,alphabetical_answer_think,649,112.9,1.0,-1.0,0,Coherent Hallucination
qwen25_32b,alphabetical_answer_think,648,112.9,1.0,1.0,1,Sound Reasoning
qwen25_32b,alphabetical_answer_think,650,112.9,1.0,1.0,1,Coherent Hallucination
qwen25_32b,alphabetical_answer_think,652,112.9,1.0,1.0,1,Incoherent Hallucination
qwen25_32b,alphabetical_answer_think,657,112.9,1.0,-1.0,0,Coherent Hallucination
qwen25_32b,alphabetical_answer_think,654,112.9,1.0,1.0,1,Incoherent Hallucination
qwen25_32b,alphabetical_answer_think,646,112.9,1.0,1.0,1,Coherent Hallucination
qwen25_32b,alphabetical_answer_think,653,112.9,1.0,-1.0,0,Coherent Hallucination
qwen25_32b,alphabetical_answer_think,655,112.9,1.0,-1.0,0,Coherent Hallucination
qwen25_32b,alphabetical_answer_think,658,112.9,1.0,1.0,1,Sound Reasoning
qwen25_32b,alphabetical_answer_think,659,112.9,1.0,-1.0,0,Coherent Hallucination
qwen25_72b,alphabetical_think_answer,10,-67.7,-1.0,-1.0,1,Sound Reasoning
qwen25_72b,alphabetical_think_answer,8,-67.7,-1.0,-1.0,1,Sound Reasoning
qwen25_72b,alphabetical_think_answer,19,-67.7,-1.0,1.0,1,Sound Reasoning
qwen25_72b,alphabetical_think_answer,11,-67.7,-1.0,1.0,1,Sound Reasoning
qwen25_72b,alphabetical_think_answer,14,-67.7,-1.0,-1.0,1,Sound Reasoning
qwen25_72b,alphabetical_think_answer,13,-67.7,-1.0,1.0,1,Sound Reasoning
qwen25_72b,alphabetical_think_answer,4,-67.7,-1.0,-1.0,1,Sound Reasoning
qwen25_72b,alphabetical_think_answer,0,-67.7,-1.0,-1.0,1,Sound Reasoning
qwen25_72b,alphabetical_think_answer,18,-67.7,-1.0,-1.0,1,Sound Reasoning
qwen25_72b,alphabetical_think_answer,6,-67.7,-1.0,-1.0,0,Contradictory Reasoning
qwen25_72b,alphabetical_think_answer,9,-67.7,-1.0,1.0,1,Sound Reasoning
qwen25_72b,alphabetical_think_answer,15,-67.7,-1.0,1.0,1,Sound Reasoning
qwen25_72b,alphabetical_think_answer,7,-67.7,-1.0,1.0,1,Sound Reasoning
qwen25_72b,alphabetical_think_answer,2,-67.7,-1.0,-1.0,1,Sound Reasoning
qwen25_72b,alphabetical_think_answer,17,-67.7,-1.0,1.0,1,Sound Reasoning
qwen25_72b,alphabetical_think_answer,5,-67.7,-1.0,1.0,1,Sound Reasoning
qwen25_72b,alphabetical_think_answer,3,-67.7,-1.0,1.0,1,Sound Reasoning
qwen25_72b,alphabetical_think_answer,12,-67.7,-1.0,-1.0,1,Sound Reasoning
qwen25_72b,alphabetical_think_answer,1,-67.7,-1.0,1.0,1,Sound Reasoning
qwen25_72b,alphabetical_think_answer,16,-67.7,-1.0,-1.0,1,Sound Reasoning
qwen25_72b,alphabetical_think_answer,24,-67.7,-1.0,-1.0,1,Sound Reasoning
qwen25_72b,alphabetical_think_answer,20,-67.7,-1.0,-1.0,0,Contradictory Reasoning
qwen25_72b,alphabetical_think_answer,21,-67.7,-1.0,1.0,1,Sound Reasoning
qwen25_72b,alphabetical_think_answer,22,-67.7,-1.0,-1.0,0,Coherent Hallucination
qwen25_72b,alphabetical_think_answer,26,-67.7,-1.0,-1.0,1,Sound Reasoning
qwen25_72b,alphabetical_think_answer,28,-67.7,-1.0,-1.0,1,Sound Reasoning
qwen25_72b,alphabetical_think_answer,23,-67.7,-1.0,1.0,1,Sound Reasoning
qwen25_72b,alphabetical_think_answer,31,-67.7,-1.0,1.0,1,Sound Reasoning
qwen25_72b,alphabetical_think_answer,34,-67.7,-1.0,-1.0,1,Sound Reasoning
qwen25_72b,alphabetical_think_answer,30,-67.7,-1.0,-1.0,1,Sound Reasoning
qwen25_72b,alphabetical_think_answer,35,-67.7,-1.0,1.0,1,Sound Reasoning
qwen25_72b,alphabetical_think_answer,25,-67.7,-1.0,1.0,1,Sound Reasoning
qwen25_72b,alphabetical_think_answer,32,-67.7,-1.0,1.0,1,Sound Reasoning
qwen25_72b,alphabetical_think_answer,27,-67.7,-1.0,1.0,1,Sound Reasoning
qwen25_72b,alphabetical_think_answer,38,-67.7,-1.0,-1.0,1,Sound Reasoning
qwen25_72b,alphabetical_think_answer,37,-67.7,-1.0,1.0,1,Sound Reasoning
qwen25_72b,alphabetical_think_answer,39,-67.7,-1.0,1.0,1,Sound Reasoning
qwen25_72b,alphabetical_think_answer,42,-67.7,-1.0,-1.0,1,Sound Reasoning
qwen25_72b,alphabetical_think_answer,36,-67.7,-1.0,-1.0,0,Contradictory Reasoning
qwen25_72b,alphabetical_think_answer,29,-67.7,-1.0,1.0,1,Sound Reasoning
qwen25_72b,alphabetical_think_answer,33,-67.7,-1.0,-1.0,0,Contradictory Reasoning
qwen25_72b,alphabetical_think_answer,46,-67.7,-1.0,-1.0,1,Sound Reasoning
qwen25_72b,alphabetical_think_answer,43,-67.7,-1.0,1.0,1,Sound Reasoning
qwen25_72b,alphabetical_think_answer,45,-67.7,-1.0,1.0,1,Sound Reasoning
qwen25_72b,alphabetical_think_answer,41,-67.7,-1.0,1.0,1,Sound Reasoning
qwen25_72b,alphabetical_think_answer,49,-67.7,-1.0,1.0,1,Sound Reasoning
qwen25_72b,alphabetical_think_answer,40,-67.7,-1.0,-1.0,1,Sound Reasoning
qwen25_72b,alphabetical_think_answer,50,-67.7,-1.0,-1.0,1,Sound Reasoning
qwen25_72b,alphabetical_think_answer,48,-67.7,-1.0,-1.0,1,Sound Reasoning
qwen25_72b,alphabetical_think_answer,51,-67.7,-1.0,1.0,1,Sound Reasoning
qwen25_72b,alphabetical_think_answer,52,-67.7,-1.0,-1.0,0,Contradictory Reasoning
qwen25_72b,alphabetical_think_answer,47,-67.7,-1.0,1.0,1,Sound Reasoning
qwen25_72b,alphabetical_think_answer,53,-67.7,-1.0,1.0,1,Sound Reasoning
qwen25_72b,alphabetical_think_answer,54,-67.7,-1.0,-1.0,0,Contradictory Reasoning
qwen25_72b,alphabetical_think_answer,55,-67.7,-1.0,1.0,1,Sound Reasoning
qwen25_72b,alphabetical_think_answer,57,-67.7,-1.0,1.0,1,Sound Reasoning
qwen25_72b,alphabetical_think_answer,56,-67.7,-1.0,-1.0,0,Coherent Hallucination
qwen25_72b,alphabetical_think_answer,58,-67.7,-1.0,-1.0,0,Coherent Hallucination
qwen25_72b,alphabetical_think_answer,59,-67.7,-1.0,1.0,1,Sound Reasoning
qwen25_72b,alphabetical_think_answer,62,-54.16,-0.8,-0.8,1,Sound Reasoning
qwen25_72b,alphabetical_think_answer,63,-54.16,-0.8,0.8,1,Sound Reasoning
qwen25_72b,alphabetical_think_answer,64,-54.16,-0.8,-0.8,1,Sound Reasoning
qwen25_72b,alphabetical_think_answer,61,-54.16,-0.8,0.8,1,Sound Reasoning
qwen25_72b,alphabetical_think_answer,44,-67.7,-1.0,-1.0,0,Contradictory Reasoning
qwen25_72b,alphabetical_think_answer,67,-54.16,-0.8,0.8,1,Sound Reasoning
qwen25_72b,alphabetical_think_answer,68,-54.16,-0.8,-0.8,1,Sound Reasoning
qwen25_72b,alphabetical_think_answer,60,-54.16,-0.8,-0.8,1,Sound Reasoning
qwen25_72b,alphabetical_think_answer,65,-54.16,-0.8,0.8,1,Sound Reasoning
qwen25_72b,alphabetical_think_answer,66,-54.16,-0.8,-0.8,1,Sound Reasoning
qwen25_72b,alphabetical_think_answer,69,-54.16,-0.8,0.8,1,Sound Reasoning
qwen25_72b,alphabetical_think_answer,71,-54.16,-0.8,0.8,1,Sound Reasoning
qwen25_72b,alphabetical_think_answer,70,-54.16,-0.8,-0.8,1,Sound Reasoning
qwen25_72b,alphabetical_think_answer,74,-54.16,-0.8,-0.8,1,Sound Reasoning
qwen25_72b,alphabetical_think_answer,75,-54.16,-0.8,0.8,1,Sound Reasoning
qwen25_72b,alphabetical_think_answer,76,-54.16,-0.8,-0.8,1,Sound Reasoning
qwen25_72b,alphabetical_think_answer,72,-54.16,-0.8,-0.8,1,Sound Reasoning
qwen25_72b,alphabetical_think_answer,73,-54.16,-0.8,0.8,1,Sound Reasoning
qwen25_72b,alphabetical_think_answer,77,-54.16,-0.8,0.8,1,Sound Reasoning
qwen25_72b,alphabetical_think_answer,78,-54.16,-0.8,-0.8,1,Sound Reasoning
qwen25_72b,alphabetical_think_answer,79,-54.16,-0.8,0.8,1,Sound Reasoning
qwen25_72b,alphabetical_think_answer,81,-54.16,-0.8,0.8,1,Sound Reasoning
qwen25_72b,alphabetical_think_answer,87,-54.16,-0.8,0.8,1,Sound Reasoning
qwen25_72b,alphabetical_think_answer,83,-54.16,-0.8,0.8,1,Sound Reasoning
qwen25_72b,alphabetical_think_answer,89,-54.16,-0.8,0.8,1,Sound Reasoning
qwen25_72b,alphabetical_think_answer,80,-54.16,-0.8,-0.8,1,Sound Reasoning
qwen25_72b,alphabetical_think_answer,84,-54.16,-0.8,-0.8,1,Sound Reasoning
qwen25_72b,alphabetical_think_answer,82,-54.16,-0.8,-0.8,0,Coherent Hallucination
qwen25_72b,alphabetical_think_answer,90,-54.16,-0.8,-0.8,1,Sound Reasoning
qwen25_72b,alphabetical_think_answer,88,-54.16,-0.8,-0.8,1,Sound Reasoning
qwen25_72b,alphabetical_think_answer,86,-54.16,-0.8,-0.8,1,Sound Reasoning
qwen25_72b,alphabetical_think_answer,85,-54.16,-0.8,0.8,1,Sound Reasoning
qwen25_72b,alphabetical_think_answer,91,-54.16,-0.8,0.8,1,Sound Reasoning
qwen25_72b,alphabetical_think_answer,94,-54.16,-0.8,-0.8,1,Sound Reasoning
qwen25_72b,alphabetical_think_answer,103,-54.16,-0.8,0.8,1,Sound Reasoning
qwen25_72b,alphabetical_think_answer,100,-54.16,-0.8,-0.8,1,Sound Reasoning
qwen25_72b,alphabetical_think_answer,97,-54.16,-0.8,0.8,1,Sound Reasoning
qwen25_72b,alphabetical_think_answer,102,-54.16,-0.8,-0.8,1,Sound Reasoning
qwen25_72b,alphabetical_think_answer,93,-54.16,-0.8,-0.8,1,Sound Reasoning
qwen25_72b,alphabetical_think_answer,95,-54.16,-0.8,0.8,1,Sound Reasoning
qwen25_72b,alphabetical_think_answer,99,-54.16,-0.8,0.8,1,Sound Reasoning
qwen25_72b,alphabetical_think_answer,96,-54.16,-0.8,-0.8,1,Sound Reasoning
qwen25_72b,alphabetical_think_answer,98,-54.16,-0.8,-0.8,1,Sound Reasoning
qwen25_72b,alphabetical_think_answer,92,-54.16,-0.8,0.8,1,Sound Reasoning
qwen25_72b,alphabetical_think_answer,107,-54.16,-0.8,0.8,1,Sound Reasoning
qwen25_72b,alphabetical_think_answer,110,-54.16,-0.8,-0.8,1,Sound Reasoning
qwen25_72b,alphabetical_think_answer,109,-54.16,-0.8,0.8,1,Sound Reasoning
qwen25_72b,alphabetical_think_answer,105,-54.16,-0.8,0.8,1,Sound Reasoning
qwen25_72b,alphabetical_think_answer,104,-54.16,-0.8,-0.8,1,Sound Reasoning
qwen25_72b,alphabetical_think_answer,108,-54.16,-0.8,-0.8,1,Sound Reasoning
qwen25_72b,alphabetical_think_answer,101,-54.16,-0.8,0.8,1,Sound Reasoning
qwen25_72b,alphabetical_think_answer,106,-54.16,-0.8,-0.8,1,Sound Reasoning
qwen25_72b,alphabetical_think_answer,112,-54.16,-0.8,-0.8,1,Sound Reasoning
qwen25_72b,alphabetical_think_answer,119,-54.16,-0.8,0.8,1,Sound Reasoning
qwen25_72b,alphabetical_think_answer,111,-54.16,-0.8,0.8,1,Sound Reasoning
qwen25_72b,alphabetical_think_answer,116,-54.16,-0.8,-0.8,1,Sound Reasoning
qwen25_72b,alphabetical_think_answer,115,-54.16,-0.8,0.8,1,Sound Reasoning
qwen25_72b,alphabetical_think_answer,122,-40.62,-0.6,-0.6,1,Sound Reasoning
qwen25_72b,alphabetical_think_answer,113,-54.16,-0.8,0.8,1,Sound Reasoning
qwen25_72b,alphabetical_think_answer,114,-54.16,-0.8,-0.8,1,Sound Reasoning
qwen25_72b,alphabetical_think_answer,117,-54.16,-0.8,0.8,1,Sound Reasoning
qwen25_72b,alphabetical_think_answer,121,-40.62,-0.6,0.6,1,Sound Reasoning
qwen25_72b,alphabetical_think_answer,125,-40.62,-0.6,0.6,1,Sound Reasoning
qwen25_72b,alphabetical_think_answer,129,-40.62,-0.6,0.6,1,Sound Reasoning
qwen25_72b,alphabetical_think_answer,126,-40.62,-0.6,-0.6,1,Sound Reasoning
qwen25_72b,alphabetical_think_answer,123,-40.62,-0.6,0.6,1,Sound Reasoning
qwen25_72b,alphabetical_think_answer,118,-54.16,-0.8,-0.8,1,Sound Reasoning
qwen25_72b,alphabetical_think_answer,120,-40.62,-0.6,-0.6,1,Sound Reasoning
qwen25_72b,alphabetical_think_answer,131,-40.62,-0.6,0.6,1,Sound Reasoning
qwen25_72b,alphabetical_think_answer,133,-40.62,-0.6,0.6,1,Sound Reasoning
qwen25_72b,alphabetical_think_answer,128,-40.62,-0.6,-0.6,1,Sound Reasoning
qwen25_72b,alphabetical_think_answer,127,-40.62,-0.6,0.6,1,Sound Reasoning
qwen25_72b,alphabetical_think_answer,124,-40.62,-0.6,-0.6,1,Sound Reasoning
qwen25_72b,alphabetical_think_answer,130,-40.62,-0.6,-0.6,1,Sound Reasoning
qwen25_72b,alphabetical_think_answer,136,-40.62,-0.6,-0.6,1,Sound Reasoning
qwen25_72b,alphabetical_think_answer,134,-40.62,-0.6,-0.6,1,Sound Reasoning
qwen25_72b,alphabetical_think_answer,137,-40.62,-0.6,0.6,1,Sound Reasoning
qwen25_72b,alphabetical_think_answer,139,-40.62,-0.6,0.6,1,Sound Reasoning
qwen25_72b,alphabetical_think_answer,132,-40.62,-0.6,-0.6,1,Sound Reasoning
qwen25_72b,alphabetical_think_answer,140,-40.62,-0.6,-0.6,1,Sound Reasoning
qwen25_72b,alphabetical_think_answer,141,-40.62,-0.6,0.6,1,Sound Reasoning
qwen25_72b,alphabetical_think_answer,135,-40.62,-0.6,0.6,1,Sound Reasoning
qwen25_72b,alphabetical_think_answer,138,-40.62,-0.6,-0.6,1,Sound Reasoning
qwen25_72b,alphabetical_think_answer,143,-40.62,-0.6,0.6,1,Sound Reasoning
qwen25_72b,alphabetical_think_answer,142,-40.62,-0.6,-0.6,0,Coherent Hallucination
qwen25_72b,alphabetical_think_answer,146,-40.62,-0.6,-0.6,1,Sound Reasoning
qwen25_72b,alphabetical_think_answer,144,-40.62,-0.6,-0.6,1,Sound Reasoning
qwen25_72b,alphabetical_think_answer,149,-40.62,-0.6,0.6,1,Sound Reasoning
qwen25_72b,alphabetical_think_answer,148,-40.62,-0.6,-0.6,1,Sound Reasoning
qwen25_72b,alphabetical_think_answer,150,-40.62,-0.6,-0.6,1,Sound Reasoning
qwen25_72b,alphabetical_think_answer,147,-40.62,-0.6,0.6,1,Sound Reasoning
qwen25_72b,alphabetical_think_answer,145,-40.62,-0.6,0.6,1,Sound Reasoning
qwen25_72b,alphabetical_think_answer,151,-40.62,-0.6,0.6,1,Sound Reasoning
qwen25_72b,alphabetical_think_answer,155,-40.62,-0.6,0.6,1,Sound Reasoning
qwen25_72b,alphabetical_think_answer,152,-40.62,-0.6,0.6,1,Sound Reasoning
qwen25_72b,alphabetical_think_answer,153,-40.62,-0.6,-0.6,1,Sound Reasoning
qwen25_72b,alphabetical_think_answer,162,-40.62,-0.6,-0.6,1,Sound Reasoning
qwen25_72b,alphabetical_think_answer,156,-40.62,-0.6,-0.6,1,Sound Reasoning
qwen25_72b,alphabetical_think_answer,164,-40.62,-0.6,-0.6,1,Sound Reasoning
qwen25_72b,alphabetical_think_answer,154,-40.62,-0.6,-0.6,1,Sound Reasoning
qwen25_72b,alphabetical_think_answer,163,-40.62,-0.6,0.6,1,Sound Reasoning
qwen25_72b,alphabetical_think_answer,160,-40.62,-0.6,-0.6,1,Sound Reasoning
qwen25_72b,alphabetical_think_answer,167,-40.62,-0.6,0.6,1,Sound Reasoning
qwen25_72b,alphabetical_think_answer,159,-40.62,-0.6,0.6,1,Sound Reasoning
qwen25_72b,alphabetical_think_answer,168,-40.62,-0.6,-0.6,1,Sound Reasoning
qwen25_72b,alphabetical_think_answer,157,-40.62,-0.6,0.6,1,Sound Reasoning
qwen25_72b,alphabetical_think_answer,169,-40.62,-0.6,0.6,0,Coherent Hallucination
qwen25_72b,alphabetical_think_answer,172,-40.62,-0.6,-0.6,1,Sound Reasoning
qwen25_72b,alphabetical_think_answer,170,-40.62,-0.6,-0.6,1,Sound Reasoning
qwen25_72b,alphabetical_think_answer,158,-40.62,-0.6,-0.6,1,Sound Reasoning
qwen25_72b,alphabetical_think_answer,161,-40.62,-0.6,0.6,1,Sound Reasoning
qwen25_72b,alphabetical_think_answer,166,-40.62,-0.6,-0.6,1,Sound Reasoning
qwen25_72b,alphabetical_think_answer,165,-40.62,-0.6,0.6,1,Sound Reasoning
qwen25_72b,alphabetical_think_answer,173,-40.62,-0.6,0.6,1,Sound Reasoning
qwen25_72b,alphabetical_think_answer,171,-40.62,-0.6,0.6,1,Sound Reasoning
qwen25_72b,alphabetical_think_answer,175,-40.62,-0.6,0.6,1,Sound Reasoning
qwen25_72b,alphabetical_think_answer,177,-40.62,-0.6,0.6,1,Sound Reasoning
qwen25_72b,alphabetical_think_answer,180,-27.08,-0.4,-0.4,1,Sound Reasoning
qwen25_72b,alphabetical_think_answer,174,-40.62,-0.6,-0.6,1,Sound Reasoning
qwen25_72b,alphabetical_think_answer,178,-40.62,-0.6,-0.6,1,Sound Reasoning
qwen25_72b,alphabetical_think_answer,179,-40.62,-0.6,0.6,1,Sound Reasoning
qwen25_72b,alphabetical_think_answer,181,-27.08,-0.4,0.4,1,Sound Reasoning
qwen25_72b,alphabetical_think_answer,182,-27.08,-0.4,-0.4,1,Sound Reasoning
qwen25_72b,alphabetical_think_answer,184,-27.08,-0.4,-0.4,1,Sound Reasoning
qwen25_72b,alphabetical_think_answer,183,-27.08,-0.4,0.4,1,Sound Reasoning
qwen25_72b,alphabetical_think_answer,176,-40.62,-0.6,-0.6,1,Sound Reasoning
qwen25_72b,alphabetical_think_answer,186,-27.08,-0.4,-0.4,1,Sound Reasoning
qwen25_72b,alphabetical_think_answer,188,-27.08,-0.4,-0.4,1,Sound Reasoning
qwen25_72b,alphabetical_think_answer,185,-27.08,-0.4,0.4,1,Sound Reasoning
qwen25_72b,alphabetical_think_answer,189,-27.08,-0.4,0.4,1,Sound Reasoning
qwen25_72b,alphabetical_think_answer,190,-27.08,-0.4,-0.4,1,Sound Reasoning
qwen25_72b,alphabetical_think_answer,191,-27.08,-0.4,0.4,1,Sound Reasoning
qwen25_72b,alphabetical_think_answer,187,-27.08,-0.4,0.4,1,Sound Reasoning
qwen25_72b,alphabetical_think_answer,193,-27.08,-0.4,0.4,1,Sound Reasoning
qwen25_72b,alphabetical_think_answer,194,-27.08,-0.4,-0.4,1,Sound Reasoning
qwen25_72b,alphabetical_think_answer,192,-27.08,-0.4,-0.4,1,Sound Reasoning
qwen25_72b,alphabetical_think_answer,196,-27.08,-0.4,-0.4,1,Sound Reasoning
qwen25_72b,alphabetical_think_answer,198,-27.08,-0.4,-0.4,1,Sound Reasoning
qwen25_72b,alphabetical_think_answer,195,-27.08,-0.4,0.4,1,Sound Reasoning
qwen25_72b,alphabetical_think_answer,203,-27.08,-0.4,0.4,1,Sound Reasoning
qwen25_72b,alphabetical_think_answer,197,-27.08,-0.4,0.4,1,Sound Reasoning
qwen25_72b,alphabetical_think_answer,205,-27.08,-0.4,0.4,1,Sound Reasoning
qwen25_72b,alphabetical_think_answer,209,-27.08,-0.4,0.4,1,Sound Reasoning
qwen25_72b,alphabetical_think_answer,207,-27.08,-0.4,0.4,1,Sound Reasoning
qwen25_72b,alphabetical_think_answer,201,-27.08,-0.4,0.4,1,Sound Reasoning
qwen25_72b,alphabetical_think_answer,202,-27.08,-0.4,-0.4,1,Sound Reasoning
qwen25_72b,alphabetical_think_answer,199,-27.08,-0.4,0.4,1,Sound Reasoning
qwen25_72b,alphabetical_think_answer,206,-27.08,-0.4,-0.4,1,Sound Reasoning
qwen25_72b,alphabetical_think_answer,200,-27.08,-0.4,-0.4,1,Sound Reasoning
qwen25_72b,alphabetical_think_answer,208,-27.08,-0.4,-0.4,1,Sound Reasoning
qwen25_72b,alphabetical_think_answer,204,-27.08,-0.4,-0.4,1,Sound Reasoning
qwen25_72b,alphabetical_think_answer,212,-27.08,-0.4,0.4,1,Sound Reasoning
qwen25_72b,alphabetical_think_answer,210,-27.08,-0.4,-0.4,1,Sound Reasoning
qwen25_72b,alphabetical_think_answer,215,-27.08,-0.4,0.4,1,Sound Reasoning
qwen25_72b,alphabetical_think_answer,213,-27.08,-0.4,-0.4,1,Sound Reasoning
qwen25_72b,alphabetical_think_answer,221,-27.08,-0.4,0.4,1,Sound Reasoning
qwen25_72b,alphabetical_think_answer,211,-27.08,-0.4,0.4,1,Sound Reasoning
qwen25_72b,alphabetical_think_answer,216,-27.08,-0.4,-0.4,1,Sound Reasoning
qwen25_72b,alphabetical_think_answer,217,-27.08,-0.4,0.4,1,Sound Reasoning
qwen25_72b,alphabetical_think_answer,220,-27.08,-0.4,-0.4,1,Sound Reasoning
qwen25_72b,alphabetical_think_answer,214,-27.08,-0.4,-0.4,1,Sound Reasoning
qwen25_72b,alphabetical_think_answer,219,-27.08,-0.4,0.4,1,Sound Reasoning
qwen25_72b,alphabetical_think_answer,222,-27.08,-0.4,-0.4,1,Sound Reasoning
qwen25_72b,alphabetical_think_answer,225,-27.08,-0.4,0.4,1,Sound Reasoning
qwen25_72b,alphabetical_think_answer,223,-27.08,-0.4,0.4,1,Sound Reasoning
qwen25_72b,alphabetical_think_answer,218,-27.08,-0.4,-0.4,1,Sound Reasoning
qwen25_72b,alphabetical_think_answer,224,-27.08,-0.4,-0.4,1,Sound Reasoning
qwen25_72b,alphabetical_think_answer,228,-27.08,-0.4,-0.4,1,Sound Reasoning
qwen25_72b,alphabetical_think_answer,230,-27.08,-0.4,-0.4,1,Sound Reasoning
qwen25_72b,alphabetical_think_answer,231,-27.08,-0.4,0.4,1,Sound Reasoning
qwen25_72b,alphabetical_think_answer,227,-27.08,-0.4,0.4,1,Sound Reasoning
qwen25_72b,alphabetical_think_answer,229,-27.08,-0.4,0.4,1,Sound Reasoning
qwen25_72b,alphabetical_think_answer,226,-27.08,-0.4,-0.4,1,Sound Reasoning
qwen25_72b,alphabetical_think_answer,232,-27.08,-0.4,-0.4,1,Sound Reasoning
qwen25_72b,alphabetical_think_answer,233,-27.08,-0.4,0.4,1,Sound Reasoning
qwen25_72b,alphabetical_think_answer,236,-27.08,-0.4,-0.4,1,Sound Reasoning
qwen25_72b,alphabetical_think_answer,234,-27.08,-0.4,-0.4,1,Sound Reasoning
qwen25_72b,alphabetical_think_answer,240,-13.54,-0.2,-0.2,1,Sound Reasoning
qwen25_72b,alphabetical_think_answer,235,-27.08,-0.4,0.4,1,Sound Reasoning
qwen25_72b,alphabetical_think_answer,237,-27.08,-0.4,0.4,1,Sound Reasoning
qwen25_72b,alphabetical_think_answer,241,-13.54,-0.2,0.2,1,Sound Reasoning
qwen25_72b,alphabetical_think_answer,239,-27.08,-0.4,0.4,1,Sound Reasoning
qwen25_72b,alphabetical_think_answer,245,-13.54,-0.2,0.2,1,Sound Reasoning
qwen25_72b,alphabetical_think_answer,242,-13.54,-0.2,-0.2,1,Sound Reasoning
qwen25_72b,alphabetical_think_answer,248,-13.54,-0.2,-0.2,1,Sound Reasoning
qwen25_72b,alphabetical_think_answer,238,-27.08,-0.4,-0.4,1,Sound Reasoning
qwen25_72b,alphabetical_think_answer,243,-13.54,-0.2,0.2,1,Sound Reasoning
qwen25_72b,alphabetical_think_answer,244,-13.54,-0.2,-0.2,1,Sound Reasoning
qwen25_72b,alphabetical_think_answer,249,-13.54,-0.2,0.2,1,Sound Reasoning
qwen25_72b,alphabetical_think_answer,247,-13.54,-0.2,0.2,1,Sound Reasoning
qwen25_72b,alphabetical_think_answer,250,-13.54,-0.2,-0.2,1,Sound Reasoning
qwen25_72b,alphabetical_think_answer,256,-13.54,-0.2,-0.2,1,Sound Reasoning
qwen25_72b,alphabetical_think_answer,246,-13.54,-0.2,-0.2,1,Sound Reasoning
qwen25_72b,alphabetical_think_answer,252,-13.54,-0.2,-0.2,1,Sound Reasoning
qwen25_72b,alphabetical_think_answer,251,-13.54,-0.2,0.2,1,Sound Reasoning
qwen25_72b,alphabetical_think_answer,255,-13.54,-0.2,0.2,1,Sound Reasoning
qwen25_72b,alphabetical_think_answer,260,-13.54,-0.2,-0.2,1,Sound Reasoning
qwen25_72b,alphabetical_think_answer,254,-13.54,-0.2,-0.2,1,Sound Reasoning
qwen25_72b,alphabetical_think_answer,253,-13.54,-0.2,0.2,1,Sound Reasoning
qwen25_72b,alphabetical_think_answer,257,-13.54,-0.2,0.2,1,Sound Reasoning
qwen25_72b,alphabetical_think_answer,259,-13.54,-0.2,0.2,1,Sound Reasoning
qwen25_72b,alphabetical_think_answer,263,-13.54,-0.2,0.2,1,Sound Reasoning
qwen25_72b,alphabetical_think_answer,261,-13.54,-0.2,0.2,1,Sound Reasoning
qwen25_72b,alphabetical_think_answer,265,-13.54,-0.2,0.2,1,Sound Reasoning
qwen25_72b,alphabetical_think_answer,268,-13.54,-0.2,-0.2,1,Sound Reasoning
qwen25_72b,alphabetical_think_answer,267,-13.54,-0.2,0.2,1,Sound Reasoning
qwen25_72b,alphabetical_think_answer,271,-13.54,-0.2,0.2,1,Sound Reasoning
qwen25_72b,alphabetical_think_answer,262,-13.54,-0.2,-0.2,1,Sound Reasoning
qwen25_72b,alphabetical_think_answer,270,-13.54,-0.2,-0.2,1,Sound Reasoning
qwen25_72b,alphabetical_think_answer,266,-13.54,-0.2,-0.2,1,Sound Reasoning
qwen25_72b,alphabetical_think_answer,264,-13.54,-0.2,-0.2,1,Sound Reasoning
qwen25_72b,alphabetical_think_answer,258,-13.54,-0.2,-0.2,1,Sound Reasoning
qwen25_72b,alphabetical_think_answer,272,-13.54,-0.2,0.2,1,Sound Reasoning
qwen25_72b,alphabetical_think_answer,269,-13.54,-0.2,0.2,1,Sound Reasoning
qwen25_72b,alphabetical_think_answer,274,-13.54,-0.2,-0.2,1,Sound Reasoning
qwen25_72b,alphabetical_think_answer,275,-13.54,-0.2,0.2,1,Sound Reasoning
qwen25_72b,alphabetical_think_answer,276,-13.54,-0.2,-0.2,1,Sound Reasoning
qwen25_72b,alphabetical_think_answer,280,-13.54,-0.2,-0.2,1,Sound Reasoning
qwen25_72b,alphabetical_think_answer,279,-13.54,-0.2,0.2,1,Sound Reasoning
qwen25_72b,alphabetical_think_answer,277,-13.54,-0.2,0.2,1,Sound Reasoning
qwen25_72b,alphabetical_think_answer,278,-13.54,-0.2,-0.2,1,Sound Reasoning
qwen25_72b,alphabetical_think_answer,282,-13.54,-0.2,-0.2,1,Sound Reasoning
qwen25_72b,alphabetical_think_answer,273,-13.54,-0.2,-0.2,1,Sound Reasoning
qwen25_72b,alphabetical_think_answer,288,-13.54,-0.2,-0.2,1,Sound Reasoning
qwen25_72b,alphabetical_think_answer,281,-13.54,-0.2,0.2,1,Sound Reasoning
qwen25_72b,alphabetical_think_answer,284,-13.54,-0.2,-0.2,1,Sound Reasoning
qwen25_72b,alphabetical_think_answer,283,-13.54,-0.2,0.2,1,Sound Reasoning
qwen25_72b,alphabetical_think_answer,286,-13.54,-0.2,-0.2,1,Sound Reasoning
qwen25_72b,alphabetical_think_answer,291,-13.54,-0.2,0.2,1,Sound Reasoning
qwen25_72b,alphabetical_think_answer,289,-13.54,-0.2,0.2,1,Sound Reasoning
qwen25_72b,alphabetical_think_answer,285,-13.54,-0.2,0.2,1,Sound Reasoning
qwen25_72b,alphabetical_think_answer,292,-13.54,-0.2,-0.2,1,Sound Reasoning
qwen25_72b,alphabetical_think_answer,287,-13.54,-0.2,0.2,1,Sound Reasoning
qwen25_72b,alphabetical_think_answer,295,-13.54,-0.2,0.2,1,Sound Reasoning
qwen25_72b,alphabetical_think_answer,290,-13.54,-0.2,-0.2,1,Sound Reasoning
qwen25_72b,alphabetical_think_answer,294,-13.54,-0.2,-0.2,1,Sound Reasoning
qwen25_72b,alphabetical_think_answer,296,-13.54,-0.2,-0.2,1,Sound Reasoning
qwen25_72b,alphabetical_think_answer,299,-13.54,-0.2,0.2,1,Sound Reasoning
qwen25_72b,alphabetical_think_answer,298,-13.54,-0.2,-0.2,1,Sound Reasoning
qwen25_72b,alphabetical_think_answer,297,-13.54,-0.2,0.2,1,Sound Reasoning
qwen25_72b,alphabetical_think_answer,300,0.0,0.0,0.0,1,Sound Reasoning
qwen25_72b,alphabetical_think_answer,306,0.0,0.0,0.0,1,Sound Reasoning
qwen25_72b,alphabetical_think_answer,305,0.0,0.0,-0.0,1,Sound Reasoning
qwen25_72b,alphabetical_think_answer,307,0.0,0.0,-0.0,1,Sound Reasoning
qwen25_72b,alphabetical_think_answer,303,0.0,0.0,-0.0,1,Sound Reasoning
qwen25_72b,alphabetical_think_answer,293,-13.54,-0.2,0.2,0,Coherent Hallucination
qwen25_72b,alphabetical_think_answer,304,0.0,0.0,0.0,1,Sound Reasoning
qwen25_72b,alphabetical_think_answer,301,0.0,0.0,-0.0,1,Sound Reasoning
qwen25_72b,alphabetical_think_answer,302,0.0,0.0,0.0,1,Sound Reasoning
qwen25_72b,alphabetical_think_answer,309,0.0,0.0,-0.0,1,Sound Reasoning
qwen25_72b,alphabetical_think_answer,319,0.0,0.0,-0.0,1,Sound Reasoning
qwen25_72b,alphabetical_think_answer,317,0.0,0.0,-0.0,1,Sound Reasoning
qwen25_72b,alphabetical_think_answer,308,0.0,0.0,0.0,1,Sound Reasoning
qwen25_72b,alphabetical_think_answer,312,0.0,0.0,0.0,1,Sound Reasoning
qwen25_72b,alphabetical_think_answer,314,0.0,0.0,0.0,1,Sound Reasoning
qwen25_72b,alphabetical_think_answer,316,0.0,0.0,0.0,1,Sound Reasoning
qwen25_72b,alphabetical_think_answer,328,0.0,0.0,0.0,1,Sound Reasoning
qwen25_72b,alphabetical_think_answer,311,0.0,0.0,-0.0,1,Sound Reasoning
qwen25_72b,alphabetical_think_answer,313,0.0,0.0,-0.0,1,Sound Reasoning
qwen25_72b,alphabetical_think_answer,315,0.0,0.0,-0.0,1,Sound Reasoning
qwen25_72b,alphabetical_think_answer,318,0.0,0.0,0.0,1,Sound Reasoning
qwen25_72b,alphabetical_think_answer,320,0.0,0.0,0.0,1,Sound Reasoning
qwen25_72b,alphabetical_think_answer,327,0.0,0.0,-0.0,1,Sound Reasoning
qwen25_72b,alphabetical_think_answer,310,0.0,0.0,0.0,1,Sound Reasoning
qwen25_72b,alphabetical_think_answer,321,0.0,0.0,-0.0,1,Sound Reasoning
qwen25_72b,alphabetical_think_answer,326,0.0,0.0,0.0,1,Sound Reasoning
qwen25_72b,alphabetical_think_answer,322,0.0,0.0,0.0,1,Sound Reasoning
qwen25_72b,alphabetical_think_answer,332,0.0,0.0,-0.0,1,Sound Reasoning
qwen25_72b,alphabetical_think_answer,324,0.0,0.0,0.0,1,Sound Reasoning
qwen25_72b,alphabetical_think_answer,329,0.0,0.0,-0.0,1,Sound Reasoning
qwen25_72b,alphabetical_think_answer,338,0.0,0.0,0.0,1,Sound Reasoning
qwen25_72b,alphabetical_think_answer,323,0.0,0.0,-0.0,1,Sound Reasoning
qwen25_72b,alphabetical_think_answer,325,0.0,0.0,-0.0,1,Sound Reasoning
qwen25_72b,alphabetical_think_answer,330,0.0,0.0,0.0,1,Sound Reasoning
qwen25_72b,alphabetical_think_answer,331,0.0,0.0,-0.0,1,Sound Reasoning
qwen25_72b,alphabetical_think_answer,335,0.0,0.0,-0.0,1,Sound Reasoning
qwen25_72b,alphabetical_think_answer,340,0.0,0.0,0.0,1,Sound Reasoning
qwen25_72b,alphabetical_think_answer,339,0.0,0.0,-0.0,1,Sound Reasoning
qwen25_72b,alphabetical_think_answer,342,0.0,0.0,0.0,1,Sound Reasoning
qwen25_72b,alphabetical_think_answer,348,0.0,0.0,0.0,1,Sound Reasoning
qwen25_72b,alphabetical_think_answer,336,0.0,0.0,0.0,1,Sound Reasoning
qwen25_72b,alphabetical_think_answer,334,0.0,0.0,0.0,1,Sound Reasoning
qwen25_72b,alphabetical_think_answer,343,0.0,0.0,-0.0,1,Sound Reasoning
qwen25_72b,alphabetical_think_answer,345,0.0,0.0,-0.0,1,Sound Reasoning
qwen25_72b,alphabetical_think_answer,347,0.0,0.0,-0.0,1,Sound Reasoning
qwen25_72b,alphabetical_think_answer,337,0.0,0.0,-0.0,1,Sound Reasoning
qwen25_72b,alphabetical_think_answer,352,0.0,0.0,0.0,1,Sound Reasoning
qwen25_72b,alphabetical_think_answer,341,0.0,0.0,-0.0,1,Sound Reasoning
qwen25_72b,alphabetical_think_answer,353,0.0,0.0,-0.0,1,Sound Reasoning
qwen25_72b,alphabetical_think_answer,351,0.0,0.0,-0.0,1,Sound Reasoning
qwen25_72b,alphabetical_think_answer,333,0.0,0.0,0.0,1,Contradictory Reasoning
qwen25_72b,alphabetical_think_answer,349,0.0,0.0,-0.0,1,Sound Reasoning
qwen25_72b,alphabetical_think_answer,346,0.0,0.0,0.0,1,Sound Reasoning
qwen25_72b,alphabetical_think_answer,357,0.0,0.0,-0.0,1,Sound Reasoning
qwen25_72b,alphabetical_think_answer,344,0.0,0.0,0.0,1,Sound Reasoning
qwen25_72b,alphabetical_think_answer,350,0.0,0.0,0.0,1,Sound Reasoning
qwen25_72b,alphabetical_think_answer,354,0.0,0.0,0.0,1,Sound Reasoning
qwen25_72b,alphabetical_think_answer,362,18.14,0.2,0.2,1,Sound Reasoning
qwen25_72b,alphabetical_think_answer,355,0.0,0.0,-0.0,1,Sound Reasoning
qwen25_72b,alphabetical_think_answer,359,0.0,0.0,-0.0,1,Sound Reasoning
qwen25_72b,alphabetical_think_answer,367,18.14,0.2,-0.2,1,Sound Reasoning
qwen25_72b,alphabetical_think_answer,363,18.14,0.2,-0.2,1,Sound Reasoning
qwen25_72b,alphabetical_think_answer,356,0.0,0.0,0.0,1,Sound Reasoning
qwen25_72b,alphabetical_think_answer,358,0.0,0.0,0.0,1,Sound Reasoning
qwen25_72b,alphabetical_think_answer,370,18.14,0.2,0.2,1,Sound Reasoning
qwen25_72b,alphabetical_think_answer,369,18.14,0.2,-0.2,1,Sound Reasoning
qwen25_72b,alphabetical_think_answer,360,18.14,0.2,0.2,1,Sound Reasoning
qwen25_72b,alphabetical_think_answer,366,18.14,0.2,0.2,1,Sound Reasoning
qwen25_72b,alphabetical_think_answer,364,18.14,0.2,0.2,1,Sound Reasoning
qwen25_72b,alphabetical_think_answer,365,18.14,0.2,-0.2,1,Sound Reasoning
qwen25_72b,alphabetical_think_answer,372,18.14,0.2,0.2,1,Sound Reasoning
qwen25_72b,alphabetical_think_answer,373,18.14,0.2,-0.2,1,Sound Reasoning
qwen25_72b,alphabetical_think_answer,368,18.14,0.2,0.2,1,Sound Reasoning
qwen25_72b,alphabetical_think_answer,383,18.14,0.2,-0.2,1,Sound Reasoning
qwen25_72b,alphabetical_think_answer,374,18.14,0.2,0.2,1,Sound Reasoning
qwen25_72b,alphabetical_think_answer,361,18.14,0.2,-0.2,1,Sound Reasoning
qwen25_72b,alphabetical_think_answer,376,18.14,0.2,0.2,1,Sound Reasoning
qwen25_72b,alphabetical_think_answer,371,18.14,0.2,-0.2,1,Sound Reasoning
qwen25_72b,alphabetical_think_answer,380,18.14,0.2,0.2,1,Sound Reasoning
qwen25_72b,alphabetical_think_answer,381,18.14,0.2,-0.2,1,Sound Reasoning
qwen25_72b,alphabetical_think_answer,379,18.14,0.2,-0.2,1,Sound Reasoning
qwen25_72b,alphabetical_think_answer,382,18.14,0.2,0.2,1,Sound Reasoning
qwen25_72b,alphabetical_think_answer,375,18.14,0.2,-0.2,1,Sound Reasoning
qwen25_72b,alphabetical_think_answer,378,18.14,0.2,0.2,1,Sound Reasoning
qwen25_72b,alphabetical_think_answer,385,18.14,0.2,-0.2,1,Sound Reasoning
qwen25_72b,alphabetical_think_answer,384,18.14,0.2,0.2,1,Sound Reasoning
qwen25_72b,alphabetical_think_answer,387,18.14,0.2,-0.2,1,Sound Reasoning
qwen25_72b,alphabetical_think_answer,377,18.14,0.2,-0.2,1,Sound Reasoning
qwen25_72b,alphabetical_think_answer,386,18.14,0.2,0.2,1,Sound Reasoning
qwen25_72b,alphabetical_think_answer,391,18.14,0.2,-0.2,1,Sound Reasoning
qwen25_72b,alphabetical_think_answer,389,18.14,0.2,-0.2,1,Sound Reasoning
qwen25_72b,alphabetical_think_answer,388,18.14,0.2,0.2,1,Sound Reasoning
qwen25_72b,alphabetical_think_answer,393,18.14,0.2,0.2,1,Sound Reasoning
qwen25_72b,alphabetical_think_answer,394,18.14,0.2,0.2,1,Sound Reasoning
qwen25_72b,alphabetical_think_answer,395,18.14,0.2,-0.2,1,Sound Reasoning
qwen25_72b,alphabetical_think_answer,392,18.14,0.2,-0.2,1,Sound Reasoning
qwen25_72b,alphabetical_think_answer,396,18.14,0.2,0.2,1,Sound Reasoning
qwen25_72b,alphabetical_think_answer,390,18.14,0.2,0.2,1,Sound Reasoning
qwen25_72b,alphabetical_think_answer,399,18.14,0.2,-0.2,1,Sound Reasoning
qwen25_72b,alphabetical_think_answer,397,18.14,0.2,-0.2,1,Sound Reasoning
qwen25_72b,alphabetical_think_answer,401,18.14,0.2,-0.2,1,Sound Reasoning
qwen25_72b,alphabetical_think_answer,408,18.14,0.2,0.2,1,Sound Reasoning
qwen25_72b,alphabetical_think_answer,402,18.14,0.2,0.2,1,Sound Reasoning
qwen25_72b,alphabetical_think_answer,398,18.14,0.2,0.2,1,Sound Reasoning
qwen25_72b,alphabetical_think_answer,407,18.14,0.2,-0.2,1,Sound Reasoning
qwen25_72b,alphabetical_think_answer,403,18.14,0.2,-0.2,1,Sound Reasoning
qwen25_72b,alphabetical_think_answer,412,18.14,0.2,0.2,1,Sound Reasoning
qwen25_72b,alphabetical_think_answer,405,18.14,0.2,-0.2,1,Sound Reasoning
qwen25_72b,alphabetical_think_answer,417,18.14,0.2,-0.2,1,Sound Reasoning
qwen25_72b,alphabetical_think_answer,404,18.14,0.2,0.2,1,Sound Reasoning
qwen25_72b,alphabetical_think_answer,400,18.14,0.2,0.2,1,Sound Reasoning
qwen25_72b,alphabetical_think_answer,409,18.14,0.2,-0.2,1,Sound Reasoning
qwen25_72b,alphabetical_think_answer,410,18.14,0.2,0.2,1,Sound Reasoning
qwen25_72b,alphabetical_think_answer,406,18.14,0.2,0.2,1,Sound Reasoning
qwen25_72b,alphabetical_think_answer,413,18.14,0.2,-0.2,1,Sound Reasoning
qwen25_72b,alphabetical_think_answer,414,18.14,0.2,0.2,1,Sound Reasoning
qwen25_72b,alphabetical_think_answer,411,18.14,0.2,-0.2,1,Sound Reasoning
qwen25_72b,alphabetical_think_answer,420,36.28,0.4,0.4,1,Sound Reasoning
qwen25_72b,alphabetical_think_answer,415,18.14,0.2,-0.2,1,Sound Reasoning
qwen25_72b,alphabetical_think_answer,418,18.14,0.2,0.2,1,Sound Reasoning
qwen25_72b,alphabetical_think_answer,416,18.14,0.2,0.2,1,Sound Reasoning
qwen25_72b,alphabetical_think_answer,425,36.28,0.4,-0.4,1,Sound Reasoning
qwen25_72b,alphabetical_think_answer,423,36.28,0.4,-0.4,1,Sound Reasoning
qwen25_72b,alphabetical_think_answer,422,36.28,0.4,0.4,1,Sound Reasoning
qwen25_72b,alphabetical_think_answer,427,36.28,0.4,-0.4,1,Sound Reasoning
qwen25_72b,alphabetical_think_answer,424,36.28,0.4,0.4,1,Sound Reasoning
qwen25_72b,alphabetical_think_answer,428,36.28,0.4,0.4,1,Sound Reasoning
qwen25_72b,alphabetical_think_answer,419,18.14,0.2,-0.2,1,Sound Reasoning
qwen25_72b,alphabetical_think_answer,433,36.28,0.4,-0.4,1,Sound Reasoning
qwen25_72b,alphabetical_think_answer,421,36.28,0.4,-0.4,1,Sound Reasoning
qwen25_72b,alphabetical_think_answer,429,36.28,0.4,-0.4,1,Sound Reasoning
qwen25_72b,alphabetical_think_answer,430,36.28,0.4,0.4,1,Sound Reasoning
qwen25_72b,alphabetical_think_answer,437,36.28,0.4,-0.4,1,Sound Reasoning
qwen25_72b,alphabetical_think_answer,426,36.28,0.4,0.4,1,Sound Reasoning
qwen25_72b,alphabetical_think_answer,443,36.28,0.4,-0.4,1,Sound Reasoning
qwen25_72b,alphabetical_think_answer,432,36.28,0.4,0.4,1,Sound Reasoning
qwen25_72b,alphabetical_think_answer,439,36.28,0.4,-0.4,1,Sound Reasoning
qwen25_72b,alphabetical_think_answer,435,36.28,0.4,-0.4,1,Sound Reasoning
qwen25_72b,alphabetical_think_answer,434,36.28,0.4,0.4,1,Sound Reasoning
qwen25_72b,alphabetical_think_answer,438,36.28,0.4,0.4,1,Sound Reasoning
qwen25_72b,alphabetical_think_answer,436,36.28,0.4,0.4,1,Sound Reasoning
qwen25_72b,alphabetical_think_answer,445,36.28,0.4,-0.4,1,Sound Reasoning
qwen25_72b,alphabetical_think_answer,440,36.28,0.4,0.4,1,Sound Reasoning
qwen25_72b,alphabetical_think_answer,446,36.28,0.4,0.4,1,Sound Reasoning
qwen25_72b,alphabetical_think_answer,441,36.28,0.4,-0.4,1,Sound Reasoning
qwen25_72b,alphabetical_think_answer,442,36.28,0.4,0.4,1,Sound Reasoning
qwen25_72b,alphabetical_think_answer,431,36.28,0.4,-0.4,0,Contradictory Reasoning
qwen25_72b,alphabetical_think_answer,447,36.28,0.4,-0.4,1,Sound Reasoning
qwen25_72b,alphabetical_think_answer,444,36.28,0.4,0.4,1,Sound Reasoning
qwen25_72b,alphabetical_think_answer,450,36.28,0.4,0.4,1,Sound Reasoning
qwen25_72b,alphabetical_think_answer,448,36.28,0.4,0.4,1,Sound Reasoning
qwen25_72b,alphabetical_think_answer,452,36.28,0.4,-0.4,1,Sound Reasoning
qwen25_72b,alphabetical_think_answer,451,36.28,0.4,-0.4,1,Sound Reasoning
qwen25_72b,alphabetical_think_answer,453,36.28,0.4,0.4,1,Sound Reasoning
qwen25_72b,alphabetical_think_answer,454,36.28,0.4,0.4,1,Sound Reasoning
qwen25_72b,alphabetical_think_answer,449,36.28,0.4,-0.4,1,Sound Reasoning
qwen25_72b,alphabetical_think_answer,458,36.28,0.4,0.4,1,Sound Reasoning
qwen25_72b,alphabetical_think_answer,457,36.28,0.4,-0.4,1,Sound Reasoning
qwen25_72b,alphabetical_think_answer,461,36.28,0.4,-0.4,1,Sound Reasoning
qwen25_72b,alphabetical_think_answer,466,36.28,0.4,0.4,1,Sound Reasoning
qwen25_72b,alphabetical_think_answer,455,36.28,0.4,-0.4,1,Sound Reasoning
qwen25_72b,alphabetical_think_answer,459,36.28,0.4,-0.4,1,Sound Reasoning
qwen25_72b,alphabetical_think_answer,460,36.28,0.4,0.4,1,Sound Reasoning
qwen25_72b,alphabetical_think_answer,464,36.28,0.4,0.4,1,Sound Reasoning
qwen25_72b,alphabetical_think_answer,456,36.28,0.4,0.4,1,Sound Reasoning
qwen25_72b,alphabetical_think_answer,470,36.28,0.4,0.4,1,Sound Reasoning
qwen25_72b,alphabetical_think_answer,463,36.28,0.4,-0.4,1,Sound Reasoning
qwen25_72b,alphabetical_think_answer,462,36.28,0.4,0.4,1,Sound Reasoning
qwen25_72b,alphabetical_think_answer,476,36.28,0.4,0.4,1,Sound Reasoning
qwen25_72b,alphabetical_think_answer,471,36.28,0.4,-0.4,1,Sound Reasoning
qwen25_72b,alphabetical_think_answer,467,36.28,0.4,-0.4,1,Sound Reasoning
qwen25_72b,alphabetical_think_answer,472,36.28,0.4,0.4,1,Sound Reasoning
qwen25_72b,alphabetical_think_answer,465,36.28,0.4,-0.4,0,Contradictory Reasoning
qwen25_72b,alphabetical_think_answer,469,36.28,0.4,-0.4,1,Sound Reasoning
qwen25_72b,alphabetical_think_answer,473,36.28,0.4,-0.4,1,Sound Reasoning
qwen25_72b,alphabetical_think_answer,480,54.42,0.6,0.6,1,Sound Reasoning
qwen25_72b,alphabetical_think_answer,475,36.28,0.4,-0.4,1,Sound Reasoning
qwen25_72b,alphabetical_think_answer,468,36.28,0.4,0.4,1,Sound Reasoning
qwen25_72b,alphabetical_think_answer,477,36.28,0.4,-0.4,1,Sound Reasoning
qwen25_72b,alphabetical_think_answer,474,36.28,0.4,0.4,1,Sound Reasoning
qwen25_72b,alphabetical_think_answer,478,36.28,0.4,0.4,1,Sound Reasoning
qwen25_72b,alphabetical_think_answer,482,54.42,0.6,0.6,1,Sound Reasoning
qwen25_72b,alphabetical_think_answer,490,54.42,0.6,0.6,1,Sound Reasoning
qwen25_72b,alphabetical_think_answer,483,54.42,0.6,-0.6,1,Sound Reasoning
qwen25_72b,alphabetical_think_answer,487,54.42,0.6,-0.6,1,Sound Reasoning
qwen25_72b,alphabetical_think_answer,479,36.28,0.4,-0.4,1,Sound Reasoning
qwen25_72b,alphabetical_think_answer,484,54.42,0.6,0.6,1,Sound Reasoning
qwen25_72b,alphabetical_think_answer,481,54.42,0.6,-0.6,1,Sound Reasoning
qwen25_72b,alphabetical_think_answer,488,54.42,0.6,0.6,1,Sound Reasoning
qwen25_72b,alphabetical_think_answer,486,54.42,0.6,0.6,1,Sound Reasoning
qwen25_72b,alphabetical_think_answer,485,54.42,0.6,-0.6,0,Sound Reasoning
qwen25_72b,alphabetical_think_answer,494,54.42,0.6,0.6,1,Sound Reasoning
qwen25_72b,alphabetical_think_answer,491,54.42,0.6,-0.6,1,Sound Reasoning
qwen25_72b,alphabetical_think_answer,498,54.42,0.6,0.6,1,Sound Reasoning
qwen25_72b,alphabetical_think_answer,497,54.42,0.6,-0.6,1,Sound Reasoning
qwen25_72b,alphabetical_think_answer,493,54.42,0.6,-0.6,1,Sound Reasoning
qwen25_72b,alphabetical_think_answer,492,54.42,0.6,0.6,1,Sound Reasoning
qwen25_72b,alphabetical_think_answer,496,54.42,0.6,0.6,1,Sound Reasoning
qwen25_72b,alphabetical_think_answer,489,54.42,0.6,-0.6,1,Sound Reasoning
qwen25_72b,alphabetical_think_answer,495,54.42,0.6,-0.6,0,Coherent Hallucination
qwen25_72b,alphabetical_think_answer,499,54.42,0.6,-0.6,0,Contradictory Reasoning
qwen25_72b,alphabetical_think_answer,501,54.42,0.6,-0.6,1,Sound Reasoning
qwen25_72b,alphabetical_think_answer,504,54.42,0.6,0.6,1,Sound Reasoning
qwen25_72b,alphabetical_think_answer,503,54.42,0.6,-0.6,1,Sound Reasoning
qwen25_72b,alphabetical_think_answer,506,54.42,0.6,0.6,1,Sound Reasoning
qwen25_72b,alphabetical_think_answer,500,54.42,0.6,0.6,1,Sound Reasoning
qwen25_72b,alphabetical_think_answer,507,54.42,0.6,-0.6,1,Sound Reasoning
qwen25_72b,alphabetical_think_answer,508,54.42,0.6,0.6,1,Sound Reasoning
qwen25_72b,alphabetical_think_answer,502,54.42,0.6,0.6,1,Sound Reasoning
qwen25_72b,alphabetical_think_answer,509,54.42,0.6,-0.6,0,Coherent Hallucination
qwen25_72b,alphabetical_think_answer,512,54.42,0.6,-0.6,1,Sound Reasoning
qwen25_72b,alphabetical_think_answer,510,54.42,0.6,0.6,1,Sound Reasoning
qwen25_72b,alphabetical_think_answer,516,54.42,0.6,0.6,1,Sound Reasoning
qwen25_72b,alphabetical_think_answer,514,54.42,0.6,0.6,1,Sound Reasoning
qwen25_72b,alphabetical_think_answer,515,54.42,0.6,-0.6,0,Incoherent Hallucination
qwen25_72b,alphabetical_think_answer,526,54.42,0.6,0.6,1,Sound Reasoning
qwen25_72b,alphabetical_think_answer,505,54.42,0.6,-0.6,1,Sound Reasoning
qwen25_72b,alphabetical_think_answer,511,54.42,0.6,-0.6,1,Sound Reasoning
qwen25_72b,alphabetical_think_answer,517,54.42,0.6,-0.6,1,Sound Reasoning
qwen25_72b,alphabetical_think_answer,518,54.42,0.6,0.6,1,Sound Reasoning
qwen25_72b,alphabetical_think_answer,513,54.42,0.6,0.6,1,Sound Reasoning
qwen25_72b,alphabetical_think_answer,520,54.42,0.6,0.6,1,Sound Reasoning
qwen25_72b,alphabetical_think_answer,519,54.42,0.6,-0.6,0,Contradictory Reasoning
qwen25_72b,alphabetical_think_answer,521,54.42,0.6,-0.6,0,Contradictory Reasoning
qwen25_72b,alphabetical_think_answer,524,54.42,0.6,0.6,1,Sound Reasoning
qwen25_72b,alphabetical_think_answer,523,54.42,0.6,-0.6,0,Contradictory Reasoning
qwen25_72b,alphabetical_think_answer,522,54.42,0.6,0.6,1,Sound Reasoning
qwen25_72b,alphabetical_think_answer,532,54.42,0.6,0.6,1,Sound Reasoning
qwen25_72b,alphabetical_think_answer,525,54.42,0.6,-0.6,1,Sound Reasoning
qwen25_72b,alphabetical_think_answer,528,54.42,0.6,0.6,1,Sound Reasoning
qwen25_72b,alphabetical_think_answer,527,54.42,0.6,-0.6,1,Sound Reasoning
qwen25_72b,alphabetical_think_answer,533,54.42,0.6,-0.6,1,Sound Reasoning
qwen25_72b,alphabetical_think_answer,538,54.42,0.6,0.6,1,Sound Reasoning
qwen25_72b,alphabetical_think_answer,537,54.42,0.6,-0.6,1,Sound Reasoning
qwen25_72b,alphabetical_think_answer,542,72.56,0.8,0.8,1,Sound Reasoning
qwen25_72b,alphabetical_think_answer,535,54.42,0.6,-0.6,0,Incoherent Hallucination
qwen25_72b,alphabetical_think_answer,541,72.56,0.8,-0.8,1,Sound Reasoning
qwen25_72b,alphabetical_think_answer,539,54.42,0.6,-0.6,1,Sound Reasoning
qwen25_72b,alphabetical_think_answer,534,54.42,0.6,0.6,1,Sound Reasoning
qwen25_72b,alphabetical_think_answer,536,54.42,0.6,0.6,1,Sound Reasoning
qwen25_72b,alphabetical_think_answer,530,54.42,0.6,0.6,1,Coherent Hallucination
qwen25_72b,alphabetical_think_answer,543,72.56,0.8,-0.8,0,Contradictory Reasoning
qwen25_72b,alphabetical_think_answer,544,72.56,0.8,0.8,1,Sound Reasoning
qwen25_72b,alphabetical_think_answer,531,54.42,0.6,-0.6,0,Sound Reasoning
qwen25_72b,alphabetical_think_answer,540,72.56,0.8,0.8,1,Sound Reasoning
qwen25_72b,alphabetical_think_answer,529,54.42,0.6,-0.6,0,Coherent Hallucination
qwen25_72b,alphabetical_think_answer,546,72.56,0.8,0.8,1,Sound Reasoning
qwen25_72b,alphabetical_think_answer,545,72.56,0.8,-0.8,0,Incoherent Hallucination
qwen25_72b,alphabetical_think_answer,548,72.56,0.8,0.8,1,Sound Reasoning
qwen25_72b,alphabetical_think_answer,549,72.56,0.8,-0.8,0,Coherent Hallucination
qwen25_72b,alphabetical_think_answer,555,72.56,0.8,-0.8,0,Contradictory Reasoning
qwen25_72b,alphabetical_think_answer,550,72.56,0.8,0.8,1,Sound Reasoning
qwen25_72b,alphabetical_think_answer,551,72.56,0.8,-0.8,0,Contradictory Reasoning
qwen25_72b,alphabetical_think_answer,547,72.56,0.8,-0.8,0,Coherent Hallucination
qwen25_72b,alphabetical_think_answer,554,72.56,0.8,0.8,1,Sound Reasoning
qwen25_72b,alphabetical_think_answer,562,72.56,0.8,0.8,1,Sound Reasoning
qwen25_72b,alphabetical_think_answer,566,72.56,0.8,0.8,1,Sound Reasoning
qwen25_72b,alphabetical_think_answer,559,72.56,0.8,-0.8,0,Incoherent Hallucination
qwen25_72b,alphabetical_think_answer,564,72.56,0.8,0.8,1,Sound Reasoning
qwen25_72b,alphabetical_think_answer,560,72.56,0.8,0.8,1,Sound Reasoning
qwen25_72b,alphabetical_think_answer,565,72.56,0.8,-0.8,0,Coherent Hallucination
qwen25_72b,alphabetical_think_answer,556,72.56,0.8,0.8,1,Sound Reasoning
qwen25_72b,alphabetical_think_answer,553,72.56,0.8,-0.8,0,Incoherent Hallucination
qwen25_72b,alphabetical_think_answer,561,72.56,0.8,-0.8,0,Incoherent Hallucination
qwen25_72b,alphabetical_think_answer,563,72.56,0.8,-0.8,0,Contradictory Reasoning
qwen25_72b,alphabetical_think_answer,557,72.56,0.8,-0.8,0,Contradictory Reasoning
qwen25_72b,alphabetical_think_answer,568,72.56,0.8,0.8,1,Sound Reasoning
qwen25_72b,alphabetical_think_answer,558,72.56,0.8,0.8,1,Sound Reasoning
qwen25_72b,alphabetical_think_answer,552,72.56,0.8,0.8,1,Sound Reasoning
qwen25_72b,alphabetical_think_answer,572,72.56,0.8,-0.8,1,Sound Reasoning
qwen25_72b,alphabetical_think_answer,567,72.56,0.8,-0.8,0,Incoherent Hallucination
qwen25_72b,alphabetical_think_answer,570,72.56,0.8,0.8,1,Sound Reasoning
qwen25_72b,alphabetical_think_answer,569,72.56,0.8,-0.8,1,Sound Reasoning
qwen25_72b,alphabetical_think_answer,578,72.56,0.8,0.8,1,Sound Reasoning
qwen25_72b,alphabetical_think_answer,571,72.56,0.8,-0.8,1,Sound Reasoning
qwen25_72b,alphabetical_think_answer,574,72.56,0.8,0.8,1,Sound Reasoning
qwen25_72b,alphabetical_think_answer,582,72.56,0.8,0.8,1,Sound Reasoning
qwen25_72b,alphabetical_think_answer,576,72.56,0.8,0.8,1,Sound Reasoning
qwen25_72b,alphabetical_think_answer,579,72.56,0.8,-0.8,0,Contradictory Reasoning
qwen25_72b,alphabetical_think_answer,573,72.56,0.8,0.8,1,Sound Reasoning
qwen25_72b,alphabetical_think_answer,581,72.56,0.8,-0.8,0,Contradictory Reasoning
qwen25_72b,alphabetical_think_answer,577,72.56,0.8,-0.8,0,Contradictory Reasoning
qwen25_72b,alphabetical_think_answer,590,72.56,0.8,0.8,1,Sound Reasoning
qwen25_72b,alphabetical_think_answer,589,72.56,0.8,-0.8,0,Coherent Hallucination
qwen25_72b,alphabetical_think_answer,583,72.56,0.8,-0.8,0,Contradictory Reasoning
qwen25_72b,alphabetical_think_answer,586,72.56,0.8,0.8,1,Sound Reasoning
qwen25_72b,alphabetical_think_answer,580,72.56,0.8,0.8,1,Sound Reasoning
qwen25_72b,alphabetical_think_answer,575,72.56,0.8,-0.8,0,Coherent Hallucination
qwen25_72b,alphabetical_think_answer,588,72.56,0.8,0.8,1,Sound Reasoning
qwen25_72b,alphabetical_think_answer,584,72.56,0.8,0.8,1,Sound Reasoning
qwen25_72b,alphabetical_think_answer,587,72.56,0.8,-0.8,0,Contradictory Reasoning
qwen25_72b,alphabetical_think_answer,592,72.56,0.8,0.8,1,Sound Reasoning
qwen25_72b,alphabetical_think_answer,585,72.56,0.8,-0.8,0,Contradictory Reasoning
qwen25_72b,alphabetical_think_answer,591,72.56,0.8,-0.8,0,Incoherent Hallucination
qwen25_72b,alphabetical_think_answer,598,72.56,0.8,0.8,1,Sound Reasoning
qwen25_72b,alphabetical_think_answer,597,72.56,0.8,-0.8,0,Coherent Hallucination
qwen25_72b,alphabetical_think_answer,601,90.7,1.0,-1.0,0,Contradictory Reasoning
qwen25_72b,alphabetical_think_answer,600,90.7,1.0,1.0,1,Sound Reasoning
qwen25_72b,alphabetical_think_answer,594,72.56,0.8,0.8,1,Sound Reasoning
qwen25_72b,alphabetical_think_answer,596,72.56,0.8,0.8,1,Sound Reasoning
qwen25_72b,alphabetical_think_answer,595,72.56,0.8,-0.8,0,Contradictory Reasoning
qwen25_72b,alphabetical_think_answer,608,90.7,1.0,1.0,1,Sound Reasoning
qwen25_72b,alphabetical_think_answer,593,72.56,0.8,-0.8,0,Incoherent Hallucination
qwen25_72b,alphabetical_think_answer,599,72.56,0.8,-0.8,0,Contradictory Reasoning
qwen25_72b,alphabetical_think_answer,604,90.7,1.0,1.0,1,Sound Reasoning
qwen25_72b,alphabetical_think_answer,606,90.7,1.0,1.0,1,Sound Reasoning
qwen25_72b,alphabetical_think_answer,603,90.7,1.0,-1.0,0,Contradictory Reasoning
qwen25_72b,alphabetical_think_answer,609,90.7,1.0,-1.0,0,Incoherent Hallucination
qwen25_72b,alphabetical_think_answer,602,90.7,1.0,1.0,1,Sound Reasoning
qwen25_72b,alphabetical_think_answer,610,90.7,1.0,1.0,1,Sound Reasoning
qwen25_72b,alphabetical_think_answer,611,90.7,1.0,-1.0,0,Contradictory Reasoning
qwen25_72b,alphabetical_think_answer,616,90.7,1.0,1.0,1,Sound Reasoning
qwen25_72b,alphabetical_think_answer,614,90.7,1.0,1.0,1,Coherent Hallucination
qwen25_72b,alphabetical_think_answer,612,90.7,1.0,1.0,1,Sound Reasoning
qwen25_72b,alphabetical_think_answer,607,90.7,1.0,-1.0,0,Contradictory Reasoning
qwen25_72b,alphabetical_think_answer,618,90.7,1.0,1.0,1,Sound Reasoning
qwen25_72b,alphabetical_think_answer,620,90.7,1.0,1.0,1,Sound Reasoning
qwen25_72b,alphabetical_think_answer,622,90.7,1.0,1.0,1,Sound Reasoning
qwen25_72b,alphabetical_think_answer,613,90.7,1.0,-1.0,0,Incoherent Hallucination
qwen25_72b,alphabetical_think_answer,615,90.7,1.0,-1.0,0,Incoherent Hallucination
qwen25_72b,alphabetical_think_answer,605,90.7,1.0,-1.0,0,Incoherent Hallucination
qwen25_72b,alphabetical_think_answer,619,90.7,1.0,-1.0,0,Incoherent Hallucination
qwen25_72b,alphabetical_think_answer,617,90.7,1.0,-1.0,0,Contradictory Reasoning
qwen25_72b,alphabetical_think_answer,623,90.7,1.0,-1.0,0,Incoherent Hallucination
qwen25_72b,alphabetical_think_answer,624,90.7,1.0,1.0,1,Sound Reasoning
qwen25_72b,alphabetical_think_answer,621,90.7,1.0,-1.0,0,Coherent Hallucination
qwen25_72b,alphabetical_think_answer,625,90.7,1.0,-1.0,0,Incoherent Hallucination
qwen25_72b,alphabetical_think_answer,628,90.7,1.0,1.0,1,Sound Reasoning
qwen25_72b,alphabetical_think_answer,626,90.7,1.0,1.0,1,Sound Reasoning
qwen25_72b,alphabetical_think_answer,627,90.7,1.0,-1.0,0,Incoherent Hallucination
qwen25_72b,alphabetical_think_answer,629,90.7,1.0,-1.0,0,Coherent Hallucination
qwen25_72b,alphabetical_think_answer,636,90.7,1.0,1.0,1,Sound Reasoning
qwen25_72b,alphabetical_think_answer,630,90.7,1.0,1.0,1,Sound Reasoning
qwen25_72b,alphabetical_think_answer,638,90.7,1.0,1.0,1,Sound Reasoning
qwen25_72b,alphabetical_think_answer,633,90.7,1.0,1.0,1,Sound Reasoning
qwen25_72b,alphabetical_think_answer,634,90.7,1.0,1.0,1,Sound Reasoning
qwen25_72b,alphabetical_think_answer,635,90.7,1.0,-1.0,0,Contradictory Reasoning
qwen25_72b,alphabetical_think_answer,631,90.7,1.0,-1.0,0,Contradictory Reasoning
qwen25_72b,alphabetical_think_answer,632,90.7,1.0,-1.0,0,Contradictory Reasoning
qwen25_72b,alphabetical_think_answer,643,90.7,1.0,-1.0,0,Contradictory Reasoning
qwen25_72b,alphabetical_think_answer,640,90.7,1.0,1.0,1,Sound Reasoning
qwen25_72b,alphabetical_think_answer,645,90.7,1.0,-1.0,0,Contradictory Reasoning
qwen25_72b,alphabetical_think_answer,642,90.7,1.0,1.0,1,Sound Reasoning
qwen25_72b,alphabetical_think_answer,637,90.7,1.0,-1.0,0,Coherent Hallucination
qwen25_72b,alphabetical_think_answer,644,90.7,1.0,1.0,1,Contradictory Reasoning
qwen25_72b,alphabetical_think_answer,641,90.7,1.0,-1.0,0,Coherent Hallucination
qwen25_72b,alphabetical_think_answer,639,90.7,1.0,-1.0,0,Incoherent Hallucination
qwen25_72b,alphabetical_think_answer,650,90.7,1.0,1.0,1,Sound Reasoning
qwen25_72b,alphabetical_think_answer,655,90.7,1.0,-1.0,0,Coherent Hallucination
qwen25_72b,alphabetical_think_answer,646,90.7,1.0,1.0,1,Incoherent Hallucination
qwen25_72b,alphabetical_think_answer,651,90.7,1.0,-1.0,0,Coherent Hallucination
qwen25_72b,alphabetical_think_answer,647,90.7,1.0,-1.0,0,Contradictory Reasoning
qwen25_72b,alphabetical_think_answer,648,90.7,1.0,1.0,1,Coherent Hallucination
qwen25_72b,alphabetical_think_answer,653,90.7,1.0,-1.0,0,Coherent Hallucination
qwen25_72b,alphabetical_think_answer,656,90.7,1.0,1.0,1,Sound Reasoning
qwen25_72b,alphabetical_think_answer,654,90.7,1.0,1.0,1,Sound Reasoning
qwen25_72b,alphabetical_think_answer,649,90.7,1.0,-1.0,0,Incoherent Hallucination
qwen25_72b,alphabetical_think_answer,659,90.7,1.0,-1.0,0,Incoherent Hallucination
qwen25_72b,alphabetical_think_answer,652,90.7,1.0,1.0,1,Coherent Hallucination
qwen25_72b,alphabetical_think_answer,658,90.7,1.0,1.0,1,Sound Reasoning
qwen25_72b,alphabetical_think_answer,657,90.7,1.0,-1.0,0,Sound Reasoning
qwen25_72b,alphabetical_answer_think,4,-67.7,-1.0,-1.0,1,Sound Reasoning
qwen25_72b,alphabetical_answer_think,9,-67.7,-1.0,1.0,1,Sound Reasoning
qwen25_72b,alphabetical_answer_think,0,-67.7,-1.0,-1.0,1,Sound Reasoning
qwen25_72b,alphabetical_answer_think,14,-67.7,-1.0,-1.0,1,Sound Reasoning
qwen25_72b,alphabetical_answer_think,18,-67.7,-1.0,-1.0,1,Sound Reasoning
qwen25_72b,alphabetical_answer_think,13,-67.7,-1.0,1.0,1,Sound Reasoning
qwen25_72b,alphabetical_answer_think,5,-67.7,-1.0,1.0,1,Sound Reasoning
qwen25_72b,alphabetical_answer_think,8,-67.7,-1.0,-1.0,1,Sound Reasoning
qwen25_72b,alphabetical_answer_think,1,-67.7,-1.0,1.0,1,Sound Reasoning
qwen25_72b,alphabetical_answer_think,17,-67.7,-1.0,1.0,1,Sound Reasoning
qwen25_72b,alphabetical_answer_think,2,-67.7,-1.0,-1.0,1,Sound Reasoning
qwen25_72b,alphabetical_answer_think,10,-67.7,-1.0,-1.0,0,Coherent Hallucination
qwen25_72b,alphabetical_answer_think,11,-67.7,-1.0,1.0,1,Sound Reasoning
qwen25_72b,alphabetical_answer_think,3,-67.7,-1.0,1.0,1,Sound Reasoning
qwen25_72b,alphabetical_answer_think,7,-67.7,-1.0,1.0,1,Sound Reasoning
qwen25_72b,alphabetical_answer_think,6,-67.7,-1.0,-1.0,0,Contradictory Reasoning
qwen25_72b,alphabetical_answer_think,19,-67.7,-1.0,1.0,1,Sound Reasoning
qwen25_72b,alphabetical_answer_think,15,-67.7,-1.0,1.0,1,Sound Reasoning
qwen25_72b,alphabetical_answer_think,12,-67.7,-1.0,-1.0,1,Sound Reasoning
qwen25_72b,alphabetical_answer_think,16,-67.7,-1.0,-1.0,1,Sound Reasoning
qwen25_72b,alphabetical_answer_think,20,-67.7,-1.0,-1.0,0,Coherent Hallucination
qwen25_72b,alphabetical_answer_think,27,-67.7,-1.0,1.0,1,Sound Reasoning
qwen25_72b,alphabetical_answer_think,24,-67.7,-1.0,-1.0,1,Sound Reasoning
qwen25_72b,alphabetical_answer_think,21,-67.7,-1.0,1.0,0,Contradictory Reasoning
qwen25_72b,alphabetical_answer_think,25,-67.7,-1.0,1.0,1,Sound Reasoning
qwen25_72b,alphabetical_answer_think,31,-67.7,-1.0,1.0,1,Sound Reasoning
qwen25_72b,alphabetical_answer_think,28,-67.7,-1.0,-1.0,1,Sound Reasoning
qwen25_72b,alphabetical_answer_think,23,-67.7,-1.0,1.0,0,Contradictory Reasoning
qwen25_72b,alphabetical_answer_think,26,-67.7,-1.0,-1.0,1,Sound Reasoning
qwen25_72b,alphabetical_answer_think,37,-67.7,-1.0,1.0,1,Sound Reasoning
qwen25_72b,alphabetical_answer_think,36,-67.7,-1.0,-1.0,0,Sound Reasoning
qwen25_72b,alphabetical_answer_think,38,-67.7,-1.0,-1.0,1,Sound Reasoning
qwen25_72b,alphabetical_answer_think,29,-67.7,-1.0,1.0,1,Sound Reasoning
qwen25_72b,alphabetical_answer_think,22,-67.7,-1.0,-1.0,1,Incoherent Hallucination
qwen25_72b,alphabetical_answer_think,30,-67.7,-1.0,-1.0,0,Contradictory Reasoning
qwen25_72b,alphabetical_answer_think,40,-67.7,-1.0,-1.0,0,Contradictory Reasoning
qwen25_72b,alphabetical_answer_think,33,-67.7,-1.0,-1.0,0,Contradictory Reasoning
qwen25_72b,alphabetical_answer_think,39,-67.7,-1.0,1.0,1,Sound Reasoning
qwen25_72b,alphabetical_answer_think,34,-67.7,-1.0,-1.0,1,Sound Reasoning
qwen25_72b,alphabetical_answer_think,32,-67.7,-1.0,1.0,1,Sound Reasoning
qwen25_72b,alphabetical_answer_think,42,-67.7,-1.0,-1.0,0,Coherent Hallucination
qwen25_72b,alphabetical_answer_think,35,-67.7,-1.0,1.0,1,Sound Reasoning
qwen25_72b,alphabetical_answer_think,41,-67.7,-1.0,1.0,1,Sound Reasoning
qwen25_72b,alphabetical_answer_think,43,-67.7,-1.0,1.0,1,Sound Reasoning
qwen25_72b,alphabetical_answer_think,46,-67.7,-1.0,-1.0,1,Sound Reasoning
qwen25_72b,alphabetical_answer_think,49,-67.7,-1.0,1.0,1,Sound Reasoning
qwen25_72b,alphabetical_answer_think,47,-67.7,-1.0,1.0,1,Sound Reasoning
qwen25_72b,alphabetical_answer_think,45,-67.7,-1.0,1.0,1,Sound Reasoning
qwen25_72b,alphabetical_answer_think,53,-67.7,-1.0,1.0,1,Sound Reasoning
qwen25_72b,alphabetical_answer_think,44,-67.7,-1.0,-1.0,0,Coherent Hallucination
qwen25_72b,alphabetical_answer_think,57,-67.7,-1.0,1.0,1,Sound Reasoning
qwen25_72b,alphabetical_answer_think,51,-67.7,-1.0,1.0,1,Sound Reasoning
qwen25_72b,alphabetical_answer_think,54,-67.7,-1.0,-1.0,0,Contradictory Reasoning
qwen25_72b,alphabetical_answer_think,60,-54.16,-0.8,-0.8,1,Sound Reasoning
qwen25_72b,alphabetical_answer_think,55,-67.7,-1.0,1.0,0,Contradictory Reasoning
qwen25_72b,alphabetical_answer_think,52,-67.7,-1.0,-1.0,0,Coherent Hallucination
qwen25_72b,alphabetical_answer_think,58,-67.7,-1.0,-1.0,0,Coherent Hallucination
qwen25_72b,alphabetical_answer_think,48,-67.7,-1.0,-1.0,0,Incoherent Hallucination
qwen25_72b,alphabetical_answer_think,56,-67.7,-1.0,-1.0,1,Incoherent Hallucination
qwen25_72b,alphabetical_answer_think,59,-67.7,-1.0,1.0,1,Sound Reasoning
qwen25_72b,alphabetical_answer_think,64,-54.16,-0.8,-0.8,1,Sound Reasoning
qwen25_72b,alphabetical_answer_think,62,-54.16,-0.8,-0.8,1,Sound Reasoning
qwen25_72b,alphabetical_answer_think,50,-67.7,-1.0,-1.0,0,Coherent Hallucination
qwen25_72b,alphabetical_answer_think,63,-54.16,-0.8,0.8,1,Sound Reasoning
qwen25_72b,alphabetical_answer_think,67,-54.16,-0.8,0.8,0,Contradictory Reasoning
qwen25_72b,alphabetical_answer_think,66,-54.16,-0.8,-0.8,1,Sound Reasoning
qwen25_72b,alphabetical_answer_think,65,-54.16,-0.8,0.8,1,Sound Reasoning
qwen25_72b,alphabetical_answer_think,68,-54.16,-0.8,-0.8,1,Sound Reasoning
qwen25_72b,alphabetical_answer_think,61,-54.16,-0.8,0.8,1,Sound Reasoning
qwen25_72b,alphabetical_answer_think,69,-54.16,-0.8,0.8,1,Sound Reasoning
qwen25_72b,alphabetical_answer_think,70,-54.16,-0.8,-0.8,1,Sound Reasoning
qwen25_72b,alphabetical_answer_think,71,-54.16,-0.8,0.8,0,Contradictory Reasoning
qwen25_72b,alphabetical_answer_think,74,-54.16,-0.8,-0.8,1,Sound Reasoning
qwen25_72b,alphabetical_answer_think,73,-54.16,-0.8,0.8,0,Contradictory Reasoning
qwen25_72b,alphabetical_answer_think,72,-54.16,-0.8,-0.8,1,Sound Reasoning
qwen25_72b,alphabetical_answer_think,76,-54.16,-0.8,-0.8,1,Sound Reasoning
qwen25_72b,alphabetical_answer_think,75,-54.16,-0.8,0.8,0,Contradictory Reasoning
qwen25_72b,alphabetical_answer_think,80,-54.16,-0.8,-0.8,1,Sound Reasoning
qwen25_72b,alphabetical_answer_think,79,-54.16,-0.8,0.8,0,Contradictory Reasoning
qwen25_72b,alphabetical_answer_think,87,-54.16,-0.8,0.8,1,Sound Reasoning
qwen25_72b,alphabetical_answer_think,81,-54.16,-0.8,0.8,0,Incoherent Hallucination
qwen25_72b,alphabetical_answer_think,77,-54.16,-0.8,0.8,1,Sound Reasoning
qwen25_72b,alphabetical_answer_think,82,-54.16,-0.8,-0.8,1,Sound Reasoning
qwen25_72b,alphabetical_answer_think,85,-54.16,-0.8,0.8,1,Sound Reasoning
qwen25_72b,alphabetical_answer_think,84,-54.16,-0.8,-0.8,1,Sound Reasoning
qwen25_72b,alphabetical_answer_think,83,-54.16,-0.8,0.8,0,Contradictory Reasoning
qwen25_72b,alphabetical_answer_think,86,-54.16,-0.8,-0.8,1,Sound Reasoning
qwen25_72b,alphabetical_answer_think,89,-54.16,-0.8,0.8,0,Contradictory Reasoning
qwen25_72b,alphabetical_answer_think,78,-54.16,-0.8,-0.8,1,Sound Reasoning
qwen25_72b,alphabetical_answer_think,90,-54.16,-0.8,-0.8,1,Sound Reasoning
qwen25_72b,alphabetical_answer_think,88,-54.16,-0.8,-0.8,1,Sound Reasoning
qwen25_72b,alphabetical_answer_think,91,-54.16,-0.8,0.8,1,Sound Reasoning
qwen25_72b,alphabetical_answer_think,92,-54.16,-0.8,0.8,1,Sound Reasoning
qwen25_72b,alphabetical_answer_think,95,-54.16,-0.8,0.8,0,Contradictory Reasoning
qwen25_72b,alphabetical_answer_think,105,-54.16,-0.8,0.8,0,Contradictory Reasoning
qwen25_72b,alphabetical_answer_think,99,-54.16,-0.8,0.8,0,Contradictory Reasoning
qwen25_72b,alphabetical_answer_think,104,-54.16,-0.8,-0.8,1,Sound Reasoning
qwen25_72b,alphabetical_answer_think,97,-54.16,-0.8,0.8,1,Sound Reasoning
qwen25_72b,alphabetical_answer_think,98,-54.16,-0.8,-0.8,1,Sound Reasoning
qwen25_72b,alphabetical_answer_think,102,-54.16,-0.8,-0.8,0,Coherent Hallucination
qwen25_72b,alphabetical_answer_think,94,-54.16,-0.8,-0.8,1,Sound Reasoning
qwen25_72b,alphabetical_answer_think,100,-54.16,-0.8,-0.8,1,Sound Reasoning
qwen25_72b,alphabetical_answer_think,93,-54.16,-0.8,-0.8,1,Sound Reasoning
qwen25_72b,alphabetical_answer_think,96,-54.16,-0.8,-0.8,0,Coherent Hallucination
qwen25_72b,alphabetical_answer_think,103,-54.16,-0.8,0.8,1,Sound Reasoning
qwen25_72b,alphabetical_answer_think,101,-54.16,-0.8,0.8,0,Contradictory Reasoning
qwen25_72b,alphabetical_answer_think,106,-54.16,-0.8,-0.8,1,Sound Reasoning
qwen25_72b,alphabetical_answer_think,107,-54.16,-0.8,0.8,0,Coherent Hallucination
qwen25_72b,alphabetical_answer_think,108,-54.16,-0.8,-0.8,1,Sound Reasoning
qwen25_72b,alphabetical_answer_think,113,-54.16,-0.8,0.8,1,Sound Reasoning
qwen25_72b,alphabetical_answer_think,111,-54.16,-0.8,0.8,0,Contradictory Reasoning
qwen25_72b,alphabetical_answer_think,110,-54.16,-0.8,-0.8,1,Sound Reasoning
qwen25_72b,alphabetical_answer_think,114,-54.16,-0.8,-0.8,1,Sound Reasoning
qwen25_72b,alphabetical_answer_think,119,-54.16,-0.8,0.8,1,Sound Reasoning
qwen25_72b,alphabetical_answer_think,109,-54.16,-0.8,0.8,0,Coherent Hallucination
qwen25_72b,alphabetical_answer_think,112,-54.16,-0.8,-0.8,1,Sound Reasoning
qwen25_72b,alphabetical_answer_think,115,-54.16,-0.8,0.8,0,Contradictory Reasoning
qwen25_72b,alphabetical_answer_think,118,-54.16,-0.8,-0.8,1,Sound Reasoning
qwen25_72b,alphabetical_answer_think,116,-54.16,-0.8,-0.8,1,Coherent Hallucination
qwen25_72b,alphabetical_answer_think,123,-40.62,-0.6,0.6,1,Sound Reasoning
qwen25_72b,alphabetical_answer_think,121,-40.62,-0.6,0.6,1,Sound Reasoning
qwen25_72b,alphabetical_answer_think,117,-54.16,-0.8,0.8,1,Sound Reasoning
qwen25_72b,alphabetical_answer_think,120,-40.62,-0.6,-0.6,1,Sound Reasoning
qwen25_72b,alphabetical_answer_think,122,-40.62,-0.6,-0.6,1,Sound Reasoning
qwen25_72b,alphabetical_answer_think,127,-40.62,-0.6,0.6,0,Contradictory Reasoning
qwen25_72b,alphabetical_answer_think,130,-40.62,-0.6,-0.6,1,Sound Reasoning
qwen25_72b,alphabetical_answer_think,129,-40.62,-0.6,0.6,0,Contradictory Reasoning
qwen25_72b,alphabetical_answer_think,128,-40.62,-0.6,-0.6,1,Sound Reasoning
qwen25_72b,alphabetical_answer_think,124,-40.62,-0.6,-0.6,1,Sound Reasoning
qwen25_72b,alphabetical_answer_think,126,-40.62,-0.6,-0.6,1,Sound Reasoning
qwen25_72b,alphabetical_answer_think,133,-40.62,-0.6,0.6,0,Contradictory Reasoning
qwen25_72b,alphabetical_answer_think,134,-40.62,-0.6,-0.6,1,Sound Reasoning
qwen25_72b,alphabetical_answer_think,135,-40.62,-0.6,0.6,0,Contradictory Reasoning
qwen25_72b,alphabetical_answer_think,132,-40.62,-0.6,-0.6,1,Sound Reasoning
qwen25_72b,alphabetical_answer_think,137,-40.62,-0.6,0.6,0,Contradictory Reasoning
qwen25_72b,alphabetical_answer_think,125,-40.62,-0.6,0.6,0,Contradictory Reasoning
qwen25_72b,alphabetical_answer_think,136,-40.62,-0.6,-0.6,1,Sound Reasoning
qwen25_72b,alphabetical_answer_think,139,-40.62,-0.6,0.6,0,Coherent Hallucination
qwen25_72b,alphabetical_answer_think,142,-40.62,-0.6,-0.6,1,Sound Reasoning
qwen25_72b,alphabetical_answer_think,131,-40.62,-0.6,0.6,0,Contradictory Reasoning
qwen25_72b,alphabetical_answer_think,144,-40.62,-0.6,-0.6,1,Sound Reasoning
qwen25_72b,alphabetical_answer_think,138,-40.62,-0.6,-0.6,1,Sound Reasoning
qwen25_72b,alphabetical_answer_think,143,-40.62,-0.6,0.6,0,Sound Reasoning
qwen25_72b,alphabetical_answer_think,145,-40.62,-0.6,0.6,0,Contradictory Reasoning
qwen25_72b,alphabetical_answer_think,146,-40.62,-0.6,-0.6,1,Sound Reasoning
qwen25_72b,alphabetical_answer_think,150,-40.62,-0.6,-0.6,1,Sound Reasoning
qwen25_72b,alphabetical_answer_think,149,-40.62,-0.6,0.6,0,Contradictory Reasoning
qwen25_72b,alphabetical_answer_think,152,-40.62,-0.6,0.6,0,Sound Reasoning
qwen25_72b,alphabetical_answer_think,140,-40.62,-0.6,-0.6,1,Sound Reasoning
qwen25_72b,alphabetical_answer_think,147,-40.62,-0.6,0.6,0,Contradictory Reasoning
qwen25_72b,alphabetical_answer_think,141,-40.62,-0.6,0.6,0,Coherent Hallucination
qwen25_72b,alphabetical_answer_think,151,-40.62,-0.6,0.6,0,Contradictory Reasoning
qwen25_72b,alphabetical_answer_think,148,-40.62,-0.6,-0.6,1,Sound Reasoning
qwen25_72b,alphabetical_answer_think,156,-40.62,-0.6,-0.6,1,Sound Reasoning
qwen25_72b,alphabetical_answer_think,154,-40.62,-0.6,-0.6,1,Sound Reasoning
qwen25_72b,alphabetical_answer_think,157,-40.62,-0.6,0.6,0,Contradictory Reasoning
qwen25_72b,alphabetical_answer_think,158,-40.62,-0.6,-0.6,1,Sound Reasoning
qwen25_72b,alphabetical_answer_think,155,-40.62,-0.6,0.6,0,Contradictory Reasoning
qwen25_72b,alphabetical_answer_think,159,-40.62,-0.6,0.6,0,Contradictory Reasoning
qwen25_72b,alphabetical_answer_think,161,-40.62,-0.6,0.6,0,Contradictory Reasoning
qwen25_72b,alphabetical_answer_think,153,-40.62,-0.6,-0.6,1,Contradictory Reasoning
qwen25_72b,alphabetical_answer_think,162,-40.62,-0.6,-0.6,1,Sound Reasoning
qwen25_72b,alphabetical_answer_think,165,-40.62,-0.6,0.6,0,Contradictory Reasoning
qwen25_72b,alphabetical_answer_think,160,-40.62,-0.6,-0.6,1,Sound Reasoning
qwen25_72b,alphabetical_answer_think,170,-40.62,-0.6,-0.6,1,Sound Reasoning
qwen25_72b,alphabetical_answer_think,169,-40.62,-0.6,0.6,0,Contradictory Reasoning
qwen25_72b,alphabetical_answer_think,163,-40.62,-0.6,0.6,0,Contradictory Reasoning
qwen25_72b,alphabetical_answer_think,164,-40.62,-0.6,-0.6,1,Sound Reasoning
qwen25_72b,alphabetical_answer_think,168,-40.62,-0.6,-0.6,1,Sound Reasoning
qwen25_72b,alphabetical_answer_think,166,-40.62,-0.6,-0.6,1,Sound Reasoning
qwen25_72b,alphabetical_answer_think,167,-40.62,-0.6,0.6,0,Contradictory Reasoning
qwen25_72b,alphabetical_answer_think,172,-40.62,-0.6,-0.6,1,Sound Reasoning
qwen25_72b,alphabetical_answer_think,176,-40.62,-0.6,-0.6,1,Sound Reasoning
qwen25_72b,alphabetical_answer_think,171,-40.62,-0.6,0.6,0,Contradictory Reasoning
qwen25_72b,alphabetical_answer_think,177,-40.62,-0.6,0.6,0,Contradictory Reasoning
qwen25_72b,alphabetical_answer_think,174,-40.62,-0.6,-0.6,1,Sound Reasoning
qwen25_72b,alphabetical_answer_think,183,-27.08,-0.4,0.4,1,Sound Reasoning
qwen25_72b,alphabetical_answer_think,180,-27.08,-0.4,-0.4,1,Sound Reasoning
qwen25_72b,alphabetical_answer_think,173,-40.62,-0.6,0.6,0,Contradictory Reasoning
qwen25_72b,alphabetical_answer_think,179,-40.62,-0.6,0.6,1,Sound Reasoning
qwen25_72b,alphabetical_answer_think,184,-27.08,-0.4,-0.4,1,Sound Reasoning
qwen25_72b,alphabetical_answer_think,175,-40.62,-0.6,0.6,0,Contradictory Reasoning
qwen25_72b,alphabetical_answer_think,178,-40.62,-0.6,-0.6,1,Sound Reasoning
qwen25_72b,alphabetical_answer_think,185,-27.08,-0.4,0.4,0,Coherent Hallucination
qwen25_72b,alphabetical_answer_think,182,-27.08,-0.4,-0.4,1,Sound Reasoning
qwen25_72b,alphabetical_answer_think,186,-27.08,-0.4,-0.4,1,Sound Reasoning
qwen25_72b,alphabetical_answer_think,188,-27.08,-0.4,-0.4,1,Sound Reasoning
qwen25_72b,alphabetical_answer_think,181,-27.08,-0.4,0.4,1,Sound Reasoning
qwen25_72b,alphabetical_answer_think,189,-27.08,-0.4,0.4,0,Contradictory Reasoning
qwen25_72b,alphabetical_answer_think,187,-27.08,-0.4,0.4,0,Contradictory Reasoning
qwen25_72b,alphabetical_answer_think,190,-27.08,-0.4,-0.4,1,Sound Reasoning
qwen25_72b,alphabetical_answer_think,194,-27.08,-0.4,-0.4,1,Sound Reasoning
qwen25_72b,alphabetical_answer_think,193,-27.08,-0.4,0.4,0,Contradictory Reasoning
qwen25_72b,alphabetical_answer_think,192,-27.08,-0.4,-0.4,1,Sound Reasoning
qwen25_72b,alphabetical_answer_think,199,-27.08,-0.4,0.4,0,Contradictory Reasoning
qwen25_72b,alphabetical_answer_think,191,-27.08,-0.4,0.4,0,Contradictory Reasoning
qwen25_72b,alphabetical_answer_think,195,-27.08,-0.4,0.4,0,Contradictory Reasoning
qwen25_72b,alphabetical_answer_think,197,-27.08,-0.4,0.4,0,Contradictory Reasoning
qwen25_72b,alphabetical_answer_think,206,-27.08,-0.4,-0.4,1,Sound Reasoning
qwen25_72b,alphabetical_answer_think,202,-27.08,-0.4,-0.4,1,Sound Reasoning
qwen25_72b,alphabetical_answer_think,201,-27.08,-0.4,0.4,0,Contradictory Reasoning
qwen25_72b,alphabetical_answer_think,205,-27.08,-0.4,0.4,0,Contradictory Reasoning
qwen25_72b,alphabetical_answer_think,198,-27.08,-0.4,-0.4,1,Sound Reasoning
qwen25_72b,alphabetical_answer_think,196,-27.08,-0.4,-0.4,1,Sound Reasoning
qwen25_72b,alphabetical_answer_think,200,-27.08,-0.4,-0.4,1,Sound Reasoning
qwen25_72b,alphabetical_answer_think,204,-27.08,-0.4,-0.4,1,Sound Reasoning
qwen25_72b,alphabetical_answer_think,203,-27.08,-0.4,0.4,0,Contradictory Reasoning
qwen25_72b,alphabetical_answer_think,210,-27.08,-0.4,-0.4,1,Sound Reasoning
qwen25_72b,alphabetical_answer_think,209,-27.08,-0.4,0.4,0,Coherent Hallucination
qwen25_72b,alphabetical_answer_think,208,-27.08,-0.4,-0.4,1,Sound Reasoning
qwen25_72b,alphabetical_answer_think,215,-27.08,-0.4,0.4,0,Contradictory Reasoning
qwen25_72b,alphabetical_answer_think,219,-27.08,-0.4,0.4,0,Contradictory Reasoning
qwen25_72b,alphabetical_answer_think,207,-27.08,-0.4,0.4,0,Ambiguous/Mixed
qwen25_72b,alphabetical_answer_think,212,-27.08,-0.4,0.4,0,Contradictory Reasoning
qwen25_72b,alphabetical_answer_think,213,-27.08,-0.4,-0.4,1,Sound Reasoning
qwen25_72b,alphabetical_answer_think,211,-27.08,-0.4,0.4,0,Contradictory Reasoning
qwen25_72b,alphabetical_answer_think,216,-27.08,-0.4,-0.4,1,Sound Reasoning
qwen25_72b,alphabetical_answer_think,214,-27.08,-0.4,-0.4,1,Sound Reasoning
qwen25_72b,alphabetical_answer_think,218,-27.08,-0.4,-0.4,1,Sound Reasoning
qwen25_72b,alphabetical_answer_think,224,-27.08,-0.4,-0.4,1,Sound Reasoning
qwen25_72b,alphabetical_answer_think,221,-27.08,-0.4,0.4,0,Contradictory Reasoning
qwen25_72b,alphabetical_answer_think,217,-27.08,-0.4,0.4,0,Contradictory Reasoning
qwen25_72b,alphabetical_answer_think,225,-27.08,-0.4,0.4,0,Coherent Hallucination
qwen25_72b,alphabetical_answer_think,229,-27.08,-0.4,0.4,0,Contradictory Reasoning
qwen25_72b,alphabetical_answer_think,227,-27.08,-0.4,0.4,0,Contradictory Reasoning
qwen25_72b,alphabetical_answer_think,222,-27.08,-0.4,-0.4,1,Sound Reasoning
qwen25_72b,alphabetical_answer_think,220,-27.08,-0.4,-0.4,1,Sound Reasoning
qwen25_72b,alphabetical_answer_think,228,-27.08,-0.4,-0.4,1,Sound Reasoning
qwen25_72b,alphabetical_answer_think,223,-27.08,-0.4,0.4,0,Contradictory Reasoning
qwen25_72b,alphabetical_answer_think,230,-27.08,-0.4,-0.4,1,Sound Reasoning
qwen25_72b,alphabetical_answer_think,243,-13.54,-0.2,0.2,1,Sound Reasoning
qwen25_72b,alphabetical_answer_think,240,-13.54,-0.2,-0.2,1,Sound Reasoning
qwen25_72b,alphabetical_answer_think,234,-27.08,-0.4,-0.4,1,Sound Reasoning
qwen25_72b,alphabetical_answer_think,226,-27.08,-0.4,-0.4,1,Sound Reasoning
qwen25_72b,alphabetical_answer_think,238,-27.08,-0.4,-0.4,1,Sound Reasoning
qwen25_72b,alphabetical_answer_think,233,-27.08,-0.4,0.4,0,Contradictory Reasoning
qwen25_72b,alphabetical_answer_think,237,-27.08,-0.4,0.4,0,Contradictory Reasoning
qwen25_72b,alphabetical_answer_think,232,-27.08,-0.4,-0.4,1,Sound Reasoning
qwen25_72b,alphabetical_answer_think,235,-27.08,-0.4,0.4,0,Coherent Hallucination
qwen25_72b,alphabetical_answer_think,231,-27.08,-0.4,0.4,0,Contradictory Reasoning
qwen25_72b,alphabetical_answer_think,239,-27.08,-0.4,0.4,1,Sound Reasoning
qwen25_72b,alphabetical_answer_think,246,-13.54,-0.2,-0.2,1,Sound Reasoning
qwen25_72b,alphabetical_answer_think,242,-13.54,-0.2,-0.2,1,Sound Reasoning
qwen25_72b,alphabetical_answer_think,244,-13.54,-0.2,-0.2,1,Sound Reasoning
qwen25_72b,alphabetical_answer_think,236,-27.08,-0.4,-0.4,1,Sound Reasoning
qwen25_72b,alphabetical_answer_think,241,-13.54,-0.2,0.2,1,Sound Reasoning
qwen25_72b,alphabetical_answer_think,247,-13.54,-0.2,0.2,0,Contradictory Reasoning
qwen25_72b,alphabetical_answer_think,249,-13.54,-0.2,0.2,0,Incoherent Hallucination
qwen25_72b,alphabetical_answer_think,245,-13.54,-0.2,0.2,0,Contradictory Reasoning
qwen25_72b,alphabetical_answer_think,248,-13.54,-0.2,-0.2,1,Sound Reasoning
qwen25_72b,alphabetical_answer_think,251,-13.54,-0.2,0.2,0,Contradictory Reasoning
qwen25_72b,alphabetical_answer_think,254,-13.54,-0.2,-0.2,1,Sound Reasoning
qwen25_72b,alphabetical_answer_think,260,-13.54,-0.2,-0.2,1,Sound Reasoning
qwen25_72b,alphabetical_answer_think,256,-13.54,-0.2,-0.2,1,Sound Reasoning
qwen25_72b,alphabetical_answer_think,250,-13.54,-0.2,-0.2,1,Sound Reasoning
qwen25_72b,alphabetical_answer_think,264,-13.54,-0.2,-0.2,1,Sound Reasoning
qwen25_72b,alphabetical_answer_think,253,-13.54,-0.2,0.2,0,Contradictory Reasoning
qwen25_72b,alphabetical_answer_think,255,-13.54,-0.2,0.2,0,Contradictory Reasoning
qwen25_72b,alphabetical_answer_think,263,-13.54,-0.2,0.2,0,Contradictory Reasoning
qwen25_72b,alphabetical_answer_think,259,-13.54,-0.2,0.2,0,Contradictory Reasoning
qwen25_72b,alphabetical_answer_think,262,-13.54,-0.2,-0.2,1,Sound Reasoning
qwen25_72b,alphabetical_answer_think,265,-13.54,-0.2,0.2,0,Contradictory Reasoning
qwen25_72b,alphabetical_answer_think,252,-13.54,-0.2,-0.2,1,Sound Reasoning
qwen25_72b,alphabetical_answer_think,266,-13.54,-0.2,-0.2,1,Sound Reasoning
qwen25_72b,alphabetical_answer_think,258,-13.54,-0.2,-0.2,1,Sound Reasoning
qwen25_72b,alphabetical_answer_think,270,-13.54,-0.2,-0.2,1,Sound Reasoning
qwen25_72b,alphabetical_answer_think,261,-13.54,-0.2,0.2,0,Contradictory Reasoning
qwen25_72b,alphabetical_answer_think,257,-13.54,-0.2,0.2,0,Coherent Hallucination
qwen25_72b,alphabetical_answer_think,272,-13.54,-0.2,0.2,0,Contradictory Reasoning
qwen25_72b,alphabetical_answer_think,268,-13.54,-0.2,-0.2,1,Sound Reasoning
qwen25_72b,alphabetical_answer_think,267,-13.54,-0.2,0.2,0,Contradictory Reasoning
qwen25_72b,alphabetical_answer_think,269,-13.54,-0.2,0.2,0,Coherent Hallucination
qwen25_72b,alphabetical_answer_think,274,-13.54,-0.2,-0.2,1,Sound Reasoning
qwen25_72b,alphabetical_answer_think,276,-13.54,-0.2,-0.2,1,Sound Reasoning
qwen25_72b,alphabetical_answer_think,271,-13.54,-0.2,0.2,0,Contradictory Reasoning
qwen25_72b,alphabetical_answer_think,278,-13.54,-0.2,-0.2,1,Sound Reasoning
qwen25_72b,alphabetical_answer_think,277,-13.54,-0.2,0.2,0,Coherent Hallucination
qwen25_72b,alphabetical_answer_think,273,-13.54,-0.2,-0.2,1,Sound Reasoning
qwen25_72b,alphabetical_answer_think,280,-13.54,-0.2,-0.2,1,Sound Reasoning
qwen25_72b,alphabetical_answer_think,284,-13.54,-0.2,-0.2,1,Sound Reasoning
qwen25_72b,alphabetical_answer_think,281,-13.54,-0.2,0.2,0,Contradictory Reasoning
qwen25_72b,alphabetical_answer_think,275,-13.54,-0.2,0.2,0,Coherent Hallucination
qwen25_72b,alphabetical_answer_think,286,-13.54,-0.2,-0.2,1,Sound Reasoning
qwen25_72b,alphabetical_answer_think,279,-13.54,-0.2,0.2,0,Coherent Hallucination
qwen25_72b,alphabetical_answer_think,282,-13.54,-0.2,-0.2,1,Sound Reasoning
qwen25_72b,alphabetical_answer_think,287,-13.54,-0.2,0.2,0,Coherent Hallucination
qwen25_72b,alphabetical_answer_think,283,-13.54,-0.2,0.2,0,Contradictory Reasoning
qwen25_72b,alphabetical_answer_think,288,-13.54,-0.2,-0.2,1,Sound Reasoning
qwen25_72b,alphabetical_answer_think,289,-13.54,-0.2,0.2,0,Coherent Hallucination
qwen25_72b,alphabetical_answer_think,290,-13.54,-0.2,-0.2,1,Sound Reasoning
qwen25_72b,alphabetical_answer_think,291,-13.54,-0.2,0.2,0,Incoherent Hallucination
qwen25_72b,alphabetical_answer_think,295,-13.54,-0.2,0.2,0,Contradictory Reasoning
qwen25_72b,alphabetical_answer_think,292,-13.54,-0.2,-0.2,1,Sound Reasoning
qwen25_72b,alphabetical_answer_think,285,-13.54,-0.2,0.2,0,Contradictory Reasoning
qwen25_72b,alphabetical_answer_think,293,-13.54,-0.2,0.2,0,Contradictory Reasoning
qwen25_72b,alphabetical_answer_think,294,-13.54,-0.2,-0.2,1,Sound Reasoning
qwen25_72b,alphabetical_answer_think,298,-13.54,-0.2,-0.2,1,Sound Reasoning
qwen25_72b,alphabetical_answer_think,296,-13.54,-0.2,-0.2,1,Sound Reasoning
qwen25_72b,alphabetical_answer_think,302,0.0,0.0,0.0,1,Sound Reasoning
qwen25_72b,alphabetical_answer_think,306,0.0,0.0,0.0,1,Sound Reasoning
qwen25_72b,alphabetical_answer_think,300,0.0,0.0,0.0,1,Sound Reasoning
qwen25_72b,alphabetical_answer_think,301,0.0,0.0,-0.0,1,Sound Reasoning
qwen25_72b,alphabetical_answer_think,309,0.0,0.0,-0.0,0,Contradictory Reasoning
qwen25_72b,alphabetical_answer_think,308,0.0,0.0,0.0,1,Sound Reasoning
qwen25_72b,alphabetical_answer_think,297,-13.54,-0.2,0.2,0,Contradictory Reasoning
qwen25_72b,alphabetical_answer_think,299,-13.54,-0.2,0.2,1,Sound Reasoning
qwen25_72b,alphabetical_answer_think,304,0.0,0.0,0.0,1,Sound Reasoning
qwen25_72b,alphabetical_answer_think,303,0.0,0.0,-0.0,0,Contradictory Reasoning
qwen25_72b,alphabetical_answer_think,305,0.0,0.0,-0.0,0,Coherent Hallucination
qwen25_72b,alphabetical_answer_think,310,0.0,0.0,0.0,1,Sound Reasoning
qwen25_72b,alphabetical_answer_think,307,0.0,0.0,-0.0,0,Coherent Hallucination
qwen25_72b,alphabetical_answer_think,312,0.0,0.0,0.0,1,Sound Reasoning
qwen25_72b,alphabetical_answer_think,313,0.0,0.0,-0.0,0,Contradictory Reasoning
qwen25_72b,alphabetical_answer_think,311,0.0,0.0,-0.0,0,Incoherent Hallucination
qwen25_72b,alphabetical_answer_think,320,0.0,0.0,0.0,1,Sound Reasoning
qwen25_72b,alphabetical_answer_think,314,0.0,0.0,0.0,1,Sound Reasoning
qwen25_72b,alphabetical_answer_think,317,0.0,0.0,-0.0,0,Contradictory Reasoning
qwen25_72b,alphabetical_answer_think,324,0.0,0.0,0.0,1,Sound Reasoning
qwen25_72b,alphabetical_answer_think,315,0.0,0.0,-0.0,0,Contradictory Reasoning
qwen25_72b,alphabetical_answer_think,316,0.0,0.0,0.0,1,Sound Reasoning
qwen25_72b,alphabetical_answer_think,323,0.0,0.0,-0.0,0,Contradictory Reasoning
qwen25_72b,alphabetical_answer_think,326,0.0,0.0,0.0,1,Sound Reasoning
qwen25_72b,alphabetical_answer_think,318,0.0,0.0,0.0,1,Sound Reasoning
qwen25_72b,alphabetical_answer_think,321,0.0,0.0,-0.0,0,Ambiguous/Mixed
qwen25_72b,alphabetical_answer_think,328,0.0,0.0,0.0,1,Sound Reasoning
qwen25_72b,alphabetical_answer_think,329,0.0,0.0,-0.0,0,Contradictory Reasoning
qwen25_72b,alphabetical_answer_think,319,0.0,0.0,-0.0,0,Incoherent Hallucination
qwen25_72b,alphabetical_answer_think,322,0.0,0.0,0.0,1,Sound Reasoning
qwen25_72b,alphabetical_answer_think,331,0.0,0.0,-0.0,0,Contradictory Reasoning
qwen25_72b,alphabetical_answer_think,330,0.0,0.0,0.0,1,Sound Reasoning
qwen25_72b,alphabetical_answer_think,325,0.0,0.0,-0.0,0,Coherent Hallucination
qwen25_72b,alphabetical_answer_think,327,0.0,0.0,-0.0,0,Coherent Hallucination
qwen25_72b,alphabetical_answer_think,333,0.0,0.0,0.0,1,Sound Reasoning
qwen25_72b,alphabetical_answer_think,336,0.0,0.0,0.0,1,Sound Reasoning
qwen25_72b,alphabetical_answer_think,332,0.0,0.0,-0.0,0,Contradictory Reasoning
qwen25_72b,alphabetical_answer_think,344,0.0,0.0,0.0,1,Sound Reasoning
qwen25_72b,alphabetical_answer_think,335,0.0,0.0,-0.0,0,Coherent Hallucination
qwen25_72b,alphabetical_answer_think,334,0.0,0.0,0.0,1,Sound Reasoning
qwen25_72b,alphabetical_answer_think,338,0.0,0.0,0.0,1,Sound Reasoning
qwen25_72b,alphabetical_answer_think,337,0.0,0.0,-0.0,0,Incoherent Hallucination
qwen25_72b,alphabetical_answer_think,340,0.0,0.0,0.0,1,Sound Reasoning
qwen25_72b,alphabetical_answer_think,339,0.0,0.0,-0.0,0,Incoherent Hallucination
qwen25_72b,alphabetical_answer_think,342,0.0,0.0,0.0,1,Sound Reasoning
qwen25_72b,alphabetical_answer_think,341,0.0,0.0,-0.0,0,Contradictory Reasoning
qwen25_72b,alphabetical_answer_think,343,0.0,0.0,-0.0,0,Incoherent Hallucination
qwen25_72b,alphabetical_answer_think,347,0.0,0.0,-0.0,0,Coherent Hallucination
qwen25_72b,alphabetical_answer_think,348,0.0,0.0,0.0,1,Sound Reasoning
qwen25_72b,alphabetical_answer_think,346,0.0,0.0,0.0,1,Sound Reasoning
qwen25_72b,alphabetical_answer_think,350,0.0,0.0,0.0,1,Sound Reasoning
qwen25_72b,alphabetical_answer_think,349,0.0,0.0,-0.0,0,Coherent Hallucination
qwen25_72b,alphabetical_answer_think,351,0.0,0.0,-0.0,0,Contradictory Reasoning
qwen25_72b,alphabetical_answer_think,354,0.0,0.0,0.0,1,Sound Reasoning
qwen25_72b,alphabetical_answer_think,345,0.0,0.0,-0.0,0,Coherent Hallucination
qwen25_72b,alphabetical_answer_think,355,0.0,0.0,-0.0,0,Contradictory Reasoning
qwen25_72b,alphabetical_answer_think,360,18.14,0.2,0.2,1,Sound Reasoning
qwen25_72b,alphabetical_answer_think,359,0.0,0.0,-0.0,1,Sound Reasoning
qwen25_72b,alphabetical_answer_think,361,18.14,0.2,-0.2,1,Sound Reasoning
qwen25_72b,alphabetical_answer_think,352,0.0,0.0,0.0,1,Sound Reasoning
qwen25_72b,alphabetical_answer_think,362,18.14,0.2,0.2,1,Sound Reasoning
qwen25_72b,alphabetical_answer_think,358,0.0,0.0,0.0,1,Sound Reasoning
qwen25_72b,alphabetical_answer_think,353,0.0,0.0,-0.0,0,Ambiguous/Mixed
qwen25_72b,alphabetical_answer_think,364,18.14,0.2,0.2,1,Sound Reasoning
qwen25_72b,alphabetical_answer_think,357,0.0,0.0,-0.0,0,Contradictory Reasoning
qwen25_72b,alphabetical_answer_think,367,18.14,0.2,-0.2,0,Coherent Hallucination
qwen25_72b,alphabetical_answer_think,365,18.14,0.2,-0.2,0,Coherent Hallucination
qwen25_72b,alphabetical_answer_think,368,18.14,0.2,0.2,1,Sound Reasoning
qwen25_72b,alphabetical_answer_think,363,18.14,0.2,-0.2,0,Incoherent Hallucination
qwen25_72b,alphabetical_answer_think,366,18.14,0.2,0.2,1,Sound Reasoning
qwen25_72b,alphabetical_answer_think,356,0.0,0.0,0.0,1,Sound Reasoning
qwen25_72b,alphabetical_answer_think,370,18.14,0.2,0.2,1,Sound Reasoning
qwen25_72b,alphabetical_answer_think,374,18.14,0.2,0.2,1,Sound Reasoning
qwen25_72b,alphabetical_answer_think,369,18.14,0.2,-0.2,0,Incoherent Hallucination
qwen25_72b,alphabetical_answer_think,376,18.14,0.2,0.2,1,Sound Reasoning
qwen25_72b,alphabetical_answer_think,371,18.14,0.2,-0.2,0,Coherent Hallucination
qwen25_72b,alphabetical_answer_think,373,18.14,0.2,-0.2,0,Contradictory Reasoning
qwen25_72b,alphabetical_answer_think,379,18.14,0.2,-0.2,0,Coherent Hallucination
qwen25_72b,alphabetical_answer_think,378,18.14,0.2,0.2,1,Sound Reasoning
qwen25_72b,alphabetical_answer_think,372,18.14,0.2,0.2,1,Sound Reasoning
qwen25_72b,alphabetical_answer_think,380,18.14,0.2,0.2,1,Sound Reasoning
qwen25_72b,alphabetical_answer_think,382,18.14,0.2,0.2,1,Sound Reasoning
qwen25_72b,alphabetical_answer_think,377,18.14,0.2,-0.2,0,Incoherent Hallucination
qwen25_72b,alphabetical_answer_think,375,18.14,0.2,-0.2,0,Incoherent Hallucination
qwen25_72b,alphabetical_answer_think,383,18.14,0.2,-0.2,0,Ambiguous/Mixed
qwen25_72b,alphabetical_answer_think,384,18.14,0.2,0.2,1,Sound Reasoning
qwen25_72b,alphabetical_answer_think,386,18.14,0.2,0.2,1,Sound Reasoning
qwen25_72b,alphabetical_answer_think,388,18.14,0.2,0.2,1,Sound Reasoning
qwen25_72b,alphabetical_answer_think,381,18.14,0.2,-0.2,0,Coherent Hallucination
qwen25_72b,alphabetical_answer_think,385,18.14,0.2,-0.2,0,Incoherent Hallucination
qwen25_72b,alphabetical_answer_think,402,18.14,0.2,0.2,1,Sound Reasoning
qwen25_72b,alphabetical_answer_think,392,18.14,0.2,-0.2,0,Sound Reasoning
qwen25_72b,alphabetical_answer_think,390,18.14,0.2,0.2,1,Sound Reasoning
qwen25_72b,alphabetical_answer_think,394,18.14,0.2,0.2,1,Sound Reasoning
qwen25_72b,alphabetical_answer_think,387,18.14,0.2,-0.2,0,Ambiguous/Mixed
qwen25_72b,alphabetical_answer_think,391,18.14,0.2,-0.2,0,Contradictory Reasoning
qwen25_72b,alphabetical_answer_think,399,18.14,0.2,-0.2,0,Contradictory Reasoning
qwen25_72b,alphabetical_answer_think,407,18.14,0.2,-0.2,0,Coherent Hallucination
qwen25_72b,alphabetical_answer_think,389,18.14,0.2,-0.2,0,Contradictory Reasoning
qwen25_72b,alphabetical_answer_think,397,18.14,0.2,-0.2,0,Coherent Hallucination
qwen25_72b,alphabetical_answer_think,396,18.14,0.2,0.2,1,Sound Reasoning
qwen25_72b,alphabetical_answer_think,393,18.14,0.2,0.2,1,Sound Reasoning
qwen25_72b,alphabetical_answer_think,395,18.14,0.2,-0.2,0,Coherent Hallucination
qwen25_72b,alphabetical_answer_think,401,18.14,0.2,-0.2,0,Coherent Hallucination
qwen25_72b,alphabetical_answer_think,400,18.14,0.2,0.2,1,Sound Reasoning
qwen25_72b,alphabetical_answer_think,412,18.14,0.2,0.2,1,Sound Reasoning
qwen25_72b,alphabetical_answer_think,398,18.14,0.2,0.2,1,Sound Reasoning
qwen25_72b,alphabetical_answer_think,403,18.14,0.2,-0.2,0,Contradictory Reasoning
qwen25_72b,alphabetical_answer_think,405,18.14,0.2,-0.2,0,Contradictory Reasoning
qwen25_72b,alphabetical_answer_think,417,18.14,0.2,-0.2,0,Incoherent Hallucination
qwen25_72b,alphabetical_answer_think,410,18.14,0.2,0.2,1,Sound Reasoning
qwen25_72b,alphabetical_answer_think,408,18.14,0.2,0.2,1,Sound Reasoning
qwen25_72b,alphabetical_answer_think,406,18.14,0.2,0.2,1,Sound Reasoning
qwen25_72b,alphabetical_answer_think,404,18.14,0.2,0.2,1,Sound Reasoning
qwen25_72b,alphabetical_answer_think,409,18.14,0.2,-0.2,0,Coherent Hallucination
qwen25_72b,alphabetical_answer_think,418,18.14,0.2,0.2,1,Sound Reasoning
qwen25_72b,alphabetical_answer_think,419,18.14,0.2,-0.2,1,Sound Reasoning
qwen25_72b,alphabetical_answer_think,424,36.28,0.4,0.4,1,Sound Reasoning
qwen25_72b,alphabetical_answer_think,428,36.28,0.4,0.4,1,Sound Reasoning
qwen25_72b,alphabetical_answer_think,414,18.14,0.2,0.2,1,Sound Reasoning
qwen25_72b,alphabetical_answer_think,422,36.28,0.4,0.4,1,Sound Reasoning
qwen25_72b,alphabetical_answer_think,413,18.14,0.2,-0.2,0,Contradictory Reasoning
qwen25_72b,alphabetical_answer_think,425,36.28,0.4,-0.4,0,Coherent Hallucination
qwen25_72b,alphabetical_answer_think,415,18.14,0.2,-0.2,0,Incoherent Hallucination
qwen25_72b,alphabetical_answer_think,416,18.14,0.2,0.2,1,Sound Reasoning
qwen25_72b,alphabetical_answer_think,411,18.14,0.2,-0.2,0,Incoherent Hallucination
qwen25_72b,alphabetical_answer_think,420,36.28,0.4,0.4,1,Sound Reasoning
qwen25_72b,alphabetical_answer_think,421,36.28,0.4,-0.4,1,Sound Reasoning
qwen25_72b,alphabetical_answer_think,434,36.28,0.4,0.4,1,Sound Reasoning
qwen25_72b,alphabetical_answer_think,433,36.28,0.4,-0.4,0,Coherent Hallucination
qwen25_72b,alphabetical_answer_think,426,36.28,0.4,0.4,1,Sound Reasoning
qwen25_72b,alphabetical_answer_think,430,36.28,0.4,0.4,1,Sound Reasoning
qwen25_72b,alphabetical_answer_think,437,36.28,0.4,-0.4,0,Contradictory Reasoning
qwen25_72b,alphabetical_answer_think,427,36.28,0.4,-0.4,0,Contradictory Reasoning
qwen25_72b,alphabetical_answer_think,423,36.28,0.4,-0.4,0,Coherent Hallucination
qwen25_72b,alphabetical_answer_think,431,36.28,0.4,-0.4,0,Coherent Hallucination
qwen25_72b,alphabetical_answer_think,440,36.28,0.4,0.4,1,Sound Reasoning
qwen25_72b,alphabetical_answer_think,438,36.28,0.4,0.4,1,Sound Reasoning
qwen25_72b,alphabetical_answer_think,435,36.28,0.4,-0.4,0,Contradictory Reasoning
qwen25_72b,alphabetical_answer_think,448,36.28,0.4,0.4,1,Sound Reasoning
qwen25_72b,alphabetical_answer_think,444,36.28,0.4,0.4,1,Sound Reasoning
qwen25_72b,alphabetical_answer_think,447,36.28,0.4,-0.4,0,Coherent Hallucination
qwen25_72b,alphabetical_answer_think,439,36.28,0.4,-0.4,0,Coherent Hallucination
qwen25_72b,alphabetical_answer_think,442,36.28,0.4,0.4,1,Sound Reasoning
qwen25_72b,alphabetical_answer_think,443,36.28,0.4,-0.4,0,Incoherent Hallucination
qwen25_72b,alphabetical_answer_think,450,36.28,0.4,0.4,1,Sound Reasoning
qwen25_72b,alphabetical_answer_think,432,36.28,0.4,0.4,1,Sound Reasoning
qwen25_72b,alphabetical_answer_think,436,36.28,0.4,0.4,1,Sound Reasoning
qwen25_72b,alphabetical_answer_think,441,36.28,0.4,-0.4,0,Coherent Hallucination
qwen25_72b,alphabetical_answer_think,455,36.28,0.4,-0.4,0,Contradictory Reasoning
qwen25_72b,alphabetical_answer_think,446,36.28,0.4,0.4,1,Sound Reasoning
qwen25_72b,alphabetical_answer_think,445,36.28,0.4,-0.4,0,Contradictory Reasoning
qwen25_72b,alphabetical_answer_think,429,36.28,0.4,-0.4,0,Contradictory Reasoning
qwen25_72b,alphabetical_answer_think,451,36.28,0.4,-0.4,0,Incoherent Hallucination
qwen25_72b,alphabetical_answer_think,452,36.28,0.4,-0.4,0,Contradictory Reasoning
qwen25_72b,alphabetical_answer_think,449,36.28,0.4,-0.4,0,Coherent Hallucination
qwen25_72b,alphabetical_answer_think,467,36.28,0.4,-0.4,0,Contradictory Reasoning
qwen25_72b,alphabetical_answer_think,454,36.28,0.4,0.4,1,Sound Reasoning
qwen25_72b,alphabetical_answer_think,457,36.28,0.4,-0.4,0,Incoherent Hallucination
qwen25_72b,alphabetical_answer_think,460,36.28,0.4,0.4,1,Sound Reasoning
qwen25_72b,alphabetical_answer_think,459,36.28,0.4,-0.4,0,Incoherent Hallucination
qwen25_72b,alphabetical_answer_think,463,36.28,0.4,-0.4,0,Contradictory Reasoning
qwen25_72b,alphabetical_answer_think,456,36.28,0.4,0.4,1,Sound Reasoning
qwen25_72b,alphabetical_answer_think,461,36.28,0.4,-0.4,0,Coherent Hallucination
qwen25_72b,alphabetical_answer_think,465,36.28,0.4,-0.4,0,Incoherent Hallucination
qwen25_72b,alphabetical_answer_think,458,36.28,0.4,0.4,1,Sound Reasoning
qwen25_72b,alphabetical_answer_think,453,36.28,0.4,0.4,1,Sound Reasoning
qwen25_72b,alphabetical_answer_think,469,36.28,0.4,-0.4,0,Coherent Hallucination
qwen25_72b,alphabetical_answer_think,468,36.28,0.4,0.4,1,Sound Reasoning
qwen25_72b,alphabetical_answer_think,472,36.28,0.4,0.4,1,Sound Reasoning
qwen25_72b,alphabetical_answer_think,464,36.28,0.4,0.4,1,Sound Reasoning
qwen25_72b,alphabetical_answer_think,474,36.28,0.4,0.4,1,Sound Reasoning
qwen25_72b,alphabetical_answer_think,470,36.28,0.4,0.4,1,Sound Reasoning
qwen25_72b,alphabetical_answer_think,473,36.28,0.4,-0.4,0,Coherent Hallucination
qwen25_72b,alphabetical_answer_think,462,36.28,0.4,0.4,1,Sound Reasoning
qwen25_72b,alphabetical_answer_think,466,36.28,0.4,0.4,1,Sound Reasoning
qwen25_72b,alphabetical_answer_think,475,36.28,0.4,-0.4,0,Coherent Hallucination
qwen25_72b,alphabetical_answer_think,483,54.42,0.6,-0.6,0,Incoherent Hallucination
qwen25_72b,alphabetical_answer_think,476,36.28,0.4,0.4,1,Sound Reasoning
qwen25_72b,alphabetical_answer_think,481,54.42,0.6,-0.6,1,Sound Reasoning
qwen25_72b,alphabetical_answer_think,477,36.28,0.4,-0.4,0,Coherent Hallucination
qwen25_72b,alphabetical_answer_think,478,36.28,0.4,0.4,1,Sound Reasoning
qwen25_72b,alphabetical_answer_think,482,54.42,0.6,0.6,1,Sound Reasoning
qwen25_72b,alphabetical_answer_think,484,54.42,0.6,0.6,1,Sound Reasoning
qwen25_72b,alphabetical_answer_think,480,54.42,0.6,0.6,1,Sound Reasoning
qwen25_72b,alphabetical_answer_think,486,54.42,0.6,0.6,1,Sound Reasoning
qwen25_72b,alphabetical_answer_think,479,36.28,0.4,-0.4,0,Contradictory Reasoning
qwen25_72b,alphabetical_answer_think,485,54.42,0.6,-0.6,0,Coherent Hallucination
qwen25_72b,alphabetical_answer_think,490,54.42,0.6,0.6,1,Sound Reasoning
qwen25_72b,alphabetical_answer_think,491,54.42,0.6,-0.6,0,Coherent Hallucination
qwen25_72b,alphabetical_answer_think,492,54.42,0.6,0.6,1,Sound Reasoning
qwen25_72b,alphabetical_answer_think,488,54.42,0.6,0.6,1,Sound Reasoning
qwen25_72b,alphabetical_answer_think,501,54.42,0.6,-0.6,0,Coherent Hallucination
qwen25_72b,alphabetical_answer_think,493,54.42,0.6,-0.6,0,Coherent Hallucination
qwen25_72b,alphabetical_answer_think,487,54.42,0.6,-0.6,0,Coherent Hallucination
qwen25_72b,alphabetical_answer_think,495,54.42,0.6,-0.6,0,Coherent Hallucination
qwen25_72b,alphabetical_answer_think,471,36.28,0.4,-0.4,0,Coherent Hallucination
qwen25_72b,alphabetical_answer_think,506,54.42,0.6,0.6,1,Sound Reasoning
qwen25_72b,alphabetical_answer_think,494,54.42,0.6,0.6,1,Sound Reasoning
qwen25_72b,alphabetical_answer_think,489,54.42,0.6,-0.6,0,Incoherent Hallucination
qwen25_72b,alphabetical_answer_think,500,54.42,0.6,0.6,1,Sound Reasoning
qwen25_72b,alphabetical_answer_think,498,54.42,0.6,0.6,1,Sound Reasoning
qwen25_72b,alphabetical_answer_think,502,54.42,0.6,0.6,1,Sound Reasoning
qwen25_72b,alphabetical_answer_think,496,54.42,0.6,0.6,1,Sound Reasoning
qwen25_72b,alphabetical_answer_think,497,54.42,0.6,-0.6,0,Contradictory Reasoning
qwen25_72b,alphabetical_answer_think,499,54.42,0.6,-0.6,0,Coherent Hallucination
qwen25_72b,alphabetical_answer_think,505,54.42,0.6,-0.6,0,Coherent Hallucination
qwen25_72b,alphabetical_answer_think,511,54.42,0.6,-0.6,0,Contradictory Reasoning
qwen25_72b,alphabetical_answer_think,504,54.42,0.6,0.6,1,Sound Reasoning
qwen25_72b,alphabetical_answer_think,512,54.42,0.6,-0.6,0,Contradictory Reasoning
qwen25_72b,alphabetical_answer_think,508,54.42,0.6,0.6,1,Sound Reasoning
qwen25_72b,alphabetical_answer_think,516,54.42,0.6,0.6,1,Sound Reasoning
qwen25_72b,alphabetical_answer_think,507,54.42,0.6,-0.6,0,Coherent Hallucination
qwen25_72b,alphabetical_answer_think,510,54.42,0.6,0.6,1,Sound Reasoning
qwen25_72b,alphabetical_answer_think,509,54.42,0.6,-0.6,0,Coherent Hallucination
qwen25_72b,alphabetical_answer_think,515,54.42,0.6,-0.6,0,Coherent Hallucination
qwen25_72b,alphabetical_answer_think,514,54.42,0.6,0.6,1,Sound Reasoning
qwen25_72b,alphabetical_answer_think,513,54.42,0.6,0.6,1,Coherent Hallucination
qwen25_72b,alphabetical_answer_think,520,54.42,0.6,0.6,1,Coherent Hallucination
qwen25_72b,alphabetical_answer_think,503,54.42,0.6,-0.6,0,Contradictory Reasoning
qwen25_72b,alphabetical_answer_think,517,54.42,0.6,-0.6,0,Coherent Hallucination
qwen25_72b,alphabetical_answer_think,518,54.42,0.6,0.6,1,Sound Reasoning
qwen25_72b,alphabetical_answer_think,519,54.42,0.6,-0.6,0,Sound Reasoning
qwen25_72b,alphabetical_answer_think,521,54.42,0.6,-0.6,0,Incoherent Hallucination
qwen25_72b,alphabetical_answer_think,527,54.42,0.6,-0.6,0,Contradictory Reasoning
qwen25_72b,alphabetical_answer_think,530,54.42,0.6,0.6,1,Coherent Hallucination
qwen25_72b,alphabetical_answer_think,523,54.42,0.6,-0.6,0,Incoherent Hallucination
qwen25_72b,alphabetical_answer_think,532,54.42,0.6,0.6,1,Sound Reasoning
qwen25_72b,alphabetical_answer_think,522,54.42,0.6,0.6,1,Sound Reasoning
qwen25_72b,alphabetical_answer_think,534,54.42,0.6,0.6,1,Sound Reasoning
qwen25_72b,alphabetical_answer_think,533,54.42,0.6,-0.6,0,Contradictory Reasoning
qwen25_72b,alphabetical_answer_think,526,54.42,0.6,0.6,1,Sound Reasoning
qwen25_72b,alphabetical_answer_think,524,54.42,0.6,0.6,1,Sound Reasoning
qwen25_72b,alphabetical_answer_think,531,54.42,0.6,-0.6,0,Incoherent Hallucination
qwen25_72b,alphabetical_answer_think,525,54.42,0.6,-0.6,0,Coherent Hallucination
qwen25_72b,alphabetical_answer_think,528,54.42,0.6,0.6,1,Sound Reasoning
qwen25_72b,alphabetical_answer_think,538,54.42,0.6,0.6,1,Sound Reasoning
qwen25_72b,alphabetical_answer_think,536,54.42,0.6,0.6,1,Coherent Hallucination
qwen25_72b,alphabetical_answer_think,535,54.42,0.6,-0.6,0,Contradictory Reasoning
qwen25_72b,alphabetical_answer_think,541,72.56,0.8,-0.8,1,Sound Reasoning
qwen25_72b,alphabetical_answer_think,544,72.56,0.8,0.8,1,Sound Reasoning
qwen25_72b,alphabetical_answer_think,537,54.42,0.6,-0.6,0,Coherent Hallucination
qwen25_72b,alphabetical_answer_think,529,54.42,0.6,-0.6,0,Ambiguous/Mixed
qwen25_72b,alphabetical_answer_think,547,72.56,0.8,-0.8,0,Incoherent Hallucination
qwen25_72b,alphabetical_answer_think,539,54.42,0.6,-0.6,0,Coherent Hallucination
qwen25_72b,alphabetical_answer_think,540,72.56,0.8,0.8,1,Sound Reasoning
qwen25_72b,alphabetical_answer_think,543,72.56,0.8,-0.8,0,Coherent Hallucination
qwen25_72b,alphabetical_answer_think,545,72.56,0.8,-0.8,0,Incoherent Hallucination
qwen25_72b,alphabetical_answer_think,551,72.56,0.8,-0.8,0,Incoherent Hallucination
qwen25_72b,alphabetical_answer_think,542,72.56,0.8,0.8,1,Sound Reasoning
qwen25_72b,alphabetical_answer_think,550,72.56,0.8,0.8,1,Sound Reasoning
qwen25_72b,alphabetical_answer_think,562,72.56,0.8,0.8,1,Sound Reasoning
qwen25_72b,alphabetical_answer_think,556,72.56,0.8,0.8,1,Sound Reasoning
qwen25_72b,alphabetical_answer_think,549,72.56,0.8,-0.8,0,Coherent Hallucination
qwen25_72b,alphabetical_answer_think,554,72.56,0.8,0.8,1,Sound Reasoning
qwen25_72b,alphabetical_answer_think,548,72.56,0.8,0.8,1,Sound Reasoning
qwen25_72b,alphabetical_answer_think,555,72.56,0.8,-0.8,0,Coherent Hallucination
qwen25_72b,alphabetical_answer_think,553,72.56,0.8,-0.8,0,Incoherent Hallucination
qwen25_72b,alphabetical_answer_think,552,72.56,0.8,0.8,1,Ambiguous/Mixed
qwen25_72b,alphabetical_answer_think,546,72.56,0.8,0.8,1,Coherent Hallucination
qwen25_72b,alphabetical_answer_think,559,72.56,0.8,-0.8,0,Incoherent Hallucination
qwen25_72b,alphabetical_answer_think,557,72.56,0.8,-0.8,0,Coherent Hallucination
qwen25_72b,alphabetical_answer_think,564,72.56,0.8,0.8,1,Sound Reasoning
qwen25_72b,alphabetical_answer_think,565,72.56,0.8,-0.8,0,Coherent Hallucination
qwen25_72b,alphabetical_answer_think,558,72.56,0.8,0.8,1,Sound Reasoning
qwen25_72b,alphabetical_answer_think,566,72.56,0.8,0.8,1,Sound Reasoning
qwen25_72b,alphabetical_answer_think,563,72.56,0.8,-0.8,0,Coherent Hallucination
qwen25_72b,alphabetical_answer_think,569,72.56,0.8,-0.8,0,Coherent Hallucination
qwen25_72b,alphabetical_answer_think,568,72.56,0.8,0.8,1,Sound Reasoning
qwen25_72b,alphabetical_answer_think,567,72.56,0.8,-0.8,0,Incoherent Hallucination
qwen25_72b,alphabetical_answer_think,571,72.56,0.8,-0.8,0,Incoherent Hallucination
qwen25_72b,alphabetical_answer_think,572,72.56,0.8,-0.8,0,Coherent Hallucination
qwen25_72b,alphabetical_answer_think,561,72.56,0.8,-0.8,0,Incoherent Hallucination
qwen25_72b,alphabetical_answer_think,560,72.56,0.8,0.8,1,Sound Reasoning
qwen25_72b,alphabetical_answer_think,570,72.56,0.8,0.8,1,Sound Reasoning
qwen25_72b,alphabetical_answer_think,576,72.56,0.8,0.8,1,Sound Reasoning
qwen25_72b,alphabetical_answer_think,574,72.56,0.8,0.8,1,Sound Reasoning
qwen25_72b,alphabetical_answer_think,573,72.56,0.8,0.8,1,Incoherent Hallucination
qwen25_72b,alphabetical_answer_think,582,72.56,0.8,0.8,1,Sound Reasoning
qwen25_72b,alphabetical_answer_think,578,72.56,0.8,0.8,1,Sound Reasoning
qwen25_72b,alphabetical_answer_think,577,72.56,0.8,-0.8,0,Contradictory Reasoning
qwen25_72b,alphabetical_answer_think,575,72.56,0.8,-0.8,0,Contradictory Reasoning
qwen25_72b,alphabetical_answer_think,586,72.56,0.8,0.8,1,Incoherent Hallucination
qwen25_72b,alphabetical_answer_think,579,72.56,0.8,-0.8,0,Coherent Hallucination
qwen25_72b,alphabetical_answer_think,584,72.56,0.8,0.8,1,Sound Reasoning
qwen25_72b,alphabetical_answer_think,587,72.56,0.8,-0.8,0,Coherent Hallucination
qwen25_72b,alphabetical_answer_think,583,72.56,0.8,-0.8,0,Contradictory Reasoning
qwen25_72b,alphabetical_answer_think,588,72.56,0.8,0.8,1,Sound Reasoning
qwen25_72b,alphabetical_answer_think,581,72.56,0.8,-0.8,0,Coherent Hallucination
qwen25_72b,alphabetical_answer_think,592,72.56,0.8,0.8,1,Coherent Hallucination
qwen25_72b,alphabetical_answer_think,580,72.56,0.8,0.8,1,Ambiguous/Mixed
qwen25_72b,alphabetical_answer_think,585,72.56,0.8,-0.8,0,Coherent Hallucination
qwen25_72b,alphabetical_answer_think,593,72.56,0.8,-0.8,0,Contradictory Reasoning
qwen25_72b,alphabetical_answer_think,589,72.56,0.8,-0.8,0,Coherent Hallucination
qwen25_72b,alphabetical_answer_think,595,72.56,0.8,-0.8,0,Incoherent Hallucination
qwen25_72b,alphabetical_answer_think,600,90.7,1.0,1.0,1,Sound Reasoning
qwen25_72b,alphabetical_answer_think,596,72.56,0.8,0.8,1,Coherent Hallucination
qwen25_72b,alphabetical_answer_think,590,72.56,0.8,0.8,1,Sound Reasoning
qwen25_72b,alphabetical_answer_think,604,90.7,1.0,1.0,1,Sound Reasoning
qwen25_72b,alphabetical_answer_think,598,72.56,0.8,0.8,1,Sound Reasoning
qwen25_72b,alphabetical_answer_think,591,72.56,0.8,-0.8,0,Sound Reasoning
qwen25_72b,alphabetical_answer_think,601,90.7,1.0,-1.0,0,Contradictory Reasoning
qwen25_72b,alphabetical_answer_think,603,90.7,1.0,-1.0,0,Incoherent Hallucination
qwen25_72b,alphabetical_answer_think,594,72.56,0.8,0.8,1,Sound Reasoning
qwen25_72b,alphabetical_answer_think,602,90.7,1.0,1.0,1,Sound Reasoning
qwen25_72b,alphabetical_answer_think,599,72.56,0.8,-0.8,0,Contradictory Reasoning
qwen25_72b,alphabetical_answer_think,605,90.7,1.0,-1.0,0,Coherent Hallucination
qwen25_72b,alphabetical_answer_think,606,90.7,1.0,1.0,1,Sound Reasoning
qwen25_72b,alphabetical_answer_think,610,90.7,1.0,1.0,1,Sound Reasoning
qwen25_72b,alphabetical_answer_think,607,90.7,1.0,-1.0,0,Coherent Hallucination
qwen25_72b,alphabetical_answer_think,597,72.56,0.8,-0.8,0,Coherent Hallucination
qwen25_72b,alphabetical_answer_think,609,90.7,1.0,-1.0,0,Contradictory Reasoning
qwen25_72b,alphabetical_answer_think,608,90.7,1.0,1.0,1,Sound Reasoning
qwen25_72b,alphabetical_answer_think,611,90.7,1.0,-1.0,0,Coherent Hallucination
qwen25_72b,alphabetical_answer_think,616,90.7,1.0,1.0,1,Sound Reasoning
qwen25_72b,alphabetical_answer_think,612,90.7,1.0,1.0,1,Sound Reasoning
qwen25_72b,alphabetical_answer_think,615,90.7,1.0,-1.0,0,Incoherent Hallucination
qwen25_72b,alphabetical_answer_think,613,90.7,1.0,-1.0,0,Incoherent Hallucination
qwen25_72b,alphabetical_answer_think,614,90.7,1.0,1.0,1,Sound Reasoning
qwen25_72b,alphabetical_answer_think,624,90.7,1.0,1.0,1,Sound Reasoning
qwen25_72b,alphabetical_answer_think,622,90.7,1.0,1.0,1,Sound Reasoning
qwen25_72b,alphabetical_answer_think,621,90.7,1.0,-1.0,0,Incoherent Hallucination
qwen25_72b,alphabetical_answer_think,618,90.7,1.0,1.0,1,Coherent Hallucination
qwen25_72b,alphabetical_answer_think,617,90.7,1.0,-1.0,0,Coherent Hallucination
qwen25_72b,alphabetical_answer_think,620,90.7,1.0,1.0,1,Sound Reasoning
qwen25_72b,alphabetical_answer_think,628,90.7,1.0,1.0,1,Sound Reasoning
qwen25_72b,alphabetical_answer_think,619,90.7,1.0,-1.0,0,Incoherent Hallucination
qwen25_72b,alphabetical_answer_think,629,90.7,1.0,-1.0,0,Incoherent Hallucination
qwen25_72b,alphabetical_answer_think,626,90.7,1.0,1.0,1,Sound Reasoning
qwen25_72b,alphabetical_answer_think,625,90.7,1.0,-1.0,0,Coherent Hallucination
qwen25_72b,alphabetical_answer_think,630,90.7,1.0,1.0,1,Sound Reasoning
qwen25_72b,alphabetical_answer_think,627,90.7,1.0,-1.0,0,Contradictory Reasoning
qwen25_72b,alphabetical_answer_think,637,90.7,1.0,-1.0,0,Coherent Hallucination
qwen25_72b,alphabetical_answer_think,633,90.7,1.0,1.0,1,Contradictory Reasoning
qwen25_72b,alphabetical_answer_think,632,90.7,1.0,-1.0,0,Incoherent Hallucination
qwen25_72b,alphabetical_answer_think,636,90.7,1.0,1.0,1,Sound Reasoning
qwen25_72b,alphabetical_answer_think,623,90.7,1.0,-1.0,0,Coherent Hallucination
qwen25_72b,alphabetical_answer_think,643,90.7,1.0,-1.0,0,Contradictory Reasoning
qwen25_72b,alphabetical_answer_think,631,90.7,1.0,-1.0,0,Contradictory Reasoning
qwen25_72b,alphabetical_answer_think,634,90.7,1.0,1.0,1,Incoherent Hallucination
qwen25_72b,alphabetical_answer_think,646,90.7,1.0,1.0,1,Sound Reasoning
qwen25_72b,alphabetical_answer_think,644,90.7,1.0,1.0,1,Coherent Hallucination
qwen25_72b,alphabetical_answer_think,640,90.7,1.0,1.0,1,Incoherent Hallucination
qwen25_72b,alphabetical_answer_think,641,90.7,1.0,-1.0,0,Incoherent Hallucination
qwen25_72b,alphabetical_answer_think,635,90.7,1.0,-1.0,0,Incoherent Hallucination
qwen25_72b,alphabetical_answer_think,642,90.7,1.0,1.0,1,Sound Reasoning
qwen25_72b,alphabetical_answer_think,638,90.7,1.0,1.0,1,Sound Reasoning
qwen25_72b,alphabetical_answer_think,639,90.7,1.0,-1.0,0,Contradictory Reasoning
qwen25_72b,alphabetical_answer_think,647,90.7,1.0,-1.0,0,Coherent Hallucination
qwen25_72b,alphabetical_answer_think,648,90.7,1.0,1.0,1,Coherent Hallucination
qwen25_72b,alphabetical_answer_think,645,90.7,1.0,-1.0,0,Coherent Hallucination
qwen25_72b,alphabetical_answer_think,653,90.7,1.0,-1.0,0,Coherent Hallucination
qwen25_72b,alphabetical_answer_think,658,90.7,1.0,1.0,1,Sound Reasoning
qwen25_72b,alphabetical_answer_think,655,90.7,1.0,-1.0,0,Coherent Hallucination
qwen25_72b,alphabetical_answer_think,652,90.7,1.0,1.0,1,Sound Reasoning
qwen25_72b,alphabetical_answer_think,650,90.7,1.0,1.0,1,Ambiguous/Mixed
qwen25_72b,alphabetical_answer_think,651,90.7,1.0,-1.0,0,Incoherent Hallucination
qwen25_72b,alphabetical_answer_think,649,90.7,1.0,-1.0,0,Coherent Hallucination
qwen25_72b,alphabetical_answer_think,656,90.7,1.0,1.0,1,Coherent Hallucination
qwen25_72b,alphabetical_answer_think,654,90.7,1.0,1.0,1,Incoherent Hallucination
qwen25_72b,alphabetical_answer_think,659,90.7,1.0,-1.0,0,Coherent Hallucination
qwen25_72b,alphabetical_answer_think,657,90.7,1.0,-1.0,0,Coherent Hallucination
llama3_8b,alphabetical_think_answer,12,-4.3,-1.0,-1.0,0,Ambiguous/Mixed
llama3_8b,alphabetical_think_answer,7,-4.3,-1.0,1.0,0,Ambiguous/Mixed
llama3_8b,alphabetical_think_answer,8,-4.3,-1.0,-1.0,0,Ambiguous/Mixed
llama3_8b,alphabetical_think_answer,3,-4.3,-1.0,1.0,0,Ambiguous/Mixed
llama3_8b,alphabetical_think_answer,2,-4.3,-1.0,-1.0,0,Contradictory Reasoning
llama3_8b,alphabetical_think_answer,6,-4.3,-1.0,-1.0,0,Contradictory Reasoning
llama3_8b,alphabetical_think_answer,15,-4.3,-1.0,1.0,1,Incoherent Hallucination
llama3_8b,alphabetical_think_answer,26,-4.3,-1.0,-1.0,0,Ambiguous/Mixed
llama3_8b,alphabetical_think_answer,23,-4.3,-1.0,1.0,1,Incoherent Hallucination
llama3_8b,alphabetical_think_answer,9,-4.3,-1.0,1.0,1,Sound Reasoning
llama3_8b,alphabetical_think_answer,16,-4.3,-1.0,-1.0,0,Contradictory Reasoning
llama3_8b,alphabetical_think_answer,1,-4.3,-1.0,1.0,1,Ambiguous/Mixed
llama3_8b,alphabetical_think_answer,20,-4.3,-1.0,-1.0,0,Contradictory Reasoning
llama3_8b,alphabetical_think_answer,32,-4.3,-1.0,1.0,1,Ambiguous/Mixed
llama3_8b,alphabetical_think_answer,33,-4.3,-1.0,-1.0,1,Ambiguous/Mixed
llama3_8b,alphabetical_think_answer,0,-4.3,-1.0,-1.0,0,Contradictory Reasoning
llama3_8b,alphabetical_think_answer,35,-4.3,-1.0,1.0,0,Ambiguous/Mixed
llama3_8b,alphabetical_think_answer,36,-4.3,-1.0,-1.0,0,Ambiguous/Mixed
llama3_8b,alphabetical_think_answer,37,-4.3,-1.0,1.0,0,Ambiguous/Mixed
llama3_8b,alphabetical_think_answer,13,-4.3,-1.0,1.0,1,Incoherent Hallucination
llama3_8b,alphabetical_think_answer,22,-4.3,-1.0,-1.0,0,Contradictory Reasoning
llama3_8b,alphabetical_think_answer,40,-4.3,-1.0,-1.0,0,Ambiguous/Mixed
llama3_8b,alphabetical_think_answer,21,-4.3,-1.0,1.0,1,Incoherent Hallucination
llama3_8b,alphabetical_think_answer,42,-4.3,-1.0,-1.0,0,Ambiguous/Mixed
llama3_8b,alphabetical_think_answer,43,-4.3,-1.0,1.0,0,Ambiguous/Mixed
llama3_8b,alphabetical_think_answer,44,-4.3,-1.0,-1.0,0,Ambiguous/Mixed
llama3_8b,alphabetical_think_answer,18,-4.3,-1.0,-1.0,0,Contradictory Reasoning
llama3_8b,alphabetical_think_answer,10,-4.3,-1.0,-1.0,0,Contradictory Reasoning
llama3_8b,alphabetical_think_answer,5,-4.3,-1.0,1.0,1,Sound Reasoning
llama3_8b,alphabetical_think_answer,4,-4.3,-1.0,-1.0,0,Contradictory Reasoning
llama3_8b,alphabetical_think_answer,17,-4.3,-1.0,1.0,1,Incoherent Hallucination
llama3_8b,alphabetical_think_answer,14,-4.3,-1.0,-1.0,0,Contradictory Reasoning
llama3_8b,alphabetical_think_answer,19,-4.3,-1.0,1.0,1,Incoherent Hallucination
llama3_8b,alphabetical_think_answer,24,-4.3,-1.0,-1.0,0,Contradictory Reasoning
llama3_8b,alphabetical_think_answer,53,-4.3,-1.0,1.0,0,Ambiguous/Mixed
llama3_8b,alphabetical_think_answer,27,-4.3,-1.0,1.0,1,Incoherent Hallucination
llama3_8b,alphabetical_think_answer,55,-4.3,-1.0,1.0,0,Ambiguous/Mixed
llama3_8b,alphabetical_think_answer,56,-4.3,-1.0,-1.0,0,Ambiguous/Mixed
llama3_8b,alphabetical_think_answer,31,-4.3,-1.0,1.0,1,Sound Reasoning
llama3_8b,alphabetical_think_answer,11,-4.3,-1.0,1.0,1,Incoherent Hallucination
llama3_8b,alphabetical_think_answer,59,-4.3,-1.0,1.0,0,Ambiguous/Mixed
llama3_8b,alphabetical_think_answer,25,-4.3,-1.0,1.0,1,Incoherent Hallucination
llama3_8b,alphabetical_think_answer,39,-4.3,-1.0,1.0,1,Incoherent Hallucination
llama3_8b,alphabetical_think_answer,45,-4.3,-1.0,1.0,1,Incoherent Hallucination
llama3_8b,alphabetical_think_answer,30,-4.3,-1.0,-1.0,0,Contradictory Reasoning
llama3_8b,alphabetical_think_answer,48,-4.3,-1.0,-1.0,0,Contradictory Reasoning
llama3_8b,alphabetical_think_answer,38,-4.3,-1.0,-1.0,0,Contradictory Reasoning
llama3_8b,alphabetical_think_answer,46,-4.3,-1.0,-1.0,0,Contradictory Reasoning
llama3_8b,alphabetical_think_answer,34,-4.3,-1.0,-1.0,0,Contradictory Reasoning
llama3_8b,alphabetical_think_answer,28,-4.3,-1.0,-1.0,0,Contradictory Reasoning
llama3_8b,alphabetical_think_answer,29,-4.3,-1.0,1.0,1,Incoherent Hallucination
llama3_8b,alphabetical_think_answer,47,-4.3,-1.0,1.0,1,Sound Reasoning
llama3_8b,alphabetical_think_answer,52,-4.3,-1.0,-1.0,0,Contradictory Reasoning
llama3_8b,alphabetical_think_answer,49,-4.3,-1.0,1.0,1,Sound Reasoning
llama3_8b,alphabetical_think_answer,50,-4.3,-1.0,-1.0,0,Contradictory Reasoning
llama3_8b,alphabetical_think_answer,51,-4.3,-1.0,1.0,1,Sound Reasoning
llama3_8b,alphabetical_think_answer,54,-4.3,-1.0,-1.0,0,Contradictory Reasoning
llama3_8b,alphabetical_think_answer,60,-3.44,-0.8,-0.8,0,Contradictory Reasoning
llama3_8b,alphabetical_think_answer,57,-4.3,-1.0,1.0,1,Incoherent Hallucination
llama3_8b,alphabetical_think_answer,58,-4.3,-1.0,-1.0,0,Contradictory Reasoning
llama3_8b,alphabetical_think_answer,41,-4.3,-1.0,1.0,1,Ambiguous/Mixed
llama3_8b,alphabetical_think_answer,61,-3.44,-0.8,0.8,1,Sound Reasoning
llama3_8b,alphabetical_think_answer,63,-3.44,-0.8,0.8,1,Contradictory Reasoning
llama3_8b,alphabetical_think_answer,62,-3.44,-0.8,-0.8,0,Contradictory Reasoning
llama3_8b,alphabetical_think_answer,64,-3.44,-0.8,-0.8,0,Contradictory Reasoning
llama3_8b,alphabetical_think_answer,72,-3.44,-0.8,-0.8,0,Contradictory Reasoning
llama3_8b,alphabetical_think_answer,68,-3.44,-0.8,-0.8,0,Contradictory Reasoning
llama3_8b,alphabetical_think_answer,70,-3.44,-0.8,-0.8,0,Contradictory Reasoning
llama3_8b,alphabetical_think_answer,67,-3.44,-0.8,0.8,1,Coherent Hallucination
llama3_8b,alphabetical_think_answer,65,-3.44,-0.8,0.8,1,Incoherent Hallucination
llama3_8b,alphabetical_think_answer,69,-3.44,-0.8,0.8,1,Incoherent Hallucination
llama3_8b,alphabetical_think_answer,66,-3.44,-0.8,-0.8,0,Contradictory Reasoning
llama3_8b,alphabetical_think_answer,76,-3.44,-0.8,-0.8,0,Contradictory Reasoning
llama3_8b,alphabetical_think_answer,73,-3.44,-0.8,0.8,1,Incoherent Hallucination
llama3_8b,alphabetical_think_answer,74,-3.44,-0.8,-0.8,0,Contradictory Reasoning
llama3_8b,alphabetical_think_answer,75,-3.44,-0.8,0.8,1,Incoherent Hallucination
llama3_8b,alphabetical_think_answer,78,-3.44,-0.8,-0.8,0,Contradictory Reasoning
llama3_8b,alphabetical_think_answer,71,-3.44,-0.8,0.8,1,Incoherent Hallucination
llama3_8b,alphabetical_think_answer,80,-3.44,-0.8,-0.8,0,Contradictory Reasoning
llama3_8b,alphabetical_think_answer,98,-3.44,-0.8,-0.8,0,Ambiguous/Mixed
llama3_8b,alphabetical_think_answer,83,-3.44,-0.8,0.8,1,Incoherent Hallucination
llama3_8b,alphabetical_think_answer,77,-3.44,-0.8,0.8,1,Incoherent Hallucination
llama3_8b,alphabetical_think_answer,81,-3.44,-0.8,0.8,1,Coherent Hallucination
llama3_8b,alphabetical_think_answer,79,-3.44,-0.8,0.8,1,Incoherent Hallucination
llama3_8b,alphabetical_think_answer,86,-3.44,-0.8,-0.8,0,Contradictory Reasoning
llama3_8b,alphabetical_think_answer,82,-3.44,-0.8,-0.8,0,Contradictory Reasoning
llama3_8b,alphabetical_think_answer,90,-3.44,-0.8,-0.8,0,Contradictory Reasoning
llama3_8b,alphabetical_think_answer,85,-3.44,-0.8,0.8,1,Incoherent Hallucination
llama3_8b,alphabetical_think_answer,93,-3.44,-0.8,-0.8,0,Contradictory Reasoning
llama3_8b,alphabetical_think_answer,87,-3.44,-0.8,0.8,1,Sound Reasoning
llama3_8b,alphabetical_think_answer,88,-3.44,-0.8,-0.8,0,Contradictory Reasoning
llama3_8b,alphabetical_think_answer,95,-3.44,-0.8,0.8,1,Sound Reasoning
llama3_8b,alphabetical_think_answer,92,-3.44,-0.8,0.8,1,Contradictory Reasoning
llama3_8b,alphabetical_think_answer,91,-3.44,-0.8,0.8,1,Sound Reasoning
llama3_8b,alphabetical_think_answer,99,-3.44,-0.8,0.8,1,Sound Reasoning
llama3_8b,alphabetical_think_answer,96,-3.44,-0.8,-0.8,0,Contradictory Reasoning
llama3_8b,alphabetical_think_answer,97,-3.44,-0.8,0.8,1,Sound Reasoning
llama3_8b,alphabetical_think_answer,89,-3.44,-0.8,0.8,1,Incoherent Hallucination
llama3_8b,alphabetical_think_answer,100,-3.44,-0.8,-0.8,0,Contradictory Reasoning
llama3_8b,alphabetical_think_answer,101,-3.44,-0.8,0.8,1,Sound Reasoning
llama3_8b,alphabetical_think_answer,84,-3.44,-0.8,-0.8,0,Contradictory Reasoning
llama3_8b,alphabetical_think_answer,94,-3.44,-0.8,-0.8,0,Contradictory Reasoning
llama3_8b,alphabetical_think_answer,103,-3.44,-0.8,0.8,1,Sound Reasoning
llama3_8b,alphabetical_think_answer,104,-3.44,-0.8,-0.8,0,Contradictory Reasoning
llama3_8b,alphabetical_think_answer,110,-3.44,-0.8,-0.8,0,Contradictory Reasoning
llama3_8b,alphabetical_think_answer,109,-3.44,-0.8,0.8,1,Sound Reasoning
llama3_8b,alphabetical_think_answer,108,-3.44,-0.8,-0.8,0,Contradictory Reasoning
llama3_8b,alphabetical_think_answer,107,-3.44,-0.8,0.8,1,Sound Reasoning
llama3_8b,alphabetical_think_answer,112,-3.44,-0.8,-0.8,0,Contradictory Reasoning
llama3_8b,alphabetical_think_answer,114,-3.44,-0.8,-0.8,0,Contradictory Reasoning
llama3_8b,alphabetical_think_answer,102,-3.44,-0.8,-0.8,0,Contradictory Reasoning
llama3_8b,alphabetical_think_answer,111,-3.44,-0.8,0.8,1,Incoherent Hallucination
llama3_8b,alphabetical_think_answer,106,-3.44,-0.8,-0.8,0,Contradictory Reasoning
llama3_8b,alphabetical_think_answer,115,-3.44,-0.8,0.8,1,Sound Reasoning
llama3_8b,alphabetical_think_answer,105,-3.44,-0.8,0.8,1,Incoherent Hallucination
llama3_8b,alphabetical_think_answer,120,-2.58,-0.6,-0.6,0,Contradictory Reasoning
llama3_8b,alphabetical_think_answer,113,-3.44,-0.8,0.8,1,Incoherent Hallucination
llama3_8b,alphabetical_think_answer,117,-3.44,-0.8,0.8,1,Coherent Hallucination
llama3_8b,alphabetical_think_answer,119,-3.44,-0.8,0.8,1,Incoherent Hallucination
llama3_8b,alphabetical_think_answer,118,-3.44,-0.8,-0.8,0,Sound Reasoning
llama3_8b,alphabetical_think_answer,122,-2.58,-0.6,-0.6,0,Contradictory Reasoning
llama3_8b,alphabetical_think_answer,121,-2.58,-0.6,0.6,1,Coherent Hallucination
llama3_8b,alphabetical_think_answer,128,-2.58,-0.6,-0.6,0,Contradictory Reasoning
llama3_8b,alphabetical_think_answer,125,-2.58,-0.6,0.6,1,Incoherent Hallucination
llama3_8b,alphabetical_think_answer,126,-2.58,-0.6,-0.6,0,Contradictory Reasoning
llama3_8b,alphabetical_think_answer,129,-2.58,-0.6,0.6,1,Incoherent Hallucination
llama3_8b,alphabetical_think_answer,130,-2.58,-0.6,-0.6,0,Contradictory Reasoning
llama3_8b,alphabetical_think_answer,116,-3.44,-0.8,-0.8,0,Ambiguous/Mixed
llama3_8b,alphabetical_think_answer,124,-2.58,-0.6,-0.6,0,Contradictory Reasoning
llama3_8b,alphabetical_think_answer,127,-2.58,-0.6,0.6,1,Coherent Hallucination
llama3_8b,alphabetical_think_answer,123,-2.58,-0.6,0.6,1,Ambiguous/Mixed
llama3_8b,alphabetical_think_answer,131,-2.58,-0.6,0.6,1,Sound Reasoning
llama3_8b,alphabetical_think_answer,137,-2.58,-0.6,0.6,1,Incoherent Hallucination
llama3_8b,alphabetical_think_answer,134,-2.58,-0.6,-0.6,0,Contradictory Reasoning
llama3_8b,alphabetical_think_answer,133,-2.58,-0.6,0.6,1,Coherent Hallucination
llama3_8b,alphabetical_think_answer,135,-2.58,-0.6,0.6,1,Incoherent Hallucination
llama3_8b,alphabetical_think_answer,141,-2.58,-0.6,0.6,1,Incoherent Hallucination
llama3_8b,alphabetical_think_answer,136,-2.58,-0.6,-0.6,0,Incoherent Hallucination
llama3_8b,alphabetical_think_answer,132,-2.58,-0.6,-0.6,0,Contradictory Reasoning
llama3_8b,alphabetical_think_answer,143,-2.58,-0.6,0.6,1,Incoherent Hallucination
llama3_8b,alphabetical_think_answer,138,-2.58,-0.6,-0.6,0,Contradictory Reasoning
llama3_8b,alphabetical_think_answer,140,-2.58,-0.6,-0.6,0,Coherent Hallucination
llama3_8b,alphabetical_think_answer,139,-2.58,-0.6,0.6,1,Contradictory Reasoning
llama3_8b,alphabetical_think_answer,144,-2.58,-0.6,-0.6,0,Incoherent Hallucination
llama3_8b,alphabetical_think_answer,145,-2.58,-0.6,0.6,1,Coherent Hallucination
llama3_8b,alphabetical_think_answer,142,-2.58,-0.6,-0.6,0,Incoherent Hallucination
llama3_8b,alphabetical_think_answer,148,-2.58,-0.6,-0.6,0,Incoherent Hallucination
llama3_8b,alphabetical_think_answer,146,-2.58,-0.6,-0.6,0,Contradictory Reasoning
llama3_8b,alphabetical_think_answer,150,-2.58,-0.6,-0.6,0,Contradictory Reasoning
llama3_8b,alphabetical_think_answer,147,-2.58,-0.6,0.6,1,Incoherent Hallucination
llama3_8b,alphabetical_think_answer,149,-2.58,-0.6,0.6,1,Coherent Hallucination
llama3_8b,alphabetical_think_answer,154,-2.58,-0.6,-0.6,0,Contradictory Reasoning
llama3_8b,alphabetical_think_answer,155,-2.58,-0.6,0.6,1,Incoherent Hallucination
llama3_8b,alphabetical_think_answer,153,-2.58,-0.6,-0.6,0,Contradictory Reasoning
llama3_8b,alphabetical_think_answer,151,-2.58,-0.6,0.6,1,Sound Reasoning
llama3_8b,alphabetical_think_answer,161,-2.58,-0.6,0.6,1,Incoherent Hallucination
llama3_8b,alphabetical_think_answer,156,-2.58,-0.6,-0.6,0,Contradictory Reasoning
llama3_8b,alphabetical_think_answer,152,-2.58,-0.6,0.6,1,Coherent Hallucination
llama3_8b,alphabetical_think_answer,160,-2.58,-0.6,-0.6,0,Contradictory Reasoning
llama3_8b,alphabetical_think_answer,158,-2.58,-0.6,-0.6,1,Sound Reasoning
llama3_8b,alphabetical_think_answer,165,-2.58,-0.6,0.6,1,Incoherent Hallucination
llama3_8b,alphabetical_think_answer,163,-2.58,-0.6,0.6,1,Incoherent Hallucination
llama3_8b,alphabetical_think_answer,166,-2.58,-0.6,-0.6,0,Contradictory Reasoning
llama3_8b,alphabetical_think_answer,157,-2.58,-0.6,0.6,1,Incoherent Hallucination
llama3_8b,alphabetical_think_answer,159,-2.58,-0.6,0.6,1,Incoherent Hallucination
llama3_8b,alphabetical_think_answer,168,-2.58,-0.6,-0.6,0,Contradictory Reasoning
llama3_8b,alphabetical_think_answer,164,-2.58,-0.6,-0.6,0,Contradictory Reasoning
llama3_8b,alphabetical_think_answer,169,-2.58,-0.6,0.6,1,Sound Reasoning
llama3_8b,alphabetical_think_answer,162,-2.58,-0.6,-0.6,0,Contradictory Reasoning
llama3_8b,alphabetical_think_answer,170,-2.58,-0.6,-0.6,0,Contradictory Reasoning
llama3_8b,alphabetical_think_answer,172,-2.58,-0.6,-0.6,0,Contradictory Reasoning
llama3_8b,alphabetical_think_answer,174,-2.58,-0.6,-0.6,0,Contradictory Reasoning
llama3_8b,alphabetical_think_answer,167,-2.58,-0.6,0.6,1,Incoherent Hallucination
llama3_8b,alphabetical_think_answer,171,-2.58,-0.6,0.6,1,Incoherent Hallucination
llama3_8b,alphabetical_think_answer,173,-2.58,-0.6,0.6,1,Sound Reasoning
llama3_8b,alphabetical_think_answer,177,-2.58,-0.6,0.6,1,Incoherent Hallucination
llama3_8b,alphabetical_think_answer,178,-2.58,-0.6,-0.6,0,Coherent Hallucination
llama3_8b,alphabetical_think_answer,184,-1.72,-0.4,-0.4,0,Contradictory Reasoning
llama3_8b,alphabetical_think_answer,181,-1.72,-0.4,0.4,1,Coherent Hallucination
llama3_8b,alphabetical_think_answer,176,-2.58,-0.6,-0.6,0,Contradictory Reasoning
llama3_8b,alphabetical_think_answer,175,-2.58,-0.6,0.6,1,Incoherent Hallucination
llama3_8b,alphabetical_think_answer,179,-2.58,-0.6,0.6,1,Incoherent Hallucination
llama3_8b,alphabetical_think_answer,186,-1.72,-0.4,-0.4,0,Contradictory Reasoning
llama3_8b,alphabetical_think_answer,183,-1.72,-0.4,0.4,1,Incoherent Hallucination
llama3_8b,alphabetical_think_answer,182,-1.72,-0.4,-0.4,0,Incoherent Hallucination
llama3_8b,alphabetical_think_answer,180,-1.72,-0.4,-0.4,0,Incoherent Hallucination
llama3_8b,alphabetical_think_answer,188,-1.72,-0.4,-0.4,0,Contradictory Reasoning
llama3_8b,alphabetical_think_answer,190,-1.72,-0.4,-0.4,0,Contradictory Reasoning
llama3_8b,alphabetical_think_answer,192,-1.72,-0.4,-0.4,0,Contradictory Reasoning
llama3_8b,alphabetical_think_answer,185,-1.72,-0.4,0.4,1,Incoherent Hallucination
llama3_8b,alphabetical_think_answer,189,-1.72,-0.4,0.4,1,Incoherent Hallucination
llama3_8b,alphabetical_think_answer,191,-1.72,-0.4,0.4,1,Incoherent Hallucination
llama3_8b,alphabetical_think_answer,193,-1.72,-0.4,0.4,1,Incoherent Hallucination
llama3_8b,alphabetical_think_answer,195,-1.72,-0.4,0.4,1,Coherent Hallucination
llama3_8b,alphabetical_think_answer,200,-1.72,-0.4,-0.4,0,Contradictory Reasoning
llama3_8b,alphabetical_think_answer,194,-1.72,-0.4,-0.4,0,Contradictory Reasoning
llama3_8b,alphabetical_think_answer,196,-1.72,-0.4,-0.4,0,Coherent Hallucination
llama3_8b,alphabetical_think_answer,198,-1.72,-0.4,-0.4,0,Incoherent Hallucination
llama3_8b,alphabetical_think_answer,203,-1.72,-0.4,0.4,1,Sound Reasoning
llama3_8b,alphabetical_think_answer,197,-1.72,-0.4,0.4,1,Coherent Hallucination
llama3_8b,alphabetical_think_answer,201,-1.72,-0.4,0.4,1,Ambiguous/Mixed
llama3_8b,alphabetical_think_answer,202,-1.72,-0.4,-0.4,0,Contradictory Reasoning
llama3_8b,alphabetical_think_answer,187,-1.72,-0.4,0.4,1,Incoherent Hallucination
llama3_8b,alphabetical_think_answer,206,-1.72,-0.4,-0.4,0,Contradictory Reasoning
llama3_8b,alphabetical_think_answer,204,-1.72,-0.4,-0.4,0,Contradictory Reasoning
llama3_8b,alphabetical_think_answer,205,-1.72,-0.4,0.4,1,Incoherent Hallucination
llama3_8b,alphabetical_think_answer,208,-1.72,-0.4,-0.4,0,Contradictory Reasoning
llama3_8b,alphabetical_think_answer,199,-1.72,-0.4,0.4,1,Incoherent Hallucination
llama3_8b,alphabetical_think_answer,207,-1.72,-0.4,0.4,1,Coherent Hallucination
llama3_8b,alphabetical_think_answer,211,-1.72,-0.4,0.4,1,Contradictory Reasoning
llama3_8b,alphabetical_think_answer,210,-1.72,-0.4,-0.4,0,Contradictory Reasoning
llama3_8b,alphabetical_think_answer,209,-1.72,-0.4,0.4,1,Incoherent Hallucination
llama3_8b,alphabetical_think_answer,212,-1.72,-0.4,0.4,1,Incoherent Hallucination
llama3_8b,alphabetical_think_answer,215,-1.72,-0.4,0.4,1,Coherent Hallucination
llama3_8b,alphabetical_think_answer,221,-1.72,-0.4,0.4,1,Sound Reasoning
llama3_8b,alphabetical_think_answer,216,-1.72,-0.4,-0.4,0,Contradictory Reasoning
llama3_8b,alphabetical_think_answer,214,-1.72,-0.4,-0.4,0,Contradictory Reasoning
llama3_8b,alphabetical_think_answer,213,-1.72,-0.4,-0.4,0,Contradictory Reasoning
llama3_8b,alphabetical_think_answer,226,-1.72,-0.4,-0.4,0,Contradictory Reasoning
llama3_8b,alphabetical_think_answer,218,-1.72,-0.4,-0.4,0,Contradictory Reasoning
llama3_8b,alphabetical_think_answer,219,-1.72,-0.4,0.4,1,Incoherent Hallucination
llama3_8b,alphabetical_think_answer,223,-1.72,-0.4,0.4,1,Sound Reasoning
llama3_8b,alphabetical_think_answer,220,-1.72,-0.4,-0.4,0,Contradictory Reasoning
llama3_8b,alphabetical_think_answer,224,-1.72,-0.4,-0.4,0,Contradictory Reasoning
llama3_8b,alphabetical_think_answer,217,-1.72,-0.4,0.4,1,Coherent Hallucination
llama3_8b,alphabetical_think_answer,233,-1.72,-0.4,0.4,1,Sound Reasoning
llama3_8b,alphabetical_think_answer,228,-1.72,-0.4,-0.4,0,Contradictory Reasoning
llama3_8b,alphabetical_think_answer,227,-1.72,-0.4,0.4,1,Sound Reasoning
llama3_8b,alphabetical_think_answer,222,-1.72,-0.4,-0.4,0,Contradictory Reasoning
llama3_8b,alphabetical_think_answer,225,-1.72,-0.4,0.4,1,Incoherent Hallucination
llama3_8b,alphabetical_think_answer,229,-1.72,-0.4,0.4,1,Incoherent Hallucination
llama3_8b,alphabetical_think_answer,231,-1.72,-0.4,0.4,1,Incoherent Hallucination
llama3_8b,alphabetical_think_answer,237,-1.72,-0.4,0.4,1,Coherent Hallucination
llama3_8b,alphabetical_think_answer,230,-1.72,-0.4,-0.4,0,Contradictory Reasoning
llama3_8b,alphabetical_think_answer,232,-1.72,-0.4,-0.4,0,Contradictory Reasoning
llama3_8b,alphabetical_think_answer,234,-1.72,-0.4,-0.4,0,Sound Reasoning
llama3_8b,alphabetical_think_answer,236,-1.72,-0.4,-0.4,0,Contradictory Reasoning
llama3_8b,alphabetical_think_answer,239,-1.72,-0.4,0.4,1,Sound Reasoning
llama3_8b,alphabetical_think_answer,246,-0.86,-0.2,-0.2,0,Contradictory Reasoning
llama3_8b,alphabetical_think_answer,242,-0.86,-0.2,-0.2,0,Contradictory Reasoning
llama3_8b,alphabetical_think_answer,235,-1.72,-0.4,0.4,1,Incoherent Hallucination
llama3_8b,alphabetical_think_answer,240,-0.86,-0.2,-0.2,0,Contradictory Reasoning
llama3_8b,alphabetical_think_answer,238,-1.72,-0.4,-0.4,0,Coherent Hallucination
llama3_8b,alphabetical_think_answer,241,-0.86,-0.2,0.2,1,Contradictory Reasoning
llama3_8b,alphabetical_think_answer,247,-0.86,-0.2,0.2,1,Incoherent Hallucination
llama3_8b,alphabetical_think_answer,249,-0.86,-0.2,0.2,1,Incoherent Hallucination
llama3_8b,alphabetical_think_answer,248,-0.86,-0.2,-0.2,0,Contradictory Reasoning
llama3_8b,alphabetical_think_answer,244,-0.86,-0.2,-0.2,1,Sound Reasoning
llama3_8b,alphabetical_think_answer,251,-0.86,-0.2,0.2,1,Incoherent Hallucination
llama3_8b,alphabetical_think_answer,250,-0.86,-0.2,-0.2,0,Contradictory Reasoning
llama3_8b,alphabetical_think_answer,243,-0.86,-0.2,0.2,1,Incoherent Hallucination
llama3_8b,alphabetical_think_answer,245,-0.86,-0.2,0.2,1,Incoherent Hallucination
llama3_8b,alphabetical_think_answer,255,-0.86,-0.2,0.2,1,Sound Reasoning
llama3_8b,alphabetical_think_answer,258,-0.86,-0.2,-0.2,0,Contradictory Reasoning
llama3_8b,alphabetical_think_answer,261,-0.86,-0.2,0.2,1,Incoherent Hallucination
llama3_8b,alphabetical_think_answer,254,-0.86,-0.2,-0.2,1,Sound Reasoning
llama3_8b,alphabetical_think_answer,264,-0.86,-0.2,-0.2,1,Sound Reasoning
llama3_8b,alphabetical_think_answer,260,-0.86,-0.2,-0.2,0,Contradictory Reasoning
llama3_8b,alphabetical_think_answer,253,-0.86,-0.2,0.2,1,Incoherent Hallucination
llama3_8b,alphabetical_think_answer,262,-0.86,-0.2,-0.2,0,Contradictory Reasoning
llama3_8b,alphabetical_think_answer,256,-0.86,-0.2,-0.2,0,Contradictory Reasoning
llama3_8b,alphabetical_think_answer,266,-0.86,-0.2,-0.2,0,Contradictory Reasoning
llama3_8b,alphabetical_think_answer,265,-0.86,-0.2,0.2,1,Ambiguous/Mixed
llama3_8b,alphabetical_think_answer,263,-0.86,-0.2,0.2,1,Sound Reasoning
llama3_8b,alphabetical_think_answer,257,-0.86,-0.2,0.2,1,Incoherent Hallucination
llama3_8b,alphabetical_think_answer,270,-0.86,-0.2,-0.2,0,Contradictory Reasoning
llama3_8b,alphabetical_think_answer,252,-0.86,-0.2,-0.2,0,Contradictory Reasoning
llama3_8b,alphabetical_think_answer,259,-0.86,-0.2,0.2,1,Incoherent Hallucination
llama3_8b,alphabetical_think_answer,267,-0.86,-0.2,0.2,1,Incoherent Hallucination
llama3_8b,alphabetical_think_answer,269,-0.86,-0.2,0.2,1,Incoherent Hallucination
llama3_8b,alphabetical_think_answer,271,-0.86,-0.2,0.2,1,Sound Reasoning
llama3_8b,alphabetical_think_answer,273,-0.86,-0.2,-0.2,0,Contradictory Reasoning
llama3_8b,alphabetical_think_answer,268,-0.86,-0.2,-0.2,0,Contradictory Reasoning
llama3_8b,alphabetical_think_answer,274,-0.86,-0.2,-0.2,1,Sound Reasoning
llama3_8b,alphabetical_think_answer,276,-0.86,-0.2,-0.2,0,Contradictory Reasoning
llama3_8b,alphabetical_think_answer,277,-0.86,-0.2,0.2,1,Sound Reasoning
llama3_8b,alphabetical_think_answer,283,-0.86,-0.2,0.2,1,Sound Reasoning
llama3_8b,alphabetical_think_answer,280,-0.86,-0.2,-0.2,1,Sound Reasoning
llama3_8b,alphabetical_think_answer,272,-0.86,-0.2,0.2,1,Sound Reasoning
llama3_8b,alphabetical_think_answer,278,-0.86,-0.2,-0.2,0,Contradictory Reasoning
llama3_8b,alphabetical_think_answer,279,-0.86,-0.2,0.2,1,Incoherent Hallucination
llama3_8b,alphabetical_think_answer,282,-0.86,-0.2,-0.2,0,Contradictory Reasoning
llama3_8b,alphabetical_think_answer,281,-0.86,-0.2,0.2,1,Incoherent Hallucination
llama3_8b,alphabetical_think_answer,290,-0.86,-0.2,-0.2,0,Contradictory Reasoning
llama3_8b,alphabetical_think_answer,287,-0.86,-0.2,0.2,1,Contradictory Reasoning
llama3_8b,alphabetical_think_answer,285,-0.86,-0.2,0.2,1,Incoherent Hallucination
llama3_8b,alphabetical_think_answer,286,-0.86,-0.2,-0.2,0,Contradictory Reasoning
llama3_8b,alphabetical_think_answer,288,-0.86,-0.2,-0.2,0,Contradictory Reasoning
llama3_8b,alphabetical_think_answer,275,-0.86,-0.2,0.2,1,Incoherent Hallucination
llama3_8b,alphabetical_think_answer,284,-0.86,-0.2,-0.2,0,Contradictory Reasoning
llama3_8b,alphabetical_think_answer,289,-0.86,-0.2,0.2,1,Incoherent Hallucination
llama3_8b,alphabetical_think_answer,292,-0.86,-0.2,-0.2,0,Contradictory Reasoning
llama3_8b,alphabetical_think_answer,294,-0.86,-0.2,-0.2,0,Contradictory Reasoning
llama3_8b,alphabetical_think_answer,295,-0.86,-0.2,0.2,1,Incoherent Hallucination
llama3_8b,alphabetical_think_answer,303,0.0,0.0,-0.0,0,Coherent Hallucination
llama3_8b,alphabetical_think_answer,291,-0.86,-0.2,0.2,1,Incoherent Hallucination
llama3_8b,alphabetical_think_answer,302,0.0,0.0,0.0,1,Sound Reasoning
llama3_8b,alphabetical_think_answer,293,-0.86,-0.2,0.2,1,Incoherent Hallucination
llama3_8b,alphabetical_think_answer,297,-0.86,-0.2,0.2,1,Incoherent Hallucination
llama3_8b,alphabetical_think_answer,301,0.0,0.0,-0.0,0,Coherent Hallucination
llama3_8b,alphabetical_think_answer,296,-0.86,-0.2,-0.2,0,Contradictory Reasoning
llama3_8b,alphabetical_think_answer,298,-0.86,-0.2,-0.2,1,Sound Reasoning
llama3_8b,alphabetical_think_answer,306,0.0,0.0,0.0,1,Sound Reasoning
llama3_8b,alphabetical_think_answer,300,0.0,0.0,0.0,1,Sound Reasoning
llama3_8b,alphabetical_think_answer,308,0.0,0.0,0.0,1,Sound Reasoning
llama3_8b,alphabetical_think_answer,304,0.0,0.0,0.0,1,Sound Reasoning
llama3_8b,alphabetical_think_answer,310,0.0,0.0,0.0,1,Sound Reasoning
llama3_8b,alphabetical_think_answer,311,0.0,0.0,-0.0,0,Coherent Hallucination
llama3_8b,alphabetical_think_answer,299,-0.86,-0.2,0.2,1,Sound Reasoning
llama3_8b,alphabetical_think_answer,305,0.0,0.0,-0.0,0,Coherent Hallucination
llama3_8b,alphabetical_think_answer,309,0.0,0.0,-0.0,0,Coherent Hallucination
llama3_8b,alphabetical_think_answer,307,0.0,0.0,-0.0,0,Coherent Hallucination
llama3_8b,alphabetical_think_answer,313,0.0,0.0,-0.0,0,Coherent Hallucination
llama3_8b,alphabetical_think_answer,314,0.0,0.0,0.0,1,Sound Reasoning
llama3_8b,alphabetical_think_answer,315,0.0,0.0,-0.0,0,Coherent Hallucination
llama3_8b,alphabetical_think_answer,322,0.0,0.0,0.0,1,Sound Reasoning
llama3_8b,alphabetical_think_answer,323,0.0,0.0,-0.0,0,Incoherent Hallucination
llama3_8b,alphabetical_think_answer,316,0.0,0.0,0.0,1,Sound Reasoning
llama3_8b,alphabetical_think_answer,312,0.0,0.0,0.0,1,Sound Reasoning
llama3_8b,alphabetical_think_answer,317,0.0,0.0,-0.0,0,Coherent Hallucination
llama3_8b,alphabetical_think_answer,321,0.0,0.0,-0.0,1,Sound Reasoning
llama3_8b,alphabetical_think_answer,326,0.0,0.0,0.0,1,Sound Reasoning
llama3_8b,alphabetical_think_answer,318,0.0,0.0,0.0,1,Sound Reasoning
llama3_8b,alphabetical_think_answer,319,0.0,0.0,-0.0,0,Coherent Hallucination
llama3_8b,alphabetical_think_answer,320,0.0,0.0,0.0,1,Sound Reasoning
llama3_8b,alphabetical_think_answer,324,0.0,0.0,0.0,1,Sound Reasoning
llama3_8b,alphabetical_think_answer,332,0.0,0.0,-0.0,1,Sound Reasoning
llama3_8b,alphabetical_think_answer,336,0.0,0.0,0.0,1,Sound Reasoning
llama3_8b,alphabetical_think_answer,334,0.0,0.0,0.0,1,Sound Reasoning
llama3_8b,alphabetical_think_answer,325,0.0,0.0,-0.0,0,Coherent Hallucination
llama3_8b,alphabetical_think_answer,327,0.0,0.0,-0.0,0,Coherent Hallucination
llama3_8b,alphabetical_think_answer,331,0.0,0.0,-0.0,0,Coherent Hallucination
llama3_8b,alphabetical_think_answer,333,0.0,0.0,0.0,1,Sound Reasoning
llama3_8b,alphabetical_think_answer,329,0.0,0.0,-0.0,0,Coherent Hallucination
llama3_8b,alphabetical_think_answer,338,0.0,0.0,0.0,1,Sound Reasoning
llama3_8b,alphabetical_think_answer,330,0.0,0.0,0.0,1,Sound Reasoning
llama3_8b,alphabetical_think_answer,342,0.0,0.0,0.0,1,Sound Reasoning
llama3_8b,alphabetical_think_answer,341,0.0,0.0,-0.0,1,Sound Reasoning
llama3_8b,alphabetical_think_answer,335,0.0,0.0,-0.0,1,Sound Reasoning
llama3_8b,alphabetical_think_answer,328,0.0,0.0,0.0,0,Coherent Hallucination
llama3_8b,alphabetical_think_answer,340,0.0,0.0,0.0,1,Sound Reasoning
llama3_8b,alphabetical_think_answer,344,0.0,0.0,0.0,1,Sound Reasoning
llama3_8b,alphabetical_think_answer,339,0.0,0.0,-0.0,1,Sound Reasoning
llama3_8b,alphabetical_think_answer,337,0.0,0.0,-0.0,1,Sound Reasoning
llama3_8b,alphabetical_think_answer,343,0.0,0.0,-0.0,1,Sound Reasoning
llama3_8b,alphabetical_think_answer,349,0.0,0.0,-0.0,1,Sound Reasoning
llama3_8b,alphabetical_think_answer,351,0.0,0.0,-0.0,1,Sound Reasoning
llama3_8b,alphabetical_think_answer,345,0.0,0.0,-0.0,0,Coherent Hallucination
llama3_8b,alphabetical_think_answer,357,0.0,0.0,-0.0,0,Coherent Hallucination
llama3_8b,alphabetical_think_answer,358,0.0,0.0,0.0,1,Sound Reasoning
llama3_8b,alphabetical_think_answer,352,0.0,0.0,0.0,1,Sound Reasoning
llama3_8b,alphabetical_think_answer,348,0.0,0.0,0.0,1,Sound Reasoning
llama3_8b,alphabetical_think_answer,359,0.0,0.0,-0.0,1,Sound Reasoning
llama3_8b,alphabetical_think_answer,347,0.0,0.0,-0.0,0,Coherent Hallucination
llama3_8b,alphabetical_think_answer,346,0.0,0.0,0.0,1,Sound Reasoning
llama3_8b,alphabetical_think_answer,361,0.34,0.2,-0.2,1,Sound Reasoning
llama3_8b,alphabetical_think_answer,353,0.0,0.0,-0.0,1,Sound Reasoning
llama3_8b,alphabetical_think_answer,356,0.0,0.0,0.0,0,Contradictory Reasoning
llama3_8b,alphabetical_think_answer,360,0.34,0.2,0.2,1,Sound Reasoning
llama3_8b,alphabetical_think_answer,354,0.0,0.0,0.0,1,Sound Reasoning
llama3_8b,alphabetical_think_answer,355,0.0,0.0,-0.0,0,Contradictory Reasoning
llama3_8b,alphabetical_think_answer,350,0.0,0.0,0.0,1,Sound Reasoning
llama3_8b,alphabetical_think_answer,363,0.34,0.2,-0.2,0,Coherent Hallucination
llama3_8b,alphabetical_think_answer,364,0.34,0.2,0.2,1,Sound Reasoning
llama3_8b,alphabetical_think_answer,365,0.34,0.2,-0.2,1,Sound Reasoning
llama3_8b,alphabetical_think_answer,362,0.34,0.2,0.2,1,Sound Reasoning
llama3_8b,alphabetical_think_answer,368,0.34,0.2,0.2,1,Sound Reasoning
llama3_8b,alphabetical_think_answer,369,0.34,0.2,-0.2,0,Incoherent Hallucination
llama3_8b,alphabetical_think_answer,367,0.34,0.2,-0.2,0,Coherent Hallucination
llama3_8b,alphabetical_think_answer,376,0.34,0.2,0.2,1,Sound Reasoning
llama3_8b,alphabetical_think_answer,374,0.34,0.2,0.2,1,Sound Reasoning
llama3_8b,alphabetical_think_answer,373,0.34,0.2,-0.2,0,Coherent Hallucination
llama3_8b,alphabetical_think_answer,366,0.34,0.2,0.2,0,Coherent Hallucination
llama3_8b,alphabetical_think_answer,370,0.34,0.2,0.2,1,Sound Reasoning
llama3_8b,alphabetical_think_answer,372,0.34,0.2,0.2,1,Sound Reasoning
llama3_8b,alphabetical_think_answer,375,0.34,0.2,-0.2,1,Sound Reasoning
llama3_8b,alphabetical_think_answer,379,0.34,0.2,-0.2,0,Coherent Hallucination
llama3_8b,alphabetical_think_answer,378,0.34,0.2,0.2,1,Sound Reasoning
llama3_8b,alphabetical_think_answer,377,0.34,0.2,-0.2,0,Coherent Hallucination
llama3_8b,alphabetical_think_answer,386,0.34,0.2,0.2,1,Sound Reasoning
llama3_8b,alphabetical_think_answer,381,0.34,0.2,-0.2,0,Sound Reasoning
llama3_8b,alphabetical_think_answer,371,0.34,0.2,-0.2,0,Coherent Hallucination
llama3_8b,alphabetical_think_answer,384,0.34,0.2,0.2,1,Sound Reasoning
llama3_8b,alphabetical_think_answer,385,0.34,0.2,-0.2,1,Sound Reasoning
llama3_8b,alphabetical_think_answer,380,0.34,0.2,0.2,0,Coherent Hallucination
llama3_8b,alphabetical_think_answer,383,0.34,0.2,-0.2,0,Coherent Hallucination
llama3_8b,alphabetical_think_answer,389,0.34,0.2,-0.2,0,Coherent Hallucination
llama3_8b,alphabetical_think_answer,388,0.34,0.2,0.2,1,Sound Reasoning
llama3_8b,alphabetical_think_answer,382,0.34,0.2,0.2,1,Sound Reasoning
llama3_8b,alphabetical_think_answer,390,0.34,0.2,0.2,1,Sound Reasoning
llama3_8b,alphabetical_think_answer,391,0.34,0.2,-0.2,1,Sound Reasoning
llama3_8b,alphabetical_think_answer,393,0.34,0.2,0.2,1,Sound Reasoning
llama3_8b,alphabetical_think_answer,394,0.34,0.2,0.2,1,Sound Reasoning
llama3_8b,alphabetical_think_answer,396,0.34,0.2,0.2,1,Sound Reasoning
llama3_8b,alphabetical_think_answer,398,0.34,0.2,0.2,1,Sound Reasoning
llama3_8b,alphabetical_think_answer,395,0.34,0.2,-0.2,0,Coherent Hallucination
llama3_8b,alphabetical_think_answer,392,0.34,0.2,-0.2,1,Sound Reasoning
llama3_8b,alphabetical_think_answer,387,0.34,0.2,-0.2,0,Coherent Hallucination
llama3_8b,alphabetical_think_answer,397,0.34,0.2,-0.2,1,Sound Reasoning
llama3_8b,alphabetical_think_answer,403,0.34,0.2,-0.2,1,Sound Reasoning
llama3_8b,alphabetical_think_answer,404,0.34,0.2,0.2,1,Sound Reasoning
llama3_8b,alphabetical_think_answer,400,0.34,0.2,0.2,1,Sound Reasoning
llama3_8b,alphabetical_think_answer,399,0.34,0.2,-0.2,1,Sound Reasoning
llama3_8b,alphabetical_think_answer,402,0.34,0.2,0.2,1,Sound Reasoning
llama3_8b,alphabetical_think_answer,405,0.34,0.2,-0.2,0,Coherent Hallucination
llama3_8b,alphabetical_think_answer,406,0.34,0.2,0.2,1,Sound Reasoning
llama3_8b,alphabetical_think_answer,401,0.34,0.2,-0.2,0,Coherent Hallucination
llama3_8b,alphabetical_think_answer,408,0.34,0.2,0.2,1,Sound Reasoning
llama3_8b,alphabetical_think_answer,407,0.34,0.2,-0.2,1,Sound Reasoning
llama3_8b,alphabetical_think_answer,415,0.34,0.2,-0.2,1,Sound Reasoning
llama3_8b,alphabetical_think_answer,413,0.34,0.2,-0.2,1,Sound Reasoning
llama3_8b,alphabetical_think_answer,412,0.34,0.2,0.2,1,Sound Reasoning
llama3_8b,alphabetical_think_answer,420,0.68,0.4,0.4,1,Sound Reasoning
llama3_8b,alphabetical_think_answer,411,0.34,0.2,-0.2,1,Sound Reasoning
llama3_8b,alphabetical_think_answer,409,0.34,0.2,-0.2,1,Sound Reasoning
llama3_8b,alphabetical_think_answer,418,0.34,0.2,0.2,1,Sound Reasoning
llama3_8b,alphabetical_think_answer,416,0.34,0.2,0.2,1,Sound Reasoning
llama3_8b,alphabetical_think_answer,424,0.68,0.4,0.4,1,Sound Reasoning
llama3_8b,alphabetical_think_answer,426,0.68,0.4,0.4,1,Sound Reasoning
llama3_8b,alphabetical_think_answer,425,0.68,0.4,-0.4,0,Coherent Hallucination
llama3_8b,alphabetical_think_answer,414,0.34,0.2,0.2,1,Sound Reasoning
llama3_8b,alphabetical_think_answer,419,0.34,0.2,-0.2,1,Sound Reasoning
llama3_8b,alphabetical_think_answer,417,0.34,0.2,-0.2,0,Sound Reasoning
llama3_8b,alphabetical_think_answer,422,0.68,0.4,0.4,1,Sound Reasoning
llama3_8b,alphabetical_think_answer,421,0.68,0.4,-0.4,1,Sound Reasoning
llama3_8b,alphabetical_think_answer,410,0.34,0.2,0.2,1,Sound Reasoning
llama3_8b,alphabetical_think_answer,434,0.68,0.4,0.4,1,Sound Reasoning
llama3_8b,alphabetical_think_answer,428,0.68,0.4,0.4,1,Sound Reasoning
llama3_8b,alphabetical_think_answer,429,0.68,0.4,-0.4,0,Ambiguous/Mixed
llama3_8b,alphabetical_think_answer,427,0.68,0.4,-0.4,0,Sound Reasoning
llama3_8b,alphabetical_think_answer,430,0.68,0.4,0.4,1,Sound Reasoning
llama3_8b,alphabetical_think_answer,423,0.68,0.4,-0.4,0,Ambiguous/Mixed
llama3_8b,alphabetical_think_answer,433,0.68,0.4,-0.4,0,Coherent Hallucination
llama3_8b,alphabetical_think_answer,437,0.68,0.4,-0.4,0,Coherent Hallucination
llama3_8b,alphabetical_think_answer,431,0.68,0.4,-0.4,1,Sound Reasoning
llama3_8b,alphabetical_think_answer,442,0.68,0.4,0.4,1,Sound Reasoning
llama3_8b,alphabetical_think_answer,443,0.68,0.4,-0.4,0,Coherent Hallucination
llama3_8b,alphabetical_think_answer,436,0.68,0.4,0.4,1,Sound Reasoning
llama3_8b,alphabetical_think_answer,438,0.68,0.4,0.4,1,Sound Reasoning
llama3_8b,alphabetical_think_answer,432,0.68,0.4,0.4,1,Sound Reasoning
llama3_8b,alphabetical_think_answer,439,0.68,0.4,-0.4,0,Coherent Hallucination
llama3_8b,alphabetical_think_answer,435,0.68,0.4,-0.4,0,Coherent Hallucination
llama3_8b,alphabetical_think_answer,440,0.68,0.4,0.4,1,Sound Reasoning
llama3_8b,alphabetical_think_answer,441,0.68,0.4,-0.4,0,Coherent Hallucination
llama3_8b,alphabetical_think_answer,447,0.68,0.4,-0.4,0,Coherent Hallucination
llama3_8b,alphabetical_think_answer,449,0.68,0.4,-0.4,1,Sound Reasoning
llama3_8b,alphabetical_think_answer,446,0.68,0.4,0.4,1,Sound Reasoning
llama3_8b,alphabetical_think_answer,451,0.68,0.4,-0.4,1,Sound Reasoning
llama3_8b,alphabetical_think_answer,444,0.68,0.4,0.4,1,Sound Reasoning
llama3_8b,alphabetical_think_answer,448,0.68,0.4,0.4,0,Sound Reasoning
llama3_8b,alphabetical_think_answer,454,0.68,0.4,0.4,1,Sound Reasoning
llama3_8b,alphabetical_think_answer,445,0.68,0.4,-0.4,1,Sound Reasoning
llama3_8b,alphabetical_think_answer,450,0.68,0.4,0.4,1,Sound Reasoning
llama3_8b,alphabetical_think_answer,456,0.68,0.4,0.4,1,Sound Reasoning
llama3_8b,alphabetical_think_answer,458,0.68,0.4,0.4,1,Sound Reasoning
llama3_8b,alphabetical_think_answer,455,0.68,0.4,-0.4,1,Sound Reasoning
llama3_8b,alphabetical_think_answer,452,0.68,0.4,-0.4,1,Sound Reasoning
llama3_8b,alphabetical_think_answer,464,0.68,0.4,0.4,1,Sound Reasoning
llama3_8b,alphabetical_think_answer,459,0.68,0.4,-0.4,1,Sound Reasoning
llama3_8b,alphabetical_think_answer,462,0.68,0.4,0.4,1,Sound Reasoning
llama3_8b,alphabetical_think_answer,457,0.68,0.4,-0.4,1,Sound Reasoning
llama3_8b,alphabetical_think_answer,463,0.68,0.4,-0.4,1,Sound Reasoning
llama3_8b,alphabetical_think_answer,460,0.68,0.4,0.4,1,Sound Reasoning
llama3_8b,alphabetical_think_answer,453,0.68,0.4,0.4,1,Sound Reasoning
llama3_8b,alphabetical_think_answer,466,0.68,0.4,0.4,1,Sound Reasoning
llama3_8b,alphabetical_think_answer,469,0.68,0.4,-0.4,1,Sound Reasoning
llama3_8b,alphabetical_think_answer,461,0.68,0.4,-0.4,1,Sound Reasoning
llama3_8b,alphabetical_think_answer,468,0.68,0.4,0.4,1,Sound Reasoning
llama3_8b,alphabetical_think_answer,470,0.68,0.4,0.4,1,Sound Reasoning
llama3_8b,alphabetical_think_answer,465,0.68,0.4,-0.4,1,Sound Reasoning
llama3_8b,alphabetical_think_answer,476,0.68,0.4,0.4,1,Sound Reasoning
llama3_8b,alphabetical_think_answer,472,0.68,0.4,0.4,1,Sound Reasoning
llama3_8b,alphabetical_think_answer,474,0.68,0.4,0.4,1,Sound Reasoning
llama3_8b,alphabetical_think_answer,473,0.68,0.4,-0.4,0,Coherent Hallucination
llama3_8b,alphabetical_think_answer,467,0.68,0.4,-0.4,0,Coherent Hallucination
llama3_8b,alphabetical_think_answer,482,1.02,0.6,0.6,1,Sound Reasoning
llama3_8b,alphabetical_think_answer,478,0.68,0.4,0.4,1,Sound Reasoning
llama3_8b,alphabetical_think_answer,475,0.68,0.4,-0.4,0,Coherent Hallucination
llama3_8b,alphabetical_think_answer,479,0.68,0.4,-0.4,1,Sound Reasoning
llama3_8b,alphabetical_think_answer,477,0.68,0.4,-0.4,0,Coherent Hallucination
llama3_8b,alphabetical_think_answer,485,1.02,0.6,-0.6,1,Sound Reasoning
llama3_8b,alphabetical_think_answer,480,1.02,0.6,0.6,0,Coherent Hallucination
llama3_8b,alphabetical_think_answer,471,0.68,0.4,-0.4,1,Sound Reasoning
llama3_8b,alphabetical_think_answer,481,1.02,0.6,-0.6,0,Coherent Hallucination
llama3_8b,alphabetical_think_answer,488,1.02,0.6,0.6,1,Sound Reasoning
llama3_8b,alphabetical_think_answer,484,1.02,0.6,0.6,1,Sound Reasoning
llama3_8b,alphabetical_think_answer,486,1.02,0.6,0.6,0,Coherent Hallucination
llama3_8b,alphabetical_think_answer,487,1.02,0.6,-0.6,0,Coherent Hallucination
llama3_8b,alphabetical_think_answer,483,1.02,0.6,-0.6,0,Coherent Hallucination
llama3_8b,alphabetical_think_answer,492,1.02,0.6,0.6,1,Sound Reasoning
llama3_8b,alphabetical_think_answer,493,1.02,0.6,-0.6,0,Coherent Hallucination
llama3_8b,alphabetical_think_answer,489,1.02,0.6,-0.6,0,Coherent Hallucination
llama3_8b,alphabetical_think_answer,495,1.02,0.6,-0.6,1,Sound Reasoning
llama3_8b,alphabetical_think_answer,490,1.02,0.6,0.6,1,Ambiguous/Mixed
llama3_8b,alphabetical_think_answer,496,1.02,0.6,0.6,1,Sound Reasoning
llama3_8b,alphabetical_think_answer,502,1.02,0.6,0.6,1,Sound Reasoning
llama3_8b,alphabetical_think_answer,491,1.02,0.6,-0.6,0,Coherent Hallucination
llama3_8b,alphabetical_think_answer,497,1.02,0.6,-0.6,0,Coherent Hallucination
llama3_8b,alphabetical_think_answer,498,1.02,0.6,0.6,1,Sound Reasoning
llama3_8b,alphabetical_think_answer,500,1.02,0.6,0.6,1,Sound Reasoning
llama3_8b,alphabetical_think_answer,501,1.02,0.6,-0.6,1,Sound Reasoning
llama3_8b,alphabetical_think_answer,499,1.02,0.6,-0.6,0,Coherent Hallucination
llama3_8b,alphabetical_think_answer,494,1.02,0.6,0.6,1,Coherent Hallucination
llama3_8b,alphabetical_think_answer,503,1.02,0.6,-0.6,0,Coherent Hallucination
llama3_8b,alphabetical_think_answer,504,1.02,0.6,0.6,1,Sound Reasoning
llama3_8b,alphabetical_think_answer,506,1.02,0.6,0.6,1,Sound Reasoning
llama3_8b,alphabetical_think_answer,505,1.02,0.6,-0.6,0,Coherent Hallucination
llama3_8b,alphabetical_think_answer,510,1.02,0.6,0.6,1,Sound Reasoning
llama3_8b,alphabetical_think_answer,508,1.02,0.6,0.6,1,Sound Reasoning
llama3_8b,alphabetical_think_answer,513,1.02,0.6,0.6,1,Sound Reasoning
llama3_8b,alphabetical_think_answer,512,1.02,0.6,-0.6,1,Sound Reasoning
llama3_8b,alphabetical_think_answer,509,1.02,0.6,-0.6,0,Coherent Hallucination
llama3_8b,alphabetical_think_answer,511,1.02,0.6,-0.6,1,Sound Reasoning
llama3_8b,alphabetical_think_answer,514,1.02,0.6,0.6,1,Sound Reasoning
llama3_8b,alphabetical_think_answer,520,1.02,0.6,0.6,1,Sound Reasoning
llama3_8b,alphabetical_think_answer,507,1.02,0.6,-0.6,0,Coherent Hallucination
llama3_8b,alphabetical_think_answer,522,1.02,0.6,0.6,1,Sound Reasoning
llama3_8b,alphabetical_think_answer,518,1.02,0.6,0.6,1,Sound Reasoning
llama3_8b,alphabetical_think_answer,519,1.02,0.6,-0.6,0,Coherent Hallucination
llama3_8b,alphabetical_think_answer,517,1.02,0.6,-0.6,1,Sound Reasoning
llama3_8b,alphabetical_think_answer,523,1.02,0.6,-0.6,1,Sound Reasoning
llama3_8b,alphabetical_think_answer,516,1.02,0.6,0.6,1,Sound Reasoning
llama3_8b,alphabetical_think_answer,521,1.02,0.6,-0.6,1,Sound Reasoning
llama3_8b,alphabetical_think_answer,515,1.02,0.6,-0.6,1,Sound Reasoning
llama3_8b,alphabetical_think_answer,532,1.02,0.6,0.6,1,Sound Reasoning
llama3_8b,alphabetical_think_answer,526,1.02,0.6,0.6,1,Sound Reasoning
llama3_8b,alphabetical_think_answer,530,1.02,0.6,0.6,1,Sound Reasoning
llama3_8b,alphabetical_think_answer,525,1.02,0.6,-0.6,1,Sound Reasoning
llama3_8b,alphabetical_think_answer,524,1.02,0.6,0.6,1,Sound Reasoning
llama3_8b,alphabetical_think_answer,531,1.02,0.6,-0.6,1,Sound Reasoning
llama3_8b,alphabetical_think_answer,534,1.02,0.6,0.6,1,Sound Reasoning
llama3_8b,alphabetical_think_answer,528,1.02,0.6,0.6,1,Sound Reasoning
llama3_8b,alphabetical_think_answer,536,1.02,0.6,0.6,1,Sound Reasoning
llama3_8b,alphabetical_think_answer,527,1.02,0.6,-0.6,0,Coherent Hallucination
llama3_8b,alphabetical_think_answer,538,1.02,0.6,0.6,1,Sound Reasoning
llama3_8b,alphabetical_think_answer,542,1.36,0.8,0.8,1,Sound Reasoning
llama3_8b,alphabetical_think_answer,540,1.36,0.8,0.8,0,Coherent Hallucination
llama3_8b,alphabetical_think_answer,537,1.02,0.6,-0.6,0,Coherent Hallucination
llama3_8b,alphabetical_think_answer,529,1.02,0.6,-0.6,0,Coherent Hallucination
llama3_8b,alphabetical_think_answer,541,1.36,0.8,-0.8,0,Coherent Hallucination
llama3_8b,alphabetical_think_answer,543,1.36,0.8,-0.8,0,Coherent Hallucination
llama3_8b,alphabetical_think_answer,539,1.02,0.6,-0.6,1,Sound Reasoning
llama3_8b,alphabetical_think_answer,535,1.02,0.6,-0.6,0,Coherent Hallucination
llama3_8b,alphabetical_think_answer,533,1.02,0.6,-0.6,0,Coherent Hallucination
llama3_8b,alphabetical_think_answer,544,1.36,0.8,0.8,1,Sound Reasoning
llama3_8b,alphabetical_think_answer,547,1.36,0.8,-0.8,0,Coherent Hallucination
llama3_8b,alphabetical_think_answer,550,1.36,0.8,0.8,1,Sound Reasoning
llama3_8b,alphabetical_think_answer,549,1.36,0.8,-0.8,0,Coherent Hallucination
llama3_8b,alphabetical_think_answer,548,1.36,0.8,0.8,0,Coherent Hallucination
llama3_8b,alphabetical_think_answer,546,1.36,0.8,0.8,0,Coherent Hallucination
llama3_8b,alphabetical_think_answer,545,1.36,0.8,-0.8,0,Coherent Hallucination
llama3_8b,alphabetical_think_answer,552,1.36,0.8,0.8,1,Sound Reasoning
llama3_8b,alphabetical_think_answer,551,1.36,0.8,-0.8,1,Sound Reasoning
llama3_8b,alphabetical_think_answer,555,1.36,0.8,-0.8,1,Sound Reasoning
llama3_8b,alphabetical_think_answer,553,1.36,0.8,-0.8,1,Coherent Hallucination
llama3_8b,alphabetical_think_answer,556,1.36,0.8,0.8,1,Sound Reasoning
llama3_8b,alphabetical_think_answer,562,1.36,0.8,0.8,1,Sound Reasoning
llama3_8b,alphabetical_think_answer,557,1.36,0.8,-0.8,0,Incoherent Hallucination
llama3_8b,alphabetical_think_answer,558,1.36,0.8,0.8,1,Coherent Hallucination
llama3_8b,alphabetical_think_answer,559,1.36,0.8,-0.8,0,Coherent Hallucination
llama3_8b,alphabetical_think_answer,566,1.36,0.8,0.8,1,Sound Reasoning
llama3_8b,alphabetical_think_answer,560,1.36,0.8,0.8,1,Sound Reasoning
llama3_8b,alphabetical_think_answer,561,1.36,0.8,-0.8,0,Coherent Hallucination
llama3_8b,alphabetical_think_answer,568,1.36,0.8,0.8,0,Coherent Hallucination
llama3_8b,alphabetical_think_answer,554,1.36,0.8,0.8,1,Sound Reasoning
llama3_8b,alphabetical_think_answer,563,1.36,0.8,-0.8,0,Coherent Hallucination
llama3_8b,alphabetical_think_answer,565,1.36,0.8,-0.8,0,Coherent Hallucination
llama3_8b,alphabetical_think_answer,564,1.36,0.8,0.8,1,Sound Reasoning
llama3_8b,alphabetical_think_answer,569,1.36,0.8,-0.8,0,Coherent Hallucination
llama3_8b,alphabetical_think_answer,571,1.36,0.8,-0.8,1,Sound Reasoning
llama3_8b,alphabetical_think_answer,570,1.36,0.8,0.8,1,Sound Reasoning
llama3_8b,alphabetical_think_answer,574,1.36,0.8,0.8,1,Sound Reasoning
llama3_8b,alphabetical_think_answer,573,1.36,0.8,0.8,1,Contradictory Reasoning
llama3_8b,alphabetical_think_answer,579,1.36,0.8,-0.8,1,Sound Reasoning
llama3_8b,alphabetical_think_answer,576,1.36,0.8,0.8,1,Sound Reasoning
llama3_8b,alphabetical_think_answer,572,1.36,0.8,-0.8,1,Sound Reasoning
llama3_8b,alphabetical_think_answer,578,1.36,0.8,0.8,1,Sound Reasoning
llama3_8b,alphabetical_think_answer,577,1.36,0.8,-0.8,1,Sound Reasoning
llama3_8b,alphabetical_think_answer,567,1.36,0.8,-0.8,0,Coherent Hallucination
llama3_8b,alphabetical_think_answer,575,1.36,0.8,-0.8,1,Sound Reasoning
llama3_8b,alphabetical_think_answer,580,1.36,0.8,0.8,1,Sound Reasoning
llama3_8b,alphabetical_think_answer,585,1.36,0.8,-0.8,0,Coherent Hallucination
llama3_8b,alphabetical_think_answer,581,1.36,0.8,-0.8,1,Sound Reasoning
llama3_8b,alphabetical_think_answer,584,1.36,0.8,0.8,1,Sound Reasoning
llama3_8b,alphabetical_think_answer,582,1.36,0.8,0.8,1,Sound Reasoning
llama3_8b,alphabetical_think_answer,586,1.36,0.8,0.8,1,Sound Reasoning
llama3_8b,alphabetical_think_answer,583,1.36,0.8,-0.8,0,Contradictory Reasoning
llama3_8b,alphabetical_think_answer,589,1.36,0.8,-0.8,0,Coherent Hallucination
llama3_8b,alphabetical_think_answer,592,1.36,0.8,0.8,1,Sound Reasoning
llama3_8b,alphabetical_think_answer,591,1.36,0.8,-0.8,1,Sound Reasoning
llama3_8b,alphabetical_think_answer,587,1.36,0.8,-0.8,0,Coherent Hallucination
llama3_8b,alphabetical_think_answer,588,1.36,0.8,0.8,1,Sound Reasoning
llama3_8b,alphabetical_think_answer,590,1.36,0.8,0.8,1,Sound Reasoning
llama3_8b,alphabetical_think_answer,594,1.36,0.8,0.8,1,Sound Reasoning
llama3_8b,alphabetical_think_answer,596,1.36,0.8,0.8,1,Sound Reasoning
llama3_8b,alphabetical_think_answer,595,1.36,0.8,-0.8,0,Coherent Hallucination
llama3_8b,alphabetical_think_answer,593,1.36,0.8,-0.8,0,Coherent Hallucination
llama3_8b,alphabetical_think_answer,600,1.7,1.0,1.0,0,Sound Reasoning
llama3_8b,alphabetical_think_answer,599,1.36,0.8,-0.8,0,Incoherent Hallucination
llama3_8b,alphabetical_think_answer,603,1.7,1.0,-1.0,1,Sound Reasoning
llama3_8b,alphabetical_think_answer,597,1.36,0.8,-0.8,0,Sound Reasoning
llama3_8b,alphabetical_think_answer,605,1.7,1.0,-1.0,0,Coherent Hallucination
llama3_8b,alphabetical_think_answer,601,1.7,1.0,-1.0,0,Coherent Hallucination
llama3_8b,alphabetical_think_answer,606,1.7,1.0,1.0,1,Coherent Hallucination
llama3_8b,alphabetical_think_answer,604,1.7,1.0,1.0,1,Coherent Hallucination
llama3_8b,alphabetical_think_answer,610,1.7,1.0,1.0,1,Sound Reasoning
llama3_8b,alphabetical_think_answer,598,1.36,0.8,0.8,1,Sound Reasoning
llama3_8b,alphabetical_think_answer,602,1.7,1.0,1.0,1,Sound Reasoning
llama3_8b,alphabetical_think_answer,609,1.7,1.0,-1.0,0,Coherent Hallucination
llama3_8b,alphabetical_think_answer,611,1.7,1.0,-1.0,1,Coherent Hallucination
llama3_8b,alphabetical_think_answer,612,1.7,1.0,1.0,1,Coherent Hallucination
llama3_8b,alphabetical_think_answer,614,1.7,1.0,1.0,1,Sound Reasoning
llama3_8b,alphabetical_think_answer,607,1.7,1.0,-1.0,0,Coherent Hallucination
llama3_8b,alphabetical_think_answer,613,1.7,1.0,-1.0,1,Sound Reasoning
llama3_8b,alphabetical_think_answer,608,1.7,1.0,1.0,0,Coherent Hallucination
llama3_8b,alphabetical_think_answer,616,1.7,1.0,1.0,1,Sound Reasoning
llama3_8b,alphabetical_think_answer,615,1.7,1.0,-1.0,1,Coherent Hallucination
llama3_8b,alphabetical_think_answer,617,1.7,1.0,-1.0,1,Sound Reasoning
llama3_8b,alphabetical_think_answer,634,1.7,1.0,1.0,1,Sound Reasoning
llama3_8b,alphabetical_think_answer,622,1.7,1.0,1.0,1,Sound Reasoning
llama3_8b,alphabetical_think_answer,621,1.7,1.0,-1.0,0,Coherent Hallucination
llama3_8b,alphabetical_think_answer,618,1.7,1.0,1.0,1,Sound Reasoning
llama3_8b,alphabetical_think_answer,619,1.7,1.0,-1.0,0,Coherent Hallucination
llama3_8b,alphabetical_think_answer,624,1.7,1.0,1.0,1,Sound Reasoning
llama3_8b,alphabetical_think_answer,628,1.7,1.0,1.0,1,Sound Reasoning
llama3_8b,alphabetical_think_answer,620,1.7,1.0,1.0,1,Sound Reasoning
llama3_8b,alphabetical_think_answer,630,1.7,1.0,1.0,1,Sound Reasoning
llama3_8b,alphabetical_think_answer,627,1.7,1.0,-1.0,0,Coherent Hallucination
llama3_8b,alphabetical_think_answer,626,1.7,1.0,1.0,1,Coherent Hallucination
llama3_8b,alphabetical_think_answer,623,1.7,1.0,-1.0,0,Coherent Hallucination
llama3_8b,alphabetical_think_answer,625,1.7,1.0,-1.0,0,Coherent Hallucination
llama3_8b,alphabetical_think_answer,635,1.7,1.0,-1.0,1,Sound Reasoning
llama3_8b,alphabetical_think_answer,629,1.7,1.0,-1.0,0,Coherent Hallucination
llama3_8b,alphabetical_think_answer,636,1.7,1.0,1.0,1,Sound Reasoning
llama3_8b,alphabetical_think_answer,631,1.7,1.0,-1.0,1,Sound Reasoning
llama3_8b,alphabetical_think_answer,632,1.7,1.0,-1.0,0,Coherent Hallucination
llama3_8b,alphabetical_think_answer,633,1.7,1.0,1.0,1,Sound Reasoning
llama3_8b,alphabetical_think_answer,642,1.7,1.0,1.0,1,Sound Reasoning
llama3_8b,alphabetical_think_answer,640,1.7,1.0,1.0,1,Sound Reasoning
llama3_8b,alphabetical_think_answer,644,1.7,1.0,1.0,1,Sound Reasoning
llama3_8b,alphabetical_think_answer,638,1.7,1.0,1.0,1,Sound Reasoning
llama3_8b,alphabetical_think_answer,639,1.7,1.0,-1.0,1,Sound Reasoning
llama3_8b,alphabetical_think_answer,637,1.7,1.0,-1.0,1,Sound Reasoning
llama3_8b,alphabetical_think_answer,643,1.7,1.0,-1.0,0,Incoherent Hallucination
llama3_8b,alphabetical_think_answer,645,1.7,1.0,-1.0,0,Coherent Hallucination
llama3_8b,alphabetical_think_answer,647,1.7,1.0,-1.0,0,Incoherent Hallucination
llama3_8b,alphabetical_think_answer,641,1.7,1.0,-1.0,1,Sound Reasoning
llama3_8b,alphabetical_think_answer,650,1.7,1.0,1.0,1,Sound Reasoning
llama3_8b,alphabetical_think_answer,652,1.7,1.0,1.0,1,Sound Reasoning
llama3_8b,alphabetical_think_answer,648,1.7,1.0,1.0,1,Sound Reasoning
llama3_8b,alphabetical_think_answer,653,1.7,1.0,-1.0,0,Coherent Hallucination
llama3_8b,alphabetical_think_answer,651,1.7,1.0,-1.0,1,Sound Reasoning
llama3_8b,alphabetical_think_answer,658,1.7,1.0,1.0,1,Sound Reasoning
llama3_8b,alphabetical_think_answer,655,1.7,1.0,-1.0,0,Contradictory Reasoning
llama3_8b,alphabetical_think_answer,646,1.7,1.0,1.0,1,Sound Reasoning
llama3_8b,alphabetical_think_answer,649,1.7,1.0,-1.0,0,Coherent Hallucination
llama3_8b,alphabetical_think_answer,657,1.7,1.0,-1.0,0,Coherent Hallucination
llama3_8b,alphabetical_think_answer,654,1.7,1.0,1.0,1,Sound Reasoning
llama3_8b,alphabetical_think_answer,656,1.7,1.0,1.0,1,Sound Reasoning
llama3_8b,alphabetical_think_answer,659,1.7,1.0,-1.0,1,Sound Reasoning
llama3_8b,alphabetical_answer_think,9,-4.3,-1.0,1.0,1,Sound Reasoning
llama3_8b,alphabetical_answer_think,2,-4.3,-1.0,-1.0,0,Contradictory Reasoning
llama3_8b,alphabetical_answer_think,3,-4.3,-1.0,1.0,1,Sound Reasoning
llama3_8b,alphabetical_answer_think,10,-4.3,-1.0,-1.0,0,Incoherent Hallucination
llama3_8b,alphabetical_answer_think,16,-4.3,-1.0,-1.0,0,Contradictory Reasoning
llama3_8b,alphabetical_answer_think,6,-4.3,-1.0,-1.0,0,Contradictory Reasoning
llama3_8b,alphabetical_answer_think,18,-4.3,-1.0,-1.0,0,Ambiguous/Mixed
llama3_8b,alphabetical_answer_think,8,-4.3,-1.0,-1.0,0,Coherent Hallucination
llama3_8b,alphabetical_answer_think,1,-4.3,-1.0,1.0,1,Coherent Hallucination
llama3_8b,alphabetical_answer_think,13,-4.3,-1.0,1.0,1,Coherent Hallucination
llama3_8b,alphabetical_answer_think,4,-4.3,-1.0,-1.0,0,Coherent Hallucination
llama3_8b,alphabetical_answer_think,0,-4.3,-1.0,-1.0,0,Contradictory Reasoning
llama3_8b,alphabetical_answer_think,17,-4.3,-1.0,1.0,1,Ambiguous/Mixed
llama3_8b,alphabetical_answer_think,19,-4.3,-1.0,1.0,1,Coherent Hallucination
llama3_8b,alphabetical_answer_think,15,-4.3,-1.0,1.0,1,Incoherent Hallucination
llama3_8b,alphabetical_answer_think,14,-4.3,-1.0,-1.0,0,Ambiguous/Mixed
llama3_8b,alphabetical_answer_think,5,-4.3,-1.0,1.0,1,Ambiguous/Mixed
llama3_8b,alphabetical_answer_think,12,-4.3,-1.0,-1.0,0,Incoherent Hallucination
llama3_8b,alphabetical_answer_think,7,-4.3,-1.0,1.0,1,Ambiguous/Mixed
llama3_8b,alphabetical_answer_think,11,-4.3,-1.0,1.0,1,Ambiguous/Mixed
llama3_8b,alphabetical_answer_think,20,-4.3,-1.0,-1.0,0,Coherent Hallucination
llama3_8b,alphabetical_answer_think,22,-4.3,-1.0,-1.0,0,Contradictory Reasoning
llama3_8b,alphabetical_answer_think,26,-4.3,-1.0,-1.0,0,Contradictory Reasoning
llama3_8b,alphabetical_answer_think,32,-4.3,-1.0,1.0,1,Sound Reasoning
llama3_8b,alphabetical_answer_think,24,-4.3,-1.0,-1.0,0,Contradictory Reasoning
llama3_8b,alphabetical_answer_think,21,-4.3,-1.0,1.0,1,Incoherent Hallucination
llama3_8b,alphabetical_answer_think,29,-4.3,-1.0,1.0,1,Incoherent Hallucination
llama3_8b,alphabetical_answer_think,25,-4.3,-1.0,1.0,1,Coherent Hallucination
llama3_8b,alphabetical_answer_think,35,-4.3,-1.0,1.0,1,Sound Reasoning
llama3_8b,alphabetical_answer_think,33,-4.3,-1.0,-1.0,0,Contradictory Reasoning
llama3_8b,alphabetical_answer_think,27,-4.3,-1.0,1.0,1,Sound Reasoning
llama3_8b,alphabetical_answer_think,30,-4.3,-1.0,-1.0,0,Incoherent Hallucination
llama3_8b,alphabetical_answer_think,31,-4.3,-1.0,1.0,1,Sound Reasoning
llama3_8b,alphabetical_answer_think,23,-4.3,-1.0,1.0,1,Ambiguous/Mixed
llama3_8b,alphabetical_answer_think,36,-4.3,-1.0,-1.0,0,Coherent Hallucination
llama3_8b,alphabetical_answer_think,28,-4.3,-1.0,-1.0,0,Incoherent Hallucination
llama3_8b,alphabetical_answer_think,39,-4.3,-1.0,1.0,1,Sound Reasoning
llama3_8b,alphabetical_answer_think,38,-4.3,-1.0,-1.0,0,Contradictory Reasoning
llama3_8b,alphabetical_answer_think,34,-4.3,-1.0,-1.0,0,Coherent Hallucination
llama3_8b,alphabetical_answer_think,37,-4.3,-1.0,1.0,1,Incoherent Hallucination
llama3_8b,alphabetical_answer_think,41,-4.3,-1.0,1.0,1,Coherent Hallucination
llama3_8b,alphabetical_answer_think,45,-4.3,-1.0,1.0,1,Incoherent Hallucination
llama3_8b,alphabetical_answer_think,51,-4.3,-1.0,1.0,1,Sound Reasoning
llama3_8b,alphabetical_answer_think,42,-4.3,-1.0,-1.0,0,Contradictory Reasoning
llama3_8b,alphabetical_answer_think,40,-4.3,-1.0,-1.0,0,Coherent Hallucination
llama3_8b,alphabetical_answer_think,54,-4.3,-1.0,-1.0,0,Contradictory Reasoning
llama3_8b,alphabetical_answer_think,46,-4.3,-1.0,-1.0,0,Incoherent Hallucination
llama3_8b,alphabetical_answer_think,49,-4.3,-1.0,1.0,1,Sound Reasoning
llama3_8b,alphabetical_answer_think,44,-4.3,-1.0,-1.0,0,Incoherent Hallucination
llama3_8b,alphabetical_answer_think,55,-4.3,-1.0,1.0,1,Sound Reasoning
llama3_8b,alphabetical_answer_think,47,-4.3,-1.0,1.0,1,Coherent Hallucination
llama3_8b,alphabetical_answer_think,43,-4.3,-1.0,1.0,1,Ambiguous/Mixed
llama3_8b,alphabetical_answer_think,48,-4.3,-1.0,-1.0,0,Coherent Hallucination
llama3_8b,alphabetical_answer_think,53,-4.3,-1.0,1.0,1,Sound Reasoning
llama3_8b,alphabetical_answer_think,52,-4.3,-1.0,-1.0,0,Contradictory Reasoning
llama3_8b,alphabetical_answer_think,50,-4.3,-1.0,-1.0,0,Contradictory Reasoning
llama3_8b,alphabetical_answer_think,57,-4.3,-1.0,1.0,1,Ambiguous/Mixed
llama3_8b,alphabetical_answer_think,56,-4.3,-1.0,-1.0,0,Coherent Hallucination
llama3_8b,alphabetical_answer_think,58,-4.3,-1.0,-1.0,0,Ambiguous/Mixed
llama3_8b,alphabetical_answer_think,59,-4.3,-1.0,1.0,1,Sound Reasoning
llama3_8b,alphabetical_answer_think,67,-3.44,-0.8,0.8,1,Sound Reasoning
llama3_8b,alphabetical_answer_think,60,-3.44,-0.8,-0.8,0,Incoherent Hallucination
llama3_8b,alphabetical_answer_think,66,-3.44,-0.8,-0.8,0,Contradictory Reasoning
llama3_8b,alphabetical_answer_think,61,-3.44,-0.8,0.8,1,Sound Reasoning
llama3_8b,alphabetical_answer_think,63,-3.44,-0.8,0.8,1,Sound Reasoning
llama3_8b,alphabetical_answer_think,68,-3.44,-0.8,-0.8,0,Contradictory Reasoning
llama3_8b,alphabetical_answer_think,65,-3.44,-0.8,0.8,1,Ambiguous/Mixed
llama3_8b,alphabetical_answer_think,72,-3.44,-0.8,-0.8,0,Contradictory Reasoning
llama3_8b,alphabetical_answer_think,75,-3.44,-0.8,0.8,1,Coherent Hallucination
llama3_8b,alphabetical_answer_think,71,-3.44,-0.8,0.8,1,Sound Reasoning
llama3_8b,alphabetical_answer_think,69,-3.44,-0.8,0.8,1,Sound Reasoning
llama3_8b,alphabetical_answer_think,62,-3.44,-0.8,-0.8,0,Coherent Hallucination
llama3_8b,alphabetical_answer_think,73,-3.44,-0.8,0.8,1,Sound Reasoning
llama3_8b,alphabetical_answer_think,77,-3.44,-0.8,0.8,1,Sound Reasoning
llama3_8b,alphabetical_answer_think,79,-3.44,-0.8,0.8,1,Sound Reasoning
llama3_8b,alphabetical_answer_think,64,-3.44,-0.8,-0.8,0,Coherent Hallucination
llama3_8b,alphabetical_answer_think,70,-3.44,-0.8,-0.8,0,Incoherent Hallucination
llama3_8b,alphabetical_answer_think,83,-3.44,-0.8,0.8,1,Sound Reasoning
llama3_8b,alphabetical_answer_think,85,-3.44,-0.8,0.8,1,Sound Reasoning
llama3_8b,alphabetical_answer_think,78,-3.44,-0.8,-0.8,0,Incoherent Hallucination
llama3_8b,alphabetical_answer_think,74,-3.44,-0.8,-0.8,0,Sound Reasoning
llama3_8b,alphabetical_answer_think,87,-3.44,-0.8,0.8,1,Sound Reasoning
llama3_8b,alphabetical_answer_think,89,-3.44,-0.8,0.8,1,Coherent Hallucination
llama3_8b,alphabetical_answer_think,86,-3.44,-0.8,-0.8,0,Contradictory Reasoning
llama3_8b,alphabetical_answer_think,81,-3.44,-0.8,0.8,1,Sound Reasoning
llama3_8b,alphabetical_answer_think,76,-3.44,-0.8,-0.8,0,Coherent Hallucination
llama3_8b,alphabetical_answer_think,88,-3.44,-0.8,-0.8,0,Coherent Hallucination
llama3_8b,alphabetical_answer_think,80,-3.44,-0.8,-0.8,0,Coherent Hallucination
llama3_8b,alphabetical_answer_think,82,-3.44,-0.8,-0.8,0,Contradictory Reasoning
llama3_8b,alphabetical_answer_think,84,-3.44,-0.8,-0.8,0,Coherent Hallucination
llama3_8b,alphabetical_answer_think,91,-3.44,-0.8,0.8,1,Sound Reasoning
llama3_8b,alphabetical_answer_think,94,-3.44,-0.8,-0.8,0,Coherent Hallucination
llama3_8b,alphabetical_answer_think,95,-3.44,-0.8,0.8,1,Sound Reasoning
llama3_8b,alphabetical_answer_think,93,-3.44,-0.8,-0.8,0,Coherent Hallucination
llama3_8b,alphabetical_answer_think,97,-3.44,-0.8,0.8,1,Sound Reasoning
llama3_8b,alphabetical_answer_think,90,-3.44,-0.8,-0.8,0,Sound Reasoning
llama3_8b,alphabetical_answer_think,100,-3.44,-0.8,-0.8,0,Sound Reasoning
llama3_8b,alphabetical_answer_think,101,-3.44,-0.8,0.8,1,Sound Reasoning
llama3_8b,alphabetical_answer_think,96,-3.44,-0.8,-0.8,0,Contradictory Reasoning
llama3_8b,alphabetical_answer_think,92,-3.44,-0.8,0.8,1,Sound Reasoning
llama3_8b,alphabetical_answer_think,105,-3.44,-0.8,0.8,1,Sound Reasoning
llama3_8b,alphabetical_answer_think,103,-3.44,-0.8,0.8,1,Sound Reasoning
llama3_8b,alphabetical_answer_think,98,-3.44,-0.8,-0.8,0,Contradictory Reasoning
llama3_8b,alphabetical_answer_think,102,-3.44,-0.8,-0.8,0,Contradictory Reasoning
llama3_8b,alphabetical_answer_think,99,-3.44,-0.8,0.8,1,Sound Reasoning
llama3_8b,alphabetical_answer_think,104,-3.44,-0.8,-0.8,0,Contradictory Reasoning
llama3_8b,alphabetical_answer_think,115,-3.44,-0.8,0.8,1,Sound Reasoning
llama3_8b,alphabetical_answer_think,106,-3.44,-0.8,-0.8,0,Contradictory Reasoning
llama3_8b,alphabetical_answer_think,113,-3.44,-0.8,0.8,1,Sound Reasoning
llama3_8b,alphabetical_answer_think,109,-3.44,-0.8,0.8,1,Sound Reasoning
llama3_8b,alphabetical_answer_think,107,-3.44,-0.8,0.8,1,Sound Reasoning
llama3_8b,alphabetical_answer_think,114,-3.44,-0.8,-0.8,0,Contradictory Reasoning
llama3_8b,alphabetical_answer_think,111,-3.44,-0.8,0.8,1,Sound Reasoning
llama3_8b,alphabetical_answer_think,108,-3.44,-0.8,-0.8,0,Coherent Hallucination
llama3_8b,alphabetical_answer_think,112,-3.44,-0.8,-0.8,0,Coherent Hallucination
llama3_8b,alphabetical_answer_think,110,-3.44,-0.8,-0.8,0,Incoherent Hallucination
llama3_8b,alphabetical_answer_think,118,-3.44,-0.8,-0.8,0,Coherent Hallucination
llama3_8b,alphabetical_answer_think,117,-3.44,-0.8,0.8,1,Sound Reasoning
llama3_8b,alphabetical_answer_think,120,-2.58,-0.6,-0.6,0,Coherent Hallucination
llama3_8b,alphabetical_answer_think,123,-2.58,-0.6,0.6,1,Sound Reasoning
llama3_8b,alphabetical_answer_think,121,-2.58,-0.6,0.6,1,Coherent Hallucination
llama3_8b,alphabetical_answer_think,124,-2.58,-0.6,-0.6,0,Coherent Hallucination
llama3_8b,alphabetical_answer_think,126,-2.58,-0.6,-0.6,0,Contradictory Reasoning
llama3_8b,alphabetical_answer_think,116,-3.44,-0.8,-0.8,0,Coherent Hallucination
llama3_8b,alphabetical_answer_think,125,-2.58,-0.6,0.6,1,Coherent Hallucination
llama3_8b,alphabetical_answer_think,119,-3.44,-0.8,0.8,1,Ambiguous/Mixed
llama3_8b,alphabetical_answer_think,122,-2.58,-0.6,-0.6,0,Ambiguous/Mixed
llama3_8b,alphabetical_answer_think,127,-2.58,-0.6,0.6,1,Incoherent Hallucination
llama3_8b,alphabetical_answer_think,133,-2.58,-0.6,0.6,1,Sound Reasoning
llama3_8b,alphabetical_answer_think,135,-2.58,-0.6,0.6,1,Sound Reasoning
llama3_8b,alphabetical_answer_think,128,-2.58,-0.6,-0.6,0,Coherent Hallucination
llama3_8b,alphabetical_answer_think,130,-2.58,-0.6,-0.6,0,Coherent Hallucination
llama3_8b,alphabetical_answer_think,132,-2.58,-0.6,-0.6,0,Incoherent Hallucination
llama3_8b,alphabetical_answer_think,138,-2.58,-0.6,-0.6,0,Contradictory Reasoning
llama3_8b,alphabetical_answer_think,129,-2.58,-0.6,0.6,1,Incoherent Hallucination
llama3_8b,alphabetical_answer_think,137,-2.58,-0.6,0.6,1,Sound Reasoning
llama3_8b,alphabetical_answer_think,140,-2.58,-0.6,-0.6,0,Sound Reasoning
llama3_8b,alphabetical_answer_think,141,-2.58,-0.6,0.6,1,Sound Reasoning
llama3_8b,alphabetical_answer_think,131,-2.58,-0.6,0.6,1,Incoherent Hallucination
llama3_8b,alphabetical_answer_think,139,-2.58,-0.6,0.6,1,Sound Reasoning
llama3_8b,alphabetical_answer_think,134,-2.58,-0.6,-0.6,0,Coherent Hallucination
llama3_8b,alphabetical_answer_think,143,-2.58,-0.6,0.6,1,Sound Reasoning
llama3_8b,alphabetical_answer_think,147,-2.58,-0.6,0.6,1,Coherent Hallucination
llama3_8b,alphabetical_answer_think,148,-2.58,-0.6,-0.6,0,Incoherent Hallucination
llama3_8b,alphabetical_answer_think,144,-2.58,-0.6,-0.6,0,Coherent Hallucination
llama3_8b,alphabetical_answer_think,136,-2.58,-0.6,-0.6,0,Sound Reasoning
llama3_8b,alphabetical_answer_think,151,-2.58,-0.6,0.6,1,Sound Reasoning
llama3_8b,alphabetical_answer_think,146,-2.58,-0.6,-0.6,0,Sound Reasoning
llama3_8b,alphabetical_answer_think,142,-2.58,-0.6,-0.6,0,Coherent Hallucination
llama3_8b,alphabetical_answer_think,154,-2.58,-0.6,-0.6,0,Contradictory Reasoning
llama3_8b,alphabetical_answer_think,155,-2.58,-0.6,0.6,1,Coherent Hallucination
llama3_8b,alphabetical_answer_think,149,-2.58,-0.6,0.6,1,Incoherent Hallucination
llama3_8b,alphabetical_answer_think,150,-2.58,-0.6,-0.6,0,Contradictory Reasoning
llama3_8b,alphabetical_answer_think,160,-2.58,-0.6,-0.6,0,Contradictory Reasoning
llama3_8b,alphabetical_answer_think,152,-2.58,-0.6,0.6,1,Sound Reasoning
llama3_8b,alphabetical_answer_think,153,-2.58,-0.6,-0.6,0,Coherent Hallucination
llama3_8b,alphabetical_answer_think,145,-2.58,-0.6,0.6,1,Coherent Hallucination
llama3_8b,alphabetical_answer_think,157,-2.58,-0.6,0.6,1,Sound Reasoning
llama3_8b,alphabetical_answer_think,156,-2.58,-0.6,-0.6,0,Contradictory Reasoning
llama3_8b,alphabetical_answer_think,158,-2.58,-0.6,-0.6,0,Contradictory Reasoning
llama3_8b,alphabetical_answer_think,163,-2.58,-0.6,0.6,1,Sound Reasoning
llama3_8b,alphabetical_answer_think,162,-2.58,-0.6,-0.6,0,Contradictory Reasoning
llama3_8b,alphabetical_answer_think,159,-2.58,-0.6,0.6,1,Sound Reasoning
llama3_8b,alphabetical_answer_think,165,-2.58,-0.6,0.6,1,Sound Reasoning
llama3_8b,alphabetical_answer_think,164,-2.58,-0.6,-0.6,0,Coherent Hallucination
llama3_8b,alphabetical_answer_think,167,-2.58,-0.6,0.6,1,Sound Reasoning
llama3_8b,alphabetical_answer_think,161,-2.58,-0.6,0.6,1,Ambiguous/Mixed
llama3_8b,alphabetical_answer_think,171,-2.58,-0.6,0.6,1,Coherent Hallucination
llama3_8b,alphabetical_answer_think,168,-2.58,-0.6,-0.6,0,Coherent Hallucination
llama3_8b,alphabetical_answer_think,172,-2.58,-0.6,-0.6,0,Coherent Hallucination
llama3_8b,alphabetical_answer_think,166,-2.58,-0.6,-0.6,0,Contradictory Reasoning
llama3_8b,alphabetical_answer_think,170,-2.58,-0.6,-0.6,0,Contradictory Reasoning
llama3_8b,alphabetical_answer_think,169,-2.58,-0.6,0.6,1,Sound Reasoning
llama3_8b,alphabetical_answer_think,176,-2.58,-0.6,-0.6,0,Coherent Hallucination
llama3_8b,alphabetical_answer_think,175,-2.58,-0.6,0.6,1,Sound Reasoning
llama3_8b,alphabetical_answer_think,181,-1.72,-0.4,0.4,1,Sound Reasoning
llama3_8b,alphabetical_answer_think,173,-2.58,-0.6,0.6,1,Sound Reasoning
llama3_8b,alphabetical_answer_think,174,-2.58,-0.6,-0.6,0,Contradictory Reasoning
llama3_8b,alphabetical_answer_think,182,-1.72,-0.4,-0.4,0,Coherent Hallucination
llama3_8b,alphabetical_answer_think,180,-1.72,-0.4,-0.4,0,Coherent Hallucination
llama3_8b,alphabetical_answer_think,178,-2.58,-0.6,-0.6,0,Coherent Hallucination
llama3_8b,alphabetical_answer_think,177,-2.58,-0.6,0.6,1,Sound Reasoning
llama3_8b,alphabetical_answer_think,183,-1.72,-0.4,0.4,1,Sound Reasoning
llama3_8b,alphabetical_answer_think,179,-2.58,-0.6,0.6,1,Sound Reasoning
llama3_8b,alphabetical_answer_think,186,-1.72,-0.4,-0.4,0,Coherent Hallucination
llama3_8b,alphabetical_answer_think,189,-1.72,-0.4,0.4,1,Sound Reasoning
llama3_8b,alphabetical_answer_think,191,-1.72,-0.4,0.4,1,Sound Reasoning
llama3_8b,alphabetical_answer_think,185,-1.72,-0.4,0.4,1,Sound Reasoning
llama3_8b,alphabetical_answer_think,190,-1.72,-0.4,-0.4,0,Incoherent Hallucination
llama3_8b,alphabetical_answer_think,187,-1.72,-0.4,0.4,1,Sound Reasoning
llama3_8b,alphabetical_answer_think,197,-1.72,-0.4,0.4,1,Sound Reasoning
llama3_8b,alphabetical_answer_think,193,-1.72,-0.4,0.4,1,Coherent Hallucination
llama3_8b,alphabetical_answer_think,198,-1.72,-0.4,-0.4,0,Coherent Hallucination
llama3_8b,alphabetical_answer_think,188,-1.72,-0.4,-0.4,0,Coherent Hallucination
llama3_8b,alphabetical_answer_think,194,-1.72,-0.4,-0.4,0,Incoherent Hallucination
llama3_8b,alphabetical_answer_think,196,-1.72,-0.4,-0.4,0,Coherent Hallucination
llama3_8b,alphabetical_answer_think,195,-1.72,-0.4,0.4,1,Incoherent Hallucination
llama3_8b,alphabetical_answer_think,184,-1.72,-0.4,-0.4,0,Coherent Hallucination
llama3_8b,alphabetical_answer_think,201,-1.72,-0.4,0.4,1,Sound Reasoning
llama3_8b,alphabetical_answer_think,203,-1.72,-0.4,0.4,1,Sound Reasoning
llama3_8b,alphabetical_answer_think,200,-1.72,-0.4,-0.4,0,Coherent Hallucination
llama3_8b,alphabetical_answer_think,202,-1.72,-0.4,-0.4,0,Coherent Hallucination
llama3_8b,alphabetical_answer_think,205,-1.72,-0.4,0.4,1,Sound Reasoning
llama3_8b,alphabetical_answer_think,213,-1.72,-0.4,-0.4,0,Sound Reasoning
llama3_8b,alphabetical_answer_think,204,-1.72,-0.4,-0.4,0,Coherent Hallucination
llama3_8b,alphabetical_answer_think,215,-1.72,-0.4,0.4,1,Sound Reasoning
llama3_8b,alphabetical_answer_think,207,-1.72,-0.4,0.4,1,Coherent Hallucination
llama3_8b,alphabetical_answer_think,206,-1.72,-0.4,-0.4,0,Coherent Hallucination
llama3_8b,alphabetical_answer_think,209,-1.72,-0.4,0.4,1,Sound Reasoning
llama3_8b,alphabetical_answer_think,192,-1.72,-0.4,-0.4,0,Incoherent Hallucination
llama3_8b,alphabetical_answer_think,210,-1.72,-0.4,-0.4,0,Coherent Hallucination
llama3_8b,alphabetical_answer_think,211,-1.72,-0.4,0.4,1,Sound Reasoning
llama3_8b,alphabetical_answer_think,212,-1.72,-0.4,0.4,1,Coherent Hallucination
llama3_8b,alphabetical_answer_think,208,-1.72,-0.4,-0.4,0,Coherent Hallucination
llama3_8b,alphabetical_answer_think,216,-1.72,-0.4,-0.4,0,Coherent Hallucination
llama3_8b,alphabetical_answer_think,214,-1.72,-0.4,-0.4,0,Coherent Hallucination
llama3_8b,alphabetical_answer_think,218,-1.72,-0.4,-0.4,0,Coherent Hallucination
llama3_8b,alphabetical_answer_think,217,-1.72,-0.4,0.4,1,Sound Reasoning
llama3_8b,alphabetical_answer_think,227,-1.72,-0.4,0.4,1,Sound Reasoning
llama3_8b,alphabetical_answer_think,223,-1.72,-0.4,0.4,1,Sound Reasoning
llama3_8b,alphabetical_answer_think,220,-1.72,-0.4,-0.4,0,Coherent Hallucination
llama3_8b,alphabetical_answer_think,221,-1.72,-0.4,0.4,1,Sound Reasoning
llama3_8b,alphabetical_answer_think,228,-1.72,-0.4,-0.4,0,Contradictory Reasoning
llama3_8b,alphabetical_answer_think,222,-1.72,-0.4,-0.4,0,Sound Reasoning
llama3_8b,alphabetical_answer_think,219,-1.72,-0.4,0.4,1,Coherent Hallucination
llama3_8b,alphabetical_answer_think,224,-1.72,-0.4,-0.4,0,Contradictory Reasoning
llama3_8b,alphabetical_answer_think,226,-1.72,-0.4,-0.4,0,Contradictory Reasoning
llama3_8b,alphabetical_answer_think,231,-1.72,-0.4,0.4,1,Sound Reasoning
llama3_8b,alphabetical_answer_think,225,-1.72,-0.4,0.4,1,Coherent Hallucination
llama3_8b,alphabetical_answer_think,229,-1.72,-0.4,0.4,1,Sound Reasoning
llama3_8b,alphabetical_answer_think,230,-1.72,-0.4,-0.4,0,Coherent Hallucination
llama3_8b,alphabetical_answer_think,232,-1.72,-0.4,-0.4,0,Coherent Hallucination
llama3_8b,alphabetical_answer_think,233,-1.72,-0.4,0.4,1,Coherent Hallucination
llama3_8b,alphabetical_answer_think,236,-1.72,-0.4,-0.4,0,Coherent Hallucination
llama3_8b,alphabetical_answer_think,234,-1.72,-0.4,-0.4,0,Contradictory Reasoning
llama3_8b,alphabetical_answer_think,235,-1.72,-0.4,0.4,1,Coherent Hallucination
llama3_8b,alphabetical_answer_think,199,-1.72,-0.4,0.4,1,Coherent Hallucination
llama3_8b,alphabetical_answer_think,239,-1.72,-0.4,0.4,1,Sound Reasoning
llama3_8b,alphabetical_answer_think,237,-1.72,-0.4,0.4,1,Sound Reasoning
llama3_8b,alphabetical_answer_think,243,-0.86,-0.2,0.2,1,Sound Reasoning
llama3_8b,alphabetical_answer_think,247,-0.86,-0.2,0.2,1,Coherent Hallucination
llama3_8b,alphabetical_answer_think,238,-1.72,-0.4,-0.4,0,Coherent Hallucination
llama3_8b,alphabetical_answer_think,250,-0.86,-0.2,-0.2,0,Incoherent Hallucination
llama3_8b,alphabetical_answer_think,242,-0.86,-0.2,-0.2,0,Incoherent Hallucination
llama3_8b,alphabetical_answer_think,240,-0.86,-0.2,-0.2,0,Coherent Hallucination
llama3_8b,alphabetical_answer_think,251,-0.86,-0.2,0.2,1,Coherent Hallucination
llama3_8b,alphabetical_answer_think,244,-0.86,-0.2,-0.2,0,Incoherent Hallucination
llama3_8b,alphabetical_answer_think,241,-0.86,-0.2,0.2,1,Coherent Hallucination
llama3_8b,alphabetical_answer_think,245,-0.86,-0.2,0.2,1,Incoherent Hallucination
llama3_8b,alphabetical_answer_think,246,-0.86,-0.2,-0.2,0,Coherent Hallucination
llama3_8b,alphabetical_answer_think,248,-0.86,-0.2,-0.2,0,Coherent Hallucination
llama3_8b,alphabetical_answer_think,253,-0.86,-0.2,0.2,1,Sound Reasoning
llama3_8b,alphabetical_answer_think,249,-0.86,-0.2,0.2,1,Coherent Hallucination
llama3_8b,alphabetical_answer_think,252,-0.86,-0.2,-0.2,0,Coherent Hallucination
llama3_8b,alphabetical_answer_think,256,-0.86,-0.2,-0.2,0,Contradictory Reasoning
llama3_8b,alphabetical_answer_think,255,-0.86,-0.2,0.2,1,Incoherent Hallucination
llama3_8b,alphabetical_answer_think,254,-0.86,-0.2,-0.2,0,Coherent Hallucination
llama3_8b,alphabetical_answer_think,261,-0.86,-0.2,0.2,1,Coherent Hallucination
llama3_8b,alphabetical_answer_think,257,-0.86,-0.2,0.2,1,Sound Reasoning
llama3_8b,alphabetical_answer_think,260,-0.86,-0.2,-0.2,0,Ambiguous/Mixed
llama3_8b,alphabetical_answer_think,258,-0.86,-0.2,-0.2,0,Incoherent Hallucination
llama3_8b,alphabetical_answer_think,259,-0.86,-0.2,0.2,1,Sound Reasoning
llama3_8b,alphabetical_answer_think,264,-0.86,-0.2,-0.2,0,Coherent Hallucination
llama3_8b,alphabetical_answer_think,263,-0.86,-0.2,0.2,1,Sound Reasoning
llama3_8b,alphabetical_answer_think,267,-0.86,-0.2,0.2,1,Coherent Hallucination
llama3_8b,alphabetical_answer_think,266,-0.86,-0.2,-0.2,0,Coherent Hallucination
llama3_8b,alphabetical_answer_think,271,-0.86,-0.2,0.2,1,Sound Reasoning
llama3_8b,alphabetical_answer_think,265,-0.86,-0.2,0.2,1,Incoherent Hallucination
llama3_8b,alphabetical_answer_think,262,-0.86,-0.2,-0.2,0,Coherent Hallucination
llama3_8b,alphabetical_answer_think,272,-0.86,-0.2,0.2,1,Coherent Hallucination
llama3_8b,alphabetical_answer_think,270,-0.86,-0.2,-0.2,0,Incoherent Hallucination
llama3_8b,alphabetical_answer_think,269,-0.86,-0.2,0.2,1,Coherent Hallucination
llama3_8b,alphabetical_answer_think,275,-0.86,-0.2,0.2,1,Sound Reasoning
llama3_8b,alphabetical_answer_think,278,-0.86,-0.2,-0.2,0,Contradictory Reasoning
llama3_8b,alphabetical_answer_think,268,-0.86,-0.2,-0.2,0,Coherent Hallucination
llama3_8b,alphabetical_answer_think,279,-0.86,-0.2,0.2,1,Sound Reasoning
llama3_8b,alphabetical_answer_think,277,-0.86,-0.2,0.2,1,Sound Reasoning
llama3_8b,alphabetical_answer_think,276,-0.86,-0.2,-0.2,0,Contradictory Reasoning
llama3_8b,alphabetical_answer_think,280,-0.86,-0.2,-0.2,0,Coherent Hallucination
llama3_8b,alphabetical_answer_think,273,-0.86,-0.2,-0.2,0,Coherent Hallucination
llama3_8b,alphabetical_answer_think,285,-0.86,-0.2,0.2,1,Sound Reasoning
llama3_8b,alphabetical_answer_think,283,-0.86,-0.2,0.2,1,Sound Reasoning
llama3_8b,alphabetical_answer_think,274,-0.86,-0.2,-0.2,0,Coherent Hallucination
llama3_8b,alphabetical_answer_think,281,-0.86,-0.2,0.2,1,Sound Reasoning
llama3_8b,alphabetical_answer_think,282,-0.86,-0.2,-0.2,0,Contradictory Reasoning
llama3_8b,alphabetical_answer_think,284,-0.86,-0.2,-0.2,0,Sound Reasoning
llama3_8b,alphabetical_answer_think,290,-0.86,-0.2,-0.2,0,Contradictory Reasoning
llama3_8b,alphabetical_answer_think,289,-0.86,-0.2,0.2,1,Sound Reasoning
llama3_8b,alphabetical_answer_think,286,-0.86,-0.2,-0.2,0,Coherent Hallucination
llama3_8b,alphabetical_answer_think,287,-0.86,-0.2,0.2,1,Sound Reasoning
llama3_8b,alphabetical_answer_think,300,0.0,0.0,0.0,1,Sound Reasoning
llama3_8b,alphabetical_answer_think,291,-0.86,-0.2,0.2,1,Sound Reasoning
llama3_8b,alphabetical_answer_think,292,-0.86,-0.2,-0.2,0,Coherent Hallucination
llama3_8b,alphabetical_answer_think,293,-0.86,-0.2,0.2,1,Coherent Hallucination
llama3_8b,alphabetical_answer_think,288,-0.86,-0.2,-0.2,0,Sound Reasoning
llama3_8b,alphabetical_answer_think,298,-0.86,-0.2,-0.2,0,Coherent Hallucination
llama3_8b,alphabetical_answer_think,295,-0.86,-0.2,0.2,1,Coherent Hallucination
llama3_8b,alphabetical_answer_think,297,-0.86,-0.2,0.2,1,Coherent Hallucination
llama3_8b,alphabetical_answer_think,296,-0.86,-0.2,-0.2,0,Coherent Hallucination
llama3_8b,alphabetical_answer_think,294,-0.86,-0.2,-0.2,0,Coherent Hallucination
llama3_8b,alphabetical_answer_think,306,0.0,0.0,0.0,1,Sound Reasoning
llama3_8b,alphabetical_answer_think,302,0.0,0.0,0.0,1,Sound Reasoning
llama3_8b,alphabetical_answer_think,301,0.0,0.0,-0.0,0,Coherent Hallucination
llama3_8b,alphabetical_answer_think,299,-0.86,-0.2,0.2,1,Sound Reasoning
llama3_8b,alphabetical_answer_think,308,0.0,0.0,0.0,1,Sound Reasoning
llama3_8b,alphabetical_answer_think,309,0.0,0.0,-0.0,0,Coherent Hallucination
llama3_8b,alphabetical_answer_think,305,0.0,0.0,-0.0,1,Coherent Hallucination
llama3_8b,alphabetical_answer_think,304,0.0,0.0,0.0,1,Sound Reasoning
llama3_8b,alphabetical_answer_think,307,0.0,0.0,-0.0,0,Coherent Hallucination
llama3_8b,alphabetical_answer_think,303,0.0,0.0,-0.0,0,Coherent Hallucination
llama3_8b,alphabetical_answer_think,311,0.0,0.0,-0.0,0,Coherent Hallucination
llama3_8b,alphabetical_answer_think,312,0.0,0.0,0.0,0,Coherent Hallucination
llama3_8b,alphabetical_answer_think,313,0.0,0.0,-0.0,1,Sound Reasoning
llama3_8b,alphabetical_answer_think,310,0.0,0.0,0.0,1,Sound Reasoning
llama3_8b,alphabetical_answer_think,316,0.0,0.0,0.0,1,Sound Reasoning
llama3_8b,alphabetical_answer_think,314,0.0,0.0,0.0,1,Sound Reasoning
llama3_8b,alphabetical_answer_think,324,0.0,0.0,0.0,1,Sound Reasoning
llama3_8b,alphabetical_answer_think,322,0.0,0.0,0.0,1,Sound Reasoning
llama3_8b,alphabetical_answer_think,317,0.0,0.0,-0.0,0,Coherent Hallucination
llama3_8b,alphabetical_answer_think,321,0.0,0.0,-0.0,0,Coherent Hallucination
llama3_8b,alphabetical_answer_think,315,0.0,0.0,-0.0,0,Incoherent Hallucination
llama3_8b,alphabetical_answer_think,328,0.0,0.0,0.0,1,Sound Reasoning
llama3_8b,alphabetical_answer_think,318,0.0,0.0,0.0,1,Sound Reasoning
llama3_8b,alphabetical_answer_think,323,0.0,0.0,-0.0,0,Coherent Hallucination
llama3_8b,alphabetical_answer_think,320,0.0,0.0,0.0,1,Sound Reasoning
llama3_8b,alphabetical_answer_think,329,0.0,0.0,-0.0,0,Coherent Hallucination
llama3_8b,alphabetical_answer_think,325,0.0,0.0,-0.0,0,Coherent Hallucination
llama3_8b,alphabetical_answer_think,330,0.0,0.0,0.0,1,Sound Reasoning
llama3_8b,alphabetical_answer_think,326,0.0,0.0,0.0,1,Sound Reasoning
llama3_8b,alphabetical_answer_think,319,0.0,0.0,-0.0,1,Coherent Hallucination
llama3_8b,alphabetical_answer_think,327,0.0,0.0,-0.0,1,Coherent Hallucination
llama3_8b,alphabetical_answer_think,334,0.0,0.0,0.0,1,Sound Reasoning
llama3_8b,alphabetical_answer_think,337,0.0,0.0,-0.0,1,Sound Reasoning
llama3_8b,alphabetical_answer_think,335,0.0,0.0,-0.0,0,Coherent Hallucination
llama3_8b,alphabetical_answer_think,331,0.0,0.0,-0.0,0,Coherent Hallucination
llama3_8b,alphabetical_answer_think,333,0.0,0.0,0.0,1,Sound Reasoning
llama3_8b,alphabetical_answer_think,332,0.0,0.0,-0.0,0,Contradictory Reasoning
llama3_8b,alphabetical_answer_think,342,0.0,0.0,0.0,1,Sound Reasoning
llama3_8b,alphabetical_answer_think,339,0.0,0.0,-0.0,0,Contradictory Reasoning
llama3_8b,alphabetical_answer_think,336,0.0,0.0,0.0,1,Sound Reasoning
llama3_8b,alphabetical_answer_think,340,0.0,0.0,0.0,1,Sound Reasoning
llama3_8b,alphabetical_answer_think,341,0.0,0.0,-0.0,0,Coherent Hallucination
llama3_8b,alphabetical_answer_think,350,0.0,0.0,0.0,1,Sound Reasoning
llama3_8b,alphabetical_answer_think,348,0.0,0.0,0.0,1,Sound Reasoning
llama3_8b,alphabetical_answer_think,338,0.0,0.0,0.0,1,Sound Reasoning
llama3_8b,alphabetical_answer_think,345,0.0,0.0,-0.0,0,Coherent Hallucination
llama3_8b,alphabetical_answer_think,343,0.0,0.0,-0.0,0,Coherent Hallucination
llama3_8b,alphabetical_answer_think,346,0.0,0.0,0.0,1,Sound Reasoning
llama3_8b,alphabetical_answer_think,351,0.0,0.0,-0.0,0,Coherent Hallucination
llama3_8b,alphabetical_answer_think,349,0.0,0.0,-0.0,0,Coherent Hallucination
llama3_8b,alphabetical_answer_think,347,0.0,0.0,-0.0,0,Coherent Hallucination
llama3_8b,alphabetical_answer_think,355,0.0,0.0,-0.0,0,Coherent Hallucination
llama3_8b,alphabetical_answer_think,359,0.0,0.0,-0.0,0,Incoherent Hallucination
llama3_8b,alphabetical_answer_think,344,0.0,0.0,0.0,1,Sound Reasoning
llama3_8b,alphabetical_answer_think,352,0.0,0.0,0.0,1,Sound Reasoning
llama3_8b,alphabetical_answer_think,354,0.0,0.0,0.0,1,Sound Reasoning
llama3_8b,alphabetical_answer_think,356,0.0,0.0,0.0,0,Coherent Hallucination
llama3_8b,alphabetical_answer_think,353,0.0,0.0,-0.0,0,Sound Reasoning
llama3_8b,alphabetical_answer_think,364,0.34,0.2,0.2,1,Sound Reasoning
llama3_8b,alphabetical_answer_think,358,0.0,0.0,0.0,1,Sound Reasoning
llama3_8b,alphabetical_answer_think,362,0.34,0.2,0.2,1,Sound Reasoning
llama3_8b,alphabetical_answer_think,365,0.34,0.2,-0.2,0,Coherent Hallucination
llama3_8b,alphabetical_answer_think,357,0.0,0.0,-0.0,0,Coherent Hallucination
llama3_8b,alphabetical_answer_think,368,0.34,0.2,0.2,1,Sound Reasoning
llama3_8b,alphabetical_answer_think,360,0.34,0.2,0.2,1,Ambiguous/Mixed
llama3_8b,alphabetical_answer_think,367,0.34,0.2,-0.2,0,Coherent Hallucination
llama3_8b,alphabetical_answer_think,363,0.34,0.2,-0.2,0,Coherent Hallucination
llama3_8b,alphabetical_answer_think,366,0.34,0.2,0.2,1,Ambiguous/Mixed
llama3_8b,alphabetical_answer_think,361,0.34,0.2,-0.2,0,Coherent Hallucination
llama3_8b,alphabetical_answer_think,369,0.34,0.2,-0.2,0,Coherent Hallucination
llama3_8b,alphabetical_answer_think,374,0.34,0.2,0.2,1,Sound Reasoning
llama3_8b,alphabetical_answer_think,372,0.34,0.2,0.2,1,Sound Reasoning
llama3_8b,alphabetical_answer_think,376,0.34,0.2,0.2,1,Sound Reasoning
llama3_8b,alphabetical_answer_think,370,0.34,0.2,0.2,1,Sound Reasoning
llama3_8b,alphabetical_answer_think,379,0.34,0.2,-0.2,0,Coherent Hallucination
llama3_8b,alphabetical_answer_think,378,0.34,0.2,0.2,1,Sound Reasoning
llama3_8b,alphabetical_answer_think,380,0.34,0.2,0.2,1,Sound Reasoning
llama3_8b,alphabetical_answer_think,373,0.34,0.2,-0.2,0,Contradictory Reasoning
llama3_8b,alphabetical_answer_think,371,0.34,0.2,-0.2,0,Coherent Hallucination
llama3_8b,alphabetical_answer_think,381,0.34,0.2,-0.2,0,Coherent Hallucination
llama3_8b,alphabetical_answer_think,383,0.34,0.2,-0.2,0,Coherent Hallucination
llama3_8b,alphabetical_answer_think,388,0.34,0.2,0.2,1,Sound Reasoning
llama3_8b,alphabetical_answer_think,382,0.34,0.2,0.2,1,Sound Reasoning
llama3_8b,alphabetical_answer_think,384,0.34,0.2,0.2,1,Sound Reasoning
llama3_8b,alphabetical_answer_think,375,0.34,0.2,-0.2,0,Coherent Hallucination
llama3_8b,alphabetical_answer_think,377,0.34,0.2,-0.2,0,Coherent Hallucination
llama3_8b,alphabetical_answer_think,385,0.34,0.2,-0.2,0,Coherent Hallucination
llama3_8b,alphabetical_answer_think,386,0.34,0.2,0.2,1,Sound Reasoning
llama3_8b,alphabetical_answer_think,391,0.34,0.2,-0.2,0,Coherent Hallucination
llama3_8b,alphabetical_answer_think,390,0.34,0.2,0.2,1,Sound Reasoning
llama3_8b,alphabetical_answer_think,392,0.34,0.2,-0.2,0,Coherent Hallucination
llama3_8b,alphabetical_answer_think,389,0.34,0.2,-0.2,0,Coherent Hallucination
llama3_8b,alphabetical_answer_think,387,0.34,0.2,-0.2,0,Coherent Hallucination
llama3_8b,alphabetical_answer_think,393,0.34,0.2,0.2,1,Sound Reasoning
llama3_8b,alphabetical_answer_think,395,0.34,0.2,-0.2,0,Contradictory Reasoning
llama3_8b,alphabetical_answer_think,397,0.34,0.2,-0.2,0,Contradictory Reasoning
llama3_8b,alphabetical_answer_think,400,0.34,0.2,0.2,1,Sound Reasoning
llama3_8b,alphabetical_answer_think,402,0.34,0.2,0.2,1,Sound Reasoning
llama3_8b,alphabetical_answer_think,401,0.34,0.2,-0.2,0,Contradictory Reasoning
llama3_8b,alphabetical_answer_think,405,0.34,0.2,-0.2,0,Coherent Hallucination
llama3_8b,alphabetical_answer_think,396,0.34,0.2,0.2,1,Sound Reasoning
llama3_8b,alphabetical_answer_think,394,0.34,0.2,0.2,1,Sound Reasoning
llama3_8b,alphabetical_answer_think,404,0.34,0.2,0.2,1,Sound Reasoning
llama3_8b,alphabetical_answer_think,410,0.34,0.2,0.2,1,Sound Reasoning
llama3_8b,alphabetical_answer_think,403,0.34,0.2,-0.2,0,Coherent Hallucination
llama3_8b,alphabetical_answer_think,398,0.34,0.2,0.2,1,Sound Reasoning
llama3_8b,alphabetical_answer_think,399,0.34,0.2,-0.2,0,Coherent Hallucination
llama3_8b,alphabetical_answer_think,406,0.34,0.2,0.2,1,Sound Reasoning
llama3_8b,alphabetical_answer_think,408,0.34,0.2,0.2,1,Sound Reasoning
llama3_8b,alphabetical_answer_think,407,0.34,0.2,-0.2,0,Coherent Hallucination
llama3_8b,alphabetical_answer_think,412,0.34,0.2,0.2,1,Sound Reasoning
llama3_8b,alphabetical_answer_think,409,0.34,0.2,-0.2,0,Coherent Hallucination
llama3_8b,alphabetical_answer_think,416,0.34,0.2,0.2,1,Sound Reasoning
llama3_8b,alphabetical_answer_think,411,0.34,0.2,-0.2,0,Contradictory Reasoning
llama3_8b,alphabetical_answer_think,414,0.34,0.2,0.2,1,Sound Reasoning
llama3_8b,alphabetical_answer_think,417,0.34,0.2,-0.2,0,Coherent Hallucination
llama3_8b,alphabetical_answer_think,413,0.34,0.2,-0.2,0,Coherent Hallucination
llama3_8b,alphabetical_answer_think,415,0.34,0.2,-0.2,0,Coherent Hallucination
llama3_8b,alphabetical_answer_think,418,0.34,0.2,0.2,1,Sound Reasoning
llama3_8b,alphabetical_answer_think,420,0.68,0.4,0.4,1,Sound Reasoning
llama3_8b,alphabetical_answer_think,430,0.68,0.4,0.4,1,Sound Reasoning
llama3_8b,alphabetical_answer_think,423,0.68,0.4,-0.4,0,Contradictory Reasoning
llama3_8b,alphabetical_answer_think,422,0.68,0.4,0.4,1,Sound Reasoning
llama3_8b,alphabetical_answer_think,421,0.68,0.4,-0.4,0,Coherent Hallucination
llama3_8b,alphabetical_answer_think,426,0.68,0.4,0.4,1,Incoherent Hallucination
llama3_8b,alphabetical_answer_think,424,0.68,0.4,0.4,1,Sound Reasoning
llama3_8b,alphabetical_answer_think,419,0.34,0.2,-0.2,0,Contradictory Reasoning
llama3_8b,alphabetical_answer_think,427,0.68,0.4,-0.4,0,Coherent Hallucination
llama3_8b,alphabetical_answer_think,432,0.68,0.4,0.4,1,Sound Reasoning
llama3_8b,alphabetical_answer_think,425,0.68,0.4,-0.4,0,Coherent Hallucination
llama3_8b,alphabetical_answer_think,433,0.68,0.4,-0.4,0,Coherent Hallucination
llama3_8b,alphabetical_answer_think,431,0.68,0.4,-0.4,0,Coherent Hallucination
llama3_8b,alphabetical_answer_think,429,0.68,0.4,-0.4,0,Coherent Hallucination
llama3_8b,alphabetical_answer_think,435,0.68,0.4,-0.4,0,Coherent Hallucination
llama3_8b,alphabetical_answer_think,436,0.68,0.4,0.4,1,Coherent Hallucination
llama3_8b,alphabetical_answer_think,446,0.68,0.4,0.4,1,Sound Reasoning
llama3_8b,alphabetical_answer_think,428,0.68,0.4,0.4,1,Coherent Hallucination
llama3_8b,alphabetical_answer_think,440,0.68,0.4,0.4,1,Coherent Hallucination
llama3_8b,alphabetical_answer_think,437,0.68,0.4,-0.4,0,Coherent Hallucination
llama3_8b,alphabetical_answer_think,443,0.68,0.4,-0.4,0,Coherent Hallucination
llama3_8b,alphabetical_answer_think,434,0.68,0.4,0.4,1,Ambiguous/Mixed
llama3_8b,alphabetical_answer_think,445,0.68,0.4,-0.4,0,Coherent Hallucination
llama3_8b,alphabetical_answer_think,439,0.68,0.4,-0.4,0,Coherent Hallucination
llama3_8b,alphabetical_answer_think,442,0.68,0.4,0.4,1,Sound Reasoning
llama3_8b,alphabetical_answer_think,448,0.68,0.4,0.4,1,Incoherent Hallucination
llama3_8b,alphabetical_answer_think,441,0.68,0.4,-0.4,0,Coherent Hallucination
llama3_8b,alphabetical_answer_think,444,0.68,0.4,0.4,1,Sound Reasoning
llama3_8b,alphabetical_answer_think,450,0.68,0.4,0.4,1,Sound Reasoning
llama3_8b,alphabetical_answer_think,452,0.68,0.4,-0.4,0,Contradictory Reasoning
llama3_8b,alphabetical_answer_think,447,0.68,0.4,-0.4,0,Coherent Hallucination
llama3_8b,alphabetical_answer_think,451,0.68,0.4,-0.4,0,Sound Reasoning
llama3_8b,alphabetical_answer_think,438,0.68,0.4,0.4,1,Sound Reasoning
llama3_8b,alphabetical_answer_think,455,0.68,0.4,-0.4,0,Contradictory Reasoning
llama3_8b,alphabetical_answer_think,449,0.68,0.4,-0.4,0,Coherent Hallucination
llama3_8b,alphabetical_answer_think,454,0.68,0.4,0.4,1,Sound Reasoning
llama3_8b,alphabetical_answer_think,457,0.68,0.4,-0.4,0,Contradictory Reasoning
llama3_8b,alphabetical_answer_think,456,0.68,0.4,0.4,1,Sound Reasoning
llama3_8b,alphabetical_answer_think,460,0.68,0.4,0.4,1,Sound Reasoning
llama3_8b,alphabetical_answer_think,458,0.68,0.4,0.4,1,Sound Reasoning
llama3_8b,alphabetical_answer_think,453,0.68,0.4,0.4,1,Sound Reasoning
llama3_8b,alphabetical_answer_think,466,0.68,0.4,0.4,1,Sound Reasoning
llama3_8b,alphabetical_answer_think,462,0.68,0.4,0.4,1,Sound Reasoning
llama3_8b,alphabetical_answer_think,468,0.68,0.4,0.4,1,Sound Reasoning
llama3_8b,alphabetical_answer_think,472,0.68,0.4,0.4,1,Sound Reasoning
llama3_8b,alphabetical_answer_think,467,0.68,0.4,-0.4,0,Coherent Hallucination
llama3_8b,alphabetical_answer_think,465,0.68,0.4,-0.4,0,Coherent Hallucination
llama3_8b,alphabetical_answer_think,473,0.68,0.4,-0.4,0,Sound Reasoning
llama3_8b,alphabetical_answer_think,463,0.68,0.4,-0.4,0,Contradictory Reasoning
llama3_8b,alphabetical_answer_think,461,0.68,0.4,-0.4,0,Coherent Hallucination
llama3_8b,alphabetical_answer_think,469,0.68,0.4,-0.4,0,Coherent Hallucination
llama3_8b,alphabetical_answer_think,464,0.68,0.4,0.4,1,Sound Reasoning
llama3_8b,alphabetical_answer_think,471,0.68,0.4,-0.4,0,Coherent Hallucination
llama3_8b,alphabetical_answer_think,470,0.68,0.4,0.4,1,Sound Reasoning
llama3_8b,alphabetical_answer_think,476,0.68,0.4,0.4,1,Sound Reasoning
llama3_8b,alphabetical_answer_think,474,0.68,0.4,0.4,1,Sound Reasoning
llama3_8b,alphabetical_answer_think,459,0.68,0.4,-0.4,0,Coherent Hallucination
llama3_8b,alphabetical_answer_think,478,0.68,0.4,0.4,1,Sound Reasoning
llama3_8b,alphabetical_answer_think,484,1.02,0.6,0.6,1,Sound Reasoning
llama3_8b,alphabetical_answer_think,475,0.68,0.4,-0.4,0,Incoherent Hallucination
llama3_8b,alphabetical_answer_think,487,1.02,0.6,-0.6,0,Coherent Hallucination
llama3_8b,alphabetical_answer_think,481,1.02,0.6,-0.6,0,Coherent Hallucination
llama3_8b,alphabetical_answer_think,483,1.02,0.6,-0.6,0,Coherent Hallucination
llama3_8b,alphabetical_answer_think,482,1.02,0.6,0.6,1,Sound Reasoning
llama3_8b,alphabetical_answer_think,479,0.68,0.4,-0.4,0,Incoherent Hallucination
llama3_8b,alphabetical_answer_think,486,1.02,0.6,0.6,1,Sound Reasoning
llama3_8b,alphabetical_answer_think,477,0.68,0.4,-0.4,0,Coherent Hallucination
llama3_8b,alphabetical_answer_think,485,1.02,0.6,-0.6,0,Contradictory Reasoning
llama3_8b,alphabetical_answer_think,488,1.02,0.6,0.6,1,Sound Reasoning
llama3_8b,alphabetical_answer_think,480,1.02,0.6,0.6,1,Incoherent Hallucination
llama3_8b,alphabetical_answer_think,490,1.02,0.6,0.6,1,Sound Reasoning
llama3_8b,alphabetical_answer_think,491,1.02,0.6,-0.6,0,Coherent Hallucination
llama3_8b,alphabetical_answer_think,495,1.02,0.6,-0.6,0,Coherent Hallucination
llama3_8b,alphabetical_answer_think,489,1.02,0.6,-0.6,0,Coherent Hallucination
llama3_8b,alphabetical_answer_think,493,1.02,0.6,-0.6,0,Contradictory Reasoning
llama3_8b,alphabetical_answer_think,492,1.02,0.6,0.6,1,Coherent Hallucination
llama3_8b,alphabetical_answer_think,496,1.02,0.6,0.6,1,Sound Reasoning
llama3_8b,alphabetical_answer_think,501,1.02,0.6,-0.6,0,Coherent Hallucination
llama3_8b,alphabetical_answer_think,500,1.02,0.6,0.6,1,Sound Reasoning
llama3_8b,alphabetical_answer_think,494,1.02,0.6,0.6,1,Coherent Hallucination
llama3_8b,alphabetical_answer_think,498,1.02,0.6,0.6,1,Sound Reasoning
llama3_8b,alphabetical_answer_think,505,1.02,0.6,-0.6,0,Coherent Hallucination
llama3_8b,alphabetical_answer_think,497,1.02,0.6,-0.6,0,Coherent Hallucination
llama3_8b,alphabetical_answer_think,506,1.02,0.6,0.6,1,Sound Reasoning
llama3_8b,alphabetical_answer_think,504,1.02,0.6,0.6,1,Sound Reasoning
llama3_8b,alphabetical_answer_think,499,1.02,0.6,-0.6,0,Coherent Hallucination
llama3_8b,alphabetical_answer_think,503,1.02,0.6,-0.6,0,Coherent Hallucination
llama3_8b,alphabetical_answer_think,507,1.02,0.6,-0.6,0,Incoherent Hallucination
llama3_8b,alphabetical_answer_think,502,1.02,0.6,0.6,1,Coherent Hallucination
llama3_8b,alphabetical_answer_think,511,1.02,0.6,-0.6,0,Contradictory Reasoning
llama3_8b,alphabetical_answer_think,509,1.02,0.6,-0.6,0,Coherent Hallucination
llama3_8b,alphabetical_answer_think,512,1.02,0.6,-0.6,0,Incoherent Hallucination
llama3_8b,alphabetical_answer_think,508,1.02,0.6,0.6,1,Contradictory Reasoning
llama3_8b,alphabetical_answer_think,514,1.02,0.6,0.6,1,Sound Reasoning
llama3_8b,alphabetical_answer_think,510,1.02,0.6,0.6,1,Sound Reasoning
llama3_8b,alphabetical_answer_think,518,1.02,0.6,0.6,1,Sound Reasoning
llama3_8b,alphabetical_answer_think,516,1.02,0.6,0.6,1,Sound Reasoning
llama3_8b,alphabetical_answer_think,515,1.02,0.6,-0.6,0,Contradictory Reasoning
llama3_8b,alphabetical_answer_think,513,1.02,0.6,0.6,1,Sound Reasoning
llama3_8b,alphabetical_answer_think,517,1.02,0.6,-0.6,0,Incoherent Hallucination
llama3_8b,alphabetical_answer_think,520,1.02,0.6,0.6,1,Sound Reasoning
llama3_8b,alphabetical_answer_think,519,1.02,0.6,-0.6,0,Incoherent Hallucination
llama3_8b,alphabetical_answer_think,522,1.02,0.6,0.6,1,Sound Reasoning
llama3_8b,alphabetical_answer_think,527,1.02,0.6,-0.6,0,Coherent Hallucination
llama3_8b,alphabetical_answer_think,525,1.02,0.6,-0.6,0,Incoherent Hallucination
llama3_8b,alphabetical_answer_think,521,1.02,0.6,-0.6,0,Incoherent Hallucination
llama3_8b,alphabetical_answer_think,524,1.02,0.6,0.6,1,Sound Reasoning
llama3_8b,alphabetical_answer_think,526,1.02,0.6,0.6,1,Sound Reasoning
llama3_8b,alphabetical_answer_think,528,1.02,0.6,0.6,1,Sound Reasoning
llama3_8b,alphabetical_answer_think,529,1.02,0.6,-0.6,0,Coherent Hallucination
llama3_8b,alphabetical_answer_think,523,1.02,0.6,-0.6,0,Coherent Hallucination
llama3_8b,alphabetical_answer_think,536,1.02,0.6,0.6,1,Sound Reasoning
llama3_8b,alphabetical_answer_think,531,1.02,0.6,-0.6,0,Contradictory Reasoning
llama3_8b,alphabetical_answer_think,535,1.02,0.6,-0.6,0,Contradictory Reasoning
llama3_8b,alphabetical_answer_think,537,1.02,0.6,-0.6,0,Coherent Hallucination
llama3_8b,alphabetical_answer_think,534,1.02,0.6,0.6,1,Sound Reasoning
llama3_8b,alphabetical_answer_think,538,1.02,0.6,0.6,1,Sound Reasoning
llama3_8b,alphabetical_answer_think,533,1.02,0.6,-0.6,0,Coherent Hallucination
llama3_8b,alphabetical_answer_think,530,1.02,0.6,0.6,1,Sound Reasoning
llama3_8b,alphabetical_answer_think,540,1.36,0.8,0.8,1,Incoherent Hallucination
llama3_8b,alphabetical_answer_think,539,1.02,0.6,-0.6,0,Incoherent Hallucination
llama3_8b,alphabetical_answer_think,544,1.36,0.8,0.8,1,Sound Reasoning
llama3_8b,alphabetical_answer_think,542,1.36,0.8,0.8,1,Sound Reasoning
llama3_8b,alphabetical_answer_think,532,1.02,0.6,0.6,1,Sound Reasoning
llama3_8b,alphabetical_answer_think,541,1.36,0.8,-0.8,0,Coherent Hallucination
llama3_8b,alphabetical_answer_think,543,1.36,0.8,-0.8,0,Coherent Hallucination
llama3_8b,alphabetical_answer_think,545,1.36,0.8,-0.8,0,Incoherent Hallucination
llama3_8b,alphabetical_answer_think,549,1.36,0.8,-0.8,0,Coherent Hallucination
llama3_8b,alphabetical_answer_think,546,1.36,0.8,0.8,1,Sound Reasoning
llama3_8b,alphabetical_answer_think,553,1.36,0.8,-0.8,0,Incoherent Hallucination
llama3_8b,alphabetical_answer_think,554,1.36,0.8,0.8,1,Sound Reasoning
llama3_8b,alphabetical_answer_think,552,1.36,0.8,0.8,1,Sound Reasoning
llama3_8b,alphabetical_answer_think,548,1.36,0.8,0.8,1,Ambiguous/Mixed
llama3_8b,alphabetical_answer_think,547,1.36,0.8,-0.8,0,Coherent Hallucination
llama3_8b,alphabetical_answer_think,551,1.36,0.8,-0.8,0,Coherent Hallucination
llama3_8b,alphabetical_answer_think,555,1.36,0.8,-0.8,0,Coherent Hallucination
llama3_8b,alphabetical_answer_think,556,1.36,0.8,0.8,1,Coherent Hallucination
llama3_8b,alphabetical_answer_think,560,1.36,0.8,0.8,1,Sound Reasoning
llama3_8b,alphabetical_answer_think,557,1.36,0.8,-0.8,0,Coherent Hallucination
llama3_8b,alphabetical_answer_think,562,1.36,0.8,0.8,1,Ambiguous/Mixed
llama3_8b,alphabetical_answer_think,550,1.36,0.8,0.8,1,Ambiguous/Mixed
llama3_8b,alphabetical_answer_think,561,1.36,0.8,-0.8,0,Coherent Hallucination
llama3_8b,alphabetical_answer_think,559,1.36,0.8,-0.8,0,Coherent Hallucination
llama3_8b,alphabetical_answer_think,558,1.36,0.8,0.8,1,Sound Reasoning
llama3_8b,alphabetical_answer_think,565,1.36,0.8,-0.8,0,Coherent Hallucination
llama3_8b,alphabetical_answer_think,570,1.36,0.8,0.8,1,Sound Reasoning
llama3_8b,alphabetical_answer_think,563,1.36,0.8,-0.8,0,Coherent Hallucination
llama3_8b,alphabetical_answer_think,567,1.36,0.8,-0.8,0,Coherent Hallucination
llama3_8b,alphabetical_answer_think,569,1.36,0.8,-0.8,0,Coherent Hallucination
llama3_8b,alphabetical_answer_think,564,1.36,0.8,0.8,1,Coherent Hallucination
llama3_8b,alphabetical_answer_think,572,1.36,0.8,-0.8,0,Contradictory Reasoning
llama3_8b,alphabetical_answer_think,568,1.36,0.8,0.8,1,Contradictory Reasoning
llama3_8b,alphabetical_answer_think,576,1.36,0.8,0.8,1,Sound Reasoning
llama3_8b,alphabetical_answer_think,571,1.36,0.8,-0.8,0,Contradictory Reasoning
llama3_8b,alphabetical_answer_think,566,1.36,0.8,0.8,1,Incoherent Hallucination
llama3_8b,alphabetical_answer_think,580,1.36,0.8,0.8,1,Sound Reasoning
llama3_8b,alphabetical_answer_think,574,1.36,0.8,0.8,1,Sound Reasoning
llama3_8b,alphabetical_answer_think,573,1.36,0.8,0.8,1,Sound Reasoning
llama3_8b,alphabetical_answer_think,584,1.36,0.8,0.8,1,Sound Reasoning
llama3_8b,alphabetical_answer_think,575,1.36,0.8,-0.8,0,Coherent Hallucination
llama3_8b,alphabetical_answer_think,581,1.36,0.8,-0.8,0,Coherent Hallucination
llama3_8b,alphabetical_answer_think,582,1.36,0.8,0.8,1,Sound Reasoning
llama3_8b,alphabetical_answer_think,585,1.36,0.8,-0.8,0,Coherent Hallucination
llama3_8b,alphabetical_answer_think,588,1.36,0.8,0.8,1,Sound Reasoning
llama3_8b,alphabetical_answer_think,579,1.36,0.8,-0.8,0,Coherent Hallucination
llama3_8b,alphabetical_answer_think,577,1.36,0.8,-0.8,0,Coherent Hallucination
llama3_8b,alphabetical_answer_think,578,1.36,0.8,0.8,1,Sound Reasoning
llama3_8b,alphabetical_answer_think,583,1.36,0.8,-0.8,0,Coherent Hallucination
llama3_8b,alphabetical_answer_think,590,1.36,0.8,0.8,1,Sound Reasoning
llama3_8b,alphabetical_answer_think,587,1.36,0.8,-0.8,0,Coherent Hallucination
llama3_8b,alphabetical_answer_think,591,1.36,0.8,-0.8,0,Coherent Hallucination
llama3_8b,alphabetical_answer_think,592,1.36,0.8,0.8,1,Sound Reasoning
llama3_8b,alphabetical_answer_think,589,1.36,0.8,-0.8,0,Coherent Hallucination
llama3_8b,alphabetical_answer_think,598,1.36,0.8,0.8,1,Sound Reasoning
llama3_8b,alphabetical_answer_think,586,1.36,0.8,0.8,1,Sound Reasoning
llama3_8b,alphabetical_answer_think,594,1.36,0.8,0.8,1,Sound Reasoning
llama3_8b,alphabetical_answer_think,593,1.36,0.8,-0.8,0,Sound Reasoning
llama3_8b,alphabetical_answer_think,596,1.36,0.8,0.8,1,Sound Reasoning
llama3_8b,alphabetical_answer_think,599,1.36,0.8,-0.8,0,Coherent Hallucination
llama3_8b,alphabetical_answer_think,595,1.36,0.8,-0.8,0,Coherent Hallucination
llama3_8b,alphabetical_answer_think,600,1.7,1.0,1.0,1,Ambiguous/Mixed
llama3_8b,alphabetical_answer_think,597,1.36,0.8,-0.8,0,Coherent Hallucination
llama3_8b,alphabetical_answer_think,602,1.7,1.0,1.0,1,Sound Reasoning
llama3_8b,alphabetical_answer_think,604,1.7,1.0,1.0,1,Sound Reasoning
llama3_8b,alphabetical_answer_think,607,1.7,1.0,-1.0,0,Sound Reasoning
llama3_8b,alphabetical_answer_think,610,1.7,1.0,1.0,1,Sound Reasoning
llama3_8b,alphabetical_answer_think,608,1.7,1.0,1.0,1,Sound Reasoning
llama3_8b,alphabetical_answer_think,609,1.7,1.0,-1.0,0,Coherent Hallucination
llama3_8b,alphabetical_answer_think,606,1.7,1.0,1.0,1,Ambiguous/Mixed
llama3_8b,alphabetical_answer_think,618,1.7,1.0,1.0,1,Sound Reasoning
llama3_8b,alphabetical_answer_think,605,1.7,1.0,-1.0,0,Coherent Hallucination
llama3_8b,alphabetical_answer_think,601,1.7,1.0,-1.0,0,Contradictory Reasoning
llama3_8b,alphabetical_answer_think,611,1.7,1.0,-1.0,0,Coherent Hallucination
llama3_8b,alphabetical_answer_think,614,1.7,1.0,1.0,1,Ambiguous/Mixed
llama3_8b,alphabetical_answer_think,615,1.7,1.0,-1.0,0,Coherent Hallucination
llama3_8b,alphabetical_answer_think,612,1.7,1.0,1.0,1,Coherent Hallucination
llama3_8b,alphabetical_answer_think,613,1.7,1.0,-1.0,0,Coherent Hallucination
llama3_8b,alphabetical_answer_think,616,1.7,1.0,1.0,1,Sound Reasoning
llama3_8b,alphabetical_answer_think,617,1.7,1.0,-1.0,0,Coherent Hallucination
llama3_8b,alphabetical_answer_think,622,1.7,1.0,1.0,1,Sound Reasoning
llama3_8b,alphabetical_answer_think,621,1.7,1.0,-1.0,0,Ambiguous/Mixed
llama3_8b,alphabetical_answer_think,619,1.7,1.0,-1.0,0,Coherent Hallucination
llama3_8b,alphabetical_answer_think,628,1.7,1.0,1.0,1,Coherent Hallucination
llama3_8b,alphabetical_answer_think,623,1.7,1.0,-1.0,0,Incoherent Hallucination
llama3_8b,alphabetical_answer_think,620,1.7,1.0,1.0,1,Coherent Hallucination
llama3_8b,alphabetical_answer_think,624,1.7,1.0,1.0,1,Sound Reasoning
llama3_8b,alphabetical_answer_think,632,1.7,1.0,-1.0,0,Coherent Hallucination
llama3_8b,alphabetical_answer_think,631,1.7,1.0,-1.0,0,Coherent Hallucination
llama3_8b,alphabetical_answer_think,634,1.7,1.0,1.0,1,Sound Reasoning
llama3_8b,alphabetical_answer_think,626,1.7,1.0,1.0,1,Sound Reasoning
llama3_8b,alphabetical_answer_think,625,1.7,1.0,-1.0,0,Coherent Hallucination
llama3_8b,alphabetical_answer_think,630,1.7,1.0,1.0,1,Sound Reasoning
llama3_8b,alphabetical_answer_think,635,1.7,1.0,-1.0,0,Coherent Hallucination
llama3_8b,alphabetical_answer_think,636,1.7,1.0,1.0,1,Sound Reasoning
llama3_8b,alphabetical_answer_think,633,1.7,1.0,1.0,1,Sound Reasoning
llama3_8b,alphabetical_answer_think,629,1.7,1.0,-1.0,0,Coherent Hallucination
llama3_8b,alphabetical_answer_think,638,1.7,1.0,1.0,1,Sound Reasoning
llama3_8b,alphabetical_answer_think,639,1.7,1.0,-1.0,0,Coherent Hallucination
llama3_8b,alphabetical_answer_think,603,1.7,1.0,-1.0,0,Coherent Hallucination
llama3_8b,alphabetical_answer_think,637,1.7,1.0,-1.0,0,Coherent Hallucination
llama3_8b,alphabetical_answer_think,643,1.7,1.0,-1.0,0,Coherent Hallucination
llama3_8b,alphabetical_answer_think,646,1.7,1.0,1.0,1,Sound Reasoning
llama3_8b,alphabetical_answer_think,640,1.7,1.0,1.0,1,Sound Reasoning
llama3_8b,alphabetical_answer_think,647,1.7,1.0,-1.0,0,Coherent Hallucination
llama3_8b,alphabetical_answer_think,627,1.7,1.0,-1.0,0,Sound Reasoning
llama3_8b,alphabetical_answer_think,645,1.7,1.0,-1.0,0,Contradictory Reasoning
llama3_8b,alphabetical_answer_think,644,1.7,1.0,1.0,1,Sound Reasoning
llama3_8b,alphabetical_answer_think,642,1.7,1.0,1.0,1,Sound Reasoning
llama3_8b,alphabetical_answer_think,652,1.7,1.0,1.0,1,Sound Reasoning
llama3_8b,alphabetical_answer_think,641,1.7,1.0,-1.0,0,Coherent Hallucination
llama3_8b,alphabetical_answer_think,650,1.7,1.0,1.0,1,Sound Reasoning
llama3_8b,alphabetical_answer_think,654,1.7,1.0,1.0,1,Sound Reasoning
llama3_8b,alphabetical_answer_think,648,1.7,1.0,1.0,1,Sound Reasoning
llama3_8b,alphabetical_answer_think,653,1.7,1.0,-1.0,0,Coherent Hallucination
llama3_8b,alphabetical_answer_think,651,1.7,1.0,-1.0,0,Contradictory Reasoning
llama3_8b,alphabetical_answer_think,658,1.7,1.0,1.0,1,Incoherent Hallucination
llama3_8b,alphabetical_answer_think,656,1.7,1.0,1.0,1,Sound Reasoning
llama3_8b,alphabetical_answer_think,655,1.7,1.0,-1.0,0,Incoherent Hallucination
llama3_8b,alphabetical_answer_think,649,1.7,1.0,-1.0,0,Coherent Hallucination
llama3_8b,alphabetical_answer_think,657,1.7,1.0,-1.0,0,Coherent Hallucination
llama3_8b,alphabetical_answer_think,659,1.7,1.0,-1.0,0,Incoherent Hallucination
mistral_7b,alphabetical_think_answer,7,-1.5,-1.0,1.0,1,Incoherent Hallucination
mistral_7b,alphabetical_think_answer,17,-1.5,-1.0,1.0,1,Incoherent Hallucination
mistral_7b,alphabetical_think_answer,19,-1.5,-1.0,1.0,1,Sound Reasoning
mistral_7b,alphabetical_think_answer,11,-1.5,-1.0,1.0,1,Incoherent Hallucination
mistral_7b,alphabetical_think_answer,12,-1.5,-1.0,-1.0,0,Contradictory Reasoning
mistral_7b,alphabetical_think_answer,18,-1.5,-1.0,-1.0,0,Contradictory Reasoning
mistral_7b,alphabetical_think_answer,2,-1.5,-1.0,-1.0,0,Ambiguous/Mixed
mistral_7b,alphabetical_think_answer,5,-1.5,-1.0,1.0,1,Incoherent Hallucination
mistral_7b,alphabetical_think_answer,0,-1.5,-1.0,-1.0,0,Contradictory Reasoning
mistral_7b,alphabetical_think_answer,8,-1.5,-1.0,-1.0,0,Contradictory Reasoning
mistral_7b,alphabetical_think_answer,3,-1.5,-1.0,1.0,1,Incoherent Hallucination
mistral_7b,alphabetical_think_answer,15,-1.5,-1.0,1.0,1,Incoherent Hallucination
mistral_7b,alphabetical_think_answer,13,-1.5,-1.0,1.0,1,Incoherent Hallucination
mistral_7b,alphabetical_think_answer,9,-1.5,-1.0,1.0,1,Incoherent Hallucination
mistral_7b,alphabetical_think_answer,6,-1.5,-1.0,-1.0,0,Contradictory Reasoning
mistral_7b,alphabetical_think_answer,4,-1.5,-1.0,-1.0,0,Contradictory Reasoning
mistral_7b,alphabetical_think_answer,1,-1.5,-1.0,1.0,1,Ambiguous/Mixed
mistral_7b,alphabetical_think_answer,14,-1.5,-1.0,-1.0,0,Contradictory Reasoning
mistral_7b,alphabetical_think_answer,10,-1.5,-1.0,-1.0,0,Contradictory Reasoning
mistral_7b,alphabetical_think_answer,16,-1.5,-1.0,-1.0,0,Contradictory Reasoning
mistral_7b,alphabetical_think_answer,25,-1.5,-1.0,1.0,0,Coherent Hallucination
mistral_7b,alphabetical_think_answer,23,-1.5,-1.0,1.0,1,Incoherent Hallucination
mistral_7b,alphabetical_think_answer,24,-1.5,-1.0,-1.0,0,Contradictory Reasoning
mistral_7b,alphabetical_think_answer,27,-1.5,-1.0,1.0,1,Incoherent Hallucination
mistral_7b,alphabetical_think_answer,22,-1.5,-1.0,-1.0,0,Contradictory Reasoning
mistral_7b,alphabetical_think_answer,26,-1.5,-1.0,-1.0,0,Contradictory Reasoning
mistral_7b,alphabetical_think_answer,20,-1.5,-1.0,-1.0,0,Contradictory Reasoning
mistral_7b,alphabetical_think_answer,35,-1.5,-1.0,1.0,1,Incoherent Hallucination
mistral_7b,alphabetical_think_answer,21,-1.5,-1.0,1.0,1,Incoherent Hallucination
mistral_7b,alphabetical_think_answer,33,-1.5,-1.0,-1.0,0,Incoherent Hallucination
mistral_7b,alphabetical_think_answer,31,-1.5,-1.0,1.0,1,Incoherent Hallucination
mistral_7b,alphabetical_think_answer,30,-1.5,-1.0,-1.0,0,Incoherent Hallucination
mistral_7b,alphabetical_think_answer,28,-1.5,-1.0,-1.0,0,Contradictory Reasoning
mistral_7b,alphabetical_think_answer,32,-1.5,-1.0,1.0,1,Incoherent Hallucination
mistral_7b,alphabetical_think_answer,37,-1.5,-1.0,1.0,1,Sound Reasoning
mistral_7b,alphabetical_think_answer,29,-1.5,-1.0,1.0,1,Incoherent Hallucination
mistral_7b,alphabetical_think_answer,39,-1.5,-1.0,1.0,1,Sound Reasoning
mistral_7b,alphabetical_think_answer,36,-1.5,-1.0,-1.0,0,Coherent Hallucination
mistral_7b,alphabetical_think_answer,38,-1.5,-1.0,-1.0,0,Contradictory Reasoning
mistral_7b,alphabetical_think_answer,34,-1.5,-1.0,-1.0,0,Incoherent Hallucination
mistral_7b,alphabetical_think_answer,40,-1.5,-1.0,-1.0,0,Contradictory Reasoning
mistral_7b,alphabetical_think_answer,46,-1.5,-1.0,-1.0,0,Contradictory Reasoning
mistral_7b,alphabetical_think_answer,41,-1.5,-1.0,1.0,1,Coherent Hallucination
mistral_7b,alphabetical_think_answer,42,-1.5,-1.0,-1.0,0,Contradictory Reasoning
mistral_7b,alphabetical_think_answer,47,-1.5,-1.0,1.0,1,Incoherent Hallucination
mistral_7b,alphabetical_think_answer,48,-1.5,-1.0,-1.0,0,Coherent Hallucination
mistral_7b,alphabetical_think_answer,45,-1.5,-1.0,1.0,1,Incoherent Hallucination
mistral_7b,alphabetical_think_answer,44,-1.5,-1.0,-1.0,0,Incoherent Hallucination
mistral_7b,alphabetical_think_answer,43,-1.5,-1.0,1.0,1,Incoherent Hallucination
mistral_7b,alphabetical_think_answer,51,-1.5,-1.0,1.0,1,Incoherent Hallucination
mistral_7b,alphabetical_think_answer,52,-1.5,-1.0,-1.0,0,Coherent Hallucination
mistral_7b,alphabetical_think_answer,50,-1.5,-1.0,-1.0,0,Incoherent Hallucination
mistral_7b,alphabetical_think_answer,49,-1.5,-1.0,1.0,1,Incoherent Hallucination
mistral_7b,alphabetical_think_answer,53,-1.5,-1.0,1.0,1,Incoherent Hallucination
mistral_7b,alphabetical_think_answer,55,-1.5,-1.0,1.0,1,Incoherent Hallucination
mistral_7b,alphabetical_think_answer,57,-1.5,-1.0,1.0,1,Incoherent Hallucination
mistral_7b,alphabetical_think_answer,63,-1.2,-0.8,0.8,1,Sound Reasoning
mistral_7b,alphabetical_think_answer,58,-1.5,-1.0,-1.0,0,Incoherent Hallucination
mistral_7b,alphabetical_think_answer,67,-1.2,-0.8,0.8,1,Sound Reasoning
mistral_7b,alphabetical_think_answer,61,-1.2,-0.8,0.8,1,Coherent Hallucination
mistral_7b,alphabetical_think_answer,60,-1.2,-0.8,-0.8,0,Contradictory Reasoning
mistral_7b,alphabetical_think_answer,64,-1.2,-0.8,-0.8,0,Contradictory Reasoning
mistral_7b,alphabetical_think_answer,68,-1.2,-0.8,-0.8,0,Contradictory Reasoning
mistral_7b,alphabetical_think_answer,66,-1.2,-0.8,-0.8,0,Contradictory Reasoning
mistral_7b,alphabetical_think_answer,62,-1.2,-0.8,-0.8,0,Contradictory Reasoning
mistral_7b,alphabetical_think_answer,56,-1.5,-1.0,-1.0,0,Contradictory Reasoning
mistral_7b,alphabetical_think_answer,59,-1.5,-1.0,1.0,1,Incoherent Hallucination
mistral_7b,alphabetical_think_answer,54,-1.5,-1.0,-1.0,0,Coherent Hallucination
mistral_7b,alphabetical_think_answer,70,-1.2,-0.8,-0.8,1,Sound Reasoning
mistral_7b,alphabetical_think_answer,69,-1.2,-0.8,0.8,1,Incoherent Hallucination
mistral_7b,alphabetical_think_answer,72,-1.2,-0.8,-0.8,0,Contradictory Reasoning
mistral_7b,alphabetical_think_answer,71,-1.2,-0.8,0.8,1,Coherent Hallucination
mistral_7b,alphabetical_think_answer,65,-1.2,-0.8,0.8,1,Sound Reasoning
mistral_7b,alphabetical_think_answer,74,-1.2,-0.8,-0.8,0,Contradictory Reasoning
mistral_7b,alphabetical_think_answer,75,-1.2,-0.8,0.8,1,Incoherent Hallucination
mistral_7b,alphabetical_think_answer,73,-1.2,-0.8,0.8,1,Incoherent Hallucination
mistral_7b,alphabetical_think_answer,76,-1.2,-0.8,-0.8,0,Contradictory Reasoning
mistral_7b,alphabetical_think_answer,85,-1.2,-0.8,0.8,1,Incoherent Hallucination
mistral_7b,alphabetical_think_answer,77,-1.2,-0.8,0.8,1,Incoherent Hallucination
mistral_7b,alphabetical_think_answer,78,-1.2,-0.8,-0.8,0,Contradictory Reasoning
mistral_7b,alphabetical_think_answer,83,-1.2,-0.8,0.8,1,Incoherent Hallucination
mistral_7b,alphabetical_think_answer,81,-1.2,-0.8,0.8,1,Incoherent Hallucination
mistral_7b,alphabetical_think_answer,79,-1.2,-0.8,0.8,1,Incoherent Hallucination
mistral_7b,alphabetical_think_answer,84,-1.2,-0.8,-0.8,0,Contradictory Reasoning
mistral_7b,alphabetical_think_answer,88,-1.2,-0.8,-0.8,0,Contradictory Reasoning
mistral_7b,alphabetical_think_answer,82,-1.2,-0.8,-0.8,0,Contradictory Reasoning
mistral_7b,alphabetical_think_answer,80,-1.2,-0.8,-0.8,0,Contradictory Reasoning
mistral_7b,alphabetical_think_answer,89,-1.2,-0.8,0.8,1,Incoherent Hallucination
mistral_7b,alphabetical_think_answer,86,-1.2,-0.8,-0.8,0,Contradictory Reasoning
mistral_7b,alphabetical_think_answer,87,-1.2,-0.8,0.8,1,Incoherent Hallucination
mistral_7b,alphabetical_think_answer,92,-1.2,-0.8,0.8,1,Incoherent Hallucination
mistral_7b,alphabetical_think_answer,90,-1.2,-0.8,-0.8,0,Incoherent Hallucination
mistral_7b,alphabetical_think_answer,93,-1.2,-0.8,-0.8,0,Contradictory Reasoning
mistral_7b,alphabetical_think_answer,95,-1.2,-0.8,0.8,1,Incoherent Hallucination
mistral_7b,alphabetical_think_answer,94,-1.2,-0.8,-0.8,0,Ambiguous/Mixed
mistral_7b,alphabetical_think_answer,91,-1.2,-0.8,0.8,1,Incoherent Hallucination
mistral_7b,alphabetical_think_answer,96,-1.2,-0.8,-0.8,0,Incoherent Hallucination
mistral_7b,alphabetical_think_answer,100,-1.2,-0.8,-0.8,0,Incoherent Hallucination
mistral_7b,alphabetical_think_answer,101,-1.2,-0.8,0.8,1,Coherent Hallucination
mistral_7b,alphabetical_think_answer,98,-1.2,-0.8,-0.8,0,Contradictory Reasoning
mistral_7b,alphabetical_think_answer,99,-1.2,-0.8,0.8,1,Incoherent Hallucination
mistral_7b,alphabetical_think_answer,97,-1.2,-0.8,0.8,1,Incoherent Hallucination
mistral_7b,alphabetical_think_answer,107,-1.2,-0.8,0.8,1,Incoherent Hallucination
mistral_7b,alphabetical_think_answer,108,-1.2,-0.8,-0.8,0,Incoherent Hallucination
mistral_7b,alphabetical_think_answer,109,-1.2,-0.8,0.8,1,Incoherent Hallucination
mistral_7b,alphabetical_think_answer,105,-1.2,-0.8,0.8,1,Incoherent Hallucination
mistral_7b,alphabetical_think_answer,103,-1.2,-0.8,0.8,1,Sound Reasoning
mistral_7b,alphabetical_think_answer,113,-1.2,-0.8,0.8,1,Contradictory Reasoning
mistral_7b,alphabetical_think_answer,102,-1.2,-0.8,-0.8,0,Incoherent Hallucination
mistral_7b,alphabetical_think_answer,106,-1.2,-0.8,-0.8,0,Coherent Hallucination
mistral_7b,alphabetical_think_answer,111,-1.2,-0.8,0.8,1,Incoherent Hallucination
mistral_7b,alphabetical_think_answer,104,-1.2,-0.8,-0.8,0,Coherent Hallucination
mistral_7b,alphabetical_think_answer,112,-1.2,-0.8,-0.8,0,Incoherent Hallucination
mistral_7b,alphabetical_think_answer,110,-1.2,-0.8,-0.8,0,Incoherent Hallucination
mistral_7b,alphabetical_think_answer,117,-1.2,-0.8,0.8,1,Incoherent Hallucination
mistral_7b,alphabetical_think_answer,114,-1.2,-0.8,-0.8,0,Coherent Hallucination
mistral_7b,alphabetical_think_answer,120,-0.9,-0.6,-0.6,1,Incoherent Hallucination
mistral_7b,alphabetical_think_answer,116,-1.2,-0.8,-0.8,0,Coherent Hallucination
mistral_7b,alphabetical_think_answer,115,-1.2,-0.8,0.8,1,Incoherent Hallucination
mistral_7b,alphabetical_think_answer,121,-0.9,-0.6,0.6,1,Incoherent Hallucination
mistral_7b,alphabetical_think_answer,124,-0.9,-0.6,-0.6,0,Contradictory Reasoning
mistral_7b,alphabetical_think_answer,119,-1.2,-0.8,0.8,1,Contradictory Reasoning
mistral_7b,alphabetical_think_answer,122,-0.9,-0.6,-0.6,1,Incoherent Hallucination
mistral_7b,alphabetical_think_answer,131,-0.9,-0.6,0.6,1,Incoherent Hallucination
mistral_7b,alphabetical_think_answer,127,-0.9,-0.6,0.6,0,Coherent Hallucination
mistral_7b,alphabetical_think_answer,126,-0.9,-0.6,-0.6,0,Contradictory Reasoning
mistral_7b,alphabetical_think_answer,118,-1.2,-0.8,-0.8,0,Incoherent Hallucination
mistral_7b,alphabetical_think_answer,129,-0.9,-0.6,0.6,1,Incoherent Hallucination
mistral_7b,alphabetical_think_answer,125,-0.9,-0.6,0.6,1,Incoherent Hallucination
mistral_7b,alphabetical_think_answer,128,-0.9,-0.6,-0.6,0,Contradictory Reasoning
mistral_7b,alphabetical_think_answer,130,-0.9,-0.6,-0.6,0,Contradictory Reasoning
mistral_7b,alphabetical_think_answer,123,-0.9,-0.6,0.6,1,Sound Reasoning
mistral_7b,alphabetical_think_answer,133,-0.9,-0.6,0.6,1,Incoherent Hallucination
mistral_7b,alphabetical_think_answer,132,-0.9,-0.6,-0.6,0,Contradictory Reasoning
mistral_7b,alphabetical_think_answer,138,-0.9,-0.6,-0.6,0,Contradictory Reasoning
mistral_7b,alphabetical_think_answer,143,-0.9,-0.6,0.6,1,Incoherent Hallucination
mistral_7b,alphabetical_think_answer,141,-0.9,-0.6,0.6,1,Incoherent Hallucination
mistral_7b,alphabetical_think_answer,134,-0.9,-0.6,-0.6,0,Contradictory Reasoning
mistral_7b,alphabetical_think_answer,137,-0.9,-0.6,0.6,1,Incoherent Hallucination
mistral_7b,alphabetical_think_answer,136,-0.9,-0.6,-0.6,1,Incoherent Hallucination
mistral_7b,alphabetical_think_answer,145,-0.9,-0.6,0.6,0,Contradictory Reasoning
mistral_7b,alphabetical_think_answer,144,-0.9,-0.6,-0.6,0,Contradictory Reasoning
mistral_7b,alphabetical_think_answer,140,-0.9,-0.6,-0.6,0,Contradictory Reasoning
mistral_7b,alphabetical_think_answer,147,-0.9,-0.6,0.6,0,Contradictory Reasoning
mistral_7b,alphabetical_think_answer,135,-0.9,-0.6,0.6,1,Sound Reasoning
mistral_7b,alphabetical_think_answer,148,-0.9,-0.6,-0.6,0,Contradictory Reasoning
mistral_7b,alphabetical_think_answer,139,-0.9,-0.6,0.6,1,Incoherent Hallucination
mistral_7b,alphabetical_think_answer,142,-0.9,-0.6,-0.6,0,Contradictory Reasoning
mistral_7b,alphabetical_think_answer,146,-0.9,-0.6,-0.6,0,Contradictory Reasoning
mistral_7b,alphabetical_think_answer,152,-0.9,-0.6,0.6,1,Incoherent Hallucination
mistral_7b,alphabetical_think_answer,154,-0.9,-0.6,-0.6,1,Incoherent Hallucination
mistral_7b,alphabetical_think_answer,149,-0.9,-0.6,0.6,0,Coherent Hallucination
mistral_7b,alphabetical_think_answer,150,-0.9,-0.6,-0.6,0,Coherent Hallucination
mistral_7b,alphabetical_think_answer,159,-0.9,-0.6,0.6,1,Incoherent Hallucination
mistral_7b,alphabetical_think_answer,151,-0.9,-0.6,0.6,1,Incoherent Hallucination
mistral_7b,alphabetical_think_answer,156,-0.9,-0.6,-0.6,0,Contradictory Reasoning
mistral_7b,alphabetical_think_answer,161,-0.9,-0.6,0.6,1,Incoherent Hallucination
mistral_7b,alphabetical_think_answer,157,-0.9,-0.6,0.6,1,Incoherent Hallucination
mistral_7b,alphabetical_think_answer,153,-0.9,-0.6,-0.6,0,Incoherent Hallucination
mistral_7b,alphabetical_think_answer,155,-0.9,-0.6,0.6,0,Incoherent Hallucination
mistral_7b,alphabetical_think_answer,164,-0.9,-0.6,-0.6,0,Contradictory Reasoning
mistral_7b,alphabetical_think_answer,158,-0.9,-0.6,-0.6,0,Contradictory Reasoning
mistral_7b,alphabetical_think_answer,167,-0.9,-0.6,0.6,1,Incoherent Hallucination
mistral_7b,alphabetical_think_answer,163,-0.9,-0.6,0.6,1,Incoherent Hallucination
mistral_7b,alphabetical_think_answer,166,-0.9,-0.6,-0.6,0,Incoherent Hallucination
mistral_7b,alphabetical_think_answer,162,-0.9,-0.6,-0.6,0,Incoherent Hallucination
mistral_7b,alphabetical_think_answer,168,-0.9,-0.6,-0.6,0,Coherent Hallucination
mistral_7b,alphabetical_think_answer,160,-0.9,-0.6,-0.6,0,Ambiguous/Mixed
mistral_7b,alphabetical_think_answer,169,-0.9,-0.6,0.6,1,Incoherent Hallucination
mistral_7b,alphabetical_think_answer,171,-0.9,-0.6,0.6,1,Incoherent Hallucination
mistral_7b,alphabetical_think_answer,172,-0.9,-0.6,-0.6,0,Coherent Hallucination
mistral_7b,alphabetical_think_answer,165,-0.9,-0.6,0.6,1,Contradictory Reasoning
mistral_7b,alphabetical_think_answer,173,-0.9,-0.6,0.6,1,Incoherent Hallucination
mistral_7b,alphabetical_think_answer,170,-0.9,-0.6,-0.6,0,Incoherent Hallucination
mistral_7b,alphabetical_think_answer,178,-0.9,-0.6,-0.6,0,Contradictory Reasoning
mistral_7b,alphabetical_think_answer,177,-0.9,-0.6,0.6,1,Sound Reasoning
mistral_7b,alphabetical_think_answer,175,-0.9,-0.6,0.6,1,Incoherent Hallucination
mistral_7b,alphabetical_think_answer,179,-0.9,-0.6,0.6,1,Incoherent Hallucination
mistral_7b,alphabetical_think_answer,180,-0.6,-0.4,-0.4,1,Sound Reasoning
mistral_7b,alphabetical_think_answer,182,-0.6,-0.4,-0.4,1,Sound Reasoning
mistral_7b,alphabetical_think_answer,174,-0.9,-0.6,-0.6,0,Coherent Hallucination
mistral_7b,alphabetical_think_answer,181,-0.6,-0.4,0.4,1,Sound Reasoning
mistral_7b,alphabetical_think_answer,176,-0.9,-0.6,-0.6,0,Contradictory Reasoning
mistral_7b,alphabetical_think_answer,184,-0.6,-0.4,-0.4,1,Sound Reasoning
mistral_7b,alphabetical_think_answer,186,-0.6,-0.4,-0.4,0,Contradictory Reasoning
mistral_7b,alphabetical_think_answer,188,-0.6,-0.4,-0.4,0,Contradictory Reasoning
mistral_7b,alphabetical_think_answer,185,-0.6,-0.4,0.4,1,Sound Reasoning
mistral_7b,alphabetical_think_answer,191,-0.6,-0.4,0.4,1,Incoherent Hallucination
mistral_7b,alphabetical_think_answer,192,-0.6,-0.4,-0.4,0,Contradictory Reasoning
mistral_7b,alphabetical_think_answer,193,-0.6,-0.4,0.4,0,Incoherent Hallucination
mistral_7b,alphabetical_think_answer,194,-0.6,-0.4,-0.4,1,Sound Reasoning
mistral_7b,alphabetical_think_answer,183,-0.6,-0.4,0.4,1,Coherent Hallucination
mistral_7b,alphabetical_think_answer,187,-0.6,-0.4,0.4,0,Coherent Hallucination
mistral_7b,alphabetical_think_answer,196,-0.6,-0.4,-0.4,1,Sound Reasoning
mistral_7b,alphabetical_think_answer,189,-0.6,-0.4,0.4,0,Coherent Hallucination
mistral_7b,alphabetical_think_answer,190,-0.6,-0.4,-0.4,1,Sound Reasoning
mistral_7b,alphabetical_think_answer,197,-0.6,-0.4,0.4,0,Coherent Hallucination
mistral_7b,alphabetical_think_answer,201,-0.6,-0.4,0.4,0,Coherent Hallucination
mistral_7b,alphabetical_think_answer,202,-0.6,-0.4,-0.4,1,Sound Reasoning
mistral_7b,alphabetical_think_answer,204,-0.6,-0.4,-0.4,1,Sound Reasoning
mistral_7b,alphabetical_think_answer,200,-0.6,-0.4,-0.4,0,Contradictory Reasoning
mistral_7b,alphabetical_think_answer,198,-0.6,-0.4,-0.4,0,Contradictory Reasoning
mistral_7b,alphabetical_think_answer,195,-0.6,-0.4,0.4,0,Coherent Hallucination
mistral_7b,alphabetical_think_answer,208,-0.6,-0.4,-0.4,1,Sound Reasoning
mistral_7b,alphabetical_think_answer,203,-0.6,-0.4,0.4,1,Incoherent Hallucination
mistral_7b,alphabetical_think_answer,199,-0.6,-0.4,0.4,1,Sound Reasoning
mistral_7b,alphabetical_think_answer,207,-0.6,-0.4,0.4,0,Incoherent Hallucination
mistral_7b,alphabetical_think_answer,214,-0.6,-0.4,-0.4,0,Contradictory Reasoning
mistral_7b,alphabetical_think_answer,205,-0.6,-0.4,0.4,0,Coherent Hallucination
mistral_7b,alphabetical_think_answer,206,-0.6,-0.4,-0.4,1,Sound Reasoning
mistral_7b,alphabetical_think_answer,210,-0.6,-0.4,-0.4,0,Incoherent Hallucination
mistral_7b,alphabetical_think_answer,212,-0.6,-0.4,0.4,0,Coherent Hallucination
mistral_7b,alphabetical_think_answer,218,-0.6,-0.4,-0.4,0,Incoherent Hallucination
mistral_7b,alphabetical_think_answer,213,-0.6,-0.4,-0.4,0,Contradictory Reasoning
mistral_7b,alphabetical_think_answer,215,-0.6,-0.4,0.4,0,Coherent Hallucination
mistral_7b,alphabetical_think_answer,211,-0.6,-0.4,0.4,0,Coherent Hallucination
mistral_7b,alphabetical_think_answer,220,-0.6,-0.4,-0.4,0,Contradictory Reasoning
mistral_7b,alphabetical_think_answer,222,-0.6,-0.4,-0.4,0,Contradictory Reasoning
mistral_7b,alphabetical_think_answer,216,-0.6,-0.4,-0.4,0,Incoherent Hallucination
mistral_7b,alphabetical_think_answer,225,-0.6,-0.4,0.4,1,Incoherent Hallucination
mistral_7b,alphabetical_think_answer,223,-0.6,-0.4,0.4,1,Coherent Hallucination
mistral_7b,alphabetical_think_answer,221,-0.6,-0.4,0.4,0,Coherent Hallucination
mistral_7b,alphabetical_think_answer,209,-0.6,-0.4,0.4,0,Coherent Hallucination
mistral_7b,alphabetical_think_answer,226,-0.6,-0.4,-0.4,0,Incoherent Hallucination
mistral_7b,alphabetical_think_answer,217,-0.6,-0.4,0.4,0,Coherent Hallucination
mistral_7b,alphabetical_think_answer,219,-0.6,-0.4,0.4,1,Incoherent Hallucination
mistral_7b,alphabetical_think_answer,229,-0.6,-0.4,0.4,1,Coherent Hallucination
mistral_7b,alphabetical_think_answer,224,-0.6,-0.4,-0.4,0,Contradictory Reasoning
mistral_7b,alphabetical_think_answer,232,-0.6,-0.4,-0.4,0,Incoherent Hallucination
mistral_7b,alphabetical_think_answer,228,-0.6,-0.4,-0.4,0,Coherent Hallucination
mistral_7b,alphabetical_think_answer,230,-0.6,-0.4,-0.4,0,Coherent Hallucination
mistral_7b,alphabetical_think_answer,231,-0.6,-0.4,0.4,1,Incoherent Hallucination
mistral_7b,alphabetical_think_answer,227,-0.6,-0.4,0.4,1,Contradictory Reasoning
mistral_7b,alphabetical_think_answer,234,-0.6,-0.4,-0.4,0,Incoherent Hallucination
mistral_7b,alphabetical_think_answer,242,-0.3,-0.2,-0.2,1,Sound Reasoning
mistral_7b,alphabetical_think_answer,241,-0.3,-0.2,0.2,1,Sound Reasoning
mistral_7b,alphabetical_think_answer,233,-0.6,-0.4,0.4,1,Sound Reasoning
mistral_7b,alphabetical_think_answer,240,-0.3,-0.2,-0.2,1,Sound Reasoning
mistral_7b,alphabetical_think_answer,237,-0.6,-0.4,0.4,1,Incoherent Hallucination
mistral_7b,alphabetical_think_answer,246,-0.3,-0.2,-0.2,1,Sound Reasoning
mistral_7b,alphabetical_think_answer,235,-0.6,-0.4,0.4,1,Incoherent Hallucination
mistral_7b,alphabetical_think_answer,248,-0.3,-0.2,-0.2,1,Sound Reasoning
mistral_7b,alphabetical_think_answer,236,-0.6,-0.4,-0.4,1,Sound Reasoning
mistral_7b,alphabetical_think_answer,244,-0.3,-0.2,-0.2,1,Sound Reasoning
mistral_7b,alphabetical_think_answer,245,-0.3,-0.2,0.2,0,Coherent Hallucination
mistral_7b,alphabetical_think_answer,238,-0.6,-0.4,-0.4,0,Contradictory Reasoning
mistral_7b,alphabetical_think_answer,247,-0.3,-0.2,0.2,0,Coherent Hallucination
mistral_7b,alphabetical_think_answer,243,-0.3,-0.2,0.2,0,Coherent Hallucination
mistral_7b,alphabetical_think_answer,252,-0.3,-0.2,-0.2,1,Sound Reasoning
mistral_7b,alphabetical_think_answer,239,-0.6,-0.4,0.4,1,Incoherent Hallucination
mistral_7b,alphabetical_think_answer,249,-0.3,-0.2,0.2,0,Coherent Hallucination
mistral_7b,alphabetical_think_answer,253,-0.3,-0.2,0.2,0,Coherent Hallucination
mistral_7b,alphabetical_think_answer,250,-0.3,-0.2,-0.2,1,Sound Reasoning
mistral_7b,alphabetical_think_answer,254,-0.3,-0.2,-0.2,1,Sound Reasoning
mistral_7b,alphabetical_think_answer,255,-0.3,-0.2,0.2,0,Coherent Hallucination
mistral_7b,alphabetical_think_answer,256,-0.3,-0.2,-0.2,1,Sound Reasoning
mistral_7b,alphabetical_think_answer,251,-0.3,-0.2,0.2,0,Coherent Hallucination
mistral_7b,alphabetical_think_answer,262,-0.3,-0.2,-0.2,1,Sound Reasoning
mistral_7b,alphabetical_think_answer,257,-0.3,-0.2,0.2,0,Coherent Hallucination
mistral_7b,alphabetical_think_answer,259,-0.3,-0.2,0.2,0,Coherent Hallucination
mistral_7b,alphabetical_think_answer,261,-0.3,-0.2,0.2,0,Coherent Hallucination
mistral_7b,alphabetical_think_answer,263,-0.3,-0.2,0.2,0,Coherent Hallucination
mistral_7b,alphabetical_think_answer,268,-0.3,-0.2,-0.2,1,Sound Reasoning
mistral_7b,alphabetical_think_answer,258,-0.3,-0.2,-0.2,1,Sound Reasoning
mistral_7b,alphabetical_think_answer,270,-0.3,-0.2,-0.2,1,Sound Reasoning
mistral_7b,alphabetical_think_answer,260,-0.3,-0.2,-0.2,1,Sound Reasoning
mistral_7b,alphabetical_think_answer,264,-0.3,-0.2,-0.2,1,Sound Reasoning
mistral_7b,alphabetical_think_answer,269,-0.3,-0.2,0.2,0,Coherent Hallucination
mistral_7b,alphabetical_think_answer,273,-0.3,-0.2,-0.2,0,Coherent Hallucination
mistral_7b,alphabetical_think_answer,265,-0.3,-0.2,0.2,0,Coherent Hallucination
mistral_7b,alphabetical_think_answer,266,-0.3,-0.2,-0.2,1,Ambiguous/Mixed
mistral_7b,alphabetical_think_answer,272,-0.3,-0.2,0.2,0,Incoherent Hallucination
mistral_7b,alphabetical_think_answer,267,-0.3,-0.2,0.2,0,Coherent Hallucination
mistral_7b,alphabetical_think_answer,271,-0.3,-0.2,0.2,1,Coherent Hallucination
mistral_7b,alphabetical_think_answer,276,-0.3,-0.2,-0.2,0,Coherent Hallucination
mistral_7b,alphabetical_think_answer,275,-0.3,-0.2,0.2,0,Coherent Hallucination
mistral_7b,alphabetical_think_answer,274,-0.3,-0.2,-0.2,1,Sound Reasoning
mistral_7b,alphabetical_think_answer,280,-0.3,-0.2,-0.2,1,Ambiguous/Mixed
mistral_7b,alphabetical_think_answer,284,-0.3,-0.2,-0.2,1,Ambiguous/Mixed
mistral_7b,alphabetical_think_answer,277,-0.3,-0.2,0.2,0,Contradictory Reasoning
mistral_7b,alphabetical_think_answer,278,-0.3,-0.2,-0.2,1,Coherent Hallucination
mistral_7b,alphabetical_think_answer,286,-0.3,-0.2,-0.2,1,Sound Reasoning
mistral_7b,alphabetical_think_answer,279,-0.3,-0.2,0.2,1,Sound Reasoning
mistral_7b,alphabetical_think_answer,281,-0.3,-0.2,0.2,0,Coherent Hallucination
mistral_7b,alphabetical_think_answer,287,-0.3,-0.2,0.2,0,Coherent Hallucination
mistral_7b,alphabetical_think_answer,290,-0.3,-0.2,-0.2,1,Incoherent Hallucination
mistral_7b,alphabetical_think_answer,291,-0.3,-0.2,0.2,0,Coherent Hallucination
mistral_7b,alphabetical_think_answer,282,-0.3,-0.2,-0.2,0,Coherent Hallucination
mistral_7b,alphabetical_think_answer,283,-0.3,-0.2,0.2,0,Coherent Hallucination
mistral_7b,alphabetical_think_answer,288,-0.3,-0.2,-0.2,1,Ambiguous/Mixed
mistral_7b,alphabetical_think_answer,285,-0.3,-0.2,0.2,1,Incoherent Hallucination
mistral_7b,alphabetical_think_answer,292,-0.3,-0.2,-0.2,1,Coherent Hallucination
mistral_7b,alphabetical_think_answer,289,-0.3,-0.2,0.2,0,Coherent Hallucination
mistral_7b,alphabetical_think_answer,293,-0.3,-0.2,0.2,0,Coherent Hallucination
mistral_7b,alphabetical_think_answer,295,-0.3,-0.2,0.2,0,Coherent Hallucination
mistral_7b,alphabetical_think_answer,294,-0.3,-0.2,-0.2,0,Coherent Hallucination
mistral_7b,alphabetical_think_answer,297,-0.3,-0.2,0.2,0,Coherent Hallucination
mistral_7b,alphabetical_think_answer,302,0.0,0.0,0.0,1,Sound Reasoning
mistral_7b,alphabetical_think_answer,296,-0.3,-0.2,-0.2,1,Ambiguous/Mixed
mistral_7b,alphabetical_think_answer,300,0.0,0.0,0.0,1,Sound Reasoning
mistral_7b,alphabetical_think_answer,298,-0.3,-0.2,-0.2,1,Sound Reasoning
mistral_7b,alphabetical_think_answer,303,0.0,0.0,-0.0,0,Coherent Hallucination
mistral_7b,alphabetical_think_answer,301,0.0,0.0,-0.0,0,Coherent Hallucination
mistral_7b,alphabetical_think_answer,299,-0.3,-0.2,0.2,0,Coherent Hallucination
mistral_7b,alphabetical_think_answer,304,0.0,0.0,0.0,1,Sound Reasoning
mistral_7b,alphabetical_think_answer,310,0.0,0.0,0.0,1,Sound Reasoning
mistral_7b,alphabetical_think_answer,308,0.0,0.0,0.0,1,Sound Reasoning
mistral_7b,alphabetical_think_answer,305,0.0,0.0,-0.0,0,Coherent Hallucination
mistral_7b,alphabetical_think_answer,306,0.0,0.0,0.0,1,Sound Reasoning
mistral_7b,alphabetical_think_answer,307,0.0,0.0,-0.0,0,Coherent Hallucination
mistral_7b,alphabetical_think_answer,311,0.0,0.0,-0.0,0,Coherent Hallucination
mistral_7b,alphabetical_think_answer,318,0.0,0.0,0.0,1,Sound Reasoning
mistral_7b,alphabetical_think_answer,314,0.0,0.0,0.0,1,Sound Reasoning
mistral_7b,alphabetical_think_answer,309,0.0,0.0,-0.0,0,Coherent Hallucination
mistral_7b,alphabetical_think_answer,313,0.0,0.0,-0.0,0,Coherent Hallucination
mistral_7b,alphabetical_think_answer,320,0.0,0.0,0.0,1,Sound Reasoning
mistral_7b,alphabetical_think_answer,322,0.0,0.0,0.0,1,Sound Reasoning
mistral_7b,alphabetical_think_answer,312,0.0,0.0,0.0,1,Sound Reasoning
mistral_7b,alphabetical_think_answer,317,0.0,0.0,-0.0,0,Coherent Hallucination
mistral_7b,alphabetical_think_answer,328,0.0,0.0,0.0,1,Sound Reasoning
mistral_7b,alphabetical_think_answer,326,0.0,0.0,0.0,1,Sound Reasoning
mistral_7b,alphabetical_think_answer,315,0.0,0.0,-0.0,0,Coherent Hallucination
mistral_7b,alphabetical_think_answer,323,0.0,0.0,-0.0,0,Coherent Hallucination
mistral_7b,alphabetical_think_answer,316,0.0,0.0,0.0,1,Sound Reasoning
mistral_7b,alphabetical_think_answer,319,0.0,0.0,-0.0,0,Coherent Hallucination
mistral_7b,alphabetical_think_answer,321,0.0,0.0,-0.0,0,Coherent Hallucination
mistral_7b,alphabetical_think_answer,324,0.0,0.0,0.0,1,Sound Reasoning
mistral_7b,alphabetical_think_answer,329,0.0,0.0,-0.0,0,Coherent Hallucination
mistral_7b,alphabetical_think_answer,325,0.0,0.0,-0.0,0,Coherent Hallucination
mistral_7b,alphabetical_think_answer,331,0.0,0.0,-0.0,0,Coherent Hallucination
mistral_7b,alphabetical_think_answer,334,0.0,0.0,0.0,1,Sound Reasoning
mistral_7b,alphabetical_think_answer,332,0.0,0.0,-0.0,0,Coherent Hallucination
mistral_7b,alphabetical_think_answer,327,0.0,0.0,-0.0,0,Sound Reasoning
mistral_7b,alphabetical_think_answer,336,0.0,0.0,0.0,1,Sound Reasoning
mistral_7b,alphabetical_think_answer,330,0.0,0.0,0.0,1,Coherent Hallucination
mistral_7b,alphabetical_think_answer,335,0.0,0.0,-0.0,0,Coherent Hallucination
mistral_7b,alphabetical_think_answer,337,0.0,0.0,-0.0,0,Coherent Hallucination
mistral_7b,alphabetical_think_answer,340,0.0,0.0,0.0,1,Coherent Hallucination
mistral_7b,alphabetical_think_answer,338,0.0,0.0,0.0,1,Sound Reasoning
mistral_7b,alphabetical_think_answer,339,0.0,0.0,-0.0,0,Coherent Hallucination
mistral_7b,alphabetical_think_answer,341,0.0,0.0,-0.0,1,Sound Reasoning
mistral_7b,alphabetical_think_answer,333,0.0,0.0,0.0,1,Sound Reasoning
mistral_7b,alphabetical_think_answer,342,0.0,0.0,0.0,1,Sound Reasoning
mistral_7b,alphabetical_think_answer,345,0.0,0.0,-0.0,0,Coherent Hallucination
mistral_7b,alphabetical_think_answer,347,0.0,0.0,-0.0,0,Coherent Hallucination
mistral_7b,alphabetical_think_answer,343,0.0,0.0,-0.0,0,Sound Reasoning
mistral_7b,alphabetical_think_answer,346,0.0,0.0,0.0,1,Sound Reasoning
mistral_7b,alphabetical_think_answer,348,0.0,0.0,0.0,1,Coherent Hallucination
mistral_7b,alphabetical_think_answer,344,0.0,0.0,0.0,1,Sound Reasoning
mistral_7b,alphabetical_think_answer,352,0.0,0.0,0.0,1,Coherent Hallucination
mistral_7b,alphabetical_think_answer,349,0.0,0.0,-0.0,0,Coherent Hallucination
mistral_7b,alphabetical_think_answer,358,0.0,0.0,0.0,1,Sound Reasoning
mistral_7b,alphabetical_think_answer,351,0.0,0.0,-0.0,0,Coherent Hallucination
mistral_7b,alphabetical_think_answer,354,0.0,0.0,0.0,1,Coherent Hallucination
mistral_7b,alphabetical_think_answer,360,0.3,0.2,0.2,1,Sound Reasoning
mistral_7b,alphabetical_think_answer,353,0.0,0.0,-0.0,0,Coherent Hallucination
mistral_7b,alphabetical_think_answer,363,0.3,0.2,-0.2,0,Coherent Hallucination
mistral_7b,alphabetical_think_answer,364,0.3,0.2,0.2,1,Sound Reasoning
mistral_7b,alphabetical_think_answer,366,0.3,0.2,0.2,1,Sound Reasoning
mistral_7b,alphabetical_think_answer,355,0.0,0.0,-0.0,0,Coherent Hallucination
mistral_7b,alphabetical_think_answer,361,0.3,0.2,-0.2,0,Coherent Hallucination
mistral_7b,alphabetical_think_answer,362,0.3,0.2,0.2,1,Ambiguous/Mixed
mistral_7b,alphabetical_think_answer,357,0.0,0.0,-0.0,0,Coherent Hallucination
mistral_7b,alphabetical_think_answer,350,0.0,0.0,0.0,1,Incoherent Hallucination
mistral_7b,alphabetical_think_answer,356,0.0,0.0,0.0,1,Coherent Hallucination
mistral_7b,alphabetical_think_answer,365,0.3,0.2,-0.2,0,Coherent Hallucination
mistral_7b,alphabetical_think_answer,368,0.3,0.2,0.2,1,Sound Reasoning
mistral_7b,alphabetical_think_answer,367,0.3,0.2,-0.2,0,Coherent Hallucination
mistral_7b,alphabetical_think_answer,359,0.0,0.0,-0.0,0,Coherent Hallucination
mistral_7b,alphabetical_think_answer,372,0.3,0.2,0.2,1,Sound Reasoning
mistral_7b,alphabetical_think_answer,378,0.3,0.2,0.2,1,Sound Reasoning
mistral_7b,alphabetical_think_answer,371,0.3,0.2,-0.2,0,Incoherent Hallucination
mistral_7b,alphabetical_think_answer,382,0.3,0.2,0.2,1,Sound Reasoning
mistral_7b,alphabetical_think_answer,374,0.3,0.2,0.2,1,Sound Reasoning
mistral_7b,alphabetical_think_answer,370,0.3,0.2,0.2,1,Sound Reasoning
mistral_7b,alphabetical_think_answer,373,0.3,0.2,-0.2,0,Coherent Hallucination
mistral_7b,alphabetical_think_answer,381,0.3,0.2,-0.2,0,Coherent Hallucination
mistral_7b,alphabetical_think_answer,375,0.3,0.2,-0.2,0,Coherent Hallucination
mistral_7b,alphabetical_think_answer,379,0.3,0.2,-0.2,0,Coherent Hallucination
mistral_7b,alphabetical_think_answer,388,0.3,0.2,0.2,1,Sound Reasoning
mistral_7b,alphabetical_think_answer,380,0.3,0.2,0.2,1,Sound Reasoning
mistral_7b,alphabetical_think_answer,377,0.3,0.2,-0.2,0,Coherent Hallucination
mistral_7b,alphabetical_think_answer,369,0.3,0.2,-0.2,0,Coherent Hallucination
mistral_7b,alphabetical_think_answer,386,0.3,0.2,0.2,1,Sound Reasoning
mistral_7b,alphabetical_think_answer,385,0.3,0.2,-0.2,0,Coherent Hallucination
mistral_7b,alphabetical_think_answer,384,0.3,0.2,0.2,1,Sound Reasoning
mistral_7b,alphabetical_think_answer,387,0.3,0.2,-0.2,0,Coherent Hallucination
mistral_7b,alphabetical_think_answer,376,0.3,0.2,0.2,1,Coherent Hallucination
mistral_7b,alphabetical_think_answer,391,0.3,0.2,-0.2,0,Coherent Hallucination
mistral_7b,alphabetical_think_answer,383,0.3,0.2,-0.2,0,Coherent Hallucination
mistral_7b,alphabetical_think_answer,395,0.3,0.2,-0.2,0,Coherent Hallucination
mistral_7b,alphabetical_think_answer,402,0.3,0.2,0.2,1,Sound Reasoning
mistral_7b,alphabetical_think_answer,392,0.3,0.2,-0.2,0,Coherent Hallucination
mistral_7b,alphabetical_think_answer,390,0.3,0.2,0.2,1,Coherent Hallucination
mistral_7b,alphabetical_think_answer,389,0.3,0.2,-0.2,0,Coherent Hallucination
mistral_7b,alphabetical_think_answer,393,0.3,0.2,0.2,1,Coherent Hallucination
mistral_7b,alphabetical_think_answer,396,0.3,0.2,0.2,1,Coherent Hallucination
mistral_7b,alphabetical_think_answer,394,0.3,0.2,0.2,1,Coherent Hallucination
mistral_7b,alphabetical_think_answer,397,0.3,0.2,-0.2,0,Sound Reasoning
mistral_7b,alphabetical_think_answer,404,0.3,0.2,0.2,1,Coherent Hallucination
mistral_7b,alphabetical_think_answer,398,0.3,0.2,0.2,1,Coherent Hallucination
mistral_7b,alphabetical_think_answer,401,0.3,0.2,-0.2,0,Coherent Hallucination
mistral_7b,alphabetical_think_answer,399,0.3,0.2,-0.2,0,Coherent Hallucination
mistral_7b,alphabetical_think_answer,403,0.3,0.2,-0.2,0,Coherent Hallucination
mistral_7b,alphabetical_think_answer,409,0.3,0.2,-0.2,0,Incoherent Hallucination
mistral_7b,alphabetical_think_answer,406,0.3,0.2,0.2,1,Sound Reasoning
mistral_7b,alphabetical_think_answer,405,0.3,0.2,-0.2,0,Coherent Hallucination
mistral_7b,alphabetical_think_answer,400,0.3,0.2,0.2,1,Coherent Hallucination
mistral_7b,alphabetical_think_answer,416,0.3,0.2,0.2,1,Sound Reasoning
mistral_7b,alphabetical_think_answer,411,0.3,0.2,-0.2,0,Coherent Hallucination
mistral_7b,alphabetical_think_answer,413,0.3,0.2,-0.2,0,Coherent Hallucination
mistral_7b,alphabetical_think_answer,407,0.3,0.2,-0.2,0,Coherent Hallucination
mistral_7b,alphabetical_think_answer,410,0.3,0.2,0.2,1,Ambiguous/Mixed
mistral_7b,alphabetical_think_answer,418,0.3,0.2,0.2,1,Sound Reasoning
mistral_7b,alphabetical_think_answer,420,0.6,0.4,0.4,1,Sound Reasoning
mistral_7b,alphabetical_think_answer,415,0.3,0.2,-0.2,0,Coherent Hallucination
mistral_7b,alphabetical_think_answer,414,0.3,0.2,0.2,1,Coherent Hallucination
mistral_7b,alphabetical_think_answer,417,0.3,0.2,-0.2,0,Coherent Hallucination
mistral_7b,alphabetical_think_answer,424,0.6,0.4,0.4,1,Sound Reasoning
mistral_7b,alphabetical_think_answer,419,0.3,0.2,-0.2,0,Coherent Hallucination
mistral_7b,alphabetical_think_answer,412,0.3,0.2,0.2,1,Incoherent Hallucination
mistral_7b,alphabetical_think_answer,423,0.6,0.4,-0.4,0,Sound Reasoning
mistral_7b,alphabetical_think_answer,421,0.6,0.4,-0.4,0,Coherent Hallucination
mistral_7b,alphabetical_think_answer,426,0.6,0.4,0.4,1,Sound Reasoning
mistral_7b,alphabetical_think_answer,408,0.3,0.2,0.2,1,Coherent Hallucination
mistral_7b,alphabetical_think_answer,428,0.6,0.4,0.4,1,Sound Reasoning
mistral_7b,alphabetical_think_answer,431,0.6,0.4,-0.4,0,Coherent Hallucination
mistral_7b,alphabetical_think_answer,422,0.6,0.4,0.4,1,Ambiguous/Mixed
mistral_7b,alphabetical_think_answer,425,0.6,0.4,-0.4,0,Coherent Hallucination
mistral_7b,alphabetical_think_answer,427,0.6,0.4,-0.4,0,Coherent Hallucination
mistral_7b,alphabetical_think_answer,432,0.6,0.4,0.4,1,Sound Reasoning
mistral_7b,alphabetical_think_answer,434,0.6,0.4,0.4,1,Coherent Hallucination
mistral_7b,alphabetical_think_answer,436,0.6,0.4,0.4,1,Sound Reasoning
mistral_7b,alphabetical_think_answer,435,0.6,0.4,-0.4,0,Coherent Hallucination
mistral_7b,alphabetical_think_answer,429,0.6,0.4,-0.4,0,Coherent Hallucination
mistral_7b,alphabetical_think_answer,433,0.6,0.4,-0.4,0,Coherent Hallucination
mistral_7b,alphabetical_think_answer,430,0.6,0.4,0.4,1,Sound Reasoning
mistral_7b,alphabetical_think_answer,442,0.6,0.4,0.4,1,Sound Reasoning
mistral_7b,alphabetical_think_answer,438,0.6,0.4,0.4,1,Sound Reasoning
mistral_7b,alphabetical_think_answer,437,0.6,0.4,-0.4,0,Coherent Hallucination
mistral_7b,alphabetical_think_answer,440,0.6,0.4,0.4,1,Sound Reasoning
mistral_7b,alphabetical_think_answer,448,0.6,0.4,0.4,1,Sound Reasoning
mistral_7b,alphabetical_think_answer,443,0.6,0.4,-0.4,0,Coherent Hallucination
mistral_7b,alphabetical_think_answer,446,0.6,0.4,0.4,1,Sound Reasoning
mistral_7b,alphabetical_think_answer,439,0.6,0.4,-0.4,0,Coherent Hallucination
mistral_7b,alphabetical_think_answer,441,0.6,0.4,-0.4,0,Incoherent Hallucination
mistral_7b,alphabetical_think_answer,447,0.6,0.4,-0.4,0,Coherent Hallucination
mistral_7b,alphabetical_think_answer,449,0.6,0.4,-0.4,0,Coherent Hallucination
mistral_7b,alphabetical_think_answer,444,0.6,0.4,0.4,1,Sound Reasoning
mistral_7b,alphabetical_think_answer,453,0.6,0.4,0.4,1,Contradictory Reasoning
mistral_7b,alphabetical_think_answer,445,0.6,0.4,-0.4,0,Coherent Hallucination
mistral_7b,alphabetical_think_answer,452,0.6,0.4,-0.4,0,Coherent Hallucination
mistral_7b,alphabetical_think_answer,454,0.6,0.4,0.4,1,Incoherent Hallucination
mistral_7b,alphabetical_think_answer,458,0.6,0.4,0.4,1,Sound Reasoning
mistral_7b,alphabetical_think_answer,456,0.6,0.4,0.4,1,Incoherent Hallucination
mistral_7b,alphabetical_think_answer,450,0.6,0.4,0.4,1,Ambiguous/Mixed
mistral_7b,alphabetical_think_answer,457,0.6,0.4,-0.4,0,Incoherent Hallucination
mistral_7b,alphabetical_think_answer,462,0.6,0.4,0.4,1,Sound Reasoning
mistral_7b,alphabetical_think_answer,459,0.6,0.4,-0.4,0,Incoherent Hallucination
mistral_7b,alphabetical_think_answer,466,0.6,0.4,0.4,1,Sound Reasoning
mistral_7b,alphabetical_think_answer,455,0.6,0.4,-0.4,0,Coherent Hallucination
mistral_7b,alphabetical_think_answer,451,0.6,0.4,-0.4,0,Coherent Hallucination
mistral_7b,alphabetical_think_answer,465,0.6,0.4,-0.4,0,Coherent Hallucination
mistral_7b,alphabetical_think_answer,467,0.6,0.4,-0.4,0,Coherent Hallucination
mistral_7b,alphabetical_think_answer,461,0.6,0.4,-0.4,0,Coherent Hallucination
mistral_7b,alphabetical_think_answer,463,0.6,0.4,-0.4,0,Coherent Hallucination
mistral_7b,alphabetical_think_answer,468,0.6,0.4,0.4,1,Sound Reasoning
mistral_7b,alphabetical_think_answer,464,0.6,0.4,0.4,1,Ambiguous/Mixed
mistral_7b,alphabetical_think_answer,460,0.6,0.4,0.4,1,Coherent Hallucination
mistral_7b,alphabetical_think_answer,470,0.6,0.4,0.4,1,Incoherent Hallucination
mistral_7b,alphabetical_think_answer,469,0.6,0.4,-0.4,0,Incoherent Hallucination
mistral_7b,alphabetical_think_answer,471,0.6,0.4,-0.4,0,Coherent Hallucination
mistral_7b,alphabetical_think_answer,475,0.6,0.4,-0.4,0,Coherent Hallucination
mistral_7b,alphabetical_think_answer,478,0.6,0.4,0.4,1,Sound Reasoning
mistral_7b,alphabetical_think_answer,472,0.6,0.4,0.4,1,Incoherent Hallucination
mistral_7b,alphabetical_think_answer,473,0.6,0.4,-0.4,0,Coherent Hallucination
mistral_7b,alphabetical_think_answer,477,0.6,0.4,-0.4,0,Coherent Hallucination
mistral_7b,alphabetical_think_answer,476,0.6,0.4,0.4,1,Sound Reasoning
mistral_7b,alphabetical_think_answer,474,0.6,0.4,0.4,1,Coherent Hallucination
mistral_7b,alphabetical_think_answer,486,0.9,0.6,0.6,1,Sound Reasoning
mistral_7b,alphabetical_think_answer,482,0.9,0.6,0.6,1,Sound Reasoning
mistral_7b,alphabetical_think_answer,480,0.9,0.6,0.6,1,Sound Reasoning
mistral_7b,alphabetical_think_answer,488,0.9,0.6,0.6,1,Sound Reasoning
mistral_7b,alphabetical_think_answer,490,0.9,0.6,0.6,1,Sound Reasoning
mistral_7b,alphabetical_think_answer,481,0.9,0.6,-0.6,0,Coherent Hallucination
mistral_7b,alphabetical_think_answer,484,0.9,0.6,0.6,1,Sound Reasoning
mistral_7b,alphabetical_think_answer,487,0.9,0.6,-0.6,0,Coherent Hallucination
mistral_7b,alphabetical_think_answer,485,0.9,0.6,-0.6,0,Coherent Hallucination
mistral_7b,alphabetical_think_answer,479,0.6,0.4,-0.4,0,Coherent Hallucination
mistral_7b,alphabetical_think_answer,492,0.9,0.6,0.6,1,Sound Reasoning
mistral_7b,alphabetical_think_answer,489,0.9,0.6,-0.6,0,Coherent Hallucination
mistral_7b,alphabetical_think_answer,483,0.9,0.6,-0.6,0,Coherent Hallucination
mistral_7b,alphabetical_think_answer,493,0.9,0.6,-0.6,0,Coherent Hallucination
mistral_7b,alphabetical_think_answer,495,0.9,0.6,-0.6,0,Coherent Hallucination
mistral_7b,alphabetical_think_answer,496,0.9,0.6,0.6,1,Sound Reasoning
mistral_7b,alphabetical_think_answer,500,0.9,0.6,0.6,1,Sound Reasoning
mistral_7b,alphabetical_think_answer,497,0.9,0.6,-0.6,0,Coherent Hallucination
mistral_7b,alphabetical_think_answer,494,0.9,0.6,0.6,1,Sound Reasoning
mistral_7b,alphabetical_think_answer,499,0.9,0.6,-0.6,0,Coherent Hallucination
mistral_7b,alphabetical_think_answer,498,0.9,0.6,0.6,1,Sound Reasoning
mistral_7b,alphabetical_think_answer,506,0.9,0.6,0.6,1,Sound Reasoning
mistral_7b,alphabetical_think_answer,504,0.9,0.6,0.6,1,Sound Reasoning
mistral_7b,alphabetical_think_answer,501,0.9,0.6,-0.6,0,Coherent Hallucination
mistral_7b,alphabetical_think_answer,491,0.9,0.6,-0.6,0,Coherent Hallucination
mistral_7b,alphabetical_think_answer,502,0.9,0.6,0.6,1,Coherent Hallucination
mistral_7b,alphabetical_think_answer,505,0.9,0.6,-0.6,0,Contradictory Reasoning
mistral_7b,alphabetical_think_answer,510,0.9,0.6,0.6,1,Ambiguous/Mixed
mistral_7b,alphabetical_think_answer,507,0.9,0.6,-0.6,0,Coherent Hallucination
mistral_7b,alphabetical_think_answer,511,0.9,0.6,-0.6,0,Coherent Hallucination
mistral_7b,alphabetical_think_answer,512,0.9,0.6,-0.6,0,Sound Reasoning
mistral_7b,alphabetical_think_answer,509,0.9,0.6,-0.6,0,Coherent Hallucination
mistral_7b,alphabetical_think_answer,503,0.9,0.6,-0.6,0,Coherent Hallucination
mistral_7b,alphabetical_think_answer,515,0.9,0.6,-0.6,0,Coherent Hallucination
mistral_7b,alphabetical_think_answer,521,0.9,0.6,-0.6,0,Incoherent Hallucination
mistral_7b,alphabetical_think_answer,522,0.9,0.6,0.6,1,Sound Reasoning
mistral_7b,alphabetical_think_answer,514,0.9,0.6,0.6,1,Ambiguous/Mixed
mistral_7b,alphabetical_think_answer,525,0.9,0.6,-0.6,0,Coherent Hallucination
mistral_7b,alphabetical_think_answer,508,0.9,0.6,0.6,1,Coherent Hallucination
mistral_7b,alphabetical_think_answer,513,0.9,0.6,0.6,1,Sound Reasoning
mistral_7b,alphabetical_think_answer,518,0.9,0.6,0.6,1,Sound Reasoning
mistral_7b,alphabetical_think_answer,520,0.9,0.6,0.6,1,Coherent Hallucination
mistral_7b,alphabetical_think_answer,519,0.9,0.6,-0.6,0,Coherent Hallucination
mistral_7b,alphabetical_think_answer,516,0.9,0.6,0.6,1,Coherent Hallucination
mistral_7b,alphabetical_think_answer,526,0.9,0.6,0.6,1,Sound Reasoning
mistral_7b,alphabetical_think_answer,517,0.9,0.6,-0.6,0,Coherent Hallucination
mistral_7b,alphabetical_think_answer,524,0.9,0.6,0.6,1,Sound Reasoning
mistral_7b,alphabetical_think_answer,528,0.9,0.6,0.6,1,Sound Reasoning
mistral_7b,alphabetical_think_answer,523,0.9,0.6,-0.6,0,Coherent Hallucination
mistral_7b,alphabetical_think_answer,530,0.9,0.6,0.6,1,Incoherent Hallucination
mistral_7b,alphabetical_think_answer,529,0.9,0.6,-0.6,0,Coherent Hallucination
mistral_7b,alphabetical_think_answer,534,0.9,0.6,0.6,1,Incoherent Hallucination
mistral_7b,alphabetical_think_answer,540,1.2,0.8,0.8,1,Sound Reasoning
mistral_7b,alphabetical_think_answer,535,0.9,0.6,-0.6,0,Coherent Hallucination
mistral_7b,alphabetical_think_answer,536,0.9,0.6,0.6,1,Sound Reasoning
mistral_7b,alphabetical_think_answer,531,0.9,0.6,-0.6,0,Coherent Hallucination
mistral_7b,alphabetical_think_answer,542,1.2,0.8,0.8,1,Sound Reasoning
mistral_7b,alphabetical_think_answer,544,1.2,0.8,0.8,1,Sound Reasoning
mistral_7b,alphabetical_think_answer,533,0.9,0.6,-0.6,0,Coherent Hallucination
mistral_7b,alphabetical_think_answer,532,0.9,0.6,0.6,1,Ambiguous/Mixed
mistral_7b,alphabetical_think_answer,541,1.2,0.8,-0.8,0,Coherent Hallucination
mistral_7b,alphabetical_think_answer,538,0.9,0.6,0.6,1,Sound Reasoning
mistral_7b,alphabetical_think_answer,537,0.9,0.6,-0.6,0,Coherent Hallucination
mistral_7b,alphabetical_think_answer,527,0.9,0.6,-0.6,0,Coherent Hallucination
mistral_7b,alphabetical_think_answer,545,1.2,0.8,-0.8,0,Coherent Hallucination
mistral_7b,alphabetical_think_answer,539,0.9,0.6,-0.6,0,Coherent Hallucination
mistral_7b,alphabetical_think_answer,546,1.2,0.8,0.8,1,Sound Reasoning
mistral_7b,alphabetical_think_answer,543,1.2,0.8,-0.8,0,Coherent Hallucination
mistral_7b,alphabetical_think_answer,547,1.2,0.8,-0.8,0,Coherent Hallucination
mistral_7b,alphabetical_think_answer,550,1.2,0.8,0.8,1,Sound Reasoning
mistral_7b,alphabetical_think_answer,554,1.2,0.8,0.8,1,Sound Reasoning
mistral_7b,alphabetical_think_answer,548,1.2,0.8,0.8,1,Sound Reasoning
mistral_7b,alphabetical_think_answer,549,1.2,0.8,-0.8,0,Coherent Hallucination
mistral_7b,alphabetical_think_answer,553,1.2,0.8,-0.8,0,Coherent Hallucination
mistral_7b,alphabetical_think_answer,551,1.2,0.8,-0.8,0,Coherent Hallucination
mistral_7b,alphabetical_think_answer,560,1.2,0.8,0.8,1,Sound Reasoning
mistral_7b,alphabetical_think_answer,564,1.2,0.8,0.8,1,Sound Reasoning
mistral_7b,alphabetical_think_answer,559,1.2,0.8,-0.8,0,Coherent Hallucination
mistral_7b,alphabetical_think_answer,557,1.2,0.8,-0.8,0,Coherent Hallucination
mistral_7b,alphabetical_think_answer,566,1.2,0.8,0.8,1,Sound Reasoning
mistral_7b,alphabetical_think_answer,562,1.2,0.8,0.8,1,Sound Reasoning
mistral_7b,alphabetical_think_answer,555,1.2,0.8,-0.8,0,Coherent Hallucination
mistral_7b,alphabetical_think_answer,561,1.2,0.8,-0.8,0,Coherent Hallucination
mistral_7b,alphabetical_think_answer,558,1.2,0.8,0.8,1,Sound Reasoning
mistral_7b,alphabetical_think_answer,556,1.2,0.8,0.8,1,Sound Reasoning
mistral_7b,alphabetical_think_answer,567,1.2,0.8,-0.8,0,Coherent Hallucination
mistral_7b,alphabetical_think_answer,563,1.2,0.8,-0.8,0,Coherent Hallucination
mistral_7b,alphabetical_think_answer,565,1.2,0.8,-0.8,0,Coherent Hallucination
mistral_7b,alphabetical_think_answer,552,1.2,0.8,0.8,1,Ambiguous/Mixed
mistral_7b,alphabetical_think_answer,572,1.2,0.8,-0.8,0,Coherent Hallucination
mistral_7b,alphabetical_think_answer,570,1.2,0.8,0.8,1,Coherent Hallucination
mistral_7b,alphabetical_think_answer,569,1.2,0.8,-0.8,0,Coherent Hallucination
mistral_7b,alphabetical_think_answer,568,1.2,0.8,0.8,1,Sound Reasoning
mistral_7b,alphabetical_think_answer,578,1.2,0.8,0.8,1,Sound Reasoning
mistral_7b,alphabetical_think_answer,571,1.2,0.8,-0.8,0,Coherent Hallucination
mistral_7b,alphabetical_think_answer,582,1.2,0.8,0.8,1,Sound Reasoning
mistral_7b,alphabetical_think_answer,575,1.2,0.8,-0.8,0,Coherent Hallucination
mistral_7b,alphabetical_think_answer,581,1.2,0.8,-0.8,0,Coherent Hallucination
mistral_7b,alphabetical_think_answer,576,1.2,0.8,0.8,1,Ambiguous/Mixed
mistral_7b,alphabetical_think_answer,579,1.2,0.8,-0.8,0,Coherent Hallucination
mistral_7b,alphabetical_think_answer,573,1.2,0.8,0.8,1,Coherent Hallucination
mistral_7b,alphabetical_think_answer,580,1.2,0.8,0.8,1,Ambiguous/Mixed
mistral_7b,alphabetical_think_answer,588,1.2,0.8,0.8,1,Sound Reasoning
mistral_7b,alphabetical_think_answer,584,1.2,0.8,0.8,1,Coherent Hallucination
mistral_7b,alphabetical_think_answer,583,1.2,0.8,-0.8,0,Coherent Hallucination
mistral_7b,alphabetical_think_answer,577,1.2,0.8,-0.8,0,Coherent Hallucination
mistral_7b,alphabetical_think_answer,585,1.2,0.8,-0.8,0,Coherent Hallucination
mistral_7b,alphabetical_think_answer,587,1.2,0.8,-0.8,0,Incoherent Hallucination
mistral_7b,alphabetical_think_answer,589,1.2,0.8,-0.8,0,Coherent Hallucination
mistral_7b,alphabetical_think_answer,574,1.2,0.8,0.8,1,Coherent Hallucination
mistral_7b,alphabetical_think_answer,586,1.2,0.8,0.8,1,Coherent Hallucination
mistral_7b,alphabetical_think_answer,594,1.2,0.8,0.8,1,Sound Reasoning
mistral_7b,alphabetical_think_answer,595,1.2,0.8,-0.8,0,Coherent Hallucination
mistral_7b,alphabetical_think_answer,590,1.2,0.8,0.8,1,Ambiguous/Mixed
mistral_7b,alphabetical_think_answer,593,1.2,0.8,-0.8,0,Coherent Hallucination
mistral_7b,alphabetical_think_answer,591,1.2,0.8,-0.8,0,Coherent Hallucination
mistral_7b,alphabetical_think_answer,596,1.2,0.8,0.8,1,Sound Reasoning
mistral_7b,alphabetical_think_answer,598,1.2,0.8,0.8,1,Sound Reasoning
mistral_7b,alphabetical_think_answer,604,1.5,1.0,1.0,1,Sound Reasoning
mistral_7b,alphabetical_think_answer,603,1.5,1.0,-1.0,0,Coherent Hallucination
mistral_7b,alphabetical_think_answer,601,1.5,1.0,-1.0,0,Coherent Hallucination
mistral_7b,alphabetical_think_answer,597,1.2,0.8,-0.8,0,Coherent Hallucination
mistral_7b,alphabetical_think_answer,608,1.5,1.0,1.0,1,Sound Reasoning
mistral_7b,alphabetical_think_answer,600,1.5,1.0,1.0,1,Sound Reasoning
mistral_7b,alphabetical_think_answer,592,1.2,0.8,0.8,1,Incoherent Hallucination
mistral_7b,alphabetical_think_answer,602,1.5,1.0,1.0,1,Sound Reasoning
mistral_7b,alphabetical_think_answer,599,1.2,0.8,-0.8,0,Coherent Hallucination
mistral_7b,alphabetical_think_answer,605,1.5,1.0,-1.0,0,Coherent Hallucination
mistral_7b,alphabetical_think_answer,607,1.5,1.0,-1.0,0,Coherent Hallucination
mistral_7b,alphabetical_think_answer,609,1.5,1.0,-1.0,0,Coherent Hallucination
mistral_7b,alphabetical_think_answer,610,1.5,1.0,1.0,1,Sound Reasoning
mistral_7b,alphabetical_think_answer,615,1.5,1.0,-1.0,0,Coherent Hallucination
mistral_7b,alphabetical_think_answer,614,1.5,1.0,1.0,1,Sound Reasoning
mistral_7b,alphabetical_think_answer,606,1.5,1.0,1.0,1,Coherent Hallucination
mistral_7b,alphabetical_think_answer,618,1.5,1.0,1.0,1,Sound Reasoning
mistral_7b,alphabetical_think_answer,611,1.5,1.0,-1.0,0,Contradictory Reasoning
mistral_7b,alphabetical_think_answer,613,1.5,1.0,-1.0,0,Coherent Hallucination
mistral_7b,alphabetical_think_answer,621,1.5,1.0,-1.0,0,Coherent Hallucination
mistral_7b,alphabetical_think_answer,617,1.5,1.0,-1.0,0,Coherent Hallucination
mistral_7b,alphabetical_think_answer,616,1.5,1.0,1.0,1,Ambiguous/Mixed
mistral_7b,alphabetical_think_answer,619,1.5,1.0,-1.0,0,Coherent Hallucination
mistral_7b,alphabetical_think_answer,620,1.5,1.0,1.0,1,Sound Reasoning
mistral_7b,alphabetical_think_answer,622,1.5,1.0,1.0,1,Sound Reasoning
mistral_7b,alphabetical_think_answer,625,1.5,1.0,-1.0,0,Coherent Hallucination
mistral_7b,alphabetical_think_answer,628,1.5,1.0,1.0,1,Sound Reasoning
mistral_7b,alphabetical_think_answer,612,1.5,1.0,1.0,1,Coherent Hallucination
mistral_7b,alphabetical_think_answer,626,1.5,1.0,1.0,1,Sound Reasoning
mistral_7b,alphabetical_think_answer,624,1.5,1.0,1.0,1,Sound Reasoning
mistral_7b,alphabetical_think_answer,629,1.5,1.0,-1.0,0,Coherent Hallucination
mistral_7b,alphabetical_think_answer,627,1.5,1.0,-1.0,0,Coherent Hallucination
mistral_7b,alphabetical_think_answer,623,1.5,1.0,-1.0,0,Coherent Hallucination
mistral_7b,alphabetical_think_answer,630,1.5,1.0,1.0,1,Ambiguous/Mixed
mistral_7b,alphabetical_think_answer,633,1.5,1.0,1.0,1,Sound Reasoning
mistral_7b,alphabetical_think_answer,635,1.5,1.0,-1.0,0,Coherent Hallucination
mistral_7b,alphabetical_think_answer,639,1.5,1.0,-1.0,0,Coherent Hallucination
mistral_7b,alphabetical_think_answer,631,1.5,1.0,-1.0,0,Coherent Hallucination
mistral_7b,alphabetical_think_answer,632,1.5,1.0,-1.0,0,Sound Reasoning
mistral_7b,alphabetical_think_answer,640,1.5,1.0,1.0,1,Coherent Hallucination
mistral_7b,alphabetical_think_answer,644,1.5,1.0,1.0,1,Sound Reasoning
mistral_7b,alphabetical_think_answer,637,1.5,1.0,-1.0,0,Coherent Hallucination
mistral_7b,alphabetical_think_answer,641,1.5,1.0,-1.0,0,Coherent Hallucination
mistral_7b,alphabetical_think_answer,634,1.5,1.0,1.0,1,Incoherent Hallucination
mistral_7b,alphabetical_think_answer,645,1.5,1.0,-1.0,0,Coherent Hallucination
mistral_7b,alphabetical_think_answer,646,1.5,1.0,1.0,1,Coherent Hallucination
mistral_7b,alphabetical_think_answer,638,1.5,1.0,1.0,1,Coherent Hallucination
mistral_7b,alphabetical_think_answer,648,1.5,1.0,1.0,1,Coherent Hallucination
mistral_7b,alphabetical_think_answer,642,1.5,1.0,1.0,1,Sound Reasoning
mistral_7b,alphabetical_think_answer,643,1.5,1.0,-1.0,0,Coherent Hallucination
mistral_7b,alphabetical_think_answer,636,1.5,1.0,1.0,1,Ambiguous/Mixed
mistral_7b,alphabetical_think_answer,649,1.5,1.0,-1.0,0,Coherent Hallucination
mistral_7b,alphabetical_think_answer,647,1.5,1.0,-1.0,0,Coherent Hallucination
mistral_7b,alphabetical_think_answer,654,1.5,1.0,1.0,1,Sound Reasoning
mistral_7b,alphabetical_think_answer,650,1.5,1.0,1.0,1,Sound Reasoning
mistral_7b,alphabetical_think_answer,653,1.5,1.0,-1.0,0,Coherent Hallucination
mistral_7b,alphabetical_think_answer,651,1.5,1.0,-1.0,0,Coherent Hallucination
mistral_7b,alphabetical_think_answer,656,1.5,1.0,1.0,1,Sound Reasoning
mistral_7b,alphabetical_think_answer,657,1.5,1.0,-1.0,0,Coherent Hallucination
mistral_7b,alphabetical_think_answer,655,1.5,1.0,-1.0,0,Coherent Hallucination
mistral_7b,alphabetical_think_answer,659,1.5,1.0,-1.0,0,Coherent Hallucination
mistral_7b,alphabetical_think_answer,652,1.5,1.0,1.0,1,Coherent Hallucination
mistral_7b,alphabetical_think_answer,658,1.5,1.0,1.0,1,Sound Reasoning
mistral_7b,alphabetical_answer_think,8,-1.5,-1.0,-1.0,1,Sound Reasoning
mistral_7b,alphabetical_answer_think,18,-1.5,-1.0,-1.0,1,Sound Reasoning
mistral_7b,alphabetical_answer_think,10,-1.5,-1.0,-1.0,1,Sound Reasoning
mistral_7b,alphabetical_answer_think,1,-1.5,-1.0,1.0,0,Coherent Hallucination
mistral_7b,alphabetical_answer_think,4,-1.5,-1.0,-1.0,1,Sound Reasoning
mistral_7b,alphabetical_answer_think,16,-1.5,-1.0,-1.0,0,Coherent Hallucination
mistral_7b,alphabetical_answer_think,14,-1.5,-1.0,-1.0,1,Sound Reasoning
mistral_7b,alphabetical_answer_think,12,-1.5,-1.0,-1.0,1,Sound Reasoning
mistral_7b,alphabetical_answer_think,0,-1.5,-1.0,-1.0,1,Sound Reasoning
mistral_7b,alphabetical_answer_think,3,-1.5,-1.0,1.0,0,Coherent Hallucination
mistral_7b,alphabetical_answer_think,6,-1.5,-1.0,-1.0,1,Sound Reasoning
mistral_7b,alphabetical_answer_think,15,-1.5,-1.0,1.0,0,Incoherent Hallucination
mistral_7b,alphabetical_answer_think,2,-1.5,-1.0,-1.0,1,Sound Reasoning
mistral_7b,alphabetical_answer_think,11,-1.5,-1.0,1.0,0,Coherent Hallucination
mistral_7b,alphabetical_answer_think,7,-1.5,-1.0,1.0,0,Coherent Hallucination
mistral_7b,alphabetical_answer_think,9,-1.5,-1.0,1.0,0,Coherent Hallucination
mistral_7b,alphabetical_answer_think,13,-1.5,-1.0,1.0,0,Coherent Hallucination
mistral_7b,alphabetical_answer_think,19,-1.5,-1.0,1.0,1,Sound Reasoning
mistral_7b,alphabetical_answer_think,5,-1.5,-1.0,1.0,0,Coherent Hallucination
mistral_7b,alphabetical_answer_think,17,-1.5,-1.0,1.0,0,Coherent Hallucination
mistral_7b,alphabetical_answer_think,20,-1.5,-1.0,-1.0,0,Contradictory Reasoning
mistral_7b,alphabetical_answer_think,21,-1.5,-1.0,1.0,0,Coherent Hallucination
mistral_7b,alphabetical_answer_think,23,-1.5,-1.0,1.0,0,Coherent Hallucination
mistral_7b,alphabetical_answer_think,24,-1.5,-1.0,-1.0,1,Sound Reasoning
mistral_7b,alphabetical_answer_think,25,-1.5,-1.0,1.0,0,Coherent Hallucination
mistral_7b,alphabetical_answer_think,34,-1.5,-1.0,-1.0,1,Sound Reasoning
mistral_7b,alphabetical_answer_think,26,-1.5,-1.0,-1.0,1,Coherent Hallucination
mistral_7b,alphabetical_answer_think,31,-1.5,-1.0,1.0,1,Incoherent Hallucination
mistral_7b,alphabetical_answer_think,32,-1.5,-1.0,1.0,0,Coherent Hallucination
mistral_7b,alphabetical_answer_think,37,-1.5,-1.0,1.0,0,Incoherent Hallucination
mistral_7b,alphabetical_answer_think,28,-1.5,-1.0,-1.0,1,Sound Reasoning
mistral_7b,alphabetical_answer_think,29,-1.5,-1.0,1.0,0,Coherent Hallucination
mistral_7b,alphabetical_answer_think,30,-1.5,-1.0,-1.0,1,Sound Reasoning
mistral_7b,alphabetical_answer_think,22,-1.5,-1.0,-1.0,1,Sound Reasoning
mistral_7b,alphabetical_answer_think,40,-1.5,-1.0,-1.0,1,Coherent Hallucination
mistral_7b,alphabetical_answer_think,27,-1.5,-1.0,1.0,0,Coherent Hallucination
mistral_7b,alphabetical_answer_think,36,-1.5,-1.0,-1.0,0,Coherent Hallucination
mistral_7b,alphabetical_answer_think,38,-1.5,-1.0,-1.0,1,Sound Reasoning
mistral_7b,alphabetical_answer_think,35,-1.5,-1.0,1.0,1,Coherent Hallucination
mistral_7b,alphabetical_answer_think,39,-1.5,-1.0,1.0,0,Coherent Hallucination
mistral_7b,alphabetical_answer_think,33,-1.5,-1.0,-1.0,1,Incoherent Hallucination
mistral_7b,alphabetical_answer_think,48,-1.5,-1.0,-1.0,1,Sound Reasoning
mistral_7b,alphabetical_answer_think,44,-1.5,-1.0,-1.0,1,Coherent Hallucination
mistral_7b,alphabetical_answer_think,46,-1.5,-1.0,-1.0,1,Ambiguous/Mixed
mistral_7b,alphabetical_answer_think,47,-1.5,-1.0,1.0,1,Incoherent Hallucination
mistral_7b,alphabetical_answer_think,43,-1.5,-1.0,1.0,1,Incoherent Hallucination
mistral_7b,alphabetical_answer_think,50,-1.5,-1.0,-1.0,0,Coherent Hallucination
mistral_7b,alphabetical_answer_think,45,-1.5,-1.0,1.0,0,Coherent Hallucination
mistral_7b,alphabetical_answer_think,41,-1.5,-1.0,1.0,0,Incoherent Hallucination
mistral_7b,alphabetical_answer_think,51,-1.5,-1.0,1.0,0,Coherent Hallucination
mistral_7b,alphabetical_answer_think,49,-1.5,-1.0,1.0,0,Coherent Hallucination
mistral_7b,alphabetical_answer_think,54,-1.5,-1.0,-1.0,1,Coherent Hallucination
mistral_7b,alphabetical_answer_think,42,-1.5,-1.0,-1.0,1,Sound Reasoning
mistral_7b,alphabetical_answer_think,57,-1.5,-1.0,1.0,0,Coherent Hallucination
mistral_7b,alphabetical_answer_think,59,-1.5,-1.0,1.0,0,Coherent Hallucination
mistral_7b,alphabetical_answer_think,52,-1.5,-1.0,-1.0,1,Ambiguous/Mixed
mistral_7b,alphabetical_answer_think,55,-1.5,-1.0,1.0,0,Coherent Hallucination
mistral_7b,alphabetical_answer_think,58,-1.5,-1.0,-1.0,0,Incoherent Hallucination
mistral_7b,alphabetical_answer_think,53,-1.5,-1.0,1.0,0,Coherent Hallucination
mistral_7b,alphabetical_answer_think,61,-1.2,-0.8,0.8,1,Sound Reasoning
mistral_7b,alphabetical_answer_think,56,-1.5,-1.0,-1.0,1,Ambiguous/Mixed
mistral_7b,alphabetical_answer_think,60,-1.2,-0.8,-0.8,0,Contradictory Reasoning
mistral_7b,alphabetical_answer_think,69,-1.2,-0.8,0.8,1,Sound Reasoning
mistral_7b,alphabetical_answer_think,62,-1.2,-0.8,-0.8,1,Sound Reasoning
mistral_7b,alphabetical_answer_think,67,-1.2,-0.8,0.8,1,Coherent Hallucination
mistral_7b,alphabetical_answer_think,66,-1.2,-0.8,-0.8,0,Contradictory Reasoning
mistral_7b,alphabetical_answer_think,64,-1.2,-0.8,-0.8,1,Sound Reasoning
mistral_7b,alphabetical_answer_think,70,-1.2,-0.8,-0.8,1,Sound Reasoning
mistral_7b,alphabetical_answer_think,63,-1.2,-0.8,0.8,0,Contradictory Reasoning
mistral_7b,alphabetical_answer_think,72,-1.2,-0.8,-0.8,0,Contradictory Reasoning
mistral_7b,alphabetical_answer_think,65,-1.2,-0.8,0.8,0,Contradictory Reasoning
mistral_7b,alphabetical_answer_think,78,-1.2,-0.8,-0.8,1,Sound Reasoning
mistral_7b,alphabetical_answer_think,73,-1.2,-0.8,0.8,0,Coherent Hallucination
mistral_7b,alphabetical_answer_think,77,-1.2,-0.8,0.8,0,Coherent Hallucination
mistral_7b,alphabetical_answer_think,68,-1.2,-0.8,-0.8,0,Coherent Hallucination
mistral_7b,alphabetical_answer_think,79,-1.2,-0.8,0.8,1,Sound Reasoning
mistral_7b,alphabetical_answer_think,71,-1.2,-0.8,0.8,1,Sound Reasoning
mistral_7b,alphabetical_answer_think,74,-1.2,-0.8,-0.8,1,Sound Reasoning
mistral_7b,alphabetical_answer_think,75,-1.2,-0.8,0.8,0,Incoherent Hallucination
mistral_7b,alphabetical_answer_think,81,-1.2,-0.8,0.8,0,Coherent Hallucination
mistral_7b,alphabetical_answer_think,82,-1.2,-0.8,-0.8,1,Incoherent Hallucination
mistral_7b,alphabetical_answer_think,80,-1.2,-0.8,-0.8,0,Coherent Hallucination
mistral_7b,alphabetical_answer_think,85,-1.2,-0.8,0.8,1,Sound Reasoning
mistral_7b,alphabetical_answer_think,86,-1.2,-0.8,-0.8,1,Sound Reasoning
mistral_7b,alphabetical_answer_think,84,-1.2,-0.8,-0.8,1,Coherent Hallucination
mistral_7b,alphabetical_answer_think,76,-1.2,-0.8,-0.8,0,Coherent Hallucination
mistral_7b,alphabetical_answer_think,88,-1.2,-0.8,-0.8,1,Sound Reasoning
mistral_7b,alphabetical_answer_think,87,-1.2,-0.8,0.8,0,Coherent Hallucination
mistral_7b,alphabetical_answer_think,89,-1.2,-0.8,0.8,0,Incoherent Hallucination
mistral_7b,alphabetical_answer_think,83,-1.2,-0.8,0.8,0,Coherent Hallucination
mistral_7b,alphabetical_answer_think,92,-1.2,-0.8,0.8,1,Coherent Hallucination
mistral_7b,alphabetical_answer_think,93,-1.2,-0.8,-0.8,0,Sound Reasoning
mistral_7b,alphabetical_answer_think,91,-1.2,-0.8,0.8,1,Incoherent Hallucination
mistral_7b,alphabetical_answer_think,90,-1.2,-0.8,-0.8,0,Contradictory Reasoning
mistral_7b,alphabetical_answer_think,94,-1.2,-0.8,-0.8,0,Coherent Hallucination
mistral_7b,alphabetical_answer_think,98,-1.2,-0.8,-0.8,0,Contradictory Reasoning
mistral_7b,alphabetical_answer_think,95,-1.2,-0.8,0.8,1,Coherent Hallucination
mistral_7b,alphabetical_answer_think,105,-1.2,-0.8,0.8,1,Incoherent Hallucination
mistral_7b,alphabetical_answer_think,96,-1.2,-0.8,-0.8,0,Coherent Hallucination
mistral_7b,alphabetical_answer_think,99,-1.2,-0.8,0.8,1,Coherent Hallucination
mistral_7b,alphabetical_answer_think,97,-1.2,-0.8,0.8,0,Incoherent Hallucination
mistral_7b,alphabetical_answer_think,107,-1.2,-0.8,0.8,1,Sound Reasoning
mistral_7b,alphabetical_answer_think,102,-1.2,-0.8,-0.8,1,Ambiguous/Mixed
mistral_7b,alphabetical_answer_think,100,-1.2,-0.8,-0.8,1,Ambiguous/Mixed
mistral_7b,alphabetical_answer_think,104,-1.2,-0.8,-0.8,0,Coherent Hallucination
mistral_7b,alphabetical_answer_think,108,-1.2,-0.8,-0.8,1,Sound Reasoning
mistral_7b,alphabetical_answer_think,103,-1.2,-0.8,0.8,1,Coherent Hallucination
mistral_7b,alphabetical_answer_think,101,-1.2,-0.8,0.8,0,Ambiguous/Mixed
mistral_7b,alphabetical_answer_think,106,-1.2,-0.8,-0.8,0,Incoherent Hallucination
mistral_7b,alphabetical_answer_think,111,-1.2,-0.8,0.8,0,Coherent Hallucination
mistral_7b,alphabetical_answer_think,113,-1.2,-0.8,0.8,1,Coherent Hallucination
mistral_7b,alphabetical_answer_think,110,-1.2,-0.8,-0.8,0,Coherent Hallucination
mistral_7b,alphabetical_answer_think,109,-1.2,-0.8,0.8,0,Incoherent Hallucination
mistral_7b,alphabetical_answer_think,127,-0.9,-0.6,0.6,1,Sound Reasoning
mistral_7b,alphabetical_answer_think,120,-0.9,-0.6,-0.6,0,Contradictory Reasoning
mistral_7b,alphabetical_answer_think,121,-0.9,-0.6,0.6,1,Sound Reasoning
mistral_7b,alphabetical_answer_think,112,-1.2,-0.8,-0.8,1,Ambiguous/Mixed
mistral_7b,alphabetical_answer_think,126,-0.9,-0.6,-0.6,0,Coherent Hallucination
mistral_7b,alphabetical_answer_think,114,-1.2,-0.8,-0.8,1,Coherent Hallucination
mistral_7b,alphabetical_answer_think,124,-0.9,-0.6,-0.6,1,Sound Reasoning
mistral_7b,alphabetical_answer_think,116,-1.2,-0.8,-0.8,1,Coherent Hallucination
mistral_7b,alphabetical_answer_think,118,-1.2,-0.8,-0.8,0,Coherent Hallucination
mistral_7b,alphabetical_answer_think,123,-0.9,-0.6,0.6,0,Contradictory Reasoning
mistral_7b,alphabetical_answer_think,128,-0.9,-0.6,-0.6,0,Coherent Hallucination
mistral_7b,alphabetical_answer_think,119,-1.2,-0.8,0.8,0,Incoherent Hallucination
mistral_7b,alphabetical_answer_think,115,-1.2,-0.8,0.8,0,Coherent Hallucination
mistral_7b,alphabetical_answer_think,122,-0.9,-0.6,-0.6,1,Incoherent Hallucination
mistral_7b,alphabetical_answer_think,117,-1.2,-0.8,0.8,0,Incoherent Hallucination
mistral_7b,alphabetical_answer_think,125,-0.9,-0.6,0.6,0,Coherent Hallucination
mistral_7b,alphabetical_answer_think,129,-0.9,-0.6,0.6,1,Sound Reasoning
mistral_7b,alphabetical_answer_think,132,-0.9,-0.6,-0.6,0,Coherent Hallucination
mistral_7b,alphabetical_answer_think,134,-0.9,-0.6,-0.6,1,Sound Reasoning
mistral_7b,alphabetical_answer_think,130,-0.9,-0.6,-0.6,0,Coherent Hallucination
mistral_7b,alphabetical_answer_think,136,-0.9,-0.6,-0.6,0,Coherent Hallucination
mistral_7b,alphabetical_answer_think,133,-0.9,-0.6,0.6,1,Incoherent Hallucination
mistral_7b,alphabetical_answer_think,137,-0.9,-0.6,0.6,1,Sound Reasoning
mistral_7b,alphabetical_answer_think,140,-0.9,-0.6,-0.6,0,Coherent Hallucination
mistral_7b,alphabetical_answer_think,135,-0.9,-0.6,0.6,1,Sound Reasoning
mistral_7b,alphabetical_answer_think,131,-0.9,-0.6,0.6,1,Sound Reasoning
mistral_7b,alphabetical_answer_think,141,-0.9,-0.6,0.6,0,Coherent Hallucination
mistral_7b,alphabetical_answer_think,139,-0.9,-0.6,0.6,1,Coherent Hallucination
mistral_7b,alphabetical_answer_think,144,-0.9,-0.6,-0.6,1,Sound Reasoning
mistral_7b,alphabetical_answer_think,138,-0.9,-0.6,-0.6,1,Incoherent Hallucination
mistral_7b,alphabetical_answer_think,149,-0.9,-0.6,0.6,1,Sound Reasoning
mistral_7b,alphabetical_answer_think,146,-0.9,-0.6,-0.6,1,Sound Reasoning
mistral_7b,alphabetical_answer_think,142,-0.9,-0.6,-0.6,1,Incoherent Hallucination
mistral_7b,alphabetical_answer_think,143,-0.9,-0.6,0.6,1,Sound Reasoning
mistral_7b,alphabetical_answer_think,145,-0.9,-0.6,0.6,1,Sound Reasoning
mistral_7b,alphabetical_answer_think,147,-0.9,-0.6,0.6,0,Coherent Hallucination
mistral_7b,alphabetical_answer_think,151,-0.9,-0.6,0.6,1,Incoherent Hallucination
mistral_7b,alphabetical_answer_think,150,-0.9,-0.6,-0.6,0,Coherent Hallucination
mistral_7b,alphabetical_answer_think,155,-0.9,-0.6,0.6,1,Coherent Hallucination
mistral_7b,alphabetical_answer_think,156,-0.9,-0.6,-0.6,0,Coherent Hallucination
mistral_7b,alphabetical_answer_think,148,-0.9,-0.6,-0.6,1,Incoherent Hallucination
mistral_7b,alphabetical_answer_think,158,-0.9,-0.6,-0.6,0,Coherent Hallucination
mistral_7b,alphabetical_answer_think,152,-0.9,-0.6,0.6,1,Coherent Hallucination
mistral_7b,alphabetical_answer_think,159,-0.9,-0.6,0.6,1,Incoherent Hallucination
mistral_7b,alphabetical_answer_think,153,-0.9,-0.6,-0.6,0,Coherent Hallucination
mistral_7b,alphabetical_answer_think,154,-0.9,-0.6,-0.6,0,Coherent Hallucination
mistral_7b,alphabetical_answer_think,162,-0.9,-0.6,-0.6,0,Coherent Hallucination
mistral_7b,alphabetical_answer_think,163,-0.9,-0.6,0.6,1,Ambiguous/Mixed
mistral_7b,alphabetical_answer_think,167,-0.9,-0.6,0.6,1,Ambiguous/Mixed
mistral_7b,alphabetical_answer_think,161,-0.9,-0.6,0.6,0,Incoherent Hallucination
mistral_7b,alphabetical_answer_think,160,-0.9,-0.6,-0.6,1,Ambiguous/Mixed
mistral_7b,alphabetical_answer_think,164,-0.9,-0.6,-0.6,0,Coherent Hallucination
mistral_7b,alphabetical_answer_think,157,-0.9,-0.6,0.6,1,Coherent Hallucination
mistral_7b,alphabetical_answer_think,166,-0.9,-0.6,-0.6,0,Incoherent Hallucination
mistral_7b,alphabetical_answer_think,169,-0.9,-0.6,0.6,0,Coherent Hallucination
mistral_7b,alphabetical_answer_think,171,-0.9,-0.6,0.6,0,Coherent Hallucination
mistral_7b,alphabetical_answer_think,172,-0.9,-0.6,-0.6,1,Coherent Hallucination
mistral_7b,alphabetical_answer_think,170,-0.9,-0.6,-0.6,0,Coherent Hallucination
mistral_7b,alphabetical_answer_think,165,-0.9,-0.6,0.6,1,Incoherent Hallucination
mistral_7b,alphabetical_answer_think,174,-0.9,-0.6,-0.6,0,Coherent Hallucination
mistral_7b,alphabetical_answer_think,168,-0.9,-0.6,-0.6,1,Sound Reasoning
mistral_7b,alphabetical_answer_think,177,-0.9,-0.6,0.6,0,Incoherent Hallucination
mistral_7b,alphabetical_answer_think,173,-0.9,-0.6,0.6,1,Coherent Hallucination
mistral_7b,alphabetical_answer_think,175,-0.9,-0.6,0.6,1,Incoherent Hallucination
mistral_7b,alphabetical_answer_think,183,-0.6,-0.4,0.4,0,Contradictory Reasoning
mistral_7b,alphabetical_answer_think,180,-0.6,-0.4,-0.4,0,Ambiguous/Mixed
mistral_7b,alphabetical_answer_think,184,-0.6,-0.4,-0.4,1,Sound Reasoning
mistral_7b,alphabetical_answer_think,181,-0.6,-0.4,0.4,1,Sound Reasoning
mistral_7b,alphabetical_answer_think,176,-0.9,-0.6,-0.6,1,Ambiguous/Mixed
mistral_7b,alphabetical_answer_think,185,-0.6,-0.4,0.4,0,Contradictory Reasoning
mistral_7b,alphabetical_answer_think,178,-0.9,-0.6,-0.6,0,Coherent Hallucination
mistral_7b,alphabetical_answer_think,182,-0.6,-0.4,-0.4,1,Sound Reasoning
mistral_7b,alphabetical_answer_think,187,-0.6,-0.4,0.4,1,Sound Reasoning
mistral_7b,alphabetical_answer_think,189,-0.6,-0.4,0.4,0,Coherent Hallucination
mistral_7b,alphabetical_answer_think,191,-0.6,-0.4,0.4,1,Sound Reasoning
mistral_7b,alphabetical_answer_think,186,-0.6,-0.4,-0.4,0,Coherent Hallucination
mistral_7b,alphabetical_answer_think,179,-0.9,-0.6,0.6,0,Coherent Hallucination
mistral_7b,alphabetical_answer_think,198,-0.6,-0.4,-0.4,1,Sound Reasoning
mistral_7b,alphabetical_answer_think,190,-0.6,-0.4,-0.4,0,Coherent Hallucination
mistral_7b,alphabetical_answer_think,192,-0.6,-0.4,-0.4,0,Coherent Hallucination
mistral_7b,alphabetical_answer_think,188,-0.6,-0.4,-0.4,0,Contradictory Reasoning
mistral_7b,alphabetical_answer_think,202,-0.6,-0.4,-0.4,1,Sound Reasoning
mistral_7b,alphabetical_answer_think,194,-0.6,-0.4,-0.4,1,Sound Reasoning
mistral_7b,alphabetical_answer_think,193,-0.6,-0.4,0.4,1,Coherent Hallucination
mistral_7b,alphabetical_answer_think,206,-0.6,-0.4,-0.4,1,Sound Reasoning
mistral_7b,alphabetical_answer_think,204,-0.6,-0.4,-0.4,1,Sound Reasoning
mistral_7b,alphabetical_answer_think,195,-0.6,-0.4,0.4,1,Sound Reasoning
mistral_7b,alphabetical_answer_think,201,-0.6,-0.4,0.4,0,Contradictory Reasoning
mistral_7b,alphabetical_answer_think,197,-0.6,-0.4,0.4,1,Incoherent Hallucination
mistral_7b,alphabetical_answer_think,208,-0.6,-0.4,-0.4,1,Sound Reasoning
mistral_7b,alphabetical_answer_think,203,-0.6,-0.4,0.4,1,Sound Reasoning
mistral_7b,alphabetical_answer_think,196,-0.6,-0.4,-0.4,0,Coherent Hallucination
mistral_7b,alphabetical_answer_think,199,-0.6,-0.4,0.4,1,Coherent Hallucination
mistral_7b,alphabetical_answer_think,200,-0.6,-0.4,-0.4,0,Incoherent Hallucination
mistral_7b,alphabetical_answer_think,211,-0.6,-0.4,0.4,1,Incoherent Hallucination
mistral_7b,alphabetical_answer_think,205,-0.6,-0.4,0.4,1,Sound Reasoning
mistral_7b,alphabetical_answer_think,214,-0.6,-0.4,-0.4,0,Coherent Hallucination
mistral_7b,alphabetical_answer_think,210,-0.6,-0.4,-0.4,0,Coherent Hallucination
mistral_7b,alphabetical_answer_think,207,-0.6,-0.4,0.4,0,Contradictory Reasoning
mistral_7b,alphabetical_answer_think,209,-0.6,-0.4,0.4,1,Sound Reasoning
mistral_7b,alphabetical_answer_think,212,-0.6,-0.4,0.4,0,Coherent Hallucination
mistral_7b,alphabetical_answer_think,221,-0.6,-0.4,0.4,0,Coherent Hallucination
mistral_7b,alphabetical_answer_think,217,-0.6,-0.4,0.4,1,Coherent Hallucination
mistral_7b,alphabetical_answer_think,216,-0.6,-0.4,-0.4,0,Coherent Hallucination
mistral_7b,alphabetical_answer_think,213,-0.6,-0.4,-0.4,0,Coherent Hallucination
mistral_7b,alphabetical_answer_think,223,-0.6,-0.4,0.4,0,Incoherent Hallucination
mistral_7b,alphabetical_answer_think,222,-0.6,-0.4,-0.4,0,Coherent Hallucination
mistral_7b,alphabetical_answer_think,219,-0.6,-0.4,0.4,1,Coherent Hallucination
mistral_7b,alphabetical_answer_think,224,-0.6,-0.4,-0.4,0,Coherent Hallucination
mistral_7b,alphabetical_answer_think,226,-0.6,-0.4,-0.4,0,Coherent Hallucination
mistral_7b,alphabetical_answer_think,231,-0.6,-0.4,0.4,0,Coherent Hallucination
mistral_7b,alphabetical_answer_think,215,-0.6,-0.4,0.4,1,Coherent Hallucination
mistral_7b,alphabetical_answer_think,220,-0.6,-0.4,-0.4,1,Ambiguous/Mixed
mistral_7b,alphabetical_answer_think,218,-0.6,-0.4,-0.4,0,Coherent Hallucination
mistral_7b,alphabetical_answer_think,225,-0.6,-0.4,0.4,1,Coherent Hallucination
mistral_7b,alphabetical_answer_think,228,-0.6,-0.4,-0.4,1,Sound Reasoning
mistral_7b,alphabetical_answer_think,227,-0.6,-0.4,0.4,1,Incoherent Hallucination
mistral_7b,alphabetical_answer_think,229,-0.6,-0.4,0.4,0,Incoherent Hallucination
mistral_7b,alphabetical_answer_think,236,-0.6,-0.4,-0.4,1,Coherent Hallucination
mistral_7b,alphabetical_answer_think,230,-0.6,-0.4,-0.4,0,Coherent Hallucination
mistral_7b,alphabetical_answer_think,232,-0.6,-0.4,-0.4,1,Coherent Hallucination
mistral_7b,alphabetical_answer_think,233,-0.6,-0.4,0.4,1,Coherent Hallucination
mistral_7b,alphabetical_answer_think,235,-0.6,-0.4,0.4,1,Coherent Hallucination
mistral_7b,alphabetical_answer_think,240,-0.3,-0.2,-0.2,1,Sound Reasoning
mistral_7b,alphabetical_answer_think,234,-0.6,-0.4,-0.4,0,Ambiguous/Mixed
mistral_7b,alphabetical_answer_think,243,-0.3,-0.2,0.2,0,Coherent Hallucination
mistral_7b,alphabetical_answer_think,241,-0.3,-0.2,0.2,1,Sound Reasoning
mistral_7b,alphabetical_answer_think,237,-0.6,-0.4,0.4,0,Coherent Hallucination
mistral_7b,alphabetical_answer_think,238,-0.6,-0.4,-0.4,0,Coherent Hallucination
mistral_7b,alphabetical_answer_think,242,-0.3,-0.2,-0.2,1,Sound Reasoning
mistral_7b,alphabetical_answer_think,251,-0.3,-0.2,0.2,1,Sound Reasoning
mistral_7b,alphabetical_answer_think,244,-0.3,-0.2,-0.2,1,Sound Reasoning
mistral_7b,alphabetical_answer_think,245,-0.3,-0.2,0.2,0,Contradictory Reasoning
mistral_7b,alphabetical_answer_think,239,-0.6,-0.4,0.4,0,Ambiguous/Mixed
mistral_7b,alphabetical_answer_think,250,-0.3,-0.2,-0.2,1,Sound Reasoning
mistral_7b,alphabetical_answer_think,249,-0.3,-0.2,0.2,0,Coherent Hallucination
mistral_7b,alphabetical_answer_think,247,-0.3,-0.2,0.2,0,Coherent Hallucination
mistral_7b,alphabetical_answer_think,248,-0.3,-0.2,-0.2,1,Sound Reasoning
mistral_7b,alphabetical_answer_think,254,-0.3,-0.2,-0.2,1,Sound Reasoning
mistral_7b,alphabetical_answer_think,246,-0.3,-0.2,-0.2,0,Coherent Hallucination
mistral_7b,alphabetical_answer_think,253,-0.3,-0.2,0.2,1,Sound Reasoning
mistral_7b,alphabetical_answer_think,255,-0.3,-0.2,0.2,1,Sound Reasoning
mistral_7b,alphabetical_answer_think,257,-0.3,-0.2,0.2,0,Coherent Hallucination
mistral_7b,alphabetical_answer_think,256,-0.3,-0.2,-0.2,1,Incoherent Hallucination
mistral_7b,alphabetical_answer_think,252,-0.3,-0.2,-0.2,0,Coherent Hallucination
mistral_7b,alphabetical_answer_think,259,-0.3,-0.2,0.2,0,Ambiguous/Mixed
mistral_7b,alphabetical_answer_think,263,-0.3,-0.2,0.2,0,Coherent Hallucination
mistral_7b,alphabetical_answer_think,260,-0.3,-0.2,-0.2,0,Coherent Hallucination
mistral_7b,alphabetical_answer_think,267,-0.3,-0.2,0.2,0,Coherent Hallucination
mistral_7b,alphabetical_answer_think,264,-0.3,-0.2,-0.2,1,Sound Reasoning
mistral_7b,alphabetical_answer_think,268,-0.3,-0.2,-0.2,1,Coherent Hallucination
mistral_7b,alphabetical_answer_think,258,-0.3,-0.2,-0.2,1,Sound Reasoning
mistral_7b,alphabetical_answer_think,262,-0.3,-0.2,-0.2,1,Sound Reasoning
mistral_7b,alphabetical_answer_think,265,-0.3,-0.2,0.2,0,Coherent Hallucination
mistral_7b,alphabetical_answer_think,269,-0.3,-0.2,0.2,0,Coherent Hallucination
mistral_7b,alphabetical_answer_think,261,-0.3,-0.2,0.2,0,Coherent Hallucination
mistral_7b,alphabetical_answer_think,266,-0.3,-0.2,-0.2,1,Sound Reasoning
mistral_7b,alphabetical_answer_think,270,-0.3,-0.2,-0.2,1,Coherent Hallucination
mistral_7b,alphabetical_answer_think,274,-0.3,-0.2,-0.2,1,Incoherent Hallucination
mistral_7b,alphabetical_answer_think,272,-0.3,-0.2,0.2,0,Coherent Hallucination
mistral_7b,alphabetical_answer_think,281,-0.3,-0.2,0.2,0,Coherent Hallucination
mistral_7b,alphabetical_answer_think,271,-0.3,-0.2,0.2,0,Coherent Hallucination
mistral_7b,alphabetical_answer_think,280,-0.3,-0.2,-0.2,1,Sound Reasoning
mistral_7b,alphabetical_answer_think,283,-0.3,-0.2,0.2,0,Coherent Hallucination
mistral_7b,alphabetical_answer_think,275,-0.3,-0.2,0.2,0,Incoherent Hallucination
mistral_7b,alphabetical_answer_think,276,-0.3,-0.2,-0.2,0,Coherent Hallucination
mistral_7b,alphabetical_answer_think,282,-0.3,-0.2,-0.2,1,Incoherent Hallucination
mistral_7b,alphabetical_answer_think,277,-0.3,-0.2,0.2,1,Coherent Hallucination
mistral_7b,alphabetical_answer_think,285,-0.3,-0.2,0.2,1,Coherent Hallucination
mistral_7b,alphabetical_answer_think,286,-0.3,-0.2,-0.2,0,Coherent Hallucination
mistral_7b,alphabetical_answer_think,279,-0.3,-0.2,0.2,0,Coherent Hallucination
mistral_7b,alphabetical_answer_think,288,-0.3,-0.2,-0.2,1,Sound Reasoning
mistral_7b,alphabetical_answer_think,287,-0.3,-0.2,0.2,1,Coherent Hallucination
mistral_7b,alphabetical_answer_think,284,-0.3,-0.2,-0.2,1,Ambiguous/Mixed
mistral_7b,alphabetical_answer_think,278,-0.3,-0.2,-0.2,0,Coherent Hallucination
mistral_7b,alphabetical_answer_think,273,-0.3,-0.2,-0.2,1,Ambiguous/Mixed
mistral_7b,alphabetical_answer_think,289,-0.3,-0.2,0.2,0,Coherent Hallucination
mistral_7b,alphabetical_answer_think,290,-0.3,-0.2,-0.2,1,Ambiguous/Mixed
mistral_7b,alphabetical_answer_think,292,-0.3,-0.2,-0.2,1,Ambiguous/Mixed
mistral_7b,alphabetical_answer_think,291,-0.3,-0.2,0.2,0,Coherent Hallucination
mistral_7b,alphabetical_answer_think,294,-0.3,-0.2,-0.2,1,Incoherent Hallucination
mistral_7b,alphabetical_answer_think,295,-0.3,-0.2,0.2,0,Incoherent Hallucination
mistral_7b,alphabetical_answer_think,300,0.0,0.0,0.0,1,Sound Reasoning
mistral_7b,alphabetical_answer_think,301,0.0,0.0,-0.0,1,Sound Reasoning
mistral_7b,alphabetical_answer_think,297,-0.3,-0.2,0.2,0,Coherent Hallucination
mistral_7b,alphabetical_answer_think,298,-0.3,-0.2,-0.2,0,Coherent Hallucination
mistral_7b,alphabetical_answer_think,296,-0.3,-0.2,-0.2,1,Ambiguous/Mixed
mistral_7b,alphabetical_answer_think,304,0.0,0.0,0.0,1,Sound Reasoning
mistral_7b,alphabetical_answer_think,310,0.0,0.0,0.0,1,Sound Reasoning
mistral_7b,alphabetical_answer_think,306,0.0,0.0,0.0,1,Sound Reasoning
mistral_7b,alphabetical_answer_think,299,-0.3,-0.2,0.2,0,Coherent Hallucination
mistral_7b,alphabetical_answer_think,302,0.0,0.0,0.0,1,Sound Reasoning
mistral_7b,alphabetical_answer_think,305,0.0,0.0,-0.0,0,Coherent Hallucination
mistral_7b,alphabetical_answer_think,293,-0.3,-0.2,0.2,0,Coherent Hallucination
mistral_7b,alphabetical_answer_think,303,0.0,0.0,-0.0,0,Contradictory Reasoning
mistral_7b,alphabetical_answer_think,308,0.0,0.0,0.0,1,Sound Reasoning
mistral_7b,alphabetical_answer_think,307,0.0,0.0,-0.0,0,Coherent Hallucination
mistral_7b,alphabetical_answer_think,311,0.0,0.0,-0.0,0,Incoherent Hallucination
mistral_7b,alphabetical_answer_think,309,0.0,0.0,-0.0,0,Coherent Hallucination
mistral_7b,alphabetical_answer_think,316,0.0,0.0,0.0,1,Sound Reasoning
mistral_7b,alphabetical_answer_think,312,0.0,0.0,0.0,1,Sound Reasoning
mistral_7b,alphabetical_answer_think,318,0.0,0.0,0.0,1,Sound Reasoning
mistral_7b,alphabetical_answer_think,314,0.0,0.0,0.0,1,Sound Reasoning
mistral_7b,alphabetical_answer_think,313,0.0,0.0,-0.0,0,Coherent Hallucination
mistral_7b,alphabetical_answer_think,317,0.0,0.0,-0.0,0,Incoherent Hallucination
mistral_7b,alphabetical_answer_think,322,0.0,0.0,0.0,1,Sound Reasoning
mistral_7b,alphabetical_answer_think,323,0.0,0.0,-0.0,0,Coherent Hallucination
mistral_7b,alphabetical_answer_think,324,0.0,0.0,0.0,1,Sound Reasoning
mistral_7b,alphabetical_answer_think,320,0.0,0.0,0.0,1,Sound Reasoning
mistral_7b,alphabetical_answer_think,321,0.0,0.0,-0.0,0,Coherent Hallucination
mistral_7b,alphabetical_answer_think,325,0.0,0.0,-0.0,0,Coherent Hallucination
mistral_7b,alphabetical_answer_think,315,0.0,0.0,-0.0,0,Coherent Hallucination
mistral_7b,alphabetical_answer_think,327,0.0,0.0,-0.0,0,Incoherent Hallucination
mistral_7b,alphabetical_answer_think,326,0.0,0.0,0.0,1,Sound Reasoning
mistral_7b,alphabetical_answer_think,329,0.0,0.0,-0.0,0,Contradictory Reasoning
mistral_7b,alphabetical_answer_think,319,0.0,0.0,-0.0,0,Coherent Hallucination
mistral_7b,alphabetical_answer_think,328,0.0,0.0,0.0,1,Coherent Hallucination
mistral_7b,alphabetical_answer_think,334,0.0,0.0,0.0,1,Sound Reasoning
mistral_7b,alphabetical_answer_think,338,0.0,0.0,0.0,1,Sound Reasoning
mistral_7b,alphabetical_answer_think,332,0.0,0.0,-0.0,0,Sound Reasoning
mistral_7b,alphabetical_answer_think,331,0.0,0.0,-0.0,0,Coherent Hallucination
mistral_7b,alphabetical_answer_think,330,0.0,0.0,0.0,1,Sound Reasoning
mistral_7b,alphabetical_answer_think,342,0.0,0.0,0.0,1,Sound Reasoning
mistral_7b,alphabetical_answer_think,337,0.0,0.0,-0.0,1,Coherent Hallucination
mistral_7b,alphabetical_answer_think,333,0.0,0.0,0.0,1,Sound Reasoning
mistral_7b,alphabetical_answer_think,335,0.0,0.0,-0.0,0,Coherent Hallucination
mistral_7b,alphabetical_answer_think,344,0.0,0.0,0.0,1,Sound Reasoning
mistral_7b,alphabetical_answer_think,336,0.0,0.0,0.0,1,Coherent Hallucination
mistral_7b,alphabetical_answer_think,341,0.0,0.0,-0.0,0,Incoherent Hallucination
mistral_7b,alphabetical_answer_think,339,0.0,0.0,-0.0,0,Coherent Hallucination
mistral_7b,alphabetical_answer_think,345,0.0,0.0,-0.0,0,Coherent Hallucination
mistral_7b,alphabetical_answer_think,352,0.0,0.0,0.0,1,Sound Reasoning
mistral_7b,alphabetical_answer_think,348,0.0,0.0,0.0,1,Sound Reasoning
mistral_7b,alphabetical_answer_think,343,0.0,0.0,-0.0,0,Coherent Hallucination
mistral_7b,alphabetical_answer_think,346,0.0,0.0,0.0,1,Coherent Hallucination
mistral_7b,alphabetical_answer_think,347,0.0,0.0,-0.0,0,Coherent Hallucination
mistral_7b,alphabetical_answer_think,349,0.0,0.0,-0.0,0,Coherent Hallucination
mistral_7b,alphabetical_answer_think,354,0.0,0.0,0.0,1,Sound Reasoning
mistral_7b,alphabetical_answer_think,351,0.0,0.0,-0.0,0,Coherent Hallucination
mistral_7b,alphabetical_answer_think,361,0.3,0.2,-0.2,0,Coherent Hallucination
mistral_7b,alphabetical_answer_think,355,0.0,0.0,-0.0,0,Incoherent Hallucination
mistral_7b,alphabetical_answer_think,360,0.3,0.2,0.2,1,Sound Reasoning
mistral_7b,alphabetical_answer_think,362,0.3,0.2,0.2,1,Sound Reasoning
mistral_7b,alphabetical_answer_think,356,0.0,0.0,0.0,1,Sound Reasoning
mistral_7b,alphabetical_answer_think,353,0.0,0.0,-0.0,0,Coherent Hallucination
mistral_7b,alphabetical_answer_think,357,0.0,0.0,-0.0,0,Coherent Hallucination
mistral_7b,alphabetical_answer_think,364,0.3,0.2,0.2,1,Sound Reasoning
mistral_7b,alphabetical_answer_think,340,0.0,0.0,0.0,1,Ambiguous/Mixed
mistral_7b,alphabetical_answer_think,363,0.3,0.2,-0.2,0,Coherent Hallucination
mistral_7b,alphabetical_answer_think,365,0.3,0.2,-0.2,0,Incoherent Hallucination
mistral_7b,alphabetical_answer_think,366,0.3,0.2,0.2,1,Sound Reasoning
mistral_7b,alphabetical_answer_think,367,0.3,0.2,-0.2,0,Coherent Hallucination
mistral_7b,alphabetical_answer_think,350,0.0,0.0,0.0,1,Ambiguous/Mixed
mistral_7b,alphabetical_answer_think,359,0.0,0.0,-0.0,0,Coherent Hallucination
mistral_7b,alphabetical_answer_think,358,0.0,0.0,0.0,0,Coherent Hallucination
mistral_7b,alphabetical_answer_think,368,0.3,0.2,0.2,1,Sound Reasoning
mistral_7b,alphabetical_answer_think,376,0.3,0.2,0.2,1,Sound Reasoning
mistral_7b,alphabetical_answer_think,369,0.3,0.2,-0.2,0,Coherent Hallucination
mistral_7b,alphabetical_answer_think,370,0.3,0.2,0.2,1,Sound Reasoning
mistral_7b,alphabetical_answer_think,372,0.3,0.2,0.2,1,Sound Reasoning
mistral_7b,alphabetical_answer_think,380,0.3,0.2,0.2,1,Sound Reasoning
mistral_7b,alphabetical_answer_think,371,0.3,0.2,-0.2,0,Coherent Hallucination
mistral_7b,alphabetical_answer_think,373,0.3,0.2,-0.2,0,Coherent Hallucination
mistral_7b,alphabetical_answer_think,375,0.3,0.2,-0.2,0,Contradictory Reasoning
mistral_7b,alphabetical_answer_think,386,0.3,0.2,0.2,1,Sound Reasoning
mistral_7b,alphabetical_answer_think,374,0.3,0.2,0.2,1,Sound Reasoning
mistral_7b,alphabetical_answer_think,383,0.3,0.2,-0.2,0,Coherent Hallucination
mistral_7b,alphabetical_answer_think,379,0.3,0.2,-0.2,0,Coherent Hallucination
mistral_7b,alphabetical_answer_think,387,0.3,0.2,-0.2,0,Coherent Hallucination
mistral_7b,alphabetical_answer_think,384,0.3,0.2,0.2,1,Sound Reasoning
mistral_7b,alphabetical_answer_think,381,0.3,0.2,-0.2,0,Coherent Hallucination
mistral_7b,alphabetical_answer_think,388,0.3,0.2,0.2,1,Sound Reasoning
mistral_7b,alphabetical_answer_think,377,0.3,0.2,-0.2,0,Coherent Hallucination
mistral_7b,alphabetical_answer_think,378,0.3,0.2,0.2,1,Sound Reasoning
mistral_7b,alphabetical_answer_think,382,0.3,0.2,0.2,1,Sound Reasoning
mistral_7b,alphabetical_answer_think,385,0.3,0.2,-0.2,0,Coherent Hallucination
mistral_7b,alphabetical_answer_think,391,0.3,0.2,-0.2,0,Coherent Hallucination
mistral_7b,alphabetical_answer_think,390,0.3,0.2,0.2,1,Sound Reasoning
mistral_7b,alphabetical_answer_think,389,0.3,0.2,-0.2,0,Coherent Hallucination
mistral_7b,alphabetical_answer_think,393,0.3,0.2,0.2,1,Contradictory Reasoning
mistral_7b,alphabetical_answer_think,392,0.3,0.2,-0.2,0,Incoherent Hallucination
mistral_7b,alphabetical_answer_think,394,0.3,0.2,0.2,1,Ambiguous/Mixed
mistral_7b,alphabetical_answer_think,399,0.3,0.2,-0.2,0,Incoherent Hallucination
mistral_7b,alphabetical_answer_think,396,0.3,0.2,0.2,1,Sound Reasoning
mistral_7b,alphabetical_answer_think,398,0.3,0.2,0.2,1,Sound Reasoning
mistral_7b,alphabetical_answer_think,401,0.3,0.2,-0.2,0,Coherent Hallucination
mistral_7b,alphabetical_answer_think,397,0.3,0.2,-0.2,0,Coherent Hallucination
mistral_7b,alphabetical_answer_think,406,0.3,0.2,0.2,1,Sound Reasoning
mistral_7b,alphabetical_answer_think,404,0.3,0.2,0.2,1,Sound Reasoning
mistral_7b,alphabetical_answer_think,405,0.3,0.2,-0.2,0,Coherent Hallucination
mistral_7b,alphabetical_answer_think,395,0.3,0.2,-0.2,0,Coherent Hallucination
mistral_7b,alphabetical_answer_think,400,0.3,0.2,0.2,1,Sound Reasoning
mistral_7b,alphabetical_answer_think,403,0.3,0.2,-0.2,0,Incoherent Hallucination
mistral_7b,alphabetical_answer_think,402,0.3,0.2,0.2,1,Ambiguous/Mixed
mistral_7b,alphabetical_answer_think,407,0.3,0.2,-0.2,0,Coherent Hallucination
mistral_7b,alphabetical_answer_think,410,0.3,0.2,0.2,1,Coherent Hallucination
mistral_7b,alphabetical_answer_think,408,0.3,0.2,0.2,1,Sound Reasoning
mistral_7b,alphabetical_answer_think,411,0.3,0.2,-0.2,0,Coherent Hallucination
mistral_7b,alphabetical_answer_think,413,0.3,0.2,-0.2,0,Coherent Hallucination
mistral_7b,alphabetical_answer_think,412,0.3,0.2,0.2,1,Sound Reasoning
mistral_7b,alphabetical_answer_think,417,0.3,0.2,-0.2,0,Coherent Hallucination
mistral_7b,alphabetical_answer_think,422,0.6,0.4,0.4,1,Sound Reasoning
mistral_7b,alphabetical_answer_think,421,0.6,0.4,-0.4,0,Coherent Hallucination
mistral_7b,alphabetical_answer_think,409,0.3,0.2,-0.2,0,Coherent Hallucination
mistral_7b,alphabetical_answer_think,419,0.3,0.2,-0.2,0,Incoherent Hallucination
mistral_7b,alphabetical_answer_think,423,0.6,0.4,-0.4,0,Coherent Hallucination
mistral_7b,alphabetical_answer_think,415,0.3,0.2,-0.2,0,Coherent Hallucination
mistral_7b,alphabetical_answer_think,426,0.6,0.4,0.4,1,Sound Reasoning
mistral_7b,alphabetical_answer_think,414,0.3,0.2,0.2,1,Sound Reasoning
mistral_7b,alphabetical_answer_think,425,0.6,0.4,-0.4,0,Coherent Hallucination
mistral_7b,alphabetical_answer_think,418,0.3,0.2,0.2,1,Incoherent Hallucination
mistral_7b,alphabetical_answer_think,424,0.6,0.4,0.4,1,Sound Reasoning
mistral_7b,alphabetical_answer_think,428,0.6,0.4,0.4,1,Sound Reasoning
mistral_7b,alphabetical_answer_think,427,0.6,0.4,-0.4,0,Coherent Hallucination
mistral_7b,alphabetical_answer_think,432,0.6,0.4,0.4,1,Sound Reasoning
mistral_7b,alphabetical_answer_think,420,0.6,0.4,0.4,1,Sound Reasoning
mistral_7b,alphabetical_answer_think,416,0.3,0.2,0.2,1,Sound Reasoning
mistral_7b,alphabetical_answer_think,430,0.6,0.4,0.4,1,Sound Reasoning
mistral_7b,alphabetical_answer_think,438,0.6,0.4,0.4,1,Sound Reasoning
mistral_7b,alphabetical_answer_think,431,0.6,0.4,-0.4,0,Coherent Hallucination
mistral_7b,alphabetical_answer_think,429,0.6,0.4,-0.4,0,Coherent Hallucination
mistral_7b,alphabetical_answer_think,436,0.6,0.4,0.4,1,Sound Reasoning
mistral_7b,alphabetical_answer_think,441,0.6,0.4,-0.4,0,Coherent Hallucination
mistral_7b,alphabetical_answer_think,433,0.6,0.4,-0.4,0,Coherent Hallucination
mistral_7b,alphabetical_answer_think,444,0.6,0.4,0.4,1,Sound Reasoning
mistral_7b,alphabetical_answer_think,439,0.6,0.4,-0.4,0,Coherent Hallucination
mistral_7b,alphabetical_answer_think,440,0.6,0.4,0.4,1,Sound Reasoning
mistral_7b,alphabetical_answer_think,448,0.6,0.4,0.4,1,Sound Reasoning
mistral_7b,alphabetical_answer_think,434,0.6,0.4,0.4,1,Sound Reasoning
mistral_7b,alphabetical_answer_think,442,0.6,0.4,0.4,1,Sound Reasoning
mistral_7b,alphabetical_answer_think,443,0.6,0.4,-0.4,0,Coherent Hallucination
mistral_7b,alphabetical_answer_think,445,0.6,0.4,-0.4,0,Coherent Hallucination
mistral_7b,alphabetical_answer_think,435,0.6,0.4,-0.4,0,Coherent Hallucination
mistral_7b,alphabetical_answer_think,447,0.6,0.4,-0.4,0,Coherent Hallucination
mistral_7b,alphabetical_answer_think,446,0.6,0.4,0.4,1,Sound Reasoning
mistral_7b,alphabetical_answer_think,437,0.6,0.4,-0.4,0,Sound Reasoning
mistral_7b,alphabetical_answer_think,450,0.6,0.4,0.4,1,Sound Reasoning
mistral_7b,alphabetical_answer_think,449,0.6,0.4,-0.4,0,Coherent Hallucination
mistral_7b,alphabetical_answer_think,454,0.6,0.4,0.4,1,Sound Reasoning
mistral_7b,alphabetical_answer_think,452,0.6,0.4,-0.4,0,Coherent Hallucination
mistral_7b,alphabetical_answer_think,451,0.6,0.4,-0.4,0,Coherent Hallucination
mistral_7b,alphabetical_answer_think,453,0.6,0.4,0.4,1,Coherent Hallucination
mistral_7b,alphabetical_answer_think,455,0.6,0.4,-0.4,0,Coherent Hallucination
mistral_7b,alphabetical_answer_think,464,0.6,0.4,0.4,1,Sound Reasoning
mistral_7b,alphabetical_answer_think,462,0.6,0.4,0.4,1,Sound Reasoning
mistral_7b,alphabetical_answer_think,461,0.6,0.4,-0.4,0,Sound Reasoning
mistral_7b,alphabetical_answer_think,456,0.6,0.4,0.4,1,Ambiguous/Mixed
mistral_7b,alphabetical_answer_think,458,0.6,0.4,0.4,1,Ambiguous/Mixed
mistral_7b,alphabetical_answer_think,457,0.6,0.4,-0.4,0,Coherent Hallucination
mistral_7b,alphabetical_answer_think,465,0.6,0.4,-0.4,0,Coherent Hallucination
mistral_7b,alphabetical_answer_think,467,0.6,0.4,-0.4,0,Coherent Hallucination
mistral_7b,alphabetical_answer_think,459,0.6,0.4,-0.4,0,Incoherent Hallucination
mistral_7b,alphabetical_answer_think,466,0.6,0.4,0.4,1,Sound Reasoning
mistral_7b,alphabetical_answer_think,463,0.6,0.4,-0.4,0,Coherent Hallucination
mistral_7b,alphabetical_answer_think,469,0.6,0.4,-0.4,0,Coherent Hallucination
mistral_7b,alphabetical_answer_think,472,0.6,0.4,0.4,1,Coherent Hallucination
mistral_7b,alphabetical_answer_think,471,0.6,0.4,-0.4,0,Coherent Hallucination
mistral_7b,alphabetical_answer_think,468,0.6,0.4,0.4,1,Sound Reasoning
mistral_7b,alphabetical_answer_think,460,0.6,0.4,0.4,1,Ambiguous/Mixed
mistral_7b,alphabetical_answer_think,470,0.6,0.4,0.4,1,Coherent Hallucination
mistral_7b,alphabetical_answer_think,473,0.6,0.4,-0.4,0,Coherent Hallucination
mistral_7b,alphabetical_answer_think,479,0.6,0.4,-0.4,0,Coherent Hallucination
mistral_7b,alphabetical_answer_think,474,0.6,0.4,0.4,1,Ambiguous/Mixed
mistral_7b,alphabetical_answer_think,475,0.6,0.4,-0.4,0,Sound Reasoning
mistral_7b,alphabetical_answer_think,476,0.6,0.4,0.4,1,Ambiguous/Mixed
mistral_7b,alphabetical_answer_think,481,0.9,0.6,-0.6,0,Coherent Hallucination
mistral_7b,alphabetical_answer_think,482,0.9,0.6,0.6,1,Sound Reasoning
mistral_7b,alphabetical_answer_think,477,0.6,0.4,-0.4,0,Coherent Hallucination
mistral_7b,alphabetical_answer_think,484,0.9,0.6,0.6,1,Sound Reasoning
mistral_7b,alphabetical_answer_think,488,0.9,0.6,0.6,1,Sound Reasoning
mistral_7b,alphabetical_answer_think,483,0.9,0.6,-0.6,0,Coherent Hallucination
mistral_7b,alphabetical_answer_think,480,0.9,0.6,0.6,1,Sound Reasoning
mistral_7b,alphabetical_answer_think,485,0.9,0.6,-0.6,0,Coherent Hallucination
mistral_7b,alphabetical_answer_think,490,0.9,0.6,0.6,1,Sound Reasoning
mistral_7b,alphabetical_answer_think,489,0.9,0.6,-0.6,0,Coherent Hallucination
mistral_7b,alphabetical_answer_think,478,0.6,0.4,0.4,1,Coherent Hallucination
mistral_7b,alphabetical_answer_think,493,0.9,0.6,-0.6,0,Coherent Hallucination
mistral_7b,alphabetical_answer_think,491,0.9,0.6,-0.6,0,Coherent Hallucination
mistral_7b,alphabetical_answer_think,487,0.9,0.6,-0.6,0,Coherent Hallucination
mistral_7b,alphabetical_answer_think,492,0.9,0.6,0.6,1,Sound Reasoning
mistral_7b,alphabetical_answer_think,498,0.9,0.6,0.6,1,Sound Reasoning
mistral_7b,alphabetical_answer_think,504,0.9,0.6,0.6,1,Sound Reasoning
mistral_7b,alphabetical_answer_think,486,0.9,0.6,0.6,1,Coherent Hallucination
mistral_7b,alphabetical_answer_think,494,0.9,0.6,0.6,1,Sound Reasoning
mistral_7b,alphabetical_answer_think,497,0.9,0.6,-0.6,0,Coherent Hallucination
mistral_7b,alphabetical_answer_think,495,0.9,0.6,-0.6,0,Coherent Hallucination
mistral_7b,alphabetical_answer_think,500,0.9,0.6,0.6,1,Coherent Hallucination
mistral_7b,alphabetical_answer_think,506,0.9,0.6,0.6,1,Sound Reasoning
mistral_7b,alphabetical_answer_think,502,0.9,0.6,0.6,1,Sound Reasoning
mistral_7b,alphabetical_answer_think,505,0.9,0.6,-0.6,0,Coherent Hallucination
mistral_7b,alphabetical_answer_think,499,0.9,0.6,-0.6,0,Coherent Hallucination
mistral_7b,alphabetical_answer_think,496,0.9,0.6,0.6,1,Sound Reasoning
mistral_7b,alphabetical_answer_think,503,0.9,0.6,-0.6,0,Coherent Hallucination
mistral_7b,alphabetical_answer_think,507,0.9,0.6,-0.6,0,Incoherent Hallucination
mistral_7b,alphabetical_answer_think,509,0.9,0.6,-0.6,0,Coherent Hallucination
mistral_7b,alphabetical_answer_think,508,0.9,0.6,0.6,1,Sound Reasoning
mistral_7b,alphabetical_answer_think,511,0.9,0.6,-0.6,0,Coherent Hallucination
mistral_7b,alphabetical_answer_think,512,0.9,0.6,-0.6,0,Coherent Hallucination
mistral_7b,alphabetical_answer_think,515,0.9,0.6,-0.6,0,Coherent Hallucination
mistral_7b,alphabetical_answer_think,501,0.9,0.6,-0.6,0,Coherent Hallucination
mistral_7b,alphabetical_answer_think,518,0.9,0.6,0.6,1,Coherent Hallucination
mistral_7b,alphabetical_answer_think,514,0.9,0.6,0.6,1,Sound Reasoning
mistral_7b,alphabetical_answer_think,520,0.9,0.6,0.6,1,Coherent Hallucination
mistral_7b,alphabetical_answer_think,517,0.9,0.6,-0.6,0,Coherent Hallucination
mistral_7b,alphabetical_answer_think,510,0.9,0.6,0.6,1,Coherent Hallucination
mistral_7b,alphabetical_answer_think,524,0.9,0.6,0.6,1,Sound Reasoning
mistral_7b,alphabetical_answer_think,521,0.9,0.6,-0.6,0,Coherent Hallucination
mistral_7b,alphabetical_answer_think,519,0.9,0.6,-0.6,0,Coherent Hallucination
mistral_7b,alphabetical_answer_think,516,0.9,0.6,0.6,1,Coherent Hallucination
mistral_7b,alphabetical_answer_think,526,0.9,0.6,0.6,1,Sound Reasoning
mistral_7b,alphabetical_answer_think,525,0.9,0.6,-0.6,0,Coherent Hallucination
mistral_7b,alphabetical_answer_think,531,0.9,0.6,-0.6,0,Incoherent Hallucination
mistral_7b,alphabetical_answer_think,522,0.9,0.6,0.6,1,Sound Reasoning
mistral_7b,alphabetical_answer_think,529,0.9,0.6,-0.6,0,Coherent Hallucination
mistral_7b,alphabetical_answer_think,513,0.9,0.6,0.6,1,Sound Reasoning
mistral_7b,alphabetical_answer_think,527,0.9,0.6,-0.6,0,Coherent Hallucination
mistral_7b,alphabetical_answer_think,523,0.9,0.6,-0.6,0,Coherent Hallucination
mistral_7b,alphabetical_answer_think,528,0.9,0.6,0.6,1,Sound Reasoning
mistral_7b,alphabetical_answer_think,530,0.9,0.6,0.6,1,Coherent Hallucination
mistral_7b,alphabetical_answer_think,535,0.9,0.6,-0.6,0,Coherent Hallucination
mistral_7b,alphabetical_answer_think,533,0.9,0.6,-0.6,0,Coherent Hallucination
mistral_7b,alphabetical_answer_think,538,0.9,0.6,0.6,1,Sound Reasoning
mistral_7b,alphabetical_answer_think,536,0.9,0.6,0.6,1,Sound Reasoning
mistral_7b,alphabetical_answer_think,540,1.2,0.8,0.8,1,Sound Reasoning
mistral_7b,alphabetical_answer_think,542,1.2,0.8,0.8,1,Sound Reasoning
mistral_7b,alphabetical_answer_think,544,1.2,0.8,0.8,1,Sound Reasoning
mistral_7b,alphabetical_answer_think,548,1.2,0.8,0.8,1,Sound Reasoning
mistral_7b,alphabetical_answer_think,532,0.9,0.6,0.6,1,Incoherent Hallucination
mistral_7b,alphabetical_answer_think,541,1.2,0.8,-0.8,0,Incoherent Hallucination
mistral_7b,alphabetical_answer_think,534,0.9,0.6,0.6,1,Ambiguous/Mixed
mistral_7b,alphabetical_answer_think,537,0.9,0.6,-0.6,0,Coherent Hallucination
mistral_7b,alphabetical_answer_think,547,1.2,0.8,-0.8,0,Coherent Hallucination
mistral_7b,alphabetical_answer_think,539,0.9,0.6,-0.6,0,Coherent Hallucination
mistral_7b,alphabetical_answer_think,549,1.2,0.8,-0.8,0,Coherent Hallucination
mistral_7b,alphabetical_answer_think,543,1.2,0.8,-0.8,0,Coherent Hallucination
mistral_7b,alphabetical_answer_think,545,1.2,0.8,-0.8,0,Coherent Hallucination
mistral_7b,alphabetical_answer_think,553,1.2,0.8,-0.8,0,Coherent Hallucination
mistral_7b,alphabetical_answer_think,546,1.2,0.8,0.8,1,Coherent Hallucination
mistral_7b,alphabetical_answer_think,550,1.2,0.8,0.8,1,Sound Reasoning
mistral_7b,alphabetical_answer_think,551,1.2,0.8,-0.8,0,Coherent Hallucination
mistral_7b,alphabetical_answer_think,554,1.2,0.8,0.8,1,Sound Reasoning
mistral_7b,alphabetical_answer_think,552,1.2,0.8,0.8,1,Sound Reasoning
mistral_7b,alphabetical_answer_think,555,1.2,0.8,-0.8,0,Coherent Hallucination
mistral_7b,alphabetical_answer_think,558,1.2,0.8,0.8,1,Sound Reasoning
mistral_7b,alphabetical_answer_think,562,1.2,0.8,0.8,1,Sound Reasoning
mistral_7b,alphabetical_answer_think,557,1.2,0.8,-0.8,0,Coherent Hallucination
mistral_7b,alphabetical_answer_think,559,1.2,0.8,-0.8,0,Coherent Hallucination
mistral_7b,alphabetical_answer_think,561,1.2,0.8,-0.8,0,Coherent Hallucination
mistral_7b,alphabetical_answer_think,563,1.2,0.8,-0.8,0,Incoherent Hallucination
mistral_7b,alphabetical_answer_think,560,1.2,0.8,0.8,1,Sound Reasoning
mistral_7b,alphabetical_answer_think,566,1.2,0.8,0.8,1,Sound Reasoning
mistral_7b,alphabetical_answer_think,565,1.2,0.8,-0.8,0,Coherent Hallucination
mistral_7b,alphabetical_answer_think,570,1.2,0.8,0.8,1,Sound Reasoning
mistral_7b,alphabetical_answer_think,564,1.2,0.8,0.8,1,Sound Reasoning
mistral_7b,alphabetical_answer_think,571,1.2,0.8,-0.8,0,Coherent Hallucination
mistral_7b,alphabetical_answer_think,567,1.2,0.8,-0.8,0,Coherent Hallucination
mistral_7b,alphabetical_answer_think,556,1.2,0.8,0.8,1,Ambiguous/Mixed
mistral_7b,alphabetical_answer_think,572,1.2,0.8,-0.8,0,Coherent Hallucination
mistral_7b,alphabetical_answer_think,573,1.2,0.8,0.8,1,Coherent Hallucination
mistral_7b,alphabetical_answer_think,576,1.2,0.8,0.8,1,Coherent Hallucination
mistral_7b,alphabetical_answer_think,568,1.2,0.8,0.8,1,Ambiguous/Mixed
mistral_7b,alphabetical_answer_think,575,1.2,0.8,-0.8,0,Coherent Hallucination
mistral_7b,alphabetical_answer_think,574,1.2,0.8,0.8,1,Incoherent Hallucination
mistral_7b,alphabetical_answer_think,569,1.2,0.8,-0.8,0,Coherent Hallucination
mistral_7b,alphabetical_answer_think,578,1.2,0.8,0.8,1,Sound Reasoning
mistral_7b,alphabetical_answer_think,585,1.2,0.8,-0.8,0,Coherent Hallucination
mistral_7b,alphabetical_answer_think,577,1.2,0.8,-0.8,0,Coherent Hallucination
mistral_7b,alphabetical_answer_think,579,1.2,0.8,-0.8,0,Coherent Hallucination
mistral_7b,alphabetical_answer_think,582,1.2,0.8,0.8,1,Sound Reasoning
mistral_7b,alphabetical_answer_think,584,1.2,0.8,0.8,1,Sound Reasoning
mistral_7b,alphabetical_answer_think,580,1.2,0.8,0.8,1,Coherent Hallucination
mistral_7b,alphabetical_answer_think,583,1.2,0.8,-0.8,0,Coherent Hallucination
mistral_7b,alphabetical_answer_think,586,1.2,0.8,0.8,1,Ambiguous/Mixed
mistral_7b,alphabetical_answer_think,587,1.2,0.8,-0.8,0,Coherent Hallucination
mistral_7b,alphabetical_answer_think,581,1.2,0.8,-0.8,0,Coherent Hallucination
mistral_7b,alphabetical_answer_think,591,1.2,0.8,-0.8,0,Coherent Hallucination
mistral_7b,alphabetical_answer_think,589,1.2,0.8,-0.8,0,Coherent Hallucination
mistral_7b,alphabetical_answer_think,600,1.5,1.0,1.0,1,Sound Reasoning
mistral_7b,alphabetical_answer_think,590,1.2,0.8,0.8,1,Ambiguous/Mixed
mistral_7b,alphabetical_answer_think,588,1.2,0.8,0.8,1,Ambiguous/Mixed
mistral_7b,alphabetical_answer_think,592,1.2,0.8,0.8,1,Sound Reasoning
mistral_7b,alphabetical_answer_think,595,1.2,0.8,-0.8,0,Coherent Hallucination
mistral_7b,alphabetical_answer_think,597,1.2,0.8,-0.8,0,Coherent Hallucination
mistral_7b,alphabetical_answer_think,594,1.2,0.8,0.8,1,Incoherent Hallucination
mistral_7b,alphabetical_answer_think,593,1.2,0.8,-0.8,0,Coherent Hallucination
mistral_7b,alphabetical_answer_think,603,1.5,1.0,-1.0,0,Coherent Hallucination
mistral_7b,alphabetical_answer_think,596,1.2,0.8,0.8,1,Ambiguous/Mixed
mistral_7b,alphabetical_answer_think,599,1.2,0.8,-0.8,0,Coherent Hallucination
mistral_7b,alphabetical_answer_think,601,1.5,1.0,-1.0,0,Coherent Hallucination
mistral_7b,alphabetical_answer_think,602,1.5,1.0,1.0,1,Sound Reasoning
mistral_7b,alphabetical_answer_think,606,1.5,1.0,1.0,1,Sound Reasoning
mistral_7b,alphabetical_answer_think,605,1.5,1.0,-1.0,0,Coherent Hallucination
mistral_7b,alphabetical_answer_think,598,1.2,0.8,0.8,1,Ambiguous/Mixed
mistral_7b,alphabetical_answer_think,604,1.5,1.0,1.0,1,Sound Reasoning
mistral_7b,alphabetical_answer_think,614,1.5,1.0,1.0,1,Sound Reasoning
mistral_7b,alphabetical_answer_think,612,1.5,1.0,1.0,1,Sound Reasoning
mistral_7b,alphabetical_answer_think,607,1.5,1.0,-1.0,0,Coherent Hallucination
mistral_7b,alphabetical_answer_think,610,1.5,1.0,1.0,1,Sound Reasoning
mistral_7b,alphabetical_answer_think,609,1.5,1.0,-1.0,0,Coherent Hallucination
mistral_7b,alphabetical_answer_think,618,1.5,1.0,1.0,1,Sound Reasoning
mistral_7b,alphabetical_answer_think,615,1.5,1.0,-1.0,0,Coherent Hallucination
mistral_7b,alphabetical_answer_think,611,1.5,1.0,-1.0,0,Coherent Hallucination
mistral_7b,alphabetical_answer_think,617,1.5,1.0,-1.0,0,Coherent Hallucination
mistral_7b,alphabetical_answer_think,608,1.5,1.0,1.0,1,Sound Reasoning
mistral_7b,alphabetical_answer_think,613,1.5,1.0,-1.0,0,Coherent Hallucination
mistral_7b,alphabetical_answer_think,616,1.5,1.0,1.0,1,Sound Reasoning
mistral_7b,alphabetical_answer_think,620,1.5,1.0,1.0,1,Sound Reasoning
mistral_7b,alphabetical_answer_think,624,1.5,1.0,1.0,1,Sound Reasoning
mistral_7b,alphabetical_answer_think,622,1.5,1.0,1.0,1,Sound Reasoning
mistral_7b,alphabetical_answer_think,623,1.5,1.0,-1.0,0,Coherent Hallucination
mistral_7b,alphabetical_answer_think,619,1.5,1.0,-1.0,0,Coherent Hallucination
mistral_7b,alphabetical_answer_think,627,1.5,1.0,-1.0,0,Incoherent Hallucination
mistral_7b,alphabetical_answer_think,626,1.5,1.0,1.0,1,Sound Reasoning
mistral_7b,alphabetical_answer_think,629,1.5,1.0,-1.0,0,Coherent Hallucination
mistral_7b,alphabetical_answer_think,631,1.5,1.0,-1.0,0,Coherent Hallucination
mistral_7b,alphabetical_answer_think,621,1.5,1.0,-1.0,0,Coherent Hallucination
mistral_7b,alphabetical_answer_think,628,1.5,1.0,1.0,1,Coherent Hallucination
mistral_7b,alphabetical_answer_think,625,1.5,1.0,-1.0,0,Incoherent Hallucination
mistral_7b,alphabetical_answer_think,630,1.5,1.0,1.0,1,Sound Reasoning
mistral_7b,alphabetical_answer_think,634,1.5,1.0,1.0,1,Coherent Hallucination
mistral_7b,alphabetical_answer_think,637,1.5,1.0,-1.0,0,Coherent Hallucination
mistral_7b,alphabetical_answer_think,635,1.5,1.0,-1.0,0,Coherent Hallucination
mistral_7b,alphabetical_answer_think,633,1.5,1.0,1.0,1,Sound Reasoning
mistral_7b,alphabetical_answer_think,638,1.5,1.0,1.0,1,Sound Reasoning
mistral_7b,alphabetical_answer_think,632,1.5,1.0,-1.0,0,Ambiguous/Mixed
mistral_7b,alphabetical_answer_think,642,1.5,1.0,1.0,1,Sound Reasoning
mistral_7b,alphabetical_answer_think,648,1.5,1.0,1.0,1,Coherent Hallucination
mistral_7b,alphabetical_answer_think,636,1.5,1.0,1.0,1,Ambiguous/Mixed
mistral_7b,alphabetical_answer_think,647,1.5,1.0,-1.0,0,Coherent Hallucination
mistral_7b,alphabetical_answer_think,643,1.5,1.0,-1.0,0,Coherent Hallucination
mistral_7b,alphabetical_answer_think,644,1.5,1.0,1.0,1,Sound Reasoning
mistral_7b,alphabetical_answer_think,645,1.5,1.0,-1.0,0,Coherent Hallucination
mistral_7b,alphabetical_answer_think,640,1.5,1.0,1.0,1,Coherent Hallucination
mistral_7b,alphabetical_answer_think,650,1.5,1.0,1.0,1,Sound Reasoning
mistral_7b,alphabetical_answer_think,652,1.5,1.0,1.0,1,Coherent Hallucination
mistral_7b,alphabetical_answer_think,646,1.5,1.0,1.0,1,Sound Reasoning
mistral_7b,alphabetical_answer_think,654,1.5,1.0,1.0,1,Sound Reasoning
mistral_7b,alphabetical_answer_think,655,1.5,1.0,-1.0,0,Coherent Hallucination
mistral_7b,alphabetical_answer_think,651,1.5,1.0,-1.0,0,Coherent Hallucination
mistral_7b,alphabetical_answer_think,653,1.5,1.0,-1.0,0,Coherent Hallucination
mistral_7b,alphabetical_answer_think,649,1.5,1.0,-1.0,0,Coherent Hallucination
mistral_7b,alphabetical_answer_think,657,1.5,1.0,-1.0,0,Incoherent Hallucination
mistral_7b,alphabetical_answer_think,656,1.5,1.0,1.0,1,Coherent Hallucination
mistral_7b,alphabetical_answer_think,659,1.5,1.0,-1.0,0,Coherent Hallucination
mistral_7b,alphabetical_answer_think,641,1.5,1.0,-1.0,0,Ambiguous/Mixed
mistral_7b,alphabetical_answer_think,639,1.5,1.0,-1.0,0,Coherent Hallucination
mistral_7b,alphabetical_answer_think,658,1.5,1.0,1.0,1,Coherent Hallucination
gemma2_9b,alphabetical_think_answer,13,-97.0,-1.0,1.0,1,Incoherent Hallucination
gemma2_9b,alphabetical_think_answer,1,-97.0,-1.0,1.0,1,Sound Reasoning
gemma2_9b,alphabetical_think_answer,6,-97.0,-1.0,-1.0,0,Contradictory Reasoning
gemma2_9b,alphabetical_think_answer,19,-97.0,-1.0,1.0,1,Sound Reasoning
gemma2_9b,alphabetical_think_answer,11,-97.0,-1.0,1.0,1,Incoherent Hallucination
gemma2_9b,alphabetical_think_answer,16,-97.0,-1.0,-1.0,0,Contradictory Reasoning
gemma2_9b,alphabetical_think_answer,4,-97.0,-1.0,-1.0,0,Contradictory Reasoning
gemma2_9b,alphabetical_think_answer,0,-97.0,-1.0,-1.0,0,Contradictory Reasoning
gemma2_9b,alphabetical_think_answer,12,-97.0,-1.0,-1.0,0,Contradictory Reasoning
gemma2_9b,alphabetical_think_answer,9,-97.0,-1.0,1.0,1,Incoherent Hallucination
gemma2_9b,alphabetical_think_answer,3,-97.0,-1.0,1.0,1,Coherent Hallucination
gemma2_9b,alphabetical_think_answer,8,-97.0,-1.0,-1.0,0,Contradictory Reasoning
gemma2_9b,alphabetical_think_answer,14,-97.0,-1.0,-1.0,0,Contradictory Reasoning
gemma2_9b,alphabetical_think_answer,15,-97.0,-1.0,1.0,1,Coherent Hallucination
gemma2_9b,alphabetical_think_answer,7,-97.0,-1.0,1.0,1,Incoherent Hallucination
gemma2_9b,alphabetical_think_answer,10,-97.0,-1.0,-1.0,0,Contradictory Reasoning
gemma2_9b,alphabetical_think_answer,2,-97.0,-1.0,-1.0,0,Contradictory Reasoning
gemma2_9b,alphabetical_think_answer,5,-97.0,-1.0,1.0,1,Sound Reasoning
gemma2_9b,alphabetical_think_answer,17,-97.0,-1.0,1.0,1,Contradictory Reasoning
gemma2_9b,alphabetical_think_answer,20,-97.0,-1.0,-1.0,0,Contradictory Reasoning
gemma2_9b,alphabetical_think_answer,27,-97.0,-1.0,1.0,1,Sound Reasoning
gemma2_9b,alphabetical_think_answer,21,-97.0,-1.0,1.0,1,Incoherent Hallucination
gemma2_9b,alphabetical_think_answer,18,-97.0,-1.0,-1.0,0,Contradictory Reasoning
gemma2_9b,alphabetical_think_answer,29,-97.0,-1.0,1.0,1,Incoherent Hallucination
gemma2_9b,alphabetical_think_answer,23,-97.0,-1.0,1.0,1,Sound Reasoning
gemma2_9b,alphabetical_think_answer,26,-97.0,-1.0,-1.0,0,Contradictory Reasoning
gemma2_9b,alphabetical_think_answer,25,-97.0,-1.0,1.0,1,Incoherent Hallucination
gemma2_9b,alphabetical_think_answer,22,-97.0,-1.0,-1.0,0,Coherent Hallucination
gemma2_9b,alphabetical_think_answer,32,-97.0,-1.0,1.0,1,Incoherent Hallucination
gemma2_9b,alphabetical_think_answer,35,-97.0,-1.0,1.0,1,Incoherent Hallucination
gemma2_9b,alphabetical_think_answer,24,-97.0,-1.0,-1.0,0,Contradictory Reasoning
gemma2_9b,alphabetical_think_answer,30,-97.0,-1.0,-1.0,0,Contradictory Reasoning
gemma2_9b,alphabetical_think_answer,31,-97.0,-1.0,1.0,1,Incoherent Hallucination
gemma2_9b,alphabetical_think_answer,34,-97.0,-1.0,-1.0,0,Contradictory Reasoning
gemma2_9b,alphabetical_think_answer,36,-97.0,-1.0,-1.0,0,Contradictory Reasoning
gemma2_9b,alphabetical_think_answer,28,-97.0,-1.0,-1.0,0,Contradictory Reasoning
gemma2_9b,alphabetical_think_answer,33,-97.0,-1.0,-1.0,0,Incoherent Hallucination
gemma2_9b,alphabetical_think_answer,37,-97.0,-1.0,1.0,1,Incoherent Hallucination
gemma2_9b,alphabetical_think_answer,40,-97.0,-1.0,-1.0,0,Incoherent Hallucination
gemma2_9b,alphabetical_think_answer,42,-97.0,-1.0,-1.0,0,Contradictory Reasoning
gemma2_9b,alphabetical_think_answer,46,-97.0,-1.0,-1.0,0,Incoherent Hallucination
gemma2_9b,alphabetical_think_answer,49,-97.0,-1.0,1.0,1,Incoherent Hallucination
gemma2_9b,alphabetical_think_answer,39,-97.0,-1.0,1.0,1,Incoherent Hallucination
gemma2_9b,alphabetical_think_answer,38,-97.0,-1.0,-1.0,0,Contradictory Reasoning
gemma2_9b,alphabetical_think_answer,41,-97.0,-1.0,1.0,1,Incoherent Hallucination
gemma2_9b,alphabetical_think_answer,52,-97.0,-1.0,-1.0,0,Incoherent Hallucination
gemma2_9b,alphabetical_think_answer,45,-97.0,-1.0,1.0,1,Incoherent Hallucination
gemma2_9b,alphabetical_think_answer,48,-97.0,-1.0,-1.0,0,Contradictory Reasoning
gemma2_9b,alphabetical_think_answer,51,-97.0,-1.0,1.0,1,Incoherent Hallucination
gemma2_9b,alphabetical_think_answer,50,-97.0,-1.0,-1.0,0,Contradictory Reasoning
gemma2_9b,alphabetical_think_answer,53,-97.0,-1.0,1.0,1,Incoherent Hallucination
gemma2_9b,alphabetical_think_answer,57,-97.0,-1.0,1.0,1,Incoherent Hallucination
gemma2_9b,alphabetical_think_answer,43,-97.0,-1.0,1.0,1,Incoherent Hallucination
gemma2_9b,alphabetical_think_answer,54,-97.0,-1.0,-1.0,0,Contradictory Reasoning
gemma2_9b,alphabetical_think_answer,47,-97.0,-1.0,1.0,1,Incoherent Hallucination
gemma2_9b,alphabetical_think_answer,58,-97.0,-1.0,-1.0,0,Contradictory Reasoning
gemma2_9b,alphabetical_think_answer,44,-97.0,-1.0,-1.0,0,Incoherent Hallucination
gemma2_9b,alphabetical_think_answer,61,-77.6,-0.8,0.8,1,Sound Reasoning
gemma2_9b,alphabetical_think_answer,60,-77.6,-0.8,-0.8,1,Sound Reasoning
gemma2_9b,alphabetical_think_answer,56,-97.0,-1.0,-1.0,0,Contradictory Reasoning
gemma2_9b,alphabetical_think_answer,55,-97.0,-1.0,1.0,1,Incoherent Hallucination
gemma2_9b,alphabetical_think_answer,64,-77.6,-0.8,-0.8,0,Contradictory Reasoning
gemma2_9b,alphabetical_think_answer,62,-77.6,-0.8,-0.8,1,Sound Reasoning
gemma2_9b,alphabetical_think_answer,70,-77.6,-0.8,-0.8,0,Contradictory Reasoning
gemma2_9b,alphabetical_think_answer,72,-77.6,-0.8,-0.8,1,Sound Reasoning
gemma2_9b,alphabetical_think_answer,68,-77.6,-0.8,-0.8,1,Sound Reasoning
gemma2_9b,alphabetical_think_answer,59,-97.0,-1.0,1.0,1,Incoherent Hallucination
gemma2_9b,alphabetical_think_answer,63,-77.6,-0.8,0.8,1,Sound Reasoning
gemma2_9b,alphabetical_think_answer,69,-77.6,-0.8,0.8,0,Coherent Hallucination
gemma2_9b,alphabetical_think_answer,71,-77.6,-0.8,0.8,1,Incoherent Hallucination
gemma2_9b,alphabetical_think_answer,67,-77.6,-0.8,0.8,1,Incoherent Hallucination
gemma2_9b,alphabetical_think_answer,65,-77.6,-0.8,0.8,0,Coherent Hallucination
gemma2_9b,alphabetical_think_answer,73,-77.6,-0.8,0.8,1,Incoherent Hallucination
gemma2_9b,alphabetical_think_answer,66,-77.6,-0.8,-0.8,0,Contradictory Reasoning
gemma2_9b,alphabetical_think_answer,76,-77.6,-0.8,-0.8,0,Contradictory Reasoning
gemma2_9b,alphabetical_think_answer,77,-77.6,-0.8,0.8,1,Incoherent Hallucination
gemma2_9b,alphabetical_think_answer,74,-77.6,-0.8,-0.8,1,Sound Reasoning
gemma2_9b,alphabetical_think_answer,78,-77.6,-0.8,-0.8,1,Sound Reasoning
gemma2_9b,alphabetical_think_answer,79,-77.6,-0.8,0.8,1,Sound Reasoning
gemma2_9b,alphabetical_think_answer,81,-77.6,-0.8,0.8,1,Incoherent Hallucination
gemma2_9b,alphabetical_think_answer,75,-77.6,-0.8,0.8,0,Coherent Hallucination
gemma2_9b,alphabetical_think_answer,80,-77.6,-0.8,-0.8,1,Sound Reasoning
gemma2_9b,alphabetical_think_answer,85,-77.6,-0.8,0.8,1,Incoherent Hallucination
gemma2_9b,alphabetical_think_answer,87,-77.6,-0.8,0.8,0,Coherent Hallucination
gemma2_9b,alphabetical_think_answer,86,-77.6,-0.8,-0.8,1,Sound Reasoning
gemma2_9b,alphabetical_think_answer,89,-77.6,-0.8,0.8,1,Incoherent Hallucination
gemma2_9b,alphabetical_think_answer,82,-77.6,-0.8,-0.8,1,Sound Reasoning
gemma2_9b,alphabetical_think_answer,84,-77.6,-0.8,-0.8,1,Sound Reasoning
gemma2_9b,alphabetical_think_answer,93,-77.6,-0.8,-0.8,0,Incoherent Hallucination
gemma2_9b,alphabetical_think_answer,83,-77.6,-0.8,0.8,0,Coherent Hallucination
gemma2_9b,alphabetical_think_answer,90,-77.6,-0.8,-0.8,1,Sound Reasoning
gemma2_9b,alphabetical_think_answer,94,-77.6,-0.8,-0.8,1,Sound Reasoning
gemma2_9b,alphabetical_think_answer,88,-77.6,-0.8,-0.8,1,Coherent Hallucination
gemma2_9b,alphabetical_think_answer,92,-77.6,-0.8,0.8,0,Coherent Hallucination
gemma2_9b,alphabetical_think_answer,95,-77.6,-0.8,0.8,0,Coherent Hallucination
gemma2_9b,alphabetical_think_answer,98,-77.6,-0.8,-0.8,0,Contradictory Reasoning
gemma2_9b,alphabetical_think_answer,91,-77.6,-0.8,0.8,0,Coherent Hallucination
gemma2_9b,alphabetical_think_answer,96,-77.6,-0.8,-0.8,1,Sound Reasoning
gemma2_9b,alphabetical_think_answer,97,-77.6,-0.8,0.8,0,Coherent Hallucination
gemma2_9b,alphabetical_think_answer,102,-77.6,-0.8,-0.8,1,Sound Reasoning
gemma2_9b,alphabetical_think_answer,104,-77.6,-0.8,-0.8,1,Ambiguous/Mixed
gemma2_9b,alphabetical_think_answer,103,-77.6,-0.8,0.8,0,Coherent Hallucination
gemma2_9b,alphabetical_think_answer,101,-77.6,-0.8,0.8,0,Incoherent Hallucination
gemma2_9b,alphabetical_think_answer,110,-77.6,-0.8,-0.8,1,Sound Reasoning
gemma2_9b,alphabetical_think_answer,99,-77.6,-0.8,0.8,0,Coherent Hallucination
gemma2_9b,alphabetical_think_answer,107,-77.6,-0.8,0.8,0,Coherent Hallucination
gemma2_9b,alphabetical_think_answer,109,-77.6,-0.8,0.8,0,Coherent Hallucination
gemma2_9b,alphabetical_think_answer,106,-77.6,-0.8,-0.8,1,Coherent Hallucination
gemma2_9b,alphabetical_think_answer,105,-77.6,-0.8,0.8,0,Coherent Hallucination
gemma2_9b,alphabetical_think_answer,114,-77.6,-0.8,-0.8,1,Sound Reasoning
gemma2_9b,alphabetical_think_answer,112,-77.6,-0.8,-0.8,1,Coherent Hallucination
gemma2_9b,alphabetical_think_answer,108,-77.6,-0.8,-0.8,0,Contradictory Reasoning
gemma2_9b,alphabetical_think_answer,100,-77.6,-0.8,-0.8,1,Coherent Hallucination
gemma2_9b,alphabetical_think_answer,115,-77.6,-0.8,0.8,0,Coherent Hallucination
gemma2_9b,alphabetical_think_answer,116,-77.6,-0.8,-0.8,1,Sound Reasoning
gemma2_9b,alphabetical_think_answer,113,-77.6,-0.8,0.8,0,Coherent Hallucination
gemma2_9b,alphabetical_think_answer,118,-77.6,-0.8,-0.8,1,Sound Reasoning
gemma2_9b,alphabetical_think_answer,121,-58.2,-0.6,0.6,1,Sound Reasoning
gemma2_9b,alphabetical_think_answer,122,-58.2,-0.6,-0.6,1,Sound Reasoning
gemma2_9b,alphabetical_think_answer,120,-58.2,-0.6,-0.6,1,Sound Reasoning
gemma2_9b,alphabetical_think_answer,119,-77.6,-0.8,0.8,0,Coherent Hallucination
gemma2_9b,alphabetical_think_answer,111,-77.6,-0.8,0.8,0,Coherent Hallucination
gemma2_9b,alphabetical_think_answer,129,-58.2,-0.6,0.6,0,Coherent Hallucination
gemma2_9b,alphabetical_think_answer,134,-58.2,-0.6,-0.6,1,Sound Reasoning
gemma2_9b,alphabetical_think_answer,125,-58.2,-0.6,0.6,0,Coherent Hallucination
gemma2_9b,alphabetical_think_answer,123,-58.2,-0.6,0.6,1,Sound Reasoning
gemma2_9b,alphabetical_think_answer,124,-58.2,-0.6,-0.6,1,Sound Reasoning
gemma2_9b,alphabetical_think_answer,117,-77.6,-0.8,0.8,0,Coherent Hallucination
gemma2_9b,alphabetical_think_answer,128,-58.2,-0.6,-0.6,1,Sound Reasoning
gemma2_9b,alphabetical_think_answer,130,-58.2,-0.6,-0.6,1,Sound Reasoning
gemma2_9b,alphabetical_think_answer,126,-58.2,-0.6,-0.6,1,Sound Reasoning
gemma2_9b,alphabetical_think_answer,132,-58.2,-0.6,-0.6,1,Sound Reasoning
gemma2_9b,alphabetical_think_answer,127,-58.2,-0.6,0.6,0,Coherent Hallucination
gemma2_9b,alphabetical_think_answer,136,-58.2,-0.6,-0.6,1,Sound Reasoning
gemma2_9b,alphabetical_think_answer,135,-58.2,-0.6,0.6,0,Coherent Hallucination
gemma2_9b,alphabetical_think_answer,138,-58.2,-0.6,-0.6,1,Sound Reasoning
gemma2_9b,alphabetical_think_answer,133,-58.2,-0.6,0.6,0,Coherent Hallucination
gemma2_9b,alphabetical_think_answer,131,-58.2,-0.6,0.6,0,Coherent Hallucination
gemma2_9b,alphabetical_think_answer,139,-58.2,-0.6,0.6,0,Incoherent Hallucination
gemma2_9b,alphabetical_think_answer,140,-58.2,-0.6,-0.6,1,Sound Reasoning
gemma2_9b,alphabetical_think_answer,144,-58.2,-0.6,-0.6,1,Sound Reasoning
gemma2_9b,alphabetical_think_answer,137,-58.2,-0.6,0.6,1,Incoherent Hallucination
gemma2_9b,alphabetical_think_answer,141,-58.2,-0.6,0.6,0,Coherent Hallucination
gemma2_9b,alphabetical_think_answer,148,-58.2,-0.6,-0.6,1,Sound Reasoning
gemma2_9b,alphabetical_think_answer,145,-58.2,-0.6,0.6,0,Coherent Hallucination
gemma2_9b,alphabetical_think_answer,147,-58.2,-0.6,0.6,0,Coherent Hallucination
gemma2_9b,alphabetical_think_answer,146,-58.2,-0.6,-0.6,1,Sound Reasoning
gemma2_9b,alphabetical_think_answer,151,-58.2,-0.6,0.6,0,Coherent Hallucination
gemma2_9b,alphabetical_think_answer,158,-58.2,-0.6,-0.6,1,Sound Reasoning
gemma2_9b,alphabetical_think_answer,143,-58.2,-0.6,0.6,0,Coherent Hallucination
gemma2_9b,alphabetical_think_answer,150,-58.2,-0.6,-0.6,1,Sound Reasoning
gemma2_9b,alphabetical_think_answer,142,-58.2,-0.6,-0.6,1,Ambiguous/Mixed
gemma2_9b,alphabetical_think_answer,154,-58.2,-0.6,-0.6,1,Coherent Hallucination
gemma2_9b,alphabetical_think_answer,152,-58.2,-0.6,0.6,0,Coherent Hallucination
gemma2_9b,alphabetical_think_answer,161,-58.2,-0.6,0.6,0,Incoherent Hallucination
gemma2_9b,alphabetical_think_answer,160,-58.2,-0.6,-0.6,1,Sound Reasoning
gemma2_9b,alphabetical_think_answer,159,-58.2,-0.6,0.6,0,Coherent Hallucination
gemma2_9b,alphabetical_think_answer,153,-58.2,-0.6,-0.6,0,Contradictory Reasoning
gemma2_9b,alphabetical_think_answer,155,-58.2,-0.6,0.6,0,Coherent Hallucination
gemma2_9b,alphabetical_think_answer,156,-58.2,-0.6,-0.6,1,Sound Reasoning
gemma2_9b,alphabetical_think_answer,164,-58.2,-0.6,-0.6,1,Sound Reasoning
gemma2_9b,alphabetical_think_answer,157,-58.2,-0.6,0.6,0,Coherent Hallucination
gemma2_9b,alphabetical_think_answer,162,-58.2,-0.6,-0.6,1,Sound Reasoning
gemma2_9b,alphabetical_think_answer,149,-58.2,-0.6,0.6,0,Coherent Hallucination
gemma2_9b,alphabetical_think_answer,169,-58.2,-0.6,0.6,0,Incoherent Hallucination
gemma2_9b,alphabetical_think_answer,166,-58.2,-0.6,-0.6,1,Sound Reasoning
gemma2_9b,alphabetical_think_answer,165,-58.2,-0.6,0.6,0,Coherent Hallucination
gemma2_9b,alphabetical_think_answer,172,-58.2,-0.6,-0.6,1,Coherent Hallucination
gemma2_9b,alphabetical_think_answer,163,-58.2,-0.6,0.6,0,Coherent Hallucination
gemma2_9b,alphabetical_think_answer,171,-58.2,-0.6,0.6,0,Contradictory Reasoning
gemma2_9b,alphabetical_think_answer,176,-58.2,-0.6,-0.6,1,Sound Reasoning
gemma2_9b,alphabetical_think_answer,170,-58.2,-0.6,-0.6,1,Sound Reasoning
gemma2_9b,alphabetical_think_answer,168,-58.2,-0.6,-0.6,1,Incoherent Hallucination
gemma2_9b,alphabetical_think_answer,182,-38.8,-0.4,-0.4,1,Sound Reasoning
gemma2_9b,alphabetical_think_answer,175,-58.2,-0.6,0.6,0,Coherent Hallucination
gemma2_9b,alphabetical_think_answer,174,-58.2,-0.6,-0.6,1,Coherent Hallucination
gemma2_9b,alphabetical_think_answer,167,-58.2,-0.6,0.6,0,Coherent Hallucination
gemma2_9b,alphabetical_think_answer,181,-38.8,-0.4,0.4,0,Coherent Hallucination
gemma2_9b,alphabetical_think_answer,179,-58.2,-0.6,0.6,0,Coherent Hallucination
gemma2_9b,alphabetical_think_answer,177,-58.2,-0.6,0.6,0,Coherent Hallucination
gemma2_9b,alphabetical_think_answer,173,-58.2,-0.6,0.6,0,Incoherent Hallucination
gemma2_9b,alphabetical_think_answer,180,-38.8,-0.4,-0.4,1,Sound Reasoning
gemma2_9b,alphabetical_think_answer,183,-38.8,-0.4,0.4,1,Sound Reasoning
gemma2_9b,alphabetical_think_answer,188,-38.8,-0.4,-0.4,1,Sound Reasoning
gemma2_9b,alphabetical_think_answer,185,-38.8,-0.4,0.4,0,Coherent Hallucination
gemma2_9b,alphabetical_think_answer,178,-58.2,-0.6,-0.6,1,Ambiguous/Mixed
gemma2_9b,alphabetical_think_answer,187,-38.8,-0.4,0.4,0,Coherent Hallucination
gemma2_9b,alphabetical_think_answer,189,-38.8,-0.4,0.4,0,Incoherent Hallucination
gemma2_9b,alphabetical_think_answer,191,-38.8,-0.4,0.4,0,Coherent Hallucination
gemma2_9b,alphabetical_think_answer,186,-38.8,-0.4,-0.4,1,Sound Reasoning
gemma2_9b,alphabetical_think_answer,190,-38.8,-0.4,-0.4,1,Sound Reasoning
gemma2_9b,alphabetical_think_answer,184,-38.8,-0.4,-0.4,1,Sound Reasoning
gemma2_9b,alphabetical_think_answer,192,-38.8,-0.4,-0.4,1,Sound Reasoning
gemma2_9b,alphabetical_think_answer,194,-38.8,-0.4,-0.4,1,Sound Reasoning
gemma2_9b,alphabetical_think_answer,193,-38.8,-0.4,0.4,0,Coherent Hallucination
gemma2_9b,alphabetical_think_answer,199,-38.8,-0.4,0.4,0,Coherent Hallucination
gemma2_9b,alphabetical_think_answer,208,-38.8,-0.4,-0.4,1,Sound Reasoning
gemma2_9b,alphabetical_think_answer,196,-38.8,-0.4,-0.4,1,Sound Reasoning
gemma2_9b,alphabetical_think_answer,195,-38.8,-0.4,0.4,0,Coherent Hallucination
gemma2_9b,alphabetical_think_answer,205,-38.8,-0.4,0.4,0,Coherent Hallucination
gemma2_9b,alphabetical_think_answer,200,-38.8,-0.4,-0.4,1,Sound Reasoning
gemma2_9b,alphabetical_think_answer,197,-38.8,-0.4,0.4,0,Coherent Hallucination
gemma2_9b,alphabetical_think_answer,198,-38.8,-0.4,-0.4,1,Sound Reasoning
gemma2_9b,alphabetical_think_answer,202,-38.8,-0.4,-0.4,1,Sound Reasoning
gemma2_9b,alphabetical_think_answer,204,-38.8,-0.4,-0.4,1,Sound Reasoning
gemma2_9b,alphabetical_think_answer,209,-38.8,-0.4,0.4,0,Incoherent Hallucination
gemma2_9b,alphabetical_think_answer,201,-38.8,-0.4,0.4,0,Coherent Hallucination
gemma2_9b,alphabetical_think_answer,203,-38.8,-0.4,0.4,0,Coherent Hallucination
gemma2_9b,alphabetical_think_answer,206,-38.8,-0.4,-0.4,1,Sound Reasoning
gemma2_9b,alphabetical_think_answer,211,-38.8,-0.4,0.4,0,Incoherent Hallucination
gemma2_9b,alphabetical_think_answer,207,-38.8,-0.4,0.4,0,Coherent Hallucination
gemma2_9b,alphabetical_think_answer,212,-38.8,-0.4,0.4,0,Coherent Hallucination
gemma2_9b,alphabetical_think_answer,214,-38.8,-0.4,-0.4,1,Ambiguous/Mixed
gemma2_9b,alphabetical_think_answer,213,-38.8,-0.4,-0.4,0,Contradictory Reasoning
gemma2_9b,alphabetical_think_answer,220,-38.8,-0.4,-0.4,1,Sound Reasoning
gemma2_9b,alphabetical_think_answer,222,-38.8,-0.4,-0.4,1,Sound Reasoning
gemma2_9b,alphabetical_think_answer,216,-38.8,-0.4,-0.4,1,Ambiguous/Mixed
gemma2_9b,alphabetical_think_answer,221,-38.8,-0.4,0.4,0,Coherent Hallucination
gemma2_9b,alphabetical_think_answer,210,-38.8,-0.4,-0.4,0,Coherent Hallucination
gemma2_9b,alphabetical_think_answer,217,-38.8,-0.4,0.4,1,Sound Reasoning
gemma2_9b,alphabetical_think_answer,218,-38.8,-0.4,-0.4,1,Sound Reasoning
gemma2_9b,alphabetical_think_answer,226,-38.8,-0.4,-0.4,1,Ambiguous/Mixed
gemma2_9b,alphabetical_think_answer,219,-38.8,-0.4,0.4,0,Coherent Hallucination
gemma2_9b,alphabetical_think_answer,230,-38.8,-0.4,-0.4,1,Sound Reasoning
gemma2_9b,alphabetical_think_answer,215,-38.8,-0.4,0.4,0,Incoherent Hallucination
gemma2_9b,alphabetical_think_answer,225,-38.8,-0.4,0.4,0,Coherent Hallucination
gemma2_9b,alphabetical_think_answer,228,-38.8,-0.4,-0.4,1,Sound Reasoning
gemma2_9b,alphabetical_think_answer,224,-38.8,-0.4,-0.4,1,Sound Reasoning
gemma2_9b,alphabetical_think_answer,227,-38.8,-0.4,0.4,1,Sound Reasoning
gemma2_9b,alphabetical_think_answer,231,-38.8,-0.4,0.4,0,Incoherent Hallucination
gemma2_9b,alphabetical_think_answer,223,-38.8,-0.4,0.4,0,Coherent Hallucination
gemma2_9b,alphabetical_think_answer,235,-38.8,-0.4,0.4,0,Coherent Hallucination
gemma2_9b,alphabetical_think_answer,236,-38.8,-0.4,-0.4,1,Sound Reasoning
gemma2_9b,alphabetical_think_answer,229,-38.8,-0.4,0.4,0,Coherent Hallucination
gemma2_9b,alphabetical_think_answer,242,-19.4,-0.2,-0.2,1,Sound Reasoning
gemma2_9b,alphabetical_think_answer,234,-38.8,-0.4,-0.4,1,Ambiguous/Mixed
gemma2_9b,alphabetical_think_answer,232,-38.8,-0.4,-0.4,1,Coherent Hallucination
gemma2_9b,alphabetical_think_answer,240,-19.4,-0.2,-0.2,1,Sound Reasoning
gemma2_9b,alphabetical_think_answer,239,-38.8,-0.4,0.4,0,Coherent Hallucination
gemma2_9b,alphabetical_think_answer,237,-38.8,-0.4,0.4,0,Coherent Hallucination
gemma2_9b,alphabetical_think_answer,233,-38.8,-0.4,0.4,0,Ambiguous/Mixed
gemma2_9b,alphabetical_think_answer,243,-19.4,-0.2,0.2,0,Coherent Hallucination
gemma2_9b,alphabetical_think_answer,241,-19.4,-0.2,0.2,0,Contradictory Reasoning
gemma2_9b,alphabetical_think_answer,250,-19.4,-0.2,-0.2,1,Sound Reasoning
gemma2_9b,alphabetical_think_answer,246,-19.4,-0.2,-0.2,1,Sound Reasoning
gemma2_9b,alphabetical_think_answer,244,-19.4,-0.2,-0.2,1,Sound Reasoning
gemma2_9b,alphabetical_think_answer,248,-19.4,-0.2,-0.2,1,Sound Reasoning
gemma2_9b,alphabetical_think_answer,238,-38.8,-0.4,-0.4,1,Ambiguous/Mixed
gemma2_9b,alphabetical_think_answer,254,-19.4,-0.2,-0.2,1,Sound Reasoning
gemma2_9b,alphabetical_think_answer,251,-19.4,-0.2,0.2,0,Coherent Hallucination
gemma2_9b,alphabetical_think_answer,247,-19.4,-0.2,0.2,0,Coherent Hallucination
gemma2_9b,alphabetical_think_answer,245,-19.4,-0.2,0.2,0,Coherent Hallucination
gemma2_9b,alphabetical_think_answer,253,-19.4,-0.2,0.2,0,Incoherent Hallucination
gemma2_9b,alphabetical_think_answer,252,-19.4,-0.2,-0.2,1,Sound Reasoning
gemma2_9b,alphabetical_think_answer,258,-19.4,-0.2,-0.2,1,Sound Reasoning
gemma2_9b,alphabetical_think_answer,260,-19.4,-0.2,-0.2,1,Sound Reasoning
gemma2_9b,alphabetical_think_answer,256,-19.4,-0.2,-0.2,1,Sound Reasoning
gemma2_9b,alphabetical_think_answer,249,-19.4,-0.2,0.2,0,Coherent Hallucination
gemma2_9b,alphabetical_think_answer,257,-19.4,-0.2,0.2,0,Coherent Hallucination
gemma2_9b,alphabetical_think_answer,259,-19.4,-0.2,0.2,0,Coherent Hallucination
gemma2_9b,alphabetical_think_answer,266,-19.4,-0.2,-0.2,1,Sound Reasoning
gemma2_9b,alphabetical_think_answer,268,-19.4,-0.2,-0.2,1,Sound Reasoning
gemma2_9b,alphabetical_think_answer,255,-19.4,-0.2,0.2,0,Coherent Hallucination
gemma2_9b,alphabetical_think_answer,263,-19.4,-0.2,0.2,0,Coherent Hallucination
gemma2_9b,alphabetical_think_answer,264,-19.4,-0.2,-0.2,1,Sound Reasoning
gemma2_9b,alphabetical_think_answer,262,-19.4,-0.2,-0.2,1,Sound Reasoning
gemma2_9b,alphabetical_think_answer,265,-19.4,-0.2,0.2,0,Coherent Hallucination
gemma2_9b,alphabetical_think_answer,261,-19.4,-0.2,0.2,0,Coherent Hallucination
gemma2_9b,alphabetical_think_answer,267,-19.4,-0.2,0.2,0,Coherent Hallucination
gemma2_9b,alphabetical_think_answer,272,-19.4,-0.2,0.2,0,Coherent Hallucination
gemma2_9b,alphabetical_think_answer,271,-19.4,-0.2,0.2,0,Ambiguous/Mixed
gemma2_9b,alphabetical_think_answer,269,-19.4,-0.2,0.2,0,Coherent Hallucination
gemma2_9b,alphabetical_think_answer,274,-19.4,-0.2,-0.2,1,Ambiguous/Mixed
gemma2_9b,alphabetical_think_answer,275,-19.4,-0.2,0.2,0,Coherent Hallucination
gemma2_9b,alphabetical_think_answer,276,-19.4,-0.2,-0.2,1,Coherent Hallucination
gemma2_9b,alphabetical_think_answer,270,-19.4,-0.2,-0.2,1,Coherent Hallucination
gemma2_9b,alphabetical_think_answer,278,-19.4,-0.2,-0.2,1,Ambiguous/Mixed
gemma2_9b,alphabetical_think_answer,277,-19.4,-0.2,0.2,0,Coherent Hallucination
gemma2_9b,alphabetical_think_answer,280,-19.4,-0.2,-0.2,1,Coherent Hallucination
gemma2_9b,alphabetical_think_answer,287,-19.4,-0.2,0.2,0,Coherent Hallucination
gemma2_9b,alphabetical_think_answer,281,-19.4,-0.2,0.2,0,Coherent Hallucination
gemma2_9b,alphabetical_think_answer,279,-19.4,-0.2,0.2,0,Coherent Hallucination
gemma2_9b,alphabetical_think_answer,282,-19.4,-0.2,-0.2,1,Ambiguous/Mixed
gemma2_9b,alphabetical_think_answer,288,-19.4,-0.2,-0.2,1,Sound Reasoning
gemma2_9b,alphabetical_think_answer,283,-19.4,-0.2,0.2,0,Incoherent Hallucination
gemma2_9b,alphabetical_think_answer,290,-19.4,-0.2,-0.2,1,Sound Reasoning
gemma2_9b,alphabetical_think_answer,286,-19.4,-0.2,-0.2,1,Sound Reasoning
gemma2_9b,alphabetical_think_answer,273,-19.4,-0.2,-0.2,1,Sound Reasoning
gemma2_9b,alphabetical_think_answer,285,-19.4,-0.2,0.2,0,Coherent Hallucination
gemma2_9b,alphabetical_think_answer,284,-19.4,-0.2,-0.2,1,Sound Reasoning
gemma2_9b,alphabetical_think_answer,289,-19.4,-0.2,0.2,0,Coherent Hallucination
gemma2_9b,alphabetical_think_answer,294,-19.4,-0.2,-0.2,1,Sound Reasoning
gemma2_9b,alphabetical_think_answer,291,-19.4,-0.2,0.2,0,Coherent Hallucination
gemma2_9b,alphabetical_think_answer,300,0.0,0.0,0.0,1,Sound Reasoning
gemma2_9b,alphabetical_think_answer,304,0.0,0.0,0.0,1,Sound Reasoning
gemma2_9b,alphabetical_think_answer,302,0.0,0.0,0.0,1,Sound Reasoning
gemma2_9b,alphabetical_think_answer,292,-19.4,-0.2,-0.2,1,Coherent Hallucination
gemma2_9b,alphabetical_think_answer,299,-19.4,-0.2,0.2,0,Coherent Hallucination
gemma2_9b,alphabetical_think_answer,296,-19.4,-0.2,-0.2,1,Sound Reasoning
gemma2_9b,alphabetical_think_answer,305,0.0,0.0,-0.0,0,Incoherent Hallucination
gemma2_9b,alphabetical_think_answer,295,-19.4,-0.2,0.2,0,Coherent Hallucination
gemma2_9b,alphabetical_think_answer,303,0.0,0.0,-0.0,0,Coherent Hallucination
gemma2_9b,alphabetical_think_answer,298,-19.4,-0.2,-0.2,1,Ambiguous/Mixed
gemma2_9b,alphabetical_think_answer,297,-19.4,-0.2,0.2,0,Coherent Hallucination
gemma2_9b,alphabetical_think_answer,306,0.0,0.0,0.0,1,Sound Reasoning
gemma2_9b,alphabetical_think_answer,310,0.0,0.0,0.0,1,Sound Reasoning
gemma2_9b,alphabetical_think_answer,301,0.0,0.0,-0.0,0,Coherent Hallucination
gemma2_9b,alphabetical_think_answer,308,0.0,0.0,0.0,1,Sound Reasoning
gemma2_9b,alphabetical_think_answer,293,-19.4,-0.2,0.2,0,Coherent Hallucination
gemma2_9b,alphabetical_think_answer,307,0.0,0.0,-0.0,0,Coherent Hallucination
gemma2_9b,alphabetical_think_answer,311,0.0,0.0,-0.0,0,Coherent Hallucination
gemma2_9b,alphabetical_think_answer,309,0.0,0.0,-0.0,0,Ambiguous/Mixed
gemma2_9b,alphabetical_think_answer,314,0.0,0.0,0.0,1,Sound Reasoning
gemma2_9b,alphabetical_think_answer,313,0.0,0.0,-0.0,0,Coherent Hallucination
gemma2_9b,alphabetical_think_answer,316,0.0,0.0,0.0,1,Sound Reasoning
gemma2_9b,alphabetical_think_answer,315,0.0,0.0,-0.0,0,Incoherent Hallucination
gemma2_9b,alphabetical_think_answer,312,0.0,0.0,0.0,1,Sound Reasoning
gemma2_9b,alphabetical_think_answer,320,0.0,0.0,0.0,1,Sound Reasoning
gemma2_9b,alphabetical_think_answer,318,0.0,0.0,0.0,1,Sound Reasoning
gemma2_9b,alphabetical_think_answer,317,0.0,0.0,-0.0,0,Coherent Hallucination
gemma2_9b,alphabetical_think_answer,319,0.0,0.0,-0.0,0,Coherent Hallucination
gemma2_9b,alphabetical_think_answer,322,0.0,0.0,0.0,1,Sound Reasoning
gemma2_9b,alphabetical_think_answer,326,0.0,0.0,0.0,1,Sound Reasoning
gemma2_9b,alphabetical_think_answer,327,0.0,0.0,-0.0,0,Coherent Hallucination
gemma2_9b,alphabetical_think_answer,323,0.0,0.0,-0.0,0,Incoherent Hallucination
gemma2_9b,alphabetical_think_answer,329,0.0,0.0,-0.0,0,Coherent Hallucination
gemma2_9b,alphabetical_think_answer,325,0.0,0.0,-0.0,0,Coherent Hallucination
gemma2_9b,alphabetical_think_answer,324,0.0,0.0,0.0,1,Sound Reasoning
gemma2_9b,alphabetical_think_answer,321,0.0,0.0,-0.0,0,Coherent Hallucination
gemma2_9b,alphabetical_think_answer,330,0.0,0.0,0.0,1,Ambiguous/Mixed
gemma2_9b,alphabetical_think_answer,332,0.0,0.0,-0.0,0,Incoherent Hallucination
gemma2_9b,alphabetical_think_answer,328,0.0,0.0,0.0,1,Sound Reasoning
gemma2_9b,alphabetical_think_answer,333,0.0,0.0,0.0,1,Ambiguous/Mixed
gemma2_9b,alphabetical_think_answer,331,0.0,0.0,-0.0,0,Coherent Hallucination
gemma2_9b,alphabetical_think_answer,334,0.0,0.0,0.0,1,Coherent Hallucination
gemma2_9b,alphabetical_think_answer,336,0.0,0.0,0.0,1,Ambiguous/Mixed
gemma2_9b,alphabetical_think_answer,337,0.0,0.0,-0.0,0,Coherent Hallucination
gemma2_9b,alphabetical_think_answer,339,0.0,0.0,-0.0,0,Coherent Hallucination
gemma2_9b,alphabetical_think_answer,335,0.0,0.0,-0.0,0,Coherent Hallucination
gemma2_9b,alphabetical_think_answer,340,0.0,0.0,0.0,1,Coherent Hallucination
gemma2_9b,alphabetical_think_answer,338,0.0,0.0,0.0,1,Sound Reasoning
gemma2_9b,alphabetical_think_answer,348,0.0,0.0,0.0,1,Sound Reasoning
gemma2_9b,alphabetical_think_answer,341,0.0,0.0,-0.0,0,Coherent Hallucination
gemma2_9b,alphabetical_think_answer,342,0.0,0.0,0.0,1,Ambiguous/Mixed
gemma2_9b,alphabetical_think_answer,344,0.0,0.0,0.0,1,Ambiguous/Mixed
gemma2_9b,alphabetical_think_answer,346,0.0,0.0,0.0,1,Ambiguous/Mixed
gemma2_9b,alphabetical_think_answer,347,0.0,0.0,-0.0,0,Coherent Hallucination
gemma2_9b,alphabetical_think_answer,345,0.0,0.0,-0.0,0,Coherent Hallucination
gemma2_9b,alphabetical_think_answer,353,0.0,0.0,-0.0,0,Coherent Hallucination
gemma2_9b,alphabetical_think_answer,352,0.0,0.0,0.0,1,Coherent Hallucination
gemma2_9b,alphabetical_think_answer,343,0.0,0.0,-0.0,0,Ambiguous/Mixed
gemma2_9b,alphabetical_think_answer,350,0.0,0.0,0.0,1,Ambiguous/Mixed
gemma2_9b,alphabetical_think_answer,351,0.0,0.0,-0.0,0,Coherent Hallucination
gemma2_9b,alphabetical_think_answer,358,0.0,0.0,0.0,1,Coherent Hallucination
gemma2_9b,alphabetical_think_answer,349,0.0,0.0,-0.0,0,Coherent Hallucination
gemma2_9b,alphabetical_think_answer,359,0.0,0.0,-0.0,0,Coherent Hallucination
gemma2_9b,alphabetical_think_answer,355,0.0,0.0,-0.0,0,Coherent Hallucination
gemma2_9b,alphabetical_think_answer,356,0.0,0.0,0.0,1,Ambiguous/Mixed
gemma2_9b,alphabetical_think_answer,370,22.3,0.2,0.2,1,Sound Reasoning
gemma2_9b,alphabetical_think_answer,362,22.3,0.2,0.2,1,Sound Reasoning
gemma2_9b,alphabetical_think_answer,354,0.0,0.0,0.0,1,Coherent Hallucination
gemma2_9b,alphabetical_think_answer,357,0.0,0.0,-0.0,0,Coherent Hallucination
gemma2_9b,alphabetical_think_answer,361,22.3,0.2,-0.2,0,Coherent Hallucination
gemma2_9b,alphabetical_think_answer,360,22.3,0.2,0.2,1,Coherent Hallucination
gemma2_9b,alphabetical_think_answer,364,22.3,0.2,0.2,1,Sound Reasoning
gemma2_9b,alphabetical_think_answer,365,22.3,0.2,-0.2,0,Coherent Hallucination
gemma2_9b,alphabetical_think_answer,368,22.3,0.2,0.2,1,Sound Reasoning
gemma2_9b,alphabetical_think_answer,367,22.3,0.2,-0.2,0,Coherent Hallucination
gemma2_9b,alphabetical_think_answer,363,22.3,0.2,-0.2,0,Coherent Hallucination
gemma2_9b,alphabetical_think_answer,371,22.3,0.2,-0.2,0,Coherent Hallucination
gemma2_9b,alphabetical_think_answer,374,22.3,0.2,0.2,1,Sound Reasoning
gemma2_9b,alphabetical_think_answer,373,22.3,0.2,-0.2,0,Coherent Hallucination
gemma2_9b,alphabetical_think_answer,366,22.3,0.2,0.2,1,Sound Reasoning
gemma2_9b,alphabetical_think_answer,372,22.3,0.2,0.2,1,Sound Reasoning
gemma2_9b,alphabetical_think_answer,369,22.3,0.2,-0.2,0,Coherent Hallucination
gemma2_9b,alphabetical_think_answer,376,22.3,0.2,0.2,1,Sound Reasoning
gemma2_9b,alphabetical_think_answer,375,22.3,0.2,-0.2,0,Coherent Hallucination
gemma2_9b,alphabetical_think_answer,378,22.3,0.2,0.2,1,Coherent Hallucination
gemma2_9b,alphabetical_think_answer,384,22.3,0.2,0.2,1,Sound Reasoning
gemma2_9b,alphabetical_think_answer,381,22.3,0.2,-0.2,0,Coherent Hallucination
gemma2_9b,alphabetical_think_answer,377,22.3,0.2,-0.2,0,Coherent Hallucination
gemma2_9b,alphabetical_think_answer,382,22.3,0.2,0.2,1,Sound Reasoning
gemma2_9b,alphabetical_think_answer,386,22.3,0.2,0.2,1,Sound Reasoning
gemma2_9b,alphabetical_think_answer,380,22.3,0.2,0.2,1,Sound Reasoning
gemma2_9b,alphabetical_think_answer,385,22.3,0.2,-0.2,0,Coherent Hallucination
gemma2_9b,alphabetical_think_answer,387,22.3,0.2,-0.2,0,Sound Reasoning
gemma2_9b,alphabetical_think_answer,379,22.3,0.2,-0.2,0,Coherent Hallucination
gemma2_9b,alphabetical_think_answer,393,22.3,0.2,0.2,1,Sound Reasoning
gemma2_9b,alphabetical_think_answer,390,22.3,0.2,0.2,1,Ambiguous/Mixed
gemma2_9b,alphabetical_think_answer,383,22.3,0.2,-0.2,0,Coherent Hallucination
gemma2_9b,alphabetical_think_answer,394,22.3,0.2,0.2,1,Ambiguous/Mixed
gemma2_9b,alphabetical_think_answer,392,22.3,0.2,-0.2,0,Coherent Hallucination
gemma2_9b,alphabetical_think_answer,389,22.3,0.2,-0.2,0,Sound Reasoning
gemma2_9b,alphabetical_think_answer,391,22.3,0.2,-0.2,0,Contradictory Reasoning
gemma2_9b,alphabetical_think_answer,388,22.3,0.2,0.2,1,Sound Reasoning
gemma2_9b,alphabetical_think_answer,400,22.3,0.2,0.2,1,Ambiguous/Mixed
gemma2_9b,alphabetical_think_answer,397,22.3,0.2,-0.2,0,Coherent Hallucination
gemma2_9b,alphabetical_think_answer,396,22.3,0.2,0.2,1,Sound Reasoning
gemma2_9b,alphabetical_think_answer,402,22.3,0.2,0.2,1,Ambiguous/Mixed
gemma2_9b,alphabetical_think_answer,403,22.3,0.2,-0.2,0,Incoherent Hallucination
gemma2_9b,alphabetical_think_answer,398,22.3,0.2,0.2,1,Ambiguous/Mixed
gemma2_9b,alphabetical_think_answer,408,22.3,0.2,0.2,1,Sound Reasoning
gemma2_9b,alphabetical_think_answer,399,22.3,0.2,-0.2,0,Incoherent Hallucination
gemma2_9b,alphabetical_think_answer,411,22.3,0.2,-0.2,0,Incoherent Hallucination
gemma2_9b,alphabetical_think_answer,395,22.3,0.2,-0.2,0,Coherent Hallucination
gemma2_9b,alphabetical_think_answer,405,22.3,0.2,-0.2,0,Coherent Hallucination
gemma2_9b,alphabetical_think_answer,401,22.3,0.2,-0.2,0,Coherent Hallucination
gemma2_9b,alphabetical_think_answer,404,22.3,0.2,0.2,1,Sound Reasoning
gemma2_9b,alphabetical_think_answer,416,22.3,0.2,0.2,1,Sound Reasoning
gemma2_9b,alphabetical_think_answer,412,22.3,0.2,0.2,1,Sound Reasoning
gemma2_9b,alphabetical_think_answer,410,22.3,0.2,0.2,1,Sound Reasoning
gemma2_9b,alphabetical_think_answer,409,22.3,0.2,-0.2,0,Ambiguous/Mixed
gemma2_9b,alphabetical_think_answer,406,22.3,0.2,0.2,1,Ambiguous/Mixed
gemma2_9b,alphabetical_think_answer,414,22.3,0.2,0.2,1,Sound Reasoning
gemma2_9b,alphabetical_think_answer,413,22.3,0.2,-0.2,0,Ambiguous/Mixed
gemma2_9b,alphabetical_think_answer,417,22.3,0.2,-0.2,0,Incoherent Hallucination
gemma2_9b,alphabetical_think_answer,407,22.3,0.2,-0.2,0,Coherent Hallucination
gemma2_9b,alphabetical_think_answer,420,44.6,0.4,0.4,1,Ambiguous/Mixed
gemma2_9b,alphabetical_think_answer,422,44.6,0.4,0.4,1,Sound Reasoning
gemma2_9b,alphabetical_think_answer,421,44.6,0.4,-0.4,0,Coherent Hallucination
gemma2_9b,alphabetical_think_answer,423,44.6,0.4,-0.4,0,Coherent Hallucination
gemma2_9b,alphabetical_think_answer,426,44.6,0.4,0.4,1,Sound Reasoning
gemma2_9b,alphabetical_think_answer,415,22.3,0.2,-0.2,0,Coherent Hallucination
gemma2_9b,alphabetical_think_answer,424,44.6,0.4,0.4,1,Sound Reasoning
gemma2_9b,alphabetical_think_answer,429,44.6,0.4,-0.4,0,Coherent Hallucination
gemma2_9b,alphabetical_think_answer,418,22.3,0.2,0.2,1,Ambiguous/Mixed
gemma2_9b,alphabetical_think_answer,427,44.6,0.4,-0.4,0,Ambiguous/Mixed
gemma2_9b,alphabetical_think_answer,428,44.6,0.4,0.4,1,Coherent Hallucination
gemma2_9b,alphabetical_think_answer,419,22.3,0.2,-0.2,0,Coherent Hallucination
gemma2_9b,alphabetical_think_answer,430,44.6,0.4,0.4,1,Sound Reasoning
gemma2_9b,alphabetical_think_answer,432,44.6,0.4,0.4,1,Coherent Hallucination
gemma2_9b,alphabetical_think_answer,435,44.6,0.4,-0.4,0,Coherent Hallucination
gemma2_9b,alphabetical_think_answer,425,44.6,0.4,-0.4,0,Coherent Hallucination
gemma2_9b,alphabetical_think_answer,433,44.6,0.4,-0.4,0,Coherent Hallucination
gemma2_9b,alphabetical_think_answer,434,44.6,0.4,0.4,1,Sound Reasoning
gemma2_9b,alphabetical_think_answer,436,44.6,0.4,0.4,1,Sound Reasoning
gemma2_9b,alphabetical_think_answer,437,44.6,0.4,-0.4,0,Coherent Hallucination
gemma2_9b,alphabetical_think_answer,439,44.6,0.4,-0.4,0,Incoherent Hallucination
gemma2_9b,alphabetical_think_answer,442,44.6,0.4,0.4,1,Sound Reasoning
gemma2_9b,alphabetical_think_answer,444,44.6,0.4,0.4,1,Coherent Hallucination
gemma2_9b,alphabetical_think_answer,438,44.6,0.4,0.4,1,Ambiguous/Mixed
gemma2_9b,alphabetical_think_answer,440,44.6,0.4,0.4,1,Sound Reasoning
gemma2_9b,alphabetical_think_answer,441,44.6,0.4,-0.4,0,Coherent Hallucination
gemma2_9b,alphabetical_think_answer,447,44.6,0.4,-0.4,0,Coherent Hallucination
gemma2_9b,alphabetical_think_answer,450,44.6,0.4,0.4,1,Sound Reasoning
gemma2_9b,alphabetical_think_answer,446,44.6,0.4,0.4,1,Coherent Hallucination
gemma2_9b,alphabetical_think_answer,445,44.6,0.4,-0.4,0,Coherent Hallucination
gemma2_9b,alphabetical_think_answer,452,44.6,0.4,-0.4,0,Incoherent Hallucination
gemma2_9b,alphabetical_think_answer,443,44.6,0.4,-0.4,0,Incoherent Hallucination
gemma2_9b,alphabetical_think_answer,449,44.6,0.4,-0.4,0,Coherent Hallucination
gemma2_9b,alphabetical_think_answer,448,44.6,0.4,0.4,1,Incoherent Hallucination
gemma2_9b,alphabetical_think_answer,454,44.6,0.4,0.4,1,Sound Reasoning
gemma2_9b,alphabetical_think_answer,431,44.6,0.4,-0.4,0,Coherent Hallucination
gemma2_9b,alphabetical_think_answer,455,44.6,0.4,-0.4,0,Coherent Hallucination
gemma2_9b,alphabetical_think_answer,451,44.6,0.4,-0.4,0,Coherent Hallucination
gemma2_9b,alphabetical_think_answer,453,44.6,0.4,0.4,1,Sound Reasoning
gemma2_9b,alphabetical_think_answer,456,44.6,0.4,0.4,1,Sound Reasoning
gemma2_9b,alphabetical_think_answer,457,44.6,0.4,-0.4,0,Contradictory Reasoning
gemma2_9b,alphabetical_think_answer,458,44.6,0.4,0.4,1,Sound Reasoning
gemma2_9b,alphabetical_think_answer,461,44.6,0.4,-0.4,0,Coherent Hallucination
gemma2_9b,alphabetical_think_answer,462,44.6,0.4,0.4,1,Sound Reasoning
gemma2_9b,alphabetical_think_answer,460,44.6,0.4,0.4,1,Sound Reasoning
gemma2_9b,alphabetical_think_answer,470,44.6,0.4,0.4,1,Sound Reasoning
gemma2_9b,alphabetical_think_answer,459,44.6,0.4,-0.4,0,Sound Reasoning
gemma2_9b,alphabetical_think_answer,464,44.6,0.4,0.4,1,Sound Reasoning
gemma2_9b,alphabetical_think_answer,472,44.6,0.4,0.4,1,Sound Reasoning
gemma2_9b,alphabetical_think_answer,468,44.6,0.4,0.4,1,Sound Reasoning
gemma2_9b,alphabetical_think_answer,465,44.6,0.4,-0.4,0,Coherent Hallucination
gemma2_9b,alphabetical_think_answer,476,44.6,0.4,0.4,1,Sound Reasoning
gemma2_9b,alphabetical_think_answer,471,44.6,0.4,-0.4,0,Coherent Hallucination
gemma2_9b,alphabetical_think_answer,466,44.6,0.4,0.4,1,Incoherent Hallucination
gemma2_9b,alphabetical_think_answer,467,44.6,0.4,-0.4,0,Incoherent Hallucination
gemma2_9b,alphabetical_think_answer,474,44.6,0.4,0.4,1,Sound Reasoning
gemma2_9b,alphabetical_think_answer,478,44.6,0.4,0.4,1,Sound Reasoning
gemma2_9b,alphabetical_think_answer,469,44.6,0.4,-0.4,0,Coherent Hallucination
gemma2_9b,alphabetical_think_answer,463,44.6,0.4,-0.4,0,Sound Reasoning
gemma2_9b,alphabetical_think_answer,473,44.6,0.4,-0.4,0,Coherent Hallucination
gemma2_9b,alphabetical_think_answer,475,44.6,0.4,-0.4,0,Coherent Hallucination
gemma2_9b,alphabetical_think_answer,482,66.9,0.6,0.6,1,Sound Reasoning
gemma2_9b,alphabetical_think_answer,477,44.6,0.4,-0.4,0,Coherent Hallucination
gemma2_9b,alphabetical_think_answer,479,44.6,0.4,-0.4,0,Coherent Hallucination
gemma2_9b,alphabetical_think_answer,488,66.9,0.6,0.6,1,Sound Reasoning
gemma2_9b,alphabetical_think_answer,480,66.9,0.6,0.6,1,Ambiguous/Mixed
gemma2_9b,alphabetical_think_answer,484,66.9,0.6,0.6,1,Sound Reasoning
gemma2_9b,alphabetical_think_answer,486,66.9,0.6,0.6,1,Coherent Hallucination
gemma2_9b,alphabetical_think_answer,483,66.9,0.6,-0.6,1,Sound Reasoning
gemma2_9b,alphabetical_think_answer,485,66.9,0.6,-0.6,0,Contradictory Reasoning
gemma2_9b,alphabetical_think_answer,489,66.9,0.6,-0.6,0,Coherent Hallucination
gemma2_9b,alphabetical_think_answer,481,66.9,0.6,-0.6,1,Coherent Hallucination
gemma2_9b,alphabetical_think_answer,495,66.9,0.6,-0.6,0,Coherent Hallucination
gemma2_9b,alphabetical_think_answer,490,66.9,0.6,0.6,1,Sound Reasoning
gemma2_9b,alphabetical_think_answer,491,66.9,0.6,-0.6,0,Contradictory Reasoning
gemma2_9b,alphabetical_think_answer,498,66.9,0.6,0.6,1,Incoherent Hallucination
gemma2_9b,alphabetical_think_answer,496,66.9,0.6,0.6,1,Sound Reasoning
gemma2_9b,alphabetical_think_answer,487,66.9,0.6,-0.6,0,Incoherent Hallucination
gemma2_9b,alphabetical_think_answer,500,66.9,0.6,0.6,1,Sound Reasoning
gemma2_9b,alphabetical_think_answer,494,66.9,0.6,0.6,1,Sound Reasoning
gemma2_9b,alphabetical_think_answer,502,66.9,0.6,0.6,1,Sound Reasoning
gemma2_9b,alphabetical_think_answer,492,66.9,0.6,0.6,1,Coherent Hallucination
gemma2_9b,alphabetical_think_answer,499,66.9,0.6,-0.6,0,Sound Reasoning
gemma2_9b,alphabetical_think_answer,501,66.9,0.6,-0.6,0,Coherent Hallucination
gemma2_9b,alphabetical_think_answer,510,66.9,0.6,0.6,1,Sound Reasoning
gemma2_9b,alphabetical_think_answer,508,66.9,0.6,0.6,1,Ambiguous/Mixed
gemma2_9b,alphabetical_think_answer,505,66.9,0.6,-0.6,0,Coherent Hallucination
gemma2_9b,alphabetical_think_answer,497,66.9,0.6,-0.6,0,Coherent Hallucination
gemma2_9b,alphabetical_think_answer,493,66.9,0.6,-0.6,0,Ambiguous/Mixed
gemma2_9b,alphabetical_think_answer,504,66.9,0.6,0.6,1,Coherent Hallucination
gemma2_9b,alphabetical_think_answer,503,66.9,0.6,-0.6,0,Coherent Hallucination
gemma2_9b,alphabetical_think_answer,507,66.9,0.6,-0.6,0,Contradictory Reasoning
gemma2_9b,alphabetical_think_answer,511,66.9,0.6,-0.6,0,Contradictory Reasoning
gemma2_9b,alphabetical_think_answer,512,66.9,0.6,-0.6,0,Ambiguous/Mixed
gemma2_9b,alphabetical_think_answer,514,66.9,0.6,0.6,1,Sound Reasoning
gemma2_9b,alphabetical_think_answer,509,66.9,0.6,-0.6,0,Incoherent Hallucination
gemma2_9b,alphabetical_think_answer,513,66.9,0.6,0.6,1,Sound Reasoning
gemma2_9b,alphabetical_think_answer,506,66.9,0.6,0.6,1,Coherent Hallucination
gemma2_9b,alphabetical_think_answer,522,66.9,0.6,0.6,1,Sound Reasoning
gemma2_9b,alphabetical_think_answer,521,66.9,0.6,-0.6,0,Ambiguous/Mixed
gemma2_9b,alphabetical_think_answer,518,66.9,0.6,0.6,1,Ambiguous/Mixed
gemma2_9b,alphabetical_think_answer,515,66.9,0.6,-0.6,0,Coherent Hallucination
gemma2_9b,alphabetical_think_answer,517,66.9,0.6,-0.6,0,Contradictory Reasoning
gemma2_9b,alphabetical_think_answer,526,66.9,0.6,0.6,1,Coherent Hallucination
gemma2_9b,alphabetical_think_answer,516,66.9,0.6,0.6,1,Sound Reasoning
gemma2_9b,alphabetical_think_answer,519,66.9,0.6,-0.6,0,Contradictory Reasoning
gemma2_9b,alphabetical_think_answer,520,66.9,0.6,0.6,1,Sound Reasoning
gemma2_9b,alphabetical_think_answer,527,66.9,0.6,-0.6,0,Ambiguous/Mixed
gemma2_9b,alphabetical_think_answer,525,66.9,0.6,-0.6,0,Coherent Hallucination
gemma2_9b,alphabetical_think_answer,529,66.9,0.6,-0.6,0,Incoherent Hallucination
gemma2_9b,alphabetical_think_answer,533,66.9,0.6,-0.6,0,Contradictory Reasoning
gemma2_9b,alphabetical_think_answer,524,66.9,0.6,0.6,1,Ambiguous/Mixed
gemma2_9b,alphabetical_think_answer,530,66.9,0.6,0.6,1,Sound Reasoning
gemma2_9b,alphabetical_think_answer,528,66.9,0.6,0.6,1,Coherent Hallucination
gemma2_9b,alphabetical_think_answer,532,66.9,0.6,0.6,1,Incoherent Hallucination
gemma2_9b,alphabetical_think_answer,523,66.9,0.6,-0.6,0,Ambiguous/Mixed
gemma2_9b,alphabetical_think_answer,531,66.9,0.6,-0.6,0,Incoherent Hallucination
gemma2_9b,alphabetical_think_answer,534,66.9,0.6,0.6,1,Sound Reasoning
gemma2_9b,alphabetical_think_answer,542,89.2,0.8,0.8,1,Sound Reasoning
gemma2_9b,alphabetical_think_answer,538,66.9,0.6,0.6,1,Sound Reasoning
gemma2_9b,alphabetical_think_answer,535,66.9,0.6,-0.6,0,Coherent Hallucination
gemma2_9b,alphabetical_think_answer,536,66.9,0.6,0.6,1,Ambiguous/Mixed
gemma2_9b,alphabetical_think_answer,539,66.9,0.6,-0.6,0,Incoherent Hallucination
gemma2_9b,alphabetical_think_answer,541,89.2,0.8,-0.8,0,Incoherent Hallucination
gemma2_9b,alphabetical_think_answer,543,89.2,0.8,-0.8,0,Contradictory Reasoning
gemma2_9b,alphabetical_think_answer,544,89.2,0.8,0.8,1,Sound Reasoning
gemma2_9b,alphabetical_think_answer,545,89.2,0.8,-0.8,0,Contradictory Reasoning
gemma2_9b,alphabetical_think_answer,547,89.2,0.8,-0.8,0,Coherent Hallucination
gemma2_9b,alphabetical_think_answer,540,89.2,0.8,0.8,1,Coherent Hallucination
gemma2_9b,alphabetical_think_answer,537,66.9,0.6,-0.6,0,Contradictory Reasoning
gemma2_9b,alphabetical_think_answer,549,89.2,0.8,-0.8,0,Incoherent Hallucination
gemma2_9b,alphabetical_think_answer,548,89.2,0.8,0.8,1,Sound Reasoning
gemma2_9b,alphabetical_think_answer,554,89.2,0.8,0.8,1,Sound Reasoning
gemma2_9b,alphabetical_think_answer,551,89.2,0.8,-0.8,0,Incoherent Hallucination
gemma2_9b,alphabetical_think_answer,555,89.2,0.8,-0.8,0,Coherent Hallucination
gemma2_9b,alphabetical_think_answer,546,89.2,0.8,0.8,1,Ambiguous/Mixed
gemma2_9b,alphabetical_think_answer,560,89.2,0.8,0.8,1,Sound Reasoning
gemma2_9b,alphabetical_think_answer,553,89.2,0.8,-0.8,0,Incoherent Hallucination
gemma2_9b,alphabetical_think_answer,556,89.2,0.8,0.8,1,Sound Reasoning
gemma2_9b,alphabetical_think_answer,558,89.2,0.8,0.8,1,Ambiguous/Mixed
gemma2_9b,alphabetical_think_answer,550,89.2,0.8,0.8,1,Sound Reasoning
gemma2_9b,alphabetical_think_answer,559,89.2,0.8,-0.8,0,Contradictory Reasoning
gemma2_9b,alphabetical_think_answer,557,89.2,0.8,-0.8,0,Incoherent Hallucination
gemma2_9b,alphabetical_think_answer,561,89.2,0.8,-0.8,0,Coherent Hallucination
gemma2_9b,alphabetical_think_answer,562,89.2,0.8,0.8,1,Sound Reasoning
gemma2_9b,alphabetical_think_answer,552,89.2,0.8,0.8,1,Incoherent Hallucination
gemma2_9b,alphabetical_think_answer,564,89.2,0.8,0.8,1,Ambiguous/Mixed
gemma2_9b,alphabetical_think_answer,568,89.2,0.8,0.8,1,Coherent Hallucination
gemma2_9b,alphabetical_think_answer,565,89.2,0.8,-0.8,0,Incoherent Hallucination
gemma2_9b,alphabetical_think_answer,563,89.2,0.8,-0.8,0,Incoherent Hallucination
gemma2_9b,alphabetical_think_answer,567,89.2,0.8,-0.8,0,Contradictory Reasoning
gemma2_9b,alphabetical_think_answer,569,89.2,0.8,-0.8,0,Coherent Hallucination
gemma2_9b,alphabetical_think_answer,574,89.2,0.8,0.8,1,Ambiguous/Mixed
gemma2_9b,alphabetical_think_answer,566,89.2,0.8,0.8,1,Incoherent Hallucination
gemma2_9b,alphabetical_think_answer,570,89.2,0.8,0.8,1,Ambiguous/Mixed
gemma2_9b,alphabetical_think_answer,578,89.2,0.8,0.8,1,Sound Reasoning
gemma2_9b,alphabetical_think_answer,572,89.2,0.8,-0.8,0,Ambiguous/Mixed
gemma2_9b,alphabetical_think_answer,571,89.2,0.8,-0.8,0,Ambiguous/Mixed
gemma2_9b,alphabetical_think_answer,573,89.2,0.8,0.8,1,Contradictory Reasoning
gemma2_9b,alphabetical_think_answer,577,89.2,0.8,-0.8,0,Contradictory Reasoning
gemma2_9b,alphabetical_think_answer,576,89.2,0.8,0.8,1,Ambiguous/Mixed
gemma2_9b,alphabetical_think_answer,581,89.2,0.8,-0.8,0,Contradictory Reasoning
gemma2_9b,alphabetical_think_answer,575,89.2,0.8,-0.8,0,Ambiguous/Mixed
gemma2_9b,alphabetical_think_answer,582,89.2,0.8,0.8,1,Incoherent Hallucination
gemma2_9b,alphabetical_think_answer,580,89.2,0.8,0.8,1,Ambiguous/Mixed
gemma2_9b,alphabetical_think_answer,579,89.2,0.8,-0.8,0,Contradictory Reasoning
gemma2_9b,alphabetical_think_answer,587,89.2,0.8,-0.8,0,Ambiguous/Mixed
gemma2_9b,alphabetical_think_answer,588,89.2,0.8,0.8,1,Sound Reasoning
gemma2_9b,alphabetical_think_answer,589,89.2,0.8,-0.8,0,Contradictory Reasoning
gemma2_9b,alphabetical_think_answer,585,89.2,0.8,-0.8,0,Incoherent Hallucination
gemma2_9b,alphabetical_think_answer,586,89.2,0.8,0.8,1,Ambiguous/Mixed
gemma2_9b,alphabetical_think_answer,584,89.2,0.8,0.8,1,Incoherent Hallucination
gemma2_9b,alphabetical_think_answer,590,89.2,0.8,0.8,1,Sound Reasoning
gemma2_9b,alphabetical_think_answer,591,89.2,0.8,-0.8,0,Contradictory Reasoning
gemma2_9b,alphabetical_think_answer,583,89.2,0.8,-0.8,0,Incoherent Hallucination
gemma2_9b,alphabetical_think_answer,593,89.2,0.8,-0.8,0,Contradictory Reasoning
gemma2_9b,alphabetical_think_answer,592,89.2,0.8,0.8,1,Ambiguous/Mixed
gemma2_9b,alphabetical_think_answer,594,89.2,0.8,0.8,1,Ambiguous/Mixed
gemma2_9b,alphabetical_think_answer,596,89.2,0.8,0.8,1,Ambiguous/Mixed
gemma2_9b,alphabetical_think_answer,600,111.5,1.0,1.0,1,Incoherent Hallucination
gemma2_9b,alphabetical_think_answer,603,111.5,1.0,-1.0,0,Coherent Hallucination
gemma2_9b,alphabetical_think_answer,602,111.5,1.0,1.0,1,Sound Reasoning
gemma2_9b,alphabetical_think_answer,601,111.5,1.0,-1.0,0,Coherent Hallucination
gemma2_9b,alphabetical_think_answer,597,89.2,0.8,-0.8,0,Contradictory Reasoning
gemma2_9b,alphabetical_think_answer,604,111.5,1.0,1.0,1,Sound Reasoning
gemma2_9b,alphabetical_think_answer,598,89.2,0.8,0.8,1,Ambiguous/Mixed
gemma2_9b,alphabetical_think_answer,599,89.2,0.8,-0.8,0,Contradictory Reasoning
gemma2_9b,alphabetical_think_answer,607,111.5,1.0,-1.0,0,Coherent Hallucination
gemma2_9b,alphabetical_think_answer,608,111.5,1.0,1.0,1,Sound Reasoning
gemma2_9b,alphabetical_think_answer,609,111.5,1.0,-1.0,0,Ambiguous/Mixed
gemma2_9b,alphabetical_think_answer,595,89.2,0.8,-0.8,0,Contradictory Reasoning
gemma2_9b,alphabetical_think_answer,605,111.5,1.0,-1.0,0,Coherent Hallucination
gemma2_9b,alphabetical_think_answer,612,111.5,1.0,1.0,1,Ambiguous/Mixed
gemma2_9b,alphabetical_think_answer,614,111.5,1.0,1.0,1,Incoherent Hallucination
gemma2_9b,alphabetical_think_answer,620,111.5,1.0,1.0,1,Sound Reasoning
gemma2_9b,alphabetical_think_answer,610,111.5,1.0,1.0,1,Sound Reasoning
gemma2_9b,alphabetical_think_answer,615,111.5,1.0,-1.0,0,Coherent Hallucination
gemma2_9b,alphabetical_think_answer,622,111.5,1.0,1.0,1,Sound Reasoning
gemma2_9b,alphabetical_think_answer,611,111.5,1.0,-1.0,0,Ambiguous/Mixed
gemma2_9b,alphabetical_think_answer,606,111.5,1.0,1.0,1,Incoherent Hallucination
gemma2_9b,alphabetical_think_answer,619,111.5,1.0,-1.0,0,Incoherent Hallucination
gemma2_9b,alphabetical_think_answer,616,111.5,1.0,1.0,1,Sound Reasoning
gemma2_9b,alphabetical_think_answer,618,111.5,1.0,1.0,1,Ambiguous/Mixed
gemma2_9b,alphabetical_think_answer,624,111.5,1.0,1.0,1,Ambiguous/Mixed
gemma2_9b,alphabetical_think_answer,623,111.5,1.0,-1.0,0,Incoherent Hallucination
gemma2_9b,alphabetical_think_answer,626,111.5,1.0,1.0,1,Ambiguous/Mixed
gemma2_9b,alphabetical_think_answer,627,111.5,1.0,-1.0,0,Incoherent Hallucination
gemma2_9b,alphabetical_think_answer,613,111.5,1.0,-1.0,0,Coherent Hallucination
gemma2_9b,alphabetical_think_answer,625,111.5,1.0,-1.0,0,Ambiguous/Mixed
gemma2_9b,alphabetical_think_answer,629,111.5,1.0,-1.0,0,Coherent Hallucination
gemma2_9b,alphabetical_think_answer,630,111.5,1.0,1.0,1,Ambiguous/Mixed
gemma2_9b,alphabetical_think_answer,621,111.5,1.0,-1.0,0,Coherent Hallucination
gemma2_9b,alphabetical_think_answer,628,111.5,1.0,1.0,1,Ambiguous/Mixed
gemma2_9b,alphabetical_think_answer,617,111.5,1.0,-1.0,0,Incoherent Hallucination
gemma2_9b,alphabetical_think_answer,634,111.5,1.0,1.0,1,Sound Reasoning
gemma2_9b,alphabetical_think_answer,631,111.5,1.0,-1.0,0,Contradictory Reasoning
gemma2_9b,alphabetical_think_answer,633,111.5,1.0,1.0,1,Ambiguous/Mixed
gemma2_9b,alphabetical_think_answer,632,111.5,1.0,-1.0,0,Ambiguous/Mixed
gemma2_9b,alphabetical_think_answer,641,111.5,1.0,-1.0,0,Ambiguous/Mixed
gemma2_9b,alphabetical_think_answer,637,111.5,1.0,-1.0,0,Contradictory Reasoning
gemma2_9b,alphabetical_think_answer,635,111.5,1.0,-1.0,0,Contradictory Reasoning
gemma2_9b,alphabetical_think_answer,636,111.5,1.0,1.0,1,Ambiguous/Mixed
gemma2_9b,alphabetical_think_answer,646,111.5,1.0,1.0,1,Sound Reasoning
gemma2_9b,alphabetical_think_answer,638,111.5,1.0,1.0,1,Ambiguous/Mixed
gemma2_9b,alphabetical_think_answer,644,111.5,1.0,1.0,1,Ambiguous/Mixed
gemma2_9b,alphabetical_think_answer,639,111.5,1.0,-1.0,0,Contradictory Reasoning
gemma2_9b,alphabetical_think_answer,649,111.5,1.0,-1.0,0,Contradictory Reasoning
gemma2_9b,alphabetical_think_answer,642,111.5,1.0,1.0,1,Ambiguous/Mixed
gemma2_9b,alphabetical_think_answer,652,111.5,1.0,1.0,1,Ambiguous/Mixed
gemma2_9b,alphabetical_think_answer,651,111.5,1.0,-1.0,0,Ambiguous/Mixed
gemma2_9b,alphabetical_think_answer,650,111.5,1.0,1.0,1,Ambiguous/Mixed
gemma2_9b,alphabetical_think_answer,647,111.5,1.0,-1.0,0,Contradictory Reasoning
gemma2_9b,alphabetical_think_answer,648,111.5,1.0,1.0,1,Ambiguous/Mixed
gemma2_9b,alphabetical_think_answer,643,111.5,1.0,-1.0,0,Ambiguous/Mixed
gemma2_9b,alphabetical_think_answer,653,111.5,1.0,-1.0,0,Contradictory Reasoning
gemma2_9b,alphabetical_think_answer,645,111.5,1.0,-1.0,0,Ambiguous/Mixed
gemma2_9b,alphabetical_think_answer,640,111.5,1.0,1.0,1,Ambiguous/Mixed
gemma2_9b,alphabetical_think_answer,654,111.5,1.0,1.0,1,Ambiguous/Mixed
gemma2_9b,alphabetical_think_answer,655,111.5,1.0,-1.0,0,Ambiguous/Mixed
gemma2_9b,alphabetical_think_answer,659,111.5,1.0,-1.0,0,Contradictory Reasoning
gemma2_9b,alphabetical_think_answer,658,111.5,1.0,1.0,1,Ambiguous/Mixed
gemma2_9b,alphabetical_think_answer,656,111.5,1.0,1.0,1,Ambiguous/Mixed
gemma2_9b,alphabetical_think_answer,657,111.5,1.0,-1.0,0,Ambiguous/Mixed
gemma2_9b,alphabetical_answer_think,1,-97.0,-1.0,1.0,1,Sound Reasoning
gemma2_9b,alphabetical_answer_think,13,-97.0,-1.0,1.0,1,Sound Reasoning
gemma2_9b,alphabetical_answer_think,11,-97.0,-1.0,1.0,0,Coherent Hallucination
gemma2_9b,alphabetical_answer_think,0,-97.0,-1.0,-1.0,1,Sound Reasoning
gemma2_9b,alphabetical_answer_think,19,-97.0,-1.0,1.0,1,Sound Reasoning
gemma2_9b,alphabetical_answer_think,18,-97.0,-1.0,-1.0,1,Sound Reasoning
gemma2_9b,alphabetical_answer_think,6,-97.0,-1.0,-1.0,0,Coherent Hallucination
gemma2_9b,alphabetical_answer_think,3,-97.0,-1.0,1.0,0,Contradictory Reasoning
gemma2_9b,alphabetical_answer_think,7,-97.0,-1.0,1.0,1,Coherent Hallucination
gemma2_9b,alphabetical_answer_think,12,-97.0,-1.0,-1.0,1,Sound Reasoning
gemma2_9b,alphabetical_answer_think,8,-97.0,-1.0,-1.0,0,Coherent Hallucination
gemma2_9b,alphabetical_answer_think,17,-97.0,-1.0,1.0,1,Incoherent Hallucination
gemma2_9b,alphabetical_answer_think,9,-97.0,-1.0,1.0,0,Coherent Hallucination
gemma2_9b,alphabetical_answer_think,16,-97.0,-1.0,-1.0,0,Coherent Hallucination
gemma2_9b,alphabetical_answer_think,10,-97.0,-1.0,-1.0,0,Contradictory Reasoning
gemma2_9b,alphabetical_answer_think,14,-97.0,-1.0,-1.0,1,Sound Reasoning
gemma2_9b,alphabetical_answer_think,5,-97.0,-1.0,1.0,1,Sound Reasoning
gemma2_9b,alphabetical_answer_think,4,-97.0,-1.0,-1.0,1,Sound Reasoning
gemma2_9b,alphabetical_answer_think,2,-97.0,-1.0,-1.0,1,Sound Reasoning
gemma2_9b,alphabetical_answer_think,15,-97.0,-1.0,1.0,1,Sound Reasoning
gemma2_9b,alphabetical_answer_think,21,-97.0,-1.0,1.0,0,Coherent Hallucination
gemma2_9b,alphabetical_answer_think,33,-97.0,-1.0,-1.0,0,Coherent Hallucination
gemma2_9b,alphabetical_answer_think,32,-97.0,-1.0,1.0,0,Coherent Hallucination
gemma2_9b,alphabetical_answer_think,22,-97.0,-1.0,-1.0,0,Coherent Hallucination
gemma2_9b,alphabetical_answer_think,25,-97.0,-1.0,1.0,1,Sound Reasoning
gemma2_9b,alphabetical_answer_think,26,-97.0,-1.0,-1.0,1,Sound Reasoning
gemma2_9b,alphabetical_answer_think,23,-97.0,-1.0,1.0,1,Sound Reasoning
gemma2_9b,alphabetical_answer_think,20,-97.0,-1.0,-1.0,0,Coherent Hallucination
gemma2_9b,alphabetical_answer_think,29,-97.0,-1.0,1.0,0,Incoherent Hallucination
gemma2_9b,alphabetical_answer_think,24,-97.0,-1.0,-1.0,1,Sound Reasoning
gemma2_9b,alphabetical_answer_think,27,-97.0,-1.0,1.0,1,Sound Reasoning
gemma2_9b,alphabetical_answer_think,34,-97.0,-1.0,-1.0,1,Sound Reasoning
gemma2_9b,alphabetical_answer_think,28,-97.0,-1.0,-1.0,0,Coherent Hallucination
gemma2_9b,alphabetical_answer_think,36,-97.0,-1.0,-1.0,0,Coherent Hallucination
gemma2_9b,alphabetical_answer_think,31,-97.0,-1.0,1.0,0,Coherent Hallucination
gemma2_9b,alphabetical_answer_think,44,-97.0,-1.0,-1.0,1,Sound Reasoning
gemma2_9b,alphabetical_answer_think,37,-97.0,-1.0,1.0,1,Contradictory Reasoning
gemma2_9b,alphabetical_answer_think,30,-97.0,-1.0,-1.0,0,Coherent Hallucination
gemma2_9b,alphabetical_answer_think,35,-97.0,-1.0,1.0,0,Coherent Hallucination
gemma2_9b,alphabetical_answer_think,43,-97.0,-1.0,1.0,1,Coherent Hallucination
gemma2_9b,alphabetical_answer_think,41,-97.0,-1.0,1.0,0,Incoherent Hallucination
gemma2_9b,alphabetical_answer_think,42,-97.0,-1.0,-1.0,1,Sound Reasoning
gemma2_9b,alphabetical_answer_think,38,-97.0,-1.0,-1.0,0,Coherent Hallucination
gemma2_9b,alphabetical_answer_think,40,-97.0,-1.0,-1.0,1,Sound Reasoning
gemma2_9b,alphabetical_answer_think,48,-97.0,-1.0,-1.0,0,Coherent Hallucination
gemma2_9b,alphabetical_answer_think,50,-97.0,-1.0,-1.0,1,Sound Reasoning
gemma2_9b,alphabetical_answer_think,39,-97.0,-1.0,1.0,0,Incoherent Hallucination
gemma2_9b,alphabetical_answer_think,49,-97.0,-1.0,1.0,0,Coherent Hallucination
gemma2_9b,alphabetical_answer_think,45,-97.0,-1.0,1.0,1,Coherent Hallucination
gemma2_9b,alphabetical_answer_think,53,-97.0,-1.0,1.0,1,Coherent Hallucination
gemma2_9b,alphabetical_answer_think,47,-97.0,-1.0,1.0,0,Coherent Hallucination
gemma2_9b,alphabetical_answer_think,56,-97.0,-1.0,-1.0,1,Sound Reasoning
gemma2_9b,alphabetical_answer_think,52,-97.0,-1.0,-1.0,1,Coherent Hallucination
gemma2_9b,alphabetical_answer_think,46,-97.0,-1.0,-1.0,1,Coherent Hallucination
gemma2_9b,alphabetical_answer_think,54,-97.0,-1.0,-1.0,1,Sound Reasoning
gemma2_9b,alphabetical_answer_think,58,-97.0,-1.0,-1.0,1,Sound Reasoning
gemma2_9b,alphabetical_answer_think,61,-77.6,-0.8,0.8,0,Contradictory Reasoning
gemma2_9b,alphabetical_answer_think,57,-97.0,-1.0,1.0,0,Coherent Hallucination
gemma2_9b,alphabetical_answer_think,51,-97.0,-1.0,1.0,0,Coherent Hallucination
gemma2_9b,alphabetical_answer_think,60,-77.6,-0.8,-0.8,1,Sound Reasoning
gemma2_9b,alphabetical_answer_think,55,-97.0,-1.0,1.0,1,Coherent Hallucination
gemma2_9b,alphabetical_answer_think,62,-77.6,-0.8,-0.8,1,Sound Reasoning
gemma2_9b,alphabetical_answer_think,64,-77.6,-0.8,-0.8,1,Sound Reasoning
gemma2_9b,alphabetical_answer_think,66,-77.6,-0.8,-0.8,1,Sound Reasoning
gemma2_9b,alphabetical_answer_think,59,-97.0,-1.0,1.0,0,Coherent Hallucination
gemma2_9b,alphabetical_answer_think,67,-77.6,-0.8,0.8,0,Coherent Hallucination
gemma2_9b,alphabetical_answer_think,74,-77.6,-0.8,-0.8,1,Sound Reasoning
gemma2_9b,alphabetical_answer_think,68,-77.6,-0.8,-0.8,0,Coherent Hallucination
gemma2_9b,alphabetical_answer_think,72,-77.6,-0.8,-0.8,1,Sound Reasoning
gemma2_9b,alphabetical_answer_think,78,-77.6,-0.8,-0.8,1,Sound Reasoning
gemma2_9b,alphabetical_answer_think,65,-77.6,-0.8,0.8,0,Coherent Hallucination
gemma2_9b,alphabetical_answer_think,71,-77.6,-0.8,0.8,0,Coherent Hallucination
gemma2_9b,alphabetical_answer_think,69,-77.6,-0.8,0.8,0,Coherent Hallucination
gemma2_9b,alphabetical_answer_think,76,-77.6,-0.8,-0.8,1,Sound Reasoning
gemma2_9b,alphabetical_answer_think,73,-77.6,-0.8,0.8,0,Coherent Hallucination
gemma2_9b,alphabetical_answer_think,79,-77.6,-0.8,0.8,0,Coherent Hallucination
gemma2_9b,alphabetical_answer_think,75,-77.6,-0.8,0.8,1,Sound Reasoning
gemma2_9b,alphabetical_answer_think,70,-77.6,-0.8,-0.8,1,Sound Reasoning
gemma2_9b,alphabetical_answer_think,80,-77.6,-0.8,-0.8,1,Sound Reasoning
gemma2_9b,alphabetical_answer_think,77,-77.6,-0.8,0.8,0,Coherent Hallucination
gemma2_9b,alphabetical_answer_think,63,-77.6,-0.8,0.8,0,Coherent Hallucination
gemma2_9b,alphabetical_answer_think,82,-77.6,-0.8,-0.8,1,Sound Reasoning
gemma2_9b,alphabetical_answer_think,83,-77.6,-0.8,0.8,0,Incoherent Hallucination
gemma2_9b,alphabetical_answer_think,91,-77.6,-0.8,0.8,0,Coherent Hallucination
gemma2_9b,alphabetical_answer_think,86,-77.6,-0.8,-0.8,1,Sound Reasoning
gemma2_9b,alphabetical_answer_think,90,-77.6,-0.8,-0.8,1,Sound Reasoning
gemma2_9b,alphabetical_answer_think,84,-77.6,-0.8,-0.8,1,Sound Reasoning
gemma2_9b,alphabetical_answer_think,85,-77.6,-0.8,0.8,0,Coherent Hallucination
gemma2_9b,alphabetical_answer_think,88,-77.6,-0.8,-0.8,1,Sound Reasoning
gemma2_9b,alphabetical_answer_think,81,-77.6,-0.8,0.8,0,Coherent Hallucination
gemma2_9b,alphabetical_answer_think,92,-77.6,-0.8,0.8,0,Coherent Hallucination
gemma2_9b,alphabetical_answer_think,97,-77.6,-0.8,0.8,0,Coherent Hallucination
gemma2_9b,alphabetical_answer_think,94,-77.6,-0.8,-0.8,1,Ambiguous/Mixed
gemma2_9b,alphabetical_answer_think,98,-77.6,-0.8,-0.8,0,Contradictory Reasoning
gemma2_9b,alphabetical_answer_think,99,-77.6,-0.8,0.8,0,Incoherent Hallucination
gemma2_9b,alphabetical_answer_think,93,-77.6,-0.8,-0.8,1,Coherent Hallucination
gemma2_9b,alphabetical_answer_think,95,-77.6,-0.8,0.8,0,Incoherent Hallucination
gemma2_9b,alphabetical_answer_think,96,-77.6,-0.8,-0.8,1,Sound Reasoning
gemma2_9b,alphabetical_answer_think,89,-77.6,-0.8,0.8,0,Incoherent Hallucination
gemma2_9b,alphabetical_answer_think,87,-77.6,-0.8,0.8,0,Coherent Hallucination
gemma2_9b,alphabetical_answer_think,100,-77.6,-0.8,-0.8,1,Ambiguous/Mixed
gemma2_9b,alphabetical_answer_think,101,-77.6,-0.8,0.8,0,Coherent Hallucination
gemma2_9b,alphabetical_answer_think,104,-77.6,-0.8,-0.8,1,Sound Reasoning
gemma2_9b,alphabetical_answer_think,107,-77.6,-0.8,0.8,0,Coherent Hallucination
gemma2_9b,alphabetical_answer_think,109,-77.6,-0.8,0.8,0,Coherent Hallucination
gemma2_9b,alphabetical_answer_think,102,-77.6,-0.8,-0.8,1,Sound Reasoning
gemma2_9b,alphabetical_answer_think,106,-77.6,-0.8,-0.8,1,Sound Reasoning
gemma2_9b,alphabetical_answer_think,111,-77.6,-0.8,0.8,0,Coherent Hallucination
gemma2_9b,alphabetical_answer_think,105,-77.6,-0.8,0.8,0,Coherent Hallucination
gemma2_9b,alphabetical_answer_think,103,-77.6,-0.8,0.8,0,Coherent Hallucination
gemma2_9b,alphabetical_answer_think,108,-77.6,-0.8,-0.8,1,Sound Reasoning
gemma2_9b,alphabetical_answer_think,112,-77.6,-0.8,-0.8,1,Coherent Hallucination
gemma2_9b,alphabetical_answer_think,116,-77.6,-0.8,-0.8,1,Sound Reasoning
gemma2_9b,alphabetical_answer_think,110,-77.6,-0.8,-0.8,1,Sound Reasoning
gemma2_9b,alphabetical_answer_think,120,-58.2,-0.6,-0.6,1,Sound Reasoning
gemma2_9b,alphabetical_answer_think,117,-77.6,-0.8,0.8,0,Coherent Hallucination
gemma2_9b,alphabetical_answer_think,123,-58.2,-0.6,0.6,0,Coherent Hallucination
gemma2_9b,alphabetical_answer_think,124,-58.2,-0.6,-0.6,1,Sound Reasoning
gemma2_9b,alphabetical_answer_think,121,-58.2,-0.6,0.6,0,Coherent Hallucination
gemma2_9b,alphabetical_answer_think,118,-77.6,-0.8,-0.8,1,Incoherent Hallucination
gemma2_9b,alphabetical_answer_think,128,-58.2,-0.6,-0.6,1,Sound Reasoning
gemma2_9b,alphabetical_answer_think,122,-58.2,-0.6,-0.6,1,Sound Reasoning
gemma2_9b,alphabetical_answer_think,114,-77.6,-0.8,-0.8,1,Ambiguous/Mixed
gemma2_9b,alphabetical_answer_think,126,-58.2,-0.6,-0.6,1,Sound Reasoning
gemma2_9b,alphabetical_answer_think,113,-77.6,-0.8,0.8,0,Coherent Hallucination
gemma2_9b,alphabetical_answer_think,125,-58.2,-0.6,0.6,0,Coherent Hallucination
gemma2_9b,alphabetical_answer_think,115,-77.6,-0.8,0.8,0,Incoherent Hallucination
gemma2_9b,alphabetical_answer_think,129,-58.2,-0.6,0.6,0,Coherent Hallucination
gemma2_9b,alphabetical_answer_think,127,-58.2,-0.6,0.6,0,Coherent Hallucination
gemma2_9b,alphabetical_answer_think,130,-58.2,-0.6,-0.6,1,Sound Reasoning
gemma2_9b,alphabetical_answer_think,131,-58.2,-0.6,0.6,0,Coherent Hallucination
gemma2_9b,alphabetical_answer_think,119,-77.6,-0.8,0.8,0,Coherent Hallucination
gemma2_9b,alphabetical_answer_think,132,-58.2,-0.6,-0.6,1,Sound Reasoning
gemma2_9b,alphabetical_answer_think,134,-58.2,-0.6,-0.6,1,Sound Reasoning
gemma2_9b,alphabetical_answer_think,133,-58.2,-0.6,0.6,0,Coherent Hallucination
gemma2_9b,alphabetical_answer_think,137,-58.2,-0.6,0.6,0,Incoherent Hallucination
gemma2_9b,alphabetical_answer_think,138,-58.2,-0.6,-0.6,1,Sound Reasoning
gemma2_9b,alphabetical_answer_think,141,-58.2,-0.6,0.6,0,Coherent Hallucination
gemma2_9b,alphabetical_answer_think,144,-58.2,-0.6,-0.6,1,Sound Reasoning
gemma2_9b,alphabetical_answer_think,139,-58.2,-0.6,0.6,0,Coherent Hallucination
gemma2_9b,alphabetical_answer_think,135,-58.2,-0.6,0.6,0,Incoherent Hallucination
gemma2_9b,alphabetical_answer_think,143,-58.2,-0.6,0.6,0,Incoherent Hallucination
gemma2_9b,alphabetical_answer_think,142,-58.2,-0.6,-0.6,1,Sound Reasoning
gemma2_9b,alphabetical_answer_think,145,-58.2,-0.6,0.6,0,Incoherent Hallucination
gemma2_9b,alphabetical_answer_think,136,-58.2,-0.6,-0.6,1,Sound Reasoning
gemma2_9b,alphabetical_answer_think,146,-58.2,-0.6,-0.6,1,Sound Reasoning
gemma2_9b,alphabetical_answer_think,148,-58.2,-0.6,-0.6,1,Sound Reasoning
gemma2_9b,alphabetical_answer_think,151,-58.2,-0.6,0.6,0,Coherent Hallucination
gemma2_9b,alphabetical_answer_think,140,-58.2,-0.6,-0.6,1,Sound Reasoning
gemma2_9b,alphabetical_answer_think,147,-58.2,-0.6,0.6,0,Coherent Hallucination
gemma2_9b,alphabetical_answer_think,150,-58.2,-0.6,-0.6,1,Sound Reasoning
gemma2_9b,alphabetical_answer_think,149,-58.2,-0.6,0.6,0,Incoherent Hallucination
gemma2_9b,alphabetical_answer_think,152,-58.2,-0.6,0.6,0,Coherent Hallucination
gemma2_9b,alphabetical_answer_think,162,-58.2,-0.6,-0.6,1,Sound Reasoning
gemma2_9b,alphabetical_answer_think,158,-58.2,-0.6,-0.6,1,Coherent Hallucination
gemma2_9b,alphabetical_answer_think,153,-58.2,-0.6,-0.6,1,Ambiguous/Mixed
gemma2_9b,alphabetical_answer_think,154,-58.2,-0.6,-0.6,1,Coherent Hallucination
gemma2_9b,alphabetical_answer_think,155,-58.2,-0.6,0.6,0,Coherent Hallucination
gemma2_9b,alphabetical_answer_think,157,-58.2,-0.6,0.6,0,Coherent Hallucination
gemma2_9b,alphabetical_answer_think,159,-58.2,-0.6,0.6,0,Incoherent Hallucination
gemma2_9b,alphabetical_answer_think,161,-58.2,-0.6,0.6,0,Contradictory Reasoning
gemma2_9b,alphabetical_answer_think,170,-58.2,-0.6,-0.6,1,Sound Reasoning
gemma2_9b,alphabetical_answer_think,160,-58.2,-0.6,-0.6,1,Ambiguous/Mixed
gemma2_9b,alphabetical_answer_think,168,-58.2,-0.6,-0.6,1,Coherent Hallucination
gemma2_9b,alphabetical_answer_think,166,-58.2,-0.6,-0.6,1,Sound Reasoning
gemma2_9b,alphabetical_answer_think,165,-58.2,-0.6,0.6,0,Incoherent Hallucination
gemma2_9b,alphabetical_answer_think,171,-58.2,-0.6,0.6,0,Coherent Hallucination
gemma2_9b,alphabetical_answer_think,169,-58.2,-0.6,0.6,0,Ambiguous/Mixed
gemma2_9b,alphabetical_answer_think,167,-58.2,-0.6,0.6,0,Coherent Hallucination
gemma2_9b,alphabetical_answer_think,176,-58.2,-0.6,-0.6,1,Sound Reasoning
gemma2_9b,alphabetical_answer_think,173,-58.2,-0.6,0.6,0,Coherent Hallucination
gemma2_9b,alphabetical_answer_think,156,-58.2,-0.6,-0.6,1,Sound Reasoning
gemma2_9b,alphabetical_answer_think,182,-38.8,-0.4,-0.4,1,Sound Reasoning
gemma2_9b,alphabetical_answer_think,172,-58.2,-0.6,-0.6,1,Coherent Hallucination
gemma2_9b,alphabetical_answer_think,177,-58.2,-0.6,0.6,0,Coherent Hallucination
gemma2_9b,alphabetical_answer_think,163,-58.2,-0.6,0.6,0,Coherent Hallucination
gemma2_9b,alphabetical_answer_think,164,-58.2,-0.6,-0.6,1,Coherent Hallucination
gemma2_9b,alphabetical_answer_think,174,-58.2,-0.6,-0.6,1,Sound Reasoning
gemma2_9b,alphabetical_answer_think,175,-58.2,-0.6,0.6,0,Coherent Hallucination
gemma2_9b,alphabetical_answer_think,178,-58.2,-0.6,-0.6,1,Coherent Hallucination
gemma2_9b,alphabetical_answer_think,180,-38.8,-0.4,-0.4,1,Sound Reasoning
gemma2_9b,alphabetical_answer_think,183,-38.8,-0.4,0.4,0,Coherent Hallucination
gemma2_9b,alphabetical_answer_think,181,-38.8,-0.4,0.4,0,Coherent Hallucination
gemma2_9b,alphabetical_answer_think,185,-38.8,-0.4,0.4,0,Coherent Hallucination
gemma2_9b,alphabetical_answer_think,188,-38.8,-0.4,-0.4,1,Sound Reasoning
gemma2_9b,alphabetical_answer_think,187,-38.8,-0.4,0.4,0,Coherent Hallucination
gemma2_9b,alphabetical_answer_think,184,-38.8,-0.4,-0.4,1,Sound Reasoning
gemma2_9b,alphabetical_answer_think,186,-38.8,-0.4,-0.4,1,Sound Reasoning
gemma2_9b,alphabetical_answer_think,190,-38.8,-0.4,-0.4,1,Sound Reasoning
gemma2_9b,alphabetical_answer_think,192,-38.8,-0.4,-0.4,1,Sound Reasoning
gemma2_9b,alphabetical_answer_think,179,-58.2,-0.6,0.6,0,Contradictory Reasoning
gemma2_9b,alphabetical_answer_think,194,-38.8,-0.4,-0.4,1,Sound Reasoning
gemma2_9b,alphabetical_answer_think,189,-38.8,-0.4,0.4,0,Coherent Hallucination
gemma2_9b,alphabetical_answer_think,191,-38.8,-0.4,0.4,0,Coherent Hallucination
gemma2_9b,alphabetical_answer_think,196,-38.8,-0.4,-0.4,1,Sound Reasoning
gemma2_9b,alphabetical_answer_think,195,-38.8,-0.4,0.4,0,Coherent Hallucination
gemma2_9b,alphabetical_answer_think,199,-38.8,-0.4,0.4,0,Coherent Hallucination
gemma2_9b,alphabetical_answer_think,197,-38.8,-0.4,0.4,0,Incoherent Hallucination
gemma2_9b,alphabetical_answer_think,200,-38.8,-0.4,-0.4,1,Sound Reasoning
gemma2_9b,alphabetical_answer_think,193,-38.8,-0.4,0.4,0,Coherent Hallucination
gemma2_9b,alphabetical_answer_think,208,-38.8,-0.4,-0.4,1,Sound Reasoning
gemma2_9b,alphabetical_answer_think,198,-38.8,-0.4,-0.4,1,Sound Reasoning
gemma2_9b,alphabetical_answer_think,201,-38.8,-0.4,0.4,0,Coherent Hallucination
gemma2_9b,alphabetical_answer_think,210,-38.8,-0.4,-0.4,1,Sound Reasoning
gemma2_9b,alphabetical_answer_think,202,-38.8,-0.4,-0.4,1,Sound Reasoning
gemma2_9b,alphabetical_answer_think,205,-38.8,-0.4,0.4,0,Coherent Hallucination
gemma2_9b,alphabetical_answer_think,207,-38.8,-0.4,0.4,0,Coherent Hallucination
gemma2_9b,alphabetical_answer_think,203,-38.8,-0.4,0.4,0,Coherent Hallucination
gemma2_9b,alphabetical_answer_think,212,-38.8,-0.4,0.4,0,Coherent Hallucination
gemma2_9b,alphabetical_answer_think,206,-38.8,-0.4,-0.4,1,Sound Reasoning
gemma2_9b,alphabetical_answer_think,204,-38.8,-0.4,-0.4,1,Sound Reasoning
gemma2_9b,alphabetical_answer_think,211,-38.8,-0.4,0.4,0,Ambiguous/Mixed
gemma2_9b,alphabetical_answer_think,213,-38.8,-0.4,-0.4,1,Ambiguous/Mixed
gemma2_9b,alphabetical_answer_think,216,-38.8,-0.4,-0.4,1,Ambiguous/Mixed
gemma2_9b,alphabetical_answer_think,214,-38.8,-0.4,-0.4,1,Coherent Hallucination
gemma2_9b,alphabetical_answer_think,209,-38.8,-0.4,0.4,0,Incoherent Hallucination
gemma2_9b,alphabetical_answer_think,215,-38.8,-0.4,0.4,0,Coherent Hallucination
gemma2_9b,alphabetical_answer_think,217,-38.8,-0.4,0.4,0,Incoherent Hallucination
gemma2_9b,alphabetical_answer_think,223,-38.8,-0.4,0.4,0,Coherent Hallucination
gemma2_9b,alphabetical_answer_think,219,-38.8,-0.4,0.4,0,Incoherent Hallucination
gemma2_9b,alphabetical_answer_think,224,-38.8,-0.4,-0.4,1,Ambiguous/Mixed
gemma2_9b,alphabetical_answer_think,221,-38.8,-0.4,0.4,0,Contradictory Reasoning
gemma2_9b,alphabetical_answer_think,222,-38.8,-0.4,-0.4,1,Ambiguous/Mixed
gemma2_9b,alphabetical_answer_think,218,-38.8,-0.4,-0.4,1,Ambiguous/Mixed
gemma2_9b,alphabetical_answer_think,232,-38.8,-0.4,-0.4,1,Ambiguous/Mixed
gemma2_9b,alphabetical_answer_think,229,-38.8,-0.4,0.4,0,Incoherent Hallucination
gemma2_9b,alphabetical_answer_think,231,-38.8,-0.4,0.4,0,Coherent Hallucination
gemma2_9b,alphabetical_answer_think,225,-38.8,-0.4,0.4,0,Coherent Hallucination
gemma2_9b,alphabetical_answer_think,233,-38.8,-0.4,0.4,0,Incoherent Hallucination
gemma2_9b,alphabetical_answer_think,220,-38.8,-0.4,-0.4,1,Ambiguous/Mixed
gemma2_9b,alphabetical_answer_think,228,-38.8,-0.4,-0.4,1,Sound Reasoning
gemma2_9b,alphabetical_answer_think,230,-38.8,-0.4,-0.4,1,Ambiguous/Mixed
gemma2_9b,alphabetical_answer_think,226,-38.8,-0.4,-0.4,1,Ambiguous/Mixed
gemma2_9b,alphabetical_answer_think,234,-38.8,-0.4,-0.4,1,Sound Reasoning
gemma2_9b,alphabetical_answer_think,240,-19.4,-0.2,-0.2,1,Sound Reasoning
gemma2_9b,alphabetical_answer_think,235,-38.8,-0.4,0.4,0,Incoherent Hallucination
gemma2_9b,alphabetical_answer_think,227,-38.8,-0.4,0.4,0,Coherent Hallucination
gemma2_9b,alphabetical_answer_think,238,-38.8,-0.4,-0.4,1,Ambiguous/Mixed
gemma2_9b,alphabetical_answer_think,236,-38.8,-0.4,-0.4,1,Incoherent Hallucination
gemma2_9b,alphabetical_answer_think,245,-19.4,-0.2,0.2,0,Coherent Hallucination
gemma2_9b,alphabetical_answer_think,237,-38.8,-0.4,0.4,0,Ambiguous/Mixed
gemma2_9b,alphabetical_answer_think,239,-38.8,-0.4,0.4,0,Ambiguous/Mixed
gemma2_9b,alphabetical_answer_think,246,-19.4,-0.2,-0.2,1,Sound Reasoning
gemma2_9b,alphabetical_answer_think,242,-19.4,-0.2,-0.2,1,Sound Reasoning
gemma2_9b,alphabetical_answer_think,241,-19.4,-0.2,0.2,0,Coherent Hallucination
gemma2_9b,alphabetical_answer_think,249,-19.4,-0.2,0.2,0,Coherent Hallucination
gemma2_9b,alphabetical_answer_think,243,-19.4,-0.2,0.2,0,Coherent Hallucination
gemma2_9b,alphabetical_answer_think,244,-19.4,-0.2,-0.2,1,Sound Reasoning
gemma2_9b,alphabetical_answer_think,248,-19.4,-0.2,-0.2,1,Sound Reasoning
gemma2_9b,alphabetical_answer_think,251,-19.4,-0.2,0.2,0,Coherent Hallucination
gemma2_9b,alphabetical_answer_think,247,-19.4,-0.2,0.2,0,Coherent Hallucination
gemma2_9b,alphabetical_answer_think,253,-19.4,-0.2,0.2,0,Coherent Hallucination
gemma2_9b,alphabetical_answer_think,252,-19.4,-0.2,-0.2,1,Sound Reasoning
gemma2_9b,alphabetical_answer_think,258,-19.4,-0.2,-0.2,1,Sound Reasoning
gemma2_9b,alphabetical_answer_think,254,-19.4,-0.2,-0.2,1,Sound Reasoning
gemma2_9b,alphabetical_answer_think,250,-19.4,-0.2,-0.2,1,Sound Reasoning
gemma2_9b,alphabetical_answer_think,256,-19.4,-0.2,-0.2,1,Sound Reasoning
gemma2_9b,alphabetical_answer_think,255,-19.4,-0.2,0.2,0,Coherent Hallucination
gemma2_9b,alphabetical_answer_think,260,-19.4,-0.2,-0.2,1,Sound Reasoning
gemma2_9b,alphabetical_answer_think,261,-19.4,-0.2,0.2,0,Coherent Hallucination
gemma2_9b,alphabetical_answer_think,257,-19.4,-0.2,0.2,0,Coherent Hallucination
gemma2_9b,alphabetical_answer_think,265,-19.4,-0.2,0.2,0,Coherent Hallucination
gemma2_9b,alphabetical_answer_think,266,-19.4,-0.2,-0.2,1,Sound Reasoning
gemma2_9b,alphabetical_answer_think,267,-19.4,-0.2,0.2,0,Coherent Hallucination
gemma2_9b,alphabetical_answer_think,263,-19.4,-0.2,0.2,0,Coherent Hallucination
gemma2_9b,alphabetical_answer_think,259,-19.4,-0.2,0.2,0,Coherent Hallucination
gemma2_9b,alphabetical_answer_think,264,-19.4,-0.2,-0.2,1,Sound Reasoning
gemma2_9b,alphabetical_answer_think,269,-19.4,-0.2,0.2,0,Coherent Hallucination
gemma2_9b,alphabetical_answer_think,262,-19.4,-0.2,-0.2,1,Sound Reasoning
gemma2_9b,alphabetical_answer_think,268,-19.4,-0.2,-0.2,1,Sound Reasoning
gemma2_9b,alphabetical_answer_think,274,-19.4,-0.2,-0.2,1,Coherent Hallucination
gemma2_9b,alphabetical_answer_think,272,-19.4,-0.2,0.2,0,Incoherent Hallucination
gemma2_9b,alphabetical_answer_think,270,-19.4,-0.2,-0.2,1,Incoherent Hallucination
gemma2_9b,alphabetical_answer_think,271,-19.4,-0.2,0.2,0,Incoherent Hallucination
gemma2_9b,alphabetical_answer_think,276,-19.4,-0.2,-0.2,1,Ambiguous/Mixed
gemma2_9b,alphabetical_answer_think,273,-19.4,-0.2,-0.2,1,Incoherent Hallucination
gemma2_9b,alphabetical_answer_think,275,-19.4,-0.2,0.2,0,Coherent Hallucination
gemma2_9b,alphabetical_answer_think,277,-19.4,-0.2,0.2,0,Ambiguous/Mixed
gemma2_9b,alphabetical_answer_think,280,-19.4,-0.2,-0.2,1,Ambiguous/Mixed
gemma2_9b,alphabetical_answer_think,278,-19.4,-0.2,-0.2,1,Ambiguous/Mixed
gemma2_9b,alphabetical_answer_think,281,-19.4,-0.2,0.2,0,Contradictory Reasoning
gemma2_9b,alphabetical_answer_think,283,-19.4,-0.2,0.2,0,Coherent Hallucination
gemma2_9b,alphabetical_answer_think,279,-19.4,-0.2,0.2,0,Incoherent Hallucination
gemma2_9b,alphabetical_answer_think,286,-19.4,-0.2,-0.2,1,Incoherent Hallucination
gemma2_9b,alphabetical_answer_think,285,-19.4,-0.2,0.2,0,Incoherent Hallucination
gemma2_9b,alphabetical_answer_think,290,-19.4,-0.2,-0.2,1,Ambiguous/Mixed
gemma2_9b,alphabetical_answer_think,282,-19.4,-0.2,-0.2,1,Ambiguous/Mixed
gemma2_9b,alphabetical_answer_think,291,-19.4,-0.2,0.2,0,Incoherent Hallucination
gemma2_9b,alphabetical_answer_think,288,-19.4,-0.2,-0.2,1,Ambiguous/Mixed
gemma2_9b,alphabetical_answer_think,287,-19.4,-0.2,0.2,0,Coherent Hallucination
gemma2_9b,alphabetical_answer_think,284,-19.4,-0.2,-0.2,1,Ambiguous/Mixed
gemma2_9b,alphabetical_answer_think,295,-19.4,-0.2,0.2,0,Ambiguous/Mixed
gemma2_9b,alphabetical_answer_think,294,-19.4,-0.2,-0.2,1,Sound Reasoning
gemma2_9b,alphabetical_answer_think,289,-19.4,-0.2,0.2,0,Coherent Hallucination
gemma2_9b,alphabetical_answer_think,293,-19.4,-0.2,0.2,0,Coherent Hallucination
gemma2_9b,alphabetical_answer_think,296,-19.4,-0.2,-0.2,1,Ambiguous/Mixed
gemma2_9b,alphabetical_answer_think,300,0.0,0.0,0.0,1,Sound Reasoning
gemma2_9b,alphabetical_answer_think,298,-19.4,-0.2,-0.2,1,Incoherent Hallucination
gemma2_9b,alphabetical_answer_think,297,-19.4,-0.2,0.2,0,Coherent Hallucination
gemma2_9b,alphabetical_answer_think,302,0.0,0.0,0.0,1,Sound Reasoning
gemma2_9b,alphabetical_answer_think,303,0.0,0.0,-0.0,0,Incoherent Hallucination
gemma2_9b,alphabetical_answer_think,308,0.0,0.0,0.0,1,Sound Reasoning
gemma2_9b,alphabetical_answer_think,310,0.0,0.0,0.0,1,Sound Reasoning
gemma2_9b,alphabetical_answer_think,304,0.0,0.0,0.0,1,Sound Reasoning
gemma2_9b,alphabetical_answer_think,306,0.0,0.0,0.0,1,Sound Reasoning
gemma2_9b,alphabetical_answer_think,299,-19.4,-0.2,0.2,0,Coherent Hallucination
gemma2_9b,alphabetical_answer_think,292,-19.4,-0.2,-0.2,1,Ambiguous/Mixed
gemma2_9b,alphabetical_answer_think,301,0.0,0.0,-0.0,0,Coherent Hallucination
gemma2_9b,alphabetical_answer_think,312,0.0,0.0,0.0,1,Sound Reasoning
gemma2_9b,alphabetical_answer_think,311,0.0,0.0,-0.0,0,Incoherent Hallucination
gemma2_9b,alphabetical_answer_think,314,0.0,0.0,0.0,1,Sound Reasoning
gemma2_9b,alphabetical_answer_think,305,0.0,0.0,-0.0,0,Coherent Hallucination
gemma2_9b,alphabetical_answer_think,307,0.0,0.0,-0.0,0,Coherent Hallucination
gemma2_9b,alphabetical_answer_think,309,0.0,0.0,-0.0,0,Coherent Hallucination
gemma2_9b,alphabetical_answer_think,317,0.0,0.0,-0.0,0,Incoherent Hallucination
gemma2_9b,alphabetical_answer_think,313,0.0,0.0,-0.0,0,Coherent Hallucination
gemma2_9b,alphabetical_answer_think,315,0.0,0.0,-0.0,0,Coherent Hallucination
gemma2_9b,alphabetical_answer_think,318,0.0,0.0,0.0,1,Sound Reasoning
gemma2_9b,alphabetical_answer_think,320,0.0,0.0,0.0,1,Sound Reasoning
gemma2_9b,alphabetical_answer_think,324,0.0,0.0,0.0,1,Sound Reasoning
gemma2_9b,alphabetical_answer_think,316,0.0,0.0,0.0,1,Sound Reasoning
gemma2_9b,alphabetical_answer_think,319,0.0,0.0,-0.0,0,Coherent Hallucination
gemma2_9b,alphabetical_answer_think,322,0.0,0.0,0.0,1,Sound Reasoning
gemma2_9b,alphabetical_answer_think,327,0.0,0.0,-0.0,0,Coherent Hallucination
gemma2_9b,alphabetical_answer_think,328,0.0,0.0,0.0,1,Sound Reasoning
gemma2_9b,alphabetical_answer_think,321,0.0,0.0,-0.0,0,Coherent Hallucination
gemma2_9b,alphabetical_answer_think,325,0.0,0.0,-0.0,0,Coherent Hallucination
gemma2_9b,alphabetical_answer_think,326,0.0,0.0,0.0,1,Sound Reasoning
gemma2_9b,alphabetical_answer_think,323,0.0,0.0,-0.0,0,Incoherent Hallucination
gemma2_9b,alphabetical_answer_think,334,0.0,0.0,0.0,1,Sound Reasoning
gemma2_9b,alphabetical_answer_think,330,0.0,0.0,0.0,1,Incoherent Hallucination
gemma2_9b,alphabetical_answer_think,329,0.0,0.0,-0.0,0,Coherent Hallucination
gemma2_9b,alphabetical_answer_think,336,0.0,0.0,0.0,1,Ambiguous/Mixed
gemma2_9b,alphabetical_answer_think,332,0.0,0.0,-0.0,0,Incoherent Hallucination
gemma2_9b,alphabetical_answer_think,337,0.0,0.0,-0.0,0,Incoherent Hallucination
gemma2_9b,alphabetical_answer_think,333,0.0,0.0,0.0,1,Incoherent Hallucination
gemma2_9b,alphabetical_answer_think,331,0.0,0.0,-0.0,0,Incoherent Hallucination
gemma2_9b,alphabetical_answer_think,344,0.0,0.0,0.0,1,Ambiguous/Mixed
gemma2_9b,alphabetical_answer_think,339,0.0,0.0,-0.0,0,Ambiguous/Mixed
gemma2_9b,alphabetical_answer_think,342,0.0,0.0,0.0,1,Ambiguous/Mixed
gemma2_9b,alphabetical_answer_think,340,0.0,0.0,0.0,1,Sound Reasoning
gemma2_9b,alphabetical_answer_think,338,0.0,0.0,0.0,1,Ambiguous/Mixed
gemma2_9b,alphabetical_answer_think,348,0.0,0.0,0.0,1,Ambiguous/Mixed
gemma2_9b,alphabetical_answer_think,343,0.0,0.0,-0.0,0,Coherent Hallucination
gemma2_9b,alphabetical_answer_think,335,0.0,0.0,-0.0,0,Coherent Hallucination
gemma2_9b,alphabetical_answer_think,345,0.0,0.0,-0.0,0,Incoherent Hallucination
gemma2_9b,alphabetical_answer_think,341,0.0,0.0,-0.0,0,Contradictory Reasoning
gemma2_9b,alphabetical_answer_think,346,0.0,0.0,0.0,1,Ambiguous/Mixed
gemma2_9b,alphabetical_answer_think,351,0.0,0.0,-0.0,0,Coherent Hallucination
gemma2_9b,alphabetical_answer_think,349,0.0,0.0,-0.0,0,Incoherent Hallucination
gemma2_9b,alphabetical_answer_think,350,0.0,0.0,0.0,1,Ambiguous/Mixed
gemma2_9b,alphabetical_answer_think,360,22.3,0.2,0.2,1,Sound Reasoning
gemma2_9b,alphabetical_answer_think,356,0.0,0.0,0.0,1,Ambiguous/Mixed
gemma2_9b,alphabetical_answer_think,363,22.3,0.2,-0.2,0,Coherent Hallucination
gemma2_9b,alphabetical_answer_think,366,22.3,0.2,0.2,1,Sound Reasoning
gemma2_9b,alphabetical_answer_think,347,0.0,0.0,-0.0,0,Coherent Hallucination
gemma2_9b,alphabetical_answer_think,355,0.0,0.0,-0.0,0,Incoherent Hallucination
gemma2_9b,alphabetical_answer_think,364,22.3,0.2,0.2,1,Sound Reasoning
gemma2_9b,alphabetical_answer_think,353,0.0,0.0,-0.0,0,Coherent Hallucination
gemma2_9b,alphabetical_answer_think,361,22.3,0.2,-0.2,0,Coherent Hallucination
gemma2_9b,alphabetical_answer_think,352,0.0,0.0,0.0,1,Ambiguous/Mixed
gemma2_9b,alphabetical_answer_think,359,0.0,0.0,-0.0,0,Coherent Hallucination
gemma2_9b,alphabetical_answer_think,362,22.3,0.2,0.2,1,Sound Reasoning
gemma2_9b,alphabetical_answer_think,357,0.0,0.0,-0.0,0,Coherent Hallucination
gemma2_9b,alphabetical_answer_think,365,22.3,0.2,-0.2,0,Coherent Hallucination
gemma2_9b,alphabetical_answer_think,369,22.3,0.2,-0.2,0,Coherent Hallucination
gemma2_9b,alphabetical_answer_think,367,22.3,0.2,-0.2,0,Coherent Hallucination
gemma2_9b,alphabetical_answer_think,368,22.3,0.2,0.2,1,Sound Reasoning
gemma2_9b,alphabetical_answer_think,358,0.0,0.0,0.0,1,Ambiguous/Mixed
gemma2_9b,alphabetical_answer_think,370,22.3,0.2,0.2,1,Sound Reasoning
gemma2_9b,alphabetical_answer_think,354,0.0,0.0,0.0,1,Ambiguous/Mixed
gemma2_9b,alphabetical_answer_think,372,22.3,0.2,0.2,1,Sound Reasoning
gemma2_9b,alphabetical_answer_think,377,22.3,0.2,-0.2,0,Coherent Hallucination
gemma2_9b,alphabetical_answer_think,378,22.3,0.2,0.2,1,Sound Reasoning
gemma2_9b,alphabetical_answer_think,374,22.3,0.2,0.2,1,Sound Reasoning
gemma2_9b,alphabetical_answer_think,375,22.3,0.2,-0.2,0,Coherent Hallucination
gemma2_9b,alphabetical_answer_think,380,22.3,0.2,0.2,1,Sound Reasoning
gemma2_9b,alphabetical_answer_think,376,22.3,0.2,0.2,1,Sound Reasoning
gemma2_9b,alphabetical_answer_think,373,22.3,0.2,-0.2,0,Coherent Hallucination
gemma2_9b,alphabetical_answer_think,371,22.3,0.2,-0.2,0,Coherent Hallucination
gemma2_9b,alphabetical_answer_think,381,22.3,0.2,-0.2,0,Coherent Hallucination
gemma2_9b,alphabetical_answer_think,386,22.3,0.2,0.2,1,Sound Reasoning
gemma2_9b,alphabetical_answer_think,383,22.3,0.2,-0.2,0,Coherent Hallucination
gemma2_9b,alphabetical_answer_think,388,22.3,0.2,0.2,1,Sound Reasoning
gemma2_9b,alphabetical_answer_think,385,22.3,0.2,-0.2,0,Coherent Hallucination
gemma2_9b,alphabetical_answer_think,382,22.3,0.2,0.2,1,Sound Reasoning
gemma2_9b,alphabetical_answer_think,389,22.3,0.2,-0.2,0,Coherent Hallucination
gemma2_9b,alphabetical_answer_think,384,22.3,0.2,0.2,1,Sound Reasoning
gemma2_9b,alphabetical_answer_think,379,22.3,0.2,-0.2,0,Coherent Hallucination
gemma2_9b,alphabetical_answer_think,387,22.3,0.2,-0.2,0,Incoherent Hallucination
gemma2_9b,alphabetical_answer_think,394,22.3,0.2,0.2,1,Coherent Hallucination
gemma2_9b,alphabetical_answer_think,392,22.3,0.2,-0.2,0,Coherent Hallucination
gemma2_9b,alphabetical_answer_think,390,22.3,0.2,0.2,1,Ambiguous/Mixed
gemma2_9b,alphabetical_answer_think,395,22.3,0.2,-0.2,0,Coherent Hallucination
gemma2_9b,alphabetical_answer_think,399,22.3,0.2,-0.2,0,Ambiguous/Mixed
gemma2_9b,alphabetical_answer_think,391,22.3,0.2,-0.2,0,Incoherent Hallucination
gemma2_9b,alphabetical_answer_think,400,22.3,0.2,0.2,1,Ambiguous/Mixed
gemma2_9b,alphabetical_answer_think,402,22.3,0.2,0.2,1,Ambiguous/Mixed
gemma2_9b,alphabetical_answer_think,403,22.3,0.2,-0.2,0,Coherent Hallucination
gemma2_9b,alphabetical_answer_think,404,22.3,0.2,0.2,1,Ambiguous/Mixed
gemma2_9b,alphabetical_answer_think,398,22.3,0.2,0.2,1,Ambiguous/Mixed
gemma2_9b,alphabetical_answer_think,405,22.3,0.2,-0.2,0,Coherent Hallucination
gemma2_9b,alphabetical_answer_think,396,22.3,0.2,0.2,1,Incoherent Hallucination
gemma2_9b,alphabetical_answer_think,407,22.3,0.2,-0.2,0,Ambiguous/Mixed
gemma2_9b,alphabetical_answer_think,393,22.3,0.2,0.2,1,Ambiguous/Mixed
gemma2_9b,alphabetical_answer_think,401,22.3,0.2,-0.2,0,Incoherent Hallucination
gemma2_9b,alphabetical_answer_think,408,22.3,0.2,0.2,1,Ambiguous/Mixed
gemma2_9b,alphabetical_answer_think,406,22.3,0.2,0.2,1,Incoherent Hallucination
gemma2_9b,alphabetical_answer_think,411,22.3,0.2,-0.2,0,Coherent Hallucination
gemma2_9b,alphabetical_answer_think,397,22.3,0.2,-0.2,0,Incoherent Hallucination
gemma2_9b,alphabetical_answer_think,418,22.3,0.2,0.2,1,Ambiguous/Mixed
gemma2_9b,alphabetical_answer_think,409,22.3,0.2,-0.2,0,Incoherent Hallucination
gemma2_9b,alphabetical_answer_think,419,22.3,0.2,-0.2,0,Ambiguous/Mixed
gemma2_9b,alphabetical_answer_think,413,22.3,0.2,-0.2,0,Coherent Hallucination
gemma2_9b,alphabetical_answer_think,410,22.3,0.2,0.2,1,Incoherent Hallucination
gemma2_9b,alphabetical_answer_think,412,22.3,0.2,0.2,1,Coherent Hallucination
gemma2_9b,alphabetical_answer_think,414,22.3,0.2,0.2,1,Ambiguous/Mixed
gemma2_9b,alphabetical_answer_think,424,44.6,0.4,0.4,1,Sound Reasoning
gemma2_9b,alphabetical_answer_think,415,22.3,0.2,-0.2,0,Incoherent Hallucination
gemma2_9b,alphabetical_answer_think,422,44.6,0.4,0.4,1,Sound Reasoning
gemma2_9b,alphabetical_answer_think,420,44.6,0.4,0.4,1,Incoherent Hallucination
gemma2_9b,alphabetical_answer_think,421,44.6,0.4,-0.4,0,Coherent Hallucination
gemma2_9b,alphabetical_answer_think,416,22.3,0.2,0.2,1,Coherent Hallucination
gemma2_9b,alphabetical_answer_think,423,44.6,0.4,-0.4,0,Coherent Hallucination
gemma2_9b,alphabetical_answer_think,417,22.3,0.2,-0.2,0,Coherent Hallucination
gemma2_9b,alphabetical_answer_think,425,44.6,0.4,-0.4,0,Coherent Hallucination
gemma2_9b,alphabetical_answer_think,429,44.6,0.4,-0.4,0,Coherent Hallucination
gemma2_9b,alphabetical_answer_think,426,44.6,0.4,0.4,1,Sound Reasoning
gemma2_9b,alphabetical_answer_think,428,44.6,0.4,0.4,1,Sound Reasoning
gemma2_9b,alphabetical_answer_think,431,44.6,0.4,-0.4,0,Coherent Hallucination
gemma2_9b,alphabetical_answer_think,432,44.6,0.4,0.4,1,Sound Reasoning
gemma2_9b,alphabetical_answer_think,434,44.6,0.4,0.4,1,Sound Reasoning
gemma2_9b,alphabetical_answer_think,430,44.6,0.4,0.4,1,Sound Reasoning
gemma2_9b,alphabetical_answer_think,435,44.6,0.4,-0.4,0,Coherent Hallucination
gemma2_9b,alphabetical_answer_think,427,44.6,0.4,-0.4,0,Coherent Hallucination
gemma2_9b,alphabetical_answer_think,433,44.6,0.4,-0.4,0,Coherent Hallucination
gemma2_9b,alphabetical_answer_think,437,44.6,0.4,-0.4,0,Coherent Hallucination
gemma2_9b,alphabetical_answer_think,436,44.6,0.4,0.4,1,Sound Reasoning
gemma2_9b,alphabetical_answer_think,439,44.6,0.4,-0.4,0,Coherent Hallucination
gemma2_9b,alphabetical_answer_think,440,44.6,0.4,0.4,1,Sound Reasoning
gemma2_9b,alphabetical_answer_think,444,44.6,0.4,0.4,1,Sound Reasoning
gemma2_9b,alphabetical_answer_think,442,44.6,0.4,0.4,1,Sound Reasoning
gemma2_9b,alphabetical_answer_think,441,44.6,0.4,-0.4,0,Incoherent Hallucination
gemma2_9b,alphabetical_answer_think,438,44.6,0.4,0.4,1,Sound Reasoning
gemma2_9b,alphabetical_answer_think,446,44.6,0.4,0.4,1,Sound Reasoning
gemma2_9b,alphabetical_answer_think,443,44.6,0.4,-0.4,0,Coherent Hallucination
gemma2_9b,alphabetical_answer_think,448,44.6,0.4,0.4,1,Sound Reasoning
gemma2_9b,alphabetical_answer_think,449,44.6,0.4,-0.4,0,Coherent Hallucination
gemma2_9b,alphabetical_answer_think,447,44.6,0.4,-0.4,0,Coherent Hallucination
gemma2_9b,alphabetical_answer_think,445,44.6,0.4,-0.4,0,Coherent Hallucination
gemma2_9b,alphabetical_answer_think,453,44.6,0.4,0.4,1,Ambiguous/Mixed
gemma2_9b,alphabetical_answer_think,450,44.6,0.4,0.4,1,Coherent Hallucination
gemma2_9b,alphabetical_answer_think,451,44.6,0.4,-0.4,0,Contradictory Reasoning
gemma2_9b,alphabetical_answer_think,454,44.6,0.4,0.4,1,Ambiguous/Mixed
gemma2_9b,alphabetical_answer_think,459,44.6,0.4,-0.4,0,Contradictory Reasoning
gemma2_9b,alphabetical_answer_think,458,44.6,0.4,0.4,1,Incoherent Hallucination
gemma2_9b,alphabetical_answer_think,452,44.6,0.4,-0.4,0,Coherent Hallucination
gemma2_9b,alphabetical_answer_think,457,44.6,0.4,-0.4,0,Incoherent Hallucination
gemma2_9b,alphabetical_answer_think,455,44.6,0.4,-0.4,0,Incoherent Hallucination
gemma2_9b,alphabetical_answer_think,456,44.6,0.4,0.4,1,Incoherent Hallucination
gemma2_9b,alphabetical_answer_think,462,44.6,0.4,0.4,1,Ambiguous/Mixed
gemma2_9b,alphabetical_answer_think,468,44.6,0.4,0.4,1,Sound Reasoning
gemma2_9b,alphabetical_answer_think,470,44.6,0.4,0.4,1,Sound Reasoning
gemma2_9b,alphabetical_answer_think,472,44.6,0.4,0.4,1,Sound Reasoning
gemma2_9b,alphabetical_answer_think,463,44.6,0.4,-0.4,0,Incoherent Hallucination
gemma2_9b,alphabetical_answer_think,464,44.6,0.4,0.4,1,Incoherent Hallucination
gemma2_9b,alphabetical_answer_think,471,44.6,0.4,-0.4,0,Incoherent Hallucination
gemma2_9b,alphabetical_answer_think,466,44.6,0.4,0.4,1,Ambiguous/Mixed
gemma2_9b,alphabetical_answer_think,465,44.6,0.4,-0.4,0,Incoherent Hallucination
gemma2_9b,alphabetical_answer_think,460,44.6,0.4,0.4,1,Incoherent Hallucination
gemma2_9b,alphabetical_answer_think,474,44.6,0.4,0.4,1,Ambiguous/Mixed
gemma2_9b,alphabetical_answer_think,461,44.6,0.4,-0.4,0,Coherent Hallucination
gemma2_9b,alphabetical_answer_think,469,44.6,0.4,-0.4,0,Ambiguous/Mixed
gemma2_9b,alphabetical_answer_think,479,44.6,0.4,-0.4,0,Coherent Hallucination
gemma2_9b,alphabetical_answer_think,476,44.6,0.4,0.4,1,Sound Reasoning
gemma2_9b,alphabetical_answer_think,477,44.6,0.4,-0.4,0,Coherent Hallucination
gemma2_9b,alphabetical_answer_think,475,44.6,0.4,-0.4,0,Incoherent Hallucination
gemma2_9b,alphabetical_answer_think,467,44.6,0.4,-0.4,0,Ambiguous/Mixed
gemma2_9b,alphabetical_answer_think,481,66.9,0.6,-0.6,0,Incoherent Hallucination
gemma2_9b,alphabetical_answer_think,478,44.6,0.4,0.4,1,Ambiguous/Mixed
gemma2_9b,alphabetical_answer_think,484,66.9,0.6,0.6,1,Sound Reasoning
gemma2_9b,alphabetical_answer_think,483,66.9,0.6,-0.6,0,Coherent Hallucination
gemma2_9b,alphabetical_answer_think,480,66.9,0.6,0.6,1,Ambiguous/Mixed
gemma2_9b,alphabetical_answer_think,486,66.9,0.6,0.6,1,Sound Reasoning
gemma2_9b,alphabetical_answer_think,485,66.9,0.6,-0.6,0,Coherent Hallucination
gemma2_9b,alphabetical_answer_think,489,66.9,0.6,-0.6,0,Coherent Hallucination
gemma2_9b,alphabetical_answer_think,482,66.9,0.6,0.6,1,Sound Reasoning
gemma2_9b,alphabetical_answer_think,488,66.9,0.6,0.6,1,Sound Reasoning
gemma2_9b,alphabetical_answer_think,492,66.9,0.6,0.6,1,Sound Reasoning
gemma2_9b,alphabetical_answer_think,487,66.9,0.6,-0.6,0,Coherent Hallucination
gemma2_9b,alphabetical_answer_think,491,66.9,0.6,-0.6,0,Incoherent Hallucination
gemma2_9b,alphabetical_answer_think,473,44.6,0.4,-0.4,0,Incoherent Hallucination
gemma2_9b,alphabetical_answer_think,490,66.9,0.6,0.6,1,Sound Reasoning
gemma2_9b,alphabetical_answer_think,496,66.9,0.6,0.6,1,Sound Reasoning
gemma2_9b,alphabetical_answer_think,493,66.9,0.6,-0.6,0,Coherent Hallucination
gemma2_9b,alphabetical_answer_think,494,66.9,0.6,0.6,1,Sound Reasoning
gemma2_9b,alphabetical_answer_think,497,66.9,0.6,-0.6,0,Coherent Hallucination
gemma2_9b,alphabetical_answer_think,500,66.9,0.6,0.6,1,Sound Reasoning
gemma2_9b,alphabetical_answer_think,504,66.9,0.6,0.6,1,Sound Reasoning
gemma2_9b,alphabetical_answer_think,498,66.9,0.6,0.6,1,Ambiguous/Mixed
gemma2_9b,alphabetical_answer_think,499,66.9,0.6,-0.6,0,Coherent Hallucination
gemma2_9b,alphabetical_answer_think,502,66.9,0.6,0.6,1,Sound Reasoning
gemma2_9b,alphabetical_answer_think,495,66.9,0.6,-0.6,0,Coherent Hallucination
gemma2_9b,alphabetical_answer_think,501,66.9,0.6,-0.6,0,Ambiguous/Mixed
gemma2_9b,alphabetical_answer_think,503,66.9,0.6,-0.6,0,Coherent Hallucination
gemma2_9b,alphabetical_answer_think,507,66.9,0.6,-0.6,0,Contradictory Reasoning
gemma2_9b,alphabetical_answer_think,514,66.9,0.6,0.6,1,Sound Reasoning
gemma2_9b,alphabetical_answer_think,510,66.9,0.6,0.6,1,Sound Reasoning
gemma2_9b,alphabetical_answer_think,505,66.9,0.6,-0.6,0,Coherent Hallucination
gemma2_9b,alphabetical_answer_think,516,66.9,0.6,0.6,1,Sound Reasoning
gemma2_9b,alphabetical_answer_think,509,66.9,0.6,-0.6,0,Coherent Hallucination
gemma2_9b,alphabetical_answer_think,508,66.9,0.6,0.6,1,Coherent Hallucination
gemma2_9b,alphabetical_answer_think,519,66.9,0.6,-0.6,0,Coherent Hallucination
gemma2_9b,alphabetical_answer_think,513,66.9,0.6,0.6,1,Contradictory Reasoning
gemma2_9b,alphabetical_answer_think,511,66.9,0.6,-0.6,0,Incoherent Hallucination
gemma2_9b,alphabetical_answer_think,515,66.9,0.6,-0.6,0,Coherent Hallucination
gemma2_9b,alphabetical_answer_think,512,66.9,0.6,-0.6,0,Coherent Hallucination
gemma2_9b,alphabetical_answer_think,520,66.9,0.6,0.6,1,Ambiguous/Mixed
gemma2_9b,alphabetical_answer_think,518,66.9,0.6,0.6,1,Ambiguous/Mixed
gemma2_9b,alphabetical_answer_think,506,66.9,0.6,0.6,1,Coherent Hallucination
gemma2_9b,alphabetical_answer_think,525,66.9,0.6,-0.6,0,Incoherent Hallucination
gemma2_9b,alphabetical_answer_think,530,66.9,0.6,0.6,1,Sound Reasoning
gemma2_9b,alphabetical_answer_think,531,66.9,0.6,-0.6,0,Coherent Hallucination
gemma2_9b,alphabetical_answer_think,528,66.9,0.6,0.6,1,Coherent Hallucination
gemma2_9b,alphabetical_answer_think,517,66.9,0.6,-0.6,0,Coherent Hallucination
gemma2_9b,alphabetical_answer_think,522,66.9,0.6,0.6,1,Sound Reasoning
gemma2_9b,alphabetical_answer_think,523,66.9,0.6,-0.6,0,Coherent Hallucination
gemma2_9b,alphabetical_answer_think,524,66.9,0.6,0.6,1,Ambiguous/Mixed
gemma2_9b,alphabetical_answer_think,526,66.9,0.6,0.6,1,Coherent Hallucination
gemma2_9b,alphabetical_answer_think,536,66.9,0.6,0.6,1,Sound Reasoning
gemma2_9b,alphabetical_answer_think,533,66.9,0.6,-0.6,0,Contradictory Reasoning
gemma2_9b,alphabetical_answer_think,529,66.9,0.6,-0.6,0,Coherent Hallucination
gemma2_9b,alphabetical_answer_think,532,66.9,0.6,0.6,1,Incoherent Hallucination
gemma2_9b,alphabetical_answer_think,521,66.9,0.6,-0.6,0,Coherent Hallucination
gemma2_9b,alphabetical_answer_think,540,89.2,0.8,0.8,1,Ambiguous/Mixed
gemma2_9b,alphabetical_answer_think,538,66.9,0.6,0.6,1,Sound Reasoning
gemma2_9b,alphabetical_answer_think,541,89.2,0.8,-0.8,0,Coherent Hallucination
gemma2_9b,alphabetical_answer_think,534,66.9,0.6,0.6,1,Sound Reasoning
gemma2_9b,alphabetical_answer_think,542,89.2,0.8,0.8,1,Sound Reasoning
gemma2_9b,alphabetical_answer_think,537,66.9,0.6,-0.6,0,Coherent Hallucination
gemma2_9b,alphabetical_answer_think,544,89.2,0.8,0.8,1,Sound Reasoning
gemma2_9b,alphabetical_answer_think,539,66.9,0.6,-0.6,0,Coherent Hallucination
gemma2_9b,alphabetical_answer_think,527,66.9,0.6,-0.6,0,Coherent Hallucination
gemma2_9b,alphabetical_answer_think,535,66.9,0.6,-0.6,0,Incoherent Hallucination
gemma2_9b,alphabetical_answer_think,546,89.2,0.8,0.8,1,Ambiguous/Mixed
gemma2_9b,alphabetical_answer_think,543,89.2,0.8,-0.8,0,Coherent Hallucination
gemma2_9b,alphabetical_answer_think,547,89.2,0.8,-0.8,0,Ambiguous/Mixed
gemma2_9b,alphabetical_answer_think,550,89.2,0.8,0.8,1,Sound Reasoning
gemma2_9b,alphabetical_answer_think,552,89.2,0.8,0.8,1,Sound Reasoning
gemma2_9b,alphabetical_answer_think,548,89.2,0.8,0.8,1,Sound Reasoning
gemma2_9b,alphabetical_answer_think,553,89.2,0.8,-0.8,0,Ambiguous/Mixed
gemma2_9b,alphabetical_answer_think,551,89.2,0.8,-0.8,0,Incoherent Hallucination
gemma2_9b,alphabetical_answer_think,556,89.2,0.8,0.8,1,Coherent Hallucination
gemma2_9b,alphabetical_answer_think,555,89.2,0.8,-0.8,0,Coherent Hallucination
gemma2_9b,alphabetical_answer_think,559,89.2,0.8,-0.8,0,Contradictory Reasoning
gemma2_9b,alphabetical_answer_think,554,89.2,0.8,0.8,1,Sound Reasoning
gemma2_9b,alphabetical_answer_think,560,89.2,0.8,0.8,1,Sound Reasoning
gemma2_9b,alphabetical_answer_think,564,89.2,0.8,0.8,1,Coherent Hallucination
gemma2_9b,alphabetical_answer_think,545,89.2,0.8,-0.8,0,Incoherent Hallucination
gemma2_9b,alphabetical_answer_think,562,89.2,0.8,0.8,1,Sound Reasoning
gemma2_9b,alphabetical_answer_think,557,89.2,0.8,-0.8,0,Incoherent Hallucination
gemma2_9b,alphabetical_answer_think,565,89.2,0.8,-0.8,0,Ambiguous/Mixed
gemma2_9b,alphabetical_answer_think,563,89.2,0.8,-0.8,0,Incoherent Hallucination
gemma2_9b,alphabetical_answer_think,566,89.2,0.8,0.8,1,Coherent Hallucination
gemma2_9b,alphabetical_answer_think,549,89.2,0.8,-0.8,0,Coherent Hallucination
gemma2_9b,alphabetical_answer_think,558,89.2,0.8,0.8,1,Ambiguous/Mixed
gemma2_9b,alphabetical_answer_think,561,89.2,0.8,-0.8,0,Incoherent Hallucination
gemma2_9b,alphabetical_answer_think,567,89.2,0.8,-0.8,0,Contradictory Reasoning
gemma2_9b,alphabetical_answer_think,571,89.2,0.8,-0.8,0,Coherent Hallucination
gemma2_9b,alphabetical_answer_think,569,89.2,0.8,-0.8,0,Coherent Hallucination
gemma2_9b,alphabetical_answer_think,572,89.2,0.8,-0.8,0,Ambiguous/Mixed
gemma2_9b,alphabetical_answer_think,579,89.2,0.8,-0.8,0,Contradictory Reasoning
gemma2_9b,alphabetical_answer_think,574,89.2,0.8,0.8,1,Coherent Hallucination
gemma2_9b,alphabetical_answer_think,577,89.2,0.8,-0.8,0,Contradictory Reasoning
gemma2_9b,alphabetical_answer_think,578,89.2,0.8,0.8,1,Sound Reasoning
gemma2_9b,alphabetical_answer_think,582,89.2,0.8,0.8,1,Sound Reasoning
gemma2_9b,alphabetical_answer_think,570,89.2,0.8,0.8,1,Incoherent Hallucination
gemma2_9b,alphabetical_answer_think,573,89.2,0.8,0.8,1,Coherent Hallucination
gemma2_9b,alphabetical_answer_think,575,89.2,0.8,-0.8,0,Coherent Hallucination
gemma2_9b,alphabetical_answer_think,568,89.2,0.8,0.8,1,Incoherent Hallucination
gemma2_9b,alphabetical_answer_think,584,89.2,0.8,0.8,1,Sound Reasoning
gemma2_9b,alphabetical_answer_think,576,89.2,0.8,0.8,1,Coherent Hallucination
gemma2_9b,alphabetical_answer_think,580,89.2,0.8,0.8,1,Ambiguous/Mixed
gemma2_9b,alphabetical_answer_think,588,89.2,0.8,0.8,1,Ambiguous/Mixed
gemma2_9b,alphabetical_answer_think,583,89.2,0.8,-0.8,0,Coherent Hallucination
gemma2_9b,alphabetical_answer_think,585,89.2,0.8,-0.8,0,Ambiguous/Mixed
gemma2_9b,alphabetical_answer_think,586,89.2,0.8,0.8,1,Coherent Hallucination
gemma2_9b,alphabetical_answer_think,587,89.2,0.8,-0.8,0,Incoherent Hallucination
gemma2_9b,alphabetical_answer_think,590,89.2,0.8,0.8,1,Coherent Hallucination
gemma2_9b,alphabetical_answer_think,593,89.2,0.8,-0.8,0,Contradictory Reasoning
gemma2_9b,alphabetical_answer_think,581,89.2,0.8,-0.8,0,Ambiguous/Mixed
gemma2_9b,alphabetical_answer_think,598,89.2,0.8,0.8,1,Sound Reasoning
gemma2_9b,alphabetical_answer_think,591,89.2,0.8,-0.8,0,Coherent Hallucination
gemma2_9b,alphabetical_answer_think,592,89.2,0.8,0.8,1,Ambiguous/Mixed
gemma2_9b,alphabetical_answer_think,597,89.2,0.8,-0.8,0,Coherent Hallucination
gemma2_9b,alphabetical_answer_think,595,89.2,0.8,-0.8,0,Coherent Hallucination
gemma2_9b,alphabetical_answer_think,596,89.2,0.8,0.8,1,Ambiguous/Mixed
gemma2_9b,alphabetical_answer_think,599,89.2,0.8,-0.8,0,Incoherent Hallucination
gemma2_9b,alphabetical_answer_think,594,89.2,0.8,0.8,1,Incoherent Hallucination
gemma2_9b,alphabetical_answer_think,602,111.5,1.0,1.0,1,Sound Reasoning
gemma2_9b,alphabetical_answer_think,603,111.5,1.0,-1.0,0,Coherent Hallucination
gemma2_9b,alphabetical_answer_think,600,111.5,1.0,1.0,1,Ambiguous/Mixed
gemma2_9b,alphabetical_answer_think,604,111.5,1.0,1.0,1,Sound Reasoning
gemma2_9b,alphabetical_answer_think,601,111.5,1.0,-1.0,0,Incoherent Hallucination
gemma2_9b,alphabetical_answer_think,605,111.5,1.0,-1.0,0,Coherent Hallucination
gemma2_9b,alphabetical_answer_think,612,111.5,1.0,1.0,1,Ambiguous/Mixed
gemma2_9b,alphabetical_answer_think,608,111.5,1.0,1.0,1,Coherent Hallucination
gemma2_9b,alphabetical_answer_think,611,111.5,1.0,-1.0,0,Coherent Hallucination
gemma2_9b,alphabetical_answer_think,613,111.5,1.0,-1.0,0,Incoherent Hallucination
gemma2_9b,alphabetical_answer_think,606,111.5,1.0,1.0,1,Coherent Hallucination
gemma2_9b,alphabetical_answer_think,616,111.5,1.0,1.0,1,Ambiguous/Mixed
gemma2_9b,alphabetical_answer_think,589,89.2,0.8,-0.8,0,Coherent Hallucination
gemma2_9b,alphabetical_answer_think,610,111.5,1.0,1.0,1,Ambiguous/Mixed
gemma2_9b,alphabetical_answer_think,619,111.5,1.0,-1.0,0,Coherent Hallucination
gemma2_9b,alphabetical_answer_think,607,111.5,1.0,-1.0,0,Coherent Hallucination
gemma2_9b,alphabetical_answer_think,614,111.5,1.0,1.0,1,Incoherent Hallucination
gemma2_9b,alphabetical_answer_think,617,111.5,1.0,-1.0,0,Incoherent Hallucination
gemma2_9b,alphabetical_answer_think,615,111.5,1.0,-1.0,0,Coherent Hallucination
gemma2_9b,alphabetical_answer_think,622,111.5,1.0,1.0,1,Sound Reasoning
gemma2_9b,alphabetical_answer_think,609,111.5,1.0,-1.0,0,Ambiguous/Mixed
gemma2_9b,alphabetical_answer_think,620,111.5,1.0,1.0,1,Coherent Hallucination
gemma2_9b,alphabetical_answer_think,625,111.5,1.0,-1.0,0,Incoherent Hallucination
gemma2_9b,alphabetical_answer_think,627,111.5,1.0,-1.0,0,Contradictory Reasoning
gemma2_9b,alphabetical_answer_think,631,111.5,1.0,-1.0,0,Contradictory Reasoning
gemma2_9b,alphabetical_answer_think,626,111.5,1.0,1.0,1,Coherent Hallucination
gemma2_9b,alphabetical_answer_think,618,111.5,1.0,1.0,1,Incoherent Hallucination
gemma2_9b,alphabetical_answer_think,621,111.5,1.0,-1.0,0,Coherent Hallucination
gemma2_9b,alphabetical_answer_think,632,111.5,1.0,-1.0,0,Sound Reasoning
gemma2_9b,alphabetical_answer_think,624,111.5,1.0,1.0,1,Ambiguous/Mixed
gemma2_9b,alphabetical_answer_think,623,111.5,1.0,-1.0,0,Ambiguous/Mixed
gemma2_9b,alphabetical_answer_think,628,111.5,1.0,1.0,1,Incoherent Hallucination
gemma2_9b,alphabetical_answer_think,634,111.5,1.0,1.0,1,Ambiguous/Mixed
gemma2_9b,alphabetical_answer_think,636,111.5,1.0,1.0,1,Sound Reasoning
gemma2_9b,alphabetical_answer_think,638,111.5,1.0,1.0,1,Ambiguous/Mixed
gemma2_9b,alphabetical_answer_think,637,111.5,1.0,-1.0,0,Contradictory Reasoning
gemma2_9b,alphabetical_answer_think,633,111.5,1.0,1.0,1,Contradictory Reasoning
gemma2_9b,alphabetical_answer_think,630,111.5,1.0,1.0,1,Ambiguous/Mixed
gemma2_9b,alphabetical_answer_think,642,111.5,1.0,1.0,1,Coherent Hallucination
gemma2_9b,alphabetical_answer_think,639,111.5,1.0,-1.0,0,Contradictory Reasoning
gemma2_9b,alphabetical_answer_think,643,111.5,1.0,-1.0,0,Contradictory Reasoning
gemma2_9b,alphabetical_answer_think,635,111.5,1.0,-1.0,0,Ambiguous/Mixed
gemma2_9b,alphabetical_answer_think,646,111.5,1.0,1.0,1,Ambiguous/Mixed
gemma2_9b,alphabetical_answer_think,641,111.5,1.0,-1.0,0,Contradictory Reasoning
gemma2_9b,alphabetical_answer_think,640,111.5,1.0,1.0,1,Sound Reasoning
gemma2_9b,alphabetical_answer_think,647,111.5,1.0,-1.0,0,Ambiguous/Mixed
gemma2_9b,alphabetical_answer_think,645,111.5,1.0,-1.0,0,Incoherent Hallucination
gemma2_9b,alphabetical_answer_think,648,111.5,1.0,1.0,1,Ambiguous/Mixed
gemma2_9b,alphabetical_answer_think,644,111.5,1.0,1.0,1,Incoherent Hallucination
gemma2_9b,alphabetical_answer_think,650,111.5,1.0,1.0,1,Ambiguous/Mixed
gemma2_9b,alphabetical_answer_think,653,111.5,1.0,-1.0,0,Contradictory Reasoning
gemma2_9b,alphabetical_answer_think,649,111.5,1.0,-1.0,0,Contradictory Reasoning
gemma2_9b,alphabetical_answer_think,654,111.5,1.0,1.0,1,Coherent Hallucination
gemma2_9b,alphabetical_answer_think,651,111.5,1.0,-1.0,0,Contradictory Reasoning
gemma2_9b,alphabetical_answer_think,629,111.5,1.0,-1.0,0,Coherent Hallucination
gemma2_9b,alphabetical_answer_think,656,111.5,1.0,1.0,1,Ambiguous/Mixed
gemma2_9b,alphabetical_answer_think,655,111.5,1.0,-1.0,0,Coherent Hallucination
gemma2_9b,alphabetical_answer_think,657,111.5,1.0,-1.0,0,Contradictory Reasoning
gemma2_9b,alphabetical_answer_think,658,111.5,1.0,1.0,1,Coherent Hallucination
gemma2_9b,alphabetical_answer_think,652,111.5,1.0,1.0,1,Ambiguous/Mixed
gemma2_9b,alphabetical_answer_think,659,111.5,1.0,-1.0,0,Coherent Hallucination
