model_name,target_layer,pair_id,pair_class,domain,valence_status,opposition_status,alpha_norm,template_name,first_token_logit_diff_canonical_AB,first_token_logit_diff_canonical_BA,logprob_diff_canonical_AB,logprob_diff_canonical_BA,d_AB,d_BA,semantic_component,position_component,first_token_d_AB,first_token_d_BA,first_token_semantic_component,first_token_position_component
mistral_7b,14,neutral_nonopposite::neutral::000,neutral_nonopposite,neutral_nonopposite,neutral,nonopposite,-1.0,preference_control,-2.59375,5.59375,-2.6249983310699463,5.562513589859009,-2.6249983310699463,5.562513589859009,1.4687576293945312,-4.0937559604644775,-2.59375,5.59375,1.5,-4.09375
mistral_7b,14,neutral_nonopposite::neutral::000,neutral_nonopposite,neutral_nonopposite,neutral,nonopposite,-0.8,preference_control,-2.15625,4.59375,-2.156248092651367,4.593760251998901,-2.156248092651367,4.593760251998901,1.218756079673767,-3.3750041723251343,-2.15625,4.59375,1.21875,-3.375
mistral_7b,14,neutral_nonopposite::neutral::000,neutral_nonopposite,neutral_nonopposite,neutral,nonopposite,-0.6,preference_control,-1.0625,2.46875,-1.062497854232788,2.453133106231689,-1.062497854232788,2.453133106231689,0.6953176259994507,-1.7578154802322388,-1.0625,2.46875,0.703125,-1.765625
mistral_7b,14,neutral_nonopposite::neutral::000,neutral_nonopposite,neutral_nonopposite,neutral,nonopposite,-0.4,preference_control,0.0,-1.625,2.026557922363281e-06,-1.6249945163726809,2.026557922363281e-06,-1.6249945163726809,-0.8124962449073792,0.8124982714653015,0.0,-1.625,-0.8125,0.8125
mistral_7b,14,neutral_nonopposite::neutral::000,neutral_nonopposite,neutral_nonopposite,neutral,nonopposite,-0.2,preference_control,1.375,-7.71875,1.3750020265579224,-7.703120708465576,1.3750020265579224,-7.703120708465576,-3.164059340953827,4.539061367511749,1.375,-7.71875,-3.171875,4.546875
mistral_7b,14,neutral_nonopposite::neutral::000,neutral_nonopposite,neutral_nonopposite,neutral,nonopposite,0.0,preference_control,3.0,-11.234375,3.000002145767212,-11.218746781349182,3.000002145767212,-11.218746781349182,-4.109372317790985,7.109374463558197,3.0,-11.234375,-4.1171875,7.1171875
mistral_7b,14,neutral_nonopposite::neutral::000,neutral_nonopposite,neutral_nonopposite,neutral,nonopposite,0.2,preference_control,4.9375,-12.328125,4.953126907348633,-12.281247854232788,4.953126907348633,-12.281247854232788,-3.6640604734420776,8.61718738079071,4.9375,-12.328125,-3.6953125,8.6328125
mistral_7b,14,neutral_nonopposite::neutral::000,neutral_nonopposite,neutral_nonopposite,neutral,nonopposite,0.4,preference_control,6.625,-12.546875,6.609376668930054,-12.531248450279236,6.609376668930054,-12.531248450279236,-2.960935890674591,9.570312559604645,6.625,-12.546875,-2.9609375,9.5859375
mistral_7b,14,neutral_nonopposite::neutral::000,neutral_nonopposite,neutral_nonopposite,neutral,nonopposite,0.6,preference_control,7.75,-12.34375,7.781251192092895,-12.281248807907104,7.781251192092895,-12.281248807907104,-2.2499988079071045,10.03125,7.75,-12.34375,-2.296875,10.046875
mistral_7b,14,neutral_nonopposite::neutral::000,neutral_nonopposite,neutral_nonopposite,neutral,nonopposite,0.8,preference_control,8.09375,-11.65625,8.062500834465027,-11.593749165534971,8.062500834465027,-11.593749165534971,-1.7656241655349731,9.828125,8.09375,-11.65625,-1.78125,9.875
mistral_7b,14,neutral_nonopposite::neutral::000,neutral_nonopposite,neutral_nonopposite,neutral,nonopposite,1.0,preference_control,8.5625,-10.4375,8.578125953674316,-10.468749284744264,8.578125953674316,-10.468749284744264,-0.9453116655349731,9.52343761920929,8.5625,-10.4375,-0.9375,9.5
mistral_7b,14,neutral_nonopposite::neutral::001,neutral_nonopposite,neutral_nonopposite,neutral,nonopposite,-1.0,preference_control,1.8125,1.84375,1.8125046491622925,1.8437509536743164,1.8125046491622925,1.8437509536743164,1.8281278014183044,-0.0156231522560119,1.8125,1.84375,1.828125,-0.015625
mistral_7b,14,neutral_nonopposite::neutral::001,neutral_nonopposite,neutral_nonopposite,neutral,nonopposite,-0.8,preference_control,3.3125,1.65625,3.312504529953003,1.6562507152557373,3.312504529953003,1.6562507152557373,2.48437762260437,0.8281269073486328,3.3125,1.65625,2.484375,0.828125
mistral_7b,14,neutral_nonopposite::neutral::001,neutral_nonopposite,neutral_nonopposite,neutral,nonopposite,-0.6,preference_control,5.21875,0.6875,5.218753576278687,0.6875005960464478,5.218753576278687,0.6875005960464478,2.953127086162567,2.2656264901161194,5.21875,0.6875,2.953125,2.265625
mistral_7b,14,neutral_nonopposite::neutral::001,neutral_nonopposite,neutral_nonopposite,neutral,nonopposite,-0.4,preference_control,7.53125,-1.0,7.500003099441528,-1.015624761581421,7.500003099441528,-1.015624761581421,3.2421891689300537,4.257813930511475,7.53125,-1.0,3.265625,4.265625
mistral_7b,14,neutral_nonopposite::neutral::001,neutral_nonopposite,neutral_nonopposite,neutral,nonopposite,-0.2,preference_control,10.0625,-4.375,10.06250274181366,-4.3749998807907104,10.06250274181366,-4.3749998807907104,2.8437514305114746,7.218751311302185,10.0625,-4.375,2.84375,7.21875
mistral_7b,14,neutral_nonopposite::neutral::001,neutral_nonopposite,neutral_nonopposite,neutral,nonopposite,0.0,preference_control,12.875,-7.84375,12.875002145767212,-7.84375,12.875002145767212,-7.84375,2.515626072883606,10.359376072883606,12.875,-7.84375,2.515625,10.359375
mistral_7b,14,neutral_nonopposite::neutral::001,neutral_nonopposite,neutral_nonopposite,neutral,nonopposite,0.2,preference_control,14.5,-9.9375,14.453126430511476,-9.96875,14.453126430511476,-9.96875,2.2421882152557373,12.210938215255736,14.5,-9.9375,2.28125,12.21875
mistral_7b,14,neutral_nonopposite::neutral::001,neutral_nonopposite,neutral_nonopposite,neutral,nonopposite,0.4,preference_control,14.6484375,-10.71875,14.593751072883606,-10.6875,14.593751072883606,-10.6875,1.953125536441803,12.640625536441805,14.6484375,-10.71875,1.96484375,12.68359375
mistral_7b,14,neutral_nonopposite::neutral::001,neutral_nonopposite,neutral_nonopposite,neutral,nonopposite,0.6,preference_control,14.375,-10.78125,14.343750834465029,-10.75,14.343750834465029,-10.75,1.7968754172325134,12.546875417232512,14.375,-10.78125,1.796875,12.578125
mistral_7b,14,neutral_nonopposite::neutral::001,neutral_nonopposite,neutral_nonopposite,neutral,nonopposite,0.8,preference_control,14.109375,-10.34375,14.093750953674316,-10.34375,14.093750953674316,-10.34375,1.8750004768371584,12.218750476837158,14.109375,-10.34375,1.8828125,12.2265625
mistral_7b,14,neutral_nonopposite::neutral::001,neutral_nonopposite,neutral_nonopposite,neutral,nonopposite,1.0,preference_control,13.484375,-9.375,13.453125953674316,-9.40624988079071,13.453125953674316,-9.40624988079071,2.023438036441803,11.429687917232512,13.484375,-9.375,2.0546875,11.4296875
mistral_7b,14,neutral_nonopposite::neutral::002,neutral_nonopposite,neutral_nonopposite,neutral,nonopposite,-1.0,preference_control,-0.46875,4.7109375,-0.5000026226043701,4.687497615814209,-0.5000026226043701,4.687497615814209,2.0937474966049194,-2.5937501192092896,-0.46875,4.7109375,2.12109375,-2.58984375
mistral_7b,14,neutral_nonopposite::neutral::002,neutral_nonopposite,neutral_nonopposite,neutral,nonopposite,-0.8,preference_control,1.25,3.90625,1.2499980926513672,3.937498092651367,1.2499980926513672,3.937498092651367,2.593748092651367,-1.34375,1.25,3.90625,2.578125,-1.328125
mistral_7b,14,neutral_nonopposite::neutral::002,neutral_nonopposite,neutral_nonopposite,neutral,nonopposite,-0.6,preference_control,3.71875,2.28125,3.718749284744263,2.3124983310699463,3.718749284744263,2.3124983310699463,3.0156238079071045,0.7031254768371582,3.71875,2.28125,3.0,0.71875
mistral_7b,14,neutral_nonopposite::neutral::002,neutral_nonopposite,neutral_nonopposite,neutral,nonopposite,-0.4,preference_control,4.703125,-1.234375,4.687503099441528,-1.1875015497207642,4.687503099441528,-1.1875015497207642,1.750000774860382,2.9375023245811462,4.703125,-1.234375,1.734375,2.96875
mistral_7b,14,neutral_nonopposite::neutral::002,neutral_nonopposite,neutral_nonopposite,neutral,nonopposite,-0.2,preference_control,5.67578125,-7.453125,5.687514424324036,-7.468751192092895,5.687514424324036,-7.468751192092895,-0.8906183838844299,6.578132808208466,5.67578125,-7.453125,-0.888671875,6.564453125
mistral_7b,14,neutral_nonopposite::neutral::002,neutral_nonopposite,neutral_nonopposite,neutral,nonopposite,0.0,preference_control,7.0625,-12.1220703125,7.03127121925354,-12.109375953674316,7.03127121925354,-12.109375953674316,-2.539052367210388,9.570323586463928,7.0625,-12.1220703125,-2.52978515625,9.59228515625
mistral_7b,14,neutral_nonopposite::neutral::002,neutral_nonopposite,neutral_nonopposite,neutral,nonopposite,0.2,preference_control,7.53125,-13.5859375,7.531265139579773,-13.531250834465029,7.531265139579773,-13.531250834465029,-2.999992847442627,10.5312579870224,7.53125,-13.5859375,-3.02734375,10.55859375
mistral_7b,14,neutral_nonopposite::neutral::002,neutral_nonopposite,neutral_nonopposite,neutral,nonopposite,0.4,preference_control,7.5546875,-13.94921875,7.562509298324585,-13.906250596046448,7.562509298324585,-13.906250596046448,-3.1718706488609314,10.734379947185516,7.5546875,-13.94921875,-3.197265625,10.751953125
mistral_7b,14,neutral_nonopposite::neutral::002,neutral_nonopposite,neutral_nonopposite,neutral,nonopposite,0.6,preference_control,7.71875,-14.0,7.687503337860107,-14.000000476837158,7.687503337860107,-14.000000476837158,-3.1562485694885254,10.843751907348633,7.71875,-14.0,-3.140625,10.859375
mistral_7b,14,neutral_nonopposite::neutral::002,neutral_nonopposite,neutral_nonopposite,neutral,nonopposite,0.8,preference_control,7.984375,-14.05859375,8.000001311302185,-14.093750476837158,8.000001311302185,-14.093750476837158,-3.0468745827674866,11.046875894069672,7.984375,-14.05859375,-3.037109375,11.021484375
mistral_7b,14,neutral_nonopposite::neutral::002,neutral_nonopposite,neutral_nonopposite,neutral,nonopposite,1.0,preference_control,8.1484375,-13.955078125,8.187500596046448,-13.968750476837158,8.187500596046448,-13.968750476837158,-2.8906249403953552,11.078125536441805,8.1484375,-13.955078125,-2.9033203125,11.0517578125
mistral_7b,14,neutral_nonopposite::neutral::003,neutral_nonopposite,neutral_nonopposite,neutral,nonopposite,-1.0,preference_control,2.59375,1.15625,2.59375,1.15625,2.59375,1.15625,1.875,0.71875,2.59375,1.15625,1.875,0.71875
mistral_7b,14,neutral_nonopposite::neutral::003,neutral_nonopposite,neutral_nonopposite,neutral,nonopposite,-0.8,preference_control,3.34375,0.65625,3.34375,0.65625,3.34375,0.65625,2.0,1.34375,3.34375,0.65625,2.0,1.34375
mistral_7b,14,neutral_nonopposite::neutral::003,neutral_nonopposite,neutral_nonopposite,neutral,nonopposite,-0.6,preference_control,4.65625,0.53125,4.65625,0.53125,4.65625,0.53125,2.59375,2.0625,4.65625,0.53125,2.59375,2.0625
mistral_7b,14,neutral_nonopposite::neutral::003,neutral_nonopposite,neutral_nonopposite,neutral,nonopposite,-0.4,preference_control,5.953125,0.625,5.984375,0.625,5.984375,0.625,3.3046875,2.6796875,5.953125,0.625,3.2890625,2.6640625
mistral_7b,14,neutral_nonopposite::neutral::003,neutral_nonopposite,neutral_nonopposite,neutral,nonopposite,-0.2,preference_control,7.21875,-0.15625,7.1875,-0.15625,7.1875,-0.15625,3.515625,3.671875,7.21875,-0.15625,3.53125,3.6875
mistral_7b,14,neutral_nonopposite::neutral::003,neutral_nonopposite,neutral_nonopposite,neutral,nonopposite,0.0,preference_control,8.4375,-1.6875,8.421875,-1.6875,8.421875,-1.6875,3.3671875,5.0546875,8.4375,-1.6875,3.375,5.0625
mistral_7b,14,neutral_nonopposite::neutral::003,neutral_nonopposite,neutral_nonopposite,neutral,nonopposite,0.2,preference_control,9.5,-3.5,9.515625,-3.5,9.515625,-3.5,3.0078125,6.5078125,9.5,-3.5,3.0,6.5
mistral_7b,14,neutral_nonopposite::neutral::003,neutral_nonopposite,neutral_nonopposite,neutral,nonopposite,0.4,preference_control,10.34375,-4.4375,10.375,-4.4375,10.375,-4.4375,2.96875,7.40625,10.34375,-4.4375,2.953125,7.390625
mistral_7b,14,neutral_nonopposite::neutral::003,neutral_nonopposite,neutral_nonopposite,neutral,nonopposite,0.6,preference_control,10.59375,-4.5,10.5625,-4.5,10.5625,-4.5,3.03125,7.53125,10.59375,-4.5,3.046875,7.546875
mistral_7b,14,neutral_nonopposite::neutral::003,neutral_nonopposite,neutral_nonopposite,neutral,nonopposite,0.8,preference_control,10.59375,-4.0625,10.59375,-4.0625,10.59375,-4.0625,3.265625,7.328125,10.59375,-4.0625,3.265625,7.328125
mistral_7b,14,neutral_nonopposite::neutral::003,neutral_nonopposite,neutral_nonopposite,neutral,nonopposite,1.0,preference_control,10.59375,-3.5,10.5625,-3.5,10.5625,-3.5,3.53125,7.03125,10.59375,-3.5,3.546875,7.046875
mistral_7b,14,neutral_nonopposite::neutral::004,neutral_nonopposite,neutral_nonopposite,neutral,nonopposite,-1.0,preference_control,2.03125,3.625,2.031250238418579,3.625000238418579,2.031250238418579,3.625000238418579,2.828125238418579,-0.796875,2.03125,3.625,2.828125,-0.796875
mistral_7b,14,neutral_nonopposite::neutral::004,neutral_nonopposite,neutral_nonopposite,neutral,nonopposite,-0.8,preference_control,3.84375,3.96875,3.843750238418579,3.968750238418579,3.843750238418579,3.968750238418579,3.906250238418579,-0.0625,3.84375,3.96875,3.90625,-0.0625
mistral_7b,14,neutral_nonopposite::neutral::004,neutral_nonopposite,neutral_nonopposite,neutral,nonopposite,-0.6,preference_control,5.40625,3.78125,5.406250476837158,3.7812503576278687,5.406250476837158,3.7812503576278687,4.593750417232513,0.8125000596046448,5.40625,3.78125,4.59375,0.8125
mistral_7b,14,neutral_nonopposite::neutral::004,neutral_nonopposite,neutral_nonopposite,neutral,nonopposite,-0.4,preference_control,6.0,3.5625,6.015625476837158,3.5625001192092896,6.015625476837158,3.5625001192092896,4.789062798023224,1.2265626788139343,6.0,3.5625,4.78125,1.21875
mistral_7b,14,neutral_nonopposite::neutral::004,neutral_nonopposite,neutral_nonopposite,neutral,nonopposite,-0.2,preference_control,6.6875,3.8125,6.687500476837158,3.8437501192092896,6.687500476837158,3.8437501192092896,5.265625298023224,1.4218751788139343,6.6875,3.8125,5.25,1.4375
mistral_7b,14,neutral_nonopposite::neutral::004,neutral_nonopposite,neutral_nonopposite,neutral,nonopposite,0.0,preference_control,8.21875,2.625,8.203125357627869,2.609375,8.203125357627869,2.609375,5.406250178813934,2.7968751788139343,8.21875,2.625,5.421875,2.796875
mistral_7b,14,neutral_nonopposite::neutral::004,neutral_nonopposite,neutral_nonopposite,neutral,nonopposite,0.2,preference_control,10.6875,-0.25,10.656250357627869,-0.25,10.656250357627869,-0.25,5.203125178813934,5.453125178813934,10.6875,-0.25,5.21875,5.46875
mistral_7b,14,neutral_nonopposite::neutral::004,neutral_nonopposite,neutral_nonopposite,neutral,nonopposite,0.4,preference_control,12.296875,-1.5625,12.296875357627869,-1.5625,12.296875357627869,-1.5625,5.367187678813934,6.929687678813934,12.296875,-1.5625,5.3671875,6.9296875
mistral_7b,14,neutral_nonopposite::neutral::004,neutral_nonopposite,neutral_nonopposite,neutral,nonopposite,0.6,preference_control,12.828125,-2.0625,12.82812523841858,-2.0625,12.82812523841858,-2.0625,5.3828126192092896,7.4453126192092896,12.828125,-2.0625,5.3828125,7.4453125
mistral_7b,14,neutral_nonopposite::neutral::004,neutral_nonopposite,neutral_nonopposite,neutral,nonopposite,0.8,preference_control,13.140625,-0.625,13.12500023841858,-0.625,13.12500023841858,-0.625,6.2500001192092896,6.8750001192092896,13.140625,-0.625,6.2578125,6.8828125
mistral_7b,14,neutral_nonopposite::neutral::004,neutral_nonopposite,neutral_nonopposite,neutral,nonopposite,1.0,preference_control,13.15625,1.5625,13.15625023841858,1.5625,13.15625023841858,1.5625,7.3593751192092896,5.7968751192092896,13.15625,1.5625,7.359375,5.796875
mistral_7b,14,neutral_nonopposite::neutral::005,neutral_nonopposite,neutral_nonopposite,neutral,nonopposite,-1.0,preference_control,0.90625,2.78125,0.90625,2.78125,0.90625,2.78125,1.84375,-0.9375,0.90625,2.78125,1.84375,-0.9375
mistral_7b,14,neutral_nonopposite::neutral::005,neutral_nonopposite,neutral_nonopposite,neutral,nonopposite,-0.8,preference_control,2.71875,1.78125,2.71875,1.78125,2.71875,1.78125,2.25,0.46875,2.71875,1.78125,2.25,0.46875
mistral_7b,14,neutral_nonopposite::neutral::005,neutral_nonopposite,neutral_nonopposite,neutral,nonopposite,-0.6,preference_control,4.78125,0.0625,4.78125,0.0625,4.78125,0.0625,2.421875,2.359375,4.78125,0.0625,2.421875,2.359375
mistral_7b,14,neutral_nonopposite::neutral::005,neutral_nonopposite,neutral_nonopposite,neutral,nonopposite,-0.4,preference_control,6.640625,-2.0,6.625,-2.0,6.625,-2.0,2.3125,4.3125,6.640625,-2.0,2.3203125,4.3203125
mistral_7b,14,neutral_nonopposite::neutral::005,neutral_nonopposite,neutral_nonopposite,neutral,nonopposite,-0.2,preference_control,7.890625,-5.125,7.875,-5.109375,7.875,-5.109375,1.3828125,6.4921875,7.890625,-5.125,1.3828125,6.5078125
mistral_7b,14,neutral_nonopposite::neutral::005,neutral_nonopposite,neutral_nonopposite,neutral,nonopposite,0.0,preference_control,9.046875,-10.09375,9.03125,-10.0703125,9.03125,-10.0703125,-0.51953125,9.55078125,9.046875,-10.09375,-0.5234375,9.5703125
mistral_7b,14,neutral_nonopposite::neutral::005,neutral_nonopposite,neutral_nonopposite,neutral,nonopposite,0.2,preference_control,10.0,-13.0625,10.0,-13.078125,10.0,-13.078125,-1.5390625,11.5390625,10.0,-13.0625,-1.53125,11.53125
mistral_7b,14,neutral_nonopposite::neutral::005,neutral_nonopposite,neutral_nonopposite,neutral,nonopposite,0.4,preference_control,10.53125,-13.8125,10.53125,-13.8125,10.53125,-13.8125,-1.640625,12.171875,10.53125,-13.8125,-1.640625,12.171875
mistral_7b,14,neutral_nonopposite::neutral::005,neutral_nonopposite,neutral_nonopposite,neutral,nonopposite,0.6,preference_control,10.796875,-13.71875,10.84375,-13.6875,10.84375,-13.6875,-1.421875,12.265625,10.796875,-13.71875,-1.4609375,12.2578125
mistral_7b,14,neutral_nonopposite::neutral::005,neutral_nonopposite,neutral_nonopposite,neutral,nonopposite,0.8,preference_control,10.859375,-12.625,10.84375,-12.5625,10.84375,-12.5625,-0.859375,11.703125,10.859375,-12.625,-0.8828125,11.7421875
mistral_7b,14,neutral_nonopposite::neutral::005,neutral_nonopposite,neutral_nonopposite,neutral,nonopposite,1.0,preference_control,10.578125,-10.875,10.5625,-10.875,10.5625,-10.875,-0.15625,10.71875,10.578125,-10.875,-0.1484375,10.7265625
mistral_7b,14,neutral_nonopposite::neutral::006,neutral_nonopposite,neutral_nonopposite,neutral,nonopposite,-1.0,preference_control,2.84375,7.28125,2.843753218650818,7.312510371208191,2.843753218650818,7.312510371208191,5.078131794929504,-2.2343785762786865,2.84375,7.28125,5.0625,-2.21875
mistral_7b,14,neutral_nonopposite::neutral::006,neutral_nonopposite,neutral_nonopposite,neutral,nonopposite,-0.8,preference_control,2.96875,7.25,2.9687544107437134,7.218760371208191,2.9687544107437134,7.218760371208191,5.093757390975952,-2.1250029802322388,2.96875,7.25,5.109375,-2.140625
mistral_7b,14,neutral_nonopposite::neutral::006,neutral_nonopposite,neutral_nonopposite,neutral,nonopposite,-0.6,preference_control,3.53125,6.625,3.500005841255188,6.640636563301086,3.500005841255188,6.640636563301086,5.070321202278137,-1.5703153610229492,3.53125,6.625,5.078125,-1.546875
mistral_7b,14,neutral_nonopposite::neutral::006,neutral_nonopposite,neutral_nonopposite,neutral,nonopposite,-0.4,preference_control,4.125,2.75,4.093756794929504,2.7343862056732178,4.093756794929504,2.7343862056732178,3.414071500301361,0.6796852946281433,4.125,2.75,3.4375,0.6875
mistral_7b,14,neutral_nonopposite::neutral::006,neutral_nonopposite,neutral_nonopposite,neutral,nonopposite,-0.2,preference_control,5.125,-2.75,5.109385371208191,-2.749991059303284,5.109385371208191,-2.749991059303284,1.1796971559524536,3.929688215255737,5.125,-2.75,1.1875,3.9375
mistral_7b,14,neutral_nonopposite::neutral::006,neutral_nonopposite,neutral_nonopposite,neutral,nonopposite,0.0,preference_control,7.828125,-5.59375,7.7968868017196655,-5.593741893768311,7.7968868017196655,-5.593741893768311,1.1015724539756775,6.695314347743988,7.828125,-5.59375,1.1171875,6.7109375
mistral_7b,14,neutral_nonopposite::neutral::006,neutral_nonopposite,neutral_nonopposite,neutral,nonopposite,0.2,preference_control,10.953125,-7.640625,10.937512278556824,-7.656241536140442,10.937512278556824,-7.656241536140442,1.640635371208191,9.296876907348633,10.953125,-7.640625,1.65625,9.296875
mistral_7b,14,neutral_nonopposite::neutral::006,neutral_nonopposite,neutral_nonopposite,neutral,nonopposite,0.4,preference_control,12.40625,-8.71875,12.437511205673218,-8.687493085861206,12.437511205673218,-8.687493085861206,1.8750090599060056,10.562502145767212,12.40625,-8.71875,1.84375,10.5625
mistral_7b,14,neutral_nonopposite::neutral::006,neutral_nonopposite,neutral_nonopposite,neutral,nonopposite,0.6,preference_control,12.25,-9.0,12.26563823223114,-8.968741416931152,12.26563823223114,-8.968741416931152,1.648448407649994,10.617189824581146,12.25,-9.0,1.625,10.625
mistral_7b,14,neutral_nonopposite::neutral::006,neutral_nonopposite,neutral_nonopposite,neutral,nonopposite,0.8,preference_control,11.28125,-8.203125,11.250012636184692,-8.218740105628967,11.250012636184692,-8.218740105628967,1.5156362652778623,9.73437637090683,11.28125,-8.203125,1.5390625,9.7421875
mistral_7b,14,neutral_nonopposite::neutral::006,neutral_nonopposite,neutral_nonopposite,neutral,nonopposite,1.0,preference_control,10.25,-5.78125,10.257826685905457,-5.781238079071045,10.257826685905457,-5.781238079071045,2.238294303417206,8.01953238248825,10.25,-5.78125,2.234375,8.015625
mistral_7b,14,neutral_nonopposite::neutral::007,neutral_nonopposite,neutral_nonopposite,neutral,nonopposite,-1.0,preference_control,-0.78125,-3.53125,-0.78125,-3.53125,-0.78125,-3.53125,-2.15625,1.375,-0.78125,-3.53125,-2.15625,1.375
mistral_7b,14,neutral_nonopposite::neutral::007,neutral_nonopposite,neutral_nonopposite,neutral,nonopposite,-0.8,preference_control,0.3125,-4.515625,0.3125,-4.5,0.3125,-4.5,-2.09375,2.40625,0.3125,-4.515625,-2.1015625,2.4140625
mistral_7b,14,neutral_nonopposite::neutral::007,neutral_nonopposite,neutral_nonopposite,neutral,nonopposite,-0.6,preference_control,1.53125,-5.09375,1.53125,-5.09375,1.53125,-5.09375,-1.78125,3.3125,1.53125,-5.09375,-1.78125,3.3125
mistral_7b,14,neutral_nonopposite::neutral::007,neutral_nonopposite,neutral_nonopposite,neutral,nonopposite,-0.4,preference_control,2.8125,-5.53125,2.796875,-5.53125,2.796875,-5.53125,-1.3671875,4.1640625,2.8125,-5.53125,-1.359375,4.171875
mistral_7b,14,neutral_nonopposite::neutral::007,neutral_nonopposite,neutral_nonopposite,neutral,nonopposite,-0.2,preference_control,4.78125,-6.234375,4.765625,-6.21875,4.765625,-6.21875,-0.7265625,5.4921875,4.78125,-6.234375,-0.7265625,5.5078125
mistral_7b,14,neutral_nonopposite::neutral::007,neutral_nonopposite,neutral_nonopposite,neutral,nonopposite,0.0,preference_control,7.59375,-7.84375,7.609375,-7.8125,7.609375,-7.8125,-0.1015625,7.7109375,7.59375,-7.84375,-0.125,7.71875
mistral_7b,14,neutral_nonopposite::neutral::007,neutral_nonopposite,neutral_nonopposite,neutral,nonopposite,0.2,preference_control,9.28125,-8.9375,9.28125,-8.921875,9.28125,-8.921875,0.1796875,9.1015625,9.28125,-8.9375,0.171875,9.109375
mistral_7b,14,neutral_nonopposite::neutral::007,neutral_nonopposite,neutral_nonopposite,neutral,nonopposite,0.4,preference_control,10.03125,-8.46875,10.03125,-8.453125,10.03125,-8.453125,0.7890625,9.2421875,10.03125,-8.46875,0.78125,9.25
mistral_7b,14,neutral_nonopposite::neutral::007,neutral_nonopposite,neutral_nonopposite,neutral,nonopposite,0.6,preference_control,9.9375,-7.5625,9.90625,-7.546875,9.90625,-7.546875,1.1796875,8.7265625,9.9375,-7.5625,1.1875,8.75
mistral_7b,14,neutral_nonopposite::neutral::007,neutral_nonopposite,neutral_nonopposite,neutral,nonopposite,0.8,preference_control,9.6875,-6.75,9.65625,-6.75,9.65625,-6.75,1.453125,8.203125,9.6875,-6.75,1.46875,8.21875
mistral_7b,14,neutral_nonopposite::neutral::007,neutral_nonopposite,neutral_nonopposite,neutral,nonopposite,1.0,preference_control,9.0625,-6.1875,9.03125,-6.203125,9.03125,-6.203125,1.4140625,7.6171875,9.0625,-6.1875,1.4375,7.625
mistral_7b,14,neutral_nonopposite::neutral::008,neutral_nonopposite,neutral_nonopposite,neutral,nonopposite,-1.0,preference_control,-3.375,0.78125,-3.40625,0.78125,-3.40625,0.78125,-1.3125,-2.09375,-3.375,0.78125,-1.296875,-2.078125
mistral_7b,14,neutral_nonopposite::neutral::008,neutral_nonopposite,neutral_nonopposite,neutral,nonopposite,-0.8,preference_control,-2.5625,-0.09375,-2.5625,-0.09375,-2.5625,-0.09375,-1.328125,-1.234375,-2.5625,-0.09375,-1.328125,-1.234375
mistral_7b,14,neutral_nonopposite::neutral::008,neutral_nonopposite,neutral_nonopposite,neutral,nonopposite,-0.6,preference_control,-1.34375,-1.4375,-1.34375,-1.4375,-1.34375,-1.4375,-1.390625,0.046875,-1.34375,-1.4375,-1.390625,0.046875
mistral_7b,14,neutral_nonopposite::neutral::008,neutral_nonopposite,neutral_nonopposite,neutral,nonopposite,-0.4,preference_control,0.625,-3.78125,0.625,-3.78125,0.625,-3.78125,-1.578125,2.203125,0.625,-3.78125,-1.578125,2.203125
mistral_7b,14,neutral_nonopposite::neutral::008,neutral_nonopposite,neutral_nonopposite,neutral,nonopposite,-0.2,preference_control,4.59375,-6.34375,4.578125,-6.375,4.578125,-6.375,-0.8984375,5.4765625,4.59375,-6.34375,-0.875,5.46875
mistral_7b,14,neutral_nonopposite::neutral::008,neutral_nonopposite,neutral_nonopposite,neutral,nonopposite,0.0,preference_control,6.34375,-7.75,6.34375,-7.765625,6.34375,-7.765625,-0.7109375,7.0546875,6.34375,-7.75,-0.703125,7.046875
mistral_7b,14,neutral_nonopposite::neutral::008,neutral_nonopposite,neutral_nonopposite,neutral,nonopposite,0.2,preference_control,7.09375,-8.5625,7.0625,-8.5625,7.0625,-8.5625,-0.75,7.8125,7.09375,-8.5625,-0.734375,7.828125
mistral_7b,14,neutral_nonopposite::neutral::008,neutral_nonopposite,neutral_nonopposite,neutral,nonopposite,0.4,preference_control,7.375,-9.140625,7.34375,-9.125,7.34375,-9.125,-0.890625,8.234375,7.375,-9.140625,-0.8828125,8.2578125
mistral_7b,14,neutral_nonopposite::neutral::008,neutral_nonopposite,neutral_nonopposite,neutral,nonopposite,0.6,preference_control,7.53125,-9.3125,7.5625,-9.28125,7.5625,-9.28125,-0.859375,8.421875,7.53125,-9.3125,-0.890625,8.421875
mistral_7b,14,neutral_nonopposite::neutral::008,neutral_nonopposite,neutral_nonopposite,neutral,nonopposite,0.8,preference_control,7.40625,-9.3125,7.40625,-9.296875,7.40625,-9.296875,-0.9453125,8.3515625,7.40625,-9.3125,-0.953125,8.359375
mistral_7b,14,neutral_nonopposite::neutral::008,neutral_nonopposite,neutral_nonopposite,neutral,nonopposite,1.0,preference_control,7.25,-9.1875,7.25,-9.1875,7.25,-9.1875,-0.96875,8.21875,7.25,-9.1875,-0.96875,8.21875
mistral_7b,14,neutral_nonopposite::neutral::009,neutral_nonopposite,neutral_nonopposite,neutral,nonopposite,-1.0,preference_control,-0.125,-2.125,-0.125,-2.125,-0.125,-2.125,-1.125,1.0,-0.125,-2.125,-1.125,1.0
mistral_7b,14,neutral_nonopposite::neutral::009,neutral_nonopposite,neutral_nonopposite,neutral,nonopposite,-0.8,preference_control,-0.125,-3.34375,-0.125,-3.375,-0.125,-3.375,-1.75,1.625,-0.125,-3.34375,-1.734375,1.609375
mistral_7b,14,neutral_nonopposite::neutral::009,neutral_nonopposite,neutral_nonopposite,neutral,nonopposite,-0.6,preference_control,-0.03125,-4.0625,-0.03125,-4.0625,-0.03125,-4.0625,-2.046875,2.015625,-0.03125,-4.0625,-2.046875,2.015625
mistral_7b,14,neutral_nonopposite::neutral::009,neutral_nonopposite,neutral_nonopposite,neutral,nonopposite,-0.4,preference_control,0.65625,-4.765625,0.65625,-4.78125,0.65625,-4.78125,-2.0625,2.71875,0.65625,-4.765625,-2.0546875,2.7109375
mistral_7b,14,neutral_nonopposite::neutral::009,neutral_nonopposite,neutral_nonopposite,neutral,nonopposite,-0.2,preference_control,3.1875,-6.375,3.203125,-6.390625,3.203125,-6.390625,-1.59375,4.796875,3.1875,-6.375,-1.59375,4.78125
mistral_7b,14,neutral_nonopposite::neutral::009,neutral_nonopposite,neutral_nonopposite,neutral,nonopposite,0.0,preference_control,5.34375,-7.59375,5.328125,-7.59375,5.328125,-7.59375,-1.1328125,6.4609375,5.34375,-7.59375,-1.125,6.46875
mistral_7b,14,neutral_nonopposite::neutral::009,neutral_nonopposite,neutral_nonopposite,neutral,nonopposite,0.2,preference_control,6.53125,-8.1875,6.53125,-8.203125,6.53125,-8.203125,-0.8359375,7.3671875,6.53125,-8.1875,-0.828125,7.359375
mistral_7b,14,neutral_nonopposite::neutral::009,neutral_nonopposite,neutral_nonopposite,neutral,nonopposite,0.4,preference_control,7.0,-8.78125,7.03125,-8.8125,7.03125,-8.8125,-0.890625,7.921875,7.0,-8.78125,-0.890625,7.890625
mistral_7b,14,neutral_nonopposite::neutral::009,neutral_nonopposite,neutral_nonopposite,neutral,nonopposite,0.6,preference_control,7.03125,-9.28125,7.046875,-9.3125,7.046875,-9.3125,-1.1328125,8.1796875,7.03125,-9.28125,-1.125,8.15625
mistral_7b,14,neutral_nonopposite::neutral::009,neutral_nonopposite,neutral_nonopposite,neutral,nonopposite,0.8,preference_control,6.5,-9.625,6.53125,-9.640625,6.53125,-9.640625,-1.5546875,8.0859375,6.5,-9.625,-1.5625,8.0625
mistral_7b,14,neutral_nonopposite::neutral::009,neutral_nonopposite,neutral_nonopposite,neutral,nonopposite,1.0,preference_control,5.6875,-9.65625,5.671875,-9.6875,5.671875,-9.6875,-2.0078125,7.6796875,5.6875,-9.65625,-1.984375,7.671875
mistral_7b,14,neutral_nonopposite::neutral::010,neutral_nonopposite,neutral_nonopposite,neutral,nonopposite,-1.0,preference_control,2.25,0.25,2.25,0.25,2.25,0.25,1.25,1.0,2.25,0.25,1.25,1.0
mistral_7b,14,neutral_nonopposite::neutral::010,neutral_nonopposite,neutral_nonopposite,neutral,nonopposite,-0.8,preference_control,3.28125,-1.625,3.296875,-1.625,3.296875,-1.625,0.8359375,2.4609375,3.28125,-1.625,0.828125,2.453125
mistral_7b,14,neutral_nonopposite::neutral::010,neutral_nonopposite,neutral_nonopposite,neutral,nonopposite,-0.6,preference_control,4.21875,-4.5,4.21875,-4.484375,4.21875,-4.484375,-0.1328125,4.3515625,4.21875,-4.5,-0.140625,4.359375
mistral_7b,14,neutral_nonopposite::neutral::010,neutral_nonopposite,neutral_nonopposite,neutral,nonopposite,-0.4,preference_control,5.15625,-7.1875,5.140625,-7.1875,5.140625,-7.1875,-1.0234375,6.1640625,5.15625,-7.1875,-1.015625,6.171875
mistral_7b,14,neutral_nonopposite::neutral::010,neutral_nonopposite,neutral_nonopposite,neutral,nonopposite,-0.2,preference_control,6.46875,-8.9375,6.4375,-8.9140625,6.4375,-8.9140625,-1.23828125,7.67578125,6.46875,-8.9375,-1.234375,7.703125
mistral_7b,14,neutral_nonopposite::neutral::010,neutral_nonopposite,neutral_nonopposite,neutral,nonopposite,0.0,preference_control,8.46875,-9.90625,8.453125,-9.896484375,8.453125,-9.896484375,-0.7216796875,9.1748046875,8.46875,-9.90625,-0.71875,9.1875
mistral_7b,14,neutral_nonopposite::neutral::010,neutral_nonopposite,neutral_nonopposite,neutral,nonopposite,0.2,preference_control,10.28125,-10.375,10.3125,-10.36328125,10.3125,-10.36328125,-0.025390625,10.337890625,10.28125,-10.375,-0.046875,10.328125
mistral_7b,14,neutral_nonopposite::neutral::010,neutral_nonopposite,neutral_nonopposite,neutral,nonopposite,0.4,preference_control,11.515625,-10.5,11.5,-10.5234375,11.5,-10.5234375,0.48828125,11.01171875,11.515625,-10.5,0.5078125,11.0078125
mistral_7b,14,neutral_nonopposite::neutral::010,neutral_nonopposite,neutral_nonopposite,neutral,nonopposite,0.6,preference_control,11.953125,-10.34375,11.90625,-10.34375,11.90625,-10.34375,0.78125,11.125,11.953125,-10.34375,0.8046875,11.1484375
mistral_7b,14,neutral_nonopposite::neutral::010,neutral_nonopposite,neutral_nonopposite,neutral,nonopposite,0.8,preference_control,11.90625,-9.71875,11.96875,-9.6875,11.96875,-9.6875,1.140625,10.828125,11.90625,-9.71875,1.09375,10.8125
mistral_7b,14,neutral_nonopposite::neutral::010,neutral_nonopposite,neutral_nonopposite,neutral,nonopposite,1.0,preference_control,11.5625,-8.5625,11.5625,-8.578125,11.5625,-8.578125,1.4921875,10.0703125,11.5625,-8.5625,1.5,10.0625
mistral_7b,14,neutral_nonopposite::neutral::011,neutral_nonopposite,neutral_nonopposite,neutral,nonopposite,-1.0,preference_control,2.171875,-1.28125,2.1875,-1.25,2.1875,-1.25,0.46875,1.71875,2.171875,-1.28125,0.4453125,1.7265625
mistral_7b,14,neutral_nonopposite::neutral::011,neutral_nonopposite,neutral_nonopposite,neutral,nonopposite,-0.8,preference_control,2.5234375,-1.375,2.5,-1.375,2.5,-1.375,0.5625,1.9375,2.5234375,-1.375,0.57421875,1.94921875
mistral_7b,14,neutral_nonopposite::neutral::011,neutral_nonopposite,neutral_nonopposite,neutral,nonopposite,-0.6,preference_control,2.8203125,-1.25,2.8125,-1.25,2.8125,-1.25,0.78125,2.03125,2.8203125,-1.25,0.78515625,2.03515625
mistral_7b,14,neutral_nonopposite::neutral::011,neutral_nonopposite,neutral_nonopposite,neutral,nonopposite,-0.4,preference_control,2.875,-0.9375,2.875,-0.9375,2.875,-0.9375,0.96875,1.90625,2.875,-0.9375,0.96875,1.90625
mistral_7b,14,neutral_nonopposite::neutral::011,neutral_nonopposite,neutral_nonopposite,neutral,nonopposite,-0.2,preference_control,2.9453125,-1.53125,2.9375,-1.5,2.9375,-1.5,0.71875,2.21875,2.9453125,-1.53125,0.70703125,2.23828125
mistral_7b,14,neutral_nonopposite::neutral::011,neutral_nonopposite,neutral_nonopposite,neutral,nonopposite,0.0,preference_control,3.5703125,-3.96875,3.53125,-3.96875,3.53125,-3.96875,-0.21875,3.75,3.5703125,-3.96875,-0.19921875,3.76953125
mistral_7b,14,neutral_nonopposite::neutral::011,neutral_nonopposite,neutral_nonopposite,neutral,nonopposite,0.2,preference_control,5.6875,-7.09375,5.671875,-7.109375,5.671875,-7.109375,-0.71875,6.390625,5.6875,-7.09375,-0.703125,6.390625
mistral_7b,14,neutral_nonopposite::neutral::011,neutral_nonopposite,neutral_nonopposite,neutral,nonopposite,0.4,preference_control,7.65625,-8.40625,7.625,-8.40625,7.625,-8.40625,-0.390625,8.015625,7.65625,-8.40625,-0.375,8.03125
mistral_7b,14,neutral_nonopposite::neutral::011,neutral_nonopposite,neutral_nonopposite,neutral,nonopposite,0.6,preference_control,8.15625,-8.53125,8.1875,-8.5625,8.1875,-8.5625,-0.1875,8.375,8.15625,-8.53125,-0.1875,8.34375
mistral_7b,14,neutral_nonopposite::neutral::011,neutral_nonopposite,neutral_nonopposite,neutral,nonopposite,0.8,preference_control,8.78125,-8.375,8.8125,-8.375,8.8125,-8.375,0.21875,8.59375,8.78125,-8.375,0.203125,8.578125
mistral_7b,14,neutral_nonopposite::neutral::011,neutral_nonopposite,neutral_nonopposite,neutral,nonopposite,1.0,preference_control,9.15625,-8.25,9.1875,-8.25,9.1875,-8.25,0.46875,8.71875,9.15625,-8.25,0.453125,8.703125
mistral_7b,14,neutral_nonopposite::neutral::012,neutral_nonopposite,neutral_nonopposite,neutral,nonopposite,-1.0,preference_control,3.5,-0.859375,3.46875,-0.875,3.46875,-0.875,1.296875,2.171875,3.5,-0.859375,1.3203125,2.1796875
mistral_7b,14,neutral_nonopposite::neutral::012,neutral_nonopposite,neutral_nonopposite,neutral,nonopposite,-0.8,preference_control,3.9375,-1.453125,3.96875,-1.5,3.96875,-1.5,1.234375,2.734375,3.9375,-1.453125,1.2421875,2.6953125
mistral_7b,14,neutral_nonopposite::neutral::012,neutral_nonopposite,neutral_nonopposite,neutral,nonopposite,-0.6,preference_control,4.5,-1.875,4.5,-1.875,4.5,-1.875,1.3125,3.1875,4.5,-1.875,1.3125,3.1875
mistral_7b,14,neutral_nonopposite::neutral::012,neutral_nonopposite,neutral_nonopposite,neutral,nonopposite,-0.4,preference_control,4.828125,-2.15625,4.8125,-2.125,4.8125,-2.125,1.34375,3.46875,4.828125,-2.15625,1.3359375,3.4921875
mistral_7b,14,neutral_nonopposite::neutral::012,neutral_nonopposite,neutral_nonopposite,neutral,nonopposite,-0.2,preference_control,4.234375,-2.375,4.25,-2.375,4.25,-2.375,0.9375,3.3125,4.234375,-2.375,0.9296875,3.3046875
mistral_7b,14,neutral_nonopposite::neutral::012,neutral_nonopposite,neutral_nonopposite,neutral,nonopposite,0.0,preference_control,4.15625,-3.640625,4.1875,-3.625,4.1875,-3.625,0.28125,3.90625,4.15625,-3.640625,0.2578125,3.8984375
mistral_7b,14,neutral_nonopposite::neutral::012,neutral_nonopposite,neutral_nonopposite,neutral,nonopposite,0.2,preference_control,4.03125,-5.6875,4.03125,-5.65625,4.03125,-5.65625,-0.8125,4.84375,4.03125,-5.6875,-0.828125,4.859375
mistral_7b,14,neutral_nonopposite::neutral::012,neutral_nonopposite,neutral_nonopposite,neutral,nonopposite,0.4,preference_control,4.15625,-5.71875,4.15625,-5.71875,4.15625,-5.71875,-0.78125,4.9375,4.15625,-5.71875,-0.78125,4.9375
mistral_7b,14,neutral_nonopposite::neutral::012,neutral_nonopposite,neutral_nonopposite,neutral,nonopposite,0.6,preference_control,5.0,-5.90625,5.015625,-5.9375,5.015625,-5.9375,-0.4609375,5.4765625,5.0,-5.90625,-0.453125,5.453125
mistral_7b,14,neutral_nonopposite::neutral::012,neutral_nonopposite,neutral_nonopposite,neutral,nonopposite,0.8,preference_control,5.21875,-6.375,5.21875,-6.359375,5.21875,-6.359375,-0.5703125,5.7890625,5.21875,-6.375,-0.578125,5.796875
mistral_7b,14,neutral_nonopposite::neutral::012,neutral_nonopposite,neutral_nonopposite,neutral,nonopposite,1.0,preference_control,5.0625,-6.6875,5.046875,-6.671875,5.046875,-6.671875,-0.8125,5.859375,5.0625,-6.6875,-0.8125,5.875
mistral_7b,14,neutral_nonopposite::neutral::013,neutral_nonopposite,neutral_nonopposite,neutral,nonopposite,-1.0,preference_control,-1.375,-1.3125,-1.375,-1.34375,-1.375,-1.34375,-1.359375,-0.015625,-1.375,-1.3125,-1.34375,-0.03125
mistral_7b,14,neutral_nonopposite::neutral::013,neutral_nonopposite,neutral_nonopposite,neutral,nonopposite,-0.8,preference_control,-0.75,-2.78125,-0.75,-2.75,-0.75,-2.75,-1.75,1.0,-0.75,-2.78125,-1.765625,1.015625
mistral_7b,14,neutral_nonopposite::neutral::013,neutral_nonopposite,neutral_nonopposite,neutral,nonopposite,-0.6,preference_control,0.59375,-4.28125,0.59375,-4.3125,0.59375,-4.3125,-1.859375,2.453125,0.59375,-4.28125,-1.84375,2.4375
mistral_7b,14,neutral_nonopposite::neutral::013,neutral_nonopposite,neutral_nonopposite,neutral,nonopposite,-0.4,preference_control,2.59375,-5.34375,2.5625,-5.375,2.5625,-5.375,-1.40625,3.96875,2.59375,-5.34375,-1.375,3.96875
mistral_7b,14,neutral_nonopposite::neutral::013,neutral_nonopposite,neutral_nonopposite,neutral,nonopposite,-0.2,preference_control,5.390625,-6.71875,5.375,-6.6875,5.375,-6.6875,-0.65625,6.03125,5.390625,-6.71875,-0.6640625,6.0546875
mistral_7b,14,neutral_nonopposite::neutral::013,neutral_nonopposite,neutral_nonopposite,neutral,nonopposite,0.0,preference_control,8.75,-9.5625,8.71875,-9.546875,8.71875,-9.546875,-0.4140625,9.1328125,8.75,-9.5625,-0.40625,9.15625
mistral_7b,14,neutral_nonopposite::neutral::013,neutral_nonopposite,neutral_nonopposite,neutral,nonopposite,0.2,preference_control,10.578125,-12.1484375,10.609375,-12.15625,10.609375,-12.15625,-0.7734375,11.3828125,10.578125,-12.1484375,-0.78515625,11.36328125
mistral_7b,14,neutral_nonopposite::neutral::013,neutral_nonopposite,neutral_nonopposite,neutral,nonopposite,0.4,preference_control,10.71875,-13.390625,10.71875,-13.375,10.71875,-13.375,-1.328125,12.046875,10.71875,-13.390625,-1.3359375,12.0546875
mistral_7b,14,neutral_nonopposite::neutral::013,neutral_nonopposite,neutral_nonopposite,neutral,nonopposite,0.6,preference_control,9.953125,-13.9921875,9.96875,-14.046875,9.96875,-14.046875,-2.0390625,12.0078125,9.953125,-13.9921875,-2.01953125,11.97265625
mistral_7b,14,neutral_nonopposite::neutral::013,neutral_nonopposite,neutral_nonopposite,neutral,nonopposite,0.8,preference_control,8.78125,-14.1171875,8.8125,-14.0625,8.8125,-14.0625,-2.625,11.4375,8.78125,-14.1171875,-2.66796875,11.44921875
mistral_7b,14,neutral_nonopposite::neutral::013,neutral_nonopposite,neutral_nonopposite,neutral,nonopposite,1.0,preference_control,7.0,-14.0,6.984375,-13.9375,6.984375,-13.9375,-3.4765625,10.4609375,7.0,-14.0,-3.5,10.5
mistral_7b,14,neutral_nonopposite::neutral::014,neutral_nonopposite,neutral_nonopposite,neutral,nonopposite,-1.0,preference_control,1.703125,-4.0,1.6875,-4.03125,1.6875,-4.03125,-1.171875,2.859375,1.703125,-4.0,-1.1484375,2.8515625
mistral_7b,14,neutral_nonopposite::neutral::014,neutral_nonopposite,neutral_nonopposite,neutral,nonopposite,-0.8,preference_control,2.6875,-4.78125,2.6875,-4.78125,2.6875,-4.78125,-1.046875,3.734375,2.6875,-4.78125,-1.046875,3.734375
mistral_7b,14,neutral_nonopposite::neutral::014,neutral_nonopposite,neutral_nonopposite,neutral,nonopposite,-0.6,preference_control,3.796875,-5.609375,3.78125,-5.625,3.78125,-5.625,-0.921875,4.703125,3.796875,-5.609375,-0.90625,4.703125
mistral_7b,14,neutral_nonopposite::neutral::014,neutral_nonopposite,neutral_nonopposite,neutral,nonopposite,-0.4,preference_control,4.609375,-6.015625,4.59375,-6.0,4.59375,-6.0,-0.703125,5.296875,4.609375,-6.015625,-0.703125,5.3125
mistral_7b,14,neutral_nonopposite::neutral::014,neutral_nonopposite,neutral_nonopposite,neutral,nonopposite,-0.2,preference_control,5.515625,-5.640625,5.5,-5.65625,5.5,-5.65625,-0.078125,5.578125,5.515625,-5.640625,-0.0625,5.578125
mistral_7b,14,neutral_nonopposite::neutral::014,neutral_nonopposite,neutral_nonopposite,neutral,nonopposite,0.0,preference_control,7.078125,-5.5625,7.0625,-5.53125,7.0625,-5.53125,0.765625,6.296875,7.078125,-5.5625,0.7578125,6.3203125
mistral_7b,14,neutral_nonopposite::neutral::014,neutral_nonopposite,neutral_nonopposite,neutral,nonopposite,0.2,preference_control,8.6875,-7.375,8.65625,-7.375,8.65625,-7.375,0.640625,8.015625,8.6875,-7.375,0.65625,8.03125
mistral_7b,14,neutral_nonopposite::neutral::014,neutral_nonopposite,neutral_nonopposite,neutral,nonopposite,0.4,preference_control,9.625,-10.796875,9.625,-10.796875,9.625,-10.796875,-0.5859375,10.2109375,9.625,-10.796875,-0.5859375,10.2109375
mistral_7b,14,neutral_nonopposite::neutral::014,neutral_nonopposite,neutral_nonopposite,neutral,nonopposite,0.6,preference_control,9.78125,-11.9375,9.8125,-11.9375,9.8125,-11.9375,-1.0625,10.875,9.78125,-11.9375,-1.078125,10.859375
mistral_7b,14,neutral_nonopposite::neutral::014,neutral_nonopposite,neutral_nonopposite,neutral,nonopposite,0.8,preference_control,9.46875,-10.5625,9.4375,-10.59375,9.4375,-10.59375,-0.578125,10.015625,9.46875,-10.5625,-0.546875,10.015625
mistral_7b,14,neutral_nonopposite::neutral::014,neutral_nonopposite,neutral_nonopposite,neutral,nonopposite,1.0,preference_control,8.828125,-8.0,8.8125,-7.984375,8.8125,-7.984375,0.4140625,8.3984375,8.828125,-8.0,0.4140625,8.4140625
mistral_7b,14,neutral_nonopposite::neutral::015,neutral_nonopposite,neutral_nonopposite,neutral,nonopposite,-1.0,preference_control,0.46875,2.15625,0.46875,2.140625,0.46875,2.140625,1.3046875,-0.8359375,0.46875,2.15625,1.3125,-0.84375
mistral_7b,14,neutral_nonopposite::neutral::015,neutral_nonopposite,neutral_nonopposite,neutral,nonopposite,-0.8,preference_control,0.90625,1.375,0.90625,1.390625,0.90625,1.390625,1.1484375,-0.2421875,0.90625,1.375,1.140625,-0.234375
mistral_7b,14,neutral_nonopposite::neutral::015,neutral_nonopposite,neutral_nonopposite,neutral,nonopposite,-0.6,preference_control,1.78125,0.4375,1.78125,0.4375,1.78125,0.4375,1.109375,0.671875,1.78125,0.4375,1.109375,0.671875
mistral_7b,14,neutral_nonopposite::neutral::015,neutral_nonopposite,neutral_nonopposite,neutral,nonopposite,-0.4,preference_control,3.25,-0.875,3.25,-0.875,3.25,-0.875,1.1875,2.0625,3.25,-0.875,1.1875,2.0625
mistral_7b,14,neutral_nonopposite::neutral::015,neutral_nonopposite,neutral_nonopposite,neutral,nonopposite,-0.2,preference_control,4.609375,-2.53125,4.625,-2.53125,4.625,-2.53125,1.046875,3.578125,4.609375,-2.53125,1.0390625,3.5703125
mistral_7b,14,neutral_nonopposite::neutral::015,neutral_nonopposite,neutral_nonopposite,neutral,nonopposite,0.0,preference_control,5.40625,-5.03125,5.40625,-5.0,5.40625,-5.0,0.203125,5.203125,5.40625,-5.03125,0.1875,5.21875
mistral_7b,14,neutral_nonopposite::neutral::015,neutral_nonopposite,neutral_nonopposite,neutral,nonopposite,0.2,preference_control,5.625,-6.78125,5.65625,-6.78125,5.65625,-6.78125,-0.5625,6.21875,5.625,-6.78125,-0.578125,6.203125
mistral_7b,14,neutral_nonopposite::neutral::015,neutral_nonopposite,neutral_nonopposite,neutral,nonopposite,0.4,preference_control,5.625,-7.125,5.59375,-7.125,5.59375,-7.125,-0.765625,6.359375,5.625,-7.125,-0.75,6.375
mistral_7b,14,neutral_nonopposite::neutral::015,neutral_nonopposite,neutral_nonopposite,neutral,nonopposite,0.6,preference_control,5.09375,-6.84375,5.109375,-6.8125,5.109375,-6.8125,-0.8515625,5.9609375,5.09375,-6.84375,-0.875,5.96875
mistral_7b,14,neutral_nonopposite::neutral::015,neutral_nonopposite,neutral_nonopposite,neutral,nonopposite,0.8,preference_control,4.25,-5.84375,4.21875,-5.8125,4.21875,-5.8125,-0.796875,5.015625,4.25,-5.84375,-0.796875,5.046875
mistral_7b,14,neutral_nonopposite::neutral::015,neutral_nonopposite,neutral_nonopposite,neutral,nonopposite,1.0,preference_control,3.46875,-4.8125,3.46875,-4.8125,3.46875,-4.8125,-0.671875,4.140625,3.46875,-4.8125,-0.671875,4.140625
mistral_7b,14,neutral_nonopposite::neutral::016,neutral_nonopposite,neutral_nonopposite,neutral,nonopposite,-1.0,preference_control,-1.1875,2.625,-1.1875,2.625,-1.1875,2.625,0.71875,-1.90625,-1.1875,2.625,0.71875,-1.90625
mistral_7b,14,neutral_nonopposite::neutral::016,neutral_nonopposite,neutral_nonopposite,neutral,nonopposite,-0.8,preference_control,-0.0625,1.4375,-0.0625,1.4375,-0.0625,1.4375,0.6875,-0.75,-0.0625,1.4375,0.6875,-0.75
mistral_7b,14,neutral_nonopposite::neutral::016,neutral_nonopposite,neutral_nonopposite,neutral,nonopposite,-0.6,preference_control,1.3125,-0.0625,1.296875,-0.0625,1.296875,-0.0625,0.6171875,0.6796875,1.3125,-0.0625,0.625,0.6875
mistral_7b,14,neutral_nonopposite::neutral::016,neutral_nonopposite,neutral_nonopposite,neutral,nonopposite,-0.4,preference_control,2.625,-1.75,2.609375,-1.765625,2.609375,-1.765625,0.421875,2.1875,2.625,-1.75,0.4375,2.1875
mistral_7b,14,neutral_nonopposite::neutral::016,neutral_nonopposite,neutral_nonopposite,neutral,nonopposite,-0.2,preference_control,3.9375,-3.75,3.9375,-3.75,3.9375,-3.75,0.09375,3.84375,3.9375,-3.75,0.09375,3.84375
mistral_7b,14,neutral_nonopposite::neutral::016,neutral_nonopposite,neutral_nonopposite,neutral,nonopposite,0.0,preference_control,6.46875,-5.375,6.4375,-5.390625,6.4375,-5.390625,0.5234375,5.9140625,6.46875,-5.375,0.546875,5.921875
mistral_7b,14,neutral_nonopposite::neutral::016,neutral_nonopposite,neutral_nonopposite,neutral,nonopposite,0.2,preference_control,8.125,-6.46875,8.125,-6.5,8.125,-6.5,0.8125,7.3125,8.125,-6.46875,0.828125,7.296875
mistral_7b,14,neutral_nonopposite::neutral::016,neutral_nonopposite,neutral_nonopposite,neutral,nonopposite,0.4,preference_control,8.75,-7.21875,8.765625,-7.25,8.765625,-7.25,0.7578125,8.0078125,8.75,-7.21875,0.765625,7.984375
mistral_7b,14,neutral_nonopposite::neutral::016,neutral_nonopposite,neutral_nonopposite,neutral,nonopposite,0.6,preference_control,8.90625,-7.546875,8.921875,-7.5625,8.921875,-7.5625,0.6796875,8.2421875,8.90625,-7.546875,0.6796875,8.2265625
mistral_7b,14,neutral_nonopposite::neutral::016,neutral_nonopposite,neutral_nonopposite,neutral,nonopposite,0.8,preference_control,8.78125,-7.75,8.765625,-7.71875,8.765625,-7.71875,0.5234375,8.2421875,8.78125,-7.75,0.515625,8.265625
mistral_7b,14,neutral_nonopposite::neutral::016,neutral_nonopposite,neutral_nonopposite,neutral,nonopposite,1.0,preference_control,8.53125,-7.734375,8.515625,-7.71875,8.515625,-7.71875,0.3984375,8.1171875,8.53125,-7.734375,0.3984375,8.1328125
mistral_7b,14,neutral_nonopposite::neutral::017,neutral_nonopposite,neutral_nonopposite,neutral,nonopposite,-1.0,preference_control,-0.125,2.46875,-0.1249928474426269,2.46879243850708,-0.1249928474426269,2.46879243850708,1.1718997955322266,-1.2968926429748535,-0.125,2.46875,1.171875,-1.296875
mistral_7b,14,neutral_nonopposite::neutral::017,neutral_nonopposite,neutral_nonopposite,neutral,nonopposite,-0.8,preference_control,0.1875,2.5625,0.1718827486038208,2.5625507831573486,0.1718827486038208,2.5625507831573486,1.3672167658805847,-1.195334017276764,0.1875,2.5625,1.375,-1.1875
mistral_7b,14,neutral_nonopposite::neutral::017,neutral_nonopposite,neutral_nonopposite,neutral,nonopposite,-0.6,preference_control,1.4375,2.53125,1.4531339406967163,2.531308889389038,1.4531339406967163,2.531308889389038,1.9922214150428768,-0.5390874743461609,1.4375,2.53125,1.984375,-0.546875
mistral_7b,14,neutral_nonopposite::neutral::017,neutral_nonopposite,neutral_nonopposite,neutral,nonopposite,-0.4,preference_control,3.125,1.75,3.10938572883606,1.7500619888305664,3.10938572883606,1.7500619888305664,2.429723858833313,0.6796618700027466,3.125,1.75,2.4375,0.6875
mistral_7b,14,neutral_nonopposite::neutral::017,neutral_nonopposite,neutral_nonopposite,neutral,nonopposite,-0.2,preference_control,4.90625,1.09375,4.9375141859054565,1.0938405990600586,4.9375141859054565,1.0938405990600586,3.0156773924827576,1.921836793422699,4.90625,1.09375,3.0,1.90625
mistral_7b,14,neutral_nonopposite::neutral::017,neutral_nonopposite,neutral_nonopposite,neutral,nonopposite,0.0,preference_control,5.71875,0.59375,5.718767762184143,0.5938491821289062,5.718767762184143,0.5938491821289062,3.1563084721565247,2.5624592900276184,5.71875,0.59375,3.15625,2.5625
mistral_7b,14,neutral_nonopposite::neutral::017,neutral_nonopposite,neutral_nonopposite,neutral,nonopposite,0.2,preference_control,5.6875,0.28125,5.718768119812012,0.2813591957092285,5.718768119812012,0.2813591957092285,3.00006365776062,2.718704462051392,5.6875,0.28125,2.984375,2.703125
mistral_7b,14,neutral_nonopposite::neutral::017,neutral_nonopposite,neutral_nonopposite,neutral,nonopposite,0.4,preference_control,5.03125,-0.1875,5.000020503997803,-0.1874046325683593,5.000020503997803,-0.1874046325683593,2.4063079357147217,2.593712568283081,5.03125,-0.1875,2.421875,2.609375
mistral_7b,14,neutral_nonopposite::neutral::017,neutral_nonopposite,neutral_nonopposite,neutral,nonopposite,0.6,preference_control,4.40625,-0.5625,4.421896815299988,-0.5623931884765625,4.421896815299988,-0.5623931884765625,1.9297518134117129,2.492145001888275,4.40625,-0.5625,1.921875,2.484375
mistral_7b,14,neutral_nonopposite::neutral::017,neutral_nonopposite,neutral_nonopposite,neutral,nonopposite,0.8,preference_control,3.9375,-0.875,3.921900749206543,-0.8748550415039062,3.921900749206543,-0.8748550415039062,1.5235228538513184,2.3983778953552246,3.9375,-0.875,1.53125,2.40625
mistral_7b,14,neutral_nonopposite::neutral::017,neutral_nonopposite,neutral_nonopposite,neutral,nonopposite,1.0,preference_control,3.625,-1.125,3.640658140182495,-1.1248064041137695,3.640658140182495,-1.1248064041137695,1.2579258680343628,2.3827322721481323,3.625,-1.125,1.25,2.375
mistral_7b,14,neutral_nonopposite::neutral::018,neutral_nonopposite,neutral_nonopposite,neutral,nonopposite,-1.0,preference_control,-1.09375,-2.875,-1.09375,-2.875,-1.09375,-2.875,-1.984375,0.890625,-1.09375,-2.875,-1.984375,0.890625
mistral_7b,14,neutral_nonopposite::neutral::018,neutral_nonopposite,neutral_nonopposite,neutral,nonopposite,-0.8,preference_control,-0.0625,-4.28125,-0.0625,-4.28125,-0.0625,-4.28125,-2.171875,2.109375,-0.0625,-4.28125,-2.171875,2.109375
mistral_7b,14,neutral_nonopposite::neutral::018,neutral_nonopposite,neutral_nonopposite,neutral,nonopposite,-0.6,preference_control,1.0625,-5.90625,1.0625,-5.890625,1.0625,-5.890625,-2.4140625,3.4765625,1.0625,-5.90625,-2.421875,3.484375
mistral_7b,14,neutral_nonopposite::neutral::018,neutral_nonopposite,neutral_nonopposite,neutral,nonopposite,-0.4,preference_control,3.0,-7.0,3.0,-6.96875,3.0,-6.96875,-1.984375,4.984375,3.0,-7.0,-2.0,5.0
mistral_7b,14,neutral_nonopposite::neutral::018,neutral_nonopposite,neutral_nonopposite,neutral,nonopposite,-0.2,preference_control,6.375,-8.53125,6.375,-8.5,6.375,-8.5,-1.0625,7.4375,6.375,-8.53125,-1.078125,7.453125
mistral_7b,14,neutral_nonopposite::neutral::018,neutral_nonopposite,neutral_nonopposite,neutral,nonopposite,0.0,preference_control,9.0625,-9.5,9.046875,-9.515625,9.046875,-9.515625,-0.234375,9.28125,9.0625,-9.5,-0.21875,9.28125
mistral_7b,14,neutral_nonopposite::neutral::018,neutral_nonopposite,neutral_nonopposite,neutral,nonopposite,0.2,preference_control,9.84375,-9.78125,9.84375,-9.796875,9.84375,-9.796875,0.0234375,9.8203125,9.84375,-9.78125,0.03125,9.8125
mistral_7b,14,neutral_nonopposite::neutral::018,neutral_nonopposite,neutral_nonopposite,neutral,nonopposite,0.4,preference_control,10.0625,-9.5,10.03125,-9.46875,10.03125,-9.46875,0.28125,9.75,10.0625,-9.5,0.28125,9.78125
mistral_7b,14,neutral_nonopposite::neutral::018,neutral_nonopposite,neutral_nonopposite,neutral,nonopposite,0.6,preference_control,10.125,-9.28125,10.09375,-9.25,10.09375,-9.25,0.421875,9.671875,10.125,-9.28125,0.421875,9.703125
mistral_7b,14,neutral_nonopposite::neutral::018,neutral_nonopposite,neutral_nonopposite,neutral,nonopposite,0.8,preference_control,10.1875,-8.90625,10.15625,-8.890625,10.15625,-8.890625,0.6328125,9.5234375,10.1875,-8.90625,0.640625,9.546875
mistral_7b,14,neutral_nonopposite::neutral::018,neutral_nonopposite,neutral_nonopposite,neutral,nonopposite,1.0,preference_control,10.28125,-8.3125,10.28125,-8.296875,10.28125,-8.296875,0.9921875,9.2890625,10.28125,-8.3125,0.984375,9.296875
mistral_7b,14,neutral_nonopposite::neutral::019,neutral_nonopposite,neutral_nonopposite,neutral,nonopposite,-1.0,preference_control,2.375,0.375,2.375,0.375,2.375,0.375,1.375,1.0,2.375,0.375,1.375,1.0
mistral_7b,14,neutral_nonopposite::neutral::019,neutral_nonopposite,neutral_nonopposite,neutral,nonopposite,-0.8,preference_control,4.1875,-0.0625,4.1875,-0.0625,4.1875,-0.0625,2.0625,2.125,4.1875,-0.0625,2.0625,2.125
mistral_7b,14,neutral_nonopposite::neutral::019,neutral_nonopposite,neutral_nonopposite,neutral,nonopposite,-0.6,preference_control,5.6875,-1.25,5.6875,-1.25,5.6875,-1.25,2.21875,3.46875,5.6875,-1.25,2.21875,3.46875
mistral_7b,14,neutral_nonopposite::neutral::019,neutral_nonopposite,neutral_nonopposite,neutral,nonopposite,-0.4,preference_control,6.9375,-2.9375,6.90625,-2.921875,6.90625,-2.921875,1.9921875,4.9140625,6.9375,-2.9375,2.0,4.9375
mistral_7b,14,neutral_nonopposite::neutral::019,neutral_nonopposite,neutral_nonopposite,neutral,nonopposite,-0.2,preference_control,8.234375,-4.75,8.234375,-4.765625,8.234375,-4.765625,1.734375,6.5,8.234375,-4.75,1.7421875,6.4921875
mistral_7b,14,neutral_nonopposite::neutral::019,neutral_nonopposite,neutral_nonopposite,neutral,nonopposite,0.0,preference_control,9.21875,-6.9375,9.1875,-6.921875,9.1875,-6.921875,1.1328125,8.0546875,9.21875,-6.9375,1.140625,8.078125
mistral_7b,14,neutral_nonopposite::neutral::019,neutral_nonopposite,neutral_nonopposite,neutral,nonopposite,0.2,preference_control,9.59375,-8.90625,9.59375,-8.890625,9.59375,-8.890625,0.3515625,9.2421875,9.59375,-8.90625,0.34375,9.25
mistral_7b,14,neutral_nonopposite::neutral::019,neutral_nonopposite,neutral_nonopposite,neutral,nonopposite,0.4,preference_control,9.875,-9.59375,9.90625,-9.5625,9.90625,-9.5625,0.171875,9.734375,9.875,-9.59375,0.140625,9.734375
mistral_7b,14,neutral_nonopposite::neutral::019,neutral_nonopposite,neutral_nonopposite,neutral,nonopposite,0.6,preference_control,10.1875,-9.0625,10.15625,-9.03125,10.15625,-9.03125,0.5625,9.59375,10.1875,-9.0625,0.5625,9.625
mistral_7b,14,neutral_nonopposite::neutral::019,neutral_nonopposite,neutral_nonopposite,neutral,nonopposite,0.8,preference_control,10.390625,-7.625,10.40625,-7.625,10.40625,-7.625,1.390625,9.015625,10.390625,-7.625,1.3828125,9.0078125
mistral_7b,14,neutral_nonopposite::neutral::019,neutral_nonopposite,neutral_nonopposite,neutral,nonopposite,1.0,preference_control,10.484375,-5.6875,10.5,-5.6875,10.5,-5.6875,2.40625,8.09375,10.484375,-5.6875,2.3984375,8.0859375
mistral_7b,14,neutral_nonopposite::neutral::020,neutral_nonopposite,neutral_nonopposite,neutral,nonopposite,-1.0,preference_control,1.1875,-3.9375,1.1875016689300537,-3.937498450279236,1.1875016689300537,-3.937498450279236,-1.374998390674591,2.5625000596046448,1.1875,-3.9375,-1.375,2.5625
mistral_7b,14,neutral_nonopposite::neutral::020,neutral_nonopposite,neutral_nonopposite,neutral,nonopposite,-0.8,preference_control,1.75,-5.125,1.7500022649765017,-5.140623331069946,1.7500022649765017,-5.140623331069946,-1.6953105330467224,3.445312798023224,1.75,-5.125,-1.6875,3.4375
mistral_7b,14,neutral_nonopposite::neutral::020,neutral_nonopposite,neutral_nonopposite,neutral,nonopposite,-0.6,preference_control,2.65625,-6.0625,2.687502384185791,-6.046873211860657,2.687502384185791,-6.046873211860657,-1.6796854138374329,4.367187798023224,2.65625,-6.0625,-1.703125,4.359375
mistral_7b,14,neutral_nonopposite::neutral::020,neutral_nonopposite,neutral_nonopposite,neutral,nonopposite,-0.4,preference_control,3.0,-6.65625,3.00000262260437,-6.687498092651367,3.00000262260437,-6.687498092651367,-1.8437477350234983,4.843750357627869,3.0,-6.65625,-1.828125,4.828125
mistral_7b,14,neutral_nonopposite::neutral::020,neutral_nonopposite,neutral_nonopposite,neutral,nonopposite,-0.2,preference_control,3.65625,-7.671875,3.656252980232239,-7.671872854232788,3.656252980232239,-7.671872854232788,-2.0078099370002747,5.664062917232513,3.65625,-7.671875,-2.0078125,5.6640625
mistral_7b,14,neutral_nonopposite::neutral::020,neutral_nonopposite,neutral_nonopposite,neutral,nonopposite,0.0,preference_control,5.40625,-8.8125,5.437503695487976,-8.84374737739563,5.437503695487976,-8.84374737739563,-1.703121840953827,7.140625536441803,5.40625,-8.8125,-1.703125,7.109375
mistral_7b,14,neutral_nonopposite::neutral::020,neutral_nonopposite,neutral_nonopposite,neutral,nonopposite,0.2,preference_control,7.46875,-9.609375,7.4375035762786865,-9.59374701976776,7.4375035762786865,-9.59374701976776,-1.0781217217445374,8.515625298023224,7.46875,-9.609375,-1.0703125,8.5390625
mistral_7b,14,neutral_nonopposite::neutral::020,neutral_nonopposite,neutral_nonopposite,neutral,nonopposite,0.4,preference_control,8.3125,-10.21875,8.343753457069397,-10.187496185302734,8.343753457069397,-10.187496185302734,-0.9218713641166688,9.265624821186066,8.3125,-10.21875,-0.953125,9.265625
mistral_7b,14,neutral_nonopposite::neutral::020,neutral_nonopposite,neutral_nonopposite,neutral,nonopposite,0.6,preference_control,8.625,-10.640625,8.625003576278687,-10.687495589256288,8.625003576278687,-10.687495589256288,-1.0312460064888,9.656249582767488,8.625,-10.640625,-1.0078125,9.6328125
mistral_7b,14,neutral_nonopposite::neutral::020,neutral_nonopposite,neutral_nonopposite,neutral,nonopposite,0.8,preference_control,7.96875,-10.796875,8.000003814697266,-10.81249499320984,8.000003814697266,-10.81249499320984,-1.4062455892562866,9.406249403953552,7.96875,-10.796875,-1.4140625,9.3828125
mistral_7b,14,neutral_nonopposite::neutral::020,neutral_nonopposite,neutral_nonopposite,neutral,nonopposite,1.0,preference_control,7.25,-10.984375,7.250003457069397,-10.968743443489076,7.250003457069397,-10.968743443489076,-1.8593699932098389,9.109373450279236,7.25,-10.984375,-1.8671875,9.1171875
mistral_7b,14,neutral_nonopposite::neutral::021,neutral_nonopposite,neutral_nonopposite,neutral,nonopposite,-1.0,preference_control,3.125,1.96875,3.125,1.984375,3.125,1.984375,2.5546875,0.5703125,3.125,1.96875,2.546875,0.578125
mistral_7b,14,neutral_nonopposite::neutral::021,neutral_nonopposite,neutral_nonopposite,neutral,nonopposite,-0.8,preference_control,3.9375,2.09375,3.90625,2.09375,3.90625,2.09375,3.0,0.90625,3.9375,2.09375,3.015625,0.921875
mistral_7b,14,neutral_nonopposite::neutral::021,neutral_nonopposite,neutral_nonopposite,neutral,nonopposite,-0.6,preference_control,4.4375,1.21875,4.453125,1.21875,4.453125,1.21875,2.8359375,1.6171875,4.4375,1.21875,2.828125,1.609375
mistral_7b,14,neutral_nonopposite::neutral::021,neutral_nonopposite,neutral_nonopposite,neutral,nonopposite,-0.4,preference_control,4.5625,0.375,4.53125,0.375,4.53125,0.375,2.453125,2.078125,4.5625,0.375,2.46875,2.09375
mistral_7b,14,neutral_nonopposite::neutral::021,neutral_nonopposite,neutral_nonopposite,neutral,nonopposite,-0.2,preference_control,5.34375,0.0625,5.375,0.0625,5.375,0.0625,2.71875,2.65625,5.34375,0.0625,2.703125,2.640625
mistral_7b,14,neutral_nonopposite::neutral::021,neutral_nonopposite,neutral_nonopposite,neutral,nonopposite,0.0,preference_control,7.1875,-3.0625,7.1875,-3.046875,7.1875,-3.046875,2.0703125,5.1171875,7.1875,-3.0625,2.0625,5.125
mistral_7b,14,neutral_nonopposite::neutral::021,neutral_nonopposite,neutral_nonopposite,neutral,nonopposite,0.2,preference_control,8.90625,-7.125,8.890625,-7.125,8.890625,-7.125,0.8828125,8.0078125,8.90625,-7.125,0.890625,8.015625
mistral_7b,14,neutral_nonopposite::neutral::021,neutral_nonopposite,neutral_nonopposite,neutral,nonopposite,0.4,preference_control,9.75,-8.125,9.75,-8.125,9.75,-8.125,0.8125,8.9375,9.75,-8.125,0.8125,8.9375
mistral_7b,14,neutral_nonopposite::neutral::021,neutral_nonopposite,neutral_nonopposite,neutral,nonopposite,0.6,preference_control,9.96875,-7.9375,9.953125,-7.90625,9.953125,-7.90625,1.0234375,8.9296875,9.96875,-7.9375,1.015625,8.953125
mistral_7b,14,neutral_nonopposite::neutral::021,neutral_nonopposite,neutral_nonopposite,neutral,nonopposite,0.8,preference_control,9.53125,-7.1875,9.53125,-7.203125,9.53125,-7.203125,1.1640625,8.3671875,9.53125,-7.1875,1.171875,8.359375
mistral_7b,14,neutral_nonopposite::neutral::021,neutral_nonopposite,neutral_nonopposite,neutral,nonopposite,1.0,preference_control,8.96875,-6.3125,8.96875,-6.328125,8.96875,-6.328125,1.3203125,7.6484375,8.96875,-6.3125,1.328125,7.640625
mistral_7b,14,neutral_nonopposite::neutral::022,neutral_nonopposite,neutral_nonopposite,neutral,nonopposite,-1.0,preference_control,-1.4375,1.5,-1.453125,1.5078125,-1.453125,1.5078125,0.02734375,-1.48046875,-1.4375,1.5,0.03125,-1.46875
mistral_7b,14,neutral_nonopposite::neutral::022,neutral_nonopposite,neutral_nonopposite,neutral,nonopposite,-0.8,preference_control,-1.25,1.0,-1.234375,1.0,-1.234375,1.0,-0.1171875,-1.1171875,-1.25,1.0,-0.125,-1.125
mistral_7b,14,neutral_nonopposite::neutral::022,neutral_nonopposite,neutral_nonopposite,neutral,nonopposite,-0.6,preference_control,-0.5625,0.625,-0.5625,0.625,-0.5625,0.625,0.03125,-0.59375,-0.5625,0.625,0.03125,-0.59375
mistral_7b,14,neutral_nonopposite::neutral::022,neutral_nonopposite,neutral_nonopposite,neutral,nonopposite,-0.4,preference_control,1.125,0.0625,1.125,0.0625,1.125,0.0625,0.59375,0.53125,1.125,0.0625,0.59375,0.53125
mistral_7b,14,neutral_nonopposite::neutral::022,neutral_nonopposite,neutral_nonopposite,neutral,nonopposite,-0.2,preference_control,4.25,-1.0,4.25,-0.984375,4.25,-0.984375,1.6328125,2.6171875,4.25,-1.0,1.625,2.625
mistral_7b,14,neutral_nonopposite::neutral::022,neutral_nonopposite,neutral_nonopposite,neutral,nonopposite,0.0,preference_control,6.375,-2.625,6.375,-2.625,6.375,-2.625,1.875,4.5,6.375,-2.625,1.875,4.5
mistral_7b,14,neutral_nonopposite::neutral::022,neutral_nonopposite,neutral_nonopposite,neutral,nonopposite,0.2,preference_control,7.375,-3.6875,7.34375,-3.6875,7.34375,-3.6875,1.828125,5.515625,7.375,-3.6875,1.84375,5.53125
mistral_7b,14,neutral_nonopposite::neutral::022,neutral_nonopposite,neutral_nonopposite,neutral,nonopposite,0.4,preference_control,7.875,-3.625,7.875,-3.625,7.875,-3.625,2.125,5.75,7.875,-3.625,2.125,5.75
mistral_7b,14,neutral_nonopposite::neutral::022,neutral_nonopposite,neutral_nonopposite,neutral,nonopposite,0.6,preference_control,8.03125,-2.8125,8.03125,-2.8125,8.03125,-2.8125,2.609375,5.421875,8.03125,-2.8125,2.609375,5.421875
mistral_7b,14,neutral_nonopposite::neutral::022,neutral_nonopposite,neutral_nonopposite,neutral,nonopposite,0.8,preference_control,8.125,-1.8125,8.140625,-1.8125,8.140625,-1.8125,3.1640625,4.9765625,8.125,-1.8125,3.15625,4.96875
mistral_7b,14,neutral_nonopposite::neutral::022,neutral_nonopposite,neutral_nonopposite,neutral,nonopposite,1.0,preference_control,8.03125,-1.4375,8.0625,-1.421875,8.0625,-1.421875,3.3203125,4.7421875,8.03125,-1.4375,3.296875,4.734375
mistral_7b,14,neutral_nonopposite::neutral::023,neutral_nonopposite,neutral_nonopposite,neutral,nonopposite,-1.0,preference_control,-2.9375,4.3125,-2.9375,4.328125,-2.9375,4.328125,0.6953125,-3.6328125,-2.9375,4.3125,0.6875,-3.625
mistral_7b,14,neutral_nonopposite::neutral::023,neutral_nonopposite,neutral_nonopposite,neutral,nonopposite,-0.8,preference_control,-2.5625,2.375,-2.5625,2.359375,-2.5625,2.359375,-0.1015625,-2.4609375,-2.5625,2.375,-0.09375,-2.46875
mistral_7b,14,neutral_nonopposite::neutral::023,neutral_nonopposite,neutral_nonopposite,neutral,nonopposite,-0.6,preference_control,-1.5625,-0.8125,-1.546875,-0.828125,-1.546875,-0.828125,-1.1875,-0.359375,-1.5625,-0.8125,-1.1875,-0.375
mistral_7b,14,neutral_nonopposite::neutral::023,neutral_nonopposite,neutral_nonopposite,neutral,nonopposite,-0.4,preference_control,-0.5,-4.375,-0.5,-4.390625,-0.5,-4.390625,-2.4453125,1.9453125,-0.5,-4.375,-2.4375,1.9375
mistral_7b,14,neutral_nonopposite::neutral::023,neutral_nonopposite,neutral_nonopposite,neutral,nonopposite,-0.2,preference_control,0.9375,-9.8125,0.9375,-9.8125,0.9375,-9.8125,-4.4375,5.375,0.9375,-9.8125,-4.4375,5.375
mistral_7b,14,neutral_nonopposite::neutral::023,neutral_nonopposite,neutral_nonopposite,neutral,nonopposite,0.0,preference_control,2.4375,-13.734375,2.4375,-13.6875,2.4375,-13.6875,-5.625,8.0625,2.4375,-13.734375,-5.6484375,8.0859375
mistral_7b,14,neutral_nonopposite::neutral::023,neutral_nonopposite,neutral_nonopposite,neutral,nonopposite,0.2,preference_control,4.25,-15.421875,4.25,-15.46875,4.25,-15.46875,-5.609375,9.859375,4.25,-15.421875,-5.5859375,9.8359375
mistral_7b,14,neutral_nonopposite::neutral::023,neutral_nonopposite,neutral_nonopposite,neutral,nonopposite,0.4,preference_control,5.3125,-16.16796875,5.3125,-16.15625,5.3125,-16.15625,-5.421875,10.734375,5.3125,-16.16796875,-5.427734375,10.740234375
mistral_7b,14,neutral_nonopposite::neutral::023,neutral_nonopposite,neutral_nonopposite,neutral,nonopposite,0.6,preference_control,5.4375,-16.515625,5.4375,-16.46875,5.4375,-16.46875,-5.515625,10.953125,5.4375,-16.515625,-5.5390625,10.9765625
mistral_7b,14,neutral_nonopposite::neutral::023,neutral_nonopposite,neutral_nonopposite,neutral,nonopposite,0.8,preference_control,5.375,-16.546875,5.375,-16.59375,5.375,-16.59375,-5.609375,10.984375,5.375,-16.546875,-5.5859375,10.9609375
mistral_7b,14,neutral_nonopposite::neutral::023,neutral_nonopposite,neutral_nonopposite,neutral,nonopposite,1.0,preference_control,5.0,-16.2109375,5.03125,-16.1875,5.03125,-16.1875,-5.578125,10.609375,5.0,-16.2109375,-5.60546875,10.60546875
mistral_7b,14,neutral_nonopposite::neutral::024,neutral_nonopposite,neutral_nonopposite,neutral,nonopposite,-1.0,preference_control,-3.9375,4.6875,-3.9453125,4.671875,-3.9453125,4.671875,0.36328125,-4.30859375,-3.9375,4.6875,0.375,-4.3125
mistral_7b,14,neutral_nonopposite::neutral::024,neutral_nonopposite,neutral_nonopposite,neutral,nonopposite,-0.8,preference_control,-3.75,2.375,-3.7421875,2.375,-3.7421875,2.375,-0.68359375,-3.05859375,-3.75,2.375,-0.6875,-3.0625
mistral_7b,14,neutral_nonopposite::neutral::024,neutral_nonopposite,neutral_nonopposite,neutral,nonopposite,-0.6,preference_control,-3.4375,0.1875,-3.421875,0.1875,-3.421875,0.1875,-1.6171875,-1.8046875,-3.4375,0.1875,-1.625,-1.8125
mistral_7b,14,neutral_nonopposite::neutral::024,neutral_nonopposite,neutral_nonopposite,neutral,nonopposite,-0.4,preference_control,-3.0,-2.0,-3.0,-1.984375,-3.0,-1.984375,-2.4921875,-0.5078125,-3.0,-2.0,-2.5,-0.5
mistral_7b,14,neutral_nonopposite::neutral::024,neutral_nonopposite,neutral_nonopposite,neutral,nonopposite,-0.2,preference_control,-1.875,-4.125,-1.875,-4.109375,-1.875,-4.109375,-2.9921875,1.1171875,-1.875,-4.125,-3.0,1.125
mistral_7b,14,neutral_nonopposite::neutral::024,neutral_nonopposite,neutral_nonopposite,neutral,nonopposite,0.0,preference_control,1.125,-5.5,1.125,-5.515625,1.125,-5.515625,-2.1953125,3.3203125,1.125,-5.5,-2.1875,3.3125
mistral_7b,14,neutral_nonopposite::neutral::024,neutral_nonopposite,neutral_nonopposite,neutral,nonopposite,0.2,preference_control,4.9375,-6.0625,4.9375,-6.046875,4.9375,-6.046875,-0.5546875,5.4921875,4.9375,-6.0625,-0.5625,5.5
mistral_7b,14,neutral_nonopposite::neutral::024,neutral_nonopposite,neutral_nonopposite,neutral,nonopposite,0.4,preference_control,7.28125,-5.6875,7.28125,-5.6875,7.28125,-5.6875,0.796875,6.484375,7.28125,-5.6875,0.796875,6.484375
mistral_7b,14,neutral_nonopposite::neutral::024,neutral_nonopposite,neutral_nonopposite,neutral,nonopposite,0.6,preference_control,8.875,-4.625,8.84375,-4.640625,8.84375,-4.640625,2.1015625,6.7421875,8.875,-4.625,2.125,6.75
mistral_7b,14,neutral_nonopposite::neutral::024,neutral_nonopposite,neutral_nonopposite,neutral,nonopposite,0.8,preference_control,9.875,-3.125,9.90625,-3.1171875,9.90625,-3.1171875,3.39453125,6.51171875,9.875,-3.125,3.375,6.5
mistral_7b,14,neutral_nonopposite::neutral::024,neutral_nonopposite,neutral_nonopposite,neutral,nonopposite,1.0,preference_control,10.75,-1.0,10.75,-1.0,10.75,-1.0,4.875,5.875,10.75,-1.0,4.875,5.875
mistral_7b,14,neutral_opposite::neutral::000,neutral_opposite,neutral_opposite,neutral,opposite,-1.0,preference_control,1.296875,-0.28125,1.3125724792480469,-0.3124973773956299,1.3125724792480469,-0.3124973773956299,0.5000375509262085,0.8125349283218384,1.296875,-0.28125,0.5078125,0.7890625
mistral_7b,14,neutral_opposite::neutral::000,neutral_opposite,neutral_opposite,neutral,opposite,-0.8,preference_control,0.890625,-0.375,0.8751058578491211,-0.374997615814209,0.8751058578491211,-0.374997615814209,0.250054121017456,0.625051736831665,0.890625,-0.375,0.2578125,0.6328125
mistral_7b,14,neutral_opposite::neutral::000,neutral_opposite,neutral_opposite,neutral,opposite,-0.6,preference_control,0.359375,-0.5625,0.3751535415649414,-0.5624971389770508,0.3751535415649414,-0.5624971389770508,-0.0936717987060546,0.4688253402709961,0.359375,-0.5625,-0.1015625,0.4609375
mistral_7b,14,neutral_opposite::neutral::000,neutral_opposite,neutral_opposite,neutral,opposite,-0.4,preference_control,-0.125,-0.5625,-0.1248083114624023,-0.5624960660934448,-0.1248083114624023,-0.5624960660934448,-0.3436521887779236,0.2188438773155212,-0.125,-0.5625,-0.34375,0.21875
mistral_7b,14,neutral_opposite::neutral::000,neutral_opposite,neutral_opposite,neutral,opposite,-0.2,preference_control,-0.484375,-0.265625,-0.4373054504394531,-0.2499946355819702,-0.4373054504394531,-0.2499946355819702,-0.3436500430107116,-0.0936554074287414,-0.484375,-0.265625,-0.375,-0.109375
mistral_7b,14,neutral_opposite::neutral::000,neutral_opposite,neutral_opposite,neutral,opposite,0.0,preference_control,0.25,0.703125,0.2501745223999023,0.7500076293945312,0.2501745223999023,0.7500076293945312,0.5000910758972168,-0.2499165534973144,0.25,0.703125,0.4765625,-0.2265625
mistral_7b,14,neutral_opposite::neutral::000,neutral_opposite,neutral_opposite,neutral,opposite,0.2,preference_control,1.75,1.8125,1.7423381805419922,1.7968816757202148,1.7423381805419922,1.7968816757202148,1.7696099281311035,-0.0272717475891113,1.75,1.8125,1.78125,-0.03125
mistral_7b,14,neutral_opposite::neutral::000,neutral_opposite,neutral_opposite,neutral,opposite,0.4,preference_control,2.375,1.6875,2.3673229217529297,1.6875048875808716,2.3673229217529297,1.6875048875808716,2.0274139046669006,0.339909017086029,2.375,1.6875,2.03125,0.34375
mistral_7b,14,neutral_opposite::neutral::000,neutral_opposite,neutral_opposite,neutral,opposite,0.6,preference_control,2.6875,1.4375,2.687596321105957,1.437504529953003,2.687596321105957,1.437504529953003,2.06255042552948,0.625045895576477,2.6875,1.4375,2.0625,0.625
mistral_7b,14,neutral_opposite::neutral::000,neutral_opposite,neutral_opposite,neutral,opposite,0.8,preference_control,2.6875,1.0625,2.671952724456787,1.0625039339065552,2.671952724456787,1.0625039339065552,1.8672283291816711,0.804724395275116,2.6875,1.0625,1.875,0.8125
mistral_7b,14,neutral_opposite::neutral::000,neutral_opposite,neutral_opposite,neutral,opposite,1.0,preference_control,2.5,0.3125,2.5000600814819336,0.3125039339065552,2.5000600814819336,0.3125039339065552,1.4062820076942444,1.0937780737876892,2.5,0.3125,1.40625,1.09375
mistral_7b,14,neutral_opposite::neutral::001,neutral_opposite,neutral_opposite,neutral,opposite,-1.0,preference_control,-0.4375,-7.51953125,-0.4375,-7.5,-0.4375,-7.5,-3.96875,3.53125,-0.4375,-7.51953125,-3.978515625,3.541015625
mistral_7b,14,neutral_opposite::neutral::001,neutral_opposite,neutral_opposite,neutral,opposite,-0.8,preference_control,-0.28125,-8.04736328125,-0.3125,-8.0625,-0.3125,-8.0625,-4.1875,3.875,-0.28125,-8.04736328125,-4.164306640625,3.883056640625
mistral_7b,14,neutral_opposite::neutral::001,neutral_opposite,neutral_opposite,neutral,opposite,-0.6,preference_control,-0.34375,-8.25390625,-0.3125,-8.25,-0.3125,-8.25,-4.28125,3.96875,-0.34375,-8.25390625,-4.298828125,3.955078125
mistral_7b,14,neutral_opposite::neutral::001,neutral_opposite,neutral_opposite,neutral,opposite,-0.4,preference_control,-0.453125,-8.05078125,-0.5,-8.0625,-0.5,-8.0625,-4.28125,3.78125,-0.453125,-8.05078125,-4.251953125,3.798828125
mistral_7b,14,neutral_opposite::neutral::001,neutral_opposite,neutral_opposite,neutral,opposite,-0.2,preference_control,-0.203125,-7.7786102294921875,-0.1875,-7.8125,-0.1875,-7.8125,-4.0,3.8125,-0.203125,-7.7786102294921875,-3.9908676147460938,3.7877426147460938
mistral_7b,14,neutral_opposite::neutral::001,neutral_opposite,neutral_opposite,neutral,opposite,0.0,preference_control,1.8125,-8.52734375,1.8125,-8.5625,1.8125,-8.5625,-3.375,5.1875,1.8125,-8.52734375,-3.357421875,5.169921875
mistral_7b,14,neutral_opposite::neutral::001,neutral_opposite,neutral_opposite,neutral,opposite,0.2,preference_control,5.21875,-9.359375,5.234375,-9.375,5.234375,-9.375,-2.0703125,7.3046875,5.21875,-9.359375,-2.0703125,7.2890625
mistral_7b,14,neutral_opposite::neutral::001,neutral_opposite,neutral_opposite,neutral,opposite,0.4,preference_control,7.0,-9.359375,7.0,-9.34375,7.0,-9.34375,-1.171875,8.171875,7.0,-9.359375,-1.1796875,8.1796875
mistral_7b,14,neutral_opposite::neutral::001,neutral_opposite,neutral_opposite,neutral,opposite,0.6,preference_control,8.125,-8.953125,8.125,-8.96875,8.125,-8.96875,-0.421875,8.546875,8.125,-8.953125,-0.4140625,8.5390625
mistral_7b,14,neutral_opposite::neutral::001,neutral_opposite,neutral_opposite,neutral,opposite,0.8,preference_control,8.515625,-8.15625,8.53125,-8.15625,8.53125,-8.15625,0.1875,8.34375,8.515625,-8.15625,0.1796875,8.3359375
mistral_7b,14,neutral_opposite::neutral::001,neutral_opposite,neutral_opposite,neutral,opposite,1.0,preference_control,8.46875,-7.1875,8.46875,-7.15625,8.46875,-7.15625,0.65625,7.8125,8.46875,-7.1875,0.640625,7.828125
mistral_7b,14,neutral_opposite::neutral::002,neutral_opposite,neutral_opposite,neutral,opposite,-1.0,preference_control,5.5625,1.03125,5.499987602233887,1.0937761068344116,5.499987602233887,1.0937761068344116,3.296881854534149,2.203105747699737,5.5625,1.03125,3.296875,2.265625
mistral_7b,14,neutral_opposite::neutral::002,neutral_opposite,neutral_opposite,neutral,opposite,-0.8,preference_control,5.296875,1.75,5.312487244606018,1.7500213384628296,5.312487244606018,1.7500213384628296,3.531254291534424,1.7812329530715942,5.296875,1.75,3.5234375,1.7734375
mistral_7b,14,neutral_opposite::neutral::002,neutral_opposite,neutral_opposite,neutral,opposite,-0.6,preference_control,5.09375,2.21875,5.249992370605469,2.0937753915786743,5.249992370605469,2.0937753915786743,3.671883881092072,1.5781084895133972,5.09375,2.21875,3.65625,1.4375
mistral_7b,14,neutral_opposite::neutral::002,neutral_opposite,neutral_opposite,neutral,opposite,-0.4,preference_control,5.28125,2.5625,5.218748450279236,2.3750247955322266,5.218748450279236,2.3750247955322266,3.796886622905731,1.4218618273735046,5.28125,2.5625,3.921875,1.359375
mistral_7b,14,neutral_opposite::neutral::002,neutral_opposite,neutral_opposite,neutral,opposite,-0.2,preference_control,6.328125,1.6875,6.312513828277588,1.6875228881835938,6.312513828277588,1.6875228881835938,4.000018358230591,2.312495470046997,6.328125,1.6875,4.0078125,2.3203125
mistral_7b,14,neutral_opposite::neutral::002,neutral_opposite,neutral_opposite,neutral,opposite,0.0,preference_control,6.90625,-1.25,6.625019669532776,-1.1874810457229614,6.625019669532776,-1.1874810457229614,2.7187693119049072,3.9062503576278687,6.90625,-1.25,2.828125,4.078125
mistral_7b,14,neutral_opposite::neutral::002,neutral_opposite,neutral_opposite,neutral,opposite,0.2,preference_control,7.90625,-4.3125,7.750019550323486,-4.093732118606567,7.750019550323486,-4.093732118606567,1.8281437158584597,5.921875834465027,7.90625,-4.3125,1.796875,6.109375
mistral_7b,14,neutral_opposite::neutral::002,neutral_opposite,neutral_opposite,neutral,opposite,0.4,preference_control,9.8125,-6.0625,9.531275629997252,-6.093729615211487,9.531275629997252,-6.093729615211487,1.7187730073928833,7.81250262260437,9.8125,-6.0625,1.875,7.9375
mistral_7b,14,neutral_opposite::neutral::002,neutral_opposite,neutral_opposite,neutral,opposite,0.6,preference_control,10.71875,-6.625,10.56252646446228,-6.562481760978699,10.56252646446228,-6.562481760978699,2.0000223517417908,8.56250411272049,10.71875,-6.625,2.046875,8.671875
mistral_7b,14,neutral_opposite::neutral::002,neutral_opposite,neutral_opposite,neutral,opposite,0.8,preference_control,11.0625,-6.375,11.062530517578123,-6.421853303909302,11.062530517578123,-6.421853303909302,2.320338606834412,8.742191910743713,11.0625,-6.375,2.34375,8.71875
mistral_7b,14,neutral_opposite::neutral::002,neutral_opposite,neutral_opposite,neutral,opposite,1.0,preference_control,11.21875,-5.6875,11.031282663345335,-5.562475800514221,11.031282663345335,-5.562475800514221,2.734403431415558,8.296879231929779,11.21875,-5.6875,2.765625,8.453125
mistral_7b,14,neutral_opposite::neutral::003,neutral_opposite,neutral_opposite,neutral,opposite,-1.0,preference_control,2.796875,0.640625,2.875000596046448,0.6874992847442627,2.875000596046448,0.6874992847442627,1.7812499403953552,1.0937506556510923,2.796875,0.640625,1.71875,1.078125
mistral_7b,14,neutral_opposite::neutral::003,neutral_opposite,neutral_opposite,neutral,opposite,-0.8,preference_control,2.0625,0.484375,2.0625009536743164,0.4999986886978149,2.0625009536743164,0.4999986886978149,1.2812498211860657,0.7812511324882507,2.0625,0.484375,1.2734375,0.7890625
mistral_7b,14,neutral_opposite::neutral::003,neutral_opposite,neutral_opposite,neutral,opposite,-0.6,preference_control,1.109375,0.015625,1.1250011920928955,-1.9073486328125e-06,1.1250011920928955,-1.9073486328125e-06,0.5624996423721313,0.5625015497207642,1.109375,0.015625,0.5625,0.546875
mistral_7b,14,neutral_opposite::neutral::003,neutral_opposite,neutral_opposite,neutral,opposite,-0.4,preference_control,0.171875,-0.765625,0.1250009536743164,-0.6875026226043701,0.1250009536743164,-0.6875026226043701,-0.2812508344650268,0.4062517881393432,0.171875,-0.765625,-0.296875,0.46875
mistral_7b,14,neutral_opposite::neutral::003,neutral_opposite,neutral_opposite,neutral,opposite,-0.2,preference_control,-0.578125,-1.7890625,-0.6249995231628418,-1.687503457069397,-0.6249995231628418,-1.687503457069397,-1.1562514901161194,0.5312519669532776,-0.578125,-1.7890625,-1.18359375,0.60546875
mistral_7b,14,neutral_opposite::neutral::003,neutral_opposite,neutral_opposite,neutral,opposite,0.0,preference_control,0.640625,-2.484375,0.7499997615814209,-2.4375044107437134,0.7499997615814209,-2.4375044107437134,-0.8437523245811462,1.5937520861625671,0.640625,-2.484375,-0.921875,1.5625
mistral_7b,14,neutral_opposite::neutral::003,neutral_opposite,neutral_opposite,neutral,opposite,0.2,preference_control,4.1875,-3.3125,4.187499403953552,-3.3125035762786865,4.187499403953552,-3.3125035762786865,0.4374979138374328,3.75000149011612,4.1875,-3.3125,0.4375,3.75
mistral_7b,14,neutral_opposite::neutral::003,neutral_opposite,neutral_opposite,neutral,opposite,0.4,preference_control,5.53125,-5.65625,5.593749403953552,-5.812502980232239,5.593749403953552,-5.812502980232239,-0.1093767881393432,5.703126192092896,5.53125,-5.65625,-0.0625,5.59375
mistral_7b,14,neutral_opposite::neutral::003,neutral_opposite,neutral_opposite,neutral,opposite,0.6,preference_control,6.375,-7.1875,6.312499523162842,-7.265627264976501,6.312499523162842,-7.265627264976501,-0.4765638709068298,6.789063394069672,6.375,-7.1875,-0.40625,6.78125
mistral_7b,14,neutral_opposite::neutral::003,neutral_opposite,neutral_opposite,neutral,opposite,0.8,preference_control,7.40625,-8.15625,7.374999523162842,-8.640626668930054,7.374999523162842,-8.640626668930054,-0.632813572883606,8.007813096046448,7.40625,-8.15625,-0.375,7.78125
mistral_7b,14,neutral_opposite::neutral::003,neutral_opposite,neutral_opposite,neutral,opposite,1.0,preference_control,8.28125,-8.5,8.281249523162842,-8.687501788139343,8.281249523162842,-8.687501788139343,-0.2031261324882507,8.484375655651093,8.28125,-8.5,-0.109375,8.390625
mistral_7b,14,neutral_opposite::neutral::004,neutral_opposite,neutral_opposite,neutral,opposite,-1.0,preference_control,4.1875,-0.75,4.1796875,-0.75,4.1796875,-0.75,1.71484375,2.46484375,4.1875,-0.75,1.71875,2.46875
mistral_7b,14,neutral_opposite::neutral::004,neutral_opposite,neutral_opposite,neutral,opposite,-0.8,preference_control,5.125,-1.0,5.125,-0.984375,5.125,-0.984375,2.0703125,3.0546875,5.125,-1.0,2.0625,3.0625
mistral_7b,14,neutral_opposite::neutral::004,neutral_opposite,neutral_opposite,neutral,opposite,-0.6,preference_control,5.90625,-1.3125,5.8984375,-1.296875,5.8984375,-1.296875,2.30078125,3.59765625,5.90625,-1.3125,2.296875,3.609375
mistral_7b,14,neutral_opposite::neutral::004,neutral_opposite,neutral_opposite,neutral,opposite,-0.4,preference_control,6.40625,-1.6875,6.40625,-1.6875,6.40625,-1.6875,2.359375,4.046875,6.40625,-1.6875,2.359375,4.046875
mistral_7b,14,neutral_opposite::neutral::004,neutral_opposite,neutral_opposite,neutral,opposite,-0.2,preference_control,7.34375,-2.0625,7.328125,-2.078125,7.328125,-2.078125,2.625,4.703125,7.34375,-2.0625,2.640625,4.703125
mistral_7b,14,neutral_opposite::neutral::004,neutral_opposite,neutral_opposite,neutral,opposite,0.0,preference_control,9.140625,-3.4375,9.109375,-3.4375,9.109375,-3.4375,2.8359375,6.2734375,9.140625,-3.4375,2.8515625,6.2890625
mistral_7b,14,neutral_opposite::neutral::004,neutral_opposite,neutral_opposite,neutral,opposite,0.2,preference_control,10.921875,-5.96875,10.90625,-6.0,10.90625,-6.0,2.453125,8.453125,10.921875,-5.96875,2.4765625,8.4453125
mistral_7b,14,neutral_opposite::neutral::004,neutral_opposite,neutral_opposite,neutral,opposite,0.4,preference_control,11.921875,-7.46875,11.875,-7.46875,11.875,-7.46875,2.203125,9.671875,11.921875,-7.46875,2.2265625,9.6953125
mistral_7b,14,neutral_opposite::neutral::004,neutral_opposite,neutral_opposite,neutral,opposite,0.6,preference_control,12.078125,-7.875,12.03125,-7.875,12.03125,-7.875,2.078125,9.953125,12.078125,-7.875,2.1015625,9.9765625
mistral_7b,14,neutral_opposite::neutral::004,neutral_opposite,neutral_opposite,neutral,opposite,0.8,preference_control,11.25,-7.65625,11.1875,-7.625,11.1875,-7.625,1.78125,9.40625,11.25,-7.65625,1.796875,9.453125
mistral_7b,14,neutral_opposite::neutral::004,neutral_opposite,neutral_opposite,neutral,opposite,1.0,preference_control,10.125,-6.78125,10.09375,-6.78125,10.09375,-6.78125,1.65625,8.4375,10.125,-6.78125,1.671875,8.453125
mistral_7b,14,neutral_opposite::neutral::005,neutral_opposite,neutral_opposite,neutral,opposite,-1.0,preference_control,-0.78125,-3.09375,-0.6874942779541016,-3.062492609024048,-0.6874942779541016,-3.062492609024048,-1.8749934434890747,1.1874991655349731,-0.78125,-3.09375,-1.9375,1.15625
mistral_7b,14,neutral_opposite::neutral::005,neutral_opposite,neutral_opposite,neutral,opposite,-0.8,preference_control,-1.046875,-2.9921875,-0.999996304512024,-2.9374929666519165,-0.999996304512024,-2.9374929666519165,-1.9687446355819704,0.9687483310699464,-1.046875,-2.9921875,-2.01953125,0.97265625
mistral_7b,14,neutral_opposite::neutral::005,neutral_opposite,neutral_opposite,neutral,opposite,-0.6,preference_control,-1.390625,-2.8984375,-1.37499737739563,-2.81249463558197,-1.37499737739563,-2.81249463558197,-2.0937460064888,0.7187486290931702,-1.390625,-2.8984375,-2.14453125,0.75390625
mistral_7b,14,neutral_opposite::neutral::005,neutral_opposite,neutral_opposite,neutral,opposite,-0.4,preference_control,-1.4296875,-2.7890625,-1.3749970197677612,-2.874994397163391,-1.3749970197677612,-2.874994397163391,-2.124995708465576,0.7499986886978149,-1.4296875,-2.7890625,-2.109375,0.6796875
mistral_7b,14,neutral_opposite::neutral::005,neutral_opposite,neutral_opposite,neutral,opposite,-0.2,preference_control,-1.1875,-2.953125,-1.3124940395355225,-2.87499475479126,-1.3124940395355225,-2.87499475479126,-2.093744397163391,0.7812503576278687,-1.1875,-2.953125,-2.0703125,0.8828125
mistral_7b,14,neutral_opposite::neutral::005,neutral_opposite,neutral_opposite,neutral,opposite,0.0,preference_control,0.0625,-3.84375,-0.3749924898147583,-3.843746542930603,-0.3749924898147583,-3.843746542930603,-2.1093695163726807,1.7343770265579224,0.0625,-3.84375,-1.890625,1.953125
mistral_7b,14,neutral_opposite::neutral::005,neutral_opposite,neutral_opposite,neutral,opposite,0.2,preference_control,4.25,-5.375,4.1562579870224,-5.343748450279236,4.1562579870224,-5.343748450279236,-0.593745231628418,4.750003218650818,4.25,-5.375,-0.5625,4.8125
mistral_7b,14,neutral_opposite::neutral::005,neutral_opposite,neutral_opposite,neutral,opposite,0.4,preference_control,7.53125,-6.875,7.562505483627319,-7.062499284744263,7.562505483627319,-7.062499284744263,0.2500030994415283,7.312502384185791,7.53125,-6.875,0.328125,7.203125
mistral_7b,14,neutral_opposite::neutral::005,neutral_opposite,neutral_opposite,neutral,opposite,0.6,preference_control,9.03125,-8.0625,9.093754887580872,-8.093749046325684,9.093754887580872,-8.093749046325684,0.500002920627594,8.593751966953278,9.03125,-8.0625,0.484375,8.546875
mistral_7b,14,neutral_opposite::neutral::005,neutral_opposite,neutral_opposite,neutral,opposite,0.8,preference_control,9.75,-8.625,9.625004768371582,-8.749999165534973,9.625004768371582,-8.749999165534973,0.4375028014183044,9.187501966953278,9.75,-8.625,0.5625,9.1875
mistral_7b,14,neutral_opposite::neutral::005,neutral_opposite,neutral_opposite,neutral,opposite,1.0,preference_control,10.203125,-9.03125,10.15625500679016,-8.999998331069946,10.15625500679016,-8.999998331069946,0.5781283378601074,9.578126668930054,10.203125,-9.03125,0.5859375,9.6171875
mistral_7b,14,neutral_opposite::neutral::006,neutral_opposite,neutral_opposite,neutral,opposite,-1.0,preference_control,1.5625,2.0625,1.5625,2.03125,1.5625,2.03125,1.796875,-0.234375,1.5625,2.0625,1.8125,-0.25
mistral_7b,14,neutral_opposite::neutral::006,neutral_opposite,neutral_opposite,neutral,opposite,-0.8,preference_control,1.828125,2.3125,1.8125,2.34375,1.8125,2.34375,2.078125,-0.265625,1.828125,2.3125,2.0703125,-0.2421875
mistral_7b,14,neutral_opposite::neutral::006,neutral_opposite,neutral_opposite,neutral,opposite,-0.6,preference_control,2.3125,2.4375,2.3125,2.4375,2.3125,2.4375,2.375,-0.0625,2.3125,2.4375,2.375,-0.0625
mistral_7b,14,neutral_opposite::neutral::006,neutral_opposite,neutral_opposite,neutral,opposite,-0.4,preference_control,2.71875,2.1875,2.6875,2.21875,2.6875,2.21875,2.453125,0.234375,2.71875,2.1875,2.453125,0.265625
mistral_7b,14,neutral_opposite::neutral::006,neutral_opposite,neutral_opposite,neutral,opposite,-0.2,preference_control,3.234375,1.1875,3.21875,1.1875,3.21875,1.1875,2.203125,1.015625,3.234375,1.1875,2.2109375,1.0234375
mistral_7b,14,neutral_opposite::neutral::006,neutral_opposite,neutral_opposite,neutral,opposite,0.0,preference_control,3.71875,-0.75,3.75,-0.75,3.75,-0.75,1.5,2.25,3.71875,-0.75,1.484375,2.234375
mistral_7b,14,neutral_opposite::neutral::006,neutral_opposite,neutral_opposite,neutral,opposite,0.2,preference_control,4.875,-3.0,4.90625,-3.015625,4.90625,-3.015625,0.9453125,3.9609375,4.875,-3.0,0.9375,3.9375
mistral_7b,14,neutral_opposite::neutral::006,neutral_opposite,neutral_opposite,neutral,opposite,0.4,preference_control,5.59375,-4.0625,5.59375,-4.09375,5.59375,-4.09375,0.75,4.84375,5.59375,-4.0625,0.765625,4.828125
mistral_7b,14,neutral_opposite::neutral::006,neutral_opposite,neutral_opposite,neutral,opposite,0.6,preference_control,5.6875,-4.125,5.6875,-4.09375,5.6875,-4.09375,0.796875,4.890625,5.6875,-4.125,0.78125,4.90625
mistral_7b,14,neutral_opposite::neutral::006,neutral_opposite,neutral_opposite,neutral,opposite,0.8,preference_control,5.4375,-3.5,5.4375,-3.5,5.4375,-3.5,0.96875,4.46875,5.4375,-3.5,0.96875,4.46875
mistral_7b,14,neutral_opposite::neutral::006,neutral_opposite,neutral_opposite,neutral,opposite,1.0,preference_control,5.09375,-2.8125,5.125,-2.8125,5.125,-2.8125,1.15625,3.96875,5.09375,-2.8125,1.140625,3.953125
mistral_7b,14,neutral_opposite::neutral::007,neutral_opposite,neutral_opposite,neutral,opposite,-1.0,preference_control,-0.0546875,1.3125,-0.0625247955322265,1.3124827146530151,-0.0625247955322265,1.3124827146530151,0.6249789595603943,-0.6875037550926208,-0.0546875,1.3125,0.62890625,-0.68359375
mistral_7b,14,neutral_opposite::neutral::007,neutral_opposite,neutral_opposite,neutral,opposite,-0.8,preference_control,-0.2109375,1.5546875,-0.187525987625122,1.5624860525131226,-0.187525987625122,1.5624860525131226,0.6874800324440002,-0.8750060200691223,-0.2109375,1.5546875,0.671875,-0.8828125
mistral_7b,14,neutral_opposite::neutral::007,neutral_opposite,neutral_opposite,neutral,opposite,-0.6,preference_control,-0.5078125,1.3359375,-0.5000292062759399,1.312484860420227,-0.5000292062759399,1.312484860420227,0.4062278270721435,-0.9062570333480836,-0.5078125,1.3359375,0.4140625,-0.921875
mistral_7b,14,neutral_opposite::neutral::007,neutral_opposite,neutral_opposite,neutral,opposite,-0.4,preference_control,-0.87109375,0.640625,-0.8750317096710205,0.6874834299087524,-0.8750317096710205,0.6874834299087524,-0.093774139881134,-0.7812575697898865,-0.87109375,0.640625,-0.115234375,-0.755859375
mistral_7b,14,neutral_opposite::neutral::007,neutral_opposite,neutral_opposite,neutral,opposite,-0.2,preference_control,-1.171875,-0.96875,-1.1875231266021729,-1.000015139579773,-1.1875231266021729,-1.000015139579773,-1.093769133090973,-0.0937539935111999,-1.171875,-0.96875,-1.0703125,-0.1015625
mistral_7b,14,neutral_opposite::neutral::007,neutral_opposite,neutral_opposite,neutral,opposite,0.0,preference_control,-1.265625,-3.078125,-1.2500121593475342,-3.0937615633010864,-1.2500121593475342,-3.0937615633010864,-2.1718868613243103,0.921874701976776,-1.265625,-3.078125,-2.171875,0.90625
mistral_7b,14,neutral_opposite::neutral::007,neutral_opposite,neutral_opposite,neutral,opposite,0.2,preference_control,2.90625,-9.046875,2.9062442779541016,-9.031262040138245,2.9062442779541016,-9.031262040138245,-3.0625088810920715,5.968753159046173,2.90625,-9.046875,-3.0703125,5.9765625
mistral_7b,14,neutral_opposite::neutral::007,neutral_opposite,neutral_opposite,neutral,opposite,0.4,preference_control,7.34375,-12.59375,7.359371066093445,-12.625012159347534,7.359371066093445,-12.625012159347534,-2.6328205466270447,9.99219161272049,7.34375,-12.59375,-2.625,9.96875
mistral_7b,14,neutral_opposite::neutral::007,neutral_opposite,neutral_opposite,neutral,opposite,0.6,preference_control,9.8125,-13.2578125,9.812496781349182,-13.281262397766112,9.812496781349182,-13.281262397766112,-1.7343828082084656,11.546879589557648,9.8125,-13.2578125,-1.72265625,11.53515625
mistral_7b,14,neutral_opposite::neutral::007,neutral_opposite,neutral_opposite,neutral,opposite,0.8,preference_control,11.046875,-12.75,11.09374701976776,-12.718763709068298,11.09374701976776,-12.718763709068298,-0.8125083446502686,11.90625536441803,11.046875,-12.75,-0.8515625,11.8984375
mistral_7b,14,neutral_opposite::neutral::007,neutral_opposite,neutral_opposite,neutral,opposite,1.0,preference_control,11.71875,-11.65625,11.749996781349182,-11.656262755393982,11.749996781349182,-11.656262755393982,0.0468670129776001,11.703129768371582,11.71875,-11.65625,0.03125,11.6875
mistral_7b,14,neutral_opposite::neutral::008,neutral_opposite,neutral_opposite,neutral,opposite,-1.0,preference_control,-1.625,-2.4375,-1.6250089406967163,-2.4374797344207764,-1.6250089406967163,-2.4374797344207764,-2.0312443375587463,0.40623539686203,-1.625,-2.4375,-2.03125,0.40625
mistral_7b,14,neutral_opposite::neutral::008,neutral_opposite,neutral_opposite,neutral,opposite,-0.8,preference_control,-1.875,-3.1484375,-1.875005125999451,-3.125002264976501,-1.875005125999451,-3.125002264976501,-2.500003695487976,0.6249985694885254,-1.875,-3.1484375,-2.51171875,0.63671875
mistral_7b,14,neutral_opposite::neutral::008,neutral_opposite,neutral_opposite,neutral,opposite,-0.6,preference_control,-1.8828125,-4.0625,-1.8749960660934448,-4.062502861022949,-1.8749960660934448,-4.062502861022949,-2.968749463558197,1.0937533974647522,-1.8828125,-4.0625,-2.97265625,1.08984375
mistral_7b,14,neutral_opposite::neutral::008,neutral_opposite,neutral_opposite,neutral,opposite,-0.4,preference_control,-1.921875,-4.640625,-1.937479853630066,-4.656246304512024,-1.937479853630066,-4.656246304512024,-3.296863079071045,1.359383225440979,-1.921875,-4.640625,-3.28125,1.359375
mistral_7b,14,neutral_opposite::neutral::008,neutral_opposite,neutral_opposite,neutral,opposite,-0.2,preference_control,-2.0703125,-5.09375,-2.0624494552612305,-5.093727946281433,-2.0624494552612305,-5.093727946281433,-3.578088700771332,1.515639245510101,-2.0703125,-5.09375,-3.58203125,1.51171875
mistral_7b,14,neutral_opposite::neutral::008,neutral_opposite,neutral_opposite,neutral,opposite,0.0,preference_control,-2.84375,-6.375,-2.8437036275863647,-6.374924898147583,-2.8437036275863647,-6.374924898147583,-4.609314262866974,1.7656106352806091,-2.84375,-6.375,-4.609375,1.765625
mistral_7b,14,neutral_opposite::neutral::008,neutral_opposite,neutral_opposite,neutral,opposite,0.2,preference_control,0.125,-6.4375,0.1250172853469848,-6.437459826469421,0.1250172853469848,-6.437459826469421,-3.1562212705612183,3.281238555908203,0.125,-6.4375,-3.15625,3.28125
mistral_7b,14,neutral_opposite::neutral::008,neutral_opposite,neutral_opposite,neutral,opposite,0.4,preference_control,1.3125,-5.375,1.3125059604644775,-5.406241059303284,1.3125059604644775,-5.406241059303284,-2.046867549419403,3.3593735098838806,1.3125,-5.375,-2.03125,3.34375
mistral_7b,14,neutral_opposite::neutral::008,neutral_opposite,neutral_opposite,neutral,opposite,0.6,preference_control,2.3125,-4.4375,2.3125030994415283,-4.421870350837708,2.3125030994415283,-4.421870350837708,-1.0546836256980896,3.367186725139618,2.3125,-4.4375,-1.0625,3.375
mistral_7b,14,neutral_opposite::neutral::008,neutral_opposite,neutral_opposite,neutral,opposite,0.8,preference_control,2.75,-3.5,2.7500017881393437,-3.484372615814209,2.7500017881393437,-3.484372615814209,-0.3671854138374328,3.117187201976776,2.75,-3.5,-0.375,3.125
mistral_7b,14,neutral_opposite::neutral::008,neutral_opposite,neutral_opposite,neutral,opposite,1.0,preference_control,3.0625,-3.0625,3.046876072883606,-3.046871900558472,3.046876072883606,-3.046871900558472,2.086162567138672e-06,3.046873986721039,3.0625,-3.0625,0.0,3.0625
mistral_7b,14,neutral_opposite::neutral::009,neutral_opposite,neutral_opposite,neutral,opposite,-1.0,preference_control,1.25,-0.8125,1.25,-0.8125,1.25,-0.8125,0.21875,1.03125,1.25,-0.8125,0.21875,1.03125
mistral_7b,14,neutral_opposite::neutral::009,neutral_opposite,neutral_opposite,neutral,opposite,-0.8,preference_control,1.40625,-0.71875,1.4375,-0.75,1.4375,-0.75,0.34375,1.09375,1.40625,-0.71875,0.34375,1.0625
mistral_7b,14,neutral_opposite::neutral::009,neutral_opposite,neutral_opposite,neutral,opposite,-0.6,preference_control,1.5625,-0.796875,1.5625,-0.8125,1.5625,-0.8125,0.375,1.1875,1.5625,-0.796875,0.3828125,1.1796875
mistral_7b,14,neutral_opposite::neutral::009,neutral_opposite,neutral_opposite,neutral,opposite,-0.4,preference_control,1.3125,-1.265625,1.3125,-1.25,1.3125,-1.25,0.03125,1.28125,1.3125,-1.265625,0.0234375,1.2890625
mistral_7b,14,neutral_opposite::neutral::009,neutral_opposite,neutral_opposite,neutral,opposite,-0.2,preference_control,1.53125,-2.09375,1.5625,-2.125,1.5625,-2.125,-0.28125,1.84375,1.53125,-2.09375,-0.28125,1.8125
mistral_7b,14,neutral_opposite::neutral::009,neutral_opposite,neutral_opposite,neutral,opposite,0.0,preference_control,2.46875,-2.75,2.5,-2.75,2.5,-2.75,-0.125,2.625,2.46875,-2.75,-0.140625,2.609375
mistral_7b,14,neutral_opposite::neutral::009,neutral_opposite,neutral_opposite,neutral,opposite,0.2,preference_control,3.875,-3.375,3.875,-3.375,3.875,-3.375,0.25,3.625,3.875,-3.375,0.25,3.625
mistral_7b,14,neutral_opposite::neutral::009,neutral_opposite,neutral_opposite,neutral,opposite,0.4,preference_control,4.90625,-3.5,4.90625,-3.5,4.90625,-3.5,0.703125,4.203125,4.90625,-3.5,0.703125,4.203125
mistral_7b,14,neutral_opposite::neutral::009,neutral_opposite,neutral_opposite,neutral,opposite,0.6,preference_control,5.375,-3.0625,5.390625,-3.046875,5.390625,-3.046875,1.171875,4.21875,5.375,-3.0625,1.15625,4.21875
mistral_7b,14,neutral_opposite::neutral::009,neutral_opposite,neutral_opposite,neutral,opposite,0.8,preference_control,5.8125,-2.3125,5.828125,-2.3125,5.828125,-2.3125,1.7578125,4.0703125,5.8125,-2.3125,1.75,4.0625
mistral_7b,14,neutral_opposite::neutral::009,neutral_opposite,neutral_opposite,neutral,opposite,1.0,preference_control,6.03125,-1.5,6.046875,-1.515625,6.046875,-1.515625,2.265625,3.78125,6.03125,-1.5,2.265625,3.765625
mistral_7b,14,neutral_opposite::neutral::010,neutral_opposite,neutral_opposite,neutral,opposite,-1.0,preference_control,2.1875,1.515625,2.1875,1.5,2.1875,1.5,1.84375,0.34375,2.1875,1.515625,1.8515625,0.3359375
mistral_7b,14,neutral_opposite::neutral::010,neutral_opposite,neutral_opposite,neutral,opposite,-0.8,preference_control,2.453125,1.3125,2.4375,1.3125,2.4375,1.3125,1.875,0.5625,2.453125,1.3125,1.8828125,0.5703125
mistral_7b,14,neutral_opposite::neutral::010,neutral_opposite,neutral_opposite,neutral,opposite,-0.6,preference_control,2.578125,0.65625,2.59375,0.6875,2.59375,0.6875,1.640625,0.953125,2.578125,0.65625,1.6171875,0.9609375
mistral_7b,14,neutral_opposite::neutral::010,neutral_opposite,neutral_opposite,neutral,opposite,-0.4,preference_control,2.53125,-0.625,2.5,-0.625,2.5,-0.625,0.9375,1.5625,2.53125,-0.625,0.953125,1.578125
mistral_7b,14,neutral_opposite::neutral::010,neutral_opposite,neutral_opposite,neutral,opposite,-0.2,preference_control,2.375,-3.21875,2.34375,-3.21875,2.34375,-3.21875,-0.4375,2.78125,2.375,-3.21875,-0.421875,2.796875
mistral_7b,14,neutral_opposite::neutral::010,neutral_opposite,neutral_opposite,neutral,opposite,0.0,preference_control,2.125,-6.453125,2.09375,-6.46875,2.09375,-6.46875,-2.1875,4.28125,2.125,-6.453125,-2.1640625,4.2890625
mistral_7b,14,neutral_opposite::neutral::010,neutral_opposite,neutral_opposite,neutral,opposite,0.2,preference_control,1.75,-9.0546875,1.75,-9.0625,1.75,-9.0625,-3.65625,5.40625,1.75,-9.0546875,-3.65234375,5.40234375
mistral_7b,14,neutral_opposite::neutral::010,neutral_opposite,neutral_opposite,neutral,opposite,0.4,preference_control,1.75,-10.203125,1.75,-10.1953125,1.75,-10.1953125,-4.22265625,5.97265625,1.75,-10.203125,-4.2265625,5.9765625
mistral_7b,14,neutral_opposite::neutral::010,neutral_opposite,neutral_opposite,neutral,opposite,0.6,preference_control,2.15625,-9.921875,2.15625,-9.8984375,2.15625,-9.8984375,-3.87109375,6.02734375,2.15625,-9.921875,-3.8828125,6.0390625
mistral_7b,14,neutral_opposite::neutral::010,neutral_opposite,neutral_opposite,neutral,opposite,0.8,preference_control,2.75,-8.65625,2.78125,-8.6484375,2.78125,-8.6484375,-2.93359375,5.71484375,2.75,-8.65625,-2.953125,5.703125
mistral_7b,14,neutral_opposite::neutral::010,neutral_opposite,neutral_opposite,neutral,opposite,1.0,preference_control,3.21875,-7.0625,3.21875,-7.0390625,3.21875,-7.0390625,-1.91015625,5.12890625,3.21875,-7.0625,-1.921875,5.140625
mistral_7b,14,neutral_opposite::neutral::011,neutral_opposite,neutral_opposite,neutral,opposite,-1.0,preference_control,-0.875,0.546875,-0.875,0.5625,-0.875,0.5625,-0.15625,-0.71875,-0.875,0.546875,-0.1640625,-0.7109375
mistral_7b,14,neutral_opposite::neutral::011,neutral_opposite,neutral_opposite,neutral,opposite,-0.8,preference_control,-0.1875,0.5390625,-0.1875,0.5625,-0.1875,0.5625,0.1875,-0.375,-0.1875,0.5390625,0.17578125,-0.36328125
mistral_7b,14,neutral_opposite::neutral::011,neutral_opposite,neutral_opposite,neutral,opposite,-0.6,preference_control,1.0,0.4921875,1.0,0.5,1.0,0.5,0.75,0.25,1.0,0.4921875,0.74609375,0.25390625
mistral_7b,14,neutral_opposite::neutral::011,neutral_opposite,neutral_opposite,neutral,opposite,-0.4,preference_control,1.703125,0.51953125,1.75,0.5,1.75,0.5,1.125,0.625,1.703125,0.51953125,1.111328125,0.591796875
mistral_7b,14,neutral_opposite::neutral::011,neutral_opposite,neutral_opposite,neutral,opposite,-0.2,preference_control,1.78125,0.78515625,1.75,0.8125,1.75,0.8125,1.28125,0.46875,1.78125,0.78515625,1.283203125,0.498046875
mistral_7b,14,neutral_opposite::neutral::011,neutral_opposite,neutral_opposite,neutral,opposite,0.0,preference_control,2.3125,1.1328125,2.34375,1.125,2.34375,1.125,1.734375,0.609375,2.3125,1.1328125,1.72265625,0.58984375
mistral_7b,14,neutral_opposite::neutral::011,neutral_opposite,neutral_opposite,neutral,opposite,0.2,preference_control,3.125,-0.53125,3.125,-0.5,3.125,-0.5,1.3125,1.8125,3.125,-0.53125,1.296875,1.828125
mistral_7b,14,neutral_opposite::neutral::011,neutral_opposite,neutral_opposite,neutral,opposite,0.4,preference_control,4.0,-3.40625,3.984375,-3.40625,3.984375,-3.40625,0.2890625,3.6953125,4.0,-3.40625,0.296875,3.703125
mistral_7b,14,neutral_opposite::neutral::011,neutral_opposite,neutral_opposite,neutral,opposite,0.6,preference_control,3.75,-5.53125,3.734375,-5.53125,3.734375,-5.53125,-0.8984375,4.6328125,3.75,-5.53125,-0.890625,4.640625
mistral_7b,14,neutral_opposite::neutral::011,neutral_opposite,neutral_opposite,neutral,opposite,0.8,preference_control,2.4375,-7.09375,2.421875,-7.078125,2.421875,-7.078125,-2.328125,4.75,2.4375,-7.09375,-2.328125,4.765625
mistral_7b,14,neutral_opposite::neutral::011,neutral_opposite,neutral_opposite,neutral,opposite,1.0,preference_control,0.0625,-8.21875,0.0625,-8.21875,0.0625,-8.21875,-4.078125,4.140625,0.0625,-8.21875,-4.078125,4.140625
mistral_7b,14,neutral_opposite::neutral::012,neutral_opposite,neutral_opposite,neutral,opposite,-1.0,preference_control,1.0,1.78125,1.0,1.78125,1.0,1.78125,1.390625,-0.390625,1.0,1.78125,1.390625,-0.390625
mistral_7b,14,neutral_opposite::neutral::012,neutral_opposite,neutral_opposite,neutral,opposite,-0.8,preference_control,0.78125,1.40625,0.78125,1.40625,0.78125,1.40625,1.09375,-0.3125,0.78125,1.40625,1.09375,-0.3125
mistral_7b,14,neutral_opposite::neutral::012,neutral_opposite,neutral_opposite,neutral,opposite,-0.6,preference_control,0.53125,0.75,0.53125,0.75,0.53125,0.75,0.640625,-0.109375,0.53125,0.75,0.640625,-0.109375
mistral_7b,14,neutral_opposite::neutral::012,neutral_opposite,neutral_opposite,neutral,opposite,-0.4,preference_control,0.125,-0.0625,0.125,-0.0625,0.125,-0.0625,0.03125,0.09375,0.125,-0.0625,0.03125,0.09375
mistral_7b,14,neutral_opposite::neutral::012,neutral_opposite,neutral_opposite,neutral,opposite,-0.2,preference_control,0.0625,-0.8125,0.0625,-0.8125,0.0625,-0.8125,-0.375,0.4375,0.0625,-0.8125,-0.375,0.4375
mistral_7b,14,neutral_opposite::neutral::012,neutral_opposite,neutral_opposite,neutral,opposite,0.0,preference_control,0.3125,-1.4375,0.3125,-1.4375,0.3125,-1.4375,-0.5625,0.875,0.3125,-1.4375,-0.5625,0.875
mistral_7b,14,neutral_opposite::neutral::012,neutral_opposite,neutral_opposite,neutral,opposite,0.2,preference_control,0.5625,-2.25,0.5625,-2.25,0.5625,-2.25,-0.84375,1.40625,0.5625,-2.25,-0.84375,1.40625
mistral_7b,14,neutral_opposite::neutral::012,neutral_opposite,neutral_opposite,neutral,opposite,0.4,preference_control,0.5625,-2.875,0.5625,-2.875,0.5625,-2.875,-1.15625,1.71875,0.5625,-2.875,-1.15625,1.71875
mistral_7b,14,neutral_opposite::neutral::012,neutral_opposite,neutral_opposite,neutral,opposite,0.6,preference_control,0.5625,-3.1875,0.5625,-3.1875,0.5625,-3.1875,-1.3125,1.875,0.5625,-3.1875,-1.3125,1.875
mistral_7b,14,neutral_opposite::neutral::012,neutral_opposite,neutral_opposite,neutral,opposite,0.8,preference_control,0.375,-3.1875,0.375,-3.1875,0.375,-3.1875,-1.40625,1.78125,0.375,-3.1875,-1.40625,1.78125
mistral_7b,14,neutral_opposite::neutral::012,neutral_opposite,neutral_opposite,neutral,opposite,1.0,preference_control,0.1875,-3.125,0.1875,-3.125,0.1875,-3.125,-1.46875,1.65625,0.1875,-3.125,-1.46875,1.65625
mistral_7b,14,neutral_opposite::neutral::013,neutral_opposite,neutral_opposite,neutral,opposite,-1.0,preference_control,-4.171875,-4.28125,-4.156255483627319,-4.281252145767212,-4.156255483627319,-4.281252145767212,-4.218753814697266,0.0624983310699462,-4.171875,-4.28125,-4.2265625,0.0546875
mistral_7b,14,neutral_opposite::neutral::013,neutral_opposite,neutral_opposite,neutral,opposite,-0.8,preference_control,-4.328125,-4.84375,-4.343756079673767,-4.84375274181366,-4.343756079673767,-4.84375274181366,-4.593754410743713,0.2499983310699463,-4.328125,-4.84375,-4.5859375,0.2578125
mistral_7b,14,neutral_opposite::neutral::013,neutral_opposite,neutral_opposite,neutral,opposite,-0.6,preference_control,-3.875,-5.515625,-3.875009536743164,-5.515631794929504,-3.875009536743164,-5.515631794929504,-4.695320665836334,0.8203111290931702,-3.875,-5.515625,-4.6953125,0.8203125
mistral_7b,14,neutral_opposite::neutral::013,neutral_opposite,neutral_opposite,neutral,opposite,-0.4,preference_control,-2.953125,-6.015625,-2.937508106231689,-6.000020265579224,-2.937508106231689,-6.000020265579224,-4.4687641859054565,1.531256079673767,-2.953125,-6.015625,-4.484375,1.53125
mistral_7b,14,neutral_opposite::neutral::013,neutral_opposite,neutral_opposite,neutral,opposite,-0.2,preference_control,-2.234375,-6.4765625,-2.250002861022949,-6.500044465065002,-2.250002861022949,-6.500044465065002,-4.375023663043976,2.1250208020210266,-2.234375,-6.4765625,-4.35546875,2.12109375
mistral_7b,14,neutral_opposite::neutral::013,neutral_opposite,neutral_opposite,neutral,opposite,0.0,preference_control,-2.2734375,-7.765625,-2.312498927116394,-7.781269192695618,-2.312498927116394,-7.781269192695618,-5.046884059906006,2.734385132789612,-2.2734375,-7.765625,-5.01953125,2.74609375
mistral_7b,14,neutral_opposite::neutral::013,neutral_opposite,neutral_opposite,neutral,opposite,0.2,preference_control,-3.53125,-9.734375,-3.562497019767761,-9.718755602836609,-3.562497019767761,-9.718755602836609,-6.640626311302185,3.078129291534424,-3.53125,-9.734375,-6.6328125,3.1015625
mistral_7b,14,neutral_opposite::neutral::013,neutral_opposite,neutral_opposite,neutral,opposite,0.4,preference_control,-3.40625,-11.1875,-3.406247138977051,-11.187502384185793,-3.406247138977051,-11.187502384185793,-7.296874761581421,3.89062762260437,-3.40625,-11.1875,-7.296875,3.890625
mistral_7b,14,neutral_opposite::neutral::013,neutral_opposite,neutral_opposite,neutral,opposite,0.6,preference_control,-1.3125,-11.875,-1.312497854232788,-11.812500953674316,-1.312497854232788,-11.812500953674316,-6.562499403953552,5.250001549720764,-1.3125,-11.875,-6.59375,5.28125
mistral_7b,14,neutral_opposite::neutral::013,neutral_opposite,neutral_opposite,neutral,opposite,0.8,preference_control,0.5,-11.625,0.5000015497207642,-11.656250834465029,0.5000015497207642,-11.656250834465029,-5.578124642372131,6.078126192092896,0.5,-11.625,-5.5625,6.0625
mistral_7b,14,neutral_opposite::neutral::013,neutral_opposite,neutral_opposite,neutral,opposite,1.0,preference_control,1.75,-11.0,1.718751311302185,-11.015625834465029,1.718751311302185,-11.015625834465029,-4.648437261581421,6.367188572883606,1.75,-11.0,-4.625,6.375
mistral_7b,14,neutral_opposite::neutral::014,neutral_opposite,neutral_opposite,neutral,opposite,-1.0,preference_control,-4.875,1.46875,-4.781806945800781,1.4375004768371582,-4.781806945800781,1.4375004768371582,-1.6721532344818115,-3.1096537113189697,-4.875,1.46875,-1.703125,-3.171875
mistral_7b,14,neutral_opposite::neutral::014,neutral_opposite,neutral_opposite,neutral,opposite,-0.8,preference_control,-4.34375,1.34375,-4.312881350517273,1.3750007152557373,-4.312881350517273,1.3750007152557373,-1.4689403176307678,-2.843941032886505,-4.34375,1.34375,-1.5,-2.84375
mistral_7b,14,neutral_opposite::neutral::014,neutral_opposite,neutral_opposite,neutral,opposite,-0.6,preference_control,-3.90625,1.09375,-3.812731862068176,1.1250009536743164,-3.812731862068176,1.1250009536743164,-1.34386545419693,-2.4688664078712463,-3.90625,1.09375,-1.40625,-2.5
mistral_7b,14,neutral_opposite::neutral::014,neutral_opposite,neutral_opposite,neutral,opposite,-0.4,preference_control,-3.5,0.28125,-3.3750582933425903,0.1250008344650268,-3.3750582933425903,0.1250008344650268,-1.6250287294387815,-1.7500295639038086,-3.5,0.28125,-1.609375,-1.890625
mistral_7b,14,neutral_opposite::neutral::014,neutral_opposite,neutral_opposite,neutral,opposite,-0.2,preference_control,-2.34375,-1.375,-2.343753457069397,-1.4374998807907104,-2.343753457069397,-1.4374998807907104,-1.8906266689300537,-0.4531267881393432,-2.34375,-1.375,-1.859375,-0.484375
mistral_7b,14,neutral_opposite::neutral::014,neutral_opposite,neutral_opposite,neutral,opposite,0.0,preference_control,-0.8125,-1.8125,-0.6562498807907104,-1.937499761581421,-0.6562498807907104,-1.937499761581421,-1.2968748211860657,0.6406249403953552,-0.8125,-1.8125,-1.3125,0.5
mistral_7b,14,neutral_opposite::neutral::014,neutral_opposite,neutral_opposite,neutral,opposite,0.2,preference_control,0.1875,-0.71875,0.2500003576278686,-0.8749998807907104,0.2500003576278686,-0.8749998807907104,-0.3124997615814209,0.5625001192092896,0.1875,-0.71875,-0.265625,0.453125
mistral_7b,14,neutral_opposite::neutral::014,neutral_opposite,neutral_opposite,neutral,opposite,0.4,preference_control,0.90625,1.0625,0.9375004768371582,1.000000238418579,0.9375004768371582,1.000000238418579,0.9687503576278688,-0.0312498807907104,0.90625,1.0625,0.984375,-0.078125
mistral_7b,14,neutral_opposite::neutral::014,neutral_opposite,neutral_opposite,neutral,opposite,0.6,preference_control,1.6875,2.625,1.5625004768371582,2.437500238418579,1.5625004768371582,2.437500238418579,2.0000003576278687,-0.4374998807907104,1.6875,2.625,2.15625,-0.46875
mistral_7b,14,neutral_opposite::neutral::014,neutral_opposite,neutral_opposite,neutral,opposite,0.8,preference_control,2.59375,3.65625,2.500000476837158,3.625000238418579,2.500000476837158,3.625000238418579,3.0625003576278687,-0.5624998807907104,2.59375,3.65625,3.125,-0.53125
mistral_7b,14,neutral_opposite::neutral::014,neutral_opposite,neutral_opposite,neutral,opposite,1.0,preference_control,3.65625,3.96875,3.687500476837158,4.187500238418579,3.687500476837158,4.187500238418579,3.9375003576278687,-0.2499998807907104,3.65625,3.96875,3.8125,-0.15625
mistral_7b,14,neutral_opposite::neutral::015,neutral_opposite,neutral_opposite,neutral,opposite,-1.0,preference_control,3.80810546875,1.58984375,3.812500596046448,1.5624998807907104,3.812500596046448,1.5624998807907104,2.687500238418579,1.1250003576278689,3.80810546875,1.58984375,2.698974609375,1.109130859375
mistral_7b,14,neutral_opposite::neutral::015,neutral_opposite,neutral_opposite,neutral,opposite,-0.8,preference_control,4.048828125,1.80078125,4.062500476837158,1.8124998807907104,4.062500476837158,1.8124998807907104,2.9375001788139343,1.125000298023224,4.048828125,1.80078125,2.9248046875,1.1240234375
mistral_7b,14,neutral_opposite::neutral::015,neutral_opposite,neutral_opposite,neutral,opposite,-0.6,preference_control,3.92578125,1.73828125,3.937500476837158,1.749999761581421,3.937500476837158,1.749999761581421,2.8437501192092896,1.0937503576278689,3.92578125,1.73828125,2.83203125,1.09375
mistral_7b,14,neutral_opposite::neutral::015,neutral_opposite,neutral_opposite,neutral,opposite,-0.4,preference_control,3.3046875,1.375,3.3125003576278687,1.3749995231628418,3.3125003576278687,1.3749995231628418,2.3437499403953552,0.9687504172325134,3.3046875,1.375,2.33984375,0.96484375
mistral_7b,14,neutral_opposite::neutral::015,neutral_opposite,neutral_opposite,neutral,opposite,-0.2,preference_control,3.453125,0.578125,3.437500476837158,0.5624994039535522,3.437500476837158,0.5624994039535522,1.9999999403953552,1.437500536441803,3.453125,0.578125,2.015625,1.4375
mistral_7b,14,neutral_opposite::neutral::015,neutral_opposite,neutral_opposite,neutral,opposite,0.0,preference_control,6.53125,-1.28125,6.531250238418579,-1.2812504768371582,6.531250238418579,-1.2812504768371582,2.6249998807907104,3.9062503576278687,6.53125,-1.28125,2.625,3.90625
mistral_7b,14,neutral_opposite::neutral::015,neutral_opposite,neutral_opposite,neutral,opposite,0.2,preference_control,6.09375,-4.5,6.1250001192092896,-4.468750357627869,6.1250001192092896,-4.468750357627869,0.8281248807907104,5.296875238418579,6.09375,-4.5,0.796875,5.296875
mistral_7b,14,neutral_opposite::neutral::015,neutral_opposite,neutral_opposite,neutral,opposite,0.4,preference_control,6.5,-5.5625,6.4687501192092896,-5.593750238418579,6.4687501192092896,-5.593750238418579,0.4374999403953552,6.031250178813934,6.5,-5.5625,0.46875,6.03125
mistral_7b,14,neutral_opposite::neutral::015,neutral_opposite,neutral_opposite,neutral,opposite,0.6,preference_control,7.5625,-5.25,7.531250238418579,-5.218750238418579,7.531250238418579,-5.218750238418579,1.15625,6.375000238418579,7.5625,-5.25,1.15625,6.40625
mistral_7b,14,neutral_opposite::neutral::015,neutral_opposite,neutral_opposite,neutral,opposite,0.8,preference_control,8.28125,-4.125,8.281250238418579,-4.125000238418579,8.281250238418579,-4.125000238418579,2.078125,6.203125238418579,8.28125,-4.125,2.078125,6.203125
mistral_7b,14,neutral_opposite::neutral::015,neutral_opposite,neutral_opposite,neutral,opposite,1.0,preference_control,8.75,-2.875,8.78125011920929,-2.875,8.78125011920929,-2.875,2.9531250596046448,5.828125059604645,8.75,-2.875,2.9375,5.8125
mistral_7b,14,neutral_opposite::neutral::016,neutral_opposite,neutral_opposite,neutral,opposite,-1.0,preference_control,3.421875,-0.40625,3.437498450279236,-0.4062502384185791,3.437498450279236,-0.4062502384185791,1.5156241059303284,1.9218743443489077,3.421875,-0.40625,1.5078125,1.9140625
mistral_7b,14,neutral_opposite::neutral::016,neutral_opposite,neutral_opposite,neutral,opposite,-0.8,preference_control,3.40625,-0.78125,3.4374983310699463,-0.7812498807907104,3.4374983310699463,-0.7812498807907104,1.328124225139618,2.1093741059303284,3.40625,-0.78125,1.3125,2.09375
mistral_7b,14,neutral_opposite::neutral::016,neutral_opposite,neutral_opposite,neutral,opposite,-0.6,preference_control,3.5625,-1.125,3.562498092651367,-1.124999761581421,3.562498092651367,-1.124999761581421,1.2187491655349731,2.343748927116394,3.5625,-1.125,1.21875,2.34375
mistral_7b,14,neutral_opposite::neutral::016,neutral_opposite,neutral_opposite,neutral,opposite,-0.4,preference_control,3.84375,-1.5,3.8749982118606567,-1.53125,3.8749982118606567,-1.53125,1.1718741059303284,2.7031241059303284,3.84375,-1.5,1.171875,2.671875
mistral_7b,14,neutral_opposite::neutral::016,neutral_opposite,neutral_opposite,neutral,opposite,-0.2,preference_control,3.96875,-2.40625,3.968748688697815,-2.4062498807907104,3.968748688697815,-2.4062498807907104,0.7812494039535522,3.1874992847442627,3.96875,-2.40625,0.78125,3.1875
mistral_7b,14,neutral_opposite::neutral::016,neutral_opposite,neutral_opposite,neutral,opposite,0.0,preference_control,4.8125,-4.4375,4.781249165534973,-4.40625,4.781249165534973,-4.40625,0.1874995827674865,4.593749582767487,4.8125,-4.4375,0.1875,4.625
mistral_7b,14,neutral_opposite::neutral::016,neutral_opposite,neutral_opposite,neutral,opposite,0.2,preference_control,4.75,-6.71875,4.749999523162842,-6.7031251192092896,4.749999523162842,-6.7031251192092896,-0.976562798023224,5.726562321186066,4.75,-6.71875,-0.984375,5.734375
mistral_7b,14,neutral_opposite::neutral::016,neutral_opposite,neutral_opposite,neutral,opposite,0.4,preference_control,4.03125,-9.53125,4.03125,-9.53125023841858,4.03125,-9.53125023841858,-2.7500001192092896,6.7812501192092896,4.03125,-9.53125,-2.75,6.78125
mistral_7b,14,neutral_opposite::neutral::016,neutral_opposite,neutral_opposite,neutral,opposite,0.6,preference_control,5.125,-10.75,5.09375,-10.78125011920929,5.09375,-10.78125011920929,-2.8437500596046448,7.937500059604645,5.125,-10.75,-2.8125,7.9375
mistral_7b,14,neutral_opposite::neutral::016,neutral_opposite,neutral_opposite,neutral,opposite,0.8,preference_control,7.09375,-10.5625,7.062499761581421,-10.53125023841858,7.062499761581421,-10.53125023841858,-1.734375238418579,8.796875,7.09375,-10.5625,-1.734375,8.828125
mistral_7b,14,neutral_opposite::neutral::016,neutral_opposite,neutral_opposite,neutral,opposite,1.0,preference_control,8.59375,-9.75,8.56250011920929,-9.71875011920929,8.56250011920929,-9.71875011920929,-0.578125,9.14062511920929,8.59375,-9.75,-0.578125,9.171875
mistral_7b,14,neutral_opposite::neutral::017,neutral_opposite,neutral_opposite,neutral,opposite,-1.0,preference_control,0.875,0.84375,0.875,0.8125,0.875,0.8125,0.84375,0.03125,0.875,0.84375,0.859375,0.015625
mistral_7b,14,neutral_opposite::neutral::017,neutral_opposite,neutral_opposite,neutral,opposite,-0.8,preference_control,0.5625,0.53125,0.5625,0.5625,0.5625,0.5625,0.5625,0.0,0.5625,0.53125,0.546875,0.015625
mistral_7b,14,neutral_opposite::neutral::017,neutral_opposite,neutral_opposite,neutral,opposite,-0.6,preference_control,0.21875,0.125,0.25,0.125,0.25,0.125,0.1875,0.0625,0.21875,0.125,0.171875,0.046875
mistral_7b,14,neutral_opposite::neutral::017,neutral_opposite,neutral_opposite,neutral,opposite,-0.4,preference_control,0.1875,-0.25,0.1875,-0.25,0.1875,-0.25,-0.03125,0.21875,0.1875,-0.25,-0.03125,0.21875
mistral_7b,14,neutral_opposite::neutral::017,neutral_opposite,neutral_opposite,neutral,opposite,-0.2,preference_control,0.71875,-0.9375,0.71875,-0.9375,0.71875,-0.9375,-0.109375,0.828125,0.71875,-0.9375,-0.109375,0.828125
mistral_7b,14,neutral_opposite::neutral::017,neutral_opposite,neutral_opposite,neutral,opposite,0.0,preference_control,3.59375,-2.78125,3.59375,-2.765625,3.59375,-2.765625,0.4140625,3.1796875,3.59375,-2.78125,0.40625,3.1875
mistral_7b,14,neutral_opposite::neutral::017,neutral_opposite,neutral_opposite,neutral,opposite,0.2,preference_control,7.1875,-5.46875,7.21875,-5.4375,7.21875,-5.4375,0.890625,6.328125,7.1875,-5.46875,0.859375,6.328125
mistral_7b,14,neutral_opposite::neutral::017,neutral_opposite,neutral_opposite,neutral,opposite,0.4,preference_control,9.25,-7.65625,9.25,-7.65625,9.25,-7.65625,0.796875,8.453125,9.25,-7.65625,0.796875,8.453125
mistral_7b,14,neutral_opposite::neutral::017,neutral_opposite,neutral_opposite,neutral,opposite,0.6,preference_control,10.8125,-8.9375,10.84375,-8.9375,10.84375,-8.9375,0.953125,9.890625,10.8125,-8.9375,0.9375,9.875
mistral_7b,14,neutral_opposite::neutral::017,neutral_opposite,neutral_opposite,neutral,opposite,0.8,preference_control,11.6875,-9.375,11.71875,-9.40625,11.71875,-9.40625,1.15625,10.5625,11.6875,-9.375,1.15625,10.53125
mistral_7b,14,neutral_opposite::neutral::017,neutral_opposite,neutral_opposite,neutral,opposite,1.0,preference_control,11.84375,-9.03125,11.828125,-9.03125,11.828125,-9.03125,1.3984375,10.4296875,11.84375,-9.03125,1.40625,10.4375
mistral_7b,14,neutral_opposite::neutral::018,neutral_opposite,neutral_opposite,neutral,opposite,-1.0,preference_control,-0.71875,0.125,-0.71875,0.125,-0.71875,0.125,-0.296875,-0.421875,-0.71875,0.125,-0.296875,-0.421875
mistral_7b,14,neutral_opposite::neutral::018,neutral_opposite,neutral_opposite,neutral,opposite,-0.8,preference_control,-0.59375,0.28125,-0.59375,0.25,-0.59375,0.25,-0.171875,-0.421875,-0.59375,0.28125,-0.15625,-0.4375
mistral_7b,14,neutral_opposite::neutral::018,neutral_opposite,neutral_opposite,neutral,opposite,-0.6,preference_control,-0.4375,0.375,-0.4375,0.375,-0.4375,0.375,-0.03125,-0.40625,-0.4375,0.375,-0.03125,-0.40625
mistral_7b,14,neutral_opposite::neutral::018,neutral_opposite,neutral_opposite,neutral,opposite,-0.4,preference_control,-0.4375,0.09375,-0.4375,0.0625,-0.4375,0.0625,-0.1875,-0.25,-0.4375,0.09375,-0.171875,-0.265625
mistral_7b,14,neutral_opposite::neutral::018,neutral_opposite,neutral_opposite,neutral,opposite,-0.2,preference_control,-0.125,-0.6875,-0.125,-0.6875,-0.125,-0.6875,-0.40625,0.28125,-0.125,-0.6875,-0.40625,0.28125
mistral_7b,14,neutral_opposite::neutral::018,neutral_opposite,neutral_opposite,neutral,opposite,0.0,preference_control,2.0,-3.125,2.0,-3.140625,2.0,-3.140625,-0.5703125,2.5703125,2.0,-3.125,-0.5625,2.5625
mistral_7b,14,neutral_opposite::neutral::018,neutral_opposite,neutral_opposite,neutral,opposite,0.2,preference_control,4.125,-6.09375,4.140625,-6.109375,4.140625,-6.109375,-0.984375,5.125,4.125,-6.09375,-0.984375,5.109375
mistral_7b,14,neutral_opposite::neutral::018,neutral_opposite,neutral_opposite,neutral,opposite,0.4,preference_control,5.9375,-7.6875,5.90625,-7.703125,5.90625,-7.703125,-0.8984375,6.8046875,5.9375,-7.6875,-0.875,6.8125
mistral_7b,14,neutral_opposite::neutral::018,neutral_opposite,neutral_opposite,neutral,opposite,0.6,preference_control,7.0625,-8.5625,7.0625,-8.5625,7.0625,-8.5625,-0.75,7.8125,7.0625,-8.5625,-0.75,7.8125
mistral_7b,14,neutral_opposite::neutral::018,neutral_opposite,neutral_opposite,neutral,opposite,0.8,preference_control,7.53125,-8.53125,7.546875,-8.53125,7.546875,-8.53125,-0.4921875,8.0390625,7.53125,-8.53125,-0.5,8.03125
mistral_7b,14,neutral_opposite::neutral::018,neutral_opposite,neutral_opposite,neutral,opposite,1.0,preference_control,7.625,-7.9375,7.640625,-7.96875,7.640625,-7.96875,-0.1640625,7.8046875,7.625,-7.9375,-0.15625,7.78125
mistral_7b,14,neutral_opposite::neutral::019,neutral_opposite,neutral_opposite,neutral,opposite,-1.0,preference_control,4.34375,1.0,4.328125,1.0,4.328125,1.0,2.6640625,1.6640625,4.34375,1.0,2.671875,1.671875
mistral_7b,14,neutral_opposite::neutral::019,neutral_opposite,neutral_opposite,neutral,opposite,-0.8,preference_control,3.8125,-0.3125,3.8125,-0.3125,3.8125,-0.3125,1.75,2.0625,3.8125,-0.3125,1.75,2.0625
mistral_7b,14,neutral_opposite::neutral::019,neutral_opposite,neutral_opposite,neutral,opposite,-0.6,preference_control,2.75,-1.78125,2.75,-1.78125,2.75,-1.78125,0.484375,2.265625,2.75,-1.78125,0.484375,2.265625
mistral_7b,14,neutral_opposite::neutral::019,neutral_opposite,neutral_opposite,neutral,opposite,-0.4,preference_control,1.5,-2.65625,1.5,-2.625,1.5,-2.625,-0.5625,2.0625,1.5,-2.65625,-0.578125,2.078125
mistral_7b,14,neutral_opposite::neutral::019,neutral_opposite,neutral_opposite,neutral,opposite,-0.2,preference_control,0.84375,-3.359375,0.875,-3.375,0.875,-3.375,-1.25,2.125,0.84375,-3.359375,-1.2578125,2.1015625
mistral_7b,14,neutral_opposite::neutral::019,neutral_opposite,neutral_opposite,neutral,opposite,0.0,preference_control,1.5625,-4.828125,1.5625,-4.8125,1.5625,-4.8125,-1.625,3.1875,1.5625,-4.828125,-1.6328125,3.1953125
mistral_7b,14,neutral_opposite::neutral::019,neutral_opposite,neutral_opposite,neutral,opposite,0.2,preference_control,2.1875,-6.59375,2.1875,-6.578125,2.1875,-6.578125,-2.1953125,4.3828125,2.1875,-6.59375,-2.203125,4.390625
mistral_7b,14,neutral_opposite::neutral::019,neutral_opposite,neutral_opposite,neutral,opposite,0.4,preference_control,2.3125,-7.5,2.296875,-7.46875,2.296875,-7.46875,-2.5859375,4.8828125,2.3125,-7.5,-2.59375,4.90625
mistral_7b,14,neutral_opposite::neutral::019,neutral_opposite,neutral_opposite,neutral,opposite,0.6,preference_control,2.375,-9.03125,2.375,-9.0390625,2.375,-9.0390625,-3.33203125,5.70703125,2.375,-9.03125,-3.328125,5.703125
mistral_7b,14,neutral_opposite::neutral::019,neutral_opposite,neutral_opposite,neutral,opposite,0.8,preference_control,2.375,-10.03125,2.375,-10.015625,2.375,-10.015625,-3.8203125,6.1953125,2.375,-10.03125,-3.828125,6.203125
mistral_7b,14,neutral_opposite::neutral::019,neutral_opposite,neutral_opposite,neutral,opposite,1.0,preference_control,2.4375,-9.875,2.4375,-9.90625,2.4375,-9.90625,-3.734375,6.171875,2.4375,-9.875,-3.71875,6.15625
mistral_7b,14,neutral_opposite::neutral::020,neutral_opposite,neutral_opposite,neutral,opposite,-1.0,preference_control,1.875,-5.625,1.875,-5.59375,1.875,-5.59375,-1.859375,3.734375,1.875,-5.625,-1.875,3.75
mistral_7b,14,neutral_opposite::neutral::020,neutral_opposite,neutral_opposite,neutral,opposite,-0.8,preference_control,1.8125,-6.1875,1.8125,-6.1875,1.8125,-6.1875,-2.1875,4.0,1.8125,-6.1875,-2.1875,4.0
mistral_7b,14,neutral_opposite::neutral::020,neutral_opposite,neutral_opposite,neutral,opposite,-0.6,preference_control,0.84375,-6.59375,0.84375,-6.625,0.84375,-6.625,-2.890625,3.734375,0.84375,-6.59375,-2.875,3.71875
mistral_7b,14,neutral_opposite::neutral::020,neutral_opposite,neutral_opposite,neutral,opposite,-0.4,preference_control,-0.4375,-6.578125,-0.4375,-6.546875,-0.4375,-6.546875,-3.4921875,3.0546875,-0.4375,-6.578125,-3.5078125,3.0703125
mistral_7b,14,neutral_opposite::neutral::020,neutral_opposite,neutral_opposite,neutral,opposite,-0.2,preference_control,-0.78125,-6.40625,-0.78125,-6.375,-0.78125,-6.375,-3.578125,2.796875,-0.78125,-6.40625,-3.59375,2.8125
mistral_7b,14,neutral_opposite::neutral::020,neutral_opposite,neutral_opposite,neutral,opposite,0.0,preference_control,1.0625,-6.65625,1.0625,-6.640625,1.0625,-6.640625,-2.7890625,3.8515625,1.0625,-6.65625,-2.796875,3.859375
mistral_7b,14,neutral_opposite::neutral::020,neutral_opposite,neutral_opposite,neutral,opposite,0.2,preference_control,3.8125,-7.265625,3.78125,-7.296875,3.78125,-7.296875,-1.7578125,5.5390625,3.8125,-7.265625,-1.7265625,5.5390625
mistral_7b,14,neutral_opposite::neutral::020,neutral_opposite,neutral_opposite,neutral,opposite,0.4,preference_control,5.4375,-6.96875,5.40625,-6.984375,5.40625,-6.984375,-0.7890625,6.1953125,5.4375,-6.96875,-0.765625,6.203125
mistral_7b,14,neutral_opposite::neutral::020,neutral_opposite,neutral_opposite,neutral,opposite,0.6,preference_control,6.59375,-6.09375,6.5625,-6.078125,6.5625,-6.078125,0.2421875,6.3203125,6.59375,-6.09375,0.25,6.34375
mistral_7b,14,neutral_opposite::neutral::020,neutral_opposite,neutral_opposite,neutral,opposite,0.8,preference_control,7.25,-4.90625,7.25,-4.90625,7.25,-4.90625,1.171875,6.078125,7.25,-4.90625,1.171875,6.078125
mistral_7b,14,neutral_opposite::neutral::020,neutral_opposite,neutral_opposite,neutral,opposite,1.0,preference_control,7.4375,-3.8125,7.4375,-3.796875,7.4375,-3.796875,1.8203125,5.6171875,7.4375,-3.8125,1.8125,5.625
mistral_7b,14,neutral_opposite::neutral::021,neutral_opposite,neutral_opposite,neutral,opposite,-1.0,preference_control,2.203125,-4.0625,2.187500238418579,-4.078124165534973,2.187500238418579,-4.078124165534973,-0.945311963558197,3.132812201976776,2.203125,-4.0625,-0.9296875,3.1328125
mistral_7b,14,neutral_opposite::neutral::021,neutral_opposite,neutral_opposite,neutral,opposite,-0.8,preference_control,2.28125,-4.15625,2.312500238418579,-4.156249403953552,2.312500238418579,-4.156249403953552,-0.9218745827674866,3.2343748211860657,2.28125,-4.15625,-0.9375,3.21875
mistral_7b,14,neutral_opposite::neutral::021,neutral_opposite,neutral_opposite,neutral,opposite,-0.6,preference_control,2.21875,-4.03125,2.2500001192092896,-4.062499523162842,2.2500001192092896,-4.062499523162842,-0.906249701976776,3.1562498211860657,2.21875,-4.03125,-0.90625,3.125
mistral_7b,14,neutral_opposite::neutral::021,neutral_opposite,neutral_opposite,neutral,opposite,-0.4,preference_control,1.921875,-4.078125,1.9375001192092896,-4.062499523162842,1.9375001192092896,-4.062499523162842,-1.062499701976776,2.9999998211860657,1.921875,-4.078125,-1.078125,3.0
mistral_7b,14,neutral_opposite::neutral::021,neutral_opposite,neutral_opposite,neutral,opposite,-0.2,preference_control,1.453125,-4.265625,1.4375001192092896,-4.249999642372131,1.4375001192092896,-4.249999642372131,-1.406249761581421,2.8437498807907104,1.453125,-4.265625,-1.40625,2.859375
mistral_7b,14,neutral_opposite::neutral::021,neutral_opposite,neutral_opposite,neutral,opposite,0.0,preference_control,1.40625,-5.03125,1.3750001192092896,-4.999999642372131,1.3750001192092896,-4.999999642372131,-1.812499761581421,3.1874998807907104,1.40625,-5.03125,-1.8125,3.21875
mistral_7b,14,neutral_opposite::neutral::021,neutral_opposite,neutral_opposite,neutral,opposite,0.2,preference_control,2.625,-6.625,2.6250001192092896,-6.609374284744263,2.6250001192092896,-6.609374284744263,-1.9921870827674864,4.617187201976776,2.625,-6.625,-2.0,4.625
mistral_7b,14,neutral_opposite::neutral::021,neutral_opposite,neutral_opposite,neutral,opposite,0.4,preference_control,3.09375,-6.09375,3.0937501192092896,-6.0937488079071045,3.0937501192092896,-6.0937488079071045,-1.4999993443489077,4.593749463558197,3.09375,-6.09375,-1.5,4.59375
mistral_7b,14,neutral_opposite::neutral::021,neutral_opposite,neutral_opposite,neutral,opposite,0.6,preference_control,4.28125,-4.6875,4.3125001192092896,-4.656247854232788,4.3125001192092896,-4.656247854232788,-0.1718738675117492,4.484373986721039,4.28125,-4.6875,-0.203125,4.484375
mistral_7b,14,neutral_opposite::neutral::021,neutral_opposite,neutral_opposite,neutral,opposite,0.8,preference_control,5.46875,-4.3125,5.4687501192092896,-4.281247138977051,5.4687501192092896,-4.281247138977051,0.5937514901161194,4.87499862909317,5.46875,-4.3125,0.578125,4.890625
mistral_7b,14,neutral_opposite::neutral::021,neutral_opposite,neutral_opposite,neutral,opposite,1.0,preference_control,5.78125,-4.1875,5.7500001192092896,-4.18749725818634,5.7500001192092896,-4.18749725818634,0.7812514305114746,4.968748688697815,5.78125,-4.1875,0.796875,4.984375
mistral_7b,14,neutral_opposite::neutral::022,neutral_opposite,neutral_opposite,neutral,opposite,-1.0,preference_control,3.46875,1.71875,3.5,1.75,3.5,1.75,2.625,0.875,3.46875,1.71875,2.59375,0.875
mistral_7b,14,neutral_opposite::neutral::022,neutral_opposite,neutral_opposite,neutral,opposite,-0.8,preference_control,3.09375,1.25,3.0625,1.25,3.0625,1.25,2.15625,0.90625,3.09375,1.25,2.171875,0.921875
mistral_7b,14,neutral_opposite::neutral::022,neutral_opposite,neutral_opposite,neutral,opposite,-0.6,preference_control,3.6875,0.96875,3.6875,0.9375,3.6875,0.9375,2.3125,1.375,3.6875,0.96875,2.328125,1.359375
mistral_7b,14,neutral_opposite::neutral::022,neutral_opposite,neutral_opposite,neutral,opposite,-0.4,preference_control,4.84375,0.6875,4.8125,0.6875,4.8125,0.6875,2.75,2.0625,4.84375,0.6875,2.765625,2.078125
mistral_7b,14,neutral_opposite::neutral::022,neutral_opposite,neutral_opposite,neutral,opposite,-0.2,preference_control,5.125,0.4375,5.125,0.4375,5.125,0.4375,2.78125,2.34375,5.125,0.4375,2.78125,2.34375
mistral_7b,14,neutral_opposite::neutral::022,neutral_opposite,neutral_opposite,neutral,opposite,0.0,preference_control,2.65625,-0.3125,2.6875,-0.3125,2.6875,-0.3125,1.1875,1.5,2.65625,-0.3125,1.171875,1.484375
mistral_7b,14,neutral_opposite::neutral::022,neutral_opposite,neutral_opposite,neutral,opposite,0.2,preference_control,0.6875,-1.125,0.6875,-1.125,0.6875,-1.125,-0.21875,0.90625,0.6875,-1.125,-0.21875,0.90625
mistral_7b,14,neutral_opposite::neutral::022,neutral_opposite,neutral_opposite,neutral,opposite,0.4,preference_control,-0.0625,-1.125,-0.0625,-1.125,-0.0625,-1.125,-0.59375,0.53125,-0.0625,-1.125,-0.59375,0.53125
mistral_7b,14,neutral_opposite::neutral::022,neutral_opposite,neutral_opposite,neutral,opposite,0.6,preference_control,-0.25,-0.8125,-0.25,-0.8125,-0.25,-0.8125,-0.53125,0.28125,-0.25,-0.8125,-0.53125,0.28125
mistral_7b,14,neutral_opposite::neutral::022,neutral_opposite,neutral_opposite,neutral,opposite,0.8,preference_control,-0.4375,-0.5625,-0.4375,-0.5625,-0.4375,-0.5625,-0.5,0.0625,-0.4375,-0.5625,-0.5,0.0625
mistral_7b,14,neutral_opposite::neutral::022,neutral_opposite,neutral_opposite,neutral,opposite,1.0,preference_control,-0.625,-0.8125,-0.625,-0.8125,-0.625,-0.8125,-0.71875,0.09375,-0.625,-0.8125,-0.71875,0.09375
mistral_7b,14,neutral_opposite::neutral::023,neutral_opposite,neutral_opposite,neutral,opposite,-1.0,preference_control,7.89453125,3.234375,7.90625,3.25,7.90625,3.25,5.578125,2.328125,7.89453125,3.234375,5.564453125,2.330078125
mistral_7b,14,neutral_opposite::neutral::023,neutral_opposite,neutral_opposite,neutral,opposite,-0.8,preference_control,9.75,3.03125,9.75,3.0625,9.75,3.0625,6.40625,3.34375,9.75,3.03125,6.390625,3.359375
mistral_7b,14,neutral_opposite::neutral::023,neutral_opposite,neutral_opposite,neutral,opposite,-0.6,preference_control,10.3671875,2.28125,10.359375,2.28125,10.359375,2.28125,6.3203125,4.0390625,10.3671875,2.28125,6.32421875,4.04296875
mistral_7b,14,neutral_opposite::neutral::023,neutral_opposite,neutral_opposite,neutral,opposite,-0.4,preference_control,10.3515625,1.125,10.359375,1.125,10.359375,1.125,5.7421875,4.6171875,10.3515625,1.125,5.73828125,4.61328125
mistral_7b,14,neutral_opposite::neutral::023,neutral_opposite,neutral_opposite,neutral,opposite,-0.2,preference_control,9.96875,-0.9375,9.96875,-0.9375,9.96875,-0.9375,4.515625,5.453125,9.96875,-0.9375,4.515625,5.453125
mistral_7b,14,neutral_opposite::neutral::023,neutral_opposite,neutral_opposite,neutral,opposite,0.0,preference_control,10.4609375,-5.28125,10.484375,-5.28125,10.484375,-5.28125,2.6015625,7.8828125,10.4609375,-5.28125,2.58984375,7.87109375
mistral_7b,14,neutral_opposite::neutral::023,neutral_opposite,neutral_opposite,neutral,opposite,0.2,preference_control,11.328125,-9.40625,11.359375,-9.4375,11.359375,-9.4375,0.9609375,10.3984375,11.328125,-9.40625,0.9609375,10.3671875
mistral_7b,14,neutral_opposite::neutral::023,neutral_opposite,neutral_opposite,neutral,opposite,0.4,preference_control,12.0625,-11.3125,12.09375,-11.296875,12.09375,-11.296875,0.3984375,11.6953125,12.0625,-11.3125,0.375,11.6875
mistral_7b,14,neutral_opposite::neutral::023,neutral_opposite,neutral_opposite,neutral,opposite,0.6,preference_control,12.5,-11.3125,12.46875,-11.3125,12.46875,-11.3125,0.578125,11.890625,12.5,-11.3125,0.59375,11.90625
mistral_7b,14,neutral_opposite::neutral::023,neutral_opposite,neutral_opposite,neutral,opposite,0.8,preference_control,12.6875,-9.5625,12.65625,-9.5625,12.65625,-9.5625,1.546875,11.109375,12.6875,-9.5625,1.5625,11.125
mistral_7b,14,neutral_opposite::neutral::023,neutral_opposite,neutral_opposite,neutral,opposite,1.0,preference_control,12.296875,-6.65625,12.359375,-6.6875,12.359375,-6.6875,2.8359375,9.5234375,12.296875,-6.65625,2.8203125,9.4765625
mistral_7b,14,valenced_nonopposite::affective::000,valenced_nonopposite,affective,valenced,nonopposite,-1.0,preference_control,-6.25,7.34375,-6.208616256713867,7.335431218147278,-6.208616256713867,7.335431218147278,0.5634074807167053,-6.7720237374305725,-6.25,7.34375,0.546875,-6.796875
mistral_7b,14,valenced_nonopposite::affective::000,valenced_nonopposite,affective,valenced,nonopposite,-0.8,preference_control,-6.71875,7.59375,-6.705024719238281,7.603166222572327,-6.705024719238281,7.603166222572327,0.4490707516670227,-7.154095470905304,-6.71875,7.59375,0.4375,-7.15625
mistral_7b,14,valenced_nonopposite::affective::000,valenced_nonopposite,affective,valenced,nonopposite,-0.6,preference_control,-7.0,8.09375,-6.972389221191406,8.121376395225525,-6.972389221191406,8.121376395225525,0.5744935870170593,-7.546882808208466,-7.0,8.09375,0.546875,-7.546875
mistral_7b,14,valenced_nonopposite::affective::000,valenced_nonopposite,affective,valenced,nonopposite,-0.4,preference_control,-7.109375,8.25,-7.095584869384766,8.241658091545105,-7.095584869384766,8.241658091545105,0.5730366110801697,-7.668621480464935,-7.109375,8.25,0.5703125,-7.6796875
mistral_7b,14,valenced_nonopposite::affective::000,valenced_nonopposite,affective,valenced,nonopposite,-0.2,preference_control,-6.390625,8.78125,-6.395068168640137,8.811563849449158,-6.395068168640137,8.811563849449158,1.2082478404045105,-7.603316009044647,-6.390625,8.78125,1.1953125,-7.5859375
mistral_7b,14,valenced_nonopposite::affective::000,valenced_nonopposite,affective,valenced,nonopposite,0.0,preference_control,-2.15625,10.03125,-2.147186040878296,10.05113172531128,-2.147186040878296,10.05113172531128,3.951972842216492,-6.099158883094788,-2.15625,10.03125,3.9375,-6.09375
mistral_7b,14,valenced_nonopposite::affective::000,valenced_nonopposite,affective,valenced,nonopposite,0.2,preference_control,7.25,11.3125,7.245502233505249,11.328110575675964,7.245502233505249,11.328110575675964,9.286806404590608,-2.0413041710853577,7.25,11.3125,9.28125,-2.03125
mistral_7b,14,valenced_nonopposite::affective::000,valenced_nonopposite,affective,valenced,nonopposite,0.4,preference_control,11.96875,11.625,11.978718161582949,11.70359981060028,11.978718161582949,11.70359981060028,11.841158986091614,0.137559175491333,11.96875,11.625,11.796875,0.171875
mistral_7b,14,valenced_nonopposite::affective::000,valenced_nonopposite,affective,valenced,nonopposite,0.6,preference_control,14.09375,11.1875,14.076510190963743,11.264634013175964,14.076510190963743,11.264634013175964,12.670572102069857,1.4059380888938904,14.09375,11.1875,12.640625,1.453125
mistral_7b,14,valenced_nonopposite::affective::000,valenced_nonopposite,affective,valenced,nonopposite,0.8,preference_control,14.46875,10.4375,14.45211911201477,10.508286356925964,14.45211911201477,10.508286356925964,12.480202734470367,1.971916377544403,14.46875,10.4375,12.453125,2.015625
mistral_7b,14,valenced_nonopposite::affective::000,valenced_nonopposite,affective,valenced,nonopposite,1.0,preference_control,14.078125,9.71875,14.105267405509949,9.756821632385254,14.105267405509949,9.756821632385254,11.9310445189476,2.1742228865623474,14.078125,9.71875,11.8984375,2.1796875
mistral_7b,14,valenced_nonopposite::affective::001,valenced_nonopposite,affective,valenced,nonopposite,-1.0,preference_control,-9.96875,3.0,-9.9716796875,2.998046875,-9.9716796875,2.998046875,-3.48681640625,-6.48486328125,-9.96875,3.0,-3.484375,-6.484375
mistral_7b,14,valenced_nonopposite::affective::001,valenced_nonopposite,affective,valenced,nonopposite,-0.8,preference_control,-9.75,2.5,-9.728515625,2.498046875,-9.728515625,2.498046875,-3.615234375,-6.11328125,-9.75,2.5,-3.625,-6.125
mistral_7b,14,valenced_nonopposite::affective::001,valenced_nonopposite,affective,valenced,nonopposite,-0.6,preference_control,-9.0,1.875,-9.017578125,1.869140625,-9.017578125,1.869140625,-3.57421875,-5.443359375,-9.0,1.875,-3.5625,-5.4375
mistral_7b,14,valenced_nonopposite::affective::001,valenced_nonopposite,affective,valenced,nonopposite,-0.4,preference_control,-7.96875,0.875,-7.96875,0.875,-7.96875,0.875,-3.546875,-4.421875,-7.96875,0.875,-3.546875,-4.421875
mistral_7b,14,valenced_nonopposite::affective::001,valenced_nonopposite,affective,valenced,nonopposite,-0.2,preference_control,-6.5,-0.25,-6.484375,-0.25,-6.484375,-0.25,-3.3671875,-3.1171875,-6.5,-0.25,-3.375,-3.125
mistral_7b,14,valenced_nonopposite::affective::001,valenced_nonopposite,affective,valenced,nonopposite,0.0,preference_control,-3.6875,-1.3125,-3.671875,-1.3203125,-3.671875,-1.3203125,-2.49609375,-1.17578125,-3.6875,-1.3125,-2.5,-1.1875
mistral_7b,14,valenced_nonopposite::affective::001,valenced_nonopposite,affective,valenced,nonopposite,0.2,preference_control,-1.375,-0.8125,-1.375,-0.8046875,-1.375,-0.8046875,-1.08984375,-0.28515625,-1.375,-0.8125,-1.09375,-0.28125
mistral_7b,14,valenced_nonopposite::affective::001,valenced_nonopposite,affective,valenced,nonopposite,0.4,preference_control,1.75,2.6875,1.75,2.6875,1.75,2.6875,2.21875,-0.46875,1.75,2.6875,2.21875,-0.46875
mistral_7b,14,valenced_nonopposite::affective::001,valenced_nonopposite,affective,valenced,nonopposite,0.6,preference_control,5.5,6.3125,5.484375,6.3125,5.484375,6.3125,5.8984375,-0.4140625,5.5,6.3125,5.90625,-0.40625
mistral_7b,14,valenced_nonopposite::affective::001,valenced_nonopposite,affective,valenced,nonopposite,0.8,preference_control,8.09375,8.75,8.09375,8.765625,8.09375,8.765625,8.4296875,-0.3359375,8.09375,8.75,8.421875,-0.328125
mistral_7b,14,valenced_nonopposite::affective::001,valenced_nonopposite,affective,valenced,nonopposite,1.0,preference_control,9.59375,10.125,9.5625,10.1171875,9.5625,10.1171875,9.83984375,-0.27734375,9.59375,10.125,9.859375,-0.265625
mistral_7b,14,valenced_nonopposite::affective::002,valenced_nonopposite,affective,valenced,nonopposite,-1.0,preference_control,-1.875,3.5,-1.8746212720870967,3.49247682094574,-1.8746212720870967,3.49247682094574,0.8089277744293213,-2.6835490465164185,-1.875,3.5,0.8125,-2.6875
mistral_7b,14,valenced_nonopposite::affective::002,valenced_nonopposite,affective,valenced,nonopposite,-0.8,preference_control,0.5625,2.53125,0.5629301071166992,2.515946865081787,0.5629301071166992,2.515946865081787,1.5394384860992432,-0.976508378982544,0.5625,2.53125,1.546875,-0.984375
mistral_7b,14,valenced_nonopposite::affective::002,valenced_nonopposite,affective,valenced,nonopposite,-0.6,preference_control,3.9375,1.8125,3.938042163848877,1.812812566757202,3.938042163848877,1.812812566757202,2.87542736530304,1.0626147985458374,3.9375,1.8125,2.875,1.0625
mistral_7b,14,valenced_nonopposite::affective::002,valenced_nonopposite,affective,valenced,nonopposite,-0.4,preference_control,6.96875,1.90625,6.969351530075073,1.906556487083435,6.969351530075073,1.906556487083435,4.437954008579254,2.531397521495819,6.96875,1.90625,4.4375,2.53125
mistral_7b,14,valenced_nonopposite::affective::002,valenced_nonopposite,affective,valenced,nonopposite,-0.2,preference_control,9.46875,2.875,9.48517680168152,2.9065921306610107,9.48517680168152,2.9065921306610107,6.195884466171265,3.289292335510254,9.46875,2.875,6.171875,3.296875
mistral_7b,14,valenced_nonopposite::affective::002,valenced_nonopposite,affective,valenced,nonopposite,0.0,preference_control,12.0078125,3.875,12.000962257385254,3.875384569168091,12.000962257385254,3.875384569168091,7.938173413276672,4.0627888441085815,12.0078125,3.875,7.94140625,4.06640625
mistral_7b,14,valenced_nonopposite::affective::002,valenced_nonopposite,affective,valenced,nonopposite,0.2,preference_control,14.73046875,5.46875,14.711917400360107,5.469096899032593,14.711917400360107,5.469096899032593,10.09050714969635,4.621410250663757,14.73046875,5.46875,10.099609375,4.630859375
mistral_7b,14,valenced_nonopposite::affective::002,valenced_nonopposite,affective,valenced,nonopposite,0.4,preference_control,16.4453125,7.875,16.411267280578613,7.863639235496521,16.411267280578613,7.863639235496521,12.137453258037567,4.273814022541046,16.4453125,7.875,12.16015625,4.28515625
mistral_7b,14,valenced_nonopposite::affective::002,valenced_nonopposite,affective,valenced,nonopposite,0.6,preference_control,17.01953125,10.28125,17.075466871261597,10.262126922607422,17.075466871261597,10.262126922607422,13.66879689693451,3.4066699743270874,17.01953125,10.28125,13.650390625,3.369140625
mistral_7b,14,valenced_nonopposite::affective::002,valenced_nonopposite,affective,valenced,nonopposite,0.8,preference_control,17.49609375,11.34375,17.53640389442444,11.348249435424805,17.53640389442444,11.348249435424805,14.442326664924622,3.094077229499817,17.49609375,11.34375,14.419921875,3.076171875
mistral_7b,14,valenced_nonopposite::affective::002,valenced_nonopposite,affective,valenced,nonopposite,1.0,preference_control,17.35546875,11.21875,17.35296940803528,11.242865562438965,17.35296940803528,11.242865562438965,14.297917485237122,3.0550519227981567,17.35546875,11.21875,14.287109375,3.068359375
mistral_7b,14,valenced_nonopposite::affective::003,valenced_nonopposite,affective,valenced,nonopposite,-1.0,preference_control,-1.4375,3.9375,-1.439374923706055,3.937655448913574,-1.439374923706055,3.937655448913574,1.2491402626037598,-2.6885151863098145,-1.4375,3.9375,1.25,-2.6875
mistral_7b,14,valenced_nonopposite::affective::003,valenced_nonopposite,affective,valenced,nonopposite,-0.8,preference_control,-0.75,4.3125,-0.746004581451416,4.32047176361084,-0.746004581451416,4.32047176361084,1.787233591079712,-2.533238172531128,-0.75,4.3125,1.78125,-2.53125
mistral_7b,14,valenced_nonopposite::affective::003,valenced_nonopposite,affective,valenced,nonopposite,-0.6,preference_control,0.5625,4.875,0.5626096725463867,4.85957145690918,0.5626096725463867,4.85957145690918,2.711090564727783,-2.1484808921813965,0.5625,4.875,2.71875,-2.15625
mistral_7b,14,valenced_nonopposite::affective::003,valenced_nonopposite,affective,valenced,nonopposite,-0.4,preference_control,1.9375,5.4375,1.9376955032348635,5.429923057556152,1.9376955032348635,5.429923057556152,3.683809280395508,-1.7461137771606443,1.9375,5.4375,3.6875,-1.75
mistral_7b,14,valenced_nonopposite::affective::003,valenced_nonopposite,affective,valenced,nonopposite,-0.2,preference_control,3.375,5.5,3.375345230102539,5.500240325927734,3.375345230102539,5.500240325927734,4.437792778015137,-1.0624475479125977,3.375,5.5,4.4375,-1.0625
mistral_7b,14,valenced_nonopposite::affective::003,valenced_nonopposite,affective,valenced,nonopposite,0.0,preference_control,4.875,5.875,4.875478744506836,5.875297546386719,4.875478744506836,5.875297546386719,5.375388145446777,-0.4999094009399414,4.875,5.875,5.375,-0.5
mistral_7b,14,valenced_nonopposite::affective::003,valenced_nonopposite,affective,valenced,nonopposite,0.2,preference_control,7.0625,7.3125,7.047273635864258,7.320592880249023,7.047273635864258,7.320592880249023,7.183933258056641,-0.1366596221923828,7.0625,7.3125,7.1875,-0.125
mistral_7b,14,valenced_nonopposite::affective::003,valenced_nonopposite,affective,valenced,nonopposite,0.4,preference_control,9.84375,9.78125,9.846118927001951,9.78139591217041,9.846118927001951,9.78139591217041,9.813757419586182,0.0323615074157714,9.84375,9.78125,9.8125,0.03125
mistral_7b,14,valenced_nonopposite::affective::003,valenced_nonopposite,affective,valenced,nonopposite,0.6,preference_control,12.0,12.0,11.988697052001951,11.992311477661133,11.988697052001951,11.992311477661133,11.990504264831545,-0.0018072128295898,12.0,12.0,12.0,0.0
mistral_7b,14,valenced_nonopposite::affective::003,valenced_nonopposite,affective,valenced,nonopposite,0.8,preference_control,12.375,12.03125,12.38420867919922,12.03144359588623,12.38420867919922,12.03144359588623,12.207826137542725,0.1763825416564941,12.375,12.03125,12.203125,0.171875
mistral_7b,14,valenced_nonopposite::affective::003,valenced_nonopposite,affective,valenced,nonopposite,1.0,preference_control,12.21875,11.90625,12.250480651855469,11.910547256469728,12.250480651855469,11.910547256469728,12.080513954162598,0.1699666976928711,12.21875,11.90625,12.0625,0.15625
mistral_7b,14,valenced_nonopposite::affective::004,valenced_nonopposite,affective,valenced,nonopposite,-1.0,preference_control,3.21875,3.8125,3.3720645904541016,3.938033103942871,3.3720645904541016,3.938033103942871,3.6550488471984863,-0.2829842567443847,3.21875,3.8125,3.515625,-0.296875
mistral_7b,14,valenced_nonopposite::affective::004,valenced_nonopposite,affective,valenced,nonopposite,-0.8,preference_control,3.8125,3.5625,3.9013612270355225,3.699605226516724,3.9013612270355225,3.699605226516724,3.800483226776123,0.1008780002593994,3.8125,3.5625,3.6875,0.125
mistral_7b,14,valenced_nonopposite::affective::004,valenced_nonopposite,affective,valenced,nonopposite,-0.6,preference_control,4.25,2.9375,4.411127209663391,3.1175419092178345,4.411127209663391,3.1175419092178345,3.764334559440613,0.6467926502227783,4.25,2.9375,3.59375,0.65625
mistral_7b,14,valenced_nonopposite::affective::004,valenced_nonopposite,affective,valenced,nonopposite,-0.4,preference_control,4.8125,2.0625,4.984375357627869,2.1722521781921387,4.984375357627869,2.1722521781921387,3.578313767910004,1.406061589717865,4.8125,2.0625,3.4375,1.375
mistral_7b,14,valenced_nonopposite::affective::004,valenced_nonopposite,affective,valenced,nonopposite,-0.2,preference_control,5.484375,0.96875,5.603550553321838,1.0628435611724854,5.603550553321838,1.0628435611724854,3.333197057247162,2.2703534960746765,5.484375,0.96875,3.2265625,2.2578125
mistral_7b,14,valenced_nonopposite::affective::004,valenced_nonopposite,affective,valenced,nonopposite,0.0,preference_control,6.859375,0.3125,7.0196051597595215,0.4065277576446533,7.0196051597595215,0.4065277576446533,3.713066458702088,3.306538701057434,6.859375,0.3125,3.5859375,3.2734375
mistral_7b,14,valenced_nonopposite::affective::004,valenced_nonopposite,affective,valenced,nonopposite,0.2,preference_control,8.765625,1.71875,9.210988640785216,1.7188712358474731,9.210988640785216,1.7188712358474731,5.464929938316345,3.746058702468872,8.765625,1.71875,5.2421875,3.5234375
mistral_7b,14,valenced_nonopposite::affective::004,valenced_nonopposite,affective,valenced,nonopposite,0.4,preference_control,11.015625,5.28125,13.406270027160645,5.234533071517944,13.406270027160645,5.234533071517944,9.320401549339294,4.08586847782135,11.015625,5.28125,8.1484375,2.8671875
mistral_7b,14,valenced_nonopposite::affective::004,valenced_nonopposite,affective,valenced,nonopposite,0.6,preference_control,12.7734375,9.15625,17.92578959465027,8.972775220870972,17.92578959465027,8.972775220870972,13.44928240776062,4.476507186889648,12.7734375,9.15625,10.96484375,1.80859375
mistral_7b,14,valenced_nonopposite::affective::004,valenced_nonopposite,affective,valenced,nonopposite,0.8,preference_control,13.4765625,10.78125,19.681642413139343,10.690181851387024,19.681642413139343,10.690181851387024,15.185912132263184,4.49573028087616,13.4765625,10.78125,12.12890625,1.34765625
mistral_7b,14,valenced_nonopposite::affective::004,valenced_nonopposite,affective,valenced,nonopposite,1.0,preference_control,13.8125,10.90625,20.3105491399765,11.087887167930605,20.3105491399765,11.087887167930605,15.699218153953552,4.611330986022949,13.8125,10.90625,12.359375,1.453125
mistral_7b,14,valenced_nonopposite::affective::005,valenced_nonopposite,affective,valenced,nonopposite,-1.0,preference_control,-0.3125,-2.21875,-0.3720694780349731,-2.077572464942932,-0.3720694780349731,-2.077572464942932,-1.2248209714889526,0.8527514934539795,-0.3125,-2.21875,-1.265625,0.953125
mistral_7b,14,valenced_nonopposite::affective::005,valenced_nonopposite,affective,valenced,nonopposite,-0.8,preference_control,-0.125,-4.1875,-0.0598201751708984,-4.249534130096436,-0.0598201751708984,-4.249534130096436,-2.154677152633667,2.094856977462769,-0.125,-4.1875,-2.15625,2.03125
mistral_7b,14,valenced_nonopposite::affective::005,valenced_nonopposite,affective,valenced,nonopposite,-0.6,preference_control,0.25,-5.46875,0.2212247848510742,-5.421290040016174,0.2212247848510742,-5.421290040016174,-2.60003262758255,2.8212574124336243,0.25,-5.46875,-2.609375,2.859375
mistral_7b,14,valenced_nonopposite::affective::005,valenced_nonopposite,affective,valenced,nonopposite,-0.4,preference_control,0.78125,-5.5625,0.814950704574585,-5.655502200126648,0.814950704574585,-5.655502200126648,-2.4202757477760315,3.2352264523506165,0.78125,-5.5625,-2.390625,3.171875
mistral_7b,14,valenced_nonopposite::affective::005,valenced_nonopposite,affective,valenced,nonopposite,-0.2,preference_control,1.65625,-4.875,1.6912832260131836,-4.873869895935059,1.6912832260131836,-4.873869895935059,-1.5912933349609375,3.282576560974121,1.65625,-4.875,-1.609375,3.265625
mistral_7b,14,valenced_nonopposite::affective::005,valenced_nonopposite,affective,valenced,nonopposite,0.0,preference_control,3.75,-2.34375,3.912098288536072,-2.2473844289779663,3.912098288536072,-2.2473844289779663,0.8323569297790527,3.079741358757019,3.75,-2.34375,0.703125,3.046875
mistral_7b,14,valenced_nonopposite::affective::005,valenced_nonopposite,affective,valenced,nonopposite,0.2,preference_control,6.4375,2.125,6.666845679283142,2.2867389917373657,6.666845679283142,2.2867389917373657,4.476792335510254,2.190053343772888,6.4375,2.125,4.28125,2.15625
mistral_7b,14,valenced_nonopposite::affective::005,valenced_nonopposite,affective,valenced,nonopposite,0.4,preference_control,8.3125,6.0,8.395255327224731,6.2893983125686646,8.395255327224731,6.2893983125686646,7.342326819896698,1.0529285073280334,8.3125,6.0,7.15625,1.15625
mistral_7b,14,valenced_nonopposite::affective::005,valenced_nonopposite,affective,valenced,nonopposite,0.6,preference_control,9.078125,8.5,9.301642298698424,8.53952944278717,9.301642298698424,8.53952944278717,8.920585870742798,0.3810564279556274,9.078125,8.5,8.7890625,0.2890625
mistral_7b,14,valenced_nonopposite::affective::005,valenced_nonopposite,affective,valenced,nonopposite,0.8,preference_control,9.65625,9.65625,9.709366202354431,9.66294801235199,9.709366202354431,9.66294801235199,9.68615710735321,0.0232090950012207,9.65625,9.65625,9.65625,0.0
mistral_7b,14,valenced_nonopposite::affective::005,valenced_nonopposite,affective,valenced,nonopposite,1.0,preference_control,9.8125,9.65625,9.875884890556335,9.8480406999588,9.875884890556335,9.8480406999588,9.861962795257568,0.013922095298767,9.8125,9.65625,9.734375,0.078125
mistral_7b,14,valenced_nonopposite::affective::006,valenced_nonopposite,affective,valenced,nonopposite,-1.0,preference_control,-9.21875,1.65625,-8.999768614768982,1.6936012506484983,-8.999768614768982,1.6936012506484983,-3.6530836820602417,-5.34668493270874,-9.21875,1.65625,-3.78125,-5.4375
mistral_7b,14,valenced_nonopposite::affective::006,valenced_nonopposite,affective,valenced,nonopposite,-0.8,preference_control,-9.046875,1.15625,-8.906641006469727,1.0472393035888672,-8.906641006469727,1.0472393035888672,-3.9297008514404297,-4.976940155029297,-9.046875,1.15625,-3.9453125,-5.1015625
mistral_7b,14,valenced_nonopposite::affective::006,valenced_nonopposite,affective,valenced,nonopposite,-0.6,preference_control,-8.546875,-0.15625,-8.12114679813385,-0.3833024501800537,-8.12114679813385,-0.3833024501800537,-4.252224624156952,-3.868922173976898,-8.546875,-0.15625,-4.3515625,-4.1953125
mistral_7b,14,valenced_nonopposite::affective::006,valenced_nonopposite,affective,valenced,nonopposite,-0.4,preference_control,-7.34375,-1.59375,-6.32430112361908,-1.6445327997207642,-6.32430112361908,-1.6445327997207642,-3.984416961669922,-2.3398841619491577,-7.34375,-1.59375,-4.46875,-2.875
mistral_7b,14,valenced_nonopposite::affective::006,valenced_nonopposite,affective,valenced,nonopposite,-0.2,preference_control,-5.9453125,-2.890625,-4.171915769577026,-2.797120690345764,-4.171915769577026,-2.797120690345764,-3.4845182299613957,-0.6873975396156311,-5.9453125,-2.890625,-4.41796875,-1.52734375
mistral_7b,14,valenced_nonopposite::affective::006,valenced_nonopposite,affective,valenced,nonopposite,0.0,preference_control,-4.5,-3.421875,-2.382818818092346,-3.663453698158264,-2.382818818092346,-3.663453698158264,-3.023136258125305,0.640317440032959,-4.5,-3.421875,-3.9609375,-0.5390625
mistral_7b,14,valenced_nonopposite::affective::006,valenced_nonopposite,affective,valenced,nonopposite,0.2,preference_control,-1.53125,-3.671875,-0.8281270265579224,-3.7781847715377808,-0.8281270265579224,-3.7781847715377808,-2.303155899047852,1.4750288724899292,-1.53125,-3.671875,-2.6015625,1.0703125
mistral_7b,14,valenced_nonopposite::affective::006,valenced_nonopposite,affective,valenced,nonopposite,0.4,preference_control,2.71875,-1.875,2.900511384010315,-1.7493687868118286,2.900511384010315,-1.7493687868118286,0.5755712985992432,2.324940085411072,2.71875,-1.875,0.421875,2.296875
mistral_7b,14,valenced_nonopposite::affective::006,valenced_nonopposite,affective,valenced,nonopposite,0.6,preference_control,6.4375,2.15625,6.410704612731934,2.344285488128662,6.410704612731934,2.344285488128662,4.377495050430298,2.033209562301636,6.4375,2.15625,4.296875,2.140625
mistral_7b,14,valenced_nonopposite::affective::006,valenced_nonopposite,affective,valenced,nonopposite,0.8,preference_control,9.046875,4.71875,9.30160427093506,5.016278505325317,9.30160427093506,5.016278505325317,7.158941388130188,2.1426628828048706,9.046875,4.71875,6.8828125,2.1640625
mistral_7b,14,valenced_nonopposite::affective::006,valenced_nonopposite,affective,valenced,nonopposite,1.0,preference_control,10.09375,5.3125,10.16897463798523,5.289738297462463,10.16897463798523,5.289738297462463,7.729356467723846,2.439618170261383,10.09375,5.3125,7.703125,2.390625
mistral_7b,14,valenced_nonopposite::affective::007,valenced_nonopposite,affective,valenced,nonopposite,-1.0,preference_control,0.25,3.0,0.2500474452972412,2.99990463256836,0.2500474452972412,2.99990463256836,1.6249760389328003,-1.374928593635559,0.25,3.0,1.625,-1.375
mistral_7b,14,valenced_nonopposite::affective::007,valenced_nonopposite,affective,valenced,nonopposite,-0.8,preference_control,0.375,1.375,0.375037670135498,1.382726788520813,0.375037670135498,1.382726788520813,0.8788822293281555,-0.5038445591926575,0.375,1.375,0.875,-0.5
mistral_7b,14,valenced_nonopposite::affective::007,valenced_nonopposite,affective,valenced,nonopposite,-0.6,preference_control,1.375,0.6875,1.3594028949737549,0.6796104907989502,1.3594028949737549,0.6796104907989502,1.0195066928863523,0.3398962020874023,1.375,0.6875,1.03125,0.34375
mistral_7b,14,valenced_nonopposite::affective::007,valenced_nonopposite,affective,valenced,nonopposite,-0.4,preference_control,2.84375,1.375,2.8593817949295044,1.36708402633667,2.8593817949295044,1.36708402633667,2.113232910633087,0.7461488842964172,2.84375,1.375,2.109375,0.734375
mistral_7b,14,valenced_nonopposite::affective::007,valenced_nonopposite,affective,valenced,nonopposite,-0.2,preference_control,4.46875,1.5625,4.499988555908203,1.54677152633667,4.499988555908203,1.54677152633667,3.0233800411224365,1.4766085147857666,4.46875,1.5625,3.015625,1.453125
mistral_7b,14,valenced_nonopposite::affective::007,valenced_nonopposite,affective,valenced,nonopposite,0.0,preference_control,6.71875,2.25,6.718734860420227,2.2654963731765747,6.718734860420227,2.2654963731765747,4.492115616798401,2.226619243621826,6.71875,2.25,4.484375,2.234375
mistral_7b,14,valenced_nonopposite::affective::007,valenced_nonopposite,affective,valenced,nonopposite,0.2,preference_control,9.53125,6.21875,9.515664935112,6.218607187271118,9.515664935112,6.218607187271118,7.867136061191559,1.648528873920441,9.53125,6.21875,7.875,1.65625
mistral_7b,14,valenced_nonopposite::affective::007,valenced_nonopposite,affective,valenced,nonopposite,0.4,preference_control,11.0390625,10.34375,11.047070860862732,10.3318589925766,11.047070860862732,10.3318589925766,10.689464926719666,0.3576059341430664,11.0390625,10.34375,10.69140625,0.34765625
mistral_7b,14,valenced_nonopposite::affective::007,valenced_nonopposite,affective,valenced,nonopposite,0.6,preference_control,11.578125,12.09375,11.563731074333193,12.079901337623596,11.563731074333193,12.079901337623596,11.821816205978394,-0.2580851316452026,11.578125,12.09375,11.8359375,-0.2578125
mistral_7b,14,valenced_nonopposite::affective::007,valenced_nonopposite,affective,valenced,nonopposite,0.8,preference_control,11.7265625,11.8125,11.725846648216248,11.827996730804443,11.725846648216248,11.827996730804443,11.776921689510344,-0.0510750412940979,11.7265625,11.8125,11.76953125,-0.04296875
mistral_7b,14,valenced_nonopposite::affective::007,valenced_nonopposite,affective,valenced,nonopposite,1.0,preference_control,11.71875,10.84375,11.754310846328735,10.847639918327332,11.754310846328735,10.847639918327332,11.300975382328032,0.4533354640007019,11.71875,10.84375,11.28125,0.4375
mistral_7b,14,valenced_nonopposite::affective::008,valenced_nonopposite,affective,valenced,nonopposite,-1.0,preference_control,-12.84375,-3.5,-12.85052490234375,-3.49871826171875,-12.85052490234375,-3.49871826171875,-8.17462158203125,-4.6759033203125,-12.84375,-3.5,-8.171875,-4.671875
mistral_7b,14,valenced_nonopposite::affective::008,valenced_nonopposite,affective,valenced,nonopposite,-0.8,preference_control,-12.796875,-3.9375,-12.76409912109375,-3.927413940429688,-12.76409912109375,-3.927413940429688,-8.345756530761719,-4.418342590332031,-12.796875,-3.9375,-8.3671875,-4.4296875
mistral_7b,14,valenced_nonopposite::affective::008,valenced_nonopposite,affective,valenced,nonopposite,-0.6,preference_control,-12.765625,-2.9375,-12.72552490234375,-2.938827514648437,-12.72552490234375,-2.938827514648437,-7.832176208496094,-4.893348693847656,-12.765625,-2.9375,-7.8515625,-4.9140625
mistral_7b,14,valenced_nonopposite::affective::008,valenced_nonopposite,affective,valenced,nonopposite,-0.4,preference_control,-12.6796875,-1.375,-12.6761474609375,-1.3716888427734375,-12.6761474609375,-1.3716888427734375,-7.023918151855469,-5.652229309082031,-12.6796875,-1.375,-7.02734375,-5.65234375
mistral_7b,14,valenced_nonopposite::affective::008,valenced_nonopposite,affective,valenced,nonopposite,-0.2,preference_control,-12.28125,0.8125,-12.2855224609375,0.8156280517578125,-12.2855224609375,0.8156280517578125,-5.734947204589844,-6.550575256347656,-12.28125,0.8125,-5.734375,-6.546875
mistral_7b,14,valenced_nonopposite::affective::008,valenced_nonopposite,affective,valenced,nonopposite,0.0,preference_control,-10.90625,3.1875,-10.9117431640625,3.17535400390625,-10.9117431640625,3.17535400390625,-3.868194580078125,-7.043548583984375,-10.90625,3.1875,-3.859375,-7.046875
mistral_7b,14,valenced_nonopposite::affective::008,valenced_nonopposite,affective,valenced,nonopposite,0.2,preference_control,-7.21875,6.28125,-7.20849609375,6.300628662109375,-7.20849609375,6.300628662109375,-0.4539337158203125,-6.754562377929688,-7.21875,6.28125,-0.46875,-6.75
mistral_7b,14,valenced_nonopposite::affective::008,valenced_nonopposite,affective,valenced,nonopposite,0.4,preference_control,-1.375,9.5625,-1.348876953125,9.55902099609375,-1.348876953125,9.55902099609375,4.105072021484375,-5.453948974609375,-1.375,9.5625,4.09375,-5.46875
mistral_7b,14,valenced_nonopposite::affective::008,valenced_nonopposite,affective,valenced,nonopposite,0.6,preference_control,2.875,11.71875,2.8966064453125,11.71630859375,2.8966064453125,11.71630859375,7.30645751953125,-4.40985107421875,2.875,11.71875,7.296875,-4.421875
mistral_7b,14,valenced_nonopposite::affective::008,valenced_nonopposite,affective,valenced,nonopposite,0.8,preference_control,6.125,13.203125,6.1275634765625,13.21832275390625,6.1275634765625,13.21832275390625,9.672943115234377,-3.545379638671875,6.125,13.203125,9.6640625,-3.5390625
mistral_7b,14,valenced_nonopposite::affective::008,valenced_nonopposite,affective,valenced,nonopposite,1.0,preference_control,8.25,13.578125,8.2554931640625,13.582275390625,8.2554931640625,13.582275390625,10.91888427734375,-2.66339111328125,8.25,13.578125,10.9140625,-2.6640625
mistral_7b,14,valenced_nonopposite::affective::009,valenced_nonopposite,affective,valenced,nonopposite,-1.0,preference_control,4.9375,4.84375,4.92774224281311,4.8594138622283936,4.92774224281311,4.8594138622283936,4.893578052520752,0.0341641902923584,4.9375,4.84375,4.890625,0.046875
mistral_7b,14,valenced_nonopposite::affective::009,valenced_nonopposite,affective,valenced,nonopposite,-0.8,preference_control,6.4375,4.9375,6.4394611120224,4.953159332275391,6.4394611120224,4.953159332275391,5.696310222148895,0.7431508898735046,6.4375,4.9375,5.6875,0.75
mistral_7b,14,valenced_nonopposite::affective::009,valenced_nonopposite,affective,valenced,nonopposite,-0.6,preference_control,8.0,4.8125,8.029303908348083,4.812535762786865,8.029303908348083,4.812535762786865,6.420919835567474,1.6083840727806091,8.0,4.8125,6.40625,1.59375
mistral_7b,14,valenced_nonopposite::affective::009,valenced_nonopposite,affective,valenced,nonopposite,-0.4,preference_control,9.0625,4.84375,9.075689315795898,4.828152775764465,9.075689315795898,4.828152775764465,6.951921045780182,2.123768270015717,9.0625,4.84375,6.953125,2.109375
mistral_7b,14,valenced_nonopposite::affective::009,valenced_nonopposite,affective,valenced,nonopposite,-0.2,preference_control,9.96875,4.65625,9.967779040336609,4.671897172927856,9.967779040336609,4.671897172927856,7.319838106632233,2.647940933704376,9.96875,4.65625,7.3125,2.65625
mistral_7b,14,valenced_nonopposite::affective::009,valenced_nonopposite,affective,valenced,nonopposite,0.0,preference_control,11.375,3.5625,11.38892149925232,3.570326805114746,11.38892149925232,3.570326805114746,7.479624152183533,3.9092973470687866,11.375,3.5625,7.46875,3.90625
mistral_7b,14,valenced_nonopposite::affective::009,valenced_nonopposite,affective,valenced,nonopposite,0.2,preference_control,12.6875,1.8125,12.65686559677124,1.8086040019989011,12.65686559677124,1.8086040019989011,7.232734799385071,5.424130797386169,12.6875,1.8125,7.25,5.4375
mistral_7b,14,valenced_nonopposite::affective::009,valenced_nonopposite,affective,valenced,nonopposite,0.4,preference_control,13.1875,0.6875,13.16370153427124,0.6914148330688477,13.16370153427124,0.6914148330688477,6.927558183670044,6.236143350601196,13.1875,0.6875,6.9375,6.25
mistral_7b,14,valenced_nonopposite::affective::009,valenced_nonopposite,affective,valenced,nonopposite,0.6,preference_control,12.875,0.4375,12.84790551662445,0.4375083446502685,12.84790551662445,0.4375083446502685,6.64270693063736,6.205198585987091,12.875,0.4375,6.65625,6.21875
mistral_7b,14,valenced_nonopposite::affective::009,valenced_nonopposite,affective,valenced,nonopposite,0.8,preference_control,12.5,0.125,12.46899938583374,0.1250083446502685,12.46899938583374,0.1250083446502685,6.297003865242004,6.171995520591736,12.5,0.125,6.3125,6.1875
mistral_7b,14,valenced_nonopposite::affective::009,valenced_nonopposite,affective,valenced,nonopposite,1.0,preference_control,12.375,-0.25,12.39209508895874,-0.2460842132568359,12.39209508895874,-0.2460842132568359,6.073005437850952,6.319089651107788,12.375,-0.25,6.0625,6.3125
mistral_7b,14,valenced_nonopposite::affective::010,valenced_nonopposite,affective,valenced,nonopposite,-1.0,preference_control,-0.3125,6.875,-0.296722412109375,6.879186630249023,-0.296722412109375,6.879186630249023,3.291232109069824,-3.587954521179199,-0.3125,6.875,3.28125,-3.59375
mistral_7b,14,valenced_nonopposite::affective::010,valenced_nonopposite,affective,valenced,nonopposite,-0.8,preference_control,3.375,6.0,3.3755035400390625,5.992274284362793,3.3755035400390625,5.992274284362793,4.683888912200928,-1.3083853721618652,3.375,6.0,4.6875,-1.3125
mistral_7b,14,valenced_nonopposite::affective::010,valenced_nonopposite,affective,valenced,nonopposite,-0.6,preference_control,7.90625,5.25,7.925201416015625,5.261756896972656,7.925201416015625,5.261756896972656,6.593479156494141,1.3317222595214844,7.90625,5.25,6.578125,1.328125
mistral_7b,14,valenced_nonopposite::affective::010,valenced_nonopposite,affective,valenced,nonopposite,-0.4,preference_control,11.890625,5.8125,11.8936767578125,5.828163385391235,11.8936767578125,5.828163385391235,8.860920071601868,3.0327566862106323,11.890625,5.8125,8.8515625,3.0390625
mistral_7b,14,valenced_nonopposite::affective::010,valenced_nonopposite,affective,valenced,nonopposite,-0.2,preference_control,14.26953125,6.65625,14.293701171875,6.648467302322388,14.293701171875,6.648467302322388,10.471084237098694,3.822616934776306,14.26953125,6.65625,10.462890625,3.806640625
mistral_7b,14,valenced_nonopposite::affective::010,valenced_nonopposite,affective,valenced,nonopposite,0.0,preference_control,15.798828125,8.125,15.80224609375,8.125024676322937,15.80224609375,8.125024676322937,11.963635385036469,3.838610708713532,15.798828125,8.125,11.9619140625,3.8369140625
mistral_7b,14,valenced_nonopposite::affective::010,valenced_nonopposite,affective,valenced,nonopposite,0.2,preference_control,17.220947265625,11.53125,17.3055419921875,11.546894669532776,17.3055419921875,11.546894669532776,14.426218330860138,2.879323661327362,17.220947265625,11.53125,14.3760986328125,2.8448486328125
mistral_7b,14,valenced_nonopposite::affective::010,valenced_nonopposite,affective,valenced,nonopposite,0.4,preference_control,18.2119140625,16.0625,18.20672607421875,16.099632501602173,18.20672607421875,16.099632501602173,17.15317928791046,1.0535467863082886,18.2119140625,16.0625,17.13720703125,1.07470703125
mistral_7b,14,valenced_nonopposite::affective::010,valenced_nonopposite,affective,valenced,nonopposite,0.6,preference_control,18.9375,18.234375,18.946746826171875,18.236353516578674,18.946746826171875,18.236353516578674,18.591550171375275,0.3551966547966003,18.9375,18.234375,18.5859375,0.3515625
mistral_7b,14,valenced_nonopposite::affective::010,valenced_nonopposite,affective,valenced,nonopposite,0.8,preference_control,19.373046875,18.71875,19.32308959960937,18.689482927322388,19.32308959960937,18.689482927322388,19.00628626346588,0.3168033361434936,19.373046875,18.71875,19.0458984375,0.3271484375
mistral_7b,14,valenced_nonopposite::affective::010,valenced_nonopposite,affective,valenced,nonopposite,1.0,preference_control,19.412109375,18.359375,19.43170166015625,18.36819291114807,19.43170166015625,18.36819291114807,18.89994728565216,0.5317543745040894,19.412109375,18.359375,18.8857421875,0.5263671875
mistral_7b,14,valenced_nonopposite::affective::011,valenced_nonopposite,affective,valenced,nonopposite,-1.0,preference_control,3.21875,8.875,3.2008845806121826,8.865670680999756,3.2008845806121826,8.865670680999756,6.033277630805969,-2.8323930501937866,3.21875,8.875,6.046875,-2.828125
mistral_7b,14,valenced_nonopposite::affective::011,valenced_nonopposite,affective,valenced,nonopposite,-0.8,preference_control,4.75,9.25,4.763916492462158,9.256647109985352,4.763916492462158,9.256647109985352,7.010281801223755,-2.2463653087615967,4.75,9.25,7.0,-2.25
mistral_7b,14,valenced_nonopposite::affective::011,valenced_nonopposite,affective,valenced,nonopposite,-0.6,preference_control,7.03125,9.3359375,7.04521369934082,9.35855484008789,7.04521369934082,9.35855484008789,8.201884269714355,-1.1566705703735352,7.03125,9.3359375,8.18359375,-1.15234375
mistral_7b,14,valenced_nonopposite::affective::011,valenced_nonopposite,affective,valenced,nonopposite,-0.4,preference_control,8.796875,8.89453125,8.82676887512207,8.905782699584961,8.82676887512207,8.905782699584961,8.866275787353516,-0.0395069122314453,8.796875,8.89453125,8.845703125,-0.048828125
mistral_7b,14,valenced_nonopposite::affective::011,valenced_nonopposite,affective,valenced,nonopposite,-0.2,preference_control,9.4296875,7.98046875,9.404926300048828,7.999637603759766,9.404926300048828,7.999637603759766,8.702281951904297,0.7026443481445312,9.4296875,7.98046875,8.705078125,0.724609375
mistral_7b,14,valenced_nonopposite::affective::011,valenced_nonopposite,affective,valenced,nonopposite,0.0,preference_control,10.06640625,8.1953125,10.046306610107422,8.155865669250488,10.046306610107422,8.155865669250488,9.101086139678957,0.9452204704284668,10.06640625,8.1953125,9.130859375,0.935546875
mistral_7b,14,valenced_nonopposite::affective::011,valenced_nonopposite,affective,valenced,nonopposite,0.2,preference_control,10.99609375,10.5390625,10.984296798706056,10.546601057052612,10.984296798706056,10.546601057052612,10.765448927879332,0.2188478708267212,10.99609375,10.5390625,10.767578125,0.228515625
mistral_7b,14,valenced_nonopposite::affective::011,valenced_nonopposite,affective,valenced,nonopposite,0.4,preference_control,12.455078125,12.794921875,12.484338760375977,12.773284435272217,12.484338760375977,12.773284435272217,12.628811597824097,-0.1444728374481201,12.455078125,12.794921875,12.625,-0.169921875
mistral_7b,14,valenced_nonopposite::affective::011,valenced_nonopposite,affective,valenced,nonopposite,0.6,preference_control,13.49609375,13.54248046875,13.511693000793455,13.546765327453612,13.511693000793455,13.546765327453612,13.529229164123535,-0.0175361633300781,13.49609375,13.54248046875,13.519287109375,-0.023193359375
mistral_7b,14,valenced_nonopposite::affective::011,valenced_nonopposite,affective,valenced,nonopposite,0.8,preference_control,13.7734375,13.61328125,13.759760856628418,13.60934352874756,13.759760856628418,13.60934352874756,13.684552192687988,0.0752086639404296,13.7734375,13.61328125,13.693359375,0.080078125
mistral_7b,14,valenced_nonopposite::affective::011,valenced_nonopposite,affective,valenced,nonopposite,1.0,preference_control,13.359375,13.09375,13.34571933746338,13.103540420532228,13.34571933746338,13.103540420532228,13.224629878997805,0.1210894584655761,13.359375,13.09375,13.2265625,0.1328125
mistral_7b,14,valenced_nonopposite::affective::012,valenced_nonopposite,affective,valenced,nonopposite,-1.0,preference_control,-5.375,3.6875,-5.210357666015625,3.562941551208496,-5.210357666015625,3.562941551208496,-0.8237080574035645,-4.3866496086120605,-5.375,3.6875,-0.84375,-4.53125
mistral_7b,14,valenced_nonopposite::affective::012,valenced_nonopposite,affective,valenced,nonopposite,-0.8,preference_control,-3.9375,3.625,-4.132152438163757,3.469233512878418,-4.132152438163757,3.469233512878418,-0.3314594626426697,-3.800692975521088,-3.9375,3.625,-0.15625,-3.78125
mistral_7b,14,valenced_nonopposite::affective::012,valenced_nonopposite,affective,valenced,nonopposite,-0.6,preference_control,-2.1875,3.21875,-2.1242787837982178,3.062985420227051,-2.1242787837982178,3.062985420227051,0.4693533182144165,-2.5936321020126343,-2.1875,3.21875,0.515625,-2.703125
mistral_7b,14,valenced_nonopposite::affective::012,valenced_nonopposite,affective,valenced,nonopposite,-0.4,preference_control,1.65625,2.5625,1.46952486038208,2.4067344665527344,1.46952486038208,2.4067344665527344,1.9381296634674072,-0.4686048030853271,1.65625,2.5625,2.109375,-0.453125
mistral_7b,14,valenced_nonopposite::affective::012,valenced_nonopposite,affective,valenced,nonopposite,-0.2,preference_control,6.09375,2.5,5.875790476799011,2.5006139278411865,5.875790476799011,2.5006139278411865,4.188202202320099,1.6875882744789124,6.09375,2.5,4.296875,1.796875
mistral_7b,14,valenced_nonopposite::affective::012,valenced_nonopposite,affective,valenced,nonopposite,0.0,preference_control,10.3046875,4.328125,10.094502806663511,4.219578504562378,10.094502806663511,4.219578504562378,7.157040655612946,2.937462151050568,10.3046875,4.328125,7.31640625,2.98828125
mistral_7b,14,valenced_nonopposite::affective::012,valenced_nonopposite,affective,valenced,nonopposite,0.2,preference_control,14.2890625,9.78125,14.23116385936737,9.579378485679626,14.23116385936737,9.579378485679626,11.9052711725235,2.325892686843872,14.2890625,9.78125,12.03515625,2.25390625
mistral_7b,14,valenced_nonopposite::affective::012,valenced_nonopposite,affective,valenced,nonopposite,0.4,preference_control,16.79296875,14.4453125,16.732205152511597,14.29786765575409,16.732205152511597,14.29786765575409,15.515036404132845,1.2171687483787537,16.79296875,14.4453125,15.619140625,1.173828125
mistral_7b,14,valenced_nonopposite::affective::012,valenced_nonopposite,affective,valenced,nonopposite,0.6,preference_control,17.91015625,16.203125,17.885971784591675,16.06518590450287,17.885971784591675,16.06518590450287,16.97557884454727,0.9103929400444032,17.91015625,16.203125,17.056640625,0.853515625
mistral_7b,14,valenced_nonopposite::affective::012,valenced_nonopposite,affective,valenced,nonopposite,0.8,preference_control,18.197265625,16.203125,18.01741111278534,16.04162621498108,18.01741111278534,16.04162621498108,17.02951866388321,0.98789244890213,18.197265625,16.203125,17.2001953125,0.9970703125
mistral_7b,14,valenced_nonopposite::affective::012,valenced_nonopposite,affective,valenced,nonopposite,1.0,preference_control,17.97265625,15.453125,17.89492893218994,15.188045740127563,17.89492893218994,15.188045740127563,16.541487336158752,1.353441596031189,17.97265625,15.453125,16.712890625,1.259765625
mistral_7b,14,valenced_nonopposite::affective::013,valenced_nonopposite,affective,valenced,nonopposite,-1.0,preference_control,-2.875,0.8125,-2.8789315223693848,0.8124879598617554,-2.8789315223693848,0.8124879598617554,-1.0332217812538147,-1.84570974111557,-2.875,0.8125,-1.03125,-1.84375
mistral_7b,14,valenced_nonopposite::affective::013,valenced_nonopposite,affective,valenced,nonopposite,-0.8,preference_control,-3.1875,-0.6875,-3.183608174324036,-0.6875126361846924,-3.183608174324036,-0.6875126361846924,-1.935560405254364,-1.2480477690696716,-3.1875,-0.6875,-1.9375,-1.25
mistral_7b,14,valenced_nonopposite::affective::013,valenced_nonopposite,affective,valenced,nonopposite,-0.6,preference_control,-3.625,-2.1875,-3.6093883514404297,-2.183605670928955,-3.6093883514404297,-2.183605670928955,-2.8964970111846924,-0.7128913402557373,-3.625,-2.1875,-2.90625,-0.71875
mistral_7b,14,valenced_nonopposite::affective::013,valenced_nonopposite,affective,valenced,nonopposite,-0.4,preference_control,-3.1875,-3.25,-3.1875126361846924,-3.2617287635803223,-3.1875126361846924,-3.2617287635803223,-3.2246206998825078,0.0371080636978149,-3.1875,-3.25,-3.21875,0.03125
mistral_7b,14,valenced_nonopposite::affective::013,valenced_nonopposite,affective,valenced,nonopposite,-0.2,preference_control,-2.625,-3.8125,-2.6406424045562744,-3.800790190696716,-2.6406424045562744,-3.800790190696716,-3.220716297626496,0.580073893070221,-2.625,-3.8125,-3.21875,0.59375
mistral_7b,14,valenced_nonopposite::affective::013,valenced_nonopposite,affective,valenced,nonopposite,0.0,preference_control,-1.5625,-3.5625,-1.562519907951355,-3.562510848045349,-1.562519907951355,-3.562510848045349,-2.562515377998352,0.9999954700469972,-1.5625,-3.5625,-2.5625,1.0
mistral_7b,14,valenced_nonopposite::affective::013,valenced_nonopposite,affective,valenced,nonopposite,0.2,preference_control,0.8125,-1.9375,0.8124727010726929,-1.9453284740448,0.8124727010726929,-1.9453284740448,-0.5664278864860535,1.3789005875587463,0.8125,-1.9375,-0.5625,1.375
mistral_7b,14,valenced_nonopposite::affective::013,valenced_nonopposite,affective,valenced,nonopposite,0.4,preference_control,4.875,-0.3125,4.882760763168335,-0.3125617504119873,4.882760763168335,-0.3125617504119873,2.285099506378174,2.597661256790161,4.875,-0.3125,2.28125,2.59375
mistral_7b,14,valenced_nonopposite::affective::013,valenced_nonopposite,affective,valenced,nonopposite,0.6,preference_control,9.46875,0.9375,9.468675017356873,0.933405876159668,9.468675017356873,0.933405876159668,5.20104044675827,4.267634570598602,9.46875,0.9375,5.203125,4.265625
mistral_7b,14,valenced_nonopposite::affective::013,valenced_nonopposite,affective,valenced,nonopposite,0.8,preference_control,11.84375,1.8125,11.841689825057983,1.8120243549346924,11.841689825057983,1.8120243549346924,6.826857089996338,5.0148327350616455,11.84375,1.8125,6.828125,5.015625
mistral_7b,14,valenced_nonopposite::affective::013,valenced_nonopposite,affective,valenced,nonopposite,1.0,preference_control,12.53125,2.3125,12.56235408782959,2.31351375579834,12.56235408782959,2.31351375579834,7.437933921813965,5.124420166015625,12.53125,2.3125,7.421875,5.109375
mistral_7b,14,valenced_nonopposite::affective::014,valenced_nonopposite,affective,valenced,nonopposite,-1.0,preference_control,-1.71875,8.21875,-1.7036153078079224,8.244763851165771,-1.7036153078079224,8.244763851165771,3.270574271678925,-4.974189579486847,-1.71875,8.21875,3.25,-4.96875
mistral_7b,14,valenced_nonopposite::affective::014,valenced_nonopposite,affective,valenced,nonopposite,-0.8,preference_control,-1.96875,7.875,-1.9701333045959477,7.863268375396728,-1.9701333045959477,7.863268375396728,2.94656753540039,-4.916700839996338,-1.96875,7.875,2.953125,-4.921875
mistral_7b,14,valenced_nonopposite::affective::014,valenced_nonopposite,affective,valenced,nonopposite,-0.6,preference_control,-1.5625,7.09375,-1.5814087390899658,7.116292834281921,-1.5814087390899658,7.116292834281921,2.767442047595978,-4.348850786685944,-1.5625,7.09375,2.765625,-4.328125
mistral_7b,14,valenced_nonopposite::affective::014,valenced_nonopposite,affective,valenced,nonopposite,-0.4,preference_control,-0.0625,6.4375,-0.0657068490982055,6.445580363273621,-0.0657068490982055,6.445580363273621,3.1899367570877075,-3.255643606185913,-0.0625,6.4375,3.1875,-3.25
mistral_7b,14,valenced_nonopposite::affective::014,valenced_nonopposite,affective,valenced,nonopposite,-0.2,preference_control,1.875,5.46875,1.874440312385559,5.482601165771484,1.874440312385559,5.482601165771484,3.6785207390785217,-1.8040804266929624,1.875,5.46875,3.671875,-1.796875
mistral_7b,14,valenced_nonopposite::affective::014,valenced_nonopposite,affective,valenced,nonopposite,0.0,preference_control,4.5625,5.625,4.562473177909851,5.609227180480957,4.562473177909851,5.609227180480957,5.085850179195404,-0.523377001285553,4.5625,5.625,5.09375,-0.53125
mistral_7b,14,valenced_nonopposite::affective::014,valenced_nonopposite,affective,valenced,nonopposite,0.2,preference_control,8.515625,7.71875,8.484383702278137,7.734393119812012,8.484383702278137,7.734393119812012,8.109388411045074,0.3749952912330627,8.515625,7.71875,8.1171875,0.3984375
mistral_7b,14,valenced_nonopposite::affective::014,valenced_nonopposite,affective,valenced,nonopposite,0.4,preference_control,12.109375,10.15625,12.12306022644043,10.144671082496645,12.12306022644043,10.144671082496645,11.133865654468536,0.9891945719718932,12.109375,10.15625,11.1328125,0.9765625
mistral_7b,14,valenced_nonopposite::affective::014,valenced_nonopposite,affective,valenced,nonopposite,0.6,preference_control,14.71875,11.625,14.69337558746338,11.598047733306885,14.69337558746338,11.598047733306885,13.145711660385132,1.547663927078247,14.71875,11.625,13.171875,1.546875
mistral_7b,14,valenced_nonopposite::affective::014,valenced_nonopposite,affective,valenced,nonopposite,0.8,preference_control,16.109375,12.328125,16.05080282688141,12.320661306381226,16.05080282688141,12.320661306381226,14.185732066631315,1.865070760250092,16.109375,12.328125,14.21875,1.890625
mistral_7b,14,valenced_nonopposite::affective::014,valenced_nonopposite,affective,valenced,nonopposite,1.0,preference_control,16.52734375,12.359375,16.52151358127594,12.332314014434814,16.52151358127594,12.332314014434814,14.426913797855375,2.0945997834205627,16.52734375,12.359375,14.443359375,2.083984375
mistral_7b,14,valenced_nonopposite::affective::015,valenced_nonopposite,affective,valenced,nonopposite,-1.0,preference_control,2.4375,6.3125,2.3744029998779297,6.4345704317092896,2.3744029998779297,6.4345704317092896,4.40448671579361,-2.03008371591568,2.4375,6.3125,4.375,-1.9375
mistral_7b,14,valenced_nonopposite::affective::015,valenced_nonopposite,affective,valenced,nonopposite,-0.8,preference_control,2.6875,6.40625,2.6947211027145386,6.363284468650818,2.6947211027145386,6.363284468650818,4.529002785682678,-1.83428168296814,2.6875,6.40625,4.546875,-1.859375
mistral_7b,14,valenced_nonopposite::affective::015,valenced_nonopposite,affective,valenced,nonopposite,-0.6,preference_control,3.28125,5.875,3.3276121616363525,6.023442983627319,3.3276121616363525,6.023442983627319,4.675527572631836,-1.3479154109954834,3.28125,5.875,4.578125,-1.296875
mistral_7b,14,valenced_nonopposite::affective::015,valenced_nonopposite,affective,valenced,nonopposite,-0.4,preference_control,4.09375,5.3125,3.9449381828308105,5.343752145767212,3.9449381828308105,5.343752145767212,4.644345164299011,-0.6994069814682007,4.09375,5.3125,4.703125,-0.609375
mistral_7b,14,valenced_nonopposite::affective::015,valenced_nonopposite,affective,valenced,nonopposite,-0.2,preference_control,4.625,4.40625,4.656081676483154,4.546878695487976,4.656081676483154,4.546878695487976,4.601480185985565,0.0546014904975891,4.625,4.40625,4.515625,0.109375
mistral_7b,14,valenced_nonopposite::affective::015,valenced_nonopposite,affective,valenced,nonopposite,0.0,preference_control,5.6875,3.46875,5.796801924705505,3.499996542930603,5.796801924705505,3.499996542930603,4.648399233818054,1.1484026908874512,5.6875,3.46875,4.578125,1.109375
mistral_7b,14,valenced_nonopposite::affective::015,valenced_nonopposite,affective,valenced,nonopposite,0.2,preference_control,7.375,2.09375,7.441394209861755,2.218743801116944,7.441394209861755,2.218743801116944,4.830069005489349,2.611325204372406,7.375,2.09375,4.734375,2.640625
mistral_7b,14,valenced_nonopposite::affective::015,valenced_nonopposite,affective,valenced,nonopposite,0.4,preference_control,9.21875,0.875,9.332794547080994,0.890616774559021,9.332794547080994,0.890616774559021,5.111705660820007,4.221088886260986,9.21875,0.875,5.046875,4.171875
mistral_7b,14,valenced_nonopposite::affective::015,valenced_nonopposite,affective,valenced,nonopposite,0.6,preference_control,10.625,-0.125,10.682947754859924,-0.187508225440979,10.682947754859924,-0.187508225440979,5.247719764709473,5.435227990150452,10.625,-0.125,5.25,5.375
mistral_7b,14,valenced_nonopposite::affective::015,valenced_nonopposite,affective,valenced,nonopposite,0.8,preference_control,11.15625,-1.0625,11.435505270957949,-1.0625063180923462,11.435505270957949,-1.0625063180923462,5.1864994764328,6.2490057945251465,11.15625,-1.0625,5.046875,6.109375
mistral_7b,14,valenced_nonopposite::affective::015,valenced_nonopposite,affective,valenced,nonopposite,1.0,preference_control,11.34375,-2.125,11.372941374778748,-2.132821202278137,11.372941374778748,-2.132821202278137,4.620060086250305,6.752881288528442,11.34375,-2.125,4.609375,6.734375
mistral_7b,14,valenced_nonopposite::affective::016,valenced_nonopposite,affective,valenced,nonopposite,-1.0,preference_control,-3.75,3.71875,-3.660138249397278,3.703162908554077,-3.660138249397278,3.703162908554077,0.0215123295783996,-3.6816505789756775,-3.75,3.71875,-0.015625,-3.734375
mistral_7b,14,valenced_nonopposite::affective::016,valenced_nonopposite,affective,valenced,nonopposite,-0.8,preference_control,-4.125,4.28125,-4.222635865211487,4.226604461669922,-4.222635865211487,4.226604461669922,0.0019842982292175,-4.224620163440704,-4.125,4.28125,0.078125,-4.203125
mistral_7b,14,valenced_nonopposite::affective::016,valenced_nonopposite,affective,valenced,nonopposite,-0.6,preference_control,-4.25,4.3125,-4.238261938095093,4.406290650367737,-4.238261938095093,4.406290650367737,0.084014356136322,-4.322276294231415,-4.25,4.3125,0.03125,-4.28125
mistral_7b,14,valenced_nonopposite::affective::016,valenced_nonopposite,affective,valenced,nonopposite,-0.4,preference_control,-3.6875,3.84375,-3.84373140335083,3.75004518032074,-3.84373140335083,3.75004518032074,-0.0468431115150451,-3.796888291835785,-3.6875,3.84375,0.078125,-3.765625
mistral_7b,14,valenced_nonopposite::affective::016,valenced_nonopposite,affective,valenced,nonopposite,-0.2,preference_control,-2.8125,2.53125,-3.1093558073043823,2.437538504600525,-3.1093558073043823,2.437538504600525,-0.3359086513519287,-2.7734471559524536,-2.8125,2.53125,-0.140625,-2.671875
mistral_7b,14,valenced_nonopposite::affective::016,valenced_nonopposite,affective,valenced,nonopposite,0.0,preference_control,-1.96875,1.5625,-2.0624825954437256,1.562537670135498,-2.0624825954437256,1.562537670135498,-0.2499724626541137,-1.812510132789612,-1.96875,1.5625,-0.203125,-1.765625
mistral_7b,14,valenced_nonopposite::affective::016,valenced_nonopposite,affective,valenced,nonopposite,0.2,preference_control,0.0625,1.6875,-0.0312336683273315,1.640650510787964,-0.0312336683273315,1.640650510787964,0.8047084212303162,-0.8359420895576477,0.0625,1.6875,0.875,-0.8125
mistral_7b,14,valenced_nonopposite::affective::016,valenced_nonopposite,affective,valenced,nonopposite,0.4,preference_control,3.8125,3.5625,3.968765616416931,3.570335268974304,3.968765616416931,3.570335268974304,3.7695504426956177,0.1992151737213134,3.8125,3.5625,3.6875,0.125
mistral_7b,14,valenced_nonopposite::affective::016,valenced_nonopposite,affective,valenced,nonopposite,0.6,preference_control,7.84375,6.1875,8.15821897983551,6.148458242416382,8.15821897983551,6.148458242416382,7.153338611125946,1.0048803687095642,7.84375,6.1875,7.015625,0.828125
mistral_7b,14,valenced_nonopposite::affective::016,valenced_nonopposite,affective,valenced,nonopposite,0.8,preference_control,10.09375,7.125,10.197286367416382,7.080101728439331,10.197286367416382,7.080101728439331,8.638694047927856,1.5585923194885254,10.09375,7.125,8.609375,1.484375
mistral_7b,14,valenced_nonopposite::affective::016,valenced_nonopposite,affective,valenced,nonopposite,1.0,preference_control,10.84375,7.03125,11.043965816497805,6.83986759185791,11.043965816497805,6.83986759185791,8.941916704177856,2.1020491123199463,10.84375,7.03125,8.9375,1.90625
mistral_7b,14,valenced_nonopposite::affective::017,valenced_nonopposite,affective,valenced,nonopposite,-1.0,preference_control,-9.640625,-1.1875,-9.636711478233336,-1.179680109024048,-9.636711478233336,-1.179680109024048,-5.408195793628693,-4.228515684604645,-9.640625,-1.1875,-5.4140625,-4.2265625
mistral_7b,14,valenced_nonopposite::affective::017,valenced_nonopposite,affective,valenced,nonopposite,-0.8,preference_control,-8.421875,-0.8125,-8.39061713218689,-0.929680347442627,-8.39061713218689,-0.929680347442627,-4.660148739814758,-3.7304683923721313,-8.421875,-0.8125,-4.6171875,-3.8046875
mistral_7b,14,valenced_nonopposite::affective::017,valenced_nonopposite,affective,valenced,nonopposite,-0.6,preference_control,-6.4375,-0.1875,-6.21873939037323,-0.4999929666519165,-6.21873939037323,-0.4999929666519165,-3.359366178512573,-2.8593732118606567,-6.4375,-0.1875,-3.3125,-3.125
mistral_7b,14,valenced_nonopposite::affective::017,valenced_nonopposite,affective,valenced,nonopposite,-0.4,preference_control,-2.96875,0.375,-2.8749715089797974,0.3750075101852417,-2.8749715089797974,0.3750075101852417,-1.2499819993972778,-1.6249895095825195,-2.96875,0.375,-1.296875,-1.671875
mistral_7b,14,valenced_nonopposite::affective::017,valenced_nonopposite,affective,valenced,nonopposite,-0.2,preference_control,2.15625,1.5625,2.09390389919281,1.312508225440979,2.09390389919281,1.312508225440979,1.7032060623168943,0.3906978368759155,2.15625,1.5625,1.859375,0.296875
mistral_7b,14,valenced_nonopposite::affective::017,valenced_nonopposite,affective,valenced,nonopposite,0.0,preference_control,6.875,3.375,6.968956589698792,3.195320963859558,6.968956589698792,3.195320963859558,5.082138776779175,1.8868178129196167,6.875,3.375,5.125,1.75
mistral_7b,14,valenced_nonopposite::affective::017,valenced_nonopposite,affective,valenced,nonopposite,0.2,preference_control,9.84375,7.03125,10.015724658966064,6.992194890975952,10.015724658966064,6.992194890975952,8.503959774971008,1.5117648839950562,9.84375,7.03125,8.4375,1.40625
mistral_7b,14,valenced_nonopposite::affective::017,valenced_nonopposite,affective,valenced,nonopposite,0.4,preference_control,12.515625,11.5625,12.675823092460632,11.513677597045898,12.675823092460632,11.513677597045898,12.094750344753264,0.5810727477073669,12.515625,11.5625,12.0390625,0.4765625
mistral_7b,14,valenced_nonopposite::affective::017,valenced_nonopposite,affective,valenced,nonopposite,0.6,preference_control,14.71875,14.578125,14.8379145860672,14.538090109825134,14.8379145860672,14.538090109825134,14.688002347946169,0.1499122381210327,14.71875,14.578125,14.6484375,0.0703125
mistral_7b,14,valenced_nonopposite::affective::017,valenced_nonopposite,affective,valenced,nonopposite,0.8,preference_control,16.234375,15.375,16.468767642974854,15.470706462860107,16.468767642974854,15.470706462860107,15.96973705291748,0.499030590057373,16.234375,15.375,15.8046875,0.4296875
mistral_7b,14,valenced_nonopposite::affective::017,valenced_nonopposite,affective,valenced,nonopposite,1.0,preference_control,17.09375,15.34375,17.112319231033325,15.479495286941528,17.112319231033325,15.479495286941528,16.295907258987427,0.8164119720458984,17.09375,15.34375,16.21875,0.875
mistral_7b,14,valenced_nonopposite::affective::018,valenced_nonopposite,affective,valenced,nonopposite,-1.0,preference_control,-1.6875,-4.5,-1.6561821699142456,-4.46864652633667,-1.6561821699142456,-4.46864652633667,-3.0624143481254578,1.4062321782112122,-1.6875,-4.5,-3.09375,1.40625
mistral_7b,14,valenced_nonopposite::affective::018,valenced_nonopposite,affective,valenced,nonopposite,-0.8,preference_control,-0.78125,-5.53125,-0.7499419450759888,-5.562430381774902,-0.7499419450759888,-5.562430381774902,-3.1561861634254456,2.406244218349457,-0.78125,-5.53125,-3.15625,2.375
mistral_7b,14,valenced_nonopposite::affective::018,valenced_nonopposite,affective,valenced,nonopposite,-0.6,preference_control,0.40625,-5.796875,0.4063079357147217,-5.812450289726257,0.4063079357147217,-5.812450289726257,-2.703071177005768,3.109379112720489,0.40625,-5.796875,-2.6953125,3.1015625
mistral_7b,14,valenced_nonopposite::affective::018,valenced_nonopposite,affective,valenced,nonopposite,-0.4,preference_control,2.0625,-5.53125,2.031306266784668,-5.562461495399475,2.031306266784668,-5.562461495399475,-1.7655776143074036,3.796883881092072,2.0625,-5.53125,-1.734375,3.796875
mistral_7b,14,valenced_nonopposite::affective::018,valenced_nonopposite,affective,valenced,nonopposite,-0.2,preference_control,5.40625,-4.15625,5.437569856643677,-4.187465310096741,5.437569856643677,-4.187465310096741,0.625052273273468,4.812517583370209,5.40625,-4.15625,0.625,4.78125
mistral_7b,14,valenced_nonopposite::affective::018,valenced_nonopposite,affective,valenced,nonopposite,0.0,preference_control,9.625,-0.9375,9.62516474723816,-0.9687162637710572,9.62516474723816,-0.9687162637710572,4.328224241733551,5.296940505504608,9.625,-0.9375,4.34375,5.28125
mistral_7b,14,valenced_nonopposite::affective::018,valenced_nonopposite,affective,valenced,nonopposite,0.2,preference_control,14.138671875,4.1875,14.188327550888062,4.187556028366089,14.188327550888062,4.187556028366089,9.187941789627075,5.000385761260986,14.138671875,4.1875,9.1630859375,4.9755859375
mistral_7b,14,valenced_nonopposite::affective::018,valenced_nonopposite,affective,valenced,nonopposite,0.4,preference_control,16.671875,9.4375,16.68321204185486,9.42206346988678,16.68321204185486,9.42206346988678,13.05263775587082,3.6305742859840393,16.671875,9.4375,13.0546875,3.6171875
mistral_7b,14,valenced_nonopposite::affective::018,valenced_nonopposite,affective,valenced,nonopposite,0.6,preference_control,17.625,13.328125,17.593719244003296,13.352122902870178,17.593719244003296,13.352122902870178,15.472921073436735,2.120798170566559,17.625,13.328125,15.4765625,2.1484375
mistral_7b,14,valenced_nonopposite::affective::018,valenced_nonopposite,affective,valenced,nonopposite,0.8,preference_control,18.046875,14.625,18.10742163658142,14.63805365562439,18.10742163658142,14.63805365562439,16.372737646102905,1.7346839904785156,18.046875,14.625,16.3359375,1.7109375
mistral_7b,14,valenced_nonopposite::affective::018,valenced_nonopposite,affective,valenced,nonopposite,1.0,preference_control,17.96875,14.4140625,18.03466749191284,14.435699224472046,18.03466749191284,14.435699224472046,16.235183358192444,1.799484133720398,17.96875,14.4140625,16.19140625,1.77734375
mistral_7b,14,valenced_nonopposite::affective::019,valenced_nonopposite,affective,valenced,nonopposite,-1.0,preference_control,-4.375,6.46875,-4.4999600648880005,6.422062039375305,-4.4999600648880005,6.422062039375305,0.9610509872436525,-5.461011052131653,-4.375,6.46875,1.046875,-5.421875
mistral_7b,14,valenced_nonopposite::affective::019,valenced_nonopposite,affective,valenced,nonopposite,-0.8,preference_control,-2.3125,4.78125,-2.374958872795105,4.953231573104858,-2.374958872795105,4.953231573104858,1.2891363501548767,-3.6640952229499817,-2.3125,4.78125,1.234375,-3.546875
mistral_7b,14,valenced_nonopposite::affective::019,valenced_nonopposite,affective,valenced,nonopposite,-0.6,preference_control,1.6875,3.6875,1.5625444650650024,3.7188040018081674,1.5625444650650024,3.7188040018081674,2.6406742334365845,-1.078129768371582,1.6875,3.6875,2.6875,-1.0
mistral_7b,14,valenced_nonopposite::affective::019,valenced_nonopposite,affective,valenced,nonopposite,-0.4,preference_control,6.3125,3.5625,6.375049710273743,3.4062753915786743,6.375049710273743,3.4062753915786743,4.8906625509262085,1.4843871593475342,6.3125,3.5625,4.9375,1.375
mistral_7b,14,valenced_nonopposite::affective::019,valenced_nonopposite,affective,valenced,nonopposite,-0.2,preference_control,9.8125,3.78125,9.656322598457336,3.6250275373458862,9.656322598457336,3.6250275373458862,6.640675067901611,3.015647530555725,9.8125,3.78125,6.796875,3.015625
mistral_7b,14,valenced_nonopposite::affective::019,valenced_nonopposite,affective,valenced,nonopposite,0.0,preference_control,12.3203125,4.65625,12.281346678733826,4.593788266181946,12.281346678733826,4.593788266181946,8.437567472457886,3.84377920627594,12.3203125,4.65625,8.48828125,3.83203125
mistral_7b,14,valenced_nonopposite::affective::019,valenced_nonopposite,affective,valenced,nonopposite,0.2,preference_control,14.546875,6.21875,14.45325481891632,6.40632164478302,14.45325481891632,6.40632164478302,10.42978823184967,4.02346658706665,14.546875,6.21875,10.3828125,4.1640625
mistral_7b,14,valenced_nonopposite::affective::019,valenced_nonopposite,affective,valenced,nonopposite,0.4,preference_control,15.7265625,9.5,15.73848569393158,9.511836528778076,15.73848569393158,9.511836528778076,12.625161111354828,3.113324582576752,15.7265625,9.5,12.61328125,3.11328125
mistral_7b,14,valenced_nonopposite::affective::019,valenced_nonopposite,affective,valenced,nonopposite,0.6,preference_control,16.18359375,12.796875,16.148276686668396,12.751232028007507,16.148276686668396,12.751232028007507,14.449754357337952,1.6985223293304443,16.18359375,12.796875,14.490234375,1.693359375
mistral_7b,14,valenced_nonopposite::affective::019,valenced_nonopposite,affective,valenced,nonopposite,0.8,preference_control,15.95703125,14.15625,15.904221773147585,14.109662175178528,15.904221773147585,14.109662175178528,15.006941974163055,0.8972797989845276,15.95703125,14.15625,15.056640625,0.900390625
mistral_7b,14,valenced_nonopposite::affective::019,valenced_nonopposite,affective,valenced,nonopposite,1.0,preference_control,15.32421875,14.1640625,15.287577629089355,14.260058999061584,15.287577629089355,14.260058999061584,14.77381831407547,0.5137593150138855,15.32421875,14.1640625,14.744140625,0.580078125
mistral_7b,14,valenced_nonopposite::deontic::000,valenced_nonopposite,deontic,valenced,nonopposite,-1.0,preference_control,-14.8359375,2.6875,-14.553979635238647,2.21699333190918,-14.553979635238647,2.21699333190918,-6.168493151664734,-8.385486483573914,-14.8359375,2.6875,-6.07421875,-8.76171875
mistral_7b,14,valenced_nonopposite::deontic::000,valenced_nonopposite,deontic,valenced,nonopposite,-0.8,preference_control,-15.3828125,1.625,-15.20649528503418,1.369292378425598,-15.20649528503418,1.369292378425598,-6.918601453304291,-8.287893831729889,-15.3828125,1.625,-6.87890625,-8.50390625
mistral_7b,14,valenced_nonopposite::deontic::000,valenced_nonopposite,deontic,valenced,nonopposite,-0.6,preference_control,-15.314453125,0.125,-15.136125683784485,-0.3046412467956543,-15.136125683784485,-0.3046412467956543,-7.72038346529007,-7.415742218494415,-15.314453125,0.125,-7.5947265625,-7.7197265625
mistral_7b,14,valenced_nonopposite::deontic::000,valenced_nonopposite,deontic,valenced,nonopposite,-0.4,preference_control,-14.6328125,-1.5,-14.468320846557615,-1.723008394241333,-14.468320846557615,-1.723008394241333,-8.095664620399475,-6.372656226158142,-14.6328125,-1.5,-8.06640625,-6.56640625
mistral_7b,14,valenced_nonopposite::deontic::000,valenced_nonopposite,deontic,valenced,nonopposite,-0.2,preference_control,-12.8828125,-2.625,-12.81213879585266,-2.602457642555237,-12.81213879585266,-2.602457642555237,-7.707298219203949,-5.104840576648712,-12.8828125,-2.625,-7.75390625,-5.12890625
mistral_7b,14,valenced_nonopposite::deontic::000,valenced_nonopposite,deontic,valenced,nonopposite,0.0,preference_control,-10.125,-1.375,-10.03084921836853,-1.3516614437103271,-10.03084921836853,-1.3516614437103271,-5.691255331039429,-4.339593887329102,-10.125,-1.375,-5.75,-4.375
mistral_7b,14,valenced_nonopposite::deontic::000,valenced_nonopposite,deontic,valenced,nonopposite,0.2,preference_control,-5.25,2.625,-5.421496510505676,2.4455103874206543,-5.421496510505676,2.4455103874206543,-1.487993061542511,-3.933503448963165,-5.25,2.625,-1.3125,-3.9375
mistral_7b,14,valenced_nonopposite::deontic::000,valenced_nonopposite,deontic,valenced,nonopposite,0.4,preference_control,-0.5625,7.78125,-0.3433061838150024,7.580597639083862,-0.3433061838150024,7.580597639083862,3.61864572763443,-3.961951911449432,-0.5625,7.78125,3.609375,-4.171875
mistral_7b,14,valenced_nonopposite::deontic::000,valenced_nonopposite,deontic,valenced,nonopposite,0.6,preference_control,3.5625,11.71875,3.4302583932876587,11.327233791351318,3.4302583932876587,11.327233791351318,7.378746092319488,-3.94848769903183,3.5625,11.71875,7.640625,-4.078125
mistral_7b,14,valenced_nonopposite::deontic::000,valenced_nonopposite,deontic,valenced,nonopposite,0.8,preference_control,8.1875,13.203125,8.047812342643738,13.23382318019867,8.047812342643738,13.23382318019867,10.640817761421204,-2.593005418777466,8.1875,13.203125,10.6953125,-2.5078125
mistral_7b,14,valenced_nonopposite::deontic::000,valenced_nonopposite,deontic,valenced,nonopposite,1.0,preference_control,11.15625,13.25,10.855856776237488,13.037430763244627,10.855856776237488,13.037430763244627,11.946643769741058,-1.0907869935035706,11.15625,13.25,12.203125,-1.046875
mistral_7b,14,valenced_nonopposite::deontic::001,valenced_nonopposite,deontic,valenced,nonopposite,-1.0,preference_control,6.53125,8.921875,6.54689371585846,8.921882271766663,6.54689371585846,8.921882271766663,7.734387993812561,-1.1874942779541016,6.53125,8.921875,7.7265625,-1.1953125
mistral_7b,14,valenced_nonopposite::deontic::001,valenced_nonopposite,deontic,valenced,nonopposite,-0.8,preference_control,7.6875,8.40625,7.695327877998352,8.390631318092346,7.695327877998352,8.390631318092346,8.04297959804535,-0.347651720046997,7.6875,8.40625,8.046875,-0.359375
mistral_7b,14,valenced_nonopposite::deontic::001,valenced_nonopposite,deontic,valenced,nonopposite,-0.6,preference_control,8.171875,7.5,8.203139066696167,7.476568937301636,8.203139066696167,7.476568937301636,7.839854001998901,0.3632850646972656,8.171875,7.5,7.8359375,0.3359375
mistral_7b,14,valenced_nonopposite::deontic::001,valenced_nonopposite,deontic,valenced,nonopposite,-0.4,preference_control,7.9375,6.359375,7.906264185905456,6.343756675720215,7.906264185905456,6.343756675720215,7.125010430812836,0.7812537550926208,7.9375,6.359375,7.1484375,0.7890625
mistral_7b,14,valenced_nonopposite::deontic::001,valenced_nonopposite,deontic,valenced,nonopposite,-0.2,preference_control,7.328125,5.109375,7.312512636184692,5.093756079673767,7.312512636184692,5.093756079673767,6.20313435792923,1.1093782782554626,7.328125,5.109375,6.21875,1.109375
mistral_7b,14,valenced_nonopposite::deontic::001,valenced_nonopposite,deontic,valenced,nonopposite,0.0,preference_control,7.09375,3.75,7.093762636184692,3.7812575101852417,7.093762636184692,3.7812575101852417,5.437510073184967,1.6562525629997251,7.09375,3.75,5.421875,1.671875
mistral_7b,14,valenced_nonopposite::deontic::001,valenced_nonopposite,deontic,valenced,nonopposite,0.2,preference_control,8.390625,3.5,8.421887636184692,3.531256675720215,8.421887636184692,3.531256675720215,5.976572155952454,2.4453154802322388,8.390625,3.5,5.9453125,2.4453125
mistral_7b,14,valenced_nonopposite::deontic::001,valenced_nonopposite,deontic,valenced,nonopposite,0.4,preference_control,10.703125,4.71875,10.695326924324036,4.703132033348084,10.695326924324036,4.703132033348084,7.69922947883606,2.996097445487976,10.703125,4.71875,7.7109375,2.9921875
mistral_7b,14,valenced_nonopposite::deontic::001,valenced_nonopposite,deontic,valenced,nonopposite,0.6,preference_control,13.078125,6.75,13.10548770427704,6.757823467254639,13.10548770427704,6.757823467254639,9.93165558576584,3.1738321185112,13.078125,6.75,9.9140625,3.1640625
mistral_7b,14,valenced_nonopposite::deontic::001,valenced_nonopposite,deontic,valenced,nonopposite,0.8,preference_control,14.71875,8.34375,14.692418813705444,8.349627375602722,14.692418813705444,8.349627375602722,11.521023094654083,3.171395719051361,14.71875,8.34375,11.53125,3.1875
mistral_7b,14,valenced_nonopposite::deontic::001,valenced_nonopposite,deontic,valenced,nonopposite,1.0,preference_control,15.375,8.6875,15.350157737731934,8.689483284950256,15.350157737731934,8.689483284950256,12.019820511341097,3.330337226390838,15.375,8.6875,12.03125,3.34375
mistral_7b,14,valenced_nonopposite::deontic::002,valenced_nonopposite,deontic,valenced,nonopposite,-1.0,preference_control,-7.9375,5.875,-7.945264101028442,5.880967974662781,-7.945264101028442,5.880967974662781,-1.0321480631828308,-6.913116037845612,-7.9375,5.875,-1.03125,-6.90625
mistral_7b,14,valenced_nonopposite::deontic::002,valenced_nonopposite,deontic,valenced,nonopposite,-0.8,preference_control,-9.6875,3.4375,-9.66206443309784,3.433693766593933,-9.66206443309784,3.433693766593933,-3.114185333251953,-6.547879099845886,-9.6875,3.4375,-3.125,-6.5625
mistral_7b,14,valenced_nonopposite::deontic::002,valenced_nonopposite,deontic,valenced,nonopposite,-0.6,preference_control,-10.9375,0.6875,-10.95698618888855,0.6876126527786255,-10.95698618888855,0.6876126527786255,-5.134686768054962,-5.822299420833588,-10.9375,0.6875,-5.125,-5.8125
mistral_7b,14,valenced_nonopposite::deontic::002,valenced_nonopposite,deontic,valenced,nonopposite,-0.4,preference_control,-10.8125,-0.75,-10.800737142562866,-0.7498229742050171,-10.800737142562866,-0.7498229742050171,-5.775280058383942,-5.025457084178925,-10.8125,-0.75,-5.78125,-5.03125
mistral_7b,14,valenced_nonopposite::deontic::002,valenced_nonopposite,deontic,valenced,nonopposite,-0.2,preference_control,-9.375,-0.375,-9.394481658935549,-0.3746457099914551,-9.394481658935549,-0.3746457099914551,-4.884563684463501,-4.509917974472046,-9.375,-0.375,-4.875,-4.5
mistral_7b,14,valenced_nonopposite::deontic::002,valenced_nonopposite,deontic,valenced,nonopposite,0.0,preference_control,-5.6875,-0.6875,-5.6952714920043945,-0.6868329048156738,-5.6952714920043945,-0.6868329048156738,-3.191052198410034,-2.5042192935943604,-5.6875,-0.6875,-3.1875,-2.5
mistral_7b,14,valenced_nonopposite::deontic::002,valenced_nonopposite,deontic,valenced,nonopposite,0.2,preference_control,-0.5,1.375,-0.4999508857727051,1.3837156295776367,-0.4999508857727051,1.3837156295776367,0.4418823719024658,-0.9418332576751708,-0.5,1.375,0.4375,-0.9375
mistral_7b,14,valenced_nonopposite::deontic::002,valenced_nonopposite,deontic,valenced,nonopposite,0.4,preference_control,2.625,10.5625,2.621150255203247,10.539445042610168,2.621150255203247,10.539445042610168,6.580297648906708,-3.9591473937034607,2.625,10.5625,6.59375,-3.96875
mistral_7b,14,valenced_nonopposite::deontic::002,valenced_nonopposite,deontic,valenced,nonopposite,0.6,preference_control,6.5625,14.359375,6.572357416152954,14.355594038963318,6.572357416152954,14.355594038963318,10.463975727558136,-3.891618311405182,6.5625,14.359375,10.4609375,-3.8984375
mistral_7b,14,valenced_nonopposite::deontic::002,valenced_nonopposite,deontic,valenced,nonopposite,0.8,preference_control,9.75,14.84375,9.775556921958923,14.873186469078064,9.775556921958923,14.873186469078064,12.324371695518494,-2.5488147735595703,9.75,14.84375,12.296875,-2.546875
mistral_7b,14,valenced_nonopposite::deontic::002,valenced_nonopposite,deontic,valenced,nonopposite,1.0,preference_control,11.28125,14.734375,11.273706793785095,14.72084927558899,11.273706793785095,14.72084927558899,12.997278034687042,-1.723571240901947,11.28125,14.734375,13.0078125,-1.7265625
mistral_7b,14,valenced_nonopposite::deontic::003,valenced_nonopposite,deontic,valenced,nonopposite,-1.0,preference_control,6.8125,10.59375,6.816407203674316,10.585967063903809,6.816407203674316,10.585967063903809,8.701187133789062,-1.884779930114746,6.8125,10.59375,8.703125,-1.890625
mistral_7b,14,valenced_nonopposite::deontic::003,valenced_nonopposite,deontic,valenced,nonopposite,-0.8,preference_control,7.25,10.25390625,7.257813453674316,10.265654921531675,7.257813453674316,10.265654921531675,8.761734187602997,-1.5039207339286804,7.25,10.25390625,8.751953125,-1.501953125
mistral_7b,14,valenced_nonopposite::deontic::003,valenced_nonopposite,deontic,valenced,nonopposite,-0.6,preference_control,7.625,9.04296875,7.632814049720764,9.062544107437134,7.632814049720764,9.062544107437134,8.347679078578949,-0.7148650288581848,7.625,9.04296875,8.333984375,-0.708984375
mistral_7b,14,valenced_nonopposite::deontic::003,valenced_nonopposite,deontic,valenced,nonopposite,-0.4,preference_control,7.59375,7.84765625,7.609377264976501,7.812545537948608,7.609377264976501,7.812545537948608,7.710961401462555,-0.1015841364860534,7.59375,7.84765625,7.720703125,-0.126953125
mistral_7b,14,valenced_nonopposite::deontic::003,valenced_nonopposite,deontic,valenced,nonopposite,-0.2,preference_control,7.6796875,7.27734375,7.656254529953003,7.281296253204346,7.656254529953003,7.281296253204346,7.468775391578674,0.1874791383743286,7.6796875,7.27734375,7.478515625,0.201171875
mistral_7b,14,valenced_nonopposite::deontic::003,valenced_nonopposite,deontic,valenced,nonopposite,0.0,preference_control,8.64453125,7.7109375,8.640630841255188,7.718771457672119,8.640630841255188,7.718771457672119,8.179701149463654,0.4609296917915344,8.64453125,7.7109375,8.177734375,0.466796875
mistral_7b,14,valenced_nonopposite::deontic::003,valenced_nonopposite,deontic,valenced,nonopposite,0.2,preference_control,10.15625,8.671875,10.164068341255188,8.68750774860382,10.164068341255188,8.68750774860382,9.425788044929504,0.7382802963256836,10.15625,8.671875,9.4140625,0.7421875
mistral_7b,14,valenced_nonopposite::deontic::003,valenced_nonopposite,deontic,valenced,nonopposite,0.4,preference_control,12.23828125,9.8125,12.222663402557371,9.828128337860107,12.222663402557371,9.828128337860107,11.02539587020874,1.1972675323486328,12.23828125,9.8125,11.025390625,1.212890625
mistral_7b,14,valenced_nonopposite::deontic::003,valenced_nonopposite,deontic,valenced,nonopposite,0.6,preference_control,15.8212890625,11.328125,15.796884298324583,11.328127026557922,15.796884298324583,11.328127026557922,13.562505662441254,2.2343786358833317,15.8212890625,11.328125,13.57470703125,2.24658203125
mistral_7b,14,valenced_nonopposite::deontic::003,valenced_nonopposite,deontic,valenced,nonopposite,0.8,preference_control,18.673828125,11.90625,18.686532616615292,11.916017413139343,18.686532616615292,11.916017413139343,15.30127501487732,3.385257601737976,18.673828125,11.90625,15.2900390625,3.3837890625
mistral_7b,14,valenced_nonopposite::deontic::003,valenced_nonopposite,deontic,valenced,nonopposite,1.0,preference_control,19.572265625,10.9375,19.582528710365292,10.953126668930054,19.582528710365292,10.953126668930054,15.267827689647676,4.314701020717621,19.572265625,10.9375,15.2548828125,4.3173828125
mistral_7b,14,valenced_nonopposite::deontic::004,valenced_nonopposite,deontic,valenced,nonopposite,-1.0,preference_control,-7.375,-0.8125,-7.390213370323181,-0.8124059438705444,-7.390213370323181,-0.8124059438705444,-4.101309657096863,-3.2889037132263184,-7.375,-0.8125,-4.09375,-3.28125
mistral_7b,14,valenced_nonopposite::deontic::004,valenced_nonopposite,deontic,valenced,nonopposite,-0.8,preference_control,-6.78125,-1.3125,-6.811965823173523,-1.312384009361267,-6.811965823173523,-1.312384009361267,-4.062174916267395,-2.749790906906128,-6.78125,-1.3125,-4.046875,-2.734375
mistral_7b,14,valenced_nonopposite::deontic::004,valenced_nonopposite,deontic,valenced,nonopposite,-0.6,preference_control,-5.5,-1.4375,-5.499184727668762,-1.437379240989685,-5.499184727668762,-1.437379240989685,-3.468281984329224,-2.0309027433395386,-5.5,-1.4375,-3.46875,-2.03125
mistral_7b,14,valenced_nonopposite::deontic::004,valenced_nonopposite,deontic,valenced,nonopposite,-0.4,preference_control,-3.78125,-1.375,-3.780126690864563,-1.3748571872711182,-3.780126690864563,-1.3748571872711182,-2.577491939067841,-1.2026347517967224,-3.78125,-1.375,-2.578125,-1.203125
mistral_7b,14,valenced_nonopposite::deontic::004,valenced_nonopposite,deontic,valenced,nonopposite,-0.2,preference_control,-1.6875,-1.125,-1.6850824356079102,-1.14044189453125,-1.6850824356079102,-1.14044189453125,-1.41276216506958,-0.2723202705383301,-1.6875,-1.125,-1.40625,-0.28125
mistral_7b,14,valenced_nonopposite::deontic::004,valenced_nonopposite,deontic,valenced,nonopposite,0.0,preference_control,0.78125,-0.53125,0.7859189510345459,-0.5310368537902832,0.7859189510345459,-0.5310368537902832,0.1274410486221313,0.6584779024124146,0.78125,-0.53125,0.125,0.65625
mistral_7b,14,valenced_nonopposite::deontic::004,valenced_nonopposite,deontic,valenced,nonopposite,0.2,preference_control,3.375,0.90625,3.379552960395813,0.9064924716949464,3.379552960395813,0.9064924716949464,2.14302271604538,1.2365302443504331,3.375,0.90625,2.140625,1.234375
mistral_7b,14,valenced_nonopposite::deontic::004,valenced_nonopposite,deontic,valenced,nonopposite,0.4,preference_control,6.09375,3.5625,6.113070368766785,3.562732219696045,6.113070368766785,3.562732219696045,4.837901294231415,1.27516907453537,6.09375,3.5625,4.828125,1.265625
mistral_7b,14,valenced_nonopposite::deontic::004,valenced_nonopposite,deontic,valenced,nonopposite,0.6,preference_control,9.28125,6.6875,9.267852425575256,6.719298601150513,9.267852425575256,6.719298601150513,7.993575513362884,1.2742769122123718,9.28125,6.6875,7.984375,1.296875
mistral_7b,14,valenced_nonopposite::deontic::004,valenced_nonopposite,deontic,valenced,nonopposite,0.8,preference_control,11.203125,8.0,11.181522250175476,8.017049431800842,11.181522250175476,8.017049431800842,9.59928584098816,1.582236409187317,11.203125,8.0,9.6015625,1.6015625
mistral_7b,14,valenced_nonopposite::deontic::004,valenced_nonopposite,deontic,valenced,nonopposite,1.0,preference_control,11.46875,7.921875,11.495458364486694,7.941168308258057,11.495458364486694,7.941168308258057,9.718313336372375,1.7771450281143188,11.46875,7.921875,9.6953125,1.7734375
mistral_7b,14,valenced_nonopposite::deontic::005,valenced_nonopposite,deontic,valenced,nonopposite,-1.0,preference_control,-1.0,-0.4375,-0.9842648506164552,-0.5011976957321167,-0.9842648506164552,-0.5011976957321167,-0.7427312731742859,-0.2415335774421692,-1.0,-0.4375,-0.71875,-0.28125
mistral_7b,14,valenced_nonopposite::deontic::005,valenced_nonopposite,deontic,valenced,nonopposite,-0.8,preference_control,-1.5625,-0.375,-1.533039927482605,-0.4354391098022461,-1.533039927482605,-0.4354391098022461,-0.9842395186424256,-0.5488004088401794,-1.5625,-0.375,-0.96875,-0.59375
mistral_7b,14,valenced_nonopposite::deontic::005,valenced_nonopposite,deontic,valenced,nonopposite,-0.6,preference_control,-0.5,-0.3125,-0.5083614587783813,-0.3009527921676636,-0.5083614587783813,-0.3009527921676636,-0.4046571254730224,-0.1037043333053588,-0.5,-0.3125,-0.40625,-0.09375
mistral_7b,14,valenced_nonopposite::deontic::005,valenced_nonopposite,deontic,valenced,nonopposite,-0.4,preference_control,1.59375,0.5,1.784989595413208,0.4843690395355224,1.784989595413208,0.4843690395355224,1.1346793174743652,0.6503102779388428,1.59375,0.5,1.046875,0.546875
mistral_7b,14,valenced_nonopposite::deontic::005,valenced_nonopposite,deontic,valenced,nonopposite,-0.2,preference_control,3.84375,1.53125,4.568385124206543,1.556058406829834,4.568385124206543,1.556058406829834,3.0622217655181885,1.5061633586883545,3.84375,1.53125,2.6875,1.15625
mistral_7b,14,valenced_nonopposite::deontic::005,valenced_nonopposite,deontic,valenced,nonopposite,0.0,preference_control,5.91796875,2.140625,8.137134552001953,2.737995386123657,8.137134552001953,2.737995386123657,5.437564969062805,2.699569582939148,5.91796875,2.140625,4.029296875,1.888671875
mistral_7b,14,valenced_nonopposite::deontic::005,valenced_nonopposite,deontic,valenced,nonopposite,0.2,preference_control,8.51171875,2.65625,11.375023126602173,3.0781556367874146,11.375023126602173,3.0781556367874146,7.226589381694794,4.148433744907379,8.51171875,2.65625,5.583984375,2.927734375
mistral_7b,14,valenced_nonopposite::deontic::005,valenced_nonopposite,deontic,valenced,nonopposite,0.4,preference_control,10.21875,3.625,12.578164219856262,3.60939109325409,12.578164219856262,3.60939109325409,8.093777656555176,4.484386563301086,10.21875,3.625,6.921875,3.296875
mistral_7b,14,valenced_nonopposite::deontic::005,valenced_nonopposite,deontic,valenced,nonopposite,0.6,preference_control,12.75,6.53125,15.05471420288086,6.13453471660614,15.05471420288086,6.13453471660614,10.5946244597435,4.46008974313736,12.75,6.53125,9.640625,3.109375
mistral_7b,14,valenced_nonopposite::deontic::005,valenced_nonopposite,deontic,valenced,nonopposite,0.8,preference_control,14.40625,8.03125,16.465593576431274,7.686110615730286,16.465593576431274,7.686110615730286,12.07585209608078,4.389741480350494,14.40625,8.03125,11.21875,3.1875
mistral_7b,14,valenced_nonopposite::deontic::005,valenced_nonopposite,deontic,valenced,nonopposite,1.0,preference_control,14.796875,7.96875,16.706559777259827,7.619270801544189,16.706559777259827,7.619270801544189,12.162915289402008,4.543644487857819,14.796875,7.96875,11.3828125,3.4140625
mistral_7b,14,valenced_nonopposite::deontic::006,valenced_nonopposite,deontic,valenced,nonopposite,-1.0,preference_control,-6.890625,-0.875,-6.717018008232117,-1.0623137950897217,-6.717018008232117,-1.0623137950897217,-3.889665901660919,-2.827352106571197,-6.890625,-0.875,-3.8828125,-3.0078125
mistral_7b,14,valenced_nonopposite::deontic::006,valenced_nonopposite,deontic,valenced,nonopposite,-0.8,preference_control,-6.5478515625,-1.5,-6.185487508773804,-1.5310978889465332,-6.185487508773804,-1.5310978889465332,-3.858292698860169,-2.3271948099136357,-6.5478515625,-1.5,-4.02392578125,-2.52392578125
mistral_7b,14,valenced_nonopposite::deontic::006,valenced_nonopposite,deontic,valenced,nonopposite,-0.6,preference_control,-4.92431640625,-2.65625,-4.935283303260803,-2.6873016357421875,-4.935283303260803,-2.6873016357421875,-3.811292469501496,-1.123990833759308,-4.92431640625,-2.65625,-3.790283203125,-1.134033203125
mistral_7b,14,valenced_nonopposite::deontic::006,valenced_nonopposite,deontic,valenced,nonopposite,-0.4,preference_control,-3.287109375,-3.34375,-3.31015419960022,-3.593540668487549,-3.31015419960022,-3.593540668487549,-3.4518474340438843,0.1416932344436645,-3.287109375,-3.34375,-3.3154296875,0.0283203125
mistral_7b,14,valenced_nonopposite::deontic::006,valenced_nonopposite,deontic,valenced,nonopposite,-0.2,preference_control,-1.296875,-3.15625,-1.310584306716919,-3.280971884727478,-1.310584306716919,-3.280971884727478,-2.2957780957221985,0.9851937890052797,-1.296875,-3.15625,-2.2265625,0.9296875
mistral_7b,14,valenced_nonopposite::deontic::006,valenced_nonopposite,deontic,valenced,nonopposite,0.0,preference_control,-0.1953125,-2.296875,-0.0613701343536376,-2.3747849464416504,-0.0613701343536376,-2.3747849464416504,-1.218077540397644,1.1567074060440063,-0.1953125,-2.296875,-1.24609375,1.05078125
mistral_7b,14,valenced_nonopposite::deontic::006,valenced_nonopposite,deontic,valenced,nonopposite,0.2,preference_control,0.5,-1.234375,0.3754515647888183,-1.2498918771743774,0.3754515647888183,-1.2498918771743774,-0.4372201561927795,0.8126717209815979,0.5,-1.234375,-0.3671875,0.8671875
mistral_7b,14,valenced_nonopposite::deontic::006,valenced_nonopposite,deontic,valenced,nonopposite,0.4,preference_control,1.65625,1.84375,1.6876685619354248,1.7500520944595337,1.6876685619354248,1.7500520944595337,1.7188603281974792,-0.0311917662620544,1.65625,1.84375,1.75,-0.09375
mistral_7b,14,valenced_nonopposite::deontic::006,valenced_nonopposite,deontic,valenced,nonopposite,0.6,preference_control,4.96875,7.5,4.812463283538818,7.672008037567139,4.812463283538818,7.672008037567139,6.2422356605529785,-1.4297723770141602,4.96875,7.5,6.234375,-1.265625
mistral_7b,14,valenced_nonopposite::deontic::006,valenced_nonopposite,deontic,valenced,nonopposite,0.8,preference_control,8.625,11.09375,8.468519449234009,11.180027604103088,8.468519449234009,11.180027604103088,9.824273526668549,-1.3557540774345398,8.625,11.09375,9.859375,-1.234375
mistral_7b,14,valenced_nonopposite::deontic::006,valenced_nonopposite,deontic,valenced,nonopposite,1.0,preference_control,10.75,11.515625,10.726058721542358,11.44169056415558,10.726058721542358,11.44169056415558,11.083874642848969,-0.3578159213066101,10.75,11.515625,11.1328125,-0.3828125
mistral_7b,14,valenced_nonopposite::deontic::007,valenced_nonopposite,deontic,valenced,nonopposite,-1.0,preference_control,4.21875,3.0625,4.257672667503357,2.937482714653015,4.257672667503357,2.937482714653015,3.597577691078186,0.6600949764251709,4.21875,3.0625,3.640625,0.578125
mistral_7b,14,valenced_nonopposite::deontic::007,valenced_nonopposite,deontic,valenced,nonopposite,-0.8,preference_control,4.8125,2.5625,4.8241108655929565,2.54686439037323,4.8241108655929565,2.54686439037323,3.685487627983093,1.1386232376098633,4.8125,2.5625,3.6875,1.125
mistral_7b,14,valenced_nonopposite::deontic::007,valenced_nonopposite,deontic,valenced,nonopposite,-0.6,preference_control,4.5625,2.125,4.593668580055237,2.12500274181366,4.593668580055237,2.12500274181366,3.359335660934448,1.2343329191207886,4.5625,2.125,3.34375,1.21875
mistral_7b,14,valenced_nonopposite::deontic::007,valenced_nonopposite,deontic,valenced,nonopposite,-0.4,preference_control,3.875,1.375,4.054606556892395,1.328144073486328,4.054606556892395,1.328144073486328,2.6913753151893616,1.3632312417030334,3.875,1.375,2.625,1.25
mistral_7b,14,valenced_nonopposite::deontic::007,valenced_nonopposite,deontic,valenced,nonopposite,-0.2,preference_control,2.90625,0.125,2.9842861890792847,0.125032901763916,2.9842861890792847,0.125032901763916,1.5546595454216003,1.4296266436576843,2.90625,0.125,1.515625,1.390625
mistral_7b,14,valenced_nonopposite::deontic::007,valenced_nonopposite,deontic,valenced,nonopposite,0.0,preference_control,2.25,-1.40625,2.4999269247055054,-1.359357237815857,2.4999269247055054,-1.359357237815857,0.5702848434448242,1.9296420812606807,2.25,-1.40625,0.421875,1.828125
mistral_7b,14,valenced_nonopposite::deontic::007,valenced_nonopposite,deontic,valenced,nonopposite,0.2,preference_control,3.78125,-1.5625,4.031197786331177,-1.6250072717666626,4.031197786331177,-1.6250072717666626,1.203095257282257,2.82810252904892,3.78125,-1.5625,1.109375,2.671875
mistral_7b,14,valenced_nonopposite::deontic::007,valenced_nonopposite,deontic,valenced,nonopposite,0.4,preference_control,7.3125,0.5,7.476501822471619,0.4374870061874389,7.476501822471619,0.4374870061874389,3.956994414329529,3.51950740814209,7.3125,0.5,3.90625,3.40625
mistral_7b,14,valenced_nonopposite::deontic::007,valenced_nonopposite,deontic,valenced,nonopposite,0.6,preference_control,9.875,2.25,10.038989186286926,2.123029351234436,10.038989186286926,2.123029351234436,6.081009268760681,3.957979917526245,9.875,2.25,6.0625,3.8125
mistral_7b,14,valenced_nonopposite::deontic::007,valenced_nonopposite,deontic,valenced,nonopposite,0.8,preference_control,11.53125,3.5625,11.657137036323547,3.5566213130950928,11.657137036323547,3.5566213130950928,7.60687917470932,4.050257861614227,11.53125,3.5625,7.546875,3.984375
mistral_7b,14,valenced_nonopposite::deontic::007,valenced_nonopposite,deontic,valenced,nonopposite,1.0,preference_control,12.0625,3.5625,12.229362845420836,3.4413801431655884,12.229362845420836,3.4413801431655884,7.835371494293213,4.3939913511276245,12.0625,3.5625,7.8125,4.25
mistral_7b,14,valenced_nonopposite::deontic::008,valenced_nonopposite,deontic,valenced,nonopposite,-1.0,preference_control,-4.625,-1.125,-4.68761420249939,-1.2667616605758667,-4.68761420249939,-1.2667616605758667,-2.977187931537628,-1.7104262709617617,-4.625,-1.125,-2.875,-1.75
mistral_7b,14,valenced_nonopposite::deontic::008,valenced_nonopposite,deontic,valenced,nonopposite,-0.8,preference_control,-5.5625,-2.5625,-5.363463640213013,-2.415353894233704,-5.363463640213013,-2.415353894233704,-3.889408767223358,-1.4740548729896543,-5.5625,-2.5625,-4.0625,-1.5
mistral_7b,14,valenced_nonopposite::deontic::008,valenced_nonopposite,deontic,valenced,nonopposite,-0.6,preference_control,-6.0,-3.625,-5.97687029838562,-3.759098410606384,-5.97687029838562,-3.759098410606384,-4.867984354496002,-1.108885943889618,-6.0,-3.625,-4.8125,-1.1875
mistral_7b,14,valenced_nonopposite::deontic::008,valenced_nonopposite,deontic,valenced,nonopposite,-0.4,preference_control,-6.125,-4.375,-6.117603540420532,-4.36082935333252,-6.117603540420532,-4.36082935333252,-5.239216446876526,-0.8783870935440063,-6.125,-4.375,-5.25,-0.875
mistral_7b,14,valenced_nonopposite::deontic::008,valenced_nonopposite,deontic,valenced,nonopposite,-0.2,preference_control,-5.6875,-4.46875,-5.703454971313477,-4.516607284545898,-5.703454971313477,-4.516607284545898,-5.110031127929688,-0.5934238433837891,-5.6875,-4.46875,-5.078125,-0.609375
mistral_7b,14,valenced_nonopposite::deontic::008,valenced_nonopposite,deontic,valenced,nonopposite,0.0,preference_control,-3.5625,-3.84375,-3.796986699104309,-3.594408869743347,-3.796986699104309,-3.594408869743347,-3.695697784423828,-0.1012889146804809,-3.5625,-3.84375,-3.703125,0.140625
mistral_7b,14,valenced_nonopposite::deontic::008,valenced_nonopposite,deontic,valenced,nonopposite,0.2,preference_control,1.15625,-1.25,0.9375016689300536,-1.172163963317871,0.9375016689300536,-1.172163963317871,-0.1173311471939086,1.0548328161239624,1.15625,-1.25,-0.046875,1.203125
mistral_7b,14,valenced_nonopposite::deontic::008,valenced_nonopposite,deontic,valenced,nonopposite,0.4,preference_control,6.75,3.625,6.6406577825546265,3.257623672485352,6.6406577825546265,3.257623672485352,4.949140727519989,1.6915170550346377,6.75,3.625,5.1875,1.5625
mistral_7b,14,valenced_nonopposite::deontic::008,valenced_nonopposite,deontic,valenced,nonopposite,0.6,preference_control,10.78125,7.25,10.648488521575928,6.849489092826843,10.648488521575928,6.849489092826843,8.748988807201385,1.8994997143745425,10.78125,7.25,9.015625,1.765625
mistral_7b,14,valenced_nonopposite::deontic::008,valenced_nonopposite,deontic,valenced,nonopposite,0.8,preference_control,13.25,8.15625,13.17684006690979,7.856364846229553,13.17684006690979,7.856364846229553,10.516602456569672,2.6602376103401184,13.25,8.15625,10.703125,2.546875
mistral_7b,14,valenced_nonopposite::deontic::008,valenced_nonopposite,deontic,valenced,nonopposite,1.0,preference_control,14.265625,7.78125,14.248160004615784,7.788498759269714,14.248160004615784,7.788498759269714,11.018329381942747,3.2298306226730347,14.265625,7.78125,11.0234375,3.2421875
mistral_7b,14,valenced_nonopposite::deontic::009,valenced_nonopposite,deontic,valenced,nonopposite,-1.0,preference_control,9.3125,7.71875,9.136703252792358,7.566408514976501,9.136703252792358,7.566408514976501,8.35155588388443,0.7851473689079285,9.3125,7.71875,8.515625,0.796875
mistral_7b,14,valenced_nonopposite::deontic::009,valenced_nonopposite,deontic,valenced,nonopposite,-0.8,preference_control,9.65625,6.8125,9.462883591651917,6.6015201807022095,9.462883591651917,6.6015201807022095,8.032201886177063,1.4306817054748535,9.65625,6.8125,8.234375,1.421875
mistral_7b,14,valenced_nonopposite::deontic::009,valenced_nonopposite,deontic,valenced,nonopposite,-0.6,preference_control,9.5625,5.65625,9.560547232627869,5.781198501586914,9.560547232627869,5.781198501586914,7.670872867107391,1.8896743655204773,9.5625,5.65625,7.609375,1.953125
mistral_7b,14,valenced_nonopposite::deontic::009,valenced_nonopposite,deontic,valenced,nonopposite,-0.4,preference_control,9.46875,4.5,9.375007271766664,4.53119957447052,9.375007271766664,4.53119957447052,6.953103423118591,2.4219038486480717,9.46875,4.5,6.984375,2.484375
mistral_7b,14,valenced_nonopposite::deontic::009,valenced_nonopposite,deontic,valenced,nonopposite,-0.2,preference_control,9.375,3.53125,9.37110471725464,3.6562016010284415,9.37110471725464,3.6562016010284415,6.5136531591415405,2.857451558113098,9.375,3.53125,6.453125,2.921875
mistral_7b,14,valenced_nonopposite::deontic::009,valenced_nonopposite,deontic,valenced,nonopposite,0.0,preference_control,10.015625,2.5625,9.789111256599426,2.6249680519104004,9.789111256599426,2.6249680519104004,6.207039654254913,3.582071602344513,10.015625,2.5625,6.2890625,3.7265625
mistral_7b,14,valenced_nonopposite::deontic::009,valenced_nonopposite,deontic,valenced,nonopposite,0.2,preference_control,11.484375,3.1875,11.447325229644775,3.203096389770508,11.447325229644775,3.203096389770508,7.325210809707642,4.122114419937134,11.484375,3.1875,7.3359375,4.1484375
mistral_7b,14,valenced_nonopposite::deontic::009,valenced_nonopposite,deontic,valenced,nonopposite,0.4,preference_control,13.078125,5.0625,13.12014353275299,5.429656744003296,13.12014353275299,5.429656744003296,9.274900138378143,3.845243394374848,13.078125,5.0625,9.0703125,4.0078125
mistral_7b,14,valenced_nonopposite::deontic::009,valenced_nonopposite,deontic,valenced,nonopposite,0.6,preference_control,14.0625,6.9375,14.02097749710083,7.251917719841003,14.02097749710083,7.251917719841003,10.636447608470917,3.3845298886299133,14.0625,6.9375,10.5,3.5625
mistral_7b,14,valenced_nonopposite::deontic::009,valenced_nonopposite,deontic,valenced,nonopposite,0.8,preference_control,14.484375,7.625,14.500938415527344,7.990203261375427,14.500938415527344,7.990203261375427,11.245570838451384,3.2553675770759583,14.484375,7.625,11.0546875,3.4296875
mistral_7b,14,valenced_nonopposite::deontic::009,valenced_nonopposite,deontic,valenced,nonopposite,1.0,preference_control,14.171875,7.84375,14.057570099830627,7.828099608421326,14.057570099830627,7.828099608421326,10.942834854125977,3.114735245704651,14.171875,7.84375,11.0078125,3.1640625
mistral_7b,14,valenced_nonopposite::deontic::010,valenced_nonopposite,deontic,valenced,nonopposite,-1.0,preference_control,2.875,4.5,2.8671876192092896,4.492187857627869,2.8671876192092896,4.492187857627869,3.679687738418579,-0.8125001192092896,2.875,4.5,3.6875,-0.8125
mistral_7b,14,valenced_nonopposite::deontic::010,valenced_nonopposite,deontic,valenced,nonopposite,-0.8,preference_control,4.5625,2.8125,4.5625001192092896,2.812500238418579,4.5625001192092896,2.812500238418579,3.6875001788139343,0.8749999403953552,4.5625,2.8125,3.6875,0.875
mistral_7b,14,valenced_nonopposite::deontic::010,valenced_nonopposite,deontic,valenced,nonopposite,-0.6,preference_control,5.6875,0.9375,5.695312738418579,0.9375003576278688,5.695312738418579,0.9375003576278688,3.316406548023224,2.3789061903953552,5.6875,0.9375,3.3125,2.375
mistral_7b,14,valenced_nonopposite::deontic::010,valenced_nonopposite,deontic,valenced,nonopposite,-0.4,preference_control,6.78125,-0.125,6.781250238418579,-0.1249991655349731,6.781250238418579,-0.1249991655349731,3.328125536441803,3.453124701976776,6.78125,-0.125,3.328125,3.453125
mistral_7b,14,valenced_nonopposite::deontic::010,valenced_nonopposite,deontic,valenced,nonopposite,-0.2,preference_control,8.46875,0.1875,8.445312738418579,0.1875008344650268,8.445312738418579,0.1875008344650268,4.316406786441803,4.128905951976776,8.46875,0.1875,4.328125,4.140625
mistral_7b,14,valenced_nonopposite::deontic::010,valenced_nonopposite,deontic,valenced,nonopposite,0.0,preference_control,10.53125,2.40625,10.53906273841858,2.421875834465027,10.53906273841858,2.421875834465027,6.480469286441803,4.058593451976776,10.53125,2.40625,6.46875,4.0625
mistral_7b,14,valenced_nonopposite::deontic::010,valenced_nonopposite,deontic,valenced,nonopposite,0.2,preference_control,13.5625,5.15625,13.54687523841858,5.140625596046448,13.54687523841858,5.140625596046448,9.343750417232512,4.203124821186066,13.5625,5.15625,9.359375,4.203125
mistral_7b,14,valenced_nonopposite::deontic::010,valenced_nonopposite,deontic,valenced,nonopposite,0.4,preference_control,15.796875,7.75,15.78125023841858,7.718750238418579,15.78125023841858,7.718750238418579,11.75000023841858,4.03125,15.796875,7.75,11.7734375,4.0234375
mistral_7b,14,valenced_nonopposite::deontic::010,valenced_nonopposite,deontic,valenced,nonopposite,0.6,preference_control,17.453125,9.5,17.500000476837158,9.51562523841858,17.500000476837158,9.51562523841858,13.507812857627869,3.9921876192092896,17.453125,9.5,13.4765625,3.9765625
mistral_7b,14,valenced_nonopposite::deontic::010,valenced_nonopposite,deontic,valenced,nonopposite,0.8,preference_control,18.01953125,9.5,17.976563096046448,9.484375357627869,17.976563096046448,9.484375357627869,13.730469226837158,4.2460938692092896,18.01953125,9.5,13.759765625,4.259765625
mistral_7b,14,valenced_nonopposite::deontic::010,valenced_nonopposite,deontic,valenced,nonopposite,1.0,preference_control,18.376953125,7.9375,18.414063215255737,7.964844584465027,18.414063215255737,7.964844584465027,13.189453899860382,5.224609315395355,18.376953125,7.9375,13.1572265625,5.2197265625
mistral_7b,14,valenced_nonopposite::deontic::011,valenced_nonopposite,deontic,valenced,nonopposite,-1.0,preference_control,-3.625,-0.375,-3.631780505180359,-0.3037793636322021,-3.631780505180359,-0.3037793636322021,-1.9677799344062803,-1.6640005707740784,-3.625,-0.375,-2.0,-1.625
mistral_7b,14,valenced_nonopposite::deontic::011,valenced_nonopposite,deontic,valenced,nonopposite,-0.8,preference_control,-3.96875,-1.875,-3.865819811820984,-1.585265874862671,-3.865819811820984,-1.585265874862671,-2.7255428433418274,-1.1402769684791565,-3.96875,-1.875,-2.921875,-1.046875
mistral_7b,14,valenced_nonopposite::deontic::011,valenced_nonopposite,deontic,valenced,nonopposite,-0.6,preference_control,-4.09375,-3.09375,-4.02962863445282,-2.9305570125579834,-4.02962863445282,-2.9305570125579834,-3.4800928235054016,-0.5495358109474182,-4.09375,-3.09375,-3.59375,-0.5
mistral_7b,14,valenced_nonopposite::deontic::011,valenced_nonopposite,deontic,valenced,nonopposite,-0.4,preference_control,-3.59375,-4.03125,-3.6386526823043823,-3.901107430458069,-3.6386526823043823,-3.901107430458069,-3.7698800563812256,0.1312273740768432,-3.59375,-4.03125,-3.8125,0.21875
mistral_7b,14,valenced_nonopposite::deontic::011,valenced_nonopposite,deontic,valenced,nonopposite,-0.2,preference_control,-2.78125,-4.453125,-2.8732680082321167,-4.245452284812927,-2.8732680082321167,-4.245452284812927,-3.559360146522522,0.6860921382904053,-2.78125,-4.453125,-3.6171875,0.8359375
mistral_7b,14,valenced_nonopposite::deontic::011,valenced_nonopposite,deontic,valenced,nonopposite,0.0,preference_control,-1.15625,-3.3125,-1.154086947441101,-3.0897364616394043,-1.154086947441101,-3.0897364616394043,-2.1219117045402527,0.9678247570991516,-1.15625,-3.3125,-2.234375,1.078125
mistral_7b,14,valenced_nonopposite::deontic::011,valenced_nonopposite,deontic,valenced,nonopposite,0.2,preference_control,3.8125,0.3125,3.84543240070343,0.3773730993270874,3.84543240070343,0.3773730993270874,2.111402750015259,1.7340296506881714,3.8125,0.3125,2.0625,1.75
mistral_7b,14,valenced_nonopposite::deontic::011,valenced_nonopposite,deontic,valenced,nonopposite,0.4,preference_control,8.65625,4.59375,8.5008145570755,4.719574213027954,8.5008145570755,4.719574213027954,6.610194385051727,1.8906201720237727,8.65625,4.59375,6.625,2.03125
mistral_7b,14,valenced_nonopposite::deontic::011,valenced_nonopposite,deontic,valenced,nonopposite,0.6,preference_control,11.5,7.40625,11.332523465156555,7.407226800918579,11.332523465156555,7.407226800918579,9.369875133037567,1.962648332118988,11.5,7.40625,9.453125,2.046875
mistral_7b,14,valenced_nonopposite::deontic::011,valenced_nonopposite,deontic,valenced,nonopposite,0.8,preference_control,12.59375,8.3125,12.494451642036438,8.297386407852173,12.494451642036438,8.297386407852173,10.395919024944304,2.098532617092133,12.59375,8.3125,10.453125,2.140625
mistral_7b,14,valenced_nonopposite::deontic::011,valenced_nonopposite,deontic,valenced,nonopposite,1.0,preference_control,12.953125,8.28125,12.86743187904358,8.335754752159119,12.86743187904358,8.335754752159119,10.601593315601349,2.2658385634422302,12.953125,8.28125,10.6171875,2.3359375
mistral_7b,14,valenced_nonopposite::deontic::012,valenced_nonopposite,deontic,valenced,nonopposite,-1.0,preference_control,0.9375,11.1328125,1.124579668045044,11.337812423706056,1.124579668045044,11.337812423706056,6.231196045875549,-5.106616377830505,0.9375,11.1328125,6.03515625,-5.09765625
mistral_7b,14,valenced_nonopposite::deontic::012,valenced_nonopposite,deontic,valenced,nonopposite,-0.8,preference_control,-0.875,10.3203125,-0.625960111618042,10.398340702056885,-0.625960111618042,10.398340702056885,4.886190295219421,-5.512150406837463,-0.875,10.3203125,4.72265625,-5.59765625
mistral_7b,14,valenced_nonopposite::deontic::012,valenced_nonopposite,deontic,valenced,nonopposite,-0.6,preference_control,-1.84375,8.84375,-1.6129969358444214,8.78114128112793,-1.6129969358444214,8.78114128112793,3.584072172641754,-5.197069108486176,-1.84375,8.84375,3.5,-5.34375
mistral_7b,14,valenced_nonopposite::deontic::012,valenced_nonopposite,deontic,valenced,nonopposite,-0.4,preference_control,-1.71875,7.015625,-1.671839952468872,6.921748638153076,-1.671839952468872,6.921748638153076,2.624954342842102,-4.296794295310974,-1.71875,7.015625,2.6484375,-4.3671875
mistral_7b,14,valenced_nonopposite::deontic::012,valenced_nonopposite,deontic,valenced,nonopposite,-0.2,preference_control,-0.78125,5.234375,-0.8042566776275635,5.468664407730103,-0.8042566776275635,5.468664407730103,2.332203865051269,-3.136460542678833,-0.78125,5.234375,2.2265625,-3.0078125
mistral_7b,14,valenced_nonopposite::deontic::012,valenced_nonopposite,deontic,valenced,nonopposite,0.0,preference_control,0.09375,4.09375,-0.0715647935867309,4.249935030937195,-0.0715647935867309,4.249935030937195,2.089185118675232,-2.160749912261963,0.09375,4.09375,2.09375,-2.0
mistral_7b,14,valenced_nonopposite::deontic::012,valenced_nonopposite,deontic,valenced,nonopposite,0.2,preference_control,2.3125,3.90625,2.0929441452026367,4.062445044517517,2.0929441452026367,4.062445044517517,3.077694594860077,-0.9847504496574402,2.3125,3.90625,3.109375,-0.796875
mistral_7b,14,valenced_nonopposite::deontic::012,valenced_nonopposite,deontic,valenced,nonopposite,0.4,preference_control,4.5,5.0625,4.54637086391449,5.109326124191284,4.54637086391449,5.109326124191284,4.827848494052887,-0.2814776301383972,4.5,5.0625,4.78125,-0.28125
mistral_7b,14,valenced_nonopposite::deontic::012,valenced_nonopposite,deontic,valenced,nonopposite,0.6,preference_control,6.4375,7.0,6.29270076751709,7.1093326807022095,6.29270076751709,7.1093326807022095,6.70101672410965,-0.4083159565925598,6.4375,7.0,6.71875,-0.28125
mistral_7b,14,valenced_nonopposite::deontic::012,valenced_nonopposite,deontic,valenced,nonopposite,0.8,preference_control,8.34375,8.71875,8.08579158782959,8.838826537132263,8.08579158782959,8.838826537132263,8.462309062480927,-0.3765174746513366,8.34375,8.71875,8.53125,-0.1875
mistral_7b,14,valenced_nonopposite::deontic::012,valenced_nonopposite,deontic,valenced,nonopposite,1.0,preference_control,9.25,8.6875,8.855373620986938,8.820273160934448,8.855373620986938,8.820273160934448,8.837823390960693,0.0175502300262451,9.25,8.6875,8.96875,0.28125
mistral_7b,14,valenced_nonopposite::deontic::013,valenced_nonopposite,deontic,valenced,nonopposite,-1.0,preference_control,0.03125,4.65625,0.0312726497650146,4.640734314918518,0.0312726497650146,4.640734314918518,2.3360034823417664,-2.304730832576752,0.03125,4.65625,2.34375,-2.3125
mistral_7b,14,valenced_nonopposite::deontic::013,valenced_nonopposite,deontic,valenced,nonopposite,-0.8,preference_control,-0.6875,4.03125,-0.6874730587005615,4.031415581703186,-0.6874730587005615,4.031415581703186,1.6719712615013125,-2.359444320201874,-0.6875,4.03125,1.671875,-2.359375
mistral_7b,14,valenced_nonopposite::deontic::013,valenced_nonopposite,deontic,valenced,nonopposite,-0.6,preference_control,-1.25,2.875,-1.249970316886902,2.8753161430358887,-1.249970316886902,2.8753161430358887,0.8126729130744934,-2.0626432299613957,-1.25,2.875,0.8125,-2.0625
mistral_7b,14,valenced_nonopposite::deontic::013,valenced_nonopposite,deontic,valenced,nonopposite,-0.4,preference_control,-1.21875,1.28125,-1.218720316886902,1.282035231590271,-1.218720316886902,1.282035231590271,0.0316574573516845,-1.2503777742385864,-1.21875,1.28125,0.03125,-1.25
mistral_7b,14,valenced_nonopposite::deontic::013,valenced_nonopposite,deontic,valenced,nonopposite,-0.2,preference_control,-0.953125,-0.25,-0.9374775886535645,-0.2484058141708374,-0.9374775886535645,-0.2484058141708374,-0.5929417014122009,-0.3445358872413635,-0.953125,-0.25,-0.6015625,-0.3515625
mistral_7b,14,valenced_nonopposite::deontic::013,valenced_nonopposite,deontic,valenced,nonopposite,0.0,preference_control,-0.09375,-0.421875,-0.0624582767486572,-0.3735889196395874,-0.0624582767486572,-0.3735889196395874,-0.2180235981941223,0.1555653214454651,-0.09375,-0.421875,-0.2578125,0.1640625
mistral_7b,14,valenced_nonopposite::deontic::013,valenced_nonopposite,deontic,valenced,nonopposite,0.2,preference_control,2.015625,1.078125,2.000043749809265,1.1253163814544678,2.000043749809265,1.1253163814544678,1.5626800656318665,0.4373636841773987,2.015625,1.078125,1.546875,0.46875
mistral_7b,14,valenced_nonopposite::deontic::013,valenced_nonopposite,deontic,valenced,nonopposite,0.4,preference_control,4.78125,3.515625,4.781282663345337,3.5000970363616943,4.781282663345337,3.5000970363616943,4.140689849853516,0.6405928134918213,4.78125,3.515625,4.1484375,0.6328125
mistral_7b,14,valenced_nonopposite::deontic::013,valenced_nonopposite,deontic,valenced,nonopposite,0.6,preference_control,7.453125,6.546875,7.468801140785217,6.53134036064148,7.468801140785217,6.53134036064148,7.000070750713348,0.4687303900718689,7.453125,6.546875,7.0,0.453125
mistral_7b,14,valenced_nonopposite::deontic::013,valenced_nonopposite,deontic,valenced,nonopposite,0.8,preference_control,9.734375,8.75,9.750093579292296,8.750113248825073,9.750093579292296,8.750113248825073,9.250103414058684,0.499990165233612,9.734375,8.75,9.2421875,0.4921875
mistral_7b,14,valenced_nonopposite::deontic::013,valenced_nonopposite,deontic,valenced,nonopposite,1.0,preference_control,10.953125,8.9375,10.97672998905182,8.937658071517944,10.97672998905182,8.937658071517944,9.957194030284882,1.0195359587669373,10.953125,8.9375,9.9453125,1.0078125
mistral_7b,14,valenced_nonopposite::deontic::014,valenced_nonopposite,deontic,valenced,nonopposite,-1.0,preference_control,-4.46875,0.4375,-4.2348712682724,0.7502660751342773,-4.2348712682724,0.7502660751342773,-1.7423025965690613,-2.492568671703338,-4.46875,0.4375,-2.015625,-2.453125
mistral_7b,14,valenced_nonopposite::deontic::014,valenced_nonopposite,deontic,valenced,nonopposite,-0.8,preference_control,-3.375,-0.5,-3.204342603683472,-0.372802734375,-3.204342603683472,-0.372802734375,-1.7885726690292358,-1.4157699346542358,-3.375,-0.5,-1.9375,-1.4375
mistral_7b,14,valenced_nonopposite::deontic::014,valenced_nonopposite,deontic,valenced,nonopposite,-0.6,preference_control,-2.25,-1.59375,-2.035760402679444,-1.4723224639892578,-2.035760402679444,-1.4723224639892578,-1.7540414333343506,-0.2817189693450928,-2.25,-1.59375,-1.921875,-0.328125
mistral_7b,14,valenced_nonopposite::deontic::014,valenced_nonopposite,deontic,valenced,nonopposite,-0.4,preference_control,-0.84375,-2.09375,-0.7259941101074219,-2.193958282470703,-0.7259941101074219,-2.193958282470703,-1.4599761962890625,0.7339820861816406,-0.84375,-2.09375,-1.46875,0.625
mistral_7b,14,valenced_nonopposite::deontic::014,valenced_nonopposite,deontic,valenced,nonopposite,-0.2,preference_control,0.65625,-2.09375,0.6195738315582275,-2.021188735961914,0.6195738315582275,-2.021188735961914,-0.7008074522018433,1.3203812837600708,0.65625,-2.09375,-0.71875,1.375
mistral_7b,14,valenced_nonopposite::deontic::014,valenced_nonopposite,deontic,valenced,nonopposite,0.0,preference_control,3.15625,-1.34375,3.405442595481873,-1.436910629272461,3.405442595481873,-1.436910629272461,0.9842659831047058,2.4211766123771667,3.15625,-1.34375,0.90625,2.25
mistral_7b,14,valenced_nonopposite::deontic::014,valenced_nonopposite,deontic,valenced,nonopposite,0.2,preference_control,6.96875,-0.59375,7.046833395957947,-0.5939104557037354,7.046833395957947,-0.5939104557037354,3.2264614701271057,3.820371925830841,6.96875,-0.59375,3.1875,3.78125
mistral_7b,14,valenced_nonopposite::deontic::014,valenced_nonopposite,deontic,valenced,nonopposite,0.4,preference_control,10.59375,0.0625,10.539013028144836,-0.0001559257507324,10.539013028144836,-0.0001559257507324,5.269428551197052,5.269584476947784,10.59375,0.0625,5.328125,5.265625
mistral_7b,14,valenced_nonopposite::deontic::014,valenced_nonopposite,deontic,valenced,nonopposite,0.6,preference_control,12.921875,1.5625,12.996015787124634,1.6248615980148315,12.996015787124634,1.6248615980148315,7.310438692569733,5.685577094554901,12.921875,1.5625,7.2421875,5.6796875
mistral_7b,14,valenced_nonopposite::deontic::014,valenced_nonopposite,deontic,valenced,nonopposite,0.8,preference_control,14.0,2.875,14.140518307685852,3.003773927688598,14.140518307685852,3.003773927688598,8.572146117687225,5.568372189998627,14.0,2.875,8.4375,5.5625
mistral_7b,14,valenced_nonopposite::deontic::014,valenced_nonopposite,deontic,valenced,nonopposite,1.0,preference_control,14.25,3.25,14.43345856666565,3.50181782245636,14.43345856666565,3.50181782245636,8.967638194561005,5.465820372104645,14.25,3.25,8.75,5.5
mistral_7b,14,valenced_nonopposite::deontic::015,valenced_nonopposite,deontic,valenced,nonopposite,-1.0,preference_control,3.0625,4.90625,3.109296560287476,5.023449897766113,3.109296560287476,5.023449897766113,4.066373229026794,-0.9570766687393188,3.0625,4.90625,3.984375,-0.921875
mistral_7b,14,valenced_nonopposite::deontic::015,valenced_nonopposite,deontic,valenced,nonopposite,-0.8,preference_control,2.625,4.78125,2.4996261596679688,4.718755483627319,2.4996261596679688,4.718755483627319,3.609190821647644,-1.1095646619796753,2.625,4.78125,3.703125,-1.078125
mistral_7b,14,valenced_nonopposite::deontic::015,valenced_nonopposite,deontic,valenced,nonopposite,-0.6,preference_control,2.0625,4.21875,1.9177974462509155,4.351550817489624,1.9177974462509155,4.351550817489624,3.1346741318702698,-1.2168766856193542,2.0625,4.21875,3.140625,-1.078125
mistral_7b,14,valenced_nonopposite::deontic::015,valenced_nonopposite,deontic,valenced,nonopposite,-0.4,preference_control,1.75,3.5,1.7851824760437012,3.5781153440475464,1.7851824760437012,3.5781153440475464,2.681648910045624,-0.8964664340019226,1.75,3.5,2.625,-0.875
mistral_7b,14,valenced_nonopposite::deontic::015,valenced_nonopposite,deontic,valenced,nonopposite,-0.2,preference_control,1.875,2.3125,1.813057780265808,2.031301259994507,1.813057780265808,2.031301259994507,1.9221795201301572,-0.1091217398643493,1.875,2.3125,2.09375,-0.21875
mistral_7b,14,valenced_nonopposite::deontic::015,valenced_nonopposite,deontic,valenced,nonopposite,0.0,preference_control,3.09375,1.09375,3.0515650510787964,1.0312844514846802,3.0515650510787964,1.0312844514846802,2.0414247512817383,1.010140299797058,3.09375,1.09375,2.09375,1.0
mistral_7b,14,valenced_nonopposite::deontic::015,valenced_nonopposite,deontic,valenced,nonopposite,0.2,preference_control,5.0,1.84375,4.999727249145508,1.6562622785568235,4.999727249145508,1.6562622785568235,3.3279947638511658,1.671732485294342,5.0,1.84375,3.421875,1.578125
mistral_7b,14,valenced_nonopposite::deontic::015,valenced_nonopposite,deontic,valenced,nonopposite,0.4,preference_control,7.390625,4.46875,7.20314347743988,4.375001907348633,7.20314347743988,4.375001907348633,5.789072692394257,1.4140707850456238,7.390625,4.46875,5.9296875,1.4609375
mistral_7b,14,valenced_nonopposite::deontic::015,valenced_nonopposite,deontic,valenced,nonopposite,0.6,preference_control,10.078125,7.21875,10.031316041946411,7.242196559906006,10.031316041946411,7.242196559906006,8.636756300926208,1.3945597410202026,10.078125,7.21875,8.6484375,1.4296875
mistral_7b,14,valenced_nonopposite::deontic::015,valenced_nonopposite,deontic,valenced,nonopposite,0.8,preference_control,12.25,8.59375,12.254118084907532,8.584004163742065,12.254118084907532,8.584004163742065,10.4190611243248,1.8350569605827327,12.25,8.59375,10.421875,1.828125
mistral_7b,14,valenced_nonopposite::deontic::015,valenced_nonopposite,deontic,valenced,nonopposite,1.0,preference_control,12.96875,8.625,12.969155073165894,8.466835260391235,12.969155073165894,8.466835260391235,10.717995166778564,2.251159906387329,12.96875,8.625,10.796875,2.171875
mistral_7b,14,valenced_nonopposite::deontic::016,valenced_nonopposite,deontic,valenced,nonopposite,-1.0,preference_control,-0.1875,-0.0625,-0.1266289949417114,-0.0005828142166137,-0.1266289949417114,-0.0005828142166137,-0.0636059045791626,-0.0630230903625488,-0.1875,-0.0625,-0.125,-0.0625
mistral_7b,14,valenced_nonopposite::deontic::016,valenced_nonopposite,deontic,valenced,nonopposite,-0.8,preference_control,1.0625,-0.875,1.060863375663757,-0.7818032503128052,1.060863375663757,-0.7818032503128052,0.139530062675476,0.9213333129882812,1.0625,-0.875,0.09375,0.96875
mistral_7b,14,valenced_nonopposite::deontic::016,valenced_nonopposite,deontic,valenced,nonopposite,-0.6,preference_control,2.3125,-1.25,2.685874819755554,-1.0317974090576172,2.685874819755554,-1.0317974090576172,0.8270387053489685,1.8588361144065857,2.3125,-1.25,0.53125,1.78125
mistral_7b,14,valenced_nonopposite::deontic::016,valenced_nonopposite,deontic,valenced,nonopposite,-0.4,preference_control,2.875,-0.78125,2.8734225034713745,-0.6254949569702148,2.8734225034713745,-0.6254949569702148,1.1239637732505798,1.749458730220795,2.875,-0.78125,1.046875,1.828125
mistral_7b,14,valenced_nonopposite::deontic::016,valenced_nonopposite,deontic,valenced,nonopposite,-0.2,preference_control,3.796875,-0.15625,3.935748934745789,-0.1879663467407226,3.935748934745789,-0.1879663467407226,1.873891294002533,2.061857640743256,3.796875,-0.15625,1.8203125,1.9765625
mistral_7b,14,valenced_nonopposite::deontic::016,valenced_nonopposite,deontic,valenced,nonopposite,0.0,preference_control,5.765625,0.375,5.748405337333679,0.3745441436767578,5.748405337333679,0.3745441436767578,3.0614747405052185,2.6869305968284607,5.765625,0.375,3.0703125,2.6953125
mistral_7b,14,valenced_nonopposite::deontic::016,valenced_nonopposite,deontic,valenced,nonopposite,0.2,preference_control,8.53125,1.90625,8.506187319755554,1.8120783567428589,8.506187319755554,1.8120783567428589,5.159132838249207,3.347054481506348,8.53125,1.90625,5.21875,3.3125
mistral_7b,14,valenced_nonopposite::deontic::016,valenced_nonopposite,deontic,valenced,nonopposite,0.4,preference_control,11.71875,5.875,11.883384585380554,5.780839800834656,11.883384585380554,5.780839800834656,8.832112193107605,3.051272392272949,11.71875,5.875,8.796875,2.921875
mistral_7b,14,valenced_nonopposite::deontic::016,valenced_nonopposite,deontic,valenced,nonopposite,0.6,preference_control,14.953125,10.84375,15.029136657714844,10.632457613945007,15.029136657714844,10.632457613945007,12.830797135829926,2.198339521884918,14.953125,10.84375,12.8984375,2.0546875
mistral_7b,14,valenced_nonopposite::deontic::016,valenced_nonopposite,deontic,valenced,nonopposite,0.8,preference_control,16.91796875,14.140625,17.047380447387695,14.030916094779968,17.047380447387695,14.030916094779968,15.539148271083832,1.5082321763038635,16.91796875,14.140625,15.529296875,1.388671875
mistral_7b,14,valenced_nonopposite::deontic::016,valenced_nonopposite,deontic,valenced,nonopposite,1.0,preference_control,17.4677734375,15.328125,17.691513061523438,15.136383891105652,17.691513061523438,15.136383891105652,16.413948476314545,1.2775645852088928,17.4677734375,15.328125,16.39794921875,1.06982421875
mistral_7b,14,valenced_nonopposite::deontic::017,valenced_nonopposite,deontic,valenced,nonopposite,-1.0,preference_control,-9.75,6.21875,-9.70292830467224,6.022162556648254,-9.70292830467224,6.022162556648254,-1.8403828740119932,-7.862545430660248,-9.75,6.21875,-1.765625,-7.984375
mistral_7b,14,valenced_nonopposite::deontic::017,valenced_nonopposite,deontic,valenced,nonopposite,-0.8,preference_control,-9.40625,5.6875,-9.284863114356996,5.680251359939575,-9.284863114356996,5.680251359939575,-1.8023058772087095,-7.482557237148285,-9.40625,5.6875,-1.859375,-7.546875
mistral_7b,14,valenced_nonopposite::deontic::017,valenced_nonopposite,deontic,valenced,nonopposite,-0.6,preference_control,-8.34375,4.9375,-8.225916862487793,5.117724657058716,-8.225916862487793,5.117724657058716,-1.5540961027145386,-6.671820759773254,-8.34375,4.9375,-1.703125,-6.640625
mistral_7b,14,valenced_nonopposite::deontic::017,valenced_nonopposite,deontic,valenced,nonopposite,-0.4,preference_control,-6.25,4.15625,-6.074571967124939,4.063029766082764,-6.074571967124939,4.063029766082764,-1.0057711005210876,-5.068800866603851,-6.25,4.15625,-1.046875,-5.203125
mistral_7b,14,valenced_nonopposite::deontic::017,valenced_nonopposite,deontic,valenced,nonopposite,-0.2,preference_control,-2.71875,3.84375,-2.4195574522018437,3.781745314598084,-2.4195574522018437,3.781745314598084,0.6810939311981201,-3.1006513833999634,-2.71875,3.84375,0.5625,-3.28125
mistral_7b,14,valenced_nonopposite::deontic::017,valenced_nonopposite,deontic,valenced,nonopposite,0.0,preference_control,1.03125,5.0625,1.306273102760315,4.969175100326538,1.306273102760315,4.969175100326538,3.1377241015434265,-1.831450998783112,1.03125,5.0625,3.046875,-2.015625
mistral_7b,14,valenced_nonopposite::deontic::017,valenced_nonopposite,deontic,valenced,nonopposite,0.2,preference_control,5.15625,7.15625,5.350127577781677,7.43789279460907,5.350127577781677,7.43789279460907,6.3940101861953735,-1.0438826084136963,5.15625,7.15625,6.15625,-1.0
mistral_7b,14,valenced_nonopposite::deontic::017,valenced_nonopposite,deontic,valenced,nonopposite,0.4,preference_control,9.234375,9.375,9.525001287460327,9.4847754240036,9.525001287460327,9.4847754240036,9.504888355731964,0.020112931728363,9.234375,9.375,9.3046875,-0.0703125
mistral_7b,14,valenced_nonopposite::deontic::017,valenced_nonopposite,deontic,valenced,nonopposite,0.6,preference_control,12.0078125,10.34375,12.024802684783936,10.40671718120575,12.024802684783936,10.40671718120575,11.215759932994844,0.809042751789093,12.0078125,10.34375,11.17578125,0.83203125
mistral_7b,14,valenced_nonopposite::deontic::017,valenced_nonopposite,deontic,valenced,nonopposite,0.8,preference_control,12.953125,10.375,13.049270153045654,10.39115571975708,13.049270153045654,10.39115571975708,11.720212936401367,1.329057216644287,12.953125,10.375,11.6640625,1.2890625
mistral_7b,14,valenced_nonopposite::deontic::017,valenced_nonopposite,deontic,valenced,nonopposite,1.0,preference_control,12.7421875,9.78125,12.886138439178469,10.047646045684814,12.886138439178469,10.047646045684814,11.46689224243164,1.4192461967468262,12.7421875,9.78125,11.26171875,1.48046875
mistral_7b,14,valenced_nonopposite::deontic::018,valenced_nonopposite,deontic,valenced,nonopposite,-1.0,preference_control,-7.71875,4.90625,-7.51576840877533,5.05419385433197,-7.51576840877533,5.05419385433197,-1.2307872772216797,-6.28498113155365,-7.71875,4.90625,-1.40625,-6.3125
mistral_7b,14,valenced_nonopposite::deontic::018,valenced_nonopposite,deontic,valenced,nonopposite,-0.8,preference_control,-7.5625,5.3125,-7.211089015007019,5.319807648658752,-7.211089015007019,5.319807648658752,-0.9456406831741332,-6.265448331832886,-7.5625,5.3125,-1.125,-6.4375
mistral_7b,14,valenced_nonopposite::deontic::018,valenced_nonopposite,deontic,valenced,nonopposite,-0.6,preference_control,-6.125,5.15625,-5.648571610450745,5.312004566192627,-5.648571610450745,5.312004566192627,-0.1682835221290588,-5.480288088321686,-6.125,5.15625,-0.484375,-5.640625
mistral_7b,14,valenced_nonopposite::deontic::018,valenced_nonopposite,deontic,valenced,nonopposite,-0.4,preference_control,-3.34375,5.21875,-3.125088572502136,5.437227725982666,-3.125088572502136,5.437227725982666,1.156069576740265,-4.281158149242401,-3.34375,5.21875,0.9375,-4.28125
mistral_7b,14,valenced_nonopposite::deontic::018,valenced_nonopposite,deontic,valenced,nonopposite,-0.2,preference_control,0.53125,5.734375,0.6874716281890869,5.9375234842300415,0.6874716281890869,5.9375234842300415,3.312497556209564,-2.6250259280204773,0.53125,5.734375,3.1328125,-2.6015625
mistral_7b,14,valenced_nonopposite::deontic::018,valenced_nonopposite,deontic,valenced,nonopposite,0.0,preference_control,4.0625,6.71875,4.312541484832764,6.828268766403198,4.312541484832764,6.828268766403198,5.570405125617981,-1.2578636407852173,4.0625,6.71875,5.390625,-1.328125
mistral_7b,14,valenced_nonopposite::deontic::018,valenced_nonopposite,deontic,valenced,nonopposite,0.2,preference_control,6.75,8.09375,6.937538504600525,8.140500903129578,6.937538504600525,8.140500903129578,7.539019703865051,-0.6014811992645264,6.75,8.09375,7.421875,-0.671875
mistral_7b,14,valenced_nonopposite::deontic::018,valenced_nonopposite,deontic,valenced,nonopposite,0.4,preference_control,8.34375,9.296875,8.589850425720215,9.148247599601746,8.589850425720215,9.148247599601746,8.86904901266098,-0.2791985869407654,8.34375,9.296875,8.8203125,-0.4765625
mistral_7b,14,valenced_nonopposite::deontic::018,valenced_nonopposite,deontic,valenced,nonopposite,0.6,preference_control,10.90625,10.46875,11.152336955070496,10.577956438064575,11.152336955070496,10.577956438064575,10.865146696567535,0.2871902585029602,10.90625,10.46875,10.6875,0.21875
mistral_7b,14,valenced_nonopposite::deontic::018,valenced_nonopposite,deontic,valenced,nonopposite,0.8,preference_control,13.0,10.625,12.974599599838257,10.535022616386414,12.974599599838257,10.535022616386414,11.754811108112335,1.2197884917259216,13.0,10.625,11.8125,1.1875
mistral_7b,14,valenced_nonopposite::deontic::018,valenced_nonopposite,deontic,valenced,nonopposite,1.0,preference_control,13.625,7.5,13.73534655570984,7.75963032245636,13.73534655570984,7.75963032245636,10.7474884390831,2.9878581166267395,13.625,7.5,10.5625,3.0625
mistral_7b,14,valenced_nonopposite::deontic::019,valenced_nonopposite,deontic,valenced,nonopposite,-1.0,preference_control,12.546875,14.25,12.547907590866089,14.178845167160034,12.547907590866089,14.178845167160034,13.363376379013062,-0.8154687881469727,12.546875,14.25,13.3984375,-0.8515625
mistral_7b,14,valenced_nonopposite::deontic::019,valenced_nonopposite,deontic,valenced,nonopposite,-0.8,preference_control,13.578125,14.03125,13.599672436714172,14.14373540878296,13.599672436714172,14.14373540878296,13.871703922748566,-0.2720314860343933,13.578125,14.03125,13.8046875,-0.2265625
mistral_7b,14,valenced_nonopposite::deontic::019,valenced_nonopposite,deontic,valenced,nonopposite,-0.6,preference_control,13.984375,13.78125,14.01410460472107,13.600874543190002,14.01410460472107,13.600874543190002,13.807489573955536,0.2066150307655334,13.984375,13.78125,13.8828125,0.1015625
mistral_7b,14,valenced_nonopposite::deontic::019,valenced_nonopposite,deontic,valenced,nonopposite,-0.4,preference_control,14.2578125,13.5,14.388671398162842,13.634120345115662,14.388671398162842,13.634120345115662,14.011395871639252,0.3772755265235901,14.2578125,13.5,13.87890625,0.37890625
mistral_7b,14,valenced_nonopposite::deontic::019,valenced_nonopposite,deontic,valenced,nonopposite,-0.2,preference_control,14.40234375,13.09375,14.332082629203796,13.10312306880951,14.332082629203796,13.10312306880951,13.717602849006653,0.6144797801971436,14.40234375,13.09375,13.748046875,0.654296875
mistral_7b,14,valenced_nonopposite::deontic::019,valenced_nonopposite,deontic,valenced,nonopposite,0.0,preference_control,14.30078125,12.625,14.35478389263153,12.575533270835876,14.35478389263153,12.575533270835876,13.465158581733704,0.8896253108978271,14.30078125,12.625,13.462890625,0.837890625
mistral_7b,14,valenced_nonopposite::deontic::019,valenced_nonopposite,deontic,valenced,nonopposite,0.2,preference_control,14.541015625,12.9375,14.545216917991638,12.958548307418823,14.545216917991638,12.958548307418823,13.75188261270523,0.7933343052864075,14.541015625,12.9375,13.7392578125,0.8017578125
mistral_7b,14,valenced_nonopposite::deontic::019,valenced_nonopposite,deontic,valenced,nonopposite,0.4,preference_control,15.087890625,13.703125,14.99451196193695,13.626799821853638,14.99451196193695,13.626799821853638,14.310655891895294,0.6838560700416565,15.087890625,13.703125,14.3955078125,0.6923828125
mistral_7b,14,valenced_nonopposite::deontic::019,valenced_nonopposite,deontic,valenced,nonopposite,0.6,preference_control,15.84765625,14.484375,16.027785897254944,14.38071358203888,16.027785897254944,14.38071358203888,15.204249739646912,0.8235361576080322,15.84765625,14.484375,15.166015625,0.681640625
mistral_7b,14,valenced_nonopposite::deontic::019,valenced_nonopposite,deontic,valenced,nonopposite,0.8,preference_control,16.9384765625,14.796875,16.992879390716553,14.947501182556152,16.992879390716553,14.947501182556152,15.970190286636353,1.0226891040802002,16.9384765625,14.796875,15.86767578125,1.07080078125
mistral_7b,14,valenced_nonopposite::deontic::019,valenced_nonopposite,deontic,valenced,nonopposite,1.0,preference_control,17.442138671875,14.734375,17.50777280330658,14.59192156791687,17.50777280330658,14.59192156791687,16.049847185611725,1.4579256176948547,17.442138671875,14.734375,16.0882568359375,1.3538818359375
mistral_7b,14,valenced_nonopposite::epistemic::000,valenced_nonopposite,epistemic,valenced,nonopposite,-1.0,preference_control,4.703125,-0.453125,4.6560410261154175,-0.3775733709335327,4.6560410261154175,-0.3775733709335327,2.1392338275909424,2.516807198524475,4.703125,-0.453125,2.125,2.578125
mistral_7b,14,valenced_nonopposite::epistemic::000,valenced_nonopposite,epistemic,valenced,nonopposite,-0.8,preference_control,3.59375,-0.75,3.531013011932373,-0.7531092166900635,3.531013011932373,-0.7531092166900635,1.3889518976211548,2.1420611143112183,3.59375,-0.75,1.421875,2.171875
mistral_7b,14,valenced_nonopposite::epistemic::000,valenced_nonopposite,epistemic,valenced,nonopposite,-0.6,preference_control,2.28125,-1.015625,2.2497225999832158,-0.9420746564865112,2.2497225999832158,-0.9420746564865112,0.653823971748352,1.5958986282348633,2.28125,-1.015625,0.6328125,1.6484375
mistral_7b,14,valenced_nonopposite::epistemic::000,valenced_nonopposite,epistemic,valenced,nonopposite,-0.4,preference_control,1.453125,-0.8203125,1.3746672868728638,-0.8177157640457153,1.3746672868728638,-0.8177157640457153,0.2784757614135742,1.0961915254592896,1.453125,-0.8203125,0.31640625,1.13671875
mistral_7b,14,valenced_nonopposite::epistemic::000,valenced_nonopposite,epistemic,valenced,nonopposite,-0.2,preference_control,1.515625,-0.5625,1.4371787309646606,-0.6303069591522217,1.4371787309646606,-0.6303069591522217,0.4034358859062195,1.0337428450584412,1.515625,-0.5625,0.4765625,1.0390625
mistral_7b,14,valenced_nonopposite::epistemic::000,valenced_nonopposite,epistemic,valenced,nonopposite,0.0,preference_control,2.40625,-0.171875,2.3122092485427856,-0.1273764371871948,2.3122092485427856,-0.1273764371871948,1.0924164056777954,1.2197928428649902,2.40625,-0.171875,1.1171875,1.2890625
mistral_7b,14,valenced_nonopposite::epistemic::000,valenced_nonopposite,epistemic,valenced,nonopposite,0.2,preference_control,3.890625,0.296875,3.812355160713196,0.1244701147079467,3.812355160713196,0.1244701147079467,1.9684126377105715,1.8439425230026243,3.890625,0.296875,2.09375,1.796875
mistral_7b,14,valenced_nonopposite::epistemic::000,valenced_nonopposite,epistemic,valenced,nonopposite,0.4,preference_control,5.15625,0.859375,5.093698263168335,0.8124008178710938,5.093698263168335,0.8124008178710938,2.9530495405197144,2.1406487226486206,5.15625,0.859375,3.0078125,2.1484375
mistral_7b,14,valenced_nonopposite::epistemic::000,valenced_nonopposite,epistemic,valenced,nonopposite,0.6,preference_control,6.0,1.453125,5.999974846839905,1.3749778270721436,5.999974846839905,1.3749778270721436,3.687476336956024,2.3124985098838806,6.0,1.453125,3.7265625,2.2734375
mistral_7b,14,valenced_nonopposite::epistemic::000,valenced_nonopposite,epistemic,valenced,nonopposite,0.8,preference_control,6.6875,2.0,6.687485456466675,1.812489628791809,6.687485456466675,1.812489628791809,4.249987542629242,2.437497913837433,6.6875,2.0,4.34375,2.34375
mistral_7b,14,valenced_nonopposite::epistemic::000,valenced_nonopposite,epistemic,valenced,nonopposite,1.0,preference_control,7.125,2.6875,7.0468621253967285,2.562492251396179,7.0468621253967285,2.562492251396179,4.804677188396454,2.2421849370002747,7.125,2.6875,4.90625,2.21875
mistral_7b,14,valenced_nonopposite::epistemic::001,valenced_nonopposite,epistemic,valenced,nonopposite,-1.0,preference_control,-5.25,-1.125,-5.218738555908203,-1.2890499830245972,-5.218738555908203,-1.2890499830245972,-3.2538942694664,-1.964844286441803,-5.25,-1.125,-3.1875,-2.0625
mistral_7b,14,valenced_nonopposite::epistemic::001,valenced_nonopposite,epistemic,valenced,nonopposite,-0.8,preference_control,-6.1875,-1.5625,-6.218738675117493,-1.468738079071045,-6.218738675117493,-1.468738079071045,-3.843738377094269,-2.375000298023224,-6.1875,-1.5625,-3.875,-2.3125
mistral_7b,14,valenced_nonopposite::epistemic::001,valenced_nonopposite,epistemic,valenced,nonopposite,-0.6,preference_control,-7.203125,-1.8125,-7.265613317489624,-2.0546746253967285,-7.265613317489624,-2.0546746253967285,-4.660143971443176,-2.605469346046448,-7.203125,-1.8125,-4.5078125,-2.6953125
mistral_7b,14,valenced_nonopposite::epistemic::001,valenced_nonopposite,epistemic,valenced,nonopposite,-0.4,preference_control,-7.3125,-1.8125,-7.156239986419678,-2.0156134366989136,-7.156239986419678,-2.0156134366989136,-4.585926711559296,-2.570313274860382,-7.3125,-1.8125,-4.5625,-2.75
mistral_7b,14,valenced_nonopposite::epistemic::001,valenced_nonopposite,epistemic,valenced,nonopposite,-0.2,preference_control,-6.6875,-0.375,-6.656240940093994,-0.5937389135360718,-6.656240940093994,-0.5937389135360718,-3.624989926815033,-3.031251013278961,-6.6875,-0.375,-3.53125,-3.15625
mistral_7b,14,valenced_nonopposite::epistemic::001,valenced_nonopposite,epistemic,valenced,nonopposite,0.0,preference_control,-5.078125,1.375,-5.156241297721863,1.2187650203704834,-5.156241297721863,1.2187650203704834,-1.9687381386756897,-3.187503159046173,-5.078125,1.375,-1.8515625,-3.2265625
mistral_7b,14,valenced_nonopposite::epistemic::001,valenced_nonopposite,epistemic,valenced,nonopposite,0.2,preference_control,-0.1875,4.59375,-0.374991774559021,4.593779802322388,-0.374991774559021,4.593779802322388,2.109394013881684,-2.4843857884407043,-0.1875,4.59375,2.203125,-2.390625
mistral_7b,14,valenced_nonopposite::epistemic::001,valenced_nonopposite,epistemic,valenced,nonopposite,0.4,preference_control,3.4375,9.578125,3.468759775161743,9.343819975852966,3.468759775161743,9.343819975852966,6.406289875507355,-2.937530100345612,3.4375,9.578125,6.5078125,-3.0703125
mistral_7b,14,valenced_nonopposite::epistemic::001,valenced_nonopposite,epistemic,valenced,nonopposite,0.6,preference_control,6.3125,12.53125,6.156265139579773,12.35168755054474,6.156265139579773,12.35168755054474,9.253976345062256,-3.097711205482483,6.3125,12.53125,9.421875,-3.109375
mistral_7b,14,valenced_nonopposite::epistemic::001,valenced_nonopposite,epistemic,valenced,nonopposite,0.8,preference_control,8.6875,13.171875,8.515648007392883,13.070490837097168,8.515648007392883,13.070490837097168,10.793069422245026,-2.2774214148521423,8.6875,13.171875,10.9296875,-2.2421875
mistral_7b,14,valenced_nonopposite::epistemic::001,valenced_nonopposite,epistemic,valenced,nonopposite,1.0,preference_control,10.34375,13.0,10.187535405158997,12.851790308952332,10.187535405158997,12.851790308952332,11.519662857055664,-1.3321274518966677,10.34375,13.0,11.671875,-1.328125
mistral_7b,14,valenced_nonopposite::epistemic::002,valenced_nonopposite,epistemic,valenced,nonopposite,-1.0,preference_control,-9.40625,12.859375,-9.427918195724487,12.833007454872131,-9.427918195724487,12.833007454872131,1.702544629573822,-11.13046282529831,-9.40625,12.859375,1.7265625,-11.1328125
mistral_7b,14,valenced_nonopposite::epistemic::002,valenced_nonopposite,epistemic,valenced,nonopposite,-0.8,preference_control,-9.953125,12.578125,-9.972805500030518,12.607422471046448,-9.972805500030518,12.607422471046448,1.317308485507965,-11.290113985538484,-9.953125,12.578125,1.3125,-11.265625
mistral_7b,14,valenced_nonopposite::epistemic::002,valenced_nonopposite,epistemic,valenced,nonopposite,-0.6,preference_control,-8.984375,11.953125,-8.980652213096619,11.96485698223114,-8.980652213096619,11.96485698223114,1.4921023845672607,-10.47275459766388,-8.984375,11.953125,1.484375,-10.46875
mistral_7b,14,valenced_nonopposite::epistemic::002,valenced_nonopposite,epistemic,valenced,nonopposite,-0.4,preference_control,-7.109375,10.96875,-7.109675884246826,10.988311052322388,-7.109675884246826,10.988311052322388,1.9393175840377808,-9.048993468284609,-7.109375,10.96875,1.9296875,-9.0390625
mistral_7b,14,valenced_nonopposite::epistemic::002,valenced_nonopposite,epistemic,valenced,nonopposite,-0.2,preference_control,-4.78125,9.84375,-4.812844753265381,9.86333703994751,-4.812844753265381,9.86333703994751,2.5252461433410645,-7.338090896606445,-4.78125,9.84375,2.53125,-7.3125
mistral_7b,14,valenced_nonopposite::epistemic::002,valenced_nonopposite,epistemic,valenced,nonopposite,0.0,preference_control,-3.09375,9.34375,-3.0938481092453003,9.349644780158997,-3.0938481092453003,9.349644780158997,3.127898335456848,-6.221746444702148,-3.09375,9.34375,3.125,-6.21875
mistral_7b,14,valenced_nonopposite::epistemic::002,valenced_nonopposite,epistemic,valenced,nonopposite,0.2,preference_control,-1.0625,9.71875,-1.0625231266021729,9.74707531929016,-1.0625231266021729,9.74707531929016,4.342276096343994,-5.404799222946167,-1.0625,9.71875,4.328125,-5.390625
mistral_7b,14,valenced_nonopposite::epistemic::002,valenced_nonopposite,epistemic,valenced,nonopposite,0.4,preference_control,2.75,10.875,2.757801651954651,10.869635820388794,2.757801651954651,10.869635820388794,6.813718736171722,-4.055917084217072,2.75,10.875,6.8125,-4.0625
mistral_7b,14,valenced_nonopposite::epistemic::002,valenced_nonopposite,epistemic,valenced,nonopposite,0.6,preference_control,6.3125,11.84375,6.301754713058472,11.823249101638794,6.301754713058472,11.823249101638794,9.062501907348633,-2.760747194290161,6.3125,11.84375,9.078125,-2.765625
mistral_7b,14,valenced_nonopposite::epistemic::002,valenced_nonopposite,epistemic,valenced,nonopposite,0.8,preference_control,8.53125,11.75,8.500991702079773,11.75293481349945,8.500991702079773,11.75293481349945,10.126963257789612,-1.6259715557098389,8.53125,11.75,10.140625,-1.609375
mistral_7b,14,valenced_nonopposite::epistemic::002,valenced_nonopposite,epistemic,valenced,nonopposite,1.0,preference_control,9.28125,11.125,9.312527179718018,11.11523711681366,9.312527179718018,11.11523711681366,10.21388214826584,-0.901354968547821,9.28125,11.125,10.203125,-0.921875
mistral_7b,14,valenced_nonopposite::epistemic::003,valenced_nonopposite,epistemic,valenced,nonopposite,-1.0,preference_control,-10.6875,-4.625,-10.714813470840454,-4.626928091049194,-10.714813470840454,-4.626928091049194,-7.670870780944824,-3.04394268989563,-10.6875,-4.625,-7.65625,-3.03125
mistral_7b,14,valenced_nonopposite::epistemic::003,valenced_nonopposite,epistemic,valenced,nonopposite,-0.8,preference_control,-11.6875,-6.625,-11.705050349235536,-6.617163896560669,-11.705050349235536,-6.617163896560669,-9.161107122898102,-2.543943226337433,-11.6875,-6.625,-9.15625,-2.53125
mistral_7b,14,valenced_nonopposite::epistemic::003,valenced_nonopposite,epistemic,valenced,nonopposite,-0.6,preference_control,-12.203125,-7.75,-12.222634553909302,-7.748026490211487,-12.222634553909302,-7.748026490211487,-9.985330522060394,-2.2373040318489075,-12.203125,-7.75,-9.9765625,-2.2265625
mistral_7b,14,valenced_nonopposite::epistemic::003,valenced_nonopposite,epistemic,valenced,nonopposite,-0.4,preference_control,-11.8125,-7.75,-11.826153755187988,-7.735329270362854,-11.826153755187988,-7.735329270362854,-9.78074151277542,-2.045412242412567,-11.8125,-7.75,-9.78125,-2.03125
mistral_7b,14,valenced_nonopposite::epistemic::003,valenced_nonopposite,epistemic,valenced,nonopposite,-0.2,preference_control,-10.921875,-6.9375,-10.904279708862305,-6.949194073677063,-10.904279708862305,-6.949194073677063,-8.926736891269684,-1.9775428175926208,-10.921875,-6.9375,-8.9296875,-1.9921875
mistral_7b,14,valenced_nonopposite::epistemic::003,valenced_nonopposite,epistemic,valenced,nonopposite,0.0,preference_control,-9.984375,-5.96875,-10.011698126792908,-5.960902690887451,-10.011698126792908,-5.960902690887451,-7.986300408840179,-2.0253977179527283,-9.984375,-5.96875,-7.9765625,-2.0078125
mistral_7b,14,valenced_nonopposite::epistemic::003,valenced_nonopposite,epistemic,valenced,nonopposite,0.2,preference_control,-7.5,-4.875,-7.480432510375977,-4.867138624191284,-7.480432510375977,-4.867138624191284,-6.17378556728363,-1.3066469430923462,-7.5,-4.875,-6.1875,-1.3125
mistral_7b,14,valenced_nonopposite::epistemic::003,valenced_nonopposite,epistemic,valenced,nonopposite,0.4,preference_control,-1.1875,-1.4375,-1.1913602352142334,-1.437429904937744,-1.1913602352142334,-1.437429904937744,-1.3143950700759888,0.1230348348617553,-1.1875,-1.4375,-1.3125,0.125
mistral_7b,14,valenced_nonopposite::epistemic::003,valenced_nonopposite,epistemic,valenced,nonopposite,0.6,preference_control,3.6875,1.875,3.6816930770874015,1.882883071899414,3.6816930770874015,1.882883071899414,2.782288074493408,0.8994050025939941,3.6875,1.875,2.78125,0.90625
mistral_7b,14,valenced_nonopposite::epistemic::003,valenced_nonopposite,epistemic,valenced,nonopposite,0.8,preference_control,7.125,3.8125,7.127021312713623,3.824299335479736,7.127021312713623,3.824299335479736,5.47566032409668,1.6513609886169434,7.125,3.8125,5.46875,1.65625
mistral_7b,14,valenced_nonopposite::epistemic::003,valenced_nonopposite,epistemic,valenced,nonopposite,1.0,preference_control,8.75,4.8125,8.767668724060059,4.812592506408691,8.767668724060059,4.812592506408691,6.790130615234375,1.977538108825684,8.75,4.8125,6.78125,1.96875
mistral_7b,14,valenced_nonopposite::epistemic::004,valenced_nonopposite,epistemic,valenced,nonopposite,-1.0,preference_control,-7.15625,2.90625,-7.160155653953552,2.9062516689300537,-7.160155653953552,2.9062516689300537,-2.1269519925117493,-5.033203661441803,-7.15625,2.90625,-2.125,-5.03125
mistral_7b,14,valenced_nonopposite::epistemic::004,valenced_nonopposite,epistemic,valenced,nonopposite,-0.8,preference_control,-9.28125,3.21875,-9.308592796325684,3.2187516689300537,-9.308592796325684,3.2187516689300537,-3.044920563697815,-6.263672232627869,-9.28125,3.21875,-3.03125,-6.25
mistral_7b,14,valenced_nonopposite::epistemic::004,valenced_nonopposite,epistemic,valenced,nonopposite,-0.6,preference_control,-10.171875,4.0,-10.148436188697817,4.000001907348633,-10.148436188697817,4.000001907348633,-3.074217140674591,-7.074219048023224,-10.171875,4.0,-3.0859375,-7.0859375
mistral_7b,14,valenced_nonopposite::epistemic::004,valenced_nonopposite,epistemic,valenced,nonopposite,-0.4,preference_control,-9.296875,4.796875,-9.316404223442078,4.812502026557922,-9.316404223442078,4.812502026557922,-2.2519510984420776,-7.064453125,-9.296875,4.796875,-2.25,-7.046875
mistral_7b,14,valenced_nonopposite::epistemic::004,valenced_nonopposite,epistemic,valenced,nonopposite,-0.2,preference_control,-6.53125,4.921875,-6.523434996604919,4.906251907348633,-6.523434996604919,4.906251907348633,-0.8085915446281433,-5.714843451976776,-6.53125,4.921875,-0.8046875,-5.7265625
mistral_7b,14,valenced_nonopposite::epistemic::004,valenced_nonopposite,epistemic,valenced,nonopposite,0.0,preference_control,-3.8125,5.296875,-3.79687225818634,5.281252861022949,-3.79687225818634,5.281252861022949,0.7421903014183044,-4.539062559604645,-3.8125,5.296875,0.7421875,-4.5546875
mistral_7b,14,valenced_nonopposite::epistemic::004,valenced_nonopposite,epistemic,valenced,nonopposite,0.2,preference_control,-1.0,6.21875,-0.9999953508377076,6.18750274181366,-0.9999953508377076,6.18750274181366,2.593753695487976,-3.593749046325684,-1.0,6.21875,2.609375,-3.609375
mistral_7b,14,valenced_nonopposite::epistemic::004,valenced_nonopposite,epistemic,valenced,nonopposite,0.4,preference_control,3.0625,7.484375,3.046886801719665,7.4687535762786865,3.046886801719665,7.4687535762786865,5.257820188999176,-2.2109333872795105,3.0625,7.484375,5.2734375,-2.2109375
mistral_7b,14,valenced_nonopposite::epistemic::004,valenced_nonopposite,epistemic,valenced,nonopposite,0.6,preference_control,8.65625,8.515625,8.63284945487976,8.539076924324036,8.63284945487976,8.539076924324036,8.585963189601898,0.0468862652778625,8.65625,8.515625,8.5859375,0.0703125
mistral_7b,14,valenced_nonopposite::epistemic::004,valenced_nonopposite,epistemic,valenced,nonopposite,0.8,preference_control,11.53125,8.84375,11.552802562713625,8.828193187713623,11.552802562713625,8.828193187713623,10.190497875213625,1.3623046875,11.53125,8.84375,10.1875,1.34375
mistral_7b,14,valenced_nonopposite::epistemic::004,valenced_nonopposite,epistemic,valenced,nonopposite,1.0,preference_control,12.71875,8.65625,12.720780372619627,8.672000885009766,12.720780372619627,8.672000885009766,10.696390628814695,2.024389743804932,12.71875,8.65625,10.6875,2.03125
mistral_7b,14,valenced_nonopposite::epistemic::005,valenced_nonopposite,epistemic,valenced,nonopposite,-1.0,preference_control,-3.9375,-4.03125,-3.9374067783355713,-4.062469244003296,-3.9374067783355713,-4.062469244003296,-3.9999380111694336,0.0625312328338623,-3.9375,-4.03125,-3.984375,0.046875
mistral_7b,14,valenced_nonopposite::epistemic::005,valenced_nonopposite,epistemic,valenced,nonopposite,-0.8,preference_control,-5.015625,-4.9375,-5.000017404556274,-4.937490224838257,-5.000017404556274,-4.937490224838257,-4.968753814697266,-0.0312635898590087,-5.015625,-4.9375,-4.9765625,-0.0390625
mistral_7b,14,valenced_nonopposite::epistemic::005,valenced_nonopposite,epistemic,valenced,nonopposite,-0.6,preference_control,-6.3125,-5.25,-6.345607280731201,-5.250012993812561,-6.345607280731201,-5.250012993812561,-5.797810137271881,-0.5477971434593201,-6.3125,-5.25,-5.78125,-0.53125
mistral_7b,14,valenced_nonopposite::epistemic::005,valenced_nonopposite,epistemic,valenced,nonopposite,-0.4,preference_control,-6.84375,-5.03125,-6.864209055900574,-5.062598943710327,-6.864209055900574,-5.062598943710327,-5.96340399980545,-0.9008050560951232,-6.84375,-5.03125,-5.9375,-0.90625
mistral_7b,14,valenced_nonopposite::epistemic::005,valenced_nonopposite,epistemic,valenced,nonopposite,-0.2,preference_control,-6.0703125,-4.390625,-6.074183940887451,-4.375041246414185,-6.074183940887451,-4.375041246414185,-5.224612593650818,-0.8495713472366333,-6.0703125,-4.390625,-5.23046875,-0.83984375
mistral_7b,14,valenced_nonopposite::epistemic::005,valenced_nonopposite,epistemic,valenced,nonopposite,0.0,preference_control,-4.0,-3.1875,-4.007568597793579,-3.2187098264694214,-4.007568597793579,-3.2187098264694214,-3.6131392121315,-0.3944293856620788,-4.0,-3.1875,-3.59375,-0.40625
mistral_7b,14,valenced_nonopposite::epistemic::005,valenced_nonopposite,epistemic,valenced,nonopposite,0.2,preference_control,-1.28125,-1.09375,-1.249994158744812,-1.0937325954437256,-1.249994158744812,-1.0937325954437256,-1.1718633770942688,-0.0781307816505432,-1.28125,-1.09375,-1.1875,-0.09375
mistral_7b,14,valenced_nonopposite::epistemic::005,valenced_nonopposite,epistemic,valenced,nonopposite,0.4,preference_control,1.3125,1.375,1.3125349283218384,1.3750118017196655,1.3125349283218384,1.3750118017196655,1.343773365020752,-0.0312384366989135,1.3125,1.375,1.34375,-0.03125
mistral_7b,14,valenced_nonopposite::epistemic::005,valenced_nonopposite,epistemic,valenced,nonopposite,0.6,preference_control,3.65625,3.3125,3.687532901763916,3.343764901161194,3.687532901763916,3.343764901161194,3.515648901462555,0.171884000301361,3.65625,3.3125,3.484375,0.171875
mistral_7b,14,valenced_nonopposite::epistemic::005,valenced_nonopposite,epistemic,valenced,nonopposite,0.8,preference_control,5.84375,4.125,5.843790054321289,4.156282544136047,5.843790054321289,4.156282544136047,5.000036299228668,0.8437537550926208,5.84375,4.125,4.984375,0.859375
mistral_7b,14,valenced_nonopposite::epistemic::005,valenced_nonopposite,epistemic,valenced,nonopposite,1.0,preference_control,7.3125,4.1875,7.312550902366638,4.187580108642578,7.312550902366638,4.187580108642578,5.750065505504608,1.56248539686203,7.3125,4.1875,5.75,1.5625
mistral_7b,14,valenced_nonopposite::epistemic::006,valenced_nonopposite,epistemic,valenced,nonopposite,-1.0,preference_control,-8.140625,5.78125,-8.124990820884705,5.792825102806091,-8.124990820884705,5.792825102806091,-1.1660828590393066,-6.958907961845398,-8.140625,5.78125,-1.1796875,-6.9609375
mistral_7b,14,valenced_nonopposite::epistemic::006,valenced_nonopposite,epistemic,valenced,nonopposite,-0.8,preference_control,-8.4375,5.40625,-8.46878957748413,5.413716077804565,-8.46878957748413,5.413716077804565,-1.5275367498397827,-6.941252827644348,-8.4375,5.40625,-1.515625,-6.921875
mistral_7b,14,valenced_nonopposite::epistemic::006,valenced_nonopposite,epistemic,valenced,nonopposite,-0.6,preference_control,-7.9375,4.6875,-7.937780857086182,4.702388644218445,-7.937780857086182,4.702388644218445,-1.6176961064338684,-6.320084750652313,-7.9375,4.6875,-1.625,-6.3125
mistral_7b,14,valenced_nonopposite::epistemic::006,valenced_nonopposite,epistemic,valenced,nonopposite,-0.4,preference_control,-6.28125,3.40625,-6.282403826713562,3.4058386087417603,-6.282403826713562,3.4058386087417603,-1.4382826089859009,-4.844121217727661,-6.28125,3.40625,-1.4375,-4.84375
mistral_7b,14,valenced_nonopposite::epistemic::006,valenced_nonopposite,epistemic,valenced,nonopposite,-0.2,preference_control,-4.6875,2.5,-4.65754508972168,2.500646710395813,-4.65754508972168,2.500646710395813,-1.0784491896629331,-3.5790959000587463,-4.6875,2.5,-1.09375,-3.59375
mistral_7b,14,valenced_nonopposite::epistemic::006,valenced_nonopposite,epistemic,valenced,nonopposite,0.0,preference_control,-3.09375,3.09375,-3.0938605070114136,3.112224817276001,-3.0938605070114136,3.112224817276001,0.0091821551322937,-3.1030426621437077,-3.09375,3.09375,0.0,-3.09375
mistral_7b,14,valenced_nonopposite::epistemic::006,valenced_nonopposite,epistemic,valenced,nonopposite,0.2,preference_control,0.84375,5.28125,0.8438711166381836,5.301656246185303,0.8438711166381836,5.301656246185303,3.072763681411743,-2.22889256477356,0.84375,5.28125,3.0625,-2.21875
mistral_7b,14,valenced_nonopposite::epistemic::006,valenced_nonopposite,epistemic,valenced,nonopposite,0.4,preference_control,4.65625,7.0,4.656699180603027,6.997642636299133,4.656699180603027,6.997642636299133,5.82717090845108,-1.170471727848053,4.65625,7.0,5.828125,-1.171875
mistral_7b,14,valenced_nonopposite::epistemic::006,valenced_nonopposite,epistemic,valenced,nonopposite,0.6,preference_control,8.09375,7.71875,8.079334616661072,7.70015561580658,8.079334616661072,7.70015561580658,7.889745116233826,0.1895895004272461,8.09375,7.71875,7.90625,0.1875
mistral_7b,14,valenced_nonopposite::epistemic::006,valenced_nonopposite,epistemic,valenced,nonopposite,0.8,preference_control,9.84375,7.875,9.865366458892822,7.895407438278198,9.865366458892822,7.895407438278198,8.88038694858551,0.984979510307312,9.84375,7.875,8.859375,0.984375
mistral_7b,14,valenced_nonopposite::epistemic::006,valenced_nonopposite,epistemic,valenced,nonopposite,1.0,preference_control,10.453125,7.59375,10.479009985923769,7.628731966018677,10.479009985923769,7.628731966018677,9.053870975971222,1.4251390099525452,10.453125,7.59375,9.0234375,1.4296875
mistral_7b,14,valenced_nonopposite::epistemic::007,valenced_nonopposite,epistemic,valenced,nonopposite,-1.0,preference_control,-8.34375,-5.6875,-8.49980878829956,-5.781270861625671,-8.49980878829956,-5.781270861625671,-7.140539824962616,-1.3592689633369446,-8.34375,-5.6875,-7.015625,-1.328125
mistral_7b,14,valenced_nonopposite::epistemic::007,valenced_nonopposite,epistemic,valenced,nonopposite,-0.8,preference_control,-9.515625,-7.96875,-9.499814987182615,-7.9786057472229,-9.499814987182615,-7.9786057472229,-8.739210367202759,-0.7606046199798584,-9.515625,-7.96875,-8.7421875,-0.7734375
mistral_7b,14,valenced_nonopposite::epistemic::007,valenced_nonopposite,epistemic,valenced,nonopposite,-0.6,preference_control,-10.5625,-9.125,-10.671733379364014,-9.197458267211914,-10.671733379364014,-9.197458267211914,-9.934595823287964,-0.7371375560760498,-10.5625,-9.125,-9.84375,-0.71875
mistral_7b,14,valenced_nonopposite::epistemic::007,valenced_nonopposite,epistemic,valenced,nonopposite,-0.4,preference_control,-10.90625,-9.34375,-10.96860134601593,-9.469092845916748,-10.96860134601593,-9.469092845916748,-10.21884709596634,-0.7497542500495911,-10.90625,-9.34375,-10.125,-0.78125
mistral_7b,14,valenced_nonopposite::epistemic::007,valenced_nonopposite,epistemic,valenced,nonopposite,-0.2,preference_control,-10.140625,-8.40625,-10.1091548204422,-8.359885811805725,-10.1091548204422,-8.359885811805725,-9.234520316123962,-0.8746345043182373,-10.140625,-8.40625,-9.2734375,-0.8671875
mistral_7b,14,valenced_nonopposite::epistemic::007,valenced_nonopposite,epistemic,valenced,nonopposite,0.0,preference_control,-8.5234375,-6.5625,-8.374727368354797,-6.601950526237488,-8.374727368354797,-6.601950526237488,-7.488338947296143,-0.8863884210586548,-8.5234375,-6.5625,-7.54296875,-0.98046875
mistral_7b,14,valenced_nonopposite::epistemic::007,valenced_nonopposite,epistemic,valenced,nonopposite,0.2,preference_control,-7.2734375,-4.78125,-7.218379259109497,-4.578475475311279,-7.218379259109497,-4.578475475311279,-5.898427367210388,-1.3199518918991089,-7.2734375,-4.78125,-6.02734375,-1.24609375
mistral_7b,14,valenced_nonopposite::epistemic::007,valenced_nonopposite,epistemic,valenced,nonopposite,0.4,preference_control,-5.703125,-1.53125,-5.780888080596924,-1.4534900188446045,-5.780888080596924,-1.4534900188446045,-3.617189049720764,-2.16369903087616,-5.703125,-1.53125,-3.6171875,-2.0859375
mistral_7b,14,valenced_nonopposite::epistemic::007,valenced_nonopposite,epistemic,valenced,nonopposite,0.6,preference_control,-2.0625,3.0625,-2.280980348587036,3.1557763814926147,-2.280980348587036,3.1557763814926147,0.4373980164527893,-2.718378365039825,-2.0625,3.0625,0.5,-2.5625
mistral_7b,14,valenced_nonopposite::epistemic::007,valenced_nonopposite,epistemic,valenced,nonopposite,0.8,preference_control,2.8125,7.1875,2.922092914581299,7.300321102142334,2.922092914581299,7.300321102142334,5.111207008361816,-2.1891140937805176,2.8125,7.1875,5.0,-2.1875
mistral_7b,14,valenced_nonopposite::epistemic::007,valenced_nonopposite,epistemic,valenced,nonopposite,1.0,preference_control,7.0625,9.25,7.195464611053467,9.272966265678406,7.195464611053467,9.272966265678406,8.234215438365936,-1.0387508273124697,7.0625,9.25,8.15625,-1.09375
mistral_7b,14,valenced_nonopposite::epistemic::008,valenced_nonopposite,epistemic,valenced,nonopposite,-1.0,preference_control,-2.25,2.5625,-2.3823087215423584,2.6886160373687744,-2.3823087215423584,2.6886160373687744,0.153153657913208,-2.5354623794555664,-2.25,2.5625,0.15625,-2.40625
mistral_7b,14,valenced_nonopposite::epistemic::008,valenced_nonopposite,epistemic,valenced,nonopposite,-0.8,preference_control,-2.4375,1.6875,-2.3667824268341064,1.8211036920547483,-2.3667824268341064,1.8211036920547483,-0.2728393673896789,-2.0939430594444275,-2.4375,1.6875,-0.375,-2.0625
mistral_7b,14,valenced_nonopposite::epistemic::008,valenced_nonopposite,epistemic,valenced,nonopposite,-0.6,preference_control,-2.4375,0.4375,-2.3120808601379395,0.4382179975509643,-2.3120808601379395,0.4382179975509643,-0.9369314312934875,-1.375149428844452,-2.4375,0.4375,-1.0,-1.4375
mistral_7b,14,valenced_nonopposite::epistemic::008,valenced_nonopposite,epistemic,valenced,nonopposite,-0.4,preference_control,-2.75,-0.875,-2.6402554512023926,-0.8119235038757324,-2.6402554512023926,-0.8119235038757324,-1.7260894775390625,-0.91416597366333,-2.75,-0.875,-1.8125,-0.9375
mistral_7b,14,valenced_nonopposite::epistemic::008,valenced_nonopposite,epistemic,valenced,nonopposite,-0.2,preference_control,-2.1875,-1.875,-2.077757716178894,-1.8745338916778564,-2.077757716178894,-1.8745338916778564,-1.9761458039283752,-0.1016119122505188,-2.1875,-1.875,-2.03125,-0.15625
mistral_7b,14,valenced_nonopposite::epistemic::008,valenced_nonopposite,epistemic,valenced,nonopposite,0.0,preference_control,-0.8125,-2.1875,-0.4996309280395508,-2.2183295488357544,-0.4996309280395508,-2.2183295488357544,-1.3589802384376526,0.8593493103981018,-0.8125,-2.1875,-1.5,0.6875
mistral_7b,14,valenced_nonopposite::epistemic::008,valenced_nonopposite,epistemic,valenced,nonopposite,0.2,preference_control,2.625,-2.1875,2.656561255455017,-2.187088131904602,2.656561255455017,-2.187088131904602,0.2347365617752075,2.4218246936798096,2.625,-2.1875,0.21875,2.40625
mistral_7b,14,valenced_nonopposite::epistemic::008,valenced_nonopposite,epistemic,valenced,nonopposite,0.4,preference_control,7.21875,-1.3125,7.30508553981781,-1.3120537996292114,7.30508553981781,-1.3120537996292114,2.9965158700942998,4.308569669723511,7.21875,-1.3125,2.953125,4.265625
mistral_7b,14,valenced_nonopposite::epistemic::008,valenced_nonopposite,epistemic,valenced,nonopposite,0.6,preference_control,10.625,0.9375,10.609804153442385,0.9379900693893432,10.609804153442385,0.9379900693893432,5.773897111415863,4.83590704202652,10.625,0.9375,5.78125,4.84375
mistral_7b,14,valenced_nonopposite::epistemic::008,valenced_nonopposite,epistemic,valenced,nonopposite,0.8,preference_control,12.359375,4.25,12.439019560813904,4.383429169654846,12.439019560813904,4.383429169654846,8.411224365234375,4.027795195579529,12.359375,4.25,8.3046875,4.0546875
mistral_7b,14,valenced_nonopposite::epistemic::008,valenced_nonopposite,epistemic,valenced,nonopposite,1.0,preference_control,13.046875,6.71875,12.935209035873411,6.992971897125244,12.935209035873411,6.992971897125244,9.964090466499329,2.9711185693740845,13.046875,6.71875,9.8828125,3.1640625
mistral_7b,14,valenced_nonopposite::epistemic::009,valenced_nonopposite,epistemic,valenced,nonopposite,-1.0,preference_control,-10.125,12.75,-10.156262636184692,12.769602179527284,-10.156262636184692,12.769602179527284,1.3066697716712952,-11.462932407855988,-10.125,12.75,1.3125,-11.4375
mistral_7b,14,valenced_nonopposite::epistemic::009,valenced_nonopposite,epistemic,valenced,nonopposite,-0.8,preference_control,-10.859375,13.328125,-11.046887397766112,13.2695871591568,-11.046887397766112,13.2695871591568,1.111349880695343,-12.158237278461456,-10.859375,13.328125,1.234375,-12.09375
mistral_7b,14,valenced_nonopposite::epistemic::009,valenced_nonopposite,epistemic,valenced,nonopposite,-0.6,preference_control,-11.26953125,13.4375,-11.421892404556274,13.378968834877014,-11.421892404556274,13.378968834877014,0.97853821516037,-12.400430619716644,-11.26953125,13.4375,1.083984375,-12.353515625
mistral_7b,14,valenced_nonopposite::epistemic::009,valenced_nonopposite,epistemic,valenced,nonopposite,-0.4,preference_control,-10.966796875,13.421875,-11.156272411346436,13.375064015388489,-11.156272411346436,13.375064015388489,1.1093958020210266,-12.265668213367462,-10.966796875,13.421875,1.2275390625,-12.1943359375
mistral_7b,14,valenced_nonopposite::epistemic::009,valenced_nonopposite,epistemic,valenced,nonopposite,-0.2,preference_control,-10.0546875,12.875,-10.28128147125244,12.796941995620728,-10.28128147125244,12.796941995620728,1.257830262184143,-11.539111733436584,-10.0546875,12.875,1.41015625,-11.46484375
mistral_7b,14,valenced_nonopposite::epistemic::009,valenced_nonopposite,epistemic,valenced,nonopposite,0.0,preference_control,-9.39453125,11.71875,-9.250025629997252,11.71491277217865,-9.250025629997252,11.71491277217865,1.2324435710906982,-10.482469201087952,-9.39453125,11.71875,1.162109375,-10.556640625
mistral_7b,14,valenced_nonopposite::epistemic::009,valenced_nonopposite,epistemic,valenced,nonopposite,0.2,preference_control,-7.84375,10.5625,-7.757790565490723,10.3555269241333,-7.757790565490723,10.3555269241333,1.298868179321289,-9.056658744812012,-7.84375,10.5625,1.359375,-9.203125
mistral_7b,14,valenced_nonopposite::epistemic::009,valenced_nonopposite,epistemic,valenced,nonopposite,0.4,preference_control,0.375,9.4375,0.8281742334365845,9.27935230731964,0.8281742334365845,9.27935230731964,5.053763270378113,-4.225589036941528,0.375,9.4375,4.90625,-4.53125
mistral_7b,14,valenced_nonopposite::epistemic::009,valenced_nonopposite,epistemic,valenced,nonopposite,0.6,preference_control,8.75,8.6875,8.867307901382446,8.57622480392456,8.867307901382446,8.57622480392456,8.721766352653503,0.1455415487289428,8.75,8.6875,8.71875,0.03125
mistral_7b,14,valenced_nonopposite::epistemic::009,valenced_nonopposite,epistemic,valenced,nonopposite,0.8,preference_control,11.6875,7.625,11.791244864463806,7.835991024971008,11.791244864463806,7.835991024971008,9.813617944717407,1.977626919746399,11.6875,7.625,9.65625,2.03125
mistral_7b,14,valenced_nonopposite::epistemic::009,valenced_nonopposite,epistemic,valenced,nonopposite,1.0,preference_control,11.6875,6.5625,11.713186740875244,6.761766314506531,11.713186740875244,6.761766314506531,9.237476527690887,2.4757102131843567,11.6875,6.5625,9.125,2.5625
mistral_7b,14,valenced_nonopposite::epistemic::010,valenced_nonopposite,epistemic,valenced,nonopposite,-1.0,preference_control,-3.09375,0.75,-3.09374463558197,0.7500025033950806,-3.09374463558197,0.7500025033950806,-1.1718710660934448,-1.9218735694885252,-3.09375,0.75,-1.171875,-1.921875
mistral_7b,14,valenced_nonopposite::epistemic::010,valenced_nonopposite,epistemic,valenced,nonopposite,-0.8,preference_control,-5.25,-0.5,-5.218746542930603,-0.4999977350234985,-5.218746542930603,-0.4999977350234985,-2.859372138977051,-2.359374403953552,-5.25,-0.5,-2.875,-2.375
mistral_7b,14,valenced_nonopposite::epistemic::010,valenced_nonopposite,epistemic,valenced,nonopposite,-0.6,preference_control,-6.1953125,-1.9375,-6.218746662139893,-1.9218727350234983,-6.218746662139893,-1.9218727350234983,-4.070309698581696,-2.148436963558197,-6.1953125,-1.9375,-4.06640625,-2.12890625
mistral_7b,14,valenced_nonopposite::epistemic::010,valenced_nonopposite,epistemic,valenced,nonopposite,-0.4,preference_control,-5.21484375,-2.0,-5.187495231628418,-1.9999973773956297,-5.187495231628418,-1.9999973773956297,-3.593746304512024,-1.593748927116394,-5.21484375,-2.0,-3.607421875,-1.607421875
mistral_7b,14,valenced_nonopposite::epistemic::010,valenced_nonopposite,epistemic,valenced,nonopposite,-0.2,preference_control,-2.8046875,-0.5,-2.812490582466125,-0.4999960660934448,-2.812490582466125,-0.4999960660934448,-1.6562433242797852,-1.1562472581863403,-2.8046875,-0.5,-1.65234375,-1.15234375
mistral_7b,14,valenced_nonopposite::epistemic::010,valenced_nonopposite,epistemic,valenced,nonopposite,0.0,preference_control,-1.44140625,0.171875,-1.4374821186065674,0.1875050067901611,-1.4374821186065674,0.1875050067901611,-0.6249885559082031,-0.8124935626983643,-1.44140625,0.171875,-0.634765625,-0.806640625
mistral_7b,14,valenced_nonopposite::epistemic::010,valenced_nonopposite,epistemic,valenced,nonopposite,0.2,preference_control,-0.4296875,0.234375,-0.3749796152114868,0.2500042915344238,-0.3749796152114868,0.2500042915344238,-0.0624876618385314,-0.3124919533729553,-0.4296875,0.234375,-0.09765625,-0.33203125
mistral_7b,14,valenced_nonopposite::epistemic::010,valenced_nonopposite,epistemic,valenced,nonopposite,0.4,preference_control,1.390625,1.28125,1.375016212463379,1.2812519073486328,1.375016212463379,1.2812519073486328,1.328134059906006,0.046882152557373,1.390625,1.28125,1.3359375,0.0546875
mistral_7b,14,valenced_nonopposite::epistemic::010,valenced_nonopposite,epistemic,valenced,nonopposite,0.6,preference_control,4.671875,3.1875,4.6562594175338745,3.2031259536743164,4.6562594175338745,3.2031259536743164,3.929692685604096,0.726566731929779,4.671875,3.1875,3.9296875,0.7421875
mistral_7b,14,valenced_nonopposite::epistemic::010,valenced_nonopposite,epistemic,valenced,nonopposite,0.8,preference_control,7.09375,4.75,7.109380483627319,4.750000834465027,7.109380483627319,4.750000834465027,5.929690659046173,1.1796898245811462,7.09375,4.75,5.921875,1.171875
mistral_7b,14,valenced_nonopposite::epistemic::010,valenced_nonopposite,epistemic,valenced,nonopposite,1.0,preference_control,8.15625,5.96875,8.156253814697266,5.957032203674316,8.156253814697266,5.957032203674316,7.056643009185791,1.0996108055114746,8.15625,5.96875,7.0625,1.09375
mistral_7b,14,valenced_nonopposite::epistemic::011,valenced_nonopposite,epistemic,valenced,nonopposite,-1.0,preference_control,-0.625,-5.015625,-0.374847412109375,-4.9375505447387695,-0.374847412109375,-4.9375505447387695,-2.6561989784240723,2.2813515663146973,-0.625,-5.015625,-2.8203125,2.1953125
mistral_7b,14,valenced_nonopposite::epistemic::011,valenced_nonopposite,epistemic,valenced,nonopposite,-0.8,preference_control,-0.9375,-6.21875,-0.9530094861984252,-5.984630107879639,-0.9530094861984252,-5.984630107879639,-3.468819797039032,2.5158103108406067,-0.9375,-6.21875,-3.578125,2.640625
mistral_7b,14,valenced_nonopposite::epistemic::011,valenced_nonopposite,epistemic,valenced,nonopposite,-0.6,preference_control,-0.53125,-6.5,-0.4686330556869507,-6.39104700088501,-0.4686330556869507,-6.39104700088501,-3.42984002828598,2.961206972599029,-0.53125,-6.5,-3.515625,2.984375
mistral_7b,14,valenced_nonopposite::epistemic::011,valenced_nonopposite,epistemic,valenced,nonopposite,-0.4,preference_control,1.09375,-5.28125,1.031310796737671,-5.12556791305542,1.031310796737671,-5.12556791305542,-2.0471285581588745,3.0784393548965454,1.09375,-5.28125,-2.09375,3.1875
mistral_7b,14,valenced_nonopposite::epistemic::011,valenced_nonopposite,epistemic,valenced,nonopposite,-0.2,preference_control,3.5625,-2.96875,3.437588334083557,-2.8442203998565674,3.437588334083557,-2.8442203998565674,0.2966839671134949,3.1409043669700623,3.5625,-2.96875,0.296875,3.265625
mistral_7b,14,valenced_nonopposite::epistemic::011,valenced_nonopposite,epistemic,valenced,nonopposite,0.0,preference_control,5.5,-1.421875,5.281453013420105,-1.1876497268676758,5.281453013420105,-1.1876497268676758,2.0469016432762146,3.2345513701438904,5.5,-1.421875,2.0390625,3.4609375
mistral_7b,14,valenced_nonopposite::epistemic::011,valenced_nonopposite,epistemic,valenced,nonopposite,0.2,preference_control,8.28125,-1.34375,8.094090580940247,-1.31239652633667,8.094090580940247,-1.31239652633667,3.3908470273017883,4.703243553638458,8.28125,-1.34375,3.46875,4.8125
mistral_7b,14,valenced_nonopposite::epistemic::011,valenced_nonopposite,epistemic,valenced,nonopposite,0.4,preference_control,10.03125,-1.0,9.770010232925417,-0.8904500007629395,9.770010232925417,-0.8904500007629395,4.439780116081238,5.330230116844177,10.03125,-1.0,4.515625,5.515625
mistral_7b,14,valenced_nonopposite::epistemic::011,valenced_nonopposite,epistemic,valenced,nonopposite,0.6,preference_control,11.25,-0.9375,10.99682891368866,-1.0075442790985107,10.99682891368866,-1.0075442790985107,4.9946423172950745,6.002186596393585,11.25,-0.9375,5.15625,6.09375
mistral_7b,14,valenced_nonopposite::epistemic::011,valenced_nonopposite,epistemic,valenced,nonopposite,0.8,preference_control,12.28125,-1.8125,12.00783109664917,-1.784869909286499,12.00783109664917,-1.784869909286499,5.111480593681336,6.8963505029678345,12.28125,-1.8125,5.234375,7.046875
mistral_7b,14,valenced_nonopposite::epistemic::011,valenced_nonopposite,epistemic,valenced,nonopposite,1.0,preference_control,12.5625,-3.4375,12.386706113815308,-3.3394306898117065,12.386706113815308,-3.3394306898117065,4.5236377120018005,7.863068401813507,12.5625,-3.4375,4.5625,8.0
mistral_7b,14,valenced_nonopposite::epistemic::012,valenced_nonopposite,epistemic,valenced,nonopposite,-1.0,preference_control,3.3125,7.0625,3.200160264968872,6.815903902053833,3.200160264968872,6.815903902053833,5.0080320835113525,-1.8078718185424805,3.3125,7.0625,5.1875,-1.875
mistral_7b,14,valenced_nonopposite::epistemic::012,valenced_nonopposite,epistemic,valenced,nonopposite,-0.8,preference_control,3.71875,8.15625,3.450409293174744,8.148652195930481,3.450409293174744,8.148652195930481,5.799530744552612,-2.3491214513778687,3.71875,8.15625,5.9375,-2.21875
mistral_7b,14,valenced_nonopposite::epistemic::012,valenced_nonopposite,epistemic,valenced,nonopposite,-0.6,preference_control,3.40625,8.78125,3.0768837928771973,8.523995637893677,3.0768837928771973,8.523995637893677,5.800439715385437,-2.72355592250824,3.40625,8.78125,6.09375,-2.6875
mistral_7b,14,valenced_nonopposite::epistemic::012,valenced_nonopposite,epistemic,valenced,nonopposite,-0.4,preference_control,3.15625,8.625,2.770310997962952,8.41963255405426,2.770310997962952,8.41963255405426,5.594971776008606,-2.8246607780456543,3.15625,8.625,5.890625,-2.734375
mistral_7b,14,valenced_nonopposite::epistemic::012,valenced_nonopposite,epistemic,valenced,nonopposite,-0.2,preference_control,3.6875,8.09375,3.6580517292022714,8.00881803035736,3.6580517292022714,8.00881803035736,5.833434879779816,-2.175383150577545,3.6875,8.09375,5.890625,-2.203125
mistral_7b,14,valenced_nonopposite::epistemic::012,valenced_nonopposite,epistemic,valenced,nonopposite,0.0,preference_control,6.0625,8.8125,5.993168115615845,8.473189115524292,5.993168115615845,8.473189115524292,7.233178615570068,-1.2400104999542236,6.0625,8.8125,7.4375,-1.375
mistral_7b,14,valenced_nonopposite::epistemic::012,valenced_nonopposite,epistemic,valenced,nonopposite,0.2,preference_control,8.296875,10.453125,8.435632944107056,10.33203935623169,8.435632944107056,10.33203935623169,9.383836150169373,-0.9482032060623168,8.296875,10.453125,9.375,-1.078125
mistral_7b,14,valenced_nonopposite::epistemic::012,valenced_nonopposite,epistemic,valenced,nonopposite,0.4,preference_control,10.03125,11.65625,10.157258987426758,11.72848904132843,10.157258987426758,11.72848904132843,10.942874014377594,-0.7856150269508362,10.03125,11.65625,10.84375,-0.8125
mistral_7b,14,valenced_nonopposite::epistemic::012,valenced_nonopposite,epistemic,valenced,nonopposite,0.6,preference_control,11.09375,11.90625,11.135015606880188,11.884387731552124,11.135015606880188,11.884387731552124,11.509701669216156,-0.374686062335968,11.09375,11.90625,11.5,-0.40625
mistral_7b,14,valenced_nonopposite::epistemic::012,valenced_nonopposite,epistemic,valenced,nonopposite,0.8,preference_control,11.5234375,11.640625,11.656753063201904,11.580013990402222,11.656753063201904,11.580013990402222,11.618383526802065,0.0383695363998413,11.5234375,11.640625,11.58203125,-0.05859375
mistral_7b,14,valenced_nonopposite::epistemic::012,valenced_nonopposite,epistemic,valenced,nonopposite,1.0,preference_control,11.3671875,10.765625,11.462357521057127,10.839727640151978,11.462357521057127,10.839727640151978,11.151042580604551,0.3113149404525757,11.3671875,10.765625,11.06640625,0.30078125
mistral_7b,14,valenced_nonopposite::epistemic::013,valenced_nonopposite,epistemic,valenced,nonopposite,-1.0,preference_control,-5.09375,-4.65625,-4.88491153717041,-4.686637878417969,-4.88491153717041,-4.686637878417969,-4.7857747077941895,-0.0991368293762207,-5.09375,-4.65625,-4.875,-0.21875
mistral_7b,14,valenced_nonopposite::epistemic::013,valenced_nonopposite,epistemic,valenced,nonopposite,-0.8,preference_control,-5.578125,-4.5,-5.273603439331055,-4.483585357666016,-5.273603439331055,-4.483585357666016,-4.878594398498535,-0.3950090408325195,-5.578125,-4.5,-5.0390625,-0.5390625
mistral_7b,14,valenced_nonopposite::epistemic::013,valenced_nonopposite,epistemic,valenced,nonopposite,-0.6,preference_control,-5.796875,-4.15625,-5.299074172973633,-4.139328002929688,-5.299074172973633,-4.139328002929688,-4.71920108795166,-0.5798730850219727,-5.796875,-4.15625,-4.9765625,-0.8203125
mistral_7b,14,valenced_nonopposite::epistemic::013,valenced_nonopposite,epistemic,valenced,nonopposite,-0.4,preference_control,-5.828125,-3.9375,-4.992549896240234,-3.934371948242188,-4.992549896240234,-3.934371948242188,-4.463460922241211,-0.5290889739990234,-5.828125,-3.9375,-4.8828125,-0.9453125
mistral_7b,14,valenced_nonopposite::epistemic::013,valenced_nonopposite,epistemic,valenced,nonopposite,-0.2,preference_control,-5.78125,-4.0,-4.672252655029297,-3.959804534912109,-4.672252655029297,-3.959804534912109,-4.316028594970703,-0.3562240600585937,-5.78125,-4.0,-4.890625,-0.890625
mistral_7b,14,valenced_nonopposite::epistemic::013,valenced_nonopposite,epistemic,valenced,nonopposite,0.0,preference_control,-5.453125,-4.28125,-4.320496559143066,-4.235502243041992,-4.320496559143066,-4.235502243041992,-4.277999401092529,-0.0424971580505371,-5.453125,-4.28125,-4.8671875,-0.5859375
mistral_7b,14,valenced_nonopposite::epistemic::013,valenced_nonopposite,epistemic,valenced,nonopposite,0.2,preference_control,-3.78125,-4.3125,-3.0508368015289307,-4.282114028930664,-3.0508368015289307,-4.282114028930664,-3.666475415229797,0.6156386137008667,-3.78125,-4.3125,-4.046875,0.265625
mistral_7b,14,valenced_nonopposite::epistemic::013,valenced_nonopposite,epistemic,valenced,nonopposite,0.4,preference_control,-0.875,-2.5625,-0.6074576377868652,-2.569859504699707,-0.6074576377868652,-2.569859504699707,-1.588658571243286,0.9812009334564208,-0.875,-2.5625,-1.71875,0.84375
mistral_7b,14,valenced_nonopposite::epistemic::013,valenced_nonopposite,epistemic,valenced,nonopposite,0.6,preference_control,2.0,-0.625,2.102499008178711,-0.6223821640014648,2.102499008178711,-0.6223821640014648,0.740058422088623,1.362440586090088,2.0,-0.625,0.6875,1.3125
mistral_7b,14,valenced_nonopposite::epistemic::013,valenced_nonopposite,epistemic,valenced,nonopposite,0.8,preference_control,4.4375,0.875,4.489452838897705,0.8835363388061523,4.489452838897705,0.8835363388061523,2.6864945888519287,1.8029582500457764,4.4375,0.875,2.65625,1.78125
mistral_7b,14,valenced_nonopposite::epistemic::013,valenced_nonopposite,epistemic,valenced,nonopposite,1.0,preference_control,6.1875,1.8125,6.209282875061035,1.804893493652344,6.209282875061035,1.804893493652344,4.0070881843566895,2.2021946907043457,6.1875,1.8125,4.0,2.1875
mistral_7b,14,valenced_nonopposite::epistemic::014,valenced_nonopposite,epistemic,valenced,nonopposite,-1.0,preference_control,1.21875,3.7265625,1.249563217163086,3.6867828369140634,1.249563217163086,3.6867828369140634,2.468173027038574,-1.2186098098754885,1.21875,3.7265625,2.47265625,-1.25390625
mistral_7b,14,valenced_nonopposite::epistemic::014,valenced_nonopposite,epistemic,valenced,nonopposite,-0.8,preference_control,1.4296875,4.1875,1.43695068359375,4.186531066894531,1.43695068359375,4.186531066894531,2.8117408752441406,-1.3747901916503906,1.4296875,4.1875,2.80859375,-1.37890625
mistral_7b,14,valenced_nonopposite::epistemic::014,valenced_nonopposite,epistemic,valenced,nonopposite,-0.6,preference_control,1.5,4.5625,1.4990959167480469,4.5604248046875,1.4990959167480469,4.5604248046875,3.029760360717773,-1.5306644439697266,1.5,4.5625,3.03125,-1.53125
mistral_7b,14,valenced_nonopposite::epistemic::014,valenced_nonopposite,epistemic,valenced,nonopposite,-0.4,preference_control,1.25,4.609375,1.24755859375,4.61981201171875,1.24755859375,4.61981201171875,2.933685302734375,-1.686126708984375,1.25,4.609375,2.9296875,-1.6796875
mistral_7b,14,valenced_nonopposite::epistemic::014,valenced_nonopposite,epistemic,valenced,nonopposite,-0.2,preference_control,0.8125,4.078125,0.80206298828125,4.0540771484375,0.80206298828125,4.0540771484375,2.428070068359375,-1.626007080078125,0.8125,4.078125,2.4453125,-1.6328125
mistral_7b,14,valenced_nonopposite::epistemic::014,valenced_nonopposite,epistemic,valenced,nonopposite,0.0,preference_control,0.78125,3.65625,0.772705078125,3.684417724609375,0.772705078125,3.684417724609375,2.2285614013671875,-1.4558563232421875,0.78125,3.65625,2.21875,-1.4375
mistral_7b,14,valenced_nonopposite::epistemic::014,valenced_nonopposite,epistemic,valenced,nonopposite,0.2,preference_control,1.875,3.96875,1.870391845703125,3.9680137634277344,1.870391845703125,3.9680137634277344,2.9192028045654297,-1.048810958862305,1.875,3.96875,2.921875,-1.046875
mistral_7b,14,valenced_nonopposite::epistemic::014,valenced_nonopposite,epistemic,valenced,nonopposite,0.4,preference_control,4.46875,5.6875,4.468484878540039,5.655750274658203,4.468484878540039,5.655750274658203,5.062117576599121,-0.593632698059082,4.46875,5.6875,5.078125,-0.609375
mistral_7b,14,valenced_nonopposite::epistemic::014,valenced_nonopposite,epistemic,valenced,nonopposite,0.6,preference_control,7.125,7.609375,7.156040191650391,7.593362808227539,7.156040191650391,7.593362808227539,7.374701499938965,-0.2186613082885742,7.125,7.609375,7.3671875,-0.2421875
mistral_7b,14,valenced_nonopposite::epistemic::014,valenced_nonopposite,epistemic,valenced,nonopposite,0.8,preference_control,8.828125,8.625,8.859219551086426,8.593414306640625,8.859219551086426,8.593414306640625,8.726316928863525,0.1329026222229004,8.828125,8.625,8.7265625,0.1015625
mistral_7b,14,valenced_nonopposite::epistemic::014,valenced_nonopposite,epistemic,valenced,nonopposite,1.0,preference_control,9.53125,8.71875,9.515503883361816,8.718452453613281,9.515503883361816,8.718452453613281,9.116978168487549,0.3985257148742676,9.53125,8.71875,9.125,0.40625
mistral_7b,14,valenced_nonopposite::epistemic::015,valenced_nonopposite,epistemic,valenced,nonopposite,-1.0,preference_control,-7.46875,2.75,-7.679706931114197,2.93943703174591,-7.679706931114197,2.93943703174591,-2.370134949684143,-5.309571981430054,-7.46875,2.75,-2.359375,-5.109375
mistral_7b,14,valenced_nonopposite::epistemic::015,valenced_nonopposite,epistemic,valenced,nonopposite,-0.8,preference_control,-7.09375,1.875,-7.097671866416931,1.9374804496765137,-7.097671866416931,1.9374804496765137,-2.5800957083702087,-4.517576158046722,-7.09375,1.875,-2.609375,-4.484375
mistral_7b,14,valenced_nonopposite::epistemic::015,valenced_nonopposite,epistemic,valenced,nonopposite,-0.6,preference_control,-6.28125,1.8125,-6.261733412742615,1.937476396560669,-6.261733412742615,1.937476396560669,-2.162128508090973,-4.099604904651642,-6.28125,1.8125,-2.234375,-4.046875
mistral_7b,14,valenced_nonopposite::epistemic::015,valenced_nonopposite,epistemic,valenced,nonopposite,-0.4,preference_control,-5.4375,2.0625,-5.304702401161194,2.187471389770508,-5.304702401161194,2.187471389770508,-1.558615505695343,-3.746086895465851,-5.4375,2.0625,-1.6875,-3.75
mistral_7b,14,valenced_nonopposite::epistemic::015,valenced_nonopposite,epistemic,valenced,nonopposite,-0.2,preference_control,-3.8125,2.25,-3.812513947486877,2.187465190887451,-3.812513947486877,2.187465190887451,-0.8125243782997131,-2.9999895691871643,-3.8125,2.25,-0.78125,-3.03125
mistral_7b,14,valenced_nonopposite::epistemic::015,valenced_nonopposite,epistemic,valenced,nonopposite,0.0,preference_control,-0.0625,1.625,-0.0625126361846923,1.742154598236084,-0.0625126361846923,1.742154598236084,0.8398209810256958,-0.9023336172103882,-0.0625,1.625,0.78125,-0.84375
mistral_7b,14,valenced_nonopposite::epistemic::015,valenced_nonopposite,epistemic,valenced,nonopposite,0.2,preference_control,5.75,1.3125,5.818347692489624,1.5702821016311646,5.818347692489624,1.5702821016311646,3.6943148970603934,2.1240327954292297,5.75,1.3125,3.53125,2.21875
mistral_7b,14,valenced_nonopposite::epistemic::015,valenced_nonopposite,epistemic,valenced,nonopposite,0.4,preference_control,10.28125,1.3125,10.25877606868744,1.56246817111969,10.25877606868744,1.56246817111969,5.9106221199035645,4.3481539487838745,10.28125,1.3125,5.796875,4.484375
mistral_7b,14,valenced_nonopposite::epistemic::015,valenced_nonopposite,epistemic,valenced,nonopposite,0.6,preference_control,12.90625,1.8125,13.027329444885254,1.99996018409729,13.027329444885254,1.99996018409729,7.513644814491272,5.513684630393982,12.90625,1.8125,7.359375,5.546875
mistral_7b,14,valenced_nonopposite::epistemic::015,valenced_nonopposite,epistemic,valenced,nonopposite,0.8,preference_control,14.265625,2.875,14.435525298118591,3.374951004981994,14.435525298118591,3.374951004981994,8.905238151550293,5.530287146568298,14.265625,2.875,8.5703125,5.6953125
mistral_7b,14,valenced_nonopposite::epistemic::015,valenced_nonopposite,epistemic,valenced,nonopposite,1.0,preference_control,14.671875,4.5625,14.883273363113403,5.320244908332825,14.883273363113403,5.320244908332825,10.101759135723114,4.781514227390289,14.671875,4.5625,9.6171875,5.0546875
mistral_7b,14,valenced_nonopposite::epistemic::016,valenced_nonopposite,epistemic,valenced,nonopposite,-1.0,preference_control,-11.640625,-6.75,-11.64449679851532,-6.492167592048645,-11.64449679851532,-6.492167592048645,-9.068332195281982,-2.5761646032333374,-11.640625,-6.75,-9.1953125,-2.4453125
mistral_7b,14,valenced_nonopposite::epistemic::016,valenced_nonopposite,epistemic,valenced,nonopposite,-0.8,preference_control,-11.59375,-7.6875,-11.570276498794556,-7.660135984420776,-11.570276498794556,-7.660135984420776,-9.615206241607666,-1.9550702571868896,-11.59375,-7.6875,-9.640625,-1.953125
mistral_7b,14,valenced_nonopposite::epistemic::016,valenced_nonopposite,epistemic,valenced,nonopposite,-0.6,preference_control,-11.2578125,-7.59375,-11.335896968841553,-7.609351754188538,-11.335896968841553,-7.609351754188538,-9.472624361515043,-1.863272607326508,-11.2578125,-7.59375,-9.42578125,-1.83203125
mistral_7b,14,valenced_nonopposite::epistemic::016,valenced_nonopposite,epistemic,valenced,nonopposite,-0.4,preference_control,-10.4765625,-6.46875,-10.515583038330078,-6.374968409538269,-10.515583038330078,-6.374968409538269,-8.445275723934174,-2.0703073143959045,-10.4765625,-6.46875,-8.47265625,-2.00390625
mistral_7b,14,valenced_nonopposite::epistemic::016,valenced_nonopposite,epistemic,valenced,nonopposite,-0.2,preference_control,-8.796875,-3.6875,-8.828083992004395,-3.671828866004944,-8.828083992004395,-3.671828866004944,-6.249956429004669,-2.5781275629997253,-8.796875,-3.6875,-6.2421875,-2.5546875
mistral_7b,14,valenced_nonopposite::epistemic::016,valenced_nonopposite,epistemic,valenced,nonopposite,0.0,preference_control,-5.828125,0.5625,-5.749957203865051,0.5938116312026978,-5.749957203865051,0.5938116312026978,-2.5780727863311768,-3.1718844175338745,-5.828125,0.5625,-2.6328125,-3.1953125
mistral_7b,14,valenced_nonopposite::epistemic::016,valenced_nonopposite,epistemic,valenced,nonopposite,0.2,preference_control,1.3125,5.59375,1.3906667232513428,5.703212261199951,1.3906667232513428,5.703212261199951,3.546939492225647,-2.156272768974304,1.3125,5.59375,3.453125,-2.140625
mistral_7b,14,valenced_nonopposite::epistemic::016,valenced_nonopposite,epistemic,valenced,nonopposite,0.4,preference_control,8.28125,9.234375,8.179727792739868,9.29703164100647,8.179727792739868,9.29703164100647,8.738379716873169,-0.5586519241333008,8.28125,9.234375,8.7578125,-0.4765625
mistral_7b,14,valenced_nonopposite::epistemic::016,valenced_nonopposite,epistemic,valenced,nonopposite,0.6,preference_control,12.734375,10.96875,12.60160791873932,10.94564700126648,12.60160791873932,10.94564700126648,11.7736274600029,0.8279804587364197,12.734375,10.96875,11.8515625,0.8828125
mistral_7b,14,valenced_nonopposite::epistemic::016,valenced_nonopposite,epistemic,valenced,nonopposite,0.8,preference_control,14.5859375,11.609375,14.56646203994751,11.430469512939451,14.56646203994751,11.430469512939451,12.99846577644348,1.5679962635040283,14.5859375,11.609375,13.09765625,1.48828125
mistral_7b,14,valenced_nonopposite::epistemic::016,valenced_nonopposite,epistemic,valenced,nonopposite,1.0,preference_control,15.0234375,11.296875,14.98840308189392,11.244313716888428,14.98840308189392,11.244313716888428,13.116358399391174,1.8720446825027464,15.0234375,11.296875,13.16015625,1.86328125
mistral_7b,14,valenced_nonopposite::epistemic::017,valenced_nonopposite,epistemic,valenced,nonopposite,-1.0,preference_control,-8.15625,-6.0,-8.125,-5.98828125,-8.125,-5.98828125,-7.056640625,-1.068359375,-8.15625,-6.0,-7.078125,-1.078125
mistral_7b,14,valenced_nonopposite::epistemic::017,valenced_nonopposite,epistemic,valenced,nonopposite,-0.8,preference_control,-9.15625,-7.59375,-9.140625,-7.578125,-9.140625,-7.578125,-8.359375,-0.78125,-9.15625,-7.59375,-8.375,-0.78125
mistral_7b,14,valenced_nonopposite::epistemic::017,valenced_nonopposite,epistemic,valenced,nonopposite,-0.6,preference_control,-9.859375,-8.75,-9.890625,-8.78125,-9.890625,-8.78125,-9.3359375,-0.5546875,-9.859375,-8.75,-9.3046875,-0.5546875
mistral_7b,14,valenced_nonopposite::epistemic::017,valenced_nonopposite,epistemic,valenced,nonopposite,-0.4,preference_control,-9.96875,-9.4375,-9.96875,-9.4609375,-9.96875,-9.4609375,-9.71484375,-0.25390625,-9.96875,-9.4375,-9.703125,-0.265625
mistral_7b,14,valenced_nonopposite::epistemic::017,valenced_nonopposite,epistemic,valenced,nonopposite,-0.2,preference_control,-9.453125,-8.875,-9.4375,-8.8984375,-9.4375,-8.8984375,-9.16796875,-0.26953125,-9.453125,-8.875,-9.1640625,-0.2890625
mistral_7b,14,valenced_nonopposite::epistemic::017,valenced_nonopposite,epistemic,valenced,nonopposite,0.0,preference_control,-7.90625,-7.125,-7.921875,-7.15625,-7.921875,-7.15625,-7.5390625,-0.3828125,-7.90625,-7.125,-7.515625,-0.390625
mistral_7b,14,valenced_nonopposite::epistemic::017,valenced_nonopposite,epistemic,valenced,nonopposite,0.2,preference_control,-4.96875,-2.4375,-4.953125,-2.4375,-4.953125,-2.4375,-3.6953125,-1.2578125,-4.96875,-2.4375,-3.703125,-1.265625
mistral_7b,14,valenced_nonopposite::epistemic::017,valenced_nonopposite,epistemic,valenced,nonopposite,0.4,preference_control,-1.125,4.3125,-1.125,4.306640625,-1.125,4.306640625,1.5908203125,-2.7158203125,-1.125,4.3125,1.59375,-2.71875
mistral_7b,14,valenced_nonopposite::epistemic::017,valenced_nonopposite,epistemic,valenced,nonopposite,0.6,preference_control,2.25,9.4375,2.25,9.4599609375,2.25,9.4599609375,5.85498046875,-3.60498046875,2.25,9.4375,5.84375,-3.59375
mistral_7b,14,valenced_nonopposite::epistemic::017,valenced_nonopposite,epistemic,valenced,nonopposite,0.8,preference_control,5.0625,12.15625,5.046875,12.153076171875,5.046875,12.153076171875,8.5999755859375,-3.5531005859375,5.0625,12.15625,8.609375,-3.546875
mistral_7b,14,valenced_nonopposite::epistemic::017,valenced_nonopposite,epistemic,valenced,nonopposite,1.0,preference_control,6.875,13.0,6.84375,13.028076171875,6.84375,13.028076171875,9.9359130859375,-3.0921630859375,6.875,13.0,9.9375,-3.0625
mistral_7b,14,valenced_nonopposite::epistemic::018,valenced_nonopposite,epistemic,valenced,nonopposite,-1.0,preference_control,0.125,3.625,0.1288703680038452,3.6252845525741577,0.1288703680038452,3.6252845525741577,1.8770774602890012,-1.7482070922851562,0.125,3.625,1.875,-1.75
mistral_7b,14,valenced_nonopposite::epistemic::018,valenced_nonopposite,epistemic,valenced,nonopposite,-0.8,preference_control,-0.375,2.8125,-0.3713536262512207,2.805055975914001,-0.3713536262512207,2.805055975914001,1.2168511748313904,-1.588204801082611,-0.375,2.8125,1.21875,-1.59375
mistral_7b,14,valenced_nonopposite::epistemic::018,valenced_nonopposite,epistemic,valenced,nonopposite,-0.6,preference_control,-0.6875,1.875,-0.6826037168502808,1.8678375482559204,-0.6826037168502808,1.8678375482559204,0.5926169157028198,-1.2752206325531006,-0.6875,1.875,0.59375,-1.28125
mistral_7b,14,valenced_nonopposite::epistemic::018,valenced_nonopposite,epistemic,valenced,nonopposite,-0.4,preference_control,-0.75,1.1875,-0.7422237396240234,1.1882874965667725,-0.7422237396240234,1.1882874965667725,0.2230318784713745,-0.965255618095398,-0.75,1.1875,0.21875,-0.96875
mistral_7b,14,valenced_nonopposite::epistemic::018,valenced_nonopposite,epistemic,valenced,nonopposite,-0.2,preference_control,-0.25,0.6875,-0.2372928857803344,0.6895651817321777,-0.2372928857803344,0.6895651817321777,0.2261361479759216,-0.4634290337562561,-0.25,0.6875,0.21875,-0.46875
mistral_7b,14,valenced_nonopposite::epistemic::018,valenced_nonopposite,epistemic,valenced,nonopposite,0.0,preference_control,0.375,0.5625,0.3963533639907837,0.5661206245422363,0.3963533639907837,0.5661206245422363,0.48123699426651,-0.0848836302757263,0.375,0.5625,0.46875,-0.09375
mistral_7b,14,valenced_nonopposite::epistemic::018,valenced_nonopposite,epistemic,valenced,nonopposite,0.2,preference_control,1.0625,0.625,1.0628933906555176,0.627108097076416,1.0628933906555176,0.627108097076416,0.8450007438659668,0.2178926467895507,1.0625,0.625,0.84375,0.21875
mistral_7b,14,valenced_nonopposite::epistemic::018,valenced_nonopposite,epistemic,valenced,nonopposite,0.4,preference_control,1.75,0.9375,1.7501816749572754,0.938400387763977,1.7501816749572754,0.938400387763977,1.3442910313606262,0.4058906435966491,1.75,0.9375,1.34375,0.40625
mistral_7b,14,valenced_nonopposite::epistemic::018,valenced_nonopposite,epistemic,valenced,nonopposite,0.6,preference_control,3.0,1.5,3.0042768716812134,1.5082321166992188,3.0042768716812134,1.5082321166992188,2.256254494190216,0.7480223774909973,3.0,1.5,2.25,0.75
mistral_7b,14,valenced_nonopposite::epistemic::018,valenced_nonopposite,epistemic,valenced,nonopposite,0.8,preference_control,4.5,1.9375,4.499271273612976,1.937762975692749,4.499271273612976,1.937762975692749,3.2185171246528625,1.2807541489601135,4.5,1.9375,3.21875,1.28125
mistral_7b,14,valenced_nonopposite::epistemic::018,valenced_nonopposite,epistemic,valenced,nonopposite,1.0,preference_control,5.5625,1.9375,5.562754988670349,1.9415794610977173,5.562754988670349,1.9415794610977173,3.752167224884033,1.810587763786316,5.5625,1.9375,3.75,1.8125
mistral_7b,14,valenced_nonopposite::epistemic::019,valenced_nonopposite,epistemic,valenced,nonopposite,-1.0,preference_control,-11.4951171875,-9.859375,-11.262813925743105,-9.829344391822817,-11.262813925743105,-9.829344391822817,-10.54607915878296,-0.716734766960144,-11.4951171875,-9.859375,-10.67724609375,-0.81787109375
mistral_7b,14,valenced_nonopposite::epistemic::019,valenced_nonopposite,epistemic,valenced,nonopposite,-0.8,preference_control,-12.69140625,-10.953125,-12.4033784866333,-11.022093415260317,-12.4033784866333,-11.022093415260317,-11.712735950946808,-0.6906425356864929,-12.69140625,-10.953125,-11.822265625,-0.869140625
mistral_7b,14,valenced_nonopposite::epistemic::019,valenced_nonopposite,epistemic,valenced,nonopposite,-0.6,preference_control,-12.9296875,-11.1875,-12.752804160118105,-11.568968296051024,-12.752804160118105,-11.568968296051024,-12.160886228084564,-0.5919179320335388,-12.9296875,-11.1875,-12.05859375,-0.87109375
mistral_7b,14,valenced_nonopposite::epistemic::019,valenced_nonopposite,epistemic,valenced,nonopposite,-0.4,preference_control,-12.1953125,-10.8125,-11.929805159568788,-10.961912751197817,-11.929805159568788,-10.961912751197817,-11.4458589553833,-0.4839462041854858,-12.1953125,-10.8125,-11.50390625,-0.69140625
mistral_7b,14,valenced_nonopposite::epistemic::019,valenced_nonopposite,epistemic,valenced,nonopposite,-0.2,preference_control,-9.67578125,-9.59375,-9.484970688819883,-9.993162512779236,-9.484970688819883,-9.993162512779236,-9.73906660079956,0.2540959119796753,-9.67578125,-9.59375,-9.634765625,-0.041015625
mistral_7b,14,valenced_nonopposite::epistemic::019,valenced_nonopposite,epistemic,valenced,nonopposite,0.0,preference_control,-6.333984375,-7.4375,-6.22347104549408,-7.760374069213867,-6.22347104549408,-7.760374069213867,-6.991922557353973,0.7684515118598938,-6.333984375,-7.4375,-6.8857421875,0.5517578125
mistral_7b,14,valenced_nonopposite::epistemic::019,valenced_nonopposite,epistemic,valenced,nonopposite,0.2,preference_control,-1.6875,-4.0,-1.814041256904602,-4.176640152931213,-1.814041256904602,-4.176640152931213,-2.995340704917908,1.1812994480133057,-1.6875,-4.0,-2.84375,1.15625
mistral_7b,14,valenced_nonopposite::epistemic::019,valenced_nonopposite,epistemic,valenced,nonopposite,0.4,preference_control,6.0625,1.5625,5.858750462532044,1.06216299533844,5.858750462532044,1.06216299533844,3.4604567289352417,2.3982937335968018,6.0625,1.5625,3.8125,2.25
mistral_7b,14,valenced_nonopposite::epistemic::019,valenced_nonopposite,epistemic,valenced,nonopposite,0.6,preference_control,10.28125,6.6875,9.937194108963013,6.68928325176239,9.937194108963013,6.68928325176239,8.313238680362701,1.6239554286003113,10.28125,6.6875,8.484375,1.796875
mistral_7b,14,valenced_nonopposite::epistemic::019,valenced_nonopposite,epistemic,valenced,nonopposite,0.8,preference_control,11.4375,8.9375,11.265363693237305,9.107308626174929,11.265363693237305,9.107308626174929,10.186336159706116,1.079027533531189,11.4375,8.9375,10.1875,1.25
mistral_7b,14,valenced_nonopposite::epistemic::019,valenced_nonopposite,epistemic,valenced,nonopposite,1.0,preference_control,11.46875,8.84375,11.16382122039795,8.980371952056885,11.16382122039795,8.980371952056885,10.072096586227415,1.0917246341705322,11.46875,8.84375,10.15625,1.3125
mistral_7b,14,valenced_nonopposite::utilitarian::000,valenced_nonopposite,utilitarian,valenced,nonopposite,-1.0,preference_control,-1.0,1.5,-1.06127667427063,1.4459036588668823,-1.06127667427063,1.4459036588668823,0.1923134922981262,-1.253590166568756,-1.0,1.5,0.25,-1.25
mistral_7b,14,valenced_nonopposite::utilitarian::000,valenced_nonopposite,utilitarian,valenced,nonopposite,-0.8,preference_control,-1.40625,1.1875,-1.498967170715332,1.1255615949630735,-1.498967170715332,1.1255615949630735,-0.1867027878761291,-1.3122643828392029,-1.40625,1.1875,-0.109375,-1.296875
mistral_7b,14,valenced_nonopposite::utilitarian::000,valenced_nonopposite,utilitarian,valenced,nonopposite,-0.6,preference_control,-1.34375,1.0625,-1.3424245119094849,1.0710502862930298,-1.3424245119094849,1.0710502862930298,-0.1356871128082275,-1.206737399101257,-1.34375,1.0625,-0.140625,-1.203125
mistral_7b,14,valenced_nonopposite::utilitarian::000,valenced_nonopposite,utilitarian,valenced,nonopposite,-0.4,preference_control,-0.96875,1.0,-0.7774268388748169,1.071514368057251,-0.7774268388748169,1.071514368057251,0.147043764591217,-0.924470603466034,-0.96875,1.0,0.015625,-0.984375
mistral_7b,14,valenced_nonopposite::utilitarian::000,valenced_nonopposite,utilitarian,valenced,nonopposite,-0.2,preference_control,-0.0625,0.9375,0.0143419504165649,0.939419150352478,0.0143419504165649,0.939419150352478,0.4768805503845215,-0.4625385999679565,-0.0625,0.9375,0.4375,-0.5
mistral_7b,14,valenced_nonopposite::utilitarian::000,valenced_nonopposite,utilitarian,valenced,nonopposite,0.0,preference_control,1.84375,1.5625,1.8234984874725344,1.627877950668335,1.8234984874725344,1.627877950668335,1.7256882190704346,0.0978102684020996,1.84375,1.5625,1.703125,0.140625
mistral_7b,14,valenced_nonopposite::utilitarian::000,valenced_nonopposite,utilitarian,valenced,nonopposite,0.2,preference_control,5.46875,4.0,5.398944735527039,4.073859214782715,5.398944735527039,4.073859214782715,4.736401975154877,0.6625427603721619,5.46875,4.0,4.734375,0.734375
mistral_7b,14,valenced_nonopposite::utilitarian::000,valenced_nonopposite,utilitarian,valenced,nonopposite,0.4,preference_control,8.65625,6.8125,8.501988291740417,6.645962834358215,8.501988291740417,6.645962834358215,7.573975563049316,0.9280127286911012,8.65625,6.8125,7.734375,0.921875
mistral_7b,14,valenced_nonopposite::utilitarian::000,valenced_nonopposite,utilitarian,valenced,nonopposite,0.6,preference_control,11.09375,8.8125,10.951246857643127,8.909803628921509,10.951246857643127,8.909803628921509,9.930525243282318,1.020721614360809,11.09375,8.8125,9.953125,1.140625
mistral_7b,14,valenced_nonopposite::utilitarian::000,valenced_nonopposite,utilitarian,valenced,nonopposite,0.8,preference_control,12.75,9.6875,12.819437980651855,9.744921684265137,12.819437980651855,9.744921684265137,11.282179832458496,1.5372581481933594,12.75,9.6875,11.21875,1.53125
mistral_7b,14,valenced_nonopposite::utilitarian::000,valenced_nonopposite,utilitarian,valenced,nonopposite,1.0,preference_control,13.34375,9.5,13.359508275985718,9.628226399421692,13.359508275985718,9.628226399421692,11.493867337703705,1.865640938282013,13.34375,9.5,11.421875,1.921875
mistral_7b,14,valenced_nonopposite::utilitarian::001,valenced_nonopposite,utilitarian,valenced,nonopposite,-1.0,preference_control,-6.046875,-2.25,-5.856287598609924,-2.314546823501587,-5.856287598609924,-2.314546823501587,-4.085417211055756,-1.7708703875541687,-6.046875,-2.25,-4.1484375,-1.8984375
mistral_7b,14,valenced_nonopposite::utilitarian::001,valenced_nonopposite,utilitarian,valenced,nonopposite,-0.8,preference_control,-5.78125,-2.4375,-5.600660681724548,-2.3437132835388184,-5.600660681724548,-2.3437132835388184,-3.9721869826316833,-1.628473699092865,-5.78125,-2.4375,-4.109375,-1.671875
mistral_7b,14,valenced_nonopposite::utilitarian::001,valenced_nonopposite,utilitarian,valenced,nonopposite,-0.6,preference_control,-5.078125,-2.53125,-4.910694718360901,-2.533301830291748,-4.910694718360901,-2.533301830291748,-3.721998274326325,-1.1886964440345764,-5.078125,-2.53125,-3.8046875,-1.2734375
mistral_7b,14,valenced_nonopposite::utilitarian::001,valenced_nonopposite,utilitarian,valenced,nonopposite,-0.4,preference_control,-4.0078125,-2.65625,-3.909727573394776,-2.668064594268799,-3.909727573394776,-2.668064594268799,-3.288896083831787,-0.6208314895629883,-4.0078125,-2.65625,-3.33203125,-0.67578125
mistral_7b,14,valenced_nonopposite::utilitarian::001,valenced_nonopposite,utilitarian,valenced,nonopposite,-0.2,preference_control,-2.46875,-2.375,-2.5694055557250977,-2.442471504211426,-2.5694055557250977,-2.442471504211426,-2.5059385299682617,-0.0634670257568359,-2.46875,-2.375,-2.421875,-0.046875
mistral_7b,14,valenced_nonopposite::utilitarian::001,valenced_nonopposite,utilitarian,valenced,nonopposite,0.0,preference_control,-0.59375,-1.1875,-0.7015237808227539,-1.1981759071350098,-0.7015237808227539,-1.1981759071350098,-0.9498498439788818,0.2483260631561279,-0.59375,-1.1875,-0.890625,0.296875
mistral_7b,14,valenced_nonopposite::utilitarian::001,valenced_nonopposite,utilitarian,valenced,nonopposite,0.2,preference_control,2.0625,2.3125,2.028839111328125,2.3556383848190308,2.028839111328125,2.3556383848190308,2.192238748073578,-0.1633996367454528,2.0625,2.3125,2.1875,-0.125
mistral_7b,14,valenced_nonopposite::utilitarian::001,valenced_nonopposite,utilitarian,valenced,nonopposite,0.4,preference_control,5.53125,6.5625,5.404747724533081,6.685660481452942,5.404747724533081,6.685660481452942,6.045204102993012,-0.6404563784599304,5.53125,6.5625,6.046875,-0.515625
mistral_7b,14,valenced_nonopposite::utilitarian::001,valenced_nonopposite,utilitarian,valenced,nonopposite,0.6,preference_control,7.8125,9.375,7.715821623802185,9.570703387260435,7.715821623802185,9.570703387260435,8.643262505531311,-0.927440881729126,7.8125,9.375,8.59375,-0.78125
mistral_7b,14,valenced_nonopposite::utilitarian::001,valenced_nonopposite,utilitarian,valenced,nonopposite,0.8,preference_control,9.65625,10.34375,9.40955924987793,10.33052933216095,9.40955924987793,10.33052933216095,9.87004429101944,-0.46048504114151,9.65625,10.34375,10.0,-0.34375
mistral_7b,14,valenced_nonopposite::utilitarian::001,valenced_nonopposite,utilitarian,valenced,nonopposite,1.0,preference_control,10.21875,10.28125,10.150959968566896,10.22509229183197,10.150959968566896,10.22509229183197,10.188026130199432,-0.0370661616325378,10.21875,10.28125,10.25,-0.03125
mistral_7b,14,valenced_nonopposite::utilitarian::002,valenced_nonopposite,utilitarian,valenced,nonopposite,-1.0,preference_control,-8.53125,-2.6875,-8.49943208694458,-2.682746410369873,-8.49943208694458,-2.682746410369873,-5.591089248657227,-2.908342838287353,-8.53125,-2.6875,-5.609375,-2.921875
mistral_7b,14,valenced_nonopposite::utilitarian::002,valenced_nonopposite,utilitarian,valenced,nonopposite,-0.8,preference_control,-8.453125,-2.3125,-8.460298657417297,-2.311645746231079,-8.460298657417297,-2.311645746231079,-5.385972201824188,-3.074326455593109,-8.453125,-2.3125,-5.3828125,-3.0703125
mistral_7b,14,valenced_nonopposite::utilitarian::002,valenced_nonopposite,utilitarian,valenced,nonopposite,-0.6,preference_control,-7.703125,-1.8125,-7.6710524559021,-1.8115310668945312,-7.6710524559021,-1.8115310668945312,-4.741291761398315,-2.929760694503784,-7.703125,-1.8125,-4.7578125,-2.9453125
mistral_7b,14,valenced_nonopposite::utilitarian::002,valenced_nonopposite,utilitarian,valenced,nonopposite,-0.4,preference_control,-6.0625,-0.6875,-6.030520677566528,-0.686535120010376,-6.030520677566528,-0.686535120010376,-3.358527898788452,-2.671992778778076,-6.0625,-0.6875,-3.375,-2.6875
mistral_7b,14,valenced_nonopposite::utilitarian::002,valenced_nonopposite,utilitarian,valenced,nonopposite,-0.2,preference_control,-3.875,1.125,-3.842924475669861,1.1415929794311523,-3.842924475669861,1.1415929794311523,-1.3506657481193542,-2.4922587275505066,-3.875,1.125,-1.375,-2.5
mistral_7b,14,valenced_nonopposite::utilitarian::002,valenced_nonopposite,utilitarian,valenced,nonopposite,0.0,preference_control,-2.09375,4.625,-2.093019127845764,4.625925302505493,-2.093019127845764,4.625925302505493,1.2664530873298645,-3.3594722151756287,-2.09375,4.625,1.265625,-3.359375
mistral_7b,14,valenced_nonopposite::utilitarian::002,valenced_nonopposite,utilitarian,valenced,nonopposite,0.2,preference_control,-0.65625,8.09375,-0.6554322242736816,8.102438688278198,-0.6554322242736816,8.102438688278198,3.7235032320022574,-4.37893545627594,-0.65625,8.09375,3.71875,-4.375
mistral_7b,14,valenced_nonopposite::utilitarian::002,valenced_nonopposite,utilitarian,valenced,nonopposite,0.4,preference_control,0.25,10.75,0.2506402730941772,10.739203929901125,0.2506402730941772,10.739203929901125,5.49492210149765,-5.244281828403473,0.25,10.75,5.5,-5.25
mistral_7b,14,valenced_nonopposite::utilitarian::002,valenced_nonopposite,utilitarian,valenced,nonopposite,0.6,preference_control,1.375,12.28125,1.3677692413330078,12.27430295944214,1.3677692413330078,12.27430295944214,6.821036100387573,-5.453266859054565,1.375,12.28125,6.828125,-5.453125
mistral_7b,14,valenced_nonopposite::utilitarian::002,valenced_nonopposite,utilitarian,valenced,nonopposite,0.8,preference_control,3.6875,12.78125,3.682138204574585,12.753281593322754,3.682138204574585,12.753281593322754,8.21770989894867,-4.5355716943740845,3.6875,12.78125,8.234375,-4.546875
mistral_7b,14,valenced_nonopposite::utilitarian::002,valenced_nonopposite,utilitarian,valenced,nonopposite,1.0,preference_control,5.625,12.625,5.63132643699646,12.61256217956543,5.63132643699646,12.61256217956543,9.121944308280945,-3.490617871284485,5.625,12.625,9.125,-3.5
mistral_7b,14,valenced_nonopposite::utilitarian::003,valenced_nonopposite,utilitarian,valenced,nonopposite,-1.0,preference_control,-3.203125,-2.5,-3.1874916553497314,-2.749935746192932,-3.1874916553497314,-2.749935746192932,-2.968713700771332,-0.2187779545783996,-3.203125,-2.5,-2.8515625,-0.3515625
mistral_7b,14,valenced_nonopposite::utilitarian::003,valenced_nonopposite,utilitarian,valenced,nonopposite,-0.8,preference_control,-3.328125,-4.65625,-3.062493801116944,-4.976495146751404,-3.062493801116944,-4.976495146751404,-4.019494473934174,0.9570006728172302,-3.328125,-4.65625,-3.9921875,0.6640625
mistral_7b,14,valenced_nonopposite::utilitarian::003,valenced_nonopposite,utilitarian,valenced,nonopposite,-0.6,preference_control,-2.328125,-6.0,-2.4062241315841675,-6.206977128982544,-2.4062241315841675,-6.206977128982544,-4.306600630283356,1.900376498699188,-2.328125,-6.0,-4.1640625,1.8359375
mistral_7b,14,valenced_nonopposite::utilitarian::003,valenced_nonopposite,utilitarian,valenced,nonopposite,-0.4,preference_control,-0.8125,-5.6875,-0.6249209642410278,-5.78118896484375,-0.6249209642410278,-5.78118896484375,-3.203054964542389,2.578134000301361,-0.8125,-5.6875,-3.25,2.4375
mistral_7b,14,valenced_nonopposite::utilitarian::003,valenced_nonopposite,utilitarian,valenced,nonopposite,-0.2,preference_control,0.640625,-3.71875,0.6877063512802124,-3.921802043914795,0.6877063512802124,-3.921802043914795,-1.6170478463172913,2.304754197597504,0.640625,-3.71875,-1.5390625,2.1796875
mistral_7b,14,valenced_nonopposite::utilitarian::003,valenced_nonopposite,utilitarian,valenced,nonopposite,0.0,preference_control,1.8125,-1.8125,1.7190028429031372,-2.046810507774353,1.7190028429031372,-2.046810507774353,-0.1639038324356079,1.882906675338745,1.8125,-1.8125,0.0,1.8125
mistral_7b,14,valenced_nonopposite::utilitarian::003,valenced_nonopposite,utilitarian,valenced,nonopposite,0.2,preference_control,3.71875,0.125,3.812735795974731,-0.1249462366104126,3.812735795974731,-0.1249462366104126,1.8438947796821596,1.968841016292572,3.71875,0.125,1.921875,1.796875
mistral_7b,14,valenced_nonopposite::utilitarian::003,valenced_nonopposite,utilitarian,valenced,nonopposite,0.4,preference_control,6.15625,1.875,6.156455159187317,2.0664541721343994,6.156455159187317,2.0664541721343994,4.111454665660858,2.0450004935264587,6.15625,1.875,4.015625,2.140625
mistral_7b,14,valenced_nonopposite::utilitarian::003,valenced_nonopposite,utilitarian,valenced,nonopposite,0.6,preference_control,8.875,3.0,8.961109161376953,3.0698753595352173,8.961109161376953,3.0698753595352173,6.015492260456085,2.945616900920868,8.875,3.0,5.9375,2.9375
mistral_7b,14,valenced_nonopposite::utilitarian::003,valenced_nonopposite,utilitarian,valenced,nonopposite,0.8,preference_control,10.96875,3.25,11.166157364845276,3.557428240776062,11.166157364845276,3.557428240776062,7.361792802810669,3.804364562034607,10.96875,3.25,7.109375,3.859375
mistral_7b,14,valenced_nonopposite::utilitarian::003,valenced_nonopposite,utilitarian,valenced,nonopposite,1.0,preference_control,12.109375,3.1875,11.902450799942017,3.5078721046447754,11.902450799942017,3.5078721046447754,7.705161452293396,4.197289347648621,12.109375,3.1875,7.6484375,4.4609375
mistral_7b,14,valenced_nonopposite::utilitarian::004,valenced_nonopposite,utilitarian,valenced,nonopposite,-1.0,preference_control,-1.0625,4.53125,-1.037198185920715,4.390650510787964,-1.037198185920715,4.390650510787964,1.6767261624336245,-2.71392434835434,-1.0625,4.53125,1.734375,-2.796875
mistral_7b,14,valenced_nonopposite::utilitarian::004,valenced_nonopposite,utilitarian,valenced,nonopposite,-0.8,preference_control,-2.28125,4.78125,-2.217281222343445,5.046914339065552,-2.217281222343445,5.046914339065552,1.4148165583610537,-3.6320977807044974,-2.28125,4.78125,1.25,-3.53125
mistral_7b,14,valenced_nonopposite::utilitarian::004,valenced_nonopposite,utilitarian,valenced,nonopposite,-0.6,preference_control,-2.671875,5.125,-2.7421804666519165,5.17975389957428,-2.7421804666519165,5.17975389957428,1.2187867164611816,-3.960967183113098,-2.671875,5.125,1.2265625,-3.8984375
mistral_7b,14,valenced_nonopposite::utilitarian::004,valenced_nonopposite,utilitarian,valenced,nonopposite,-0.4,preference_control,-1.421875,4.75,-1.8984235525131223,4.765713453292847,-1.8984235525131223,4.765713453292847,1.433644950389862,-3.3320685029029846,-1.421875,4.75,1.6640625,-3.0859375
mistral_7b,14,valenced_nonopposite::utilitarian::004,valenced_nonopposite,utilitarian,valenced,nonopposite,-0.2,preference_control,0.5859375,2.953125,0.3008096218109131,3.156369209289551,0.3008096218109131,3.156369209289551,1.728589415550232,-1.4277797937393188,0.5859375,2.953125,1.76953125,-1.18359375
mistral_7b,14,valenced_nonopposite::utilitarian::004,valenced_nonopposite,utilitarian,valenced,nonopposite,0.0,preference_control,2.75,2.359375,2.957087993621826,2.437585949897766,2.957087993621826,2.437585949897766,2.697336971759796,0.25975102186203,2.75,2.359375,2.5546875,0.1953125
mistral_7b,14,valenced_nonopposite::utilitarian::004,valenced_nonopposite,utilitarian,valenced,nonopposite,0.2,preference_control,5.5625,3.640625,5.781103730201721,3.562550544738769,5.781103730201721,3.562550544738769,4.671827137470245,1.1092765927314758,5.5625,3.640625,4.6015625,0.9609375
mistral_7b,14,valenced_nonopposite::utilitarian::004,valenced_nonopposite,utilitarian,valenced,nonopposite,0.4,preference_control,8.140625,5.59375,8.062533736228943,5.593781590461731,8.062533736228943,5.593781590461731,6.828157663345337,1.234376072883606,8.140625,5.59375,6.8671875,1.2734375
mistral_7b,14,valenced_nonopposite::utilitarian::004,valenced_nonopposite,utilitarian,valenced,nonopposite,0.6,preference_control,9.65625,6.59375,9.734397411346436,6.906271696090698,9.734397411346436,6.906271696090698,8.320334553718567,1.4140628576278689,9.65625,6.59375,8.125,1.53125
mistral_7b,14,valenced_nonopposite::utilitarian::004,valenced_nonopposite,utilitarian,valenced,nonopposite,0.8,preference_control,10.203125,6.125,10.27345871925354,6.304708957672119,10.27345871925354,6.304708957672119,8.28908383846283,1.9843748807907104,10.203125,6.125,8.1640625,2.0390625
mistral_7b,14,valenced_nonopposite::utilitarian::004,valenced_nonopposite,utilitarian,valenced,nonopposite,1.0,preference_control,10.421875,4.8125,10.460961937904358,4.890649080276489,10.460961937904358,4.890649080276489,7.675805509090424,2.7851564288139343,10.421875,4.8125,7.6171875,2.8046875
mistral_7b,14,valenced_nonopposite::utilitarian::005,valenced_nonopposite,utilitarian,valenced,nonopposite,-1.0,preference_control,-7.4140625,-0.9375,-7.405918121337891,-0.9364887475967408,-7.405918121337891,-0.9364887475967408,-4.171203434467316,-3.234714686870575,-7.4140625,-0.9375,-4.17578125,-3.23828125
mistral_7b,14,valenced_nonopposite::utilitarian::005,valenced_nonopposite,utilitarian,valenced,nonopposite,-0.8,preference_control,-6.875,-1.4375,-6.905055999755859,-1.4362980127334597,-6.905055999755859,-1.4362980127334597,-4.170677006244659,-2.7343789935112,-6.875,-1.4375,-4.15625,-2.71875
mistral_7b,14,valenced_nonopposite::utilitarian::005,valenced_nonopposite,utilitarian,valenced,nonopposite,-0.6,preference_control,-5.5546875,-2.5,-5.519588470458984,-2.482507824897766,-5.519588470458984,-2.482507824897766,-4.001048147678375,-1.5185403227806091,-5.5546875,-2.5,-4.02734375,-1.52734375
mistral_7b,14,valenced_nonopposite::utilitarian::005,valenced_nonopposite,utilitarian,valenced,nonopposite,-0.4,preference_control,-4.21875,-3.5,-4.0572357177734375,-3.497119784355164,-4.0572357177734375,-3.497119784355164,-3.777177751064301,-0.2800579667091369,-4.21875,-3.5,-3.859375,-0.359375
mistral_7b,14,valenced_nonopposite::utilitarian::005,valenced_nonopposite,utilitarian,valenced,nonopposite,-0.2,preference_control,-3.078125,-3.875,-2.2349777221679688,-3.8869413137435913,-2.2349777221679688,-3.8869413137435913,-3.06095951795578,0.8259817957878113,-3.078125,-3.875,-3.4765625,0.3984375
mistral_7b,14,valenced_nonopposite::utilitarian::005,valenced_nonopposite,utilitarian,valenced,nonopposite,0.0,preference_control,-1.984375,-3.71875,-1.3634662628173828,-3.7177034616470337,-1.3634662628173828,-3.7177034616470337,-2.5405848622322083,1.1771185994148254,-1.984375,-3.71875,-2.8515625,0.8671875
mistral_7b,14,valenced_nonopposite::utilitarian::005,valenced_nonopposite,utilitarian,valenced,nonopposite,0.2,preference_control,-0.296875,-2.78125,-0.2495427131652832,-2.765380382537842,-0.2495427131652832,-2.765380382537842,-1.5074615478515625,1.2579188346862793,-0.296875,-2.78125,-1.5390625,1.2421875
mistral_7b,14,valenced_nonopposite::utilitarian::005,valenced_nonopposite,utilitarian,valenced,nonopposite,0.4,preference_control,1.21875,-1.0,1.2259944677352903,-0.9920847415924072,1.2259944677352903,-0.9920847415924072,0.1169548630714416,1.1090396046638489,1.21875,-1.0,0.109375,1.109375
mistral_7b,14,valenced_nonopposite::utilitarian::005,valenced_nonopposite,utilitarian,valenced,nonopposite,0.6,preference_control,2.90625,3.625,2.9084322452545166,3.629017353057861,2.9084322452545166,3.629017353057861,3.268724799156189,-0.3602925539016723,2.90625,3.625,3.265625,-0.359375
mistral_7b,14,valenced_nonopposite::utilitarian::005,valenced_nonopposite,utilitarian,valenced,nonopposite,0.8,preference_control,5.875,8.53125,5.876007080078125,8.520450353622437,5.876007080078125,8.520450353622437,7.198228716850281,-1.3222216367721558,5.875,8.53125,7.203125,-1.328125
mistral_7b,14,valenced_nonopposite::utilitarian::005,valenced_nonopposite,utilitarian,valenced,nonopposite,1.0,preference_control,8.875,10.15625,8.8531334400177,10.158548712730408,8.8531334400177,10.158548712730408,9.505841076374054,-0.6527076363563538,8.875,10.15625,9.515625,-0.640625
mistral_7b,14,valenced_nonopposite::utilitarian::006,valenced_nonopposite,utilitarian,valenced,nonopposite,-1.0,preference_control,-10.40625,-4.8125,-10.421884775161743,-4.664054274559021,-10.421884775161743,-4.664054274559021,-7.542969524860382,-2.878915250301361,-10.40625,-4.8125,-7.609375,-2.796875
mistral_7b,14,valenced_nonopposite::utilitarian::006,valenced_nonopposite,utilitarian,valenced,nonopposite,-0.8,preference_control,-11.234375,-5.375,-11.296896576881409,-5.371084570884705,-11.296896576881409,-5.371084570884705,-8.333990573883057,-2.962906002998352,-11.234375,-5.375,-8.3046875,-2.9296875
mistral_7b,14,valenced_nonopposite::utilitarian::006,valenced_nonopposite,utilitarian,valenced,nonopposite,-0.6,preference_control,-12.0625,-6.125,-11.937535405158997,-6.257801413536072,-11.937535405158997,-6.257801413536072,-9.097668409347534,-2.8398669958114624,-12.0625,-6.125,-9.09375,-2.96875
mistral_7b,14,valenced_nonopposite::utilitarian::006,valenced_nonopposite,utilitarian,valenced,nonopposite,-0.4,preference_control,-12.21875,-6.71875,-12.043040752410889,-6.847645044326782,-12.043040752410889,-6.847645044326782,-9.445342898368835,-2.597697854042053,-12.21875,-6.71875,-9.46875,-2.75
mistral_7b,14,valenced_nonopposite::utilitarian::006,valenced_nonopposite,utilitarian,valenced,nonopposite,-0.2,preference_control,-10.65625,-6.09375,-10.617254376411438,-6.2968621253967285,-10.617254376411438,-6.2968621253967285,-8.457058250904083,-2.1601961255073547,-10.65625,-6.09375,-8.375,-2.28125
mistral_7b,14,valenced_nonopposite::utilitarian::006,valenced_nonopposite,utilitarian,valenced,nonopposite,0.0,preference_control,-7.8125,-4.5625,-7.773460030555725,-4.57811713218689,-7.773460030555725,-4.57811713218689,-6.175788581371307,-1.5976714491844175,-7.8125,-4.5625,-6.1875,-1.625
mistral_7b,14,valenced_nonopposite::utilitarian::006,valenced_nonopposite,utilitarian,valenced,nonopposite,0.2,preference_control,-2.4375,-1.875,-2.5468764305114746,-2.023432731628418,-2.5468764305114746,-2.023432731628418,-2.2851545810699463,-0.2617218494415283,-2.4375,-1.875,-2.15625,-0.28125
mistral_7b,14,valenced_nonopposite::utilitarian::006,valenced_nonopposite,utilitarian,valenced,nonopposite,0.4,preference_control,3.5625,3.125,3.609375238418579,3.066408753395081,3.609375238418579,3.066408753395081,3.33789199590683,0.2714832425117492,3.5625,3.125,3.34375,0.21875
mistral_7b,14,valenced_nonopposite::utilitarian::006,valenced_nonopposite,utilitarian,valenced,nonopposite,0.6,preference_control,8.90625,7.75,8.558593153953552,7.757814407348633,8.558593153953552,7.757814407348633,8.158203780651093,0.4003893733024597,8.90625,7.75,8.328125,0.578125
mistral_7b,14,valenced_nonopposite::utilitarian::006,valenced_nonopposite,utilitarian,valenced,nonopposite,0.8,preference_control,12.390625,10.0,12.34667944908142,9.89355731010437,12.34667944908142,9.89355731010437,11.120118379592896,1.2265610694885254,12.390625,10.0,11.1953125,1.1953125
mistral_7b,14,valenced_nonopposite::utilitarian::006,valenced_nonopposite,utilitarian,valenced,nonopposite,1.0,preference_control,13.90625,10.3125,13.820067763328552,10.148927092552183,13.820067763328552,10.148927092552183,11.984497427940369,1.835570335388184,13.90625,10.3125,12.109375,1.796875
mistral_7b,14,valenced_nonopposite::utilitarian::007,valenced_nonopposite,utilitarian,valenced,nonopposite,-1.0,preference_control,4.171875,5.28125,4.173264741897583,5.10936427116394,4.173264741897583,5.10936427116394,4.641314506530762,-0.4680497646331787,4.171875,5.28125,4.7265625,-0.5546875
mistral_7b,14,valenced_nonopposite::utilitarian::007,valenced_nonopposite,utilitarian,valenced,nonopposite,-0.8,preference_control,2.15625,5.125,2.4481186866760254,5.140622019767761,2.4481186866760254,5.140622019767761,3.794370353221893,-1.346251666545868,2.15625,5.125,3.640625,-1.484375
mistral_7b,14,valenced_nonopposite::utilitarian::007,valenced_nonopposite,utilitarian,valenced,nonopposite,-0.6,preference_control,0.53125,5.1875,0.6491600275039673,5.046878457069397,0.6491600275039673,5.046878457069397,2.848019242286682,-2.198859214782715,0.53125,5.1875,2.859375,-2.328125
mistral_7b,14,valenced_nonopposite::utilitarian::007,valenced_nonopposite,utilitarian,valenced,nonopposite,-0.4,preference_control,0.65625,5.0,0.726464033126831,5.015631318092346,0.726464033126831,5.015631318092346,2.8710476756095886,-2.1445836424827576,0.65625,5.0,2.828125,-2.171875
mistral_7b,14,valenced_nonopposite::utilitarian::007,valenced_nonopposite,utilitarian,valenced,nonopposite,-0.2,preference_control,2.53125,5.46875,2.460960626602173,5.625006318092346,2.460960626602173,5.625006318092346,4.04298347234726,-1.582022845745087,2.53125,5.46875,4.0,-1.46875
mistral_7b,14,valenced_nonopposite::utilitarian::007,valenced_nonopposite,utilitarian,valenced,nonopposite,0.0,preference_control,5.859375,6.6875,6.030708909034729,6.593751311302185,6.030708909034729,6.593751311302185,6.312230110168457,-0.281521201133728,5.859375,6.6875,6.2734375,-0.4140625
mistral_7b,14,valenced_nonopposite::utilitarian::007,valenced_nonopposite,utilitarian,valenced,nonopposite,0.2,preference_control,8.59375,7.59375,8.578105926513672,7.609391093254089,8.578105926513672,7.609391093254089,8.09374850988388,0.4843574166297912,8.59375,7.59375,8.09375,0.5
mistral_7b,14,valenced_nonopposite::utilitarian::007,valenced_nonopposite,utilitarian,valenced,nonopposite,0.4,preference_control,9.390625,7.71875,9.445320010185242,7.750020384788513,9.445320010185242,7.750020384788513,8.597670197486877,0.8476498126983643,9.390625,7.71875,8.5546875,0.8359375
mistral_7b,14,valenced_nonopposite::utilitarian::007,valenced_nonopposite,utilitarian,valenced,nonopposite,0.6,preference_control,9.71875,7.4375,9.839850187301636,7.281278371810913,9.839850187301636,7.281278371810913,8.560564279556274,1.279285907745361,9.71875,7.4375,8.578125,1.140625
mistral_7b,14,valenced_nonopposite::utilitarian::007,valenced_nonopposite,utilitarian,valenced,nonopposite,0.8,preference_control,10.703125,7.0,10.785159587860107,6.984412908554077,10.785159587860107,6.984412908554077,8.884786248207092,1.9003733396530151,10.703125,7.0,8.8515625,1.8515625
mistral_7b,14,valenced_nonopposite::utilitarian::007,valenced_nonopposite,utilitarian,valenced,nonopposite,1.0,preference_control,11.609375,6.375,11.597663402557371,6.384799242019653,11.597663402557371,6.384799242019653,8.991231322288513,2.60643208026886,11.609375,6.375,8.9921875,2.6171875
mistral_7b,14,valenced_nonopposite::utilitarian::008,valenced_nonopposite,utilitarian,valenced,nonopposite,-1.0,preference_control,-3.5390625,-2.0,-1.141303539276123,-1.8224363327026367,-1.141303539276123,-1.8224363327026367,-1.48186993598938,0.3405663967132568,-3.5390625,-2.0,-2.76953125,-0.76953125
mistral_7b,14,valenced_nonopposite::utilitarian::008,valenced_nonopposite,utilitarian,valenced,nonopposite,-0.8,preference_control,-3.453125,-2.0625,0.4676717519760132,-1.19566011428833,0.4676717519760132,-1.19566011428833,-0.3639941811561584,0.8316659331321716,-3.453125,-2.0625,-2.7578125,-0.6953125
mistral_7b,14,valenced_nonopposite::utilitarian::008,valenced_nonopposite,utilitarian,valenced,nonopposite,-0.6,preference_control,-3.59375,-2.34375,1.9356985092163088,-0.188089370727539,1.9356985092163088,-0.188089370727539,0.8738045692443848,1.0618939399719238,-3.59375,-2.34375,-2.96875,-0.625
mistral_7b,14,valenced_nonopposite::utilitarian::008,valenced_nonopposite,utilitarian,valenced,nonopposite,-0.4,preference_control,-4.0703125,-2.625,3.059937000274658,0.2807598114013672,3.059937000274658,0.2807598114013672,1.6703484058380127,1.3895885944366455,-4.0703125,-2.625,-3.34765625,-0.72265625
mistral_7b,14,valenced_nonopposite::utilitarian::008,valenced_nonopposite,utilitarian,valenced,nonopposite,-0.2,preference_control,-4.5625,-2.828125,3.434991836547852,0.3753261566162109,3.434991836547852,0.3753261566162109,1.9051589965820312,1.5298328399658203,-4.5625,-2.828125,-3.6953125,-0.8671875
mistral_7b,14,valenced_nonopposite::utilitarian::008,valenced_nonopposite,utilitarian,valenced,nonopposite,0.0,preference_control,-4.4375,-2.546875,3.5925769805908203,-0.1868925094604492,3.5925769805908203,-0.1868925094604492,1.7028422355651855,1.8897347450256348,-4.4375,-2.546875,-3.4921875,-0.9453125
mistral_7b,14,valenced_nonopposite::utilitarian::008,valenced_nonopposite,utilitarian,valenced,nonopposite,0.2,preference_control,-3.03125,-0.375,4.5312042236328125,1.2814583778381348,4.5312042236328125,1.2814583778381348,2.9063313007354736,1.6248729228973389,-3.03125,-0.375,-1.703125,-1.328125
mistral_7b,14,valenced_nonopposite::utilitarian::008,valenced_nonopposite,utilitarian,valenced,nonopposite,0.4,preference_control,-0.3125,3.71875,6.843775272369385,4.52734899520874,6.843775272369385,4.52734899520874,5.685562133789063,1.1582131385803225,-0.3125,3.71875,1.703125,-2.015625
mistral_7b,14,valenced_nonopposite::utilitarian::008,valenced_nonopposite,utilitarian,valenced,nonopposite,0.6,preference_control,2.75,6.15625,8.562511682510376,6.380812168121338,8.562511682510376,6.380812168121338,7.471661925315857,1.090849757194519,2.75,6.15625,4.453125,-1.703125
mistral_7b,14,valenced_nonopposite::utilitarian::008,valenced_nonopposite,utilitarian,valenced,nonopposite,0.8,preference_control,4.71875,6.3125,9.09374976158142,6.349287748336792,9.09374976158142,6.349287748336792,7.721518754959106,1.3722310066223145,4.71875,6.3125,5.515625,-0.796875
mistral_7b,14,valenced_nonopposite::utilitarian::008,valenced_nonopposite,utilitarian,valenced,nonopposite,1.0,preference_control,5.96875,5.21875,8.421865820884705,5.0792495012283325,8.421865820884705,5.0792495012283325,6.750557661056519,1.671308159828186,5.96875,5.21875,5.59375,0.375
mistral_7b,14,valenced_nonopposite::utilitarian::009,valenced_nonopposite,utilitarian,valenced,nonopposite,-1.0,preference_control,-5.359375,1.0625,-5.35975706577301,1.0620514154434204,-5.35975706577301,1.0620514154434204,-2.148852825164795,-3.2109042406082158,-5.359375,1.0625,-2.1484375,-3.2109375
mistral_7b,14,valenced_nonopposite::utilitarian::009,valenced_nonopposite,utilitarian,valenced,nonopposite,-0.8,preference_control,-6.046875,-0.78125,-6.048011660575867,-0.7818565368652344,-6.048011660575867,-0.7818565368652344,-3.4149340987205505,-2.633077561855316,-6.046875,-0.78125,-3.4140625,-2.6328125
mistral_7b,14,valenced_nonopposite::utilitarian::009,valenced_nonopposite,utilitarian,valenced,nonopposite,-0.6,preference_control,-5.140625,-1.109375,-5.127112865447998,-1.0940417051315308,-5.127112865447998,-1.0940417051315308,-3.1105772852897644,-2.0165355801582336,-5.140625,-1.109375,-3.125,-2.015625
mistral_7b,14,valenced_nonopposite::utilitarian::009,valenced_nonopposite,utilitarian,valenced,nonopposite,-0.4,preference_control,-3.390625,-0.75,-3.4070881605148315,-0.7500110864639282,-3.4070881605148315,-0.7500110864639282,-2.07854962348938,-1.3285385370254517,-3.390625,-0.75,-2.0703125,-1.3203125
mistral_7b,14,valenced_nonopposite::utilitarian::009,valenced_nonopposite,utilitarian,valenced,nonopposite,-0.2,preference_control,-1.765625,-0.1875,-1.812510132789612,-0.1874966621398925,-1.812510132789612,-0.1874966621398925,-1.0000033974647522,-0.8125067353248596,-1.765625,-0.1875,-0.9765625,-0.7890625
mistral_7b,14,valenced_nonopposite::utilitarian::009,valenced_nonopposite,utilitarian,valenced,nonopposite,0.0,preference_control,0.53125,0.375,0.5312566757202148,0.3750038146972656,0.5312566757202148,0.3750038146972656,0.4531302452087402,0.0781264305114746,0.53125,0.375,0.453125,0.078125
mistral_7b,14,valenced_nonopposite::utilitarian::009,valenced_nonopposite,utilitarian,valenced,nonopposite,0.2,preference_control,5.34375,2.4375,5.335946202278137,2.4375033378601074,5.335946202278137,2.4375033378601074,3.8867247700691214,1.449221432209015,5.34375,2.4375,3.890625,1.453125
mistral_7b,14,valenced_nonopposite::utilitarian::009,valenced_nonopposite,utilitarian,valenced,nonopposite,0.4,preference_control,10.46875,8.5625,10.486337900161743,8.546880841255188,10.486337900161743,8.546880841255188,9.516609370708466,0.9697285294532776,10.46875,8.5625,9.515625,0.953125
mistral_7b,14,valenced_nonopposite::utilitarian::009,valenced_nonopposite,utilitarian,valenced,nonopposite,0.6,preference_control,14.53125,13.71875,14.540051698684692,13.701682567596436,14.540051698684692,13.701682567596436,14.120867133140564,0.4191845655441284,14.53125,13.71875,14.125,0.40625
mistral_7b,14,valenced_nonopposite::utilitarian::009,valenced_nonopposite,utilitarian,valenced,nonopposite,0.8,preference_control,16.953125,16.125,16.913121461868286,16.07677662372589,16.913121461868286,16.07677662372589,16.49494904279709,0.4181724190711975,16.953125,16.125,16.5390625,0.4140625
mistral_7b,14,valenced_nonopposite::utilitarian::009,valenced_nonopposite,utilitarian,valenced,nonopposite,1.0,preference_control,17.796875,16.1796875,17.79844641685486,16.194730401039124,17.79844641685486,16.194730401039124,16.99658840894699,0.8018580079078674,17.796875,16.1796875,16.98828125,0.80859375
mistral_7b,14,valenced_nonopposite::utilitarian::010,valenced_nonopposite,utilitarian,valenced,nonopposite,-1.0,preference_control,-1.125,1.0625,-1.1243162155151367,1.0635972023010254,-1.1243162155151367,1.0635972023010254,-0.0303595066070556,-1.093956708908081,-1.125,1.0625,-0.03125,-1.09375
mistral_7b,14,valenced_nonopposite::utilitarian::010,valenced_nonopposite,utilitarian,valenced,nonopposite,-0.8,preference_control,-0.75,0.3125,-0.7493247985839844,0.3448019027709961,-0.7493247985839844,0.3448019027709961,-0.2022614479064941,-0.5470633506774902,-0.75,0.3125,-0.21875,-0.53125
mistral_7b,14,valenced_nonopposite::utilitarian::010,valenced_nonopposite,utilitarian,valenced,nonopposite,-0.6,preference_control,-0.671875,-0.796875,-0.6864500045776367,-0.8115168809890747,-0.6864500045776367,-0.8115168809890747,-0.7489834427833557,0.062533438205719,-0.671875,-0.796875,-0.734375,0.0625
mistral_7b,14,valenced_nonopposite::utilitarian::010,valenced_nonopposite,utilitarian,valenced,nonopposite,-0.4,preference_control,-0.515625,-1.609375,-0.4981918334960937,-1.561486005783081,-0.4981918334960937,-1.561486005783081,-1.0298389196395874,0.5316470861434937,-0.515625,-1.609375,-1.0625,0.546875
mistral_7b,14,valenced_nonopposite::utilitarian::010,valenced_nonopposite,utilitarian,valenced,nonopposite,-0.2,preference_control,0.109375,-2.078125,0.0653901100158691,-2.061457872390747,0.0653901100158691,-2.061457872390747,-0.998033881187439,1.063423991203308,0.109375,-2.078125,-0.984375,1.09375
mistral_7b,14,valenced_nonopposite::utilitarian::010,valenced_nonopposite,utilitarian,valenced,nonopposite,0.0,preference_control,1.328125,-2.3125,1.3152427673339844,-2.311305403709412,1.3152427673339844,-2.311305403709412,-0.4980313181877136,1.813274085521698,1.328125,-2.3125,-0.4921875,1.8203125
mistral_7b,14,valenced_nonopposite::utilitarian::010,valenced_nonopposite,utilitarian,valenced,nonopposite,0.2,preference_control,3.609375,-2.921875,3.627047061920166,-2.904954195022583,3.627047061920166,-2.904954195022583,0.3610464334487915,3.2660006284713745,3.609375,-2.921875,0.34375,3.265625
mistral_7b,14,valenced_nonopposite::utilitarian::010,valenced_nonopposite,utilitarian,valenced,nonopposite,0.4,preference_control,5.8125,-3.53125,5.806976318359375,-3.514082908630371,5.806976318359375,-3.514082908630371,1.146446704864502,4.660529613494873,5.8125,-3.53125,1.140625,4.671875
mistral_7b,14,valenced_nonopposite::utilitarian::010,valenced_nonopposite,utilitarian,valenced,nonopposite,0.6,preference_control,8.25,-5.0,8.252413749694824,-4.990752339363098,8.252413749694824,-4.990752339363098,1.630830705165863,6.621583044528961,8.25,-5.0,1.625,6.625
mistral_7b,14,valenced_nonopposite::utilitarian::010,valenced_nonopposite,utilitarian,valenced,nonopposite,0.8,preference_control,9.5625,-5.5,9.58910036087036,-5.512519121170044,9.58910036087036,-5.512519121170044,2.0382906198501587,7.550809741020203,9.5625,-5.5,2.03125,7.53125
mistral_7b,14,valenced_nonopposite::utilitarian::010,valenced_nonopposite,utilitarian,valenced,nonopposite,1.0,preference_control,10.21875,-5.4375,10.22673797607422,-5.430503726005554,10.22673797607422,-5.430503726005554,2.3981171250343323,7.8286208510398865,10.21875,-5.4375,2.390625,7.828125
mistral_7b,14,valenced_nonopposite::utilitarian::011,valenced_nonopposite,utilitarian,valenced,nonopposite,-1.0,preference_control,-2.125,1.125,-2.1236103773117065,1.1254351139068604,-2.1236103773117065,1.1254351139068604,-0.4990876317024231,-1.6245227456092834,-2.125,1.125,-0.5,-1.625
mistral_7b,14,valenced_nonopposite::utilitarian::011,valenced_nonopposite,utilitarian,valenced,nonopposite,-0.8,preference_control,-2.5,0.75,-2.466230869293213,0.7505533695220947,-2.466230869293213,0.7505533695220947,-0.8578387498855591,-1.6083921194076538,-2.5,0.75,-0.875,-1.625
mistral_7b,14,valenced_nonopposite::utilitarian::011,valenced_nonopposite,utilitarian,valenced,nonopposite,-0.6,preference_control,-2.890625,-0.125,-2.856687307357788,-0.1237027645111084,-2.856687307357788,-0.1237027645111084,-1.4901950359344482,-1.3664922714233398,-2.890625,-0.125,-1.5078125,-1.3828125
mistral_7b,14,valenced_nonopposite::utilitarian::011,valenced_nonopposite,utilitarian,valenced,nonopposite,-0.4,preference_control,-2.921875,-1.125,-2.754879593849182,-1.120788335800171,-2.754879593849182,-1.120788335800171,-1.9378339648246763,-0.8170456290245056,-2.921875,-1.125,-2.0234375,-0.8984375
mistral_7b,14,valenced_nonopposite::utilitarian::011,valenced_nonopposite,utilitarian,valenced,nonopposite,-0.2,preference_control,-2.421875,-2.03125,-2.1113247871398926,-2.026550054550171,-2.1113247871398926,-2.026550054550171,-2.068937420845032,-0.0423873662948608,-2.421875,-2.03125,-2.2265625,-0.1953125
mistral_7b,14,valenced_nonopposite::utilitarian::011,valenced_nonopposite,utilitarian,valenced,nonopposite,0.0,preference_control,-1.515625,-2.375,-1.405760407447815,-2.3731839656829834,-1.405760407447815,-2.3731839656829834,-1.8894721865653992,0.4837117791175842,-1.515625,-2.375,-1.9453125,0.4296875
mistral_7b,14,valenced_nonopposite::utilitarian::011,valenced_nonopposite,utilitarian,valenced,nonopposite,0.2,preference_control,-0.40625,-2.40625,-0.3629145622253418,-2.405242800712585,-0.3629145622253418,-2.405242800712585,-1.3840786814689636,1.0211641192436218,-0.40625,-2.40625,-1.40625,1.0
mistral_7b,14,valenced_nonopposite::utilitarian::011,valenced_nonopposite,utilitarian,valenced,nonopposite,0.4,preference_control,1.59375,-0.75,1.597900629043579,-0.7491874694824219,1.597900629043579,-0.7491874694824219,0.4243565797805786,1.1735440492630005,1.59375,-0.75,0.421875,1.171875
mistral_7b,14,valenced_nonopposite::utilitarian::011,valenced_nonopposite,utilitarian,valenced,nonopposite,0.6,preference_control,3.375,3.25,3.37628185749054,3.258895874023437,3.37628185749054,3.258895874023437,3.3175888657569885,0.058692991733551,3.375,3.25,3.3125,0.0625
mistral_7b,14,valenced_nonopposite::utilitarian::011,valenced_nonopposite,utilitarian,valenced,nonopposite,0.8,preference_control,5.15625,7.3125,5.125751495361328,7.310127258300781,5.125751495361328,7.310127258300781,6.217939376831055,-1.0921878814697266,5.15625,7.3125,6.234375,-1.078125
mistral_7b,14,valenced_nonopposite::utilitarian::011,valenced_nonopposite,utilitarian,valenced,nonopposite,1.0,preference_control,6.75,9.03125,6.750606536865234,9.03070068359375,6.750606536865234,9.03070068359375,7.890653610229492,-1.1400470733642578,6.75,9.03125,7.890625,-1.140625
mistral_7b,14,valenced_nonopposite::utilitarian::012,valenced_nonopposite,utilitarian,valenced,nonopposite,-1.0,preference_control,3.46875,4.71875,3.624844074249268,4.929696559906006,3.624844074249268,4.929696559906006,4.277270317077637,-0.6524262428283691,3.46875,4.71875,4.09375,-0.625
mistral_7b,14,valenced_nonopposite::utilitarian::012,valenced_nonopposite,utilitarian,valenced,nonopposite,-0.8,preference_control,2.90625,5.15625,3.0310542583465576,5.250010013580322,3.0310542583465576,5.250010013580322,4.14053213596344,-1.1094778776168823,2.90625,5.15625,4.03125,-1.125
mistral_7b,14,valenced_nonopposite::utilitarian::012,valenced_nonopposite,utilitarian,valenced,nonopposite,-0.6,preference_control,2.125,4.734375,2.4684327840805054,4.906264424324036,2.4684327840805054,4.906264424324036,3.6873486042022714,-1.2189158201217651,2.125,4.734375,3.4296875,-1.3046875
mistral_7b,14,valenced_nonopposite::utilitarian::012,valenced_nonopposite,utilitarian,valenced,nonopposite,-0.4,preference_control,2.0234375,3.46875,2.186996936798096,3.4375089406967163,2.186996936798096,3.4375089406967163,2.812252938747406,-0.6252560019493103,2.0234375,3.46875,2.74609375,-0.72265625
mistral_7b,14,valenced_nonopposite::utilitarian::012,valenced_nonopposite,utilitarian,valenced,nonopposite,-0.2,preference_control,1.828125,2.0625,1.9994101524353027,2.0624945163726807,1.9994101524353027,2.0624945163726807,2.030952334403992,-0.0315421819686889,1.828125,2.0625,1.9453125,-0.1171875
mistral_7b,14,valenced_nonopposite::utilitarian::012,valenced_nonopposite,utilitarian,valenced,nonopposite,0.0,preference_control,1.923828125,1.453125,1.9994944334030151,1.2499620914459229,1.9994944334030151,1.2499620914459229,1.624728262424469,0.3747661709785461,1.923828125,1.453125,1.6884765625,0.2353515625
mistral_7b,14,valenced_nonopposite::utilitarian::012,valenced_nonopposite,utilitarian,valenced,nonopposite,0.2,preference_control,3.54296875,2.171875,3.718617081642151,2.093721866607666,3.718617081642151,2.093721866607666,2.9061694741249084,0.8124476075172424,3.54296875,2.171875,2.857421875,0.685546875
mistral_7b,14,valenced_nonopposite::utilitarian::012,valenced_nonopposite,utilitarian,valenced,nonopposite,0.4,preference_control,5.96875,4.125,6.062506437301636,4.093736171722412,6.062506437301636,4.093736171722412,5.078121304512024,0.9843851327896118,5.96875,4.125,5.046875,0.921875
mistral_7b,14,valenced_nonopposite::utilitarian::012,valenced_nonopposite,utilitarian,valenced,nonopposite,0.6,preference_control,8.46875,7.0625,8.417984247207642,6.992186188697815,8.417984247207642,6.992186188697815,7.705085217952728,0.7128990292549133,8.46875,7.0625,7.765625,0.703125
mistral_7b,14,valenced_nonopposite::utilitarian::012,valenced_nonopposite,utilitarian,valenced,nonopposite,0.8,preference_control,10.15625,9.6875,10.236342191696169,9.64551031589508,10.236342191696169,9.64551031589508,9.940926253795624,0.2954159379005432,10.15625,9.6875,9.921875,0.234375
mistral_7b,14,valenced_nonopposite::utilitarian::012,valenced_nonopposite,utilitarian,valenced,nonopposite,1.0,preference_control,11.0625,10.21875,10.770522117614746,10.29004430770874,10.770522117614746,10.29004430770874,10.530283212661743,0.2402389049530029,11.0625,10.21875,10.640625,0.421875
mistral_7b,14,valenced_nonopposite::utilitarian::013,valenced_nonopposite,utilitarian,valenced,nonopposite,-1.0,preference_control,-8.40625,-6.8125,-8.420541405677795,-6.997440576553345,-8.420541405677795,-6.997440576553345,-7.70899099111557,-0.7115504145622253,-8.40625,-6.8125,-7.609375,-0.796875
mistral_7b,14,valenced_nonopposite::utilitarian::013,valenced_nonopposite,utilitarian,valenced,nonopposite,-0.8,preference_control,-8.953125,-7.53125,-8.967129588127136,-7.693633437156677,-8.967129588127136,-7.693633437156677,-8.330381512641907,-0.6367480754852295,-8.953125,-7.53125,-8.2421875,-0.7109375
mistral_7b,14,valenced_nonopposite::utilitarian::013,valenced_nonopposite,utilitarian,valenced,nonopposite,-0.6,preference_control,-9.21875,-7.78125,-9.199233889579771,-7.959563732147217,-9.199233889579771,-7.959563732147217,-8.579398810863495,-0.6198350787162781,-9.21875,-7.78125,-8.5,-0.71875
mistral_7b,14,valenced_nonopposite::utilitarian::013,valenced_nonopposite,utilitarian,valenced,nonopposite,-0.4,preference_control,-9.0625,-7.25,-9.179502725601196,-7.270439624786377,-9.179502725601196,-7.270439624786377,-8.224971175193787,-0.9545315504074096,-9.0625,-7.25,-8.15625,-0.90625
mistral_7b,14,valenced_nonopposite::utilitarian::013,valenced_nonopposite,utilitarian,valenced,nonopposite,-0.2,preference_control,-7.578125,-5.8125,-7.050469398498535,-5.927919030189514,-7.050469398498535,-5.927919030189514,-6.489194214344025,-0.5612751841545105,-7.578125,-5.8125,-6.6953125,-0.8828125
mistral_7b,14,valenced_nonopposite::utilitarian::013,valenced_nonopposite,utilitarian,valenced,nonopposite,0.0,preference_control,-4.96875,-4.3125,-2.64005446434021,-4.324183464050293,-2.64005446434021,-4.324183464050293,-3.4821189641952515,0.8420644998550415,-4.96875,-4.3125,-4.640625,-0.328125
mistral_7b,14,valenced_nonopposite::utilitarian::013,valenced_nonopposite,utilitarian,valenced,nonopposite,0.2,preference_control,-2.65625,-3.0625,0.4069852828979492,-3.092090368270874,0.4069852828979492,-3.092090368270874,-1.3425525426864624,1.7495378255844116,-2.65625,-3.0625,-2.859375,0.203125
mistral_7b,14,valenced_nonopposite::utilitarian::013,valenced_nonopposite,utilitarian,valenced,nonopposite,0.4,preference_control,-0.8125,-1.65625,2.375923156738281,-1.6258015632629397,2.375923156738281,-1.6258015632629397,0.3750607967376709,2.0008623600006104,-0.8125,-1.65625,-1.234375,0.421875
mistral_7b,14,valenced_nonopposite::utilitarian::013,valenced_nonopposite,utilitarian,valenced,nonopposite,0.6,preference_control,1.0625,0.125,4.016459465026856,0.1092491149902343,4.016459465026856,0.1092491149902343,2.062854290008545,1.9536051750183103,1.0625,0.125,0.59375,0.46875
mistral_7b,14,valenced_nonopposite::utilitarian::013,valenced_nonopposite,utilitarian,valenced,nonopposite,0.8,preference_control,2.9375,1.25,5.203870415687561,1.2177388668060305,5.203870415687561,1.2177388668060305,3.210804641246796,1.9930657744407652,2.9375,1.25,2.09375,0.84375
mistral_7b,14,valenced_nonopposite::utilitarian::013,valenced_nonopposite,utilitarian,valenced,nonopposite,1.0,preference_control,4.3125,1.875,5.410881042480469,1.894590973854065,5.410881042480469,1.894590973854065,3.652736008167267,1.758145034313202,4.3125,1.875,3.09375,1.21875
mistral_7b,14,valenced_nonopposite::utilitarian::014,valenced_nonopposite,utilitarian,valenced,nonopposite,-1.0,preference_control,0.75,7.5,0.9061131477355956,7.503891468048096,0.9061131477355956,7.503891468048096,4.205002307891846,-3.29888916015625,0.75,7.5,4.125,-3.375
mistral_7b,14,valenced_nonopposite::utilitarian::014,valenced_nonopposite,utilitarian,valenced,nonopposite,-0.8,preference_control,-0.125,7.75,0.1873787641525268,7.6874881982803345,0.1873787641525268,7.6874881982803345,3.937433481216431,-3.750054717063904,-0.125,7.75,3.8125,-3.9375
mistral_7b,14,valenced_nonopposite::utilitarian::014,valenced_nonopposite,utilitarian,valenced,nonopposite,-0.6,preference_control,-0.1875,7.53125,0.1717368364334106,7.503895282745361,0.1717368364334106,7.503895282745361,3.837816059589386,-3.6660792231559753,-0.1875,7.53125,3.671875,-3.859375
mistral_7b,14,valenced_nonopposite::utilitarian::014,valenced_nonopposite,utilitarian,valenced,nonopposite,-0.4,preference_control,0.96875,6.40625,1.124858856201172,6.4999847412109375,1.124858856201172,6.4999847412109375,3.812421798706055,-2.687562942504883,0.96875,6.40625,3.6875,-2.71875
mistral_7b,14,valenced_nonopposite::utilitarian::014,valenced_nonopposite,utilitarian,valenced,nonopposite,-0.2,preference_control,2.90625,4.84375,3.218612790107727,4.953112602233887,3.218612790107727,4.953112602233887,4.085862696170807,-0.8672499060630798,2.90625,4.84375,3.875,-0.96875
mistral_7b,14,valenced_nonopposite::utilitarian::014,valenced_nonopposite,utilitarian,valenced,nonopposite,0.0,preference_control,5.015625,3.703125,5.234246253967285,3.5624884366989136,5.234246253967285,3.5624884366989136,4.398367345333099,0.8358789086341858,5.015625,3.703125,4.359375,0.65625
mistral_7b,14,valenced_nonopposite::utilitarian::014,valenced_nonopposite,utilitarian,valenced,nonopposite,0.2,preference_control,6.90625,3.4375,7.093674659729004,3.312496900558472,7.093674659729004,3.312496900558472,5.203085780143738,1.890588879585266,6.90625,3.4375,5.171875,1.734375
mistral_7b,14,valenced_nonopposite::utilitarian::014,valenced_nonopposite,utilitarian,valenced,nonopposite,0.4,preference_control,8.96875,2.4375,8.99312436580658,2.484382390975952,8.99312436580658,2.484382390975952,5.738753378391266,3.2543709874153137,8.96875,2.4375,5.703125,3.265625
mistral_7b,14,valenced_nonopposite::utilitarian::014,valenced_nonopposite,utilitarian,valenced,nonopposite,0.6,preference_control,12.46875,2.375,12.287577629089355,2.2285224199295044,12.287577629089355,2.2285224199295044,7.25805002450943,5.0295276045799255,12.46875,2.375,7.421875,5.046875
mistral_7b,14,valenced_nonopposite::utilitarian::014,valenced_nonopposite,utilitarian,valenced,nonopposite,0.8,preference_control,15.203125,2.375,15.1744966506958,2.435549020767212,15.1744966506958,2.435549020767212,8.805022835731506,6.369473814964294,15.203125,2.375,8.7890625,6.4140625
mistral_7b,14,valenced_nonopposite::utilitarian::014,valenced_nonopposite,utilitarian,valenced,nonopposite,1.0,preference_control,15.921875,1.9375,15.928059816360474,1.8847657442092896,15.928059816360474,1.8847657442092896,8.906412780284882,7.021647036075592,15.921875,1.9375,8.9296875,6.9921875
mistral_7b,14,valenced_nonopposite::utilitarian::015,valenced_nonopposite,utilitarian,valenced,nonopposite,-1.0,preference_control,-0.75,3.53125,-0.7500008344650269,3.5312461853027344,-0.7500008344650269,3.5312461853027344,1.3906226754188538,-2.1406235098838806,-0.75,3.53125,1.390625,-2.140625
mistral_7b,14,valenced_nonopposite::utilitarian::015,valenced_nonopposite,utilitarian,valenced,nonopposite,-0.8,preference_control,-1.3125,1.21875,-1.3203133344650269,1.2031207084655762,-1.3203133344650269,1.2031207084655762,-0.0585963129997253,-1.2617170214653015,-1.3125,1.21875,-0.046875,-1.265625
mistral_7b,14,valenced_nonopposite::utilitarian::015,valenced_nonopposite,utilitarian,valenced,nonopposite,-0.6,preference_control,-1.6875,-2.125,-1.679688572883606,-2.1250051259994507,-1.679688572883606,-2.1250051259994507,-1.9023468494415283,0.2226582765579223,-1.6875,-2.125,-1.90625,0.21875
mistral_7b,14,valenced_nonopposite::utilitarian::015,valenced_nonopposite,utilitarian,valenced,nonopposite,-0.4,preference_control,-2.1875,-4.1875,-2.1796886920928955,-4.187506437301636,-2.1796886920928955,-4.187506437301636,-3.1835975646972656,1.00390887260437,-2.1875,-4.1875,-3.1875,1.0
mistral_7b,14,valenced_nonopposite::utilitarian::015,valenced_nonopposite,utilitarian,valenced,nonopposite,-0.2,preference_control,-1.5,-5.15625,-1.507813572883606,-5.1562559604644775,-1.507813572883606,-5.1562559604644775,-3.3320347666740417,1.824221193790436,-1.5,-5.15625,-3.328125,1.828125
mistral_7b,14,valenced_nonopposite::utilitarian::015,valenced_nonopposite,utilitarian,valenced,nonopposite,0.0,preference_control,2.25,-5.25,2.2421867847442627,-5.265628576278687,2.2421867847442627,-5.265628576278687,-1.511720895767212,3.7539076805114746,2.25,-5.25,-1.5,3.75
mistral_7b,14,valenced_nonopposite::utilitarian::015,valenced_nonopposite,utilitarian,valenced,nonopposite,0.2,preference_control,6.5,-5.25,6.508788347244263,-5.245119094848633,6.508788347244263,-5.245119094848633,0.6318346261978149,5.876953721046448,6.5,-5.25,0.625,5.875
mistral_7b,14,valenced_nonopposite::utilitarian::015,valenced_nonopposite,utilitarian,valenced,nonopposite,0.4,preference_control,10.5625,-6.375,10.548827648162842,-6.369874119758606,10.548827648162842,-6.369874119758606,2.089476764202118,8.459350883960724,10.5625,-6.375,2.09375,8.46875
mistral_7b,14,valenced_nonopposite::utilitarian::015,valenced_nonopposite,utilitarian,valenced,nonopposite,0.6,preference_control,13.28125,-7.1875,13.305663704872131,-7.196900486946106,13.305663704872131,-7.196900486946106,3.0543816089630127,10.25128209590912,13.28125,-7.1875,3.046875,10.234375
mistral_7b,14,valenced_nonopposite::utilitarian::015,valenced_nonopposite,utilitarian,valenced,nonopposite,0.8,preference_control,14.65625,-6.5625,14.646483898162842,-6.562256932258606,14.646483898162842,-6.562256932258606,4.042113482952118,10.604370415210724,14.65625,-6.5625,4.046875,10.609375
mistral_7b,14,valenced_nonopposite::utilitarian::015,valenced_nonopposite,utilitarian,valenced,nonopposite,1.0,preference_control,15.171875,-3.75,15.187499523162842,-3.752442479133606,15.187499523162842,-3.752442479133606,5.717528522014618,9.469971001148224,15.171875,-3.75,5.7109375,9.4609375
mistral_7b,14,valenced_nonopposite::utilitarian::016,valenced_nonopposite,utilitarian,valenced,nonopposite,-1.0,preference_control,-6.859375,5.875,-6.312214255332947,6.015772700309753,-6.312214255332947,6.015772700309753,-0.1482207775115966,-6.16399347782135,-6.859375,5.875,-0.4921875,-6.3671875
mistral_7b,14,valenced_nonopposite::utilitarian::016,valenced_nonopposite,utilitarian,valenced,nonopposite,-0.8,preference_control,-6.84375,6.234375,-6.656031370162964,6.296981453895569,-6.656031370162964,6.296981453895569,-0.1795249581336975,-6.476506412029266,-6.84375,6.234375,-0.3046875,-6.5390625
mistral_7b,14,valenced_nonopposite::utilitarian::016,valenced_nonopposite,utilitarian,valenced,nonopposite,-0.6,preference_control,-6.0625,6.3125,-6.062315106391907,6.296965479850769,-6.062315106391907,6.296965479850769,0.1173251867294311,-6.179640293121338,-6.0625,6.3125,0.125,-6.1875
mistral_7b,14,valenced_nonopposite::utilitarian::016,valenced_nonopposite,utilitarian,valenced,nonopposite,-0.4,preference_control,-4.609375,6.3125,-4.468593239784241,6.37507700920105,-4.468593239784241,6.37507700920105,0.9532418847084044,-5.421835124492645,-4.609375,6.3125,0.8515625,-5.4609375
mistral_7b,14,valenced_nonopposite::utilitarian::016,valenced_nonopposite,utilitarian,valenced,nonopposite,-0.2,preference_control,-2.28125,6.5,-2.249846935272217,6.453206539154053,-2.249846935272217,6.453206539154053,2.101679801940918,-4.351526737213135,-2.28125,6.5,2.109375,-4.390625
mistral_7b,14,valenced_nonopposite::utilitarian::016,valenced_nonopposite,utilitarian,valenced,nonopposite,0.0,preference_control,0.375,7.671875,0.3126634359359741,7.67197322845459,0.3126634359359741,7.67197322845459,3.992318332195282,-3.679654896259308,0.375,7.671875,4.0234375,-3.6484375
mistral_7b,14,valenced_nonopposite::utilitarian::016,valenced_nonopposite,utilitarian,valenced,nonopposite,0.2,preference_control,4.28125,9.46875,4.062723398208618,9.554779767990112,4.062723398208618,9.554779767990112,6.808751583099365,-2.746028184890747,4.28125,9.46875,6.875,-2.59375
mistral_7b,14,valenced_nonopposite::utilitarian::016,valenced_nonopposite,utilitarian,valenced,nonopposite,0.4,preference_control,8.09375,11.40625,7.756253600120544,11.359468221664429,7.756253600120544,11.359468221664429,9.557860910892488,-1.801607310771942,8.09375,11.40625,9.75,-1.65625
mistral_7b,14,valenced_nonopposite::utilitarian::016,valenced_nonopposite,utilitarian,valenced,nonopposite,0.6,preference_control,10.96875,12.859375,10.460283041000366,12.844191908836365,10.460283041000366,12.844191908836365,11.652237474918364,-1.1919544339179993,10.96875,12.859375,11.9140625,-0.9453125
mistral_7b,14,valenced_nonopposite::utilitarian::016,valenced_nonopposite,utilitarian,valenced,nonopposite,0.8,preference_control,12.125,12.875,11.857415914535522,12.976998448371887,11.857415914535522,12.976998448371887,12.417207181453705,-0.5597912669181824,12.125,12.875,12.5,-0.375
mistral_7b,14,valenced_nonopposite::utilitarian::016,valenced_nonopposite,utilitarian,valenced,nonopposite,1.0,preference_control,12.40625,11.84375,12.158010244369509,11.713701248168944,12.158010244369509,11.713701248168944,11.935855746269226,0.2221544981002807,12.40625,11.84375,12.125,0.28125
mistral_7b,14,valenced_nonopposite::utilitarian::017,valenced_nonopposite,utilitarian,valenced,nonopposite,-1.0,preference_control,-1.0625,-1.9375,-1.0787266492843628,-1.9382483959198,-1.0787266492843628,-1.9382483959198,-1.5084875226020813,0.4297608733177185,-1.0625,-1.9375,-1.5,0.4375
mistral_7b,14,valenced_nonopposite::utilitarian::017,valenced_nonopposite,utilitarian,valenced,nonopposite,-0.8,preference_control,-1.875,-3.4375,-1.8913358449935915,-3.4229886531829834,-1.8913358449935915,-3.4229886531829834,-2.657162249088288,0.765826404094696,-1.875,-3.4375,-2.65625,0.78125
mistral_7b,14,valenced_nonopposite::utilitarian::017,valenced_nonopposite,utilitarian,valenced,nonopposite,-0.6,preference_control,-2.46875,-4.5,-2.469717621803284,-4.493927121162415,-2.469717621803284,-4.493927121162415,-3.481822371482849,1.0121047496795654,-2.46875,-4.5,-3.484375,1.015625
mistral_7b,14,valenced_nonopposite::utilitarian::017,valenced_nonopposite,utilitarian,valenced,nonopposite,-0.4,preference_control,-2.5,-4.75,-2.500826835632324,-4.767476201057434,-2.500826835632324,-4.767476201057434,-3.634151518344879,1.133324682712555,-2.5,-4.75,-3.625,1.125
mistral_7b,14,valenced_nonopposite::utilitarian::017,valenced_nonopposite,utilitarian,valenced,nonopposite,-0.2,preference_control,-1.625,-4.09375,-1.624924898147583,-4.110325574874878,-1.624924898147583,-4.110325574874878,-2.8676252365112305,1.2427003383636477,-1.625,-4.09375,-2.859375,1.234375
mistral_7b,14,valenced_nonopposite::utilitarian::017,valenced_nonopposite,utilitarian,valenced,nonopposite,0.0,preference_control,0.21875,-2.3125,0.2218489646911621,-2.297120690345764,0.2218489646911621,-2.297120690345764,-1.037635862827301,1.2594848275184631,0.21875,-2.3125,-1.046875,1.265625
mistral_7b,14,valenced_nonopposite::utilitarian::017,valenced_nonopposite,utilitarian,valenced,nonopposite,0.2,preference_control,3.53125,1.125,3.538208246231079,1.125329852104187,3.538208246231079,1.125329852104187,2.331769049167633,1.206439197063446,3.53125,1.125,2.328125,1.203125
mistral_7b,14,valenced_nonopposite::utilitarian::017,valenced_nonopposite,utilitarian,valenced,nonopposite,0.4,preference_control,6.3125,4.8125,6.349858283996582,4.816763281822205,6.349858283996582,4.816763281822205,5.583310782909393,0.7665475010871887,6.3125,4.8125,5.5625,0.75
mistral_7b,14,valenced_nonopposite::utilitarian::017,valenced_nonopposite,utilitarian,valenced,nonopposite,0.6,preference_control,8.59375,7.125,8.582538604736328,7.118408441543579,8.582538604736328,7.118408441543579,7.850473523139954,0.7320650815963745,8.59375,7.125,7.859375,0.734375
mistral_7b,14,valenced_nonopposite::utilitarian::017,valenced_nonopposite,utilitarian,valenced,nonopposite,0.8,preference_control,10.40625,8.375,10.423728466033936,8.403990626335144,10.423728466033936,8.403990626335144,9.41385954618454,1.0098689198493958,10.40625,8.375,9.390625,1.015625
mistral_7b,14,valenced_nonopposite::utilitarian::017,valenced_nonopposite,utilitarian,valenced,nonopposite,1.0,preference_control,11.1875,8.1875,11.205436944961548,8.161247968673706,11.205436944961548,8.161247968673706,9.683342456817629,1.522094488143921,11.1875,8.1875,9.6875,1.5
mistral_7b,14,valenced_nonopposite::utilitarian::018,valenced_nonopposite,utilitarian,valenced,nonopposite,-1.0,preference_control,-7.921875,4.0625,-7.945103406906128,3.743113040924072,-7.945103406906128,3.743113040924072,-2.100995182991028,-5.8441082239151,-7.921875,4.0625,-1.9296875,-5.9921875
mistral_7b,14,valenced_nonopposite::utilitarian::018,valenced_nonopposite,utilitarian,valenced,nonopposite,-0.8,preference_control,-9.5,3.0625,-9.136534214019775,2.87553346157074,-9.136534214019775,2.87553346157074,-3.130500376224518,-6.006033837795258,-9.5,3.0625,-3.21875,-6.28125
mistral_7b,14,valenced_nonopposite::utilitarian::018,valenced_nonopposite,utilitarian,valenced,nonopposite,-0.6,preference_control,-10.578125,2.5,-9.800591468811035,2.117641806602478,-9.800591468811035,2.117641806602478,-3.841474831104279,-5.959116637706757,-10.578125,2.5,-4.0390625,-6.5390625
mistral_7b,14,valenced_nonopposite::utilitarian::018,valenced_nonopposite,utilitarian,valenced,nonopposite,-0.4,preference_control,-10.9609375,2.375,-8.491983413696289,2.008435845375061,-8.491983413696289,2.008435845375061,-3.241773784160614,-5.250209629535675,-10.9609375,2.375,-4.29296875,-6.66796875
mistral_7b,14,valenced_nonopposite::utilitarian::018,valenced_nonopposite,utilitarian,valenced,nonopposite,-0.2,preference_control,-10.68359375,2.25,-6.531023025512695,1.9464706182479856,-6.531023025512695,1.9464706182479856,-2.2922762036323547,-4.238746821880341,-10.68359375,2.25,-4.216796875,-6.466796875
mistral_7b,14,valenced_nonopposite::utilitarian::018,valenced_nonopposite,utilitarian,valenced,nonopposite,0.0,preference_control,-8.5,2.9375,-3.952817916870117,2.572772026062012,-3.952817916870117,2.572772026062012,-0.6900229454040527,-3.2627949714660645,-8.5,2.9375,-2.78125,-5.71875
mistral_7b,14,valenced_nonopposite::utilitarian::018,valenced_nonopposite,utilitarian,valenced,nonopposite,0.2,preference_control,-3.0,5.3125,0.7971447706222534,5.262101054191589,0.7971447706222534,5.262101054191589,3.0296229124069214,-2.232478141784668,-3.0,5.3125,1.15625,-4.15625
mistral_7b,14,valenced_nonopposite::utilitarian::018,valenced_nonopposite,utilitarian,valenced,nonopposite,0.4,preference_control,1.125,9.5,3.875136137008667,9.35902488231659,3.875136137008667,9.35902488231659,6.617080509662628,-2.741944372653961,1.125,9.5,5.3125,-4.1875
mistral_7b,14,valenced_nonopposite::utilitarian::018,valenced_nonopposite,utilitarian,valenced,nonopposite,0.6,preference_control,3.0625,12.1875,5.187576532363892,12.088448405265808,5.187576532363892,12.088448405265808,8.63801246881485,-3.4504359364509583,3.0625,12.1875,7.625,-4.5625
mistral_7b,14,valenced_nonopposite::utilitarian::018,valenced_nonopposite,utilitarian,valenced,nonopposite,0.8,preference_control,4.6875,12.71875,5.976629137992859,12.651783466339111,5.976629137992859,12.651783466339111,9.314206302165983,-3.337577164173126,4.6875,12.71875,8.703125,-4.015625
mistral_7b,14,valenced_nonopposite::utilitarian::018,valenced_nonopposite,utilitarian,valenced,nonopposite,1.0,preference_control,5.875,12.46875,6.242262363433838,12.523977994918823,6.242262363433838,12.523977994918823,9.38312017917633,-3.1408578157424927,5.875,12.46875,9.171875,-3.296875
mistral_7b,14,valenced_nonopposite::utilitarian::019,valenced_nonopposite,utilitarian,valenced,nonopposite,-1.0,preference_control,-1.125,3.15625,-1.5009979009628296,3.1249923706054688,-1.5009979009628296,3.1249923706054688,0.8119972348213196,-2.312995135784149,-1.125,3.15625,1.015625,-2.140625
mistral_7b,14,valenced_nonopposite::utilitarian::019,valenced_nonopposite,utilitarian,valenced,nonopposite,-0.8,preference_control,-0.921875,3.21875,-1.0017979145050049,3.046865224838257,-1.0017979145050049,3.046865224838257,1.022533655166626,-2.024331569671631,-0.921875,3.21875,1.1484375,-2.0703125
mistral_7b,14,valenced_nonopposite::utilitarian::019,valenced_nonopposite,utilitarian,valenced,nonopposite,-0.6,preference_control,0.28125,3.4375,0.1841652393341064,3.671864151954651,0.1841652393341064,3.671864151954651,1.9280146956443789,-1.7438494563102722,0.28125,3.4375,1.859375,-1.578125
mistral_7b,14,valenced_nonopposite::utilitarian::019,valenced_nonopposite,utilitarian,valenced,nonopposite,-0.4,preference_control,2.3125,3.96875,2.1194030046463013,4.15623927116394,2.1194030046463013,4.15623927116394,3.137821137905121,-1.0184181332588196,2.3125,3.96875,3.140625,-0.828125
mistral_7b,14,valenced_nonopposite::utilitarian::019,valenced_nonopposite,utilitarian,valenced,nonopposite,-0.2,preference_control,3.8486328125,4.359375,3.7417036294937134,4.687493562698364,3.7417036294937134,4.687493562698364,4.214598596096039,-0.4728949666023254,3.8486328125,4.359375,4.10400390625,-0.25537109375
mistral_7b,14,valenced_nonopposite::utilitarian::019,valenced_nonopposite,utilitarian,valenced,nonopposite,0.0,preference_control,5.33587646484375,5.078125,5.434195518493652,5.249996304512024,5.434195518493652,5.249996304512024,5.342095911502838,0.0920996069908142,5.33587646484375,5.078125,5.207000732421875,0.128875732421875
mistral_7b,14,valenced_nonopposite::utilitarian::019,valenced_nonopposite,utilitarian,valenced,nonopposite,0.2,preference_control,7.46875,7.046875,7.593632936477661,7.40624725818634,7.593632936477661,7.40624725818634,7.499940097332001,0.0936928391456604,7.46875,7.046875,7.2578125,0.2109375
mistral_7b,14,valenced_nonopposite::utilitarian::019,valenced_nonopposite,utilitarian,valenced,nonopposite,0.4,preference_control,9.1875,9.34375,9.343875765800476,9.667978167533876,9.343875765800476,9.667978167533876,9.505926966667175,-0.1620512008666992,9.1875,9.34375,9.265625,-0.078125
mistral_7b,14,valenced_nonopposite::utilitarian::019,valenced_nonopposite,utilitarian,valenced,nonopposite,0.6,preference_control,9.75,10.1875,9.56259024143219,10.244158029556274,9.56259024143219,10.244158029556274,9.903374135494232,-0.3407838940620422,9.75,10.1875,9.96875,-0.21875
mistral_7b,14,valenced_nonopposite::utilitarian::019,valenced_nonopposite,utilitarian,valenced,nonopposite,0.8,preference_control,9.71875,9.9375,9.679744601249697,10.149681329727173,9.679744601249697,10.149681329727173,9.914712965488434,-0.234968364238739,9.71875,9.9375,9.828125,-0.109375
mistral_7b,14,valenced_nonopposite::utilitarian::019,valenced_nonopposite,utilitarian,valenced,nonopposite,1.0,preference_control,10.375,9.5625,10.324265241622925,9.709256887435911,10.324265241622925,9.709256887435911,10.01676106452942,0.3075041770935058,10.375,9.5625,9.96875,0.40625
mistral_7b,14,valenced_opposite::affective::000,valenced_opposite,affective,valenced,opposite,-1.0,preference_control,-0.5,-0.6875,-0.5000669956207275,-0.6874771118164062,-0.5000669956207275,-0.6874771118164062,-0.5937720537185669,0.0937050580978393,-0.5,-0.6875,-0.59375,0.09375
mistral_7b,14,valenced_opposite::affective::000,valenced_opposite,affective,valenced,opposite,-0.8,preference_control,-0.625,-1.8125,-0.6251246929168701,-1.816380500793457,-0.6251246929168701,-1.816380500793457,-1.2207525968551636,0.5956279039382935,-0.625,-1.8125,-1.21875,0.59375
mistral_7b,14,valenced_opposite::affective::000,valenced_opposite,affective,valenced,opposite,-0.6,preference_control,-1.125,-2.5,-1.1252387762069702,-2.4960758686065674,-1.1252387762069702,-2.4960758686065674,-1.8106573224067688,0.6854185461997986,-1.125,-2.5,-1.8125,0.6875
mistral_7b,14,valenced_opposite::affective::000,valenced_opposite,affective,valenced,opposite,-0.4,preference_control,-1.53125,-3.125,-1.531456708908081,-3.109360933303833,-1.531456708908081,-3.109360933303833,-2.320408821105957,0.788952112197876,-1.53125,-3.125,-2.328125,0.796875
mistral_7b,14,valenced_opposite::affective::000,valenced_opposite,affective,valenced,opposite,-0.2,preference_control,-0.84375,-3.75,-0.8437914848327637,-3.749980926513672,-0.8437914848327637,-3.749980926513672,-2.2968862056732178,1.453094720840454,-0.84375,-3.75,-2.296875,1.453125
mistral_7b,14,valenced_opposite::affective::000,valenced_opposite,affective,valenced,opposite,0.0,preference_control,2.0,-2.4375,2.0000001192092896,-2.4374759197235107,2.0000001192092896,-2.4374759197235107,-0.2187379002571106,2.2187380194664,2.0,-2.4375,-0.21875,2.21875
mistral_7b,14,valenced_opposite::affective::000,valenced_opposite,affective,valenced,opposite,0.2,preference_control,7.75,2.25,7.757814645767212,2.250030994415283,7.757814645767212,2.250030994415283,5.003922820091248,2.7538918256759644,7.75,2.25,5.0,2.75
mistral_7b,14,valenced_opposite::affective::000,valenced_opposite,affective,valenced,opposite,0.4,preference_control,12.34375,6.25,12.332035541534424,6.250045776367188,12.332035541534424,6.250045776367188,9.291040658950806,3.040994882583618,12.34375,6.25,9.296875,3.046875
mistral_7b,14,valenced_opposite::affective::000,valenced_opposite,affective,valenced,opposite,0.6,preference_control,14.125,9.78125,14.09765887260437,9.804756045341492,14.09765887260437,9.804756045341492,11.951207458972933,2.146451413631439,14.125,9.78125,11.953125,2.171875
mistral_7b,14,valenced_opposite::affective::000,valenced_opposite,affective,valenced,opposite,0.8,preference_control,14.53125,11.0625,14.546878814697266,11.041117072105408,14.546878814697266,11.041117072105408,12.793997943401337,1.752880871295929,14.53125,11.0625,12.796875,1.734375
mistral_7b,14,valenced_opposite::affective::000,valenced_opposite,affective,valenced,opposite,1.0,preference_control,14.2265625,11.4375,14.238286018371582,11.433741927146912,14.238286018371582,11.433741927146912,12.836013972759249,1.4022720456123352,14.2265625,11.4375,12.83203125,1.39453125
mistral_7b,14,valenced_opposite::affective::001,valenced_opposite,affective,valenced,opposite,-1.0,preference_control,0.0625,1.53125,0.0625529289245605,1.5313093662261963,0.0625529289245605,1.5313093662261963,0.7969311475753784,-0.7343782186508179,0.0625,1.53125,0.796875,-0.734375
mistral_7b,14,valenced_opposite::affective::001,valenced_opposite,affective,valenced,opposite,-0.8,preference_control,0.0625,2.1875,0.0625710487365722,2.187563419342041,0.0625710487365722,2.187563419342041,1.1250672340393066,-1.0624961853027344,0.0625,2.1875,1.125,-1.0625
mistral_7b,14,valenced_opposite::affective::001,valenced_opposite,affective,valenced,opposite,-0.6,preference_control,0.4375,3.125,0.4375991821289062,3.1250734329223637,0.4375991821289062,3.1250734329223637,1.7813363075256348,-1.3437371253967283,0.4375,3.125,1.78125,-1.34375
mistral_7b,14,valenced_opposite::affective::001,valenced_opposite,affective,valenced,opposite,-0.4,preference_control,1.46875,4.125,1.5001230239868164,4.140697002410889,1.5001230239868164,4.140697002410889,2.8204100131988525,-1.320286989212036,1.46875,4.125,2.796875,-1.328125
mistral_7b,14,valenced_opposite::affective::001,valenced_opposite,affective,valenced,opposite,-0.2,preference_control,3.171875,5.28125,3.187636375427246,5.296939373016357,3.187636375427246,5.296939373016357,4.242287874221802,-1.0546514987945557,3.171875,5.28125,4.2265625,-1.0546875
mistral_7b,14,valenced_opposite::affective::001,valenced_opposite,affective,valenced,opposite,0.0,preference_control,5.96875,6.875,5.968855857849121,6.875044345855713,5.968855857849121,6.875044345855713,6.421950101852417,-0.4530942440032959,5.96875,6.875,6.421875,-0.453125
mistral_7b,14,valenced_opposite::affective::001,valenced_opposite,affective,valenced,opposite,0.2,preference_control,9.015625,9.6875,8.984469413757324,9.718779802322388,8.984469413757324,9.718779802322388,9.351624608039856,-0.3671551942825317,9.015625,9.6875,9.3515625,-0.3359375
mistral_7b,14,valenced_opposite::affective::001,valenced_opposite,affective,valenced,opposite,0.4,preference_control,11.89453125,14.046875,11.875105381011965,14.041053771972656,11.875105381011965,14.041053771972656,12.95807957649231,-1.082974195480347,11.89453125,14.046875,12.970703125,-1.076171875
mistral_7b,14,valenced_opposite::affective::001,valenced_opposite,affective,valenced,opposite,0.6,preference_control,13.853515625,16.7734375,13.890733242034912,16.765669345855713,13.890733242034912,16.765669345855713,15.328201293945312,-1.4374680519104004,13.853515625,16.7734375,15.3134765625,-1.4599609375
mistral_7b,14,valenced_opposite::affective::001,valenced_opposite,affective,valenced,opposite,0.8,preference_control,14.80859375,17.822509765625,14.843877792358398,17.806684017181396,14.843877792358398,17.806684017181396,16.325280904769897,-1.481403112411499,14.80859375,17.822509765625,16.3155517578125,-1.5069580078125
mistral_7b,14,valenced_opposite::affective::001,valenced_opposite,affective,valenced,opposite,1.0,preference_control,15.484375,17.8662109375,15.45322561264038,17.894579648971558,15.45322561264038,17.894579648971558,16.67390263080597,-1.2206770181655884,15.484375,17.8662109375,16.67529296875,-1.19091796875
mistral_7b,14,valenced_opposite::affective::002,valenced_opposite,affective,valenced,opposite,-1.0,preference_control,7.125,2.8125,7.078106999397278,2.496104598045349,7.078106999397278,2.496104598045349,4.7871057987213135,2.2910012006759644,7.125,2.8125,4.96875,2.15625
mistral_7b,14,valenced_opposite::affective::002,valenced_opposite,affective,valenced,opposite,-0.8,preference_control,7.953125,1.9375,7.890514492988586,1.695319414138794,7.890514492988586,1.695319414138794,4.79291695356369,3.097597539424896,7.953125,1.9375,4.9453125,3.0078125
mistral_7b,14,valenced_opposite::affective::002,valenced_opposite,affective,valenced,opposite,-0.6,preference_control,8.59375,1.3125,8.616798043251038,1.179682731628418,8.616798043251038,1.179682731628418,4.898240387439728,3.71855765581131,8.59375,1.3125,4.953125,3.640625
mistral_7b,14,valenced_opposite::affective::002,valenced_opposite,affective,valenced,opposite,-0.4,preference_control,8.921875,1.4375,9.03043508529663,1.2499879598617554,9.03043508529663,1.2499879598617554,5.140211522579193,3.8902235627174377,8.921875,1.4375,5.1796875,3.7421875
mistral_7b,14,valenced_opposite::affective::002,valenced_opposite,affective,valenced,opposite,-0.2,preference_control,9.3515625,2.375,9.484251618385317,2.187493205070496,9.484251618385317,2.187493205070496,5.835872411727905,3.6483792066574097,9.3515625,2.375,5.86328125,3.48828125
mistral_7b,14,valenced_opposite::affective::002,valenced_opposite,affective,valenced,opposite,0.0,preference_control,10.59375,3.78125,10.789782762527466,3.5625544786453247,10.789782762527466,3.5625544786453247,7.176168620586395,3.613614141941071,10.59375,3.78125,7.1875,3.40625
mistral_7b,14,valenced_opposite::affective::002,valenced_opposite,affective,valenced,opposite,0.2,preference_control,12.7421875,6.8125,12.739155769348145,6.918061017990112,12.739155769348145,6.918061017990112,9.828608393669128,2.910547375679016,12.7421875,6.8125,9.77734375,2.96484375
mistral_7b,14,valenced_opposite::affective::002,valenced_opposite,affective,valenced,opposite,0.4,preference_control,13.8671875,11.09375,13.986777782440186,10.945370316505432,13.986777782440186,10.945370316505432,12.466074049472809,1.5207037329673767,13.8671875,11.09375,12.48046875,1.38671875
mistral_7b,14,valenced_opposite::affective::002,valenced_opposite,affective,valenced,opposite,0.6,preference_control,14.1171875,12.9375,14.187686562538149,12.703171253204346,14.187686562538149,12.703171253204346,13.445428907871246,0.7422576546669006,14.1171875,12.9375,13.52734375,0.58984375
mistral_7b,14,valenced_opposite::affective::002,valenced_opposite,affective,valenced,opposite,0.8,preference_control,13.4453125,12.703125,13.55087912082672,12.644575834274292,13.55087912082672,12.644575834274292,13.097727477550508,0.4531516432762146,13.4453125,12.703125,13.07421875,0.37109375
mistral_7b,14,valenced_opposite::affective::002,valenced_opposite,affective,valenced,opposite,1.0,preference_control,12.75,11.875,12.765710949897766,11.894585490226746,12.765710949897766,11.894585490226746,12.330148220062256,0.4355627298355102,12.75,11.875,12.3125,0.4375
mistral_7b,14,valenced_opposite::affective::003,valenced_opposite,affective,valenced,opposite,-1.0,preference_control,-2.15625,-0.375,-2.1717605590820312,-0.3746700286865234,-2.1717605590820312,-0.3746700286865234,-1.2732152938842771,-0.8985452651977539,-2.15625,-0.375,-1.265625,-0.890625
mistral_7b,14,valenced_opposite::affective::003,valenced_opposite,affective,valenced,opposite,-0.8,preference_control,-1.28125,0.4375,-1.2810916900634766,0.4380416870117187,-1.2810916900634766,0.4380416870117187,-0.4215250015258789,-0.8595666885375977,-1.28125,0.4375,-0.421875,-0.859375
mistral_7b,14,valenced_opposite::affective::003,valenced_opposite,affective,valenced,opposite,-0.6,preference_control,-0.125,1.4375,-0.1247539520263671,1.4384231567382812,-0.1247539520263671,1.4384231567382812,0.656834602355957,-0.7815885543823242,-0.125,1.4375,0.65625,-0.78125
mistral_7b,14,valenced_opposite::affective::003,valenced_opposite,affective,valenced,opposite,-0.4,preference_control,0.90625,1.75,0.9065914154052734,1.7672271728515625,0.9065914154052734,1.7672271728515625,1.336909294128418,-0.4303178787231445,0.90625,1.75,1.328125,-0.421875
mistral_7b,14,valenced_opposite::affective::003,valenced_opposite,affective,valenced,opposite,-0.2,preference_control,1.40625,1.5,1.406534194946289,1.501617431640625,1.406534194946289,1.501617431640625,1.454075813293457,-0.0475416183471679,1.40625,1.5,1.453125,-0.046875
mistral_7b,14,valenced_opposite::affective::003,valenced_opposite,affective,valenced,opposite,0.0,preference_control,2.15625,1.4375,2.1563758850097656,1.453521728515625,2.1563758850097656,1.453521728515625,1.8049488067626955,0.3514270782470703,2.15625,1.4375,1.796875,0.359375
mistral_7b,14,valenced_opposite::affective::003,valenced_opposite,affective,valenced,opposite,0.2,preference_control,3.6875,2.5,3.687554836273194,2.4844651222229004,3.687554836273194,2.4844651222229004,3.086009979248047,0.6015448570251465,3.6875,2.5,3.09375,0.59375
mistral_7b,14,valenced_opposite::affective::003,valenced_opposite,affective,valenced,opposite,0.4,preference_control,5.3125,4.3125,5.312542200088501,4.3125481605529785,5.312542200088501,4.3125481605529785,4.81254518032074,0.4999970197677612,5.3125,4.3125,4.8125,0.5
mistral_7b,14,valenced_opposite::affective::003,valenced_opposite,affective,valenced,opposite,0.6,preference_control,6.84375,6.875,6.867227792739868,6.863324165344238,6.867227792739868,6.863324165344238,6.865275979042053,0.0019518136978149,6.84375,6.875,6.859375,-0.015625
mistral_7b,14,valenced_opposite::affective::003,valenced_opposite,affective,valenced,opposite,0.8,preference_control,7.625,8.0625,7.617234706878662,8.041059017181396,7.617234706878662,8.041059017181396,7.829146862030029,-0.2119121551513672,7.625,8.0625,7.84375,-0.21875
mistral_7b,14,valenced_opposite::affective::003,valenced_opposite,affective,valenced,opposite,1.0,preference_control,7.625,7.8125,7.617239713668823,7.785204648971558,7.617239713668823,7.785204648971558,7.70122218132019,-0.0839824676513671,7.625,7.8125,7.71875,-0.09375
mistral_7b,14,valenced_opposite::affective::004,valenced_opposite,affective,valenced,opposite,-1.0,preference_control,1.09375,-3.625,1.0939666032791138,-3.632817268371582,1.0939666032791138,-3.632817268371582,-1.269425332546234,2.363391935825348,1.09375,-3.625,-1.265625,2.359375
mistral_7b,14,valenced_opposite::affective::004,valenced_opposite,affective,valenced,opposite,-0.8,preference_control,0.8125,-4.34375,0.8142286539077759,-4.359382033348084,0.8142286539077759,-4.359382033348084,-1.7725766897201538,2.5868053436279297,0.8125,-4.34375,-1.765625,2.578125
mistral_7b,14,valenced_opposite::affective::004,valenced_opposite,affective,valenced,opposite,-0.6,preference_control,0.25,-4.40625,0.2625980377197265,-4.390635848045349,0.2625980377197265,-4.390635848045349,-2.0640189051628117,2.326616942882538,0.25,-4.40625,-2.078125,2.328125
mistral_7b,14,valenced_opposite::affective::004,valenced_opposite,affective,valenced,opposite,-0.4,preference_control,-0.25,-4.21875,-0.2162306308746338,-4.203138113021851,-0.2162306308746338,-4.203138113021851,-2.209684371948242,1.9934537410736084,-0.25,-4.21875,-2.234375,1.984375
mistral_7b,14,valenced_opposite::affective::004,valenced_opposite,affective,valenced,opposite,-0.2,preference_control,-0.5,-4.0625,-0.4379361867904663,-4.0937659740448,-0.4379361867904663,-4.0937659740448,-2.265851080417633,1.8279148936271667,-0.5,-4.0625,-2.28125,1.78125
mistral_7b,14,valenced_opposite::affective::004,valenced_opposite,affective,valenced,opposite,0.0,preference_control,0.078125,-3.0625,0.1634953022003173,-3.062508344650269,0.1634953022003173,-3.062508344650269,-1.4495065212249756,1.613001823425293,0.078125,-3.0625,-1.4921875,1.5703125
mistral_7b,14,valenced_opposite::affective::004,valenced_opposite,affective,valenced,opposite,0.2,preference_control,1.71875,-1.0625,1.7244541645050049,-1.0625028610229492,1.7244541645050049,-1.0625028610229492,0.3309756517410278,1.393478512763977,1.71875,-1.0625,0.328125,1.390625
mistral_7b,14,valenced_opposite::affective::004,valenced_opposite,affective,valenced,opposite,0.4,preference_control,3.78125,2.15625,3.781837463378906,2.1562482118606567,3.781837463378906,2.1562482118606567,2.969042837619781,0.8127946257591248,3.78125,2.15625,2.96875,0.8125
mistral_7b,14,valenced_opposite::affective::004,valenced_opposite,affective,valenced,opposite,0.6,preference_control,6.65625,6.90625,6.640774607658386,6.902337193489075,6.640774607658386,6.902337193489075,6.7715559005737305,-0.1307812929153442,6.65625,6.90625,6.78125,-0.125
mistral_7b,14,valenced_opposite::affective::004,valenced_opposite,affective,valenced,opposite,0.8,preference_control,9.59375,9.890625,9.59771716594696,9.91405463218689,9.59771716594696,9.91405463218689,9.755885899066923,-0.1581687331199646,9.59375,9.890625,9.7421875,-0.1484375
mistral_7b,14,valenced_opposite::affective::004,valenced_opposite,affective,valenced,opposite,1.0,preference_control,10.671875,10.4375,10.703230261802672,10.453117847442629,10.703230261802672,10.453117847442629,10.57817405462265,0.1250562071800232,10.671875,10.4375,10.5546875,0.1171875
mistral_7b,14,valenced_opposite::affective::005,valenced_opposite,affective,valenced,opposite,-1.0,preference_control,-5.515625,-6.140625,-5.531731605529785,-6.156390190124512,-5.531731605529785,-6.156390190124512,-5.844060897827148,0.3123292922973633,-5.515625,-6.140625,-5.828125,0.3125
mistral_7b,14,valenced_opposite::affective::005,valenced_opposite,affective,valenced,opposite,-0.8,preference_control,-5.421875,-6.171875,-5.4694342613220215,-6.093852043151856,-5.4694342613220215,-6.093852043151856,-5.7816431522369385,0.312208890914917,-5.421875,-6.171875,-5.796875,0.375
mistral_7b,14,valenced_opposite::affective::005,valenced_opposite,affective,valenced,opposite,-0.6,preference_control,-5.1875,-5.8125,-5.313046455383301,-5.781287431716919,-5.313046455383301,-5.781287431716919,-5.54716694355011,0.234120488166809,-5.1875,-5.8125,-5.5,0.3125
mistral_7b,14,valenced_opposite::affective::005,valenced_opposite,affective,valenced,opposite,-0.4,preference_control,-4.578125,-4.71875,-4.68767237663269,-4.71874737739563,-4.68767237663269,-4.71874737739563,-4.70320987701416,0.0155375003814697,-4.578125,-4.71875,-4.6484375,0.0703125
mistral_7b,14,valenced_opposite::affective::005,valenced_opposite,affective,valenced,opposite,-0.2,preference_control,-2.859375,-1.96875,-2.9374929666519165,-1.9999841451644895,-2.9374929666519165,-1.9999841451644895,-2.468738555908203,-0.4687544107437134,-2.859375,-1.96875,-2.4140625,-0.4453125
mistral_7b,14,valenced_opposite::affective::005,valenced_opposite,affective,valenced,opposite,0.0,preference_control,0.71875,1.5,0.6250641345977783,1.5625395774841309,0.6250641345977783,1.5625395774841309,1.0938018560409546,-0.4687377214431762,0.71875,1.5,1.109375,-0.390625
mistral_7b,14,valenced_opposite::affective::005,valenced_opposite,affective,valenced,opposite,0.2,preference_control,4.171875,5.21875,4.062653422355652,5.187614917755127,4.062653422355652,5.187614917755127,4.625134170055389,-0.5624807476997375,4.171875,5.21875,4.6953125,-0.5234375
mistral_7b,14,valenced_opposite::affective::005,valenced_opposite,affective,valenced,opposite,0.4,preference_control,6.828125,8.171875,6.906700134277344,8.12548279762268,6.906700134277344,8.12548279762268,7.516091465950012,-0.6093913316726685,6.828125,8.171875,7.5,-0.671875
mistral_7b,14,valenced_opposite::affective::005,valenced_opposite,affective,valenced,opposite,0.6,preference_control,8.4453125,9.28125,8.469936847686768,9.21993637084961,8.469936847686768,9.21993637084961,8.844936609268188,-0.3749997615814209,8.4453125,9.28125,8.86328125,-0.41796875
mistral_7b,14,valenced_opposite::affective::005,valenced_opposite,affective,valenced,opposite,0.8,preference_control,9.19140625,9.15625,9.157735347747805,9.174077033996582,9.157735347747805,9.174077033996582,9.165906190872192,-0.0081708431243896,9.19140625,9.15625,9.173828125,0.017578125
mistral_7b,14,valenced_opposite::affective::005,valenced_opposite,affective,valenced,opposite,1.0,preference_control,9.48046875,8.34375,9.501889944076538,8.237049221992493,9.501889944076538,8.237049221992493,8.869469583034515,0.6324203610420227,9.48046875,8.34375,8.912109375,0.568359375
mistral_7b,14,valenced_opposite::affective::006,valenced_opposite,affective,valenced,opposite,-1.0,preference_control,-3.140625,4.59375,-3.0624955892562866,4.671954274177551,-3.0624955892562866,4.671954274177551,0.8047293424606323,-3.867224931716919,-3.140625,4.59375,0.7265625,-3.8671875
mistral_7b,14,valenced_opposite::affective::006,valenced_opposite,affective,valenced,opposite,-0.8,preference_control,-2.265625,3.5,-2.187543034553528,3.3750604391098022,-2.187543034553528,3.3750604391098022,0.5937587022781372,-2.781301736831665,-2.265625,3.5,0.6171875,-2.8828125
mistral_7b,14,valenced_opposite::affective::006,valenced_opposite,affective,valenced,opposite,-0.6,preference_control,-1.203125,1.75,-1.000098705291748,1.7188045978546145,-1.000098705291748,1.7188045978546145,0.3593529462814331,-1.3594516515731812,-1.203125,1.75,0.2734375,-1.4765625
mistral_7b,14,valenced_opposite::affective::006,valenced_opposite,affective,valenced,opposite,-0.4,preference_control,-0.140625,0.5625,0.0624836683273315,0.6250373125076294,0.0624836683273315,0.6250373125076294,0.3437604904174804,-0.2812768220901489,-0.140625,0.5625,0.2109375,-0.3515625
mistral_7b,14,valenced_opposite::affective::006,valenced_opposite,affective,valenced,opposite,-0.2,preference_control,0.900390625,-0.1875,0.9375981092453004,-0.1249737739562988,0.9375981092453004,-0.1249737739562988,0.4063121676445007,0.5312859416007996,0.900390625,-0.1875,0.3564453125,0.5439453125
mistral_7b,14,valenced_opposite::affective::006,valenced_opposite,affective,valenced,opposite,0.0,preference_control,1.8515625,-0.25,2.000121831893921,-0.2499839067459106,2.000121831893921,-0.2499839067459106,0.8750689625740051,1.1250528693199158,1.8515625,-0.25,0.80078125,1.05078125
mistral_7b,14,valenced_opposite::affective::006,valenced_opposite,affective,valenced,opposite,0.2,preference_control,4.3828125,0.15625,4.281329154968262,0.0625110864639282,4.281329154968262,0.0625110864639282,2.171920120716095,2.1094090342521667,4.3828125,0.15625,2.26953125,2.11328125
mistral_7b,14,valenced_opposite::affective::006,valenced_opposite,affective,valenced,opposite,0.4,preference_control,7.390625,2.0625,7.312590003013611,2.000012755393982,7.312590003013611,2.000012755393982,4.656301379203796,2.6562886238098145,7.390625,2.0625,4.7265625,2.6640625
mistral_7b,14,valenced_opposite::affective::006,valenced_opposite,affective,valenced,opposite,0.6,preference_control,10.015625,5.34375,9.859467506408691,5.531274437904358,9.859467506408691,5.531274437904358,7.695370972156525,2.1640965342521667,10.015625,5.34375,7.6796875,2.3359375
mistral_7b,14,valenced_opposite::affective::006,valenced_opposite,affective,valenced,opposite,0.8,preference_control,11.71484375,7.84375,11.539173007011414,7.937538504600525,11.539173007011414,7.937538504600525,9.73835575580597,1.8008172512054443,11.71484375,7.84375,9.779296875,1.935546875
mistral_7b,14,valenced_opposite::affective::006,valenced_opposite,affective,valenced,opposite,1.0,preference_control,12.3359375,8.5625,12.257944941520693,8.656298398971558,12.257944941520693,8.656298398971558,10.457121670246124,1.8008232712745669,12.3359375,8.5625,10.44921875,1.88671875
mistral_7b,14,valenced_opposite::affective::007,valenced_opposite,affective,valenced,opposite,-1.0,preference_control,0.0,-2.75,0.0073963403701782,-2.7421042919158936,0.0073963403701782,-2.7421042919158936,-1.3673539757728577,1.374750316143036,0.0,-2.75,-1.375,1.375
mistral_7b,14,valenced_opposite::affective::007,valenced_opposite,affective,valenced,opposite,-0.8,preference_control,0.0,-3.0625,0.008162498474121,-3.0624791383743286,0.008162498474121,-3.0624791383743286,-1.5271583199501038,1.5353208184242249,0.0,-3.0625,-1.53125,1.53125
mistral_7b,14,valenced_opposite::affective::007,valenced_opposite,affective,valenced,opposite,-0.6,preference_control,-0.125,-3.15625,-0.1143958568572998,-3.156312942504883,-0.1143958568572998,-3.156312942504883,-1.6353543996810913,1.5209585428237915,-0.125,-3.15625,-1.640625,1.515625
mistral_7b,14,valenced_opposite::affective::007,valenced_opposite,affective,valenced,opposite,-0.4,preference_control,1.78125,-2.90625,1.8030794858932493,-2.906427264213562,1.8030794858932493,-2.906427264213562,-0.5516738891601562,2.3547533750534058,1.78125,-2.90625,-0.5625,2.34375
mistral_7b,14,valenced_opposite::affective::007,valenced_opposite,affective,valenced,opposite,-0.2,preference_control,7.25,-1.8125,7.3344409465789795,-1.8116246461868288,7.3344409465789795,-1.8116246461868288,2.7614081501960754,4.573032796382904,7.25,-1.8125,2.71875,4.53125
mistral_7b,14,valenced_opposite::affective::007,valenced_opposite,affective,valenced,opposite,0.0,preference_control,9.40625,0.5,10.414015412330627,0.5021365880966187,10.414015412330627,0.5021365880966187,5.458076000213623,4.955939412117004,9.40625,0.5,4.953125,4.453125
mistral_7b,14,valenced_opposite::affective::007,valenced_opposite,affective,valenced,opposite,0.2,preference_control,11.1875,4.46875,14.031193375587463,4.470703125,14.031193375587463,4.470703125,9.250948250293732,4.780245125293732,11.1875,4.46875,7.828125,3.359375
mistral_7b,14,valenced_opposite::affective::007,valenced_opposite,affective,valenced,opposite,0.4,preference_control,11.859375,7.71875,14.80462610721588,7.736614227294922,14.80462610721588,7.736614227294922,11.270620167255402,3.53400593996048,11.859375,7.71875,9.7890625,2.0703125
mistral_7b,14,valenced_opposite::affective::007,valenced_opposite,affective,valenced,opposite,0.6,preference_control,12.125,9.5,14.710873365402222,9.535425901412964,14.710873365402222,9.535425901412964,12.123149633407593,2.587723731994629,12.125,9.5,10.8125,1.3125
mistral_7b,14,valenced_opposite::affective::007,valenced_opposite,affective,valenced,opposite,0.8,preference_control,12.03125,9.46875,14.132750988006592,9.44890010356903,14.132750988006592,9.44890010356903,11.790825545787811,2.3419254422187805,12.03125,9.46875,10.75,1.28125
mistral_7b,14,valenced_opposite::affective::007,valenced_opposite,affective,valenced,opposite,1.0,preference_control,11.578125,8.5,13.367128729820251,8.534070134162903,13.367128729820251,8.534070134162903,10.950599431991575,2.4165292978286743,11.578125,8.5,10.0390625,1.5390625
mistral_7b,14,valenced_opposite::affective::008,valenced_opposite,affective,valenced,opposite,-1.0,preference_control,-8.53125,-0.1875,-8.525390625,-0.1875,-8.525390625,-0.1875,-4.3564453125,-4.1689453125,-8.53125,-0.1875,-4.359375,-4.171875
mistral_7b,14,valenced_opposite::affective::008,valenced_opposite,affective,valenced,opposite,-0.8,preference_control,-7.6875,-1.8125,-7.6953125,-1.8125,-7.6953125,-1.8125,-4.75390625,-2.94140625,-7.6875,-1.8125,-4.75,-2.9375
mistral_7b,14,valenced_opposite::affective::008,valenced_opposite,affective,valenced,opposite,-0.6,preference_control,-6.75,-3.9375,-6.7265625,-3.9375,-6.7265625,-3.9375,-5.33203125,-1.39453125,-6.75,-3.9375,-5.34375,-1.40625
mistral_7b,14,valenced_opposite::affective::008,valenced_opposite,affective,valenced,opposite,-0.4,preference_control,-6.0625,-5.84375,-6.078125,-5.859375,-6.078125,-5.859375,-5.96875,-0.109375,-6.0625,-5.84375,-5.953125,-0.109375
mistral_7b,14,valenced_opposite::affective::008,valenced_opposite,affective,valenced,opposite,-0.2,preference_control,-4.90625,-7.296875,-4.875,-7.296875,-4.875,-7.296875,-6.0859375,1.2109375,-4.90625,-7.296875,-6.1015625,1.1953125
mistral_7b,14,valenced_opposite::affective::008,valenced_opposite,affective,valenced,opposite,0.0,preference_control,-1.875,-7.796875,-1.875,-7.828125,-1.875,-7.828125,-4.8515625,2.9765625,-1.875,-7.796875,-4.8359375,2.9609375
mistral_7b,14,valenced_opposite::affective::008,valenced_opposite,affective,valenced,opposite,0.2,preference_control,2.625,-7.3125,2.625,-7.2890625,2.625,-7.2890625,-2.33203125,4.95703125,2.625,-7.3125,-2.34375,4.96875
mistral_7b,14,valenced_opposite::affective::008,valenced_opposite,affective,valenced,opposite,0.4,preference_control,8.65625,-6.1875,8.66015625,-6.177734375,8.66015625,-6.177734375,1.2412109375,7.4189453125,8.65625,-6.1875,1.234375,7.421875
mistral_7b,14,valenced_opposite::affective::008,valenced_opposite,affective,valenced,opposite,0.6,preference_control,12.21875,-1.1875,12.228515625,-1.189453125,12.228515625,-1.189453125,5.51953125,6.708984375,12.21875,-1.1875,5.515625,6.703125
mistral_7b,14,valenced_opposite::affective::008,valenced_opposite,affective,valenced,opposite,0.8,preference_control,13.40625,5.6875,13.3955078125,5.6796875,13.3955078125,5.6796875,9.53759765625,3.85791015625,13.40625,5.6875,9.546875,3.859375
mistral_7b,14,valenced_opposite::affective::008,valenced_opposite,affective,valenced,opposite,1.0,preference_control,13.5,8.5,13.4775390625,8.528564453125,13.4775390625,8.528564453125,11.0030517578125,2.4744873046875,13.5,8.5,11.0,2.5
mistral_7b,14,valenced_opposite::affective::009,valenced_opposite,affective,valenced,opposite,-1.0,preference_control,-1.5625,3.4375,-1.5622329711914062,3.4299087524414062,-1.5622329711914062,3.4299087524414062,0.933837890625,-2.4960708618164062,-1.5625,3.4375,0.9375,-2.5
mistral_7b,14,valenced_opposite::affective::009,valenced_opposite,affective,valenced,opposite,-0.8,preference_control,-0.5625,1.9375,-0.5622234344482422,1.9455070495605469,-0.5622234344482422,1.9455070495605469,0.6916418075561523,-1.2538652420043943,-0.5625,1.9375,0.6875,-1.25
mistral_7b,14,valenced_opposite::affective::009,valenced_opposite,affective,valenced,opposite,-0.6,preference_control,0.75,0.4375,0.7503604888916016,0.437718391418457,0.7503604888916016,0.437718391418457,0.5940394401550293,0.1563210487365722,0.75,0.4375,0.59375,0.15625
mistral_7b,14,valenced_opposite::affective::009,valenced_opposite,affective,valenced,opposite,-0.4,preference_control,2.125,-0.625,2.125375747680664,-0.6248073577880859,2.125375747680664,-0.6248073577880859,0.7502841949462891,1.375091552734375,2.125,-0.625,0.75,1.375
mistral_7b,14,valenced_opposite::affective::009,valenced_opposite,affective,valenced,opposite,-0.2,preference_control,3.84375,-0.5,3.844192504882813,-0.4998073577880859,3.844192504882813,-0.4998073577880859,1.6721925735473633,2.171999931335449,3.84375,-0.5,1.671875,2.171875
mistral_7b,14,valenced_opposite::affective::009,valenced_opposite,affective,valenced,opposite,0.0,preference_control,6.5,-0.5,6.484733581542969,-0.4998283386230469,6.484733581542969,-0.4998283386230469,2.992452621459961,3.492280960083008,6.5,-0.5,3.0,3.5
mistral_7b,14,valenced_opposite::affective::009,valenced_opposite,affective,valenced,opposite,0.2,preference_control,8.78125,-1.625,8.793251037597656,-1.6248493194580078,8.793251037597656,-1.6248493194580078,3.584200859069824,5.209050178527832,8.78125,-1.625,3.578125,5.203125
mistral_7b,14,valenced_opposite::affective::009,valenced_opposite,affective,valenced,opposite,0.4,preference_control,10.65625,-1.5,10.644845962524414,-1.4959430694580078,10.644845962524414,-1.4959430694580078,4.574451446533203,6.070394515991211,10.65625,-1.5,4.578125,6.078125
mistral_7b,14,valenced_opposite::affective::009,valenced_opposite,affective,valenced,opposite,0.6,preference_control,12.625,2.875,12.597089767456056,2.878127098083496,12.597089767456056,2.878127098083496,7.737608432769775,4.859481334686279,12.625,2.875,7.75,4.875
mistral_7b,14,valenced_opposite::affective::009,valenced_opposite,affective,valenced,opposite,0.8,preference_control,14.46875,10.125,14.470252990722656,10.122886657714844,14.470252990722656,10.122886657714844,12.29656982421875,2.1736831665039062,14.46875,10.125,12.296875,2.171875
mistral_7b,14,valenced_opposite::affective::009,valenced_opposite,affective,valenced,opposite,1.0,preference_control,15.25,13.78125,15.230144500732422,13.793447494506836,15.230144500732422,13.793447494506836,14.511795997619627,0.718348503112793,15.25,13.78125,14.515625,0.734375
mistral_7b,14,valenced_opposite::affective::010,valenced_opposite,affective,valenced,opposite,-1.0,preference_control,2.8125,8.5625,2.812624931335449,8.535518646240234,2.812624931335449,8.535518646240234,5.674071788787842,-2.8614468574523926,2.8125,8.5625,5.6875,-2.875
mistral_7b,14,valenced_opposite::affective::010,valenced_opposite,affective,valenced,opposite,-0.8,preference_control,2.375,8.4375,2.367290496826172,8.46524429321289,2.367290496826172,8.46524429321289,5.416267395019531,-3.04897689819336,2.375,8.4375,5.40625,-3.03125
mistral_7b,14,valenced_opposite::affective::010,valenced_opposite,affective,valenced,opposite,-0.6,preference_control,2.4375,7.96875,2.4532103538513184,7.945823669433594,2.4532103538513184,7.945823669433594,5.199517011642456,-2.7463066577911377,2.4375,7.96875,5.203125,-2.765625
mistral_7b,14,valenced_opposite::affective::010,valenced_opposite,affective,valenced,opposite,-0.4,preference_control,3.59375,7.625,3.593838691711426,7.602161407470703,3.593838691711426,7.602161407470703,5.5980000495910645,-2.0041613578796387,3.59375,7.625,5.609375,-2.015625
mistral_7b,14,valenced_opposite::affective::010,valenced_opposite,affective,valenced,opposite,-0.2,preference_control,5.21875,6.96875,5.2501139640808105,6.984909057617188,5.2501139640808105,6.984909057617188,6.117511510848999,-0.8673975467681885,5.21875,6.96875,6.09375,-0.875
mistral_7b,14,valenced_opposite::affective::010,valenced_opposite,affective,valenced,opposite,0.0,preference_control,7.09375,7.40625,7.109546661376953,7.398908615112305,7.109546661376953,7.398908615112305,7.254227638244629,-0.1446809768676757,7.09375,7.40625,7.25,-0.15625
mistral_7b,14,valenced_opposite::affective::010,valenced_opposite,affective,valenced,opposite,0.2,preference_control,8.71875,9.65625,8.734659194946289,9.656776428222656,8.734659194946289,9.656776428222656,9.195717811584473,-0.4610586166381836,8.71875,9.65625,9.1875,-0.46875
mistral_7b,14,valenced_opposite::affective::010,valenced_opposite,affective,valenced,opposite,0.4,preference_control,10.65625,12.953125,10.625473022460938,12.937952041625977,10.625473022460938,12.937952041625977,11.781712532043455,-1.1562395095825195,10.65625,12.953125,11.8046875,-1.1484375
mistral_7b,14,valenced_opposite::affective::010,valenced_opposite,affective,valenced,opposite,0.6,preference_control,12.515625,15.15625,12.539665222167969,15.164325714111328,12.539665222167969,15.164325714111328,13.851995468139648,-1.3123302459716797,12.515625,15.15625,13.8359375,-1.3203125
mistral_7b,14,valenced_opposite::affective::010,valenced_opposite,affective,valenced,opposite,0.8,preference_control,13.8125,15.578125,13.801643371582031,15.613729476928713,13.801643371582031,15.613729476928713,14.707686424255373,-0.9060430526733398,13.8125,15.578125,14.6953125,-0.8828125
mistral_7b,14,valenced_opposite::affective::010,valenced_opposite,affective,valenced,opposite,1.0,preference_control,14.28125,15.109375,14.26288604736328,15.113967895507812,14.26288604736328,15.113967895507812,14.688426971435549,-0.4255409240722656,14.28125,15.109375,14.6953125,-0.4140625
mistral_7b,14,valenced_opposite::affective::011,valenced_opposite,affective,valenced,opposite,-1.0,preference_control,2.25,5.1875,3.4362953901290894,5.344468832015991,3.4362953901290894,5.344468832015991,4.39038211107254,-0.9540867209434508,2.25,5.1875,3.71875,-1.46875
mistral_7b,14,valenced_opposite::affective::011,valenced_opposite,affective,valenced,opposite,-0.8,preference_control,2.5625,4.9375,4.436349272727966,5.039728760719299,4.436349272727966,5.039728760719299,4.738039016723633,-0.3016897439956665,2.5625,4.9375,3.75,-1.1875
mistral_7b,14,valenced_opposite::affective::011,valenced_opposite,affective,valenced,opposite,-0.6,preference_control,3.3125,4.375,5.623813390731812,4.38358461856842,5.623813390731812,4.38358461856842,5.003699004650116,0.6201143860816956,3.3125,4.375,3.84375,-0.53125
mistral_7b,14,valenced_opposite::affective::011,valenced_opposite,affective,valenced,opposite,-0.4,preference_control,4.0625,3.3125,6.826551198959351,3.438528299331665,6.826551198959351,3.438528299331665,5.132539749145508,1.6940114498138428,4.0625,3.3125,3.6875,0.375
mistral_7b,14,valenced_opposite::affective::011,valenced_opposite,affective,valenced,opposite,-0.2,preference_control,4.40625,2.28125,6.951322555541992,2.4078080654144287,6.951322555541992,2.4078080654144287,4.67956531047821,2.2717572450637817,4.40625,2.28125,3.34375,1.0625
mistral_7b,14,valenced_opposite::affective::011,valenced_opposite,affective,valenced,opposite,0.0,preference_control,4.96875,2.1875,6.475154876708984,2.313516616821289,6.475154876708984,2.313516616821289,4.394335746765137,2.080819129943848,4.96875,2.1875,3.578125,1.390625
mistral_7b,14,valenced_opposite::affective::011,valenced_opposite,affective,valenced,opposite,0.2,preference_control,5.875,4.96875,6.796504974365234,4.906427383422852,6.796504974365234,4.906427383422852,5.851466178894043,0.9450387954711914,5.875,4.96875,5.421875,0.453125
mistral_7b,14,valenced_opposite::affective::011,valenced_opposite,affective,valenced,opposite,0.4,preference_control,7.25,9.1875,9.43340814113617,9.156627535820007,9.43340814113617,9.156627535820007,9.295017838478088,0.138390302658081,7.25,9.1875,8.21875,-0.96875
mistral_7b,14,valenced_opposite::affective::011,valenced_opposite,affective,valenced,opposite,0.6,preference_control,8.71875,10.5625,14.10926115512848,10.657087922096252,14.10926115512848,10.657087922096252,12.383174538612366,1.7260866165161133,8.71875,10.5625,9.640625,-0.921875
mistral_7b,14,valenced_opposite::affective::011,valenced_opposite,affective,valenced,opposite,0.8,preference_control,9.375,10.65625,16.92178237438202,13.142430901527405,16.92178237438202,13.142430901527405,15.032106637954712,1.8896757364273071,9.375,10.65625,10.015625,-0.640625
mistral_7b,14,valenced_opposite::affective::011,valenced_opposite,affective,valenced,opposite,1.0,preference_control,9.84375,10.28125,17.55068349838257,13.724921822547913,17.55068349838257,13.724921822547913,15.63780266046524,1.912880837917328,9.84375,10.28125,10.0625,-0.21875
mistral_7b,14,valenced_opposite::affective::012,valenced_opposite,affective,valenced,opposite,-1.0,preference_control,-0.375,5.90625,-0.2939134836196899,6.0320576429367065,-0.2939134836196899,6.0320576429367065,2.8690720796585083,-3.1629855632781982,-0.375,5.90625,2.765625,-3.140625
mistral_7b,14,valenced_opposite::affective::012,valenced_opposite,affective,valenced,opposite,-0.8,preference_control,-0.0625,4.0,-0.3091564178466797,4.141425132751465,-0.3091564178466797,4.141425132751465,1.9161343574523928,-2.2252907752990723,-0.0625,4.0,1.96875,-2.03125
mistral_7b,14,valenced_opposite::affective::012,valenced_opposite,affective,valenced,opposite,-0.6,preference_control,1.03125,1.0,1.1297932863235474,1.0946877002716064,1.1297932863235474,1.0946877002716064,1.112240493297577,0.0175527930259704,1.03125,1.0,1.015625,0.015625
mistral_7b,14,valenced_opposite::affective::012,valenced_opposite,affective,valenced,opposite,-0.4,preference_control,2.5625,-1.375,2.78735625743866,-1.155109167098999,2.78735625743866,-1.155109167098999,0.8161235451698303,1.9712327122688291,2.5625,-1.375,0.59375,1.96875
mistral_7b,14,valenced_opposite::affective::012,valenced_opposite,affective,valenced,opposite,-0.2,preference_control,4.359375,-2.5625,4.508793115615845,-2.060892701148987,4.508793115615845,-2.060892701148987,1.223950207233429,3.284842908382416,4.359375,-2.5625,0.8984375,3.4609375
mistral_7b,14,valenced_opposite::affective::012,valenced_opposite,affective,valenced,opposite,0.0,preference_control,6.84375,-2.25,6.92065954208374,-1.6854640245437622,6.92065954208374,-1.6854640245437622,2.617597758769989,4.303061783313751,6.84375,-2.25,2.296875,4.546875
mistral_7b,14,valenced_opposite::affective::012,valenced_opposite,affective,valenced,opposite,0.2,preference_control,9.515625,-0.25,9.55994200706482,0.4247961044311523,9.55994200706482,0.4247961044311523,4.992369055747986,4.5675729513168335,9.515625,-0.25,4.6328125,4.8828125
mistral_7b,14,valenced_opposite::affective::012,valenced_opposite,affective,valenced,opposite,0.4,preference_control,12.390625,3.9375,12.42871606349945,4.266515374183655,12.42871606349945,4.266515374183655,8.347615718841553,4.081100344657898,12.390625,3.9375,8.1640625,4.2265625
mistral_7b,14,valenced_opposite::affective::012,valenced_opposite,affective,valenced,opposite,0.6,preference_control,14.25,8.125,14.168462872505188,8.155399560928345,14.168462872505188,8.155399560928345,11.161931216716766,3.0065316557884216,14.25,8.125,11.1875,3.0625
mistral_7b,14,valenced_opposite::affective::012,valenced_opposite,affective,valenced,opposite,0.8,preference_control,14.671875,10.25,14.761238098144531,10.210087656974792,14.761238098144531,10.210087656974792,12.485662877559662,2.2755752205848694,14.671875,10.25,12.4609375,2.2109375
mistral_7b,14,valenced_opposite::affective::012,valenced_opposite,affective,valenced,opposite,1.0,preference_control,14.453125,10.46875,14.486825942993164,10.715185523033142,14.486825942993164,10.715185523033142,12.601005733013151,1.885820209980011,14.453125,10.46875,12.4609375,1.9921875
mistral_7b,14,valenced_opposite::affective::013,valenced_opposite,affective,valenced,opposite,-1.0,preference_control,-8.15625,3.71875,-8.14385735988617,3.7447378635406494,-8.14385735988617,3.7447378635406494,-2.19955974817276,-5.944297611713409,-8.15625,3.71875,-2.21875,-5.9375
mistral_7b,14,valenced_opposite::affective::013,valenced_opposite,affective,valenced,opposite,-0.8,preference_control,-7.6875,3.28125,-7.716949820518494,3.3157840967178345,-7.716949820518494,3.3157840967178345,-2.2005828619003296,-5.516366958618164,-7.6875,3.28125,-2.203125,-5.484375
mistral_7b,14,valenced_opposite::affective::013,valenced_opposite,affective,valenced,opposite,-0.6,preference_control,-6.46875,2.65625,-6.452164530754089,2.724597215652466,-6.452164530754089,2.724597215652466,-1.863783657550812,-4.588380873203278,-6.46875,2.65625,-1.90625,-4.5625
mistral_7b,14,valenced_opposite::affective::013,valenced_opposite,affective,valenced,opposite,-0.4,preference_control,-4.5,2.28125,-3.9257969856262207,2.556628465652466,-3.9257969856262207,2.556628465652466,-0.6845842599868774,-3.2412127256393437,-4.5,2.28125,-1.109375,-3.390625
mistral_7b,14,valenced_opposite::affective::013,valenced_opposite,affective,valenced,opposite,-0.2,preference_control,-0.90625,2.34375,0.3202998638153076,2.8203028440475464,0.3202998638153076,2.8203028440475464,1.570301353931427,-1.2500014901161194,-0.90625,2.34375,0.71875,-1.625
mistral_7b,14,valenced_opposite::affective::013,valenced_opposite,affective,valenced,opposite,0.0,preference_control,5.265625,3.5,5.960925340652466,3.695303201675415,5.960925340652466,3.695303201675415,4.82811427116394,1.1328110694885254,5.265625,3.5,4.3828125,0.8828125
mistral_7b,14,valenced_opposite::affective::013,valenced_opposite,affective,valenced,opposite,0.2,preference_control,10.25,6.890625,10.42381501197815,6.927357316017151,10.42381501197815,6.927357316017151,8.67558616399765,1.7482288479804993,10.25,6.890625,8.5703125,1.6796875
mistral_7b,14,valenced_opposite::affective::013,valenced_opposite,affective,valenced,opposite,0.4,preference_control,12.8359375,10.078125,12.903304815292358,10.092821836471558,12.903304815292358,10.092821836471558,11.498063325881958,1.4052414894104004,12.8359375,10.078125,11.45703125,1.37890625
mistral_7b,14,valenced_opposite::affective::013,valenced_opposite,affective,valenced,opposite,0.6,preference_control,14.0,11.578125,14.016093969345093,11.599258780479431,14.016093969345093,11.599258780479431,12.807676374912262,1.2084175944328308,14.0,11.578125,12.7890625,1.2109375
mistral_7b,14,valenced_opposite::affective::013,valenced_opposite,affective,valenced,opposite,0.8,preference_control,14.234375,12.015625,14.262306928634644,12.02709448337555,14.262306928634644,12.02709448337555,13.144700706005096,1.1176062226295471,14.234375,12.015625,13.125,1.109375
mistral_7b,14,valenced_opposite::affective::013,valenced_opposite,affective,valenced,opposite,1.0,preference_control,14.15625,11.46875,14.193333864212036,11.467762231826782,14.193333864212036,11.467762231826782,12.83054804801941,1.362785816192627,14.15625,11.46875,12.8125,1.34375
mistral_7b,14,valenced_opposite::affective::014,valenced_opposite,affective,valenced,opposite,-1.0,preference_control,-4.96875,9.40625,-4.969066262245178,9.398388266563416,-4.969066262245178,9.398388266563416,2.2146610021591187,-7.183727264404297,-4.96875,9.40625,2.21875,-7.1875
mistral_7b,14,valenced_opposite::affective::014,valenced_opposite,affective,valenced,opposite,-0.8,preference_control,-4.5,7.78125,-4.500581383705139,7.757650017738342,-4.500581383705139,7.757650017738342,1.6285343170166016,-6.129115700721741,-4.5,7.78125,1.640625,-6.140625
mistral_7b,14,valenced_opposite::affective::014,valenced_opposite,affective,valenced,opposite,-0.6,preference_control,-3.625,5.90625,-3.6260112524032593,5.90570878982544,-3.6260112524032593,5.90570878982544,1.13984876871109,-4.765860021114349,-3.625,5.90625,1.140625,-4.765625
mistral_7b,14,valenced_opposite::affective::014,valenced_opposite,affective,valenced,opposite,-0.4,preference_control,-2.71875,4.78125,-2.7349300384521484,4.795760154724121,-2.7349300384521484,4.795760154724121,1.0304150581359863,-3.765345096588135,-2.71875,4.78125,1.03125,-3.75
mistral_7b,14,valenced_opposite::affective::014,valenced_opposite,affective,valenced,opposite,-0.2,preference_control,-1.625,3.9375,-1.6094707250595093,3.952592849731445,-1.6094707250595093,3.952592849731445,1.171561062335968,-2.7810317873954773,-1.625,3.9375,1.15625,-2.78125
mistral_7b,14,valenced_opposite::affective::014,valenced_opposite,affective,valenced,opposite,0.0,preference_control,2.125,4.4375,2.124998688697815,4.453061580657959,2.124998688697815,4.453061580657959,3.289030134677887,-1.164031445980072,2.125,4.4375,3.28125,-1.15625
mistral_7b,14,valenced_opposite::affective::014,valenced_opposite,affective,valenced,opposite,0.2,preference_control,7.25,6.3125,7.23439085483551,6.304686784744263,7.23439085483551,6.304686784744263,6.769538819789887,0.4648520350456238,7.25,6.3125,6.78125,0.46875
mistral_7b,14,valenced_opposite::affective::014,valenced_opposite,affective,valenced,opposite,0.4,preference_control,12.421875,10.75,12.414093375205994,10.722659826278688,12.414093375205994,10.722659826278688,11.56837660074234,0.8457167744636536,12.421875,10.75,11.5859375,0.8359375
mistral_7b,14,valenced_opposite::affective::014,valenced_opposite,affective,valenced,opposite,0.6,preference_control,15.5,14.53125,15.4902822971344,14.554692149162292,15.4902822971344,14.554692149162292,15.022487223148346,0.4677950739860534,15.5,14.53125,15.015625,0.484375
mistral_7b,14,valenced_opposite::affective::014,valenced_opposite,affective,valenced,opposite,0.8,preference_control,16.671875,16.3125,16.722737193107605,16.335942268371582,16.722737193107605,16.335942268371582,16.529339730739594,0.1933974623680114,16.671875,16.3125,16.4921875,0.1796875
mistral_7b,14,valenced_opposite::affective::014,valenced_opposite,affective,valenced,opposite,1.0,preference_control,17.0078125,16.5625,17.000229597091675,16.61816966533661,17.000229597091675,16.61816966533661,16.809199631214142,0.1910299658775329,17.0078125,16.5625,16.78515625,0.22265625
mistral_7b,14,valenced_opposite::affective::015,valenced_opposite,affective,valenced,opposite,-1.0,preference_control,-11.875,-4.5625,-11.852783203125,-4.557202339172363,-11.852783203125,-4.557202339172363,-8.204992771148682,-3.6477904319763184,-11.875,-4.5625,-8.21875,-3.65625
mistral_7b,14,valenced_opposite::affective::015,valenced_opposite,affective,valenced,opposite,-0.8,preference_control,-12.234375,-4.3125,-12.207183837890623,-4.304532051086426,-12.207183837890623,-4.304532051086426,-8.255857944488525,-3.9513258934021,-12.234375,-4.3125,-8.2734375,-3.9609375
mistral_7b,14,valenced_opposite::affective::015,valenced_opposite,affective,valenced,opposite,-0.6,preference_control,-12.203125,-3.375,-12.205108642578123,-3.3689041137695312,-12.205108642578123,-3.3689041137695312,-7.787006378173828,-4.418102264404297,-12.203125,-3.375,-7.7890625,-4.4140625
mistral_7b,14,valenced_opposite::affective::015,valenced_opposite,affective,valenced,opposite,-0.4,preference_control,-11.890625,-2.125,-11.915878295898438,-2.1186060905456543,-11.915878295898438,-2.1186060905456543,-7.017242193222046,-4.898636102676392,-11.890625,-2.125,-7.0078125,-4.8828125
mistral_7b,14,valenced_opposite::affective::015,valenced_opposite,affective,valenced,opposite,-0.2,preference_control,-11.25,-1.375,-11.260169982910156,-1.380300521850586,-11.260169982910156,-1.380300521850586,-6.320235252380371,-4.939934730529785,-11.25,-1.375,-6.3125,-4.9375
mistral_7b,14,valenced_opposite::affective::015,valenced_opposite,affective,valenced,opposite,0.0,preference_control,-10.125,-0.9375,-10.107425689697266,-0.935232639312744,-10.107425689697266,-0.935232639312744,-5.521329164505005,-4.586096525192261,-10.125,-0.9375,-5.53125,-4.59375
mistral_7b,14,valenced_opposite::affective::015,valenced_opposite,affective,valenced,opposite,0.2,preference_control,-7.65625,-0.25,-7.646675109863281,-0.2478656768798828,-7.646675109863281,-0.2478656768798828,-3.947270393371582,-3.699404716491699,-7.65625,-0.25,-3.953125,-3.703125
mistral_7b,14,valenced_opposite::affective::015,valenced_opposite,affective,valenced,opposite,0.4,preference_control,-4.0,1.0,-4.00565767288208,1.0179007053375244,-4.00565767288208,1.0179007053375244,-1.4938784837722778,-2.5117791891098022,-4.0,1.0,-1.5,-2.5
mistral_7b,14,valenced_opposite::affective::015,valenced_opposite,affective,valenced,opposite,0.6,preference_control,-1.75,2.375,-1.7471911907196045,2.362323522567749,-1.7471911907196045,2.362323522567749,0.3075661659240722,-2.0547573566436768,-1.75,2.375,0.3125,-2.0625
mistral_7b,14,valenced_opposite::affective::015,valenced_opposite,affective,valenced,opposite,0.8,preference_control,1.0,3.0,1.0044355392456057,3.0003561973571777,1.0044355392456057,3.0003561973571777,2.002395868301392,-0.997960329055786,1.0,3.0,2.0,-1.0
mistral_7b,14,valenced_opposite::affective::015,valenced_opposite,affective,valenced,opposite,1.0,preference_control,3.4375,2.3125,3.438142776489258,2.3216824531555176,3.438142776489258,2.3216824531555176,2.879912614822388,0.5582301616668701,3.4375,2.3125,2.875,0.5625
mistral_7b,14,valenced_opposite::affective::016,valenced_opposite,affective,valenced,opposite,-1.0,preference_control,4.8125,3.6875,4.6250239610672,3.882891297340393,4.6250239610672,3.882891297340393,4.253957629203796,0.3710663318634033,4.8125,3.6875,4.25,0.5625
mistral_7b,14,valenced_opposite::affective::016,valenced_opposite,affective,valenced,opposite,-0.8,preference_control,5.3125,4.0625,5.093777298927307,3.77350389957428,5.093777298927307,3.77350389957428,4.4336405992507935,0.6601366996765137,5.3125,4.0625,4.6875,0.625
mistral_7b,14,valenced_opposite::affective::016,valenced_opposite,affective,valenced,opposite,-0.6,preference_control,5.421875,3.9375,5.125025391578674,3.7031911611557007,5.125025391578674,3.7031911611557007,4.414108276367188,0.7109171152114868,5.421875,3.9375,4.6796875,0.7421875
mistral_7b,14,valenced_opposite::affective::016,valenced_opposite,affective,valenced,opposite,-0.4,preference_control,5.046875,3.125,4.625027418136597,2.8438066244125366,4.625027418136597,2.8438066244125366,3.734417021274567,0.89061039686203,5.046875,3.125,4.0859375,0.9609375
mistral_7b,14,valenced_opposite::affective::016,valenced_opposite,affective,valenced,opposite,-0.2,preference_control,4.71875,1.6875,4.5625234842300415,1.6875494718551636,4.5625234842300415,1.6875494718551636,3.1250364780426025,1.437487006187439,4.71875,1.6875,3.203125,1.515625
mistral_7b,14,valenced_opposite::affective::016,valenced_opposite,affective,valenced,opposite,0.0,preference_control,5.8125,0.3125,5.500016570091248,0.1875396966934204,5.500016570091248,0.1875396966934204,2.843778133392334,2.6562384366989136,5.8125,0.3125,3.0625,2.75
mistral_7b,14,valenced_opposite::affective::016,valenced_opposite,affective,valenced,opposite,0.2,preference_control,8.703125,-0.9375,8.515637278556824,-0.8905925750732422,8.515637278556824,-0.8905925750732422,3.812522351741791,4.703114926815033,8.703125,-0.9375,3.8828125,4.8203125
mistral_7b,14,valenced_opposite::affective::016,valenced_opposite,affective,valenced,opposite,0.4,preference_control,11.375,-3.0,11.101570844650269,-2.6445051431655884,11.101570844650269,-2.6445051431655884,4.22853285074234,6.8730379939079285,11.375,-3.0,4.1875,7.1875
mistral_7b,14,valenced_opposite::affective::016,valenced_opposite,affective,valenced,opposite,0.6,preference_control,12.765625,-5.0,12.636724352836609,-4.4462679624557495,12.636724352836609,-4.4462679624557495,4.09522819519043,8.54149615764618,12.765625,-5.0,3.8828125,8.8828125
mistral_7b,14,valenced_opposite::affective::016,valenced_opposite,affective,valenced,opposite,0.8,preference_control,13.171875,-6.375,13.166996479034424,-6.139141321182251,13.166996479034424,-6.139141321182251,3.5139275789260864,9.653068900108336,13.171875,-6.375,3.3984375,9.7734375
mistral_7b,14,valenced_opposite::affective::016,valenced_opposite,affective,valenced,opposite,1.0,preference_control,13.4375,-7.25,13.364263534545898,-7.027815461158752,13.364263534545898,-7.027815461158752,3.168224036693573,10.196039497852324,13.4375,-7.25,3.09375,10.34375
mistral_7b,14,valenced_opposite::affective::017,valenced_opposite,affective,valenced,opposite,-1.0,preference_control,-6.84375,2.8125,-6.842476010322571,2.799575686454773,-6.842476010322571,2.799575686454773,-2.021450161933899,-4.821025848388672,-6.84375,2.8125,-2.015625,-4.828125
mistral_7b,14,valenced_opposite::affective::017,valenced_opposite,affective,valenced,opposite,-0.8,preference_control,-3.9375,2.5625,-3.9347230195999146,2.563712954521179,-3.9347230195999146,2.563712954521179,-0.6855050325393677,-3.249217987060547,-3.9375,2.5625,-0.6875,-3.25
mistral_7b,14,valenced_opposite::affective::017,valenced_opposite,affective,valenced,opposite,-0.6,preference_control,0.5625,2.75,0.5713499784469604,2.7511290311813354,0.5713499784469604,2.7511290311813354,1.661239504814148,-1.0898895263671875,0.5625,2.75,1.65625,-1.09375
mistral_7b,14,valenced_opposite::affective::017,valenced_opposite,affective,valenced,opposite,-0.4,preference_control,6.625,3.59375,6.6293944120407104,3.594497561454773,6.6293944120407104,3.594497561454773,5.111945986747742,1.5174484252929688,6.625,3.59375,5.109375,1.515625
mistral_7b,14,valenced_opposite::affective::017,valenced_opposite,affective,valenced,opposite,-0.2,preference_control,11.5,5.71875,11.55737292766571,5.750333666801453,11.55737292766571,5.750333666801453,8.653853297233582,2.903519630432129,11.5,5.71875,8.609375,2.890625
mistral_7b,14,valenced_opposite::affective::017,valenced_opposite,affective,valenced,opposite,0.0,preference_control,14.1484375,7.96875,14.15795886516571,7.968839049339294,14.15795886516571,7.968839049339294,11.063398957252502,3.094559907913208,14.1484375,7.96875,11.05859375,3.08984375
mistral_7b,14,valenced_opposite::affective::017,valenced_opposite,affective,valenced,opposite,0.2,preference_control,15.94921875,10.6875,16.02697741985321,10.710979342460632,16.02697741985321,10.710979342460632,13.36897838115692,2.657999038696289,15.94921875,10.6875,13.318359375,2.630859375
mistral_7b,14,valenced_opposite::affective::017,valenced_opposite,affective,valenced,opposite,0.4,preference_control,17.2109375,13.4375,17.22790515422821,13.45315408706665,17.22790515422821,13.45315408706665,15.34052962064743,1.88737553358078,17.2109375,13.4375,15.32421875,1.88671875
mistral_7b,14,valenced_opposite::affective::017,valenced_opposite,affective,valenced,opposite,0.6,preference_control,18.0078125,14.21875,18.00982654094696,14.214868068695068,18.00982654094696,14.214868068695068,16.112347304821014,1.897479236125946,18.0078125,14.21875,16.11328125,1.89453125
mistral_7b,14,valenced_opposite::affective::017,valenced_opposite,affective,valenced,opposite,0.8,preference_control,18.4375,13.84375,18.39636218547821,13.822287797927856,18.39636218547821,13.822287797927856,16.109324991703033,2.287037193775177,18.4375,13.84375,16.140625,2.296875
mistral_7b,14,valenced_opposite::affective::017,valenced_opposite,affective,valenced,opposite,1.0,preference_control,18.3046875,11.21875,18.27404773235321,11.20900309085846,18.27404773235321,11.20900309085846,14.741525411605837,3.5325223207473755,18.3046875,11.21875,14.76171875,3.54296875
mistral_7b,14,valenced_opposite::affective::018,valenced_opposite,affective,valenced,opposite,-1.0,preference_control,5.21875,-1.3125,5.203131914138794,-1.3124902248382568,5.203131914138794,-1.3124902248382568,1.9453208446502688,3.2578110694885254,5.21875,-1.3125,1.953125,3.265625
mistral_7b,14,valenced_opposite::affective::018,valenced_opposite,affective,valenced,opposite,-0.8,preference_control,7.71875,-2.1875,7.703133463859558,-2.1874903440475464,7.703133463859558,-2.1874903440475464,2.757821559906006,4.945311903953552,7.71875,-2.1875,2.765625,4.953125
mistral_7b,14,valenced_opposite::affective::018,valenced_opposite,affective,valenced,opposite,-0.6,preference_control,9.296875,-2.9375,9.281265377998352,-2.9374895095825195,9.281265377998352,-2.9374895095825195,3.1718879342079163,6.109377443790436,9.296875,-2.9375,3.1796875,6.1171875
mistral_7b,14,valenced_opposite::affective::018,valenced_opposite,affective,valenced,opposite,-0.4,preference_control,10.12109375,-2.578125,10.156280040740969,-2.593735456466675,10.156280040740969,-2.593735456466675,3.781272292137146,6.375007748603821,10.12109375,-2.578125,3.771484375,6.349609375
mistral_7b,14,valenced_opposite::affective::018,valenced_opposite,affective,valenced,opposite,-0.2,preference_control,11.240234375,-1.90625,11.281319618225098,-1.9374808073043823,11.281319618225098,-1.9374808073043823,4.671919405460358,6.60940021276474,11.240234375,-1.90625,4.6669921875,6.5732421875
mistral_7b,14,valenced_opposite::affective::018,valenced_opposite,affective,valenced,opposite,0.0,preference_control,13.94921875,-1.4375,14.000105738639832,-1.4374831914901731,14.000105738639832,-1.4374831914901731,6.281311273574829,7.718794465065002,13.94921875,-1.4375,6.255859375,7.693359375
mistral_7b,14,valenced_opposite::affective::018,valenced_opposite,affective,valenced,opposite,0.2,preference_control,15.9140625,2.5,15.85944938659668,2.484392642974853,15.85944938659668,2.484392642974853,9.171921014785768,6.687528371810913,15.9140625,2.5,9.20703125,6.70703125
mistral_7b,14,valenced_opposite::affective::018,valenced_opposite,affective,valenced,opposite,0.4,preference_control,16.7421875,8.4375,16.679728865623474,8.4257892370224,16.679728865623474,8.4257892370224,12.552759051322935,4.126969814300537,16.7421875,8.4375,12.58984375,4.15234375
mistral_7b,14,valenced_opposite::affective::018,valenced_opposite,affective,valenced,opposite,0.6,preference_control,16.953125,13.578125,16.984391808509827,13.571293115615845,16.984391808509827,13.571293115615845,15.277842462062836,1.706549346446991,16.953125,13.578125,15.265625,1.6875
mistral_7b,14,valenced_opposite::affective::018,valenced_opposite,affective,valenced,opposite,0.8,preference_control,16.8046875,15.0625,16.781259417533875,15.040042400360107,16.781259417533875,15.040042400360107,15.910650908946993,0.8706085085868835,16.8046875,15.0625,15.93359375,0.87109375
mistral_7b,14,valenced_opposite::affective::018,valenced_opposite,affective,valenced,opposite,1.0,preference_control,16.3515625,14.5,16.304694175720215,14.50000262260437,16.304694175720215,14.50000262260437,15.402348399162292,0.9023457765579224,16.3515625,14.5,15.42578125,0.92578125
mistral_7b,14,valenced_opposite::affective::019,valenced_opposite,affective,valenced,opposite,-1.0,preference_control,-1.5,4.1875,-1.350998878479004,3.78258740901947,-1.350998878479004,3.78258740901947,1.2157942652702332,-2.566793143749237,-1.5,4.1875,1.34375,-2.84375
mistral_7b,14,valenced_opposite::affective::019,valenced_opposite,affective,valenced,opposite,-0.8,preference_control,1.375,3.375,1.60207200050354,3.173371911048889,1.60207200050354,3.173371911048889,2.3877219557762146,-0.7856499552726746,1.375,3.375,2.375,-1.0
mistral_7b,14,valenced_opposite::affective::019,valenced_opposite,affective,valenced,opposite,-0.6,preference_control,6.0,2.78125,6.184159755706787,2.408381462097168,6.184159755706787,2.408381462097168,4.2962706089019775,1.8878891468048096,6.0,2.78125,4.390625,1.609375
mistral_7b,14,valenced_opposite::affective::019,valenced_opposite,affective,valenced,opposite,-0.4,preference_control,9.4375,3.03125,9.34433615207672,2.5030444860458374,9.34433615207672,2.5030444860458374,5.923690319061279,3.420645833015442,9.4375,3.03125,6.234375,3.203125
mistral_7b,14,valenced_opposite::affective::019,valenced_opposite,affective,valenced,opposite,-0.2,preference_control,11.109375,3.96875,11.21156680583954,3.785672187805176,11.21156680583954,3.785672187805176,7.498619496822357,3.712947309017181,11.109375,3.96875,7.5390625,3.5703125
mistral_7b,14,valenced_opposite::affective::019,valenced_opposite,affective,valenced,opposite,0.0,preference_control,13.21875,6.0625,13.322868704795836,6.037627577781677,13.322868704795836,6.037627577781677,9.680248141288756,3.64262056350708,13.21875,6.0625,9.640625,3.578125
mistral_7b,14,valenced_opposite::affective::019,valenced_opposite,affective,valenced,opposite,0.2,preference_control,14.7578125,9.65625,14.672462701797484,9.750093460083008,14.672462701797484,9.750093460083008,12.211278080940248,2.4611846208572388,14.7578125,9.65625,12.20703125,2.55078125
mistral_7b,14,valenced_opposite::affective::019,valenced_opposite,affective,valenced,opposite,0.4,preference_control,15.3046875,12.671875,15.20657753944397,12.774506568908691,15.20657753944397,12.774506568908691,13.99054205417633,1.2160354852676392,15.3046875,12.671875,13.98828125,1.31640625
mistral_7b,14,valenced_opposite::affective::019,valenced_opposite,affective,valenced,opposite,0.6,preference_control,15.171875,13.921875,15.177234768867493,13.926893591880798,15.177234768867493,13.926893591880798,14.552064180374146,0.6251705884933472,15.171875,13.921875,14.546875,0.625
mistral_7b,14,valenced_opposite::affective::019,valenced_opposite,affective,valenced,opposite,0.8,preference_control,14.6171875,13.71875,14.717256665229796,13.770912528038023,14.717256665229796,13.770912528038023,14.244084596633911,0.4731720685958862,14.6171875,13.71875,14.16796875,0.44921875
mistral_7b,14,valenced_opposite::affective::019,valenced_opposite,affective,valenced,opposite,1.0,preference_control,13.9453125,12.515625,13.931175112724304,12.298956155776978,13.931175112724304,12.298956155776978,13.11506563425064,0.8161094784736633,13.9453125,12.515625,13.23046875,0.71484375
mistral_7b,14,valenced_opposite::deontic::000,valenced_opposite,deontic,valenced,opposite,-1.0,preference_control,-1.328125,-0.046875,-1.3150829076766968,-0.16351318359375,-1.3150829076766968,-0.16351318359375,-0.7392980456352234,-0.5757848620414734,-1.328125,-0.046875,-0.6875,-0.640625
mistral_7b,14,valenced_opposite::deontic::000,valenced_opposite,deontic,valenced,opposite,-0.8,preference_control,-1.75,-0.75,-1.755439281463623,-1.0072135925292969,-1.755439281463623,-1.0072135925292969,-1.38132643699646,-0.3741128444671631,-1.75,-0.75,-1.25,-0.5
mistral_7b,14,valenced_opposite::deontic::000,valenced_opposite,deontic,valenced,opposite,-0.6,preference_control,-2.03125,-1.59375,-2.073939561843872,-1.8814163208007808,-2.073939561843872,-1.8814163208007808,-1.9776779413223269,-0.0962616205215454,-2.03125,-1.59375,-1.8125,-0.21875
mistral_7b,14,valenced_opposite::deontic::000,valenced_opposite,deontic,valenced,opposite,-0.4,preference_control,-1.796875,-2.0078125,-1.8313610553741453,-2.315536499023437,-1.8313610553741453,-2.315536499023437,-2.0734487771987915,0.242087721824646,-1.796875,-2.0078125,-1.90234375,0.10546875
mistral_7b,14,valenced_opposite::deontic::000,valenced_opposite,deontic,valenced,opposite,-0.2,preference_control,-0.9921875,-1.875,-1.0238261222839355,-2.153656005859375,-1.0238261222839355,-2.153656005859375,-1.5887410640716553,0.5649149417877197,-0.9921875,-1.875,-1.43359375,0.44140625
mistral_7b,14,valenced_opposite::deontic::000,valenced_opposite,deontic,valenced,opposite,0.0,preference_control,0.1875,-1.25,0.1609630584716797,-1.344696044921875,0.1609630584716797,-1.344696044921875,-0.5918664932250977,0.7528295516967773,0.1875,-1.25,-0.53125,0.71875
mistral_7b,14,valenced_opposite::deontic::000,valenced_opposite,deontic,valenced,opposite,0.2,preference_control,2.078125,0.046875,2.0600064992904663,-0.0009841918945312,2.0600064992904663,-0.0009841918945312,1.0295111536979675,1.0304953455924988,2.078125,0.046875,1.0625,1.015625
mistral_7b,14,valenced_opposite::deontic::000,valenced_opposite,deontic,valenced,opposite,0.4,preference_control,4.46875,2.203125,4.499998331069946,2.1876171827316284,4.499998331069946,2.1876171827316284,3.343807756900788,1.156190574169159,4.46875,2.203125,3.3359375,1.1328125
mistral_7b,14,valenced_opposite::deontic::000,valenced_opposite,deontic,valenced,opposite,0.6,preference_control,7.3125,4.953125,7.281255602836609,4.937544345855713,7.281255602836609,4.937544345855713,6.109399974346161,1.171855628490448,7.3125,4.953125,6.1328125,1.1796875
mistral_7b,14,valenced_opposite::deontic::000,valenced_opposite,deontic,valenced,opposite,0.8,preference_control,8.984375,7.375,8.968756794929504,7.343799114227295,8.968756794929504,7.343799114227295,8.1562779545784,0.8124788403511047,8.984375,7.375,8.1796875,0.8046875
mistral_7b,14,valenced_opposite::deontic::000,valenced_opposite,deontic,valenced,opposite,1.0,preference_control,10.0625,7.875,10.085949063301086,7.859431147575378,10.085949063301086,7.859431147575378,8.972690105438232,1.113258957862854,10.0625,7.875,8.96875,1.09375
mistral_7b,14,valenced_opposite::deontic::001,valenced_opposite,deontic,valenced,opposite,-1.0,preference_control,-2.09375,1.96875,-2.093440532684326,1.9847536087036133,-2.093440532684326,1.9847536087036133,-0.0543434619903564,-2.0390970706939697,-2.09375,1.96875,-0.0625,-2.03125
mistral_7b,14,valenced_opposite::deontic::001,valenced_opposite,deontic,valenced,opposite,-0.8,preference_control,-3.34375,1.15625,-3.311484098434448,1.156965255737305,-3.311484098434448,1.156965255737305,-1.0772594213485718,-2.2342246770858765,-3.34375,1.15625,-1.09375,-2.25
mistral_7b,14,valenced_opposite::deontic::001,valenced_opposite,deontic,valenced,opposite,-0.6,preference_control,-3.796875,-0.25,-3.808741688728333,-0.2475490570068359,-3.808741688728333,-0.2475490570068359,-2.028145372867584,-1.7805963158607483,-3.796875,-0.25,-2.0234375,-1.7734375
mistral_7b,14,valenced_opposite::deontic::001,valenced_opposite,deontic,valenced,opposite,-0.4,preference_control,-3.4375,-1.15625,-3.4578686952590942,-1.1489009857177734,-3.4578686952590942,-1.1489009857177734,-2.303384840488434,-1.1544838547706604,-3.4375,-1.15625,-2.296875,-1.140625
mistral_7b,14,valenced_opposite::deontic::001,valenced_opposite,deontic,valenced,opposite,-0.2,preference_control,-2.890625,-1.59375,-2.861555814743042,-1.5871877670288086,-2.861555814743042,-1.5871877670288086,-2.2243717908859253,-0.6371840238571167,-2.890625,-1.59375,-2.2421875,-0.6484375
mistral_7b,14,valenced_opposite::deontic::001,valenced_opposite,deontic,valenced,opposite,0.0,preference_control,-2.03125,-1.125,-2.0576648712158203,-1.1235275268554688,-2.0576648712158203,-1.1235275268554688,-1.5905961990356443,-0.4670686721801758,-2.03125,-1.125,-1.578125,-0.453125
mistral_7b,14,valenced_opposite::deontic::001,valenced_opposite,deontic,valenced,opposite,0.2,preference_control,-0.09375,0.8125,-0.0926706790924072,0.8126058578491211,-0.0926706790924072,0.8126058578491211,0.3599675893783569,-0.4526382684707641,-0.09375,0.8125,0.359375,-0.453125
mistral_7b,14,valenced_opposite::deontic::001,valenced_opposite,deontic,valenced,opposite,0.4,preference_control,4.53125,4.34375,4.531566262245178,4.343779921531677,4.531566262245178,4.343779921531677,4.437673091888428,0.0938931703567504,4.53125,4.34375,4.4375,0.09375
mistral_7b,14,valenced_opposite::deontic::001,valenced_opposite,deontic,valenced,opposite,0.6,preference_control,10.3125,8.0,10.31792140007019,7.970719575881958,10.31792140007019,7.970719575881958,9.144320487976074,1.1736009120941162,10.3125,8.0,9.15625,1.15625
mistral_7b,14,valenced_opposite::deontic::001,valenced_opposite,deontic,valenced,opposite,0.8,preference_control,13.546875,9.65625,13.558619260787964,9.636734247207642,13.558619260787964,9.636734247207642,11.597676753997805,1.960942506790161,13.546875,9.65625,11.6015625,1.9453125
mistral_7b,14,valenced_opposite::deontic::001,valenced_opposite,deontic,valenced,opposite,1.0,preference_control,14.375,9.6875,14.402424931526184,9.695335984230042,14.402424931526184,9.695335984230042,12.048880457878113,2.3535444736480717,14.375,9.6875,12.03125,2.34375
mistral_7b,14,valenced_opposite::deontic::002,valenced_opposite,deontic,valenced,opposite,-1.0,preference_control,4.15625,9.09375,4.156301736831665,9.078152418136597,4.156301736831665,9.078152418136597,6.617227077484131,-2.460925340652466,4.15625,9.09375,6.625,-2.46875
mistral_7b,14,valenced_opposite::deontic::002,valenced_opposite,deontic,valenced,opposite,-0.8,preference_control,3.9375,8.65625,3.9219212532043457,8.625021576881409,3.9219212532043457,8.625021576881409,6.273471415042877,-2.3515501618385315,3.9375,8.65625,6.296875,-2.359375
mistral_7b,14,valenced_opposite::deontic::002,valenced_opposite,deontic,valenced,opposite,-0.6,preference_control,3.15625,7.5625,3.140692234039306,7.57033908367157,3.140692234039306,7.57033908367157,5.355515658855438,-2.214823424816132,3.15625,7.5625,5.359375,-2.203125
mistral_7b,14,valenced_opposite::deontic::002,valenced_opposite,deontic,valenced,opposite,-0.4,preference_control,2.40625,5.375,2.406367301940918,5.39065957069397,2.406367301940918,5.39065957069397,3.898513436317444,-1.492146134376526,2.40625,5.375,3.890625,-1.484375
mistral_7b,14,valenced_opposite::deontic::002,valenced_opposite,deontic,valenced,opposite,-0.2,preference_control,2.625,2.96875,2.625150680541992,2.968792200088501,2.625150680541992,2.968792200088501,2.7969714403152466,-0.1718207597732544,2.625,2.96875,2.796875,-0.171875
mistral_7b,14,valenced_opposite::deontic::002,valenced_opposite,deontic,valenced,opposite,0.0,preference_control,4.0625,1.75,4.0938825607299805,1.7500371932983398,4.0938825607299805,1.7500371932983398,2.92195987701416,1.1719226837158203,4.0625,1.75,2.90625,1.15625
mistral_7b,14,valenced_opposite::deontic::002,valenced_opposite,deontic,valenced,opposite,0.2,preference_control,6.59375,3.46875,6.625054359436035,3.4687641859054565,6.625054359436035,3.4687641859054565,5.046909272670746,1.5781450867652893,6.59375,3.46875,5.03125,1.5625
mistral_7b,14,valenced_opposite::deontic::002,valenced_opposite,deontic,valenced,opposite,0.4,preference_control,9.4375,9.15625,9.453144669532776,9.148444175720217,9.453144669532776,9.148444175720217,9.300794422626495,0.1523502469062805,9.4375,9.15625,9.296875,0.140625
mistral_7b,14,valenced_opposite::deontic::002,valenced_opposite,deontic,valenced,opposite,0.6,preference_control,12.078125,13.75,12.082046627998352,13.781257152557371,12.082046627998352,13.781257152557371,12.931651890277864,-0.8496052622795105,12.078125,13.75,12.9140625,-0.8359375
mistral_7b,14,valenced_opposite::deontic::002,valenced_opposite,deontic,valenced,opposite,0.8,preference_control,13.625,15.15625,13.648452162742617,15.14551877975464,13.648452162742617,15.14551877975464,14.396985471248628,-0.748533308506012,13.625,15.15625,14.390625,-0.765625
mistral_7b,14,valenced_opposite::deontic::002,valenced_opposite,deontic,valenced,opposite,1.0,preference_control,14.078125,14.796875,14.09962832927704,14.770523190498352,14.09962832927704,14.770523190498352,14.435075759887695,-0.3354474306106567,14.078125,14.796875,14.4375,-0.359375
mistral_7b,14,valenced_opposite::deontic::003,valenced_opposite,deontic,valenced,opposite,-1.0,preference_control,3.375,2.375,3.375,2.375,3.375,2.375,2.875,0.5,3.375,2.375,2.875,0.5
mistral_7b,14,valenced_opposite::deontic::003,valenced_opposite,deontic,valenced,opposite,-0.8,preference_control,2.9375,1.96875,2.9375,1.9375,2.9375,1.9375,2.4375,0.5,2.9375,1.96875,2.453125,0.484375
mistral_7b,14,valenced_opposite::deontic::003,valenced_opposite,deontic,valenced,opposite,-0.6,preference_control,2.53125,1.65625,2.53125,1.625,2.53125,1.625,2.078125,0.453125,2.53125,1.65625,2.09375,0.4375
mistral_7b,14,valenced_opposite::deontic::003,valenced_opposite,deontic,valenced,opposite,-0.4,preference_control,2.34375,1.53125,2.3125,1.5,2.3125,1.5,1.90625,0.40625,2.34375,1.53125,1.9375,0.40625
mistral_7b,14,valenced_opposite::deontic::003,valenced_opposite,deontic,valenced,opposite,-0.2,preference_control,2.546875,1.71875,2.5625,1.75,2.5625,1.75,2.15625,0.40625,2.546875,1.71875,2.1328125,0.4140625
mistral_7b,14,valenced_opposite::deontic::003,valenced_opposite,deontic,valenced,opposite,0.0,preference_control,2.8125,1.859375,2.84375,1.8125,2.84375,1.8125,2.328125,0.515625,2.8125,1.859375,2.3359375,0.4765625
mistral_7b,14,valenced_opposite::deontic::003,valenced_opposite,deontic,valenced,opposite,0.2,preference_control,2.78125,1.71875,2.75,1.71875,2.75,1.71875,2.234375,0.515625,2.78125,1.71875,2.25,0.53125
mistral_7b,14,valenced_opposite::deontic::003,valenced_opposite,deontic,valenced,opposite,0.4,preference_control,3.09375,1.59375,3.09375,1.59375,3.09375,1.59375,2.34375,0.75,3.09375,1.59375,2.34375,0.75
mistral_7b,14,valenced_opposite::deontic::003,valenced_opposite,deontic,valenced,opposite,0.6,preference_control,5.21875,2.8125,5.203125,2.8125,5.203125,2.8125,4.0078125,1.1953125,5.21875,2.8125,4.015625,1.203125
mistral_7b,14,valenced_opposite::deontic::003,valenced_opposite,deontic,valenced,opposite,0.8,preference_control,6.84375,4.25,6.8515625,4.2578125,6.8515625,4.2578125,5.5546875,1.296875,6.84375,4.25,5.546875,1.296875
mistral_7b,14,valenced_opposite::deontic::003,valenced_opposite,deontic,valenced,opposite,1.0,preference_control,7.71875,5.15625,7.703125,5.1640625,7.703125,5.1640625,6.43359375,1.26953125,7.71875,5.15625,6.4375,1.28125
mistral_7b,14,valenced_opposite::deontic::004,valenced_opposite,deontic,valenced,opposite,-1.0,preference_control,1.0625,-4.4375,1.125267744064331,-4.370768904685974,1.125267744064331,-4.370768904685974,-1.6227505803108215,2.7480183243751526,1.0625,-4.4375,-1.6875,2.75
mistral_7b,14,valenced_opposite::deontic::004,valenced_opposite,deontic,valenced,opposite,-0.8,preference_control,1.125,-4.28125,1.250344157218933,-4.398082375526428,1.250344157218933,-4.398082375526428,-1.5738691091537476,2.8242132663726807,1.125,-4.28125,-1.578125,2.703125
mistral_7b,14,valenced_opposite::deontic::004,valenced_opposite,deontic,valenced,opposite,-0.6,preference_control,1.34375,-3.875,1.4380109310150146,-3.929271697998047,1.4380109310150146,-3.929271697998047,-1.245630383491516,2.6836413145065308,1.34375,-3.875,-1.265625,2.609375
mistral_7b,14,valenced_opposite::deontic::004,valenced_opposite,deontic,valenced,opposite,-0.4,preference_control,1.375,-3.3125,1.4699726104736328,-3.3585739135742188,1.4699726104736328,-3.3585739135742188,-0.944300651550293,2.414273262023926,1.375,-3.3125,-0.96875,2.34375
mistral_7b,14,valenced_opposite::deontic::004,valenced_opposite,deontic,valenced,opposite,-0.2,preference_control,1.8125,-2.25,1.8484302759170528,-2.18509292602539,1.8484302759170528,-2.18509292602539,-0.1683313250541687,2.016761600971222,1.8125,-2.25,-0.21875,2.03125
mistral_7b,14,valenced_opposite::deontic::004,valenced_opposite,deontic,valenced,opposite,0.0,preference_control,2.65625,-0.65625,2.791611671447754,-0.5288724899291992,2.791611671447754,-0.5288724899291992,1.1313695907592771,1.6602420806884766,2.65625,-0.65625,1.0,1.65625
mistral_7b,14,valenced_opposite::deontic::004,valenced_opposite,deontic,valenced,opposite,0.2,preference_control,3.5,1.25,3.503139972686768,1.3130446672439575,3.503139972686768,1.3130446672439575,2.4080923199653625,1.095047652721405,3.5,1.25,2.375,1.125
mistral_7b,14,valenced_opposite::deontic::004,valenced_opposite,deontic,valenced,opposite,0.4,preference_control,4.6875,2.875,4.735349059104919,3.0941754579544067,4.735349059104919,3.0941754579544067,3.914762258529663,0.8205868005752563,4.6875,2.875,3.78125,0.90625
mistral_7b,14,valenced_opposite::deontic::004,valenced_opposite,deontic,valenced,opposite,0.6,preference_control,6.40625,4.9375,6.391343593597412,4.836418628692627,6.391343593597412,4.836418628692627,5.61388111114502,0.7774624824523926,6.40625,4.9375,5.671875,0.734375
mistral_7b,14,valenced_opposite::deontic::004,valenced_opposite,deontic,valenced,opposite,0.8,preference_control,7.875,5.21875,7.75104284286499,5.305351257324219,7.75104284286499,5.305351257324219,6.5281970500946045,1.2228457927703855,7.875,5.21875,6.546875,1.328125
mistral_7b,14,valenced_opposite::deontic::004,valenced_opposite,deontic,valenced,opposite,1.0,preference_control,8.203125,4.3125,8.205853939056396,4.375915288925171,8.205853939056396,4.375915288925171,6.290884613990784,1.9149693250656128,8.203125,4.3125,6.2578125,1.9453125
mistral_7b,14,valenced_opposite::deontic::005,valenced_opposite,deontic,valenced,opposite,-1.0,preference_control,-3.75,-4.3125,-3.562584400177002,-4.312389373779297,-3.562584400177002,-4.312389373779297,-3.937486886978149,0.3749024868011474,-3.75,-4.3125,-4.03125,0.28125
mistral_7b,14,valenced_opposite::deontic::005,valenced_opposite,deontic,valenced,opposite,-0.8,preference_control,-4.28125,-3.6875,-4.265817046165466,-3.593567967414856,-4.265817046165466,-3.593567967414856,-3.929692506790161,-0.3361245393753052,-4.28125,-3.6875,-3.984375,-0.296875
mistral_7b,14,valenced_opposite::deontic::005,valenced_opposite,deontic,valenced,opposite,-0.6,preference_control,-4.625,-2.65625,-4.60990846157074,-2.2184112071990967,-4.60990846157074,-2.2184112071990967,-3.414159834384918,-1.1957486271858215,-4.625,-2.65625,-3.640625,-0.984375
mistral_7b,14,valenced_opposite::deontic::005,valenced_opposite,deontic,valenced,opposite,-0.4,preference_control,-3.0,-0.75,-2.845786094665528,-0.6242074966430664,-2.845786094665528,-0.6242074966430664,-1.7349967956542969,-1.1107892990112305,-3.0,-0.75,-1.875,-1.125
mistral_7b,14,valenced_opposite::deontic::005,valenced_opposite,deontic,valenced,opposite,-0.2,preference_control,-0.03125,0.84375,0.4344120025634765,1.0639805793762207,0.4344120025634765,1.0639805793762207,0.7491962909698486,-0.314784288406372,-0.03125,0.84375,0.40625,-0.4375
mistral_7b,14,valenced_opposite::deontic::005,valenced_opposite,deontic,valenced,opposite,0.0,preference_control,2.15625,1.53125,2.436817169189453,1.6900534629821775,2.436817169189453,1.6900534629821775,2.0634353160858154,0.3733818531036377,2.15625,1.53125,1.84375,0.3125
mistral_7b,14,valenced_opposite::deontic::005,valenced_opposite,deontic,valenced,opposite,0.2,preference_control,3.734375,1.015625,3.906883478164673,1.2198119163513184,3.906883478164673,1.2198119163513184,2.563347697257996,1.3435357809066772,3.734375,1.015625,2.375,1.359375
mistral_7b,14,valenced_opposite::deontic::005,valenced_opposite,deontic,valenced,opposite,0.4,preference_control,5.1875,-0.21875,5.250432848930359,0.0001543760299682,5.250432848930359,0.0001543760299682,2.625293612480164,2.6251392364501958,5.1875,-0.21875,2.484375,2.703125
mistral_7b,14,valenced_opposite::deontic::005,valenced_opposite,deontic,valenced,opposite,0.6,preference_control,7.1875,1.46875,7.141059398651123,1.5625910758972168,7.141059398651123,1.5625910758972168,4.35182523727417,2.789234161376953,7.1875,1.46875,4.328125,2.859375
mistral_7b,14,valenced_opposite::deontic::005,valenced_opposite,deontic,valenced,opposite,0.8,preference_control,9.875,3.71875,9.535694003105164,3.6094565391540527,9.535694003105164,3.6094565391540527,6.572575271129608,2.9631187319755554,9.875,3.71875,6.796875,3.078125
mistral_7b,14,valenced_opposite::deontic::005,valenced_opposite,deontic,valenced,opposite,1.0,preference_control,11.328125,4.1875,11.071072101593018,3.96104884147644,11.071072101593018,3.96104884147644,7.516060471534729,3.555011630058289,11.328125,4.1875,7.7578125,3.5703125
mistral_7b,14,valenced_opposite::deontic::006,valenced_opposite,deontic,valenced,opposite,-1.0,preference_control,-3.9921875,2.125,-3.962421417236328,2.1281185150146484,-3.962421417236328,2.1281185150146484,-0.9171514511108398,-3.0452699661254883,-3.9921875,2.125,-0.93359375,-3.05859375
mistral_7b,14,valenced_opposite::deontic::006,valenced_opposite,deontic,valenced,opposite,-0.8,preference_control,-4.3671875,2.84375,-4.336478233337402,2.847336769104004,-4.336478233337402,2.847336769104004,-0.7445707321166992,-3.591907501220703,-4.3671875,2.84375,-0.76171875,-3.60546875
mistral_7b,14,valenced_opposite::deontic::006,valenced_opposite,deontic,valenced,opposite,-0.6,preference_control,-3.734375,2.5,-3.741409301757813,2.5363712310791016,-3.741409301757813,2.5363712310791016,-0.6025190353393555,-3.138890266418457,-3.734375,2.5,-0.6171875,-3.1171875
mistral_7b,14,valenced_opposite::deontic::006,valenced_opposite,deontic,valenced,opposite,-0.4,preference_control,-1.92431640625,1.421875,-1.9258499145507808,1.4437041282653809,-1.9258499145507808,1.4437041282653809,-0.2410728931427002,-1.684777021408081,-1.92431640625,1.421875,-0.251220703125,-1.673095703125
mistral_7b,14,valenced_opposite::deontic::006,valenced_opposite,deontic,valenced,opposite,-0.2,preference_control,-0.220703125,0.8828125,-0.1668739318847656,0.8820700645446777,-0.1668739318847656,0.8820700645446777,0.357598066329956,-0.5244719982147217,-0.220703125,0.8828125,0.3310546875,-0.5517578125
mistral_7b,14,valenced_opposite::deontic::006,valenced_opposite,deontic,valenced,opposite,0.0,preference_control,0.7158203125,1.3671875,0.7851686477661133,1.3805441856384275,0.7851686477661133,1.3805441856384275,1.0828564167022705,-0.2976877689361572,0.7158203125,1.3671875,1.04150390625,-0.32568359375
mistral_7b,14,valenced_opposite::deontic::006,valenced_opposite,deontic,valenced,opposite,0.2,preference_control,1.69921875,3.25,1.792405128479004,3.2539520263671875,1.792405128479004,3.2539520263671875,2.523178577423096,-0.7307734489440918,1.69921875,3.25,2.474609375,-0.775390625
mistral_7b,14,valenced_opposite::deontic::006,valenced_opposite,deontic,valenced,opposite,0.4,preference_control,4.3671875,8.9375,4.386154651641846,8.943567276000977,4.386154651641846,8.943567276000977,6.664860963821411,-2.278706312179565,4.3671875,8.9375,6.65234375,-2.28515625
mistral_7b,14,valenced_opposite::deontic::006,valenced_opposite,deontic,valenced,opposite,0.6,preference_control,9.328125,13.41796875,9.383583068847656,13.412732124328612,9.383583068847656,13.412732124328612,11.398157596588137,-2.0145745277404785,9.328125,13.41796875,11.373046875,-2.044921875
mistral_7b,14,valenced_opposite::deontic::006,valenced_opposite,deontic,valenced,opposite,0.8,preference_control,12.44921875,14.203125,12.567378997802734,14.248476028442385,12.567378997802734,14.248476028442385,13.40792751312256,-0.8405485153198242,12.44921875,14.203125,13.326171875,-0.876953125
mistral_7b,14,valenced_opposite::deontic::006,valenced_opposite,deontic,valenced,opposite,1.0,preference_control,13.7734375,12.703125,13.887752532958984,12.757305145263672,13.887752532958984,12.757305145263672,13.322528839111328,0.5652236938476562,13.7734375,12.703125,13.23828125,0.53515625
mistral_7b,14,valenced_opposite::deontic::007,valenced_opposite,deontic,valenced,opposite,-1.0,preference_control,-2.625,-4.25,-2.635931134223938,-4.6267887353897095,-2.635931134223938,-4.6267887353897095,-3.631359934806824,0.9954288005828856,-2.625,-4.25,-3.4375,0.8125
mistral_7b,14,valenced_opposite::deontic::007,valenced_opposite,deontic,valenced,opposite,-0.8,preference_control,-1.5,-4.6875,-1.8365399837493896,-4.880758166313171,-1.8365399837493896,-4.880758166313171,-3.3586490750312805,1.5221090912818909,-1.5,-4.6875,-3.09375,1.59375
mistral_7b,14,valenced_opposite::deontic::007,valenced_opposite,deontic,valenced,opposite,-0.6,preference_control,0.0625,-4.9375,-0.151370882987976,-5.310532927513123,-0.151370882987976,-5.310532927513123,-2.7309519052505493,2.579581022262573,0.0625,-4.9375,-2.4375,2.5
mistral_7b,14,valenced_opposite::deontic::007,valenced_opposite,deontic,valenced,opposite,-0.4,preference_control,1.78125,-4.75,1.6028541326522827,-5.085929989814758,1.6028541326522827,-5.085929989814758,-1.7415379285812378,3.3443920612335205,1.78125,-4.75,-1.484375,3.265625
mistral_7b,14,valenced_opposite::deontic::007,valenced_opposite,deontic,valenced,opposite,-0.2,preference_control,2.5,-3.84375,2.358970642089844,-4.140665888786316,2.358970642089844,-4.140665888786316,-0.8908476233482361,3.24981826543808,2.5,-3.84375,-0.671875,3.171875
mistral_7b,14,valenced_opposite::deontic::007,valenced_opposite,deontic,valenced,opposite,0.0,preference_control,2.28125,-2.5625,2.1468405723571777,-2.672008991241455,2.1468405723571777,-2.672008991241455,-0.2625842094421386,2.4094247817993164,2.28125,-2.5625,-0.140625,2.421875
mistral_7b,14,valenced_opposite::deontic::007,valenced_opposite,deontic,valenced,opposite,0.2,preference_control,2.71875,-1.5,2.593312382698059,-1.4841272830963137,2.593312382698059,-1.4841272830963137,0.5545925498008728,2.0387198328971863,2.71875,-1.5,0.609375,2.109375
mistral_7b,14,valenced_opposite::deontic::007,valenced_opposite,deontic,valenced,opposite,0.4,preference_control,3.75,0.6875,3.734914660453797,0.4378740787506103,3.734914660453797,0.4378740787506103,2.086394369602204,1.648520290851593,3.75,0.6875,2.21875,1.53125
mistral_7b,14,valenced_opposite::deontic::007,valenced_opposite,deontic,valenced,opposite,0.6,preference_control,5.5,4.0,5.578825116157532,3.821018099784851,5.578825116157532,3.821018099784851,4.699921607971191,0.8789035081863403,5.5,4.0,4.75,0.75
mistral_7b,14,valenced_opposite::deontic::007,valenced_opposite,deontic,valenced,opposite,0.8,preference_control,7.59375,6.3125,7.626008868217468,6.128114700317383,7.626008868217468,6.128114700317383,6.8770617842674255,0.7489470839500427,7.59375,6.3125,6.953125,0.640625
mistral_7b,14,valenced_opposite::deontic::007,valenced_opposite,deontic,valenced,opposite,1.0,preference_control,8.5625,5.9375,8.622548460960388,5.892112493515015,8.622548460960388,5.892112493515015,7.257330477237701,1.3652179837226868,8.5625,5.9375,7.25,1.3125
mistral_7b,14,valenced_opposite::deontic::008,valenced_opposite,deontic,valenced,opposite,-1.0,preference_control,6.203125,9.953125,6.515403389930725,9.983692526817322,6.515403389930725,9.983692526817322,8.249547958374023,-1.7341445684432983,6.203125,9.953125,8.078125,-1.875
mistral_7b,14,valenced_opposite::deontic::008,valenced_opposite,deontic,valenced,opposite,-0.8,preference_control,7.828125,10.421875,7.8747745752334595,10.202350854873655,7.8747745752334595,10.202350854873655,9.038562715053558,-1.1637881398200989,7.828125,10.421875,9.125,-1.296875
mistral_7b,14,valenced_opposite::deontic::008,valenced_opposite,deontic,valenced,opposite,-0.6,preference_control,8.703125,10.265625,8.780896425247192,10.186493754386902,8.780896425247192,10.186493754386902,9.483695089817047,-0.7027986645698547,8.703125,10.265625,9.484375,-0.78125
mistral_7b,14,valenced_opposite::deontic::008,valenced_opposite,deontic,valenced,opposite,-0.4,preference_control,9.0302734375,9.046875,8.999531149864197,8.873323559761047,8.999531149864197,8.873323559761047,8.936427354812622,0.0631037950515747,9.0302734375,9.046875,9.03857421875,-0.00830078125
mistral_7b,14,valenced_opposite::deontic::008,valenced_opposite,deontic,valenced,opposite,-0.2,preference_control,8.375,6.8359375,8.12457799911499,6.904355406761169,8.12457799911499,6.904355406761169,7.51446670293808,0.6101112961769104,8.375,6.8359375,7.60546875,0.76953125
mistral_7b,14,valenced_opposite::deontic::008,valenced_opposite,deontic,valenced,opposite,0.0,preference_control,8.07421875,5.6171875,8.031209468841553,5.780377149581909,8.031209468841553,5.780377149581909,6.905793309211731,1.1254161596298218,8.07421875,5.6171875,6.845703125,1.228515625
mistral_7b,14,valenced_opposite::deontic::008,valenced_opposite,deontic,valenced,opposite,0.2,preference_control,8.8662109375,6.65625,8.84392774105072,6.56223738193512,8.84392774105072,6.56223738193512,7.70308256149292,1.1408451795578003,8.8662109375,6.65625,7.76123046875,1.10498046875
mistral_7b,14,valenced_opposite::deontic::008,valenced_opposite,deontic,valenced,opposite,0.4,preference_control,9.84765625,8.5,9.797615766525269,8.374904990196228,9.797615766525269,8.374904990196228,9.086260378360748,0.7113553881645203,9.84765625,8.5,9.173828125,0.673828125
mistral_7b,14,valenced_opposite::deontic::008,valenced_opposite,deontic,valenced,opposite,0.6,preference_control,11.9921875,11.234375,11.864334106445312,11.034185528755188,11.864334106445312,11.034185528755188,11.44925981760025,0.4150742888450622,11.9921875,11.234375,11.61328125,0.37890625
mistral_7b,14,valenced_opposite::deontic::008,valenced_opposite,deontic,valenced,opposite,0.8,preference_control,13.76171875,12.875,13.663867712020874,12.634508728981018,13.663867712020874,12.634508728981018,13.149188220500946,0.514679491519928,13.76171875,12.875,13.318359375,0.443359375
mistral_7b,14,valenced_opposite::deontic::008,valenced_opposite,deontic,valenced,opposite,1.0,preference_control,14.3359375,13.265625,14.33861255645752,13.009092926979063,14.33861255645752,13.009092926979063,13.673852741718292,0.6647598147392273,14.3359375,13.265625,13.80078125,0.53515625
mistral_7b,14,valenced_opposite::deontic::009,valenced_opposite,deontic,valenced,opposite,-1.0,preference_control,4.6875,1.625,4.641420125961304,1.8750146627426147,4.641420125961304,1.8750146627426147,3.2582173943519592,1.3832027316093445,4.6875,1.625,3.15625,1.53125
mistral_7b,14,valenced_opposite::deontic::009,valenced_opposite,deontic,valenced,opposite,-0.8,preference_control,5.5,0.0625,5.301474213600159,0.0625361204147338,5.301474213600159,0.0625361204147338,2.6820051670074463,2.6194690465927124,5.5,0.0625,2.78125,2.71875
mistral_7b,14,valenced_opposite::deontic::009,valenced_opposite,deontic,valenced,opposite,-0.6,preference_control,5.5,-2.375,5.703953981399536,-2.2499409914016724,5.703953981399536,-2.2499409914016724,1.727006494998932,3.976947486400604,5.5,-2.375,1.5625,3.9375
mistral_7b,14,valenced_opposite::deontic::009,valenced_opposite,deontic,valenced,opposite,-0.4,preference_control,5.875,-4.125,5.863100051879883,-3.996004343032837,5.863100051879883,-3.996004343032837,0.933547854423523,4.92955219745636,5.875,-4.125,0.875,5.0
mistral_7b,14,valenced_opposite::deontic::009,valenced_opposite,deontic,valenced,opposite,-0.2,preference_control,6.375,-4.5,6.32992684841156,-4.50770103931427,6.32992684841156,-4.50770103931427,0.911112904548645,5.418813943862915,6.375,-4.5,0.9375,5.4375
mistral_7b,14,valenced_opposite::deontic::009,valenced_opposite,deontic,valenced,opposite,0.0,preference_control,7.46875,-4.0625,7.479435920715332,-4.007603168487549,7.479435920715332,-4.007603168487549,1.7359163761138916,5.74351954460144,7.46875,-4.0625,1.703125,5.765625
mistral_7b,14,valenced_opposite::deontic::009,valenced_opposite,deontic,valenced,opposite,0.2,preference_control,9.6875,-2.0625,9.750731348991394,-1.9446547031402588,9.750731348991394,-1.9446547031402588,3.903038322925568,5.847693026065826,9.6875,-2.0625,3.8125,5.875
mistral_7b,14,valenced_opposite::deontic::009,valenced_opposite,deontic,valenced,opposite,0.4,preference_control,11.5625,1.5,11.653124213218687,1.5553745031356812,11.653124213218687,1.5553745031356812,6.604249358177185,5.048874855041504,11.5625,1.5,6.53125,5.03125
mistral_7b,14,valenced_opposite::deontic::009,valenced_opposite,deontic,valenced,opposite,0.6,preference_control,12.53125,3.375,12.65231204032898,3.933802366256714,12.65231204032898,3.933802366256714,8.293057203292847,4.359254837036133,12.53125,3.375,7.953125,4.578125
mistral_7b,14,valenced_opposite::deontic::009,valenced_opposite,deontic,valenced,opposite,0.8,preference_control,12.84375,4.5,13.152405738830566,4.810748219490051,13.152405738830566,4.810748219490051,8.981576979160309,4.170828759670258,12.84375,4.5,8.671875,4.171875
mistral_7b,14,valenced_opposite::deontic::009,valenced_opposite,deontic,valenced,opposite,1.0,preference_control,12.921875,5.3125,13.008779048919678,5.513842105865479,13.008779048919678,5.513842105865479,9.261310577392578,3.7474684715271,12.921875,5.3125,9.1171875,3.8046875
mistral_7b,14,valenced_opposite::deontic::010,valenced_opposite,deontic,valenced,opposite,-1.0,preference_control,7.0,7.0625,6.968750715255737,7.046880483627319,6.968750715255737,7.046880483627319,7.007815599441528,-0.039064884185791,7.0,7.0625,7.03125,-0.03125
mistral_7b,14,valenced_opposite::deontic::010,valenced_opposite,deontic,valenced,opposite,-0.8,preference_control,7.96875,6.421875,7.960938453674316,6.437505125999451,7.960938453674316,6.437505125999451,7.199221789836884,0.7617166638374329,7.96875,6.421875,7.1953125,0.7734375
mistral_7b,14,valenced_opposite::deontic::010,valenced_opposite,deontic,valenced,opposite,-0.6,preference_control,9.40625,5.234375,9.414063930511476,5.218757033348084,9.414063930511476,5.218757033348084,7.316410481929779,2.097653448581696,9.40625,5.234375,7.3203125,2.0859375
mistral_7b,14,valenced_opposite::deontic::010,valenced_opposite,deontic,valenced,opposite,-0.4,preference_control,10.4375,4.0703125,10.43750250339508,4.062509536743164,10.43750250339508,4.062509536743164,7.250006020069122,3.1874964833259583,10.4375,4.0703125,7.25390625,3.18359375
mistral_7b,14,valenced_opposite::deontic::010,valenced_opposite,deontic,valenced,opposite,-0.2,preference_control,11.5625,3.2421875,11.578129410743712,3.1875137090682983,11.578129410743712,3.1875137090682983,7.382821559906006,4.195307850837708,11.5625,3.2421875,7.40234375,4.16015625
mistral_7b,14,valenced_opposite::deontic::010,valenced_opposite,deontic,valenced,opposite,0.0,preference_control,13.109375,3.8671875,13.125006556510924,3.875014781951904,13.125006556510924,3.875014781951904,8.500010669231415,4.624995887279511,13.109375,3.8671875,8.48828125,4.62109375
mistral_7b,14,valenced_opposite::deontic::010,valenced_opposite,deontic,valenced,opposite,0.2,preference_control,15.6796875,6.40625,15.656257152557371,6.437507510185242,15.656257152557371,6.437507510185242,11.046882331371307,4.609374821186066,15.6796875,6.40625,11.04296875,4.63671875
mistral_7b,14,valenced_opposite::deontic::010,valenced_opposite,deontic,valenced,opposite,0.4,preference_control,18.1015625,9.796875,18.117192268371586,9.82031500339508,18.117192268371586,9.82031500339508,13.968753635883331,4.148438632488251,18.1015625,9.796875,13.94921875,4.15234375
mistral_7b,14,valenced_opposite::deontic::010,valenced_opposite,deontic,valenced,opposite,0.6,preference_control,19.4296875,13.5,19.375003695487976,13.480469942092896,19.375003695487976,13.480469942092896,16.427736818790436,2.9472668766975403,19.4296875,13.5,16.46484375,2.96484375
mistral_7b,14,valenced_opposite::deontic::010,valenced_opposite,deontic,valenced,opposite,0.8,preference_control,20.06640625,15.78125,20.03125298023224,15.781250834465029,20.03125298023224,15.781250834465029,17.906251907348633,2.125001072883606,20.06640625,15.78125,17.923828125,2.142578125
mistral_7b,14,valenced_opposite::deontic::010,valenced_opposite,deontic,valenced,opposite,1.0,preference_control,19.9921875,16.09375,20.02343988418579,16.109375953674316,20.02343988418579,16.109375953674316,18.066407918930054,1.9570319652557373,19.9921875,16.09375,18.04296875,1.94921875
mistral_7b,14,valenced_opposite::deontic::011,valenced_opposite,deontic,valenced,opposite,-1.0,preference_control,-6.875,-3.0,-6.964459657669067,-2.870185613632202,-6.964459657669067,-2.870185613632202,-4.917322635650635,-2.0471370220184326,-6.875,-3.0,-4.9375,-1.9375
mistral_7b,14,valenced_opposite::deontic::011,valenced_opposite,deontic,valenced,opposite,-0.8,preference_control,-6.8125,-4.0,-6.680890917778015,-4.016225695610046,-6.680890917778015,-4.016225695610046,-5.348558306694031,-1.3323326110839844,-6.8125,-4.0,-5.40625,-1.40625
mistral_7b,14,valenced_opposite::deontic::011,valenced_opposite,deontic,valenced,opposite,-0.6,preference_control,-5.21875,-4.90625,-5.234368085861206,-4.99588680267334,-5.234368085861206,-4.99588680267334,-5.115127444267273,-0.1192406415939331,-5.21875,-4.90625,-5.0625,-0.15625
mistral_7b,14,valenced_opposite::deontic::011,valenced_opposite,deontic,valenced,opposite,-0.4,preference_control,-2.984375,-5.21875,-3.002011299133301,-5.359115839004517,-3.002011299133301,-5.359115839004517,-4.180563569068909,1.178552269935608,-2.984375,-5.21875,-4.1015625,1.1171875
mistral_7b,14,valenced_opposite::deontic::011,valenced_opposite,deontic,valenced,opposite,-0.2,preference_control,-1.5859375,-4.71875,-1.2489824295043943,-5.616811513900757,-1.2489824295043943,-5.616811513900757,-3.432896971702576,2.183914542198181,-1.5859375,-4.71875,-3.15234375,1.56640625
mistral_7b,14,valenced_opposite::deontic::011,valenced_opposite,deontic,valenced,opposite,0.0,preference_control,-0.203125,-3.625,0.8575849533081055,-4.999449729919434,0.8575849533081055,-4.999449729919434,-2.070932388305664,2.928517341613769,-0.203125,-3.625,-1.9140625,1.7109375
mistral_7b,14,valenced_opposite::deontic::011,valenced_opposite,deontic,valenced,opposite,0.2,preference_control,2.6875,-1.625,3.486660957336426,-1.6577651500701904,3.486660957336426,-1.6577651500701904,0.9144479036331176,2.572213053703308,2.6875,-1.625,0.53125,2.15625
mistral_7b,14,valenced_opposite::deontic::011,valenced_opposite,deontic,valenced,opposite,0.4,preference_control,6.875,3.40625,7.049710750579834,3.373308658599853,7.049710750579834,3.373308658599853,5.211509704589844,1.8382010459899905,6.875,3.40625,5.140625,1.734375
mistral_7b,14,valenced_opposite::deontic::011,valenced_opposite,deontic,valenced,opposite,0.6,preference_control,10.78125,9.28125,10.926063299179075,9.292494177818298,10.926063299179075,9.292494177818298,10.109278738498688,0.8167845606803894,10.78125,9.28125,10.03125,0.75
mistral_7b,14,valenced_opposite::deontic::011,valenced_opposite,deontic,valenced,opposite,0.8,preference_control,12.078125,11.34375,12.165223002433777,11.299471974372864,12.165223002433777,11.299471974372864,11.73234748840332,0.4328755140304565,12.078125,11.34375,11.7109375,0.3671875
mistral_7b,14,valenced_opposite::deontic::011,valenced_opposite,deontic,valenced,opposite,1.0,preference_control,11.96875,11.15625,11.899685621261597,11.122797846794128,11.899685621261597,11.122797846794128,11.511241734027864,0.3884438872337341,11.96875,11.15625,11.5625,0.40625
mistral_7b,14,valenced_opposite::deontic::012,valenced_opposite,deontic,valenced,opposite,-1.0,preference_control,5.640625,5.9375,5.655856966972351,5.929283142089844,5.655856966972351,5.929283142089844,5.792570054531097,-0.1367130875587463,5.640625,5.9375,5.7890625,-0.1484375
mistral_7b,14,valenced_opposite::deontic::012,valenced_opposite,deontic,valenced,opposite,-0.8,preference_control,4.890625,5.875,4.874510049819946,5.86672830581665,4.874510049819946,5.86672830581665,5.370619177818298,-0.496109127998352,4.890625,5.875,5.3828125,-0.4921875
mistral_7b,14,valenced_opposite::deontic::012,valenced_opposite,deontic,valenced,opposite,-0.6,preference_control,3.984375,5.71875,3.999395251274109,5.725900411605835,3.999395251274109,5.725900411605835,4.862647831439972,-0.863252580165863,3.984375,5.71875,4.8515625,-0.8671875
mistral_7b,14,valenced_opposite::deontic::012,valenced_opposite,deontic,valenced,opposite,-0.4,preference_control,3.5,5.59375,3.470510244369507,5.576831698417664,3.470510244369507,5.576831698417664,4.523670971393585,-1.0531607270240784,3.5,5.59375,4.546875,-1.046875
mistral_7b,14,valenced_opposite::deontic::012,valenced_opposite,deontic,valenced,opposite,-0.2,preference_control,3.57275390625,5.375,3.6225122213363647,5.373547315597534,3.6225122213363647,5.373547315597534,4.4980297684669495,-0.8755175471305847,3.57275390625,5.375,4.473876953125,-0.901123046875
mistral_7b,14,valenced_opposite::deontic::012,valenced_opposite,deontic,valenced,opposite,0.0,preference_control,4.4609375,5.3671875,4.681692481040955,5.374873399734497,4.681692481040955,5.374873399734497,5.028282940387726,-0.3465904593467712,4.4609375,5.3671875,4.9140625,-0.453125
mistral_7b,14,valenced_opposite::deontic::012,valenced_opposite,deontic,valenced,opposite,0.2,preference_control,6.9375,6.65625,7.02079164981842,6.625186562538147,7.02079164981842,6.625186562538147,6.822989106178284,0.1978025436401367,6.9375,6.65625,6.796875,0.140625
mistral_7b,14,valenced_opposite::deontic::012,valenced_opposite,deontic,valenced,opposite,0.4,preference_control,8.79296875,9.3125,8.790358066558838,9.335975766181946,8.790358066558838,9.335975766181946,9.063166916370392,-0.2728088498115539,8.79296875,9.3125,9.052734375,-0.259765625
mistral_7b,14,valenced_opposite::deontic::012,valenced_opposite,deontic,valenced,opposite,0.6,preference_control,9.984375,11.625,10.001221418380736,11.621104955673218,10.001221418380736,11.621104955673218,10.811163187026978,-0.8099417686462402,9.984375,11.625,10.8046875,-0.8203125
mistral_7b,14,valenced_opposite::deontic::012,valenced_opposite,deontic,valenced,opposite,0.8,preference_control,11.5625,12.546875,11.559239864349363,12.563501477241516,11.559239864349363,12.563501477241516,12.06137067079544,-0.5021308064460754,11.5625,12.546875,12.0546875,-0.4921875
mistral_7b,14,valenced_opposite::deontic::012,valenced_opposite,deontic,valenced,opposite,1.0,preference_control,12.3125,12.171875,12.33080768585205,12.17777979373932,12.33080768585205,12.17777979373932,12.254293739795685,0.0765139460563659,12.3125,12.171875,12.2421875,0.0703125
mistral_7b,14,valenced_opposite::deontic::013,valenced_opposite,deontic,valenced,opposite,-1.0,preference_control,-2.875,0.0625,-3.030806422233581,-0.1872667074203491,-3.030806422233581,-0.1872667074203491,-1.609036564826965,-1.4217698574066162,-2.875,0.0625,-1.40625,-1.46875
mistral_7b,14,valenced_opposite::deontic::013,valenced_opposite,deontic,valenced,opposite,-0.8,preference_control,-3.5625,-0.8125,-3.061969041824341,-1.1872060298919678,-3.061969041824341,-1.1872060298919678,-2.1245875358581543,-0.9373815059661864,-3.5625,-0.8125,-2.1875,-1.375
mistral_7b,14,valenced_opposite::deontic::013,valenced_opposite,deontic,valenced,opposite,-0.6,preference_control,-3.078125,-2.125,-2.968130111694336,-2.343432664871216,-2.968130111694336,-2.343432664871216,-2.655781388282776,-0.31234872341156,-3.078125,-2.125,-2.6015625,-0.4765625
mistral_7b,14,valenced_opposite::deontic::013,valenced_opposite,deontic,valenced,opposite,-0.4,preference_control,-1.515625,-2.75,-1.6866576671600342,-2.96836256980896,-1.6866576671600342,-2.96836256980896,-2.327510118484497,0.6408524513244629,-1.515625,-2.75,-2.1328125,0.6171875
mistral_7b,14,valenced_opposite::deontic::013,valenced_opposite,deontic,valenced,opposite,-0.2,preference_control,0.09375,-2.46875,0.0634926557540893,-2.374637722969055,0.0634926557540893,-2.374637722969055,-1.155572533607483,1.2190651893615725,0.09375,-2.46875,-1.1875,1.28125
mistral_7b,14,valenced_opposite::deontic::013,valenced_opposite,deontic,valenced,opposite,0.0,preference_control,0.8671875,-1.75,0.8759313821792603,-1.874745488166809,0.8759313821792603,-1.874745488166809,-0.4994070529937744,1.375338435173035,0.8671875,-1.75,-0.44140625,1.30859375
mistral_7b,14,valenced_opposite::deontic::013,valenced_opposite,deontic,valenced,opposite,0.2,preference_control,1.0625,-1.671875,1.063369870185852,-2.124916315078736,1.063369870185852,-2.124916315078736,-0.5307732224464417,1.5941430926322937,1.0625,-1.671875,-0.3046875,1.3671875
mistral_7b,14,valenced_opposite::deontic::013,valenced_opposite,deontic,valenced,opposite,0.4,preference_control,0.875,-1.71875,1.125549554824829,-1.999977231025696,1.125549554824829,-1.999977231025696,-0.4372138381004333,1.5627633929252625,0.875,-1.71875,-0.421875,1.296875
mistral_7b,14,valenced_opposite::deontic::013,valenced_opposite,deontic,valenced,opposite,0.6,preference_control,2.34375,0.59375,2.406450033187866,0.1250317096710205,2.406450033187866,0.1250317096710205,1.2657408714294434,1.1407091617584229,2.34375,0.59375,1.46875,0.875
mistral_7b,14,valenced_opposite::deontic::013,valenced_opposite,deontic,valenced,opposite,0.8,preference_control,4.0,3.0,3.906363010406494,2.8438249826431274,3.906363010406494,2.8438249826431274,3.375093996524811,0.5312690138816833,4.0,3.0,3.5,0.5
mistral_7b,14,valenced_opposite::deontic::013,valenced_opposite,deontic,valenced,opposite,1.0,preference_control,5.09375,3.53125,5.156360387802124,3.218849301338196,5.156360387802124,3.218849301338196,4.18760484457016,0.968755543231964,5.09375,3.53125,4.3125,0.78125
mistral_7b,14,valenced_opposite::deontic::014,valenced_opposite,deontic,valenced,opposite,-1.0,preference_control,3.59375,-2.9375,3.438105583190918,-2.859364867210388,3.438105583190918,-2.859364867210388,0.2893703579902649,3.148735225200653,3.59375,-2.9375,0.328125,3.265625
mistral_7b,14,valenced_opposite::deontic::014,valenced_opposite,deontic,valenced,opposite,-0.8,preference_control,4.5,-4.0625,4.375897526741028,-4.046884059906006,4.375897526741028,-4.046884059906006,0.164506733417511,4.211390793323517,4.5,-4.0625,0.21875,4.28125
mistral_7b,14,valenced_opposite::deontic::014,valenced_opposite,deontic,valenced,opposite,-0.6,preference_control,4.75,-5.375,4.844795823097229,-5.2812659740448,4.844795823097229,-5.2812659740448,-0.2182350754737854,5.063030898571014,4.75,-5.375,-0.3125,5.0625
mistral_7b,14,valenced_opposite::deontic::014,valenced_opposite,deontic,valenced,opposite,-0.4,preference_control,4.15625,-6.28125,4.250688314437866,-6.1406484842300415,4.250688314437866,-6.1406484842300415,-0.9449800848960876,5.195668399333954,4.15625,-6.28125,-1.0625,5.21875
mistral_7b,14,valenced_opposite::deontic::014,valenced_opposite,deontic,valenced,opposite,-0.2,preference_control,3.59375,-6.265625,3.781777620315552,-6.2031567096710205,3.781777620315552,-6.2031567096710205,-1.2106895446777344,4.992467164993286,3.59375,-6.265625,-1.3359375,4.9296875
mistral_7b,14,valenced_opposite::deontic::014,valenced_opposite,deontic,valenced,opposite,0.0,preference_control,4.5625,-7.453125,4.781622052192688,-7.328165531158447,4.781622052192688,-7.328165531158447,-1.2732717394828796,6.054893791675568,4.5625,-7.453125,-1.4453125,6.0078125
mistral_7b,14,valenced_opposite::deontic::014,valenced_opposite,deontic,valenced,opposite,0.2,preference_control,7.59375,-9.5,7.687809705734253,-9.39065647125244,7.687809705734253,-9.39065647125244,-0.8514233827590942,8.539233088493347,7.59375,-9.5,-0.953125,8.546875
mistral_7b,14,valenced_opposite::deontic::014,valenced_opposite,deontic,valenced,opposite,0.4,preference_control,10.6875,-11.21875,10.67604959011078,-11.027371764183044,10.67604959011078,-11.027371764183044,-0.1756610870361328,10.851710677146912,10.6875,-11.21875,-0.265625,10.953125
mistral_7b,14,valenced_opposite::deontic::014,valenced_opposite,deontic,valenced,opposite,0.6,preference_control,12.375,-11.84375,12.43773066997528,-11.544949412345886,12.43773066997528,-11.544949412345886,0.4463906288146972,11.991340041160583,12.375,-11.84375,0.265625,12.109375
mistral_7b,14,valenced_opposite::deontic::014,valenced_opposite,deontic,valenced,opposite,0.8,preference_control,13.21875,-11.71875,13.148574709892271,-11.336941719055176,13.148574709892271,-11.336941719055176,0.9058164954185486,12.242758214473724,13.21875,-11.71875,0.75,12.46875
mistral_7b,14,valenced_opposite::deontic::014,valenced_opposite,deontic,valenced,opposite,1.0,preference_control,13.078125,-11.09375,13.1397225856781,-10.962182521820068,13.1397225856781,-10.962182521820068,1.088770031929016,12.050952553749084,13.078125,-11.09375,0.9921875,12.0859375
mistral_7b,14,valenced_opposite::deontic::015,valenced_opposite,deontic,valenced,opposite,-1.0,preference_control,-0.8125,-8.78125,-0.9415625333786012,-9.07226276397705,-0.9415625333786012,-9.07226276397705,-5.006912648677826,4.065350115299225,-0.8125,-8.78125,-4.796875,3.984375
mistral_7b,14,valenced_opposite::deontic::015,valenced_opposite,deontic,valenced,opposite,-0.8,preference_control,-2.375,-11.40625,-2.340796113014221,-11.64845085144043,-2.340796113014221,-11.64845085144043,-6.994623482227325,4.653827369213104,-2.375,-11.40625,-6.890625,4.515625
mistral_7b,14,valenced_opposite::deontic::015,valenced_opposite,deontic,valenced,opposite,-0.6,preference_control,-4.3125,-13.03125,-4.568343997001648,-13.332095384597778,-4.568343997001648,-13.332095384597778,-8.950219690799713,4.381875693798065,-4.3125,-13.03125,-8.671875,4.359375
mistral_7b,14,valenced_opposite::deontic::015,valenced_opposite,deontic,valenced,opposite,-0.4,preference_control,-6.125,-13.2890625,-6.648434042930603,-13.48871648311615,-6.648434042930603,-13.48871648311615,-10.068575263023376,3.420141220092773,-6.125,-13.2890625,-9.70703125,3.58203125
mistral_7b,14,valenced_opposite::deontic::015,valenced_opposite,deontic,valenced,opposite,-0.2,preference_control,-6.0625,-12.4140625,-6.048820853233337,-12.516175270080566,-6.048820853233337,-12.516175270080566,-9.282498061656952,3.2336772084236145,-6.0625,-12.4140625,-9.23828125,3.17578125
mistral_7b,14,valenced_opposite::deontic::015,valenced_opposite,deontic,valenced,opposite,0.0,preference_control,-2.21875,-10.875,-2.5027883052825928,-11.062548756599426,-2.5027883052825928,-11.062548756599426,-6.7826685309410095,4.279880225658417,-2.21875,-10.875,-6.546875,4.328125
mistral_7b,14,valenced_opposite::deontic::015,valenced_opposite,deontic,valenced,opposite,0.2,preference_control,2.25,-5.53125,1.9686850309371948,-5.679692029953003,1.9686850309371948,-5.679692029953003,-1.855503499507904,3.824188530445099,2.25,-5.53125,-1.640625,3.890625
mistral_7b,14,valenced_opposite::deontic::015,valenced_opposite,deontic,valenced,opposite,0.4,preference_control,5.59375,1.5,5.437510251998901,1.3125070333480835,5.437510251998901,1.3125070333480835,3.3750086426734924,2.062501609325409,5.59375,1.5,3.546875,2.046875
mistral_7b,14,valenced_opposite::deontic::015,valenced_opposite,deontic,valenced,opposite,0.6,preference_control,8.0,4.5625,7.625037312507629,4.609384655952454,7.625037312507629,4.609384655952454,6.1172109842300415,1.507826328277588,8.0,4.5625,6.28125,1.71875
mistral_7b,14,valenced_opposite::deontic::015,valenced_opposite,deontic,valenced,opposite,0.8,preference_control,9.6875,5.0625,9.312573552131653,5.013700723648071,9.312573552131653,5.013700723648071,7.163137137889862,2.1494364142417908,9.6875,5.0625,7.375,2.3125
mistral_7b,14,valenced_opposite::deontic::015,valenced_opposite,deontic,valenced,opposite,1.0,preference_control,10.484375,4.125,10.17199993133545,4.171899437904358,10.17199993133545,4.171899437904358,7.171949684619904,3.0000502467155457,10.484375,4.125,7.3046875,3.1796875
mistral_7b,14,valenced_opposite::deontic::016,valenced_opposite,deontic,valenced,opposite,-1.0,preference_control,3.25,6.34375,3.2486279010772705,6.343333721160889,3.2486279010772705,6.343333721160889,4.79598081111908,-1.547352910041809,3.25,6.34375,4.796875,-1.546875
mistral_7b,14,valenced_opposite::deontic::016,valenced_opposite,deontic,valenced,opposite,-0.8,preference_control,4.28125,4.34375,4.295501112937927,4.327610969543457,4.295501112937927,4.327610969543457,4.311556041240692,-0.0160549283027648,4.28125,4.34375,4.3125,-0.03125
mistral_7b,14,valenced_opposite::deontic::016,valenced_opposite,deontic,valenced,opposite,-0.6,preference_control,3.78125,1.75,3.795426845550537,1.749504566192627,3.795426845550537,1.749504566192627,2.772465705871582,1.022961139678955,3.78125,1.75,2.765625,1.015625
mistral_7b,14,valenced_opposite::deontic::016,valenced_opposite,deontic,valenced,opposite,-0.4,preference_control,3.125,-0.40625,3.1547380685806274,-0.4379349946975708,3.1547380685806274,-0.4379349946975708,1.3584015369415283,1.7963365316390991,3.125,-0.40625,1.359375,1.765625
mistral_7b,14,valenced_opposite::deontic::016,valenced_opposite,deontic,valenced,opposite,-0.2,preference_control,3.90625,-1.296875,3.905107498168945,-1.3128880262374878,3.905107498168945,-1.3128880262374878,1.2961097359657288,2.608997762203217,3.90625,-1.296875,1.3046875,2.6015625
mistral_7b,14,valenced_opposite::deontic::016,valenced_opposite,deontic,valenced,opposite,0.0,preference_control,5.578125,-1.671875,5.545788526535034,-1.656549334526062,5.545788526535034,-1.656549334526062,1.944619596004486,3.601168930530548,5.578125,-1.671875,1.953125,3.625
mistral_7b,14,valenced_opposite::deontic::016,valenced_opposite,deontic,valenced,opposite,0.2,preference_control,6.71875,-0.1875,6.733586311340332,-0.1877017021179199,6.733586311340332,-0.1877017021179199,3.272942304611206,3.460644006729126,6.71875,-0.1875,3.265625,3.453125
mistral_7b,14,valenced_opposite::deontic::016,valenced_opposite,deontic,valenced,opposite,0.4,preference_control,8.4375,2.3125,8.42119562625885,2.312325596809387,8.42119562625885,2.312325596809387,5.366760611534119,3.0544350147247314,8.4375,2.3125,5.375,3.0625
mistral_7b,14,valenced_opposite::deontic::016,valenced_opposite,deontic,valenced,opposite,0.6,preference_control,10.125,5.75,10.132175207138062,5.736172556877136,10.132175207138062,5.736172556877136,7.934173882007599,2.198001325130462,10.125,5.75,7.9375,2.1875
mistral_7b,14,valenced_opposite::deontic::016,valenced_opposite,deontic,valenced,opposite,0.8,preference_control,11.21875,7.75,11.236739158630373,7.7478920221328735,11.236739158630373,7.7478920221328735,9.492315590381622,1.7444235682487488,11.21875,7.75,9.484375,1.734375
mistral_7b,14,valenced_opposite::deontic::016,valenced_opposite,deontic,valenced,opposite,1.0,preference_control,11.78125,7.875,11.778811812400818,7.866564631462097,11.778811812400818,7.866564631462097,9.822688221931458,1.9561235904693604,11.78125,7.875,9.828125,1.953125
mistral_7b,14,valenced_opposite::deontic::017,valenced_opposite,deontic,valenced,opposite,-1.0,preference_control,-2.1875,6.28125,-2.218749761581421,6.359375596046448,-2.218749761581421,6.359375596046448,2.070312917232513,-4.289062678813934,-2.1875,6.28125,2.046875,-4.234375
mistral_7b,14,valenced_opposite::deontic::017,valenced_opposite,deontic,valenced,opposite,-0.8,preference_control,-0.5625,5.78125,-0.9062497615814208,5.757813215255737,-0.9062497615814208,5.757813215255737,2.425781726837158,-3.332031488418579,-0.5625,5.78125,2.609375,-3.171875
mistral_7b,14,valenced_opposite::deontic::017,valenced_opposite,deontic,valenced,opposite,-0.6,preference_control,1.25,4.71875,0.953125,4.781250715255737,0.953125,4.781250715255737,2.8671878576278687,-1.9140628576278689,1.25,4.71875,2.984375,-1.734375
mistral_7b,14,valenced_opposite::deontic::017,valenced_opposite,deontic,valenced,opposite,-0.4,preference_control,2.84375,3.28125,2.6875001192092896,3.4062507152557373,2.6875001192092896,3.4062507152557373,3.046875417232513,-0.3593752980232239,2.84375,3.28125,3.0625,-0.21875
mistral_7b,14,valenced_opposite::deontic::017,valenced_opposite,deontic,valenced,opposite,-0.2,preference_control,4.21875,1.90625,3.7812498807907104,2.1562509536743164,3.7812498807907104,2.1562509536743164,2.968750417232513,0.812499463558197,4.21875,1.90625,3.0625,1.15625
mistral_7b,14,valenced_opposite::deontic::017,valenced_opposite,deontic,valenced,opposite,0.0,preference_control,5.9375,0.65625,5.3437498807907104,0.7187507152557373,5.3437498807907104,0.7187507152557373,3.031250298023224,2.3124995827674866,5.9375,0.65625,3.296875,2.640625
mistral_7b,14,valenced_opposite::deontic::017,valenced_opposite,deontic,valenced,opposite,0.2,preference_control,7.71875,-0.1875,7.1562498807907104,-0.1874995231628418,7.1562498807907104,-0.1874995231628418,3.4843751788139343,3.671874701976776,7.71875,-0.1875,3.765625,3.953125
mistral_7b,14,valenced_opposite::deontic::017,valenced_opposite,deontic,valenced,opposite,0.4,preference_control,9.765625,-0.625,9.53125,-0.2343747615814209,9.53125,-0.2343747615814209,4.6484376192092896,4.8828123807907104,9.765625,-0.625,4.5703125,5.1953125
mistral_7b,14,valenced_opposite::deontic::017,valenced_opposite,deontic,valenced,opposite,0.6,preference_control,11.484375,-0.375,11.07031273841858,-0.4453122615814209,11.07031273841858,-0.4453122615814209,5.312500238418579,5.7578125,11.484375,-0.375,5.5546875,5.9296875
mistral_7b,14,valenced_opposite::deontic::017,valenced_opposite,deontic,valenced,opposite,0.8,preference_control,12.6484375,-0.3125,12.35937488079071,0.0312505960464477,12.35937488079071,0.0312505960464477,6.195312738418579,6.164062142372131,12.6484375,-0.3125,6.16796875,6.48046875
mistral_7b,14,valenced_opposite::deontic::017,valenced_opposite,deontic,valenced,opposite,1.0,preference_control,13.1015625,-1.1875,13.015625357627869,-0.8984366655349731,13.015625357627869,-0.8984366655349731,6.058594346046448,6.957031011581421,13.1015625,-1.1875,5.95703125,7.14453125
mistral_7b,14,valenced_opposite::deontic::018,valenced_opposite,deontic,valenced,opposite,-1.0,preference_control,0.125,-4.0,0.1270381212234497,-4.012786746025085,0.1270381212234497,-4.012786746025085,-1.9428743124008176,2.069912433624268,0.125,-4.0,-1.9375,2.0625
mistral_7b,14,valenced_opposite::deontic::018,valenced_opposite,deontic,valenced,opposite,-0.8,preference_control,-0.4375,-4.21875,-0.4508026838302612,-4.208450198173523,-0.4508026838302612,-4.208450198173523,-2.329626441001892,1.8788237571716309,-0.4375,-4.21875,-2.328125,1.890625
mistral_7b,14,valenced_opposite::deontic::018,valenced_opposite,deontic,valenced,opposite,-0.6,preference_control,-0.59375,-4.5625,-0.5903280973434448,-4.559905886650085,-0.5903280973434448,-4.559905886650085,-2.575116991996765,1.9847888946533203,-0.59375,-4.5625,-2.578125,1.984375
mistral_7b,14,valenced_opposite::deontic::018,valenced_opposite,deontic,valenced,opposite,-0.4,preference_control,-0.3125,-4.8125,-0.308038592338562,-4.824615359306336,-0.308038592338562,-4.824615359306336,-2.5663269758224487,2.2582883834838867,-0.3125,-4.8125,-2.5625,2.25
mistral_7b,14,valenced_opposite::deontic::018,valenced_opposite,deontic,valenced,opposite,-0.2,preference_control,0.6875,-4.03125,0.692602276802063,-4.0427035093307495,0.692602276802063,-4.0427035093307495,-1.6750506162643433,2.3676528930664062,0.6875,-4.03125,-1.671875,2.359375
mistral_7b,14,valenced_opposite::deontic::018,valenced_opposite,deontic,valenced,opposite,0.0,preference_control,3.71875,-3.25,3.722736954689026,-3.2471883296966557,3.722736954689026,-3.2471883296966557,0.2377743124961853,3.484962642192841,3.71875,-3.25,0.234375,3.484375
mistral_7b,14,valenced_opposite::deontic::018,valenced_opposite,deontic,valenced,opposite,0.2,preference_control,7.40625,-2.4375,7.393365979194641,-2.4361647367477417,7.393365979194641,-2.4361647367477417,2.4786006212234497,4.914765357971191,7.40625,-2.4375,2.484375,4.921875
mistral_7b,14,valenced_opposite::deontic::018,valenced_opposite,deontic,valenced,opposite,0.4,preference_control,10.59375,-2.375,10.56805145740509,-2.366826891899109,10.56805145740509,-2.366826891899109,4.100612282752991,6.4674391746521,10.59375,-2.375,4.109375,6.484375
mistral_7b,14,valenced_opposite::deontic::018,valenced_opposite,deontic,valenced,opposite,0.6,preference_control,12.953125,-1.875,12.96611750125885,-1.8787840604782104,12.96611750125885,-1.8787840604782104,5.54366672039032,7.42245078086853,12.953125,-1.875,5.5390625,7.4140625
mistral_7b,14,valenced_opposite::deontic::018,valenced_opposite,deontic,valenced,opposite,0.8,preference_control,13.859375,-2.4375,13.838866353034971,-2.43752658367157,13.838866353034971,-2.43752658367157,5.700669884681702,8.138196468353271,13.859375,-2.4375,5.7109375,8.1484375
mistral_7b,14,valenced_opposite::deontic::018,valenced_opposite,deontic,valenced,opposite,1.0,preference_control,13.796875,-5.3125,13.807616353034971,-5.308740496635437,13.807616353034971,-5.308740496635437,4.249437928199768,9.558178424835203,13.796875,-5.3125,4.2421875,9.5546875
mistral_7b,14,valenced_opposite::deontic::019,valenced_opposite,deontic,valenced,opposite,-1.0,preference_control,8.6875,14.6796875,8.800872921943665,14.757805824279783,8.800872921943665,14.757805824279783,11.779339373111725,-2.9784664511680603,8.6875,14.6796875,11.68359375,-2.99609375
mistral_7b,14,valenced_opposite::deontic::019,valenced_opposite,deontic,valenced,opposite,-0.8,preference_control,9.5,14.2421875,9.994272351264954,14.316402316093445,9.994272351264954,14.316402316093445,12.1553373336792,-2.1610649824142456,9.5,14.2421875,11.87109375,-2.37109375
mistral_7b,14,valenced_opposite::deontic::019,valenced_opposite,deontic,valenced,opposite,-0.6,preference_control,9.75,13.4609375,9.961342453956604,13.519535183906555,9.961342453956604,13.519535183906555,11.74043881893158,-1.7790963649749756,9.75,13.4609375,11.60546875,-1.85546875
mistral_7b,14,valenced_opposite::deontic::019,valenced_opposite,deontic,valenced,opposite,-0.4,preference_control,9.28125,11.984375,9.508818864822388,12.066434741020204,9.508818864822388,12.066434741020204,10.787626802921295,-1.2788079380989077,9.28125,11.984375,10.6328125,-1.3515625
mistral_7b,14,valenced_opposite::deontic::019,valenced_opposite,deontic,valenced,opposite,-0.2,preference_control,9.078125,10.28125,9.299671292304993,10.390677809715273,9.299671292304993,10.390677809715273,9.845174551010132,-0.5455032587051392,9.078125,10.28125,9.6796875,-0.6015625
mistral_7b,14,valenced_opposite::deontic::019,valenced_opposite,deontic,valenced,opposite,0.0,preference_control,9.7421875,9.015625,9.736279249191284,9.25002932548523,9.736279249191284,9.25002932548523,9.493154287338257,0.2431249618530273,9.7421875,9.015625,9.37890625,0.36328125
mistral_7b,14,valenced_opposite::deontic::019,valenced_opposite,deontic,valenced,opposite,0.2,preference_control,11.6328125,9.125,11.656509160995483,9.24999487400055,11.656509160995483,9.24999487400055,10.453252017498016,1.203257143497467,11.6328125,9.125,10.37890625,1.25390625
mistral_7b,14,valenced_opposite::deontic::019,valenced_opposite,deontic,valenced,opposite,0.4,preference_control,13.28125,10.46875,13.28516924381256,10.593734622001648,13.28516924381256,10.593734622001648,11.939451932907104,1.3457173109054563,13.28125,10.46875,11.875,1.40625
mistral_7b,14,valenced_opposite::deontic::019,valenced_opposite,deontic,valenced,opposite,0.6,preference_control,14.484375,11.921875,14.507802844047546,11.937483668327332,14.507802844047546,11.937483668327332,13.22264325618744,1.2851595878601074,14.484375,11.921875,13.203125,1.28125
mistral_7b,14,valenced_opposite::deontic::019,valenced_opposite,deontic,valenced,opposite,0.8,preference_control,15.109375,12.578125,15.076162457466124,12.576157212257383,15.076162457466124,12.576157212257383,13.826159834861755,1.25000262260437,15.109375,12.578125,13.84375,1.265625
mistral_7b,14,valenced_opposite::deontic::019,valenced_opposite,deontic,valenced,opposite,1.0,preference_control,15.015625,12.3125,14.88671362400055,12.19139552116394,14.88671362400055,12.19139552116394,13.539054572582245,1.3476590514183044,15.015625,12.3125,13.6640625,1.3515625
mistral_7b,14,valenced_opposite::epistemic::000,valenced_opposite,epistemic,valenced,opposite,-1.0,preference_control,-4.125,-3.25,1.8121910095214844,-2.6446094512939453,1.8121910095214844,-2.6446094512939453,-0.4162092208862304,2.228400230407715,-4.125,-3.25,-3.6875,-0.4375
mistral_7b,14,valenced_opposite::epistemic::000,valenced_opposite,epistemic,valenced,opposite,-0.8,preference_control,-5.1875,-4.15625,1.1558456420898438,-3.07041072845459,1.1558456420898438,-3.07041072845459,-0.957282543182373,2.113128185272217,-5.1875,-4.15625,-4.671875,-0.515625
mistral_7b,14,valenced_opposite::epistemic::000,valenced_opposite,epistemic,valenced,opposite,-0.6,preference_control,-5.8125,-4.59375,0.5931968688964844,-2.773552417755127,0.5931968688964844,-2.773552417755127,-1.0901777744293213,1.6833746433258057,-5.8125,-4.59375,-5.203125,-0.609375
mistral_7b,14,valenced_opposite::epistemic::000,valenced_opposite,epistemic,valenced,opposite,-0.4,preference_control,-5.765625,-4.640625,0.3430900573730469,-2.726696014404297,0.3430900573730469,-2.726696014404297,-1.191802978515625,1.534893035888672,-5.765625,-4.640625,-5.203125,-0.5625
mistral_7b,14,valenced_opposite::epistemic::000,valenced_opposite,epistemic,valenced,opposite,-0.2,preference_control,-5.125,-4.546875,0.5616836547851562,-2.5469980239868164,0.5616836547851562,-2.5469980239868164,-0.99265718460083,1.5543408393859863,-5.125,-4.546875,-4.8359375,-0.2890625
mistral_7b,14,valenced_opposite::epistemic::000,valenced_opposite,epistemic,valenced,opposite,0.0,preference_control,-4.015625,-3.828125,0.6868515014648438,-2.1719536781311035,0.6868515014648438,-2.1719536781311035,-0.7425510883331299,1.4294025897979736,-4.015625,-3.828125,-3.921875,-0.09375
mistral_7b,14,valenced_opposite::epistemic::000,valenced_opposite,epistemic,valenced,opposite,0.2,preference_control,-1.90625,-2.28125,1.171735763549805,-1.2890900373458862,1.171735763549805,-1.2890900373458862,-0.0586771368980407,1.2304129004478457,-1.90625,-2.28125,-2.09375,0.1875
mistral_7b,14,valenced_opposite::epistemic::000,valenced_opposite,epistemic,valenced,opposite,0.4,preference_control,0.0,-0.5,1.2343504428863523,-0.1757929325103759,1.2343504428863523,-0.1757929325103759,0.5292787551879883,0.7050716876983643,0.0,-0.5,-0.25,0.25
mistral_7b,14,valenced_opposite::epistemic::000,valenced_opposite,epistemic,valenced,opposite,0.6,preference_control,1.5,0.4375,1.7636610269546509,0.5048742294311523,1.7636610269546509,0.5048742294311523,1.1342676281929016,0.6293933987617493,1.5,0.4375,0.96875,0.53125
mistral_7b,14,valenced_opposite::epistemic::000,valenced_opposite,epistemic,valenced,opposite,0.8,preference_control,2.625,1.125,2.658683180809021,1.1450426578521729,2.658683180809021,1.1450426578521729,1.901862919330597,0.7568202614784241,2.625,1.125,1.875,0.75
mistral_7b,14,valenced_opposite::epistemic::000,valenced_opposite,epistemic,valenced,opposite,1.0,preference_control,3.4375,1.6875,3.4460973739624023,1.6880261898040771,3.4460973739624023,1.6880261898040771,2.56706178188324,0.8790355920791626,3.4375,1.6875,2.5625,0.875
mistral_7b,14,valenced_opposite::epistemic::001,valenced_opposite,epistemic,valenced,opposite,-1.0,preference_control,0.953125,2.640625,0.9375,2.625,0.9375,2.625,1.78125,-0.84375,0.953125,2.640625,1.796875,-0.84375
mistral_7b,14,valenced_opposite::epistemic::001,valenced_opposite,epistemic,valenced,opposite,-0.8,preference_control,0.34375,2.3515625,0.375,2.3125,0.375,2.3125,1.34375,-0.96875,0.34375,2.3515625,1.34765625,-1.00390625
mistral_7b,14,valenced_opposite::epistemic::001,valenced_opposite,epistemic,valenced,opposite,-0.6,preference_control,-0.5,1.515625,-0.5,1.5,-0.5,1.5,0.5,-1.0,-0.5,1.515625,0.5078125,-1.0078125
mistral_7b,14,valenced_opposite::epistemic::001,valenced_opposite,epistemic,valenced,opposite,-0.4,preference_control,-1.515625,0.125,-1.5625,0.125,-1.5625,0.125,-0.71875,-0.84375,-1.515625,0.125,-0.6953125,-0.8203125
mistral_7b,14,valenced_opposite::epistemic::001,valenced_opposite,epistemic,valenced,opposite,-0.2,preference_control,-1.96875,-1.25,-1.9375,-1.25,-1.9375,-1.25,-1.59375,-0.34375,-1.96875,-1.25,-1.609375,-0.359375
mistral_7b,14,valenced_opposite::epistemic::001,valenced_opposite,epistemic,valenced,opposite,0.0,preference_control,-1.03125,-1.734375,-1.0625,-1.75,-1.0625,-1.75,-1.40625,0.34375,-1.03125,-1.734375,-1.3828125,0.3515625
mistral_7b,14,valenced_opposite::epistemic::001,valenced_opposite,epistemic,valenced,opposite,0.2,preference_control,2.84375,1.15625,2.875,1.15625,2.875,1.15625,2.015625,0.859375,2.84375,1.15625,2.0,0.84375
mistral_7b,14,valenced_opposite::epistemic::001,valenced_opposite,epistemic,valenced,opposite,0.4,preference_control,6.375,5.0625,6.375,5.09375,6.375,5.09375,5.734375,0.640625,6.375,5.0625,5.71875,0.65625
mistral_7b,14,valenced_opposite::epistemic::001,valenced_opposite,epistemic,valenced,opposite,0.6,preference_control,8.265625,6.71875,8.25,6.703125,8.25,6.703125,7.4765625,0.7734375,8.265625,6.71875,7.4921875,0.7734375
mistral_7b,14,valenced_opposite::epistemic::001,valenced_opposite,epistemic,valenced,opposite,0.8,preference_control,9.1484375,7.59375,9.1875,7.59375,9.1875,7.59375,8.390625,0.796875,9.1484375,7.59375,8.37109375,0.77734375
mistral_7b,14,valenced_opposite::epistemic::001,valenced_opposite,epistemic,valenced,opposite,1.0,preference_control,9.453125,7.875,9.46875,7.875,9.46875,7.875,8.671875,0.796875,9.453125,7.875,8.6640625,0.7890625
mistral_7b,14,valenced_opposite::epistemic::002,valenced_opposite,epistemic,valenced,opposite,-1.0,preference_control,-3.8125,7.375,-3.7031638622283936,7.605467557907104,-3.7031638622283936,7.605467557907104,1.9511518478393557,-5.654315710067749,-3.8125,7.375,1.78125,-5.59375
mistral_7b,14,valenced_opposite::epistemic::002,valenced_opposite,epistemic,valenced,opposite,-0.8,preference_control,-5.375,6.0,-5.046919941902161,6.256345748901367,-5.046919941902161,6.256345748901367,0.6047129034996033,-5.651632845401764,-5.375,6.0,0.3125,-5.6875
mistral_7b,14,valenced_opposite::epistemic::002,valenced_opposite,epistemic,valenced,opposite,-0.6,preference_control,-6.3125,5.1875,-6.046939492225647,5.24902081489563,-6.046939492225647,5.24902081489563,-0.3989593386650085,-5.647980153560638,-6.3125,5.1875,-0.5625,-5.75
mistral_7b,14,valenced_opposite::epistemic::002,valenced_opposite,epistemic,valenced,opposite,-0.4,preference_control,-5.625,4.875,-5.421965003013611,5.436521649360657,-5.421965003013611,5.436521649360657,0.0072783231735229,-5.429243326187134,-5.625,4.875,-0.375,-5.25
mistral_7b,14,valenced_opposite::epistemic::002,valenced_opposite,epistemic,valenced,opposite,-0.2,preference_control,-3.4375,6.375,-3.2188183069229126,6.437498450279236,-3.2188183069229126,6.437498450279236,1.6093400716781616,-4.828158378601074,-3.4375,6.375,1.46875,-4.90625
mistral_7b,14,valenced_opposite::epistemic::002,valenced_opposite,epistemic,valenced,opposite,0.0,preference_control,-0.625,9.46875,-0.7812678813934326,9.531245112419128,-0.7812678813934326,9.531245112419128,4.374988615512848,-5.1562564969062805,-0.625,9.46875,4.421875,-5.046875
mistral_7b,14,valenced_opposite::epistemic::002,valenced_opposite,epistemic,valenced,opposite,0.2,preference_control,2.5625,13.03125,2.335924506187439,13.01317834854126,2.335924506187439,13.01317834854126,7.674551427364349,-5.33862692117691,2.5625,13.03125,7.796875,-5.234375
mistral_7b,14,valenced_opposite::epistemic::002,valenced_opposite,epistemic,valenced,opposite,0.4,preference_control,6.4375,14.8125,6.169904470443726,14.815179467201231,6.169904470443726,14.815179467201231,10.49254196882248,-4.322637498378754,6.4375,14.8125,10.625,-4.1875
mistral_7b,14,valenced_opposite::epistemic::002,valenced_opposite,epistemic,valenced,opposite,0.6,preference_control,10.09375,15.578125,9.852515697479248,15.572014451026917,9.852515697479248,15.572014451026917,12.712265074253082,-2.8597493767738342,10.09375,15.578125,12.8359375,-2.7421875
mistral_7b,14,valenced_opposite::epistemic::002,valenced_opposite,epistemic,valenced,opposite,0.8,preference_control,11.0,15.625,10.75290548801422,15.625481367111206,10.75290548801422,15.625481367111206,13.189193427562714,-2.4362879395484924,11.0,15.625,13.3125,-2.3125
mistral_7b,14,valenced_opposite::epistemic::002,valenced_opposite,epistemic,valenced,opposite,1.0,preference_control,10.34375,15.265625,10.496071338653564,15.306145548820496,10.496071338653564,15.306145548820496,12.90110844373703,-2.4050371050834656,10.34375,15.265625,12.8046875,-2.4609375
mistral_7b,14,valenced_opposite::epistemic::003,valenced_opposite,epistemic,valenced,opposite,-1.0,preference_control,-7.96875,-8.71875,-7.960875511169434,-8.738227486610413,-7.960875511169434,-8.738227486610413,-8.349551498889923,0.3886759877204895,-7.96875,-8.71875,-8.34375,0.375
mistral_7b,14,valenced_opposite::epistemic::003,valenced_opposite,epistemic,valenced,opposite,-0.8,preference_control,-9.03125,-9.40625,-9.054632425308228,-9.386669278144836,-9.054632425308228,-9.386669278144836,-9.220650851726532,0.1660184264183044,-9.03125,-9.40625,-9.21875,0.1875
mistral_7b,14,valenced_opposite::epistemic::003,valenced_opposite,epistemic,valenced,opposite,-0.6,preference_control,-9.59375,-9.59375,-9.578071355819702,-9.57026505470276,-9.578071355819702,-9.57026505470276,-9.57416820526123,-0.0039031505584716,-9.59375,-9.59375,-9.59375,0.0
mistral_7b,14,valenced_opposite::epistemic::003,valenced_opposite,epistemic,valenced,opposite,-0.4,preference_control,-9.15625,-9.34375,-9.16401731967926,-9.320265173912048,-9.16401731967926,-9.320265173912048,-9.242141246795654,0.078123927116394,-9.15625,-9.34375,-9.25,0.09375
mistral_7b,14,valenced_opposite::epistemic::003,valenced_opposite,epistemic,valenced,opposite,-0.2,preference_control,-8.15625,-8.5,-8.132765650749207,-8.476511836051941,-8.132765650749207,-8.476511836051941,-8.304638743400574,0.1718730926513672,-8.15625,-8.5,-8.328125,0.171875
mistral_7b,14,valenced_opposite::epistemic::003,valenced_opposite,epistemic,valenced,opposite,0.0,preference_control,-7.34375,-7.34375,-7.343708515167236,-7.355409145355225,-7.343708515167236,-7.355409145355225,-7.3495588302612305,0.0058503150939941,-7.34375,-7.34375,-7.34375,0.0
mistral_7b,14,valenced_opposite::epistemic::003,valenced_opposite,epistemic,valenced,opposite,0.2,preference_control,-6.375,-6.0625,-6.3515236377716064,-6.074161767959595,-6.3515236377716064,-6.074161767959595,-6.212842702865601,-0.1386809349060058,-6.375,-6.0625,-6.21875,-0.15625
mistral_7b,14,valenced_opposite::epistemic::003,valenced_opposite,epistemic,valenced,opposite,0.4,preference_control,-3.6875,-4.09375,-3.6952794790267935,-4.09760046005249,-3.6952794790267935,-4.09760046005249,-3.8964399695396414,0.2011604905128479,-3.6875,-4.09375,-3.890625,0.203125
mistral_7b,14,valenced_opposite::epistemic::003,valenced_opposite,epistemic,valenced,opposite,0.6,preference_control,1.1875,-0.6875,1.1875386238098145,-0.6874279975891113,1.1875386238098145,-0.6874279975891113,0.2500553131103515,0.9374833106994628,1.1875,-0.6875,0.25,0.9375
mistral_7b,14,valenced_opposite::epistemic::003,valenced_opposite,epistemic,valenced,opposite,0.8,preference_control,5.15625,2.6875,5.156333327293396,2.6798020601272583,5.156333327293396,2.6798020601272583,3.918067693710327,1.2382656335830688,5.15625,2.6875,3.921875,1.234375
mistral_7b,14,valenced_opposite::epistemic::003,valenced_opposite,epistemic,valenced,opposite,1.0,preference_control,7.125,4.875,7.148887991905212,4.879166126251221,7.148887991905212,4.879166126251221,6.0140270590782166,1.1348609328269958,7.125,4.875,6.0,1.125
mistral_7b,14,valenced_opposite::epistemic::004,valenced_opposite,epistemic,valenced,opposite,-1.0,preference_control,-3.4375,-4.15625,-3.4375,-4.125,-3.4375,-4.125,-3.78125,0.34375,-3.4375,-4.15625,-3.796875,0.359375
mistral_7b,14,valenced_opposite::epistemic::004,valenced_opposite,epistemic,valenced,opposite,-0.8,preference_control,-4.0625,-4.75,-4.0625,-4.71875,-4.0625,-4.71875,-4.390625,0.328125,-4.0625,-4.75,-4.40625,0.34375
mistral_7b,14,valenced_opposite::epistemic::004,valenced_opposite,epistemic,valenced,opposite,-0.6,preference_control,-4.65625,-5.34375,-4.65625,-5.3125,-4.65625,-5.3125,-4.984375,0.328125,-4.65625,-5.34375,-5.0,0.34375
mistral_7b,14,valenced_opposite::epistemic::004,valenced_opposite,epistemic,valenced,opposite,-0.4,preference_control,-4.90625,-5.8125,-4.890625,-5.8125,-4.890625,-5.8125,-5.3515625,0.4609375,-4.90625,-5.8125,-5.359375,0.453125
mistral_7b,14,valenced_opposite::epistemic::004,valenced_opposite,epistemic,valenced,opposite,-0.2,preference_control,-4.5625,-5.90625,-4.546875,-5.921875,-4.546875,-5.921875,-5.234375,0.6875,-4.5625,-5.90625,-5.234375,0.671875
mistral_7b,14,valenced_opposite::epistemic::004,valenced_opposite,epistemic,valenced,opposite,0.0,preference_control,-3.65625,-5.53125,-3.671875,-5.515625,-3.671875,-5.515625,-4.59375,0.921875,-3.65625,-5.53125,-4.59375,0.9375
mistral_7b,14,valenced_opposite::epistemic::004,valenced_opposite,epistemic,valenced,opposite,0.2,preference_control,-2.125,-4.875,-2.125,-4.890625,-2.125,-4.890625,-3.5078125,1.3828125,-2.125,-4.875,-3.5,1.375
mistral_7b,14,valenced_opposite::epistemic::004,valenced_opposite,epistemic,valenced,opposite,0.4,preference_control,0.5625,-3.65625,0.5625,-3.65625,0.5625,-3.65625,-1.546875,2.109375,0.5625,-3.65625,-1.546875,2.109375
mistral_7b,14,valenced_opposite::epistemic::004,valenced_opposite,epistemic,valenced,opposite,0.6,preference_control,2.8125,-1.375,2.8046875,-1.375,2.8046875,-1.375,0.71484375,2.08984375,2.8125,-1.375,0.71875,2.09375
mistral_7b,14,valenced_opposite::epistemic::004,valenced_opposite,epistemic,valenced,opposite,0.8,preference_control,4.625,0.8125,4.625,0.8203125,4.625,0.8203125,2.72265625,1.90234375,4.625,0.8125,2.71875,1.90625
mistral_7b,14,valenced_opposite::epistemic::004,valenced_opposite,epistemic,valenced,opposite,1.0,preference_control,5.625,1.9375,5.609375,1.9375,5.609375,1.9375,3.7734375,1.8359375,5.625,1.9375,3.78125,1.84375
mistral_7b,14,valenced_opposite::epistemic::005,valenced_opposite,epistemic,valenced,opposite,-1.0,preference_control,-3.234375,-4.59375,1.9062355756759644,-4.720202326774597,1.9062355756759644,-4.720202326774597,-1.4069833755493164,3.3132189512252808,-3.234375,-4.59375,-3.9140625,0.6796875
mistral_7b,14,valenced_opposite::epistemic::005,valenced_opposite,epistemic,valenced,opposite,-0.8,preference_control,-4.125,-5.6875,1.9687025547027588,-5.410441040992737,1.9687025547027588,-5.410441040992737,-1.720869243144989,3.689571797847748,-4.125,-5.6875,-4.90625,0.78125
mistral_7b,14,valenced_opposite::epistemic::005,valenced_opposite,epistemic,valenced,opposite,-0.6,preference_control,-4.78125,-6.25,1.5933126211166382,-5.163038015365601,1.5933126211166382,-5.163038015365601,-1.7848626971244812,3.3781753182411194,-4.78125,-6.25,-5.515625,0.734375
mistral_7b,14,valenced_opposite::epistemic::005,valenced_opposite,epistemic,valenced,opposite,-0.4,preference_control,-5.1875,-6.2890625,1.654313564300537,-4.1745452880859375,1.654313564300537,-4.1745452880859375,-1.2601158618927002,2.9144294261932373,-5.1875,-6.2890625,-5.73828125,0.55078125
mistral_7b,14,valenced_opposite::epistemic::005,valenced_opposite,epistemic,valenced,opposite,-0.2,preference_control,-5.4609375,-6.515625,1.5271531343460083,-3.674439668655396,1.5271531343460083,-3.674439668655396,-1.0736432671546936,2.600796401500702,-5.4609375,-6.515625,-5.98828125,0.52734375
mistral_7b,14,valenced_opposite::epistemic::005,valenced_opposite,epistemic,valenced,opposite,0.0,preference_control,-5.4375,-6.83984375,1.2795432806015017,-3.611923813819885,1.2795432806015017,-3.611923813819885,-1.166190266609192,2.4457335472106934,-5.4375,-6.83984375,-6.138671875,0.701171875
mistral_7b,14,valenced_opposite::epistemic::005,valenced_opposite,epistemic,valenced,opposite,0.2,preference_control,-4.375,-6.74609375,2.218625068664551,-3.830346822738648,2.218625068664551,-3.830346822738648,-0.8058608770370483,3.024485945701599,-4.375,-6.74609375,-5.560546875,1.185546875
mistral_7b,14,valenced_opposite::epistemic::005,valenced_opposite,epistemic,valenced,opposite,0.4,preference_control,-2.03125,-5.484375,4.468748688697815,-3.664100050926209,4.468748688697815,-3.664100050926209,0.4023243188858032,4.066424369812012,-2.03125,-5.484375,-3.7578125,1.7265625
mistral_7b,14,valenced_opposite::epistemic::005,valenced_opposite,epistemic,valenced,opposite,0.6,preference_control,1.21875,-2.9375,5.9999998807907104,-2.708997964859009,5.9999998807907104,-2.708997964859009,1.6455009579658508,4.35449892282486,1.21875,-2.9375,-0.859375,2.078125
mistral_7b,14,valenced_opposite::epistemic::005,valenced_opposite,epistemic,valenced,opposite,0.8,preference_control,3.5,-0.625,6.328124761581421,-0.8463253974914551,6.328124761581421,-0.8463253974914551,2.740899682044983,3.587225079536438,3.5,-0.625,1.4375,2.0625
mistral_7b,14,valenced_opposite::epistemic::005,valenced_opposite,epistemic,valenced,opposite,1.0,preference_control,4.75,0.5625,5.960937261581421,0.38432776927948,5.960937261581421,0.38432776927948,3.1726325154304504,2.7883047461509705,4.75,0.5625,2.65625,2.09375
mistral_7b,14,valenced_opposite::epistemic::006,valenced_opposite,epistemic,valenced,opposite,-1.0,preference_control,0.3125,-1.375,0.2440356016159057,-1.642573595046997,0.2440356016159057,-1.642573595046997,-0.6992689967155457,0.9433045983314514,0.3125,-1.375,-0.53125,0.84375
mistral_7b,14,valenced_opposite::epistemic::006,valenced_opposite,epistemic,valenced,opposite,-0.8,preference_control,-0.03125,-2.6875,0.0137099027633667,-3.255854845046997,0.0137099027633667,-3.255854845046997,-1.6210724711418152,1.634782373905182,-0.03125,-2.6875,-1.359375,1.328125
mistral_7b,14,valenced_opposite::epistemic::006,valenced_opposite,epistemic,valenced,opposite,-0.6,preference_control,0.1875,-4.21875,-0.162788987159729,-5.593745112419128,-0.162788987159729,-5.593745112419128,-2.8782670497894287,2.7154780626297,0.1875,-4.21875,-2.015625,2.203125
mistral_7b,14,valenced_opposite::epistemic::006,valenced_opposite,epistemic,valenced,opposite,-0.4,preference_control,0.65625,-4.8125,0.1573561429977417,-7.0624929666519165,0.1573561429977417,-7.0624929666519165,-3.4525684118270874,3.609924554824829,0.65625,-4.8125,-2.078125,2.734375
mistral_7b,14,valenced_opposite::epistemic::006,valenced_opposite,epistemic,valenced,opposite,-0.2,preference_control,0.859375,-4.40625,0.3916103839874267,-7.156232118606567,0.3916103839874267,-7.156232118606567,-3.3823108673095703,3.773921251296997,0.859375,-4.40625,-1.7734375,2.6328125
mistral_7b,14,valenced_opposite::epistemic::006,valenced_opposite,epistemic,valenced,opposite,0.0,preference_control,0.78125,-3.375,1.0014760494232178,-5.921817421913147,1.0014760494232178,-5.921817421913147,-2.4601706862449646,3.4616467356681824,0.78125,-3.375,-1.296875,2.078125
mistral_7b,14,valenced_opposite::epistemic::006,valenced_opposite,epistemic,valenced,opposite,0.2,preference_control,1.71875,-2.453125,1.8025681972503664,-2.50386643409729,1.8025681972503664,-2.50386643409729,-0.3506491184234619,2.153217315673828,1.71875,-2.453125,-0.3671875,2.0859375
mistral_7b,14,valenced_opposite::epistemic::006,valenced_opposite,epistemic,valenced,opposite,0.4,preference_control,3.78125,-1.4375,3.594971776008606,-1.5943609476089478,3.594971776008606,-1.5943609476089478,1.000305414199829,2.594666361808777,3.78125,-1.4375,1.171875,2.609375
mistral_7b,14,valenced_opposite::epistemic::006,valenced_opposite,epistemic,valenced,opposite,0.6,preference_control,7.296875,0.5,7.118783235549927,0.3124226331710815,7.118783235549927,0.3124226331710815,3.715602934360504,3.4031803011894226,7.296875,0.5,3.8984375,3.3984375
mistral_7b,14,valenced_opposite::epistemic::006,valenced_opposite,epistemic,valenced,opposite,0.8,preference_control,9.625,4.15625,9.55561661720276,4.179661750793457,9.55561661720276,4.179661750793457,6.867639183998108,2.687977433204651,9.625,4.15625,6.890625,2.734375
mistral_7b,14,valenced_opposite::epistemic::006,valenced_opposite,epistemic,valenced,opposite,1.0,preference_control,10.46875,5.84375,10.434825778007507,5.687481164932251,10.434825778007507,5.687481164932251,8.06115347146988,2.373672306537628,10.46875,5.84375,8.15625,2.3125
mistral_7b,14,valenced_opposite::epistemic::007,valenced_opposite,epistemic,valenced,opposite,-1.0,preference_control,1.6796875,-2.3984375,1.687366604804993,-2.438790202140808,1.687366604804993,-2.438790202140808,-0.3757117986679077,2.0630784034729004,1.6796875,-2.3984375,-0.359375,2.0390625
mistral_7b,14,valenced_opposite::epistemic::007,valenced_opposite,epistemic,valenced,opposite,-0.8,preference_control,0.953125,-2.54296875,0.999820590019226,-2.564798355102539,0.999820590019226,-2.564798355102539,-0.7824888825416565,1.7823094725608826,0.953125,-2.54296875,-0.794921875,1.748046875
mistral_7b,14,valenced_opposite::epistemic::007,valenced_opposite,epistemic,valenced,opposite,-0.6,preference_control,0.6044921875,-2.3984375,0.6872273683547974,-2.3802738189697266,0.6872273683547974,-2.3802738189697266,-0.8465232253074646,1.533750593662262,0.6044921875,-2.3984375,-0.89697265625,1.50146484375
mistral_7b,14,valenced_opposite::epistemic::007,valenced_opposite,epistemic,valenced,opposite,-0.4,preference_control,0.4072265625,-2.01171875,0.4370951652526855,-1.8863446712493896,0.4370951652526855,-1.8863446712493896,-0.724624752998352,1.1617199182510376,0.4072265625,-2.01171875,-0.80224609375,1.20947265625
mistral_7b,14,valenced_opposite::epistemic::007,valenced_opposite,epistemic,valenced,opposite,-0.2,preference_control,0.19921875,-1.61328125,0.2494916915893554,-1.5795774459838867,0.2494916915893554,-1.5795774459838867,-0.6650428771972656,0.9145345687866212,0.19921875,-1.61328125,-0.70703125,0.90625
mistral_7b,14,valenced_opposite::epistemic::007,valenced_opposite,epistemic,valenced,opposite,0.0,preference_control,0.21484375,-1.3984375,0.124435544013977,-1.456279754638672,0.124435544013977,-1.456279754638672,-0.6659221053123474,0.7903576493263245,0.21484375,-1.3984375,-0.591796875,0.806640625
mistral_7b,14,valenced_opposite::epistemic::007,valenced_opposite,epistemic,valenced,opposite,0.2,preference_control,0.30078125,-1.5,0.31220543384552,-1.4431360960006714,0.31220543384552,-1.4431360960006714,-0.5654653310775757,0.8776707649230957,0.30078125,-1.5,-0.599609375,0.900390625
mistral_7b,14,valenced_opposite::epistemic::007,valenced_opposite,epistemic,valenced,opposite,0.4,preference_control,0.77294921875,-1.640625,0.6874545812606812,-1.688466191291809,0.6874545812606812,-1.688466191291809,-0.500505805015564,1.1879603862762451,0.77294921875,-1.640625,-0.433837890625,1.206787109375
mistral_7b,14,valenced_opposite::epistemic::007,valenced_opposite,epistemic,valenced,opposite,0.6,preference_control,2.875,-1.125,2.749966502189636,-1.1254757642745972,2.749966502189636,-1.1254757642745972,0.8122453689575195,1.9377211332321167,2.875,-1.125,0.875,2.0
mistral_7b,14,valenced_opposite::epistemic::007,valenced_opposite,epistemic,valenced,opposite,0.8,preference_control,5.625,0.1875,5.468716740608215,0.1246306896209716,5.468716740608215,0.1246306896209716,2.796673715114593,2.672043025493622,5.625,0.1875,2.90625,2.71875
mistral_7b,14,valenced_opposite::epistemic::007,valenced_opposite,epistemic,valenced,opposite,1.0,preference_control,7.046875,0.90625,6.9062159061431885,0.93720543384552,6.9062159061431885,0.93720543384552,3.921710669994354,2.9845052361488342,7.046875,0.90625,3.9765625,3.0703125
mistral_7b,14,valenced_opposite::epistemic::008,valenced_opposite,epistemic,valenced,opposite,-1.0,preference_control,-3.6875,2.1875,-3.703174710273743,2.1933608055114746,-3.703174710273743,2.1933608055114746,-0.754906952381134,-2.9482677578926086,-3.6875,2.1875,-0.75,-2.9375
mistral_7b,14,valenced_opposite::epistemic::008,valenced_opposite,epistemic,valenced,opposite,-0.8,preference_control,-3.875,0.875,-3.867249846458435,0.875001072883606,-3.867249846458435,0.875001072883606,-1.4961243867874146,-2.3711254596710205,-3.875,0.875,-1.5,-2.375
mistral_7b,14,valenced_opposite::epistemic::008,valenced_opposite,epistemic,valenced,opposite,-0.6,preference_control,-3.625,-0.25,-3.617264151573181,-0.2499995231628418,-3.617264151573181,-0.2499995231628418,-1.9336318373680117,-1.6836323142051697,-3.625,-0.25,-1.9375,-1.6875
mistral_7b,14,valenced_opposite::epistemic::008,valenced_opposite,epistemic,valenced,opposite,-0.4,preference_control,-2.5,-1.0,-2.484440803527832,-1.0000008344650269,-2.484440803527832,-1.0000008344650269,-1.7422208189964294,-0.7422199845314026,-2.5,-1.0,-1.75,-0.75
mistral_7b,14,valenced_opposite::epistemic::008,valenced_opposite,epistemic,valenced,opposite,-0.2,preference_control,0.1875,-0.5,0.1874805688858032,-0.4843767881393432,0.1874805688858032,-0.4843767881393432,-0.14844810962677,0.3359286785125732,0.1875,-0.5,-0.15625,0.34375
mistral_7b,14,valenced_opposite::epistemic::008,valenced_opposite,epistemic,valenced,opposite,0.0,preference_control,4.3125,1.25,4.31248939037323,1.2656216621398926,4.31248939037323,1.2656216621398926,2.7890555262565613,1.5234338641166687,4.3125,1.25,2.78125,1.53125
mistral_7b,14,valenced_opposite::epistemic::008,valenced_opposite,epistemic,valenced,opposite,0.2,preference_control,7.53125,4.28125,7.51171350479126,4.281247138977051,7.51171350479126,4.281247138977051,5.896480321884155,1.6152331829071045,7.53125,4.28125,5.90625,1.625
mistral_7b,14,valenced_opposite::epistemic::008,valenced_opposite,epistemic,valenced,opposite,0.4,preference_control,11.0,7.78125,11.00000023841858,7.761717796325684,11.00000023841858,7.761717796325684,9.380859017372131,1.6191412210464478,11.0,7.78125,9.390625,1.609375
mistral_7b,14,valenced_opposite::epistemic::008,valenced_opposite,epistemic,valenced,opposite,0.6,preference_control,12.71875,9.78125,12.714850187301636,9.7890647649765,12.714850187301636,9.7890647649765,11.251957476139069,1.4628927111625671,12.71875,9.78125,11.25,1.46875
mistral_7b,14,valenced_opposite::epistemic::008,valenced_opposite,epistemic,valenced,opposite,0.8,preference_control,13.078125,10.6875,13.09351670742035,10.699221968650818,13.09351670742035,10.699221968650818,11.896369338035583,1.1971473693847656,13.078125,10.6875,11.8828125,1.1953125
mistral_7b,14,valenced_opposite::epistemic::008,valenced_opposite,epistemic,valenced,opposite,1.0,preference_control,12.6875,10.65625,12.69141674041748,10.64453423023224,12.69141674041748,10.64453423023224,11.66797548532486,1.0234412550926208,12.6875,10.65625,11.671875,1.015625
mistral_7b,14,valenced_opposite::epistemic::009,valenced_opposite,epistemic,valenced,opposite,-1.0,preference_control,0.25,12.765625,0.2500097751617431,12.792981266975405,0.2500097751617431,12.792981266975405,6.521495521068573,-6.27148574590683,0.25,12.765625,6.5078125,-6.2578125
mistral_7b,14,valenced_opposite::epistemic::009,valenced_opposite,epistemic,valenced,opposite,-0.8,preference_control,0.125,13.53125,0.1250094175338745,13.51564109325409,0.1250094175338745,13.51564109325409,6.820325255393982,-6.695315837860107,0.125,13.53125,6.828125,-6.703125
mistral_7b,14,valenced_opposite::epistemic::009,valenced_opposite,epistemic,valenced,opposite,-0.6,preference_control,-0.375,13.578125,-0.3749988079071045,13.609404683113098,-0.3749988079071045,13.609404683113098,6.617202937602997,-6.992201745510101,-0.375,13.578125,6.6015625,-6.9765625
mistral_7b,14,valenced_opposite::epistemic::009,valenced_opposite,epistemic,valenced,opposite,-0.4,preference_control,0.71875,13.1171875,0.7187116146087646,13.117250084877014,0.7187116146087646,13.117250084877014,6.917980849742889,-6.199269235134125,0.71875,13.1171875,6.91796875,-6.19921875
mistral_7b,14,valenced_opposite::epistemic::009,valenced_opposite,epistemic,valenced,opposite,-0.2,preference_control,2.0,11.828125,1.999882698059082,11.804779767990112,1.999882698059082,11.804779767990112,6.902331233024597,-4.902448534965515,2.0,11.828125,6.9140625,-4.9140625
mistral_7b,14,valenced_opposite::epistemic::009,valenced_opposite,epistemic,valenced,opposite,0.0,preference_control,3.59375,11.15625,3.5624682903289795,11.164126634597778,3.5624682903289795,11.164126634597778,7.363297462463379,-3.8008291721344,3.59375,11.15625,7.375,-3.78125
mistral_7b,14,valenced_opposite::epistemic::009,valenced_opposite,epistemic,valenced,opposite,0.2,preference_control,6.21875,10.875,6.203122615814209,10.847679376602173,6.203122615814209,10.847679376602173,8.525400996208191,-2.322278380393982,6.21875,10.875,8.546875,-2.328125
mistral_7b,14,valenced_opposite::epistemic::009,valenced_opposite,epistemic,valenced,opposite,0.4,preference_control,8.9375,11.5,8.94140362739563,11.511728882789612,8.94140362739563,11.511728882789612,10.22656625509262,-1.285162627696991,8.9375,11.5,10.21875,-1.28125
mistral_7b,14,valenced_opposite::epistemic::009,valenced_opposite,epistemic,valenced,opposite,0.6,preference_control,11.375,12.46875,11.347654938697817,12.498061180114746,11.347654938697817,12.498061180114746,11.92285805940628,-0.5752031207084656,11.375,12.46875,11.921875,-0.546875
mistral_7b,14,valenced_opposite::epistemic::009,valenced_opposite,epistemic,valenced,opposite,0.8,preference_control,12.78125,12.5,12.78906226158142,12.52932322025299,12.78906226158142,12.52932322025299,12.659192740917206,0.1298695206642151,12.78125,12.5,12.640625,0.140625
mistral_7b,14,valenced_opposite::epistemic::009,valenced_opposite,epistemic,valenced,opposite,1.0,preference_control,12.65625,11.90625,12.63281500339508,11.902374505996704,12.63281500339508,11.902374505996704,12.267594754695892,0.3652202486991882,12.65625,11.90625,12.28125,0.375
mistral_7b,14,valenced_opposite::epistemic::010,valenced_opposite,epistemic,valenced,opposite,-1.0,preference_control,-10.59375,-2.5,-10.61715805530548,-2.5019270181655884,-10.61715805530548,-2.5019270181655884,-6.559542536735535,-4.057615518569946,-10.59375,-2.5,-6.546875,-4.046875
mistral_7b,14,valenced_opposite::epistemic::010,valenced_opposite,epistemic,valenced,opposite,-0.8,preference_control,-11.453125,-3.625,-11.433568358421326,-3.6220449209213257,-11.433568358421326,-3.6220449209213257,-7.527806639671326,-3.90576171875,-11.453125,-3.625,-7.5390625,-3.9140625
mistral_7b,14,valenced_opposite::epistemic::010,valenced_opposite,epistemic,valenced,opposite,-0.6,preference_control,-11.609375,-4.1875,-11.589823842048643,-4.176733493804932,-11.589823842048643,-4.176733493804932,-7.883278667926788,-3.7065451741218567,-11.609375,-4.1875,-7.8984375,-3.7109375
mistral_7b,14,valenced_opposite::epistemic::010,valenced_opposite,epistemic,valenced,opposite,-0.4,preference_control,-11.359375,-3.75,-11.382793068885803,-3.7421637773513794,-11.382793068885803,-3.7421637773513794,-7.562478423118591,-3.820314645767212,-11.359375,-3.75,-7.5546875,-3.8046875
mistral_7b,14,valenced_opposite::epistemic::010,valenced_opposite,epistemic,valenced,opposite,-0.2,preference_control,-9.40625,-2.5625,-9.40232479572296,-2.554654121398926,-9.40232479572296,-2.554654121398926,-5.978489458560944,-3.423835337162018,-9.40625,-2.5625,-5.984375,-3.421875
mistral_7b,14,valenced_opposite::epistemic::010,valenced_opposite,epistemic,valenced,opposite,0.0,preference_control,-3.5625,-1.0625,-3.554657340049744,-1.0663585662841797,-3.554657340049744,-1.0663585662841797,-2.3105079531669617,-1.244149386882782,-3.5625,-1.0625,-2.3125,-1.25
mistral_7b,14,valenced_opposite::epistemic::010,valenced_opposite,epistemic,valenced,opposite,0.2,preference_control,1.5,1.0625,1.503950119018555,1.066467046737671,1.503950119018555,1.066467046737671,1.2852085828781128,0.2187415361404419,1.5,1.0625,1.28125,0.21875
mistral_7b,14,valenced_opposite::epistemic::010,valenced_opposite,epistemic,valenced,opposite,0.4,preference_control,5.9375,4.25,5.9297380447387695,4.244209289550781,5.9297380447387695,4.244209289550781,5.086973667144775,0.8427643775939941,5.9375,4.25,5.09375,0.84375
mistral_7b,14,valenced_opposite::epistemic::010,valenced_opposite,epistemic,valenced,opposite,0.6,preference_control,10.09375,6.75,10.085997581481934,6.752997875213623,10.085997581481934,6.752997875213623,8.419497728347778,1.6664998531341553,10.09375,6.75,8.421875,1.671875
mistral_7b,14,valenced_opposite::epistemic::010,valenced_opposite,epistemic,valenced,opposite,0.8,preference_control,11.9375,7.375,11.927828788757324,7.364327430725098,11.927828788757324,7.364327430725098,9.646078109741213,2.2817506790161133,11.9375,7.375,9.65625,2.28125
mistral_7b,14,valenced_opposite::epistemic::010,valenced_opposite,epistemic,valenced,opposite,1.0,preference_control,12.125,7.375,12.132915019989014,7.370206832885742,12.132915019989014,7.370206832885742,9.751560926437378,2.381354093551636,12.125,7.375,9.75,2.375
mistral_7b,14,valenced_opposite::epistemic::011,valenced_opposite,epistemic,valenced,opposite,-1.0,preference_control,2.0,3.90625,1.8008601665496826,3.749933362007141,1.8008601665496826,3.749933362007141,2.775396764278412,-0.9745365977287292,2.0,3.90625,2.953125,-0.953125
mistral_7b,14,valenced_opposite::epistemic::011,valenced_opposite,epistemic,valenced,opposite,-0.8,preference_control,1.5,2.4375,1.2423444986343384,2.4686542749404907,1.2423444986343384,2.4686542749404907,1.8554993867874143,-0.6131548881530762,1.5,2.4375,1.96875,-0.46875
mistral_7b,14,valenced_opposite::epistemic::011,valenced_opposite,epistemic,valenced,opposite,-0.6,preference_control,1.875,1.78125,1.7502011060714722,1.999855756759644,1.7502011060714722,1.999855756759644,1.8750284314155576,-0.1248273253440857,1.875,1.78125,1.828125,0.046875
mistral_7b,14,valenced_opposite::epistemic::011,valenced_opposite,epistemic,valenced,opposite,-0.4,preference_control,2.75,2.3125,2.7503758668899536,2.406002879142761,2.7503758668899536,2.406002879142761,2.5781893730163574,0.1721864938735962,2.75,2.3125,2.53125,0.21875
mistral_7b,14,valenced_opposite::epistemic::011,valenced_opposite,epistemic,valenced,opposite,-0.2,preference_control,3.875,2.71875,3.938341498374939,2.7497259378433228,3.938341498374939,2.7497259378433228,3.344033718109131,0.5943077802658081,3.875,2.71875,3.296875,0.578125
mistral_7b,14,valenced_opposite::epistemic::011,valenced_opposite,epistemic,valenced,opposite,0.0,preference_control,6.40625,2.875,6.15982449054718,2.937232494354248,6.15982449054718,2.937232494354248,4.548528492450714,1.611295998096466,6.40625,2.875,4.640625,1.765625
mistral_7b,14,valenced_opposite::epistemic::011,valenced_opposite,epistemic,valenced,opposite,0.2,preference_control,9.390625,4.125,9.354318857192991,4.109217166900635,9.354318857192991,4.109217166900635,6.731768012046814,2.622550845146179,9.390625,4.125,6.7578125,2.6328125
mistral_7b,14,valenced_opposite::epistemic::011,valenced_opposite,epistemic,valenced,opposite,0.4,preference_control,12.0625,6.03125,12.134727358818054,6.12887454032898,12.134727358818054,6.12887454032898,9.131800949573517,3.0029264092445374,12.0625,6.03125,9.046875,3.015625
mistral_7b,14,valenced_opposite::epistemic::011,valenced_opposite,epistemic,valenced,opposite,0.6,preference_control,14.5,6.78125,14.576380014419556,6.465107798576355,14.576380014419556,6.465107798576355,10.520743906497955,4.0556361079216,14.5,6.78125,10.640625,3.859375
mistral_7b,14,valenced_opposite::epistemic::011,valenced_opposite,epistemic,valenced,opposite,0.8,preference_control,15.59375,5.875,15.817529559135435,5.817863345146179,15.817529559135435,5.817863345146179,10.817696452140808,4.999833106994629,15.59375,5.875,10.734375,4.859375
mistral_7b,14,valenced_opposite::epistemic::011,valenced_opposite,epistemic,valenced,opposite,1.0,preference_control,15.9921875,4.5,16.02590012550354,4.471171498298645,16.02590012550354,4.471171498298645,10.248535811901093,5.777364313602448,15.9921875,4.5,10.24609375,5.74609375
mistral_7b,14,valenced_opposite::epistemic::012,valenced_opposite,epistemic,valenced,opposite,-1.0,preference_control,-0.71875,-4.984375,-0.6249711513519287,-4.968465685844421,-0.6249711513519287,-4.968465685844421,-2.796718418598175,2.1717472672462463,-0.71875,-4.984375,-2.8515625,2.1328125
mistral_7b,14,valenced_opposite::epistemic::012,valenced_opposite,epistemic,valenced,opposite,-0.8,preference_control,-0.9375,-5.421875,-0.6874754428863525,-5.374729514122009,-0.6874754428863525,-5.374729514122009,-3.031102478504181,2.3436270356178284,-0.9375,-5.421875,-3.1796875,2.2421875
mistral_7b,14,valenced_opposite::epistemic::012,valenced_opposite,epistemic,valenced,opposite,-0.6,preference_control,-0.84375,-5.734375,-0.7499785423278809,-5.5622265338897705,-0.7499785423278809,-5.5622265338897705,-3.1561025381088257,2.406123995780945,-0.84375,-5.734375,-3.2890625,2.4453125
mistral_7b,14,valenced_opposite::epistemic::012,valenced_opposite,epistemic,valenced,opposite,-0.4,preference_control,-0.65625,-5.484375,-0.499979019165039,-5.343521952629089,-0.499979019165039,-5.343521952629089,-2.921750485897064,2.421771466732025,-0.65625,-5.484375,-3.0703125,2.4140625
mistral_7b,14,valenced_opposite::epistemic::012,valenced_opposite,epistemic,valenced,opposite,-0.2,preference_control,-0.0625,-4.6875,2.3484230041503903e-05,-4.593586564064026,2.3484230041503903e-05,-4.593586564064026,-2.296781539916992,2.2968050241470337,-0.0625,-4.6875,-2.375,2.3125
mistral_7b,14,valenced_opposite::epistemic::012,valenced_opposite,epistemic,valenced,opposite,0.0,preference_control,1.0625,-3.46875,1.1875418424606323,-3.312365174293518,1.1875418424606323,-3.312365174293518,-1.0624116659164429,2.249953508377075,1.0625,-3.46875,-1.203125,2.265625
mistral_7b,14,valenced_opposite::epistemic::012,valenced_opposite,epistemic,valenced,opposite,0.2,preference_control,2.15625,-1.8125,2.250100255012512,-1.7186263799667358,2.250100255012512,-1.7186263799667358,0.2657369375228882,1.984363317489624,2.15625,-1.8125,0.171875,1.984375
mistral_7b,14,valenced_opposite::epistemic::012,valenced_opposite,epistemic,valenced,opposite,0.4,preference_control,3.375,0.0625,3.437666416168213,0.2188445329666137,3.437666416168213,0.2188445329666137,1.828255474567413,1.6094109416007996,3.375,0.0625,1.71875,1.65625
mistral_7b,14,valenced_opposite::epistemic::012,valenced_opposite,epistemic,valenced,opposite,0.6,preference_control,4.453125,2.0,4.562705636024475,2.00007963180542,4.562705636024475,2.00007963180542,3.2813926339149475,1.2813130021095276,4.453125,2.0,3.2265625,1.2265625
mistral_7b,14,valenced_opposite::epistemic::012,valenced_opposite,epistemic,valenced,opposite,0.8,preference_control,5.1875,3.0625,5.125296831130981,3.062596321105957,5.125296831130981,3.062596321105957,4.093946576118469,1.0313502550125122,5.1875,3.0625,4.125,1.0625
mistral_7b,14,valenced_opposite::epistemic::012,valenced_opposite,epistemic,valenced,opposite,1.0,preference_control,5.609375,3.8125,5.656853914260864,3.8282567262649536,5.656853914260864,3.8282567262649536,4.742555320262909,0.9142985939979552,5.609375,3.8125,4.7109375,0.8984375
mistral_7b,14,valenced_opposite::epistemic::013,valenced_opposite,epistemic,valenced,opposite,-1.0,preference_control,-4.9375,-4.40625,-4.946035742759705,-4.392118096351624,-4.946035742759705,-4.392118096351624,-4.669076919555664,-0.2769588232040405,-4.9375,-4.40625,-4.671875,-0.265625
mistral_7b,14,valenced_opposite::epistemic::013,valenced_opposite,epistemic,valenced,opposite,-0.8,preference_control,-5.4375,-4.03125,-5.431265830993652,-4.017323017120361,-5.431265830993652,-4.017323017120361,-4.724294424057007,-0.7069714069366455,-5.4375,-4.03125,-4.734375,-0.703125
mistral_7b,14,valenced_opposite::epistemic::013,valenced_opposite,epistemic,valenced,opposite,-0.6,preference_control,-5.46875,-3.125,-5.46527361869812,-3.126452803611756,-5.46527361869812,-3.126452803611756,-4.295863211154938,-1.1694104075431824,-5.46875,-3.125,-4.296875,-1.171875
mistral_7b,14,valenced_opposite::epistemic::013,valenced_opposite,epistemic,valenced,opposite,-0.4,preference_control,-4.84375,-2.109375,-4.853005170822144,-2.095287919044494,-4.853005170822144,-2.095287919044494,-3.474146544933319,-1.3788586258888245,-4.84375,-2.109375,-3.4765625,-1.3671875
mistral_7b,14,valenced_opposite::epistemic::013,valenced_opposite,epistemic,valenced,opposite,-0.2,preference_control,-4.0,-1.859375,-4.024167537689209,-1.8447282314300537,-4.024167537689209,-1.8447282314300537,-2.934447884559632,-1.0897196531295776,-4.0,-1.859375,-2.9296875,-1.0703125
mistral_7b,14,valenced_opposite::epistemic::013,valenced_opposite,epistemic,valenced,opposite,0.0,preference_control,-3.59375,-2.015625,-3.596878290176392,-2.000406861305237,-3.596878290176392,-2.000406861305237,-2.798642575740814,-0.7982357144355774,-3.59375,-2.015625,-2.8046875,-0.7890625
mistral_7b,14,valenced_opposite::epistemic::013,valenced_opposite,epistemic,valenced,opposite,0.2,preference_control,-2.09375,-1.84375,-2.1091177463531494,-1.84353768825531,-2.1091177463531494,-1.84353768825531,-1.9763277173042295,-0.1327900290489196,-2.09375,-1.84375,-1.96875,-0.125
mistral_7b,14,valenced_opposite::epistemic::013,valenced_opposite,epistemic,valenced,opposite,0.4,preference_control,1.4375,-0.25,1.453912615776062,-0.2363220453262329,1.453912615776062,-0.2363220453262329,0.6087952852249146,0.8451173305511475,1.4375,-0.25,0.59375,0.84375
mistral_7b,14,valenced_opposite::epistemic::013,valenced_opposite,epistemic,valenced,opposite,0.6,preference_control,4.625,1.5,5.937461853027344,1.7414939403533936,5.937461853027344,1.7414939403533936,3.8394778966903687,2.097983956336975,4.625,1.5,3.0625,1.5625
mistral_7b,14,valenced_opposite::epistemic::013,valenced_opposite,epistemic,valenced,opposite,0.8,preference_control,5.9375,2.0,9.435020208358765,2.9992196559906006,9.435020208358765,2.9992196559906006,6.217119932174683,3.217900276184082,5.9375,2.0,3.96875,1.96875
mistral_7b,14,valenced_opposite::epistemic::013,valenced_opposite,epistemic,valenced,opposite,1.0,preference_control,6.5625,1.8125,10.500431180000303,2.8896467685699463,10.500431180000303,2.8896467685699463,6.695038974285126,3.805392205715179,6.5625,1.8125,4.1875,2.375
mistral_7b,14,valenced_opposite::epistemic::014,valenced_opposite,epistemic,valenced,opposite,-1.0,preference_control,-7.3125,-2.5,-7.344291090965271,-2.5175589323043823,-7.344291090965271,-2.5175589323043823,-4.930925011634827,-2.4133660793304443,-7.3125,-2.5,-4.90625,-2.40625
mistral_7b,14,valenced_opposite::epistemic::014,valenced_opposite,epistemic,valenced,opposite,-0.8,preference_control,-7.78125,-3.4375,-7.92263662815094,-3.401815414428711,-7.92263662815094,-3.401815414428711,-5.662226021289825,-2.2604106068611145,-7.78125,-3.4375,-5.609375,-2.171875
mistral_7b,14,valenced_opposite::epistemic::014,valenced_opposite,epistemic,valenced,opposite,-0.6,preference_control,-7.921875,-4.6875,-8.188905596733093,-4.608906865119934,-8.188905596733093,-4.608906865119934,-6.398906230926514,-1.7899993658065796,-7.921875,-4.6875,-6.3046875,-1.6171875
mistral_7b,14,valenced_opposite::epistemic::014,valenced_opposite,epistemic,valenced,opposite,-0.4,preference_control,-7.5390625,-5.53125,-7.502692222595215,-5.460249900817871,-7.502692222595215,-5.460249900817871,-6.481471061706543,-1.021221160888672,-7.5390625,-5.53125,-6.53515625,-1.00390625
mistral_7b,14,valenced_opposite::epistemic::014,valenced_opposite,epistemic,valenced,opposite,-0.2,preference_control,-6.59375,-5.28125,-6.537519693374634,-5.403711199760437,-6.537519693374634,-5.403711199760437,-5.970615446567535,-0.5669042468070984,-6.59375,-5.28125,-5.9375,-0.65625
mistral_7b,14,valenced_opposite::epistemic::014,valenced_opposite,epistemic,valenced,opposite,0.0,preference_control,-4.9375,-3.9375,-4.917104125022888,-3.675613045692444,-4.917104125022888,-3.675613045692444,-4.296358585357666,-0.6207455396652222,-4.9375,-3.9375,-4.4375,-0.5
mistral_7b,14,valenced_opposite::epistemic::014,valenced_opposite,epistemic,valenced,opposite,0.2,preference_control,-3.09375,-1.78125,-3.2504775524139404,-1.7684597969055176,-3.2504775524139404,-1.7684597969055176,-2.509468674659729,-0.7410088777542114,-3.09375,-1.78125,-2.4375,-0.65625
mistral_7b,14,valenced_opposite::epistemic::014,valenced_opposite,epistemic,valenced,opposite,0.4,preference_control,-0.4375,2.375,-0.3750852346420288,2.562311887741089,-0.3750852346420288,2.562311887741089,1.09361332654953,-1.4686985611915588,-0.4375,2.375,0.96875,-1.40625
mistral_7b,14,valenced_opposite::epistemic::014,valenced_opposite,epistemic,valenced,opposite,0.6,preference_control,2.8125,6.75,2.765445828437805,6.673558592796326,2.765445828437805,6.673558592796326,4.719502210617065,-1.9540563821792605,2.8125,6.75,4.78125,-1.96875
mistral_7b,14,valenced_opposite::epistemic::014,valenced_opposite,epistemic,valenced,opposite,0.8,preference_control,5.5,9.46875,5.43735408782959,9.463578939437866,5.43735408782959,9.463578939437866,7.450466513633728,-2.013112425804138,5.5,9.46875,7.484375,-1.984375
mistral_7b,14,valenced_opposite::epistemic::014,valenced_opposite,epistemic,valenced,opposite,1.0,preference_control,7.34375,10.46875,7.413935899734497,10.31308650970459,7.413935899734497,10.31308650970459,8.863511204719543,-1.4495753049850464,7.34375,10.46875,8.90625,-1.5625
mistral_7b,14,valenced_opposite::epistemic::015,valenced_opposite,epistemic,valenced,opposite,-1.0,preference_control,-5.0625,2.625,-5.054547190666199,2.746545433998108,-5.054547190666199,2.746545433998108,-1.1540008783340454,-3.900546312332153,-5.0625,2.625,-1.21875,-3.84375
mistral_7b,14,valenced_opposite::epistemic::015,valenced_opposite,epistemic,valenced,opposite,-0.8,preference_control,-5.34375,2.0625,-5.413974404335022,2.3090044260025024,-5.413974404335022,2.3090044260025024,-1.5524849891662598,-3.861489415168762,-5.34375,2.0625,-1.640625,-3.703125
mistral_7b,14,valenced_opposite::epistemic::015,valenced_opposite,epistemic,valenced,opposite,-0.6,preference_control,-4.90625,0.3125,-4.882968068122864,0.625330924987793,-4.882968068122864,0.625330924987793,-2.1288185715675354,-2.7541494965553284,-4.90625,0.3125,-2.296875,-2.609375
mistral_7b,14,valenced_opposite::epistemic::015,valenced_opposite,epistemic,valenced,opposite,-0.4,preference_control,-3.59375,-1.375,-3.422651052474976,-1.1872113943099976,-3.422651052474976,-1.1872113943099976,-2.3049312233924866,-1.117719829082489,-3.59375,-1.375,-2.484375,-1.109375
mistral_7b,14,valenced_opposite::epistemic::015,valenced_opposite,epistemic,valenced,opposite,-0.2,preference_control,-0.96875,-1.8125,-0.8453035354614258,-1.7341035604476929,-0.8453035354614258,-1.7341035604476929,-1.289703547954559,0.4444000124931335,-0.96875,-1.8125,-1.390625,0.421875
mistral_7b,14,valenced_opposite::epistemic::015,valenced_opposite,epistemic,valenced,opposite,0.0,preference_control,1.0625,-1.5,1.296115756034851,-1.6091620922088623,1.296115756034851,-1.6091620922088623,-0.1565231680870056,1.4526389241218567,1.0625,-1.5,-0.21875,1.28125
mistral_7b,14,valenced_opposite::epistemic::015,valenced_opposite,epistemic,valenced,opposite,0.2,preference_control,1.5,-2.0,1.6875394582748413,-1.9919378757476809,1.6875394582748413,-1.9919378757476809,-0.1521992087364196,1.839738667011261,1.5,-2.0,-0.25,1.75
mistral_7b,14,valenced_opposite::epistemic::015,valenced_opposite,epistemic,valenced,opposite,0.4,preference_control,2.1875,-2.75,2.1212137937545776,-2.687233328819275,2.1212137937545776,-2.687233328819275,-0.2830097675323486,2.4042235612869263,2.1875,-2.75,-0.28125,2.46875
mistral_7b,14,valenced_opposite::epistemic::015,valenced_opposite,epistemic,valenced,opposite,0.6,preference_control,4.4375,-1.4375,4.564600706100464,-1.0583298206329346,4.564600706100464,-1.0583298206329346,1.7531354427337646,2.811465263366699,4.4375,-1.4375,1.5,2.9375
mistral_7b,14,valenced_opposite::epistemic::015,valenced_opposite,epistemic,valenced,opposite,0.8,preference_control,7.5625,5.125,7.503116607666016,5.438809752464294,7.503116607666016,5.438809752464294,6.470963180065155,1.0321534276008606,7.5625,5.125,6.34375,1.21875
mistral_7b,14,valenced_opposite::epistemic::015,valenced_opposite,epistemic,valenced,opposite,1.0,preference_control,8.875,9.0625,8.662380695343018,9.107834815979004,8.662380695343018,9.107834815979004,8.88510775566101,-0.2227270603179931,8.875,9.0625,8.96875,-0.09375
mistral_7b,14,valenced_opposite::epistemic::016,valenced_opposite,epistemic,valenced,opposite,-1.0,preference_control,-10.7412109375,-3.9375,-10.687484383583069,-3.6952799558639526,-10.687484383583069,-3.6952799558639526,-7.191382169723511,-3.496102213859558,-10.7412109375,-3.9375,-7.33935546875,-3.40185546875
mistral_7b,14,valenced_opposite::epistemic::016,valenced_opposite,epistemic,valenced,opposite,-0.8,preference_control,-10.54296875,-6.6875,-10.7031090259552,-6.4335618019104,-10.7031090259552,-6.4335618019104,-8.5683354139328,-2.1347736120224,-10.54296875,-6.6875,-8.615234375,-1.927734375
mistral_7b,14,valenced_opposite::epistemic::016,valenced_opposite,epistemic,valenced,opposite,-0.6,preference_control,-10.359375,-8.28125,-10.70310914516449,-8.195277571678162,-10.70310914516449,-8.195277571678162,-9.449193358421326,-1.253915786743164,-10.359375,-8.28125,-9.3203125,-1.0390625
mistral_7b,14,valenced_opposite::epistemic::016,valenced_opposite,epistemic,valenced,opposite,-0.4,preference_control,-9.65234375,-8.34375,-9.953111290931702,-8.359339118003845,-9.953111290931702,-8.359339118003845,-9.156225204467772,-0.7968860864639282,-9.65234375,-8.34375,-8.998046875,-0.654296875
mistral_7b,14,valenced_opposite::epistemic::016,valenced_opposite,epistemic,valenced,opposite,-0.2,preference_control,-8.82861328125,-7.09375,-8.812487244606018,-6.812465071678162,-8.812487244606018,-6.812465071678162,-7.81247615814209,-1.0000110864639282,-8.82861328125,-7.09375,-7.961181640625,-0.867431640625
mistral_7b,14,valenced_opposite::epistemic::016,valenced_opposite,epistemic,valenced,opposite,0.0,preference_control,-8.6171875,-4.8125,-8.68748676776886,-4.874965071678162,-8.68748676776886,-4.874965071678162,-6.781225919723511,-1.906260848045349,-8.6171875,-4.8125,-6.71484375,-1.90234375
mistral_7b,14,valenced_opposite::epistemic::016,valenced_opposite,epistemic,valenced,opposite,0.2,preference_control,-2.5,-1.125,-2.65623676776886,-1.2499687671661377,-2.65623676776886,-1.2499687671661377,-1.9531027674674988,-0.7031340003013611,-2.5,-1.125,-1.8125,-0.6875
mistral_7b,14,valenced_opposite::epistemic::016,valenced_opposite,epistemic,valenced,opposite,0.4,preference_control,4.625,1.625,4.8125163316726685,1.5781543254852295,4.8125163316726685,1.5781543254852295,3.195335328578949,1.6171810030937197,4.625,1.625,3.125,1.5
mistral_7b,14,valenced_opposite::epistemic::016,valenced_opposite,epistemic,valenced,opposite,0.6,preference_control,9.03125,3.4375,9.16408085823059,3.3515864610672,9.16408085823059,3.3515864610672,6.257833659648895,2.906247198581696,9.03125,3.4375,6.234375,2.796875
mistral_7b,14,valenced_opposite::epistemic::016,valenced_opposite,epistemic,valenced,opposite,0.8,preference_control,11.1875,3.9375,11.097676753997805,3.812520384788513,11.097676753997805,3.812520384788513,7.455098569393158,3.6425781846046448,11.1875,3.9375,7.5625,3.625
mistral_7b,14,valenced_opposite::epistemic::016,valenced_opposite,epistemic,valenced,opposite,1.0,preference_control,11.6875,3.375,11.710958123207092,3.2265836000442505,11.710958123207092,3.2265836000442505,7.468770861625671,4.242187261581421,11.6875,3.375,7.53125,4.15625
mistral_7b,14,valenced_opposite::epistemic::017,valenced_opposite,epistemic,valenced,opposite,-1.0,preference_control,-1.53125,-3.125,-1.556121826171875,-3.1249831914901733,-1.556121826171875,-3.1249831914901733,-2.340552508831024,0.7844306826591492,-1.53125,-3.125,-2.328125,0.796875
mistral_7b,14,valenced_opposite::epistemic::017,valenced_opposite,epistemic,valenced,opposite,-0.8,preference_control,-1.921875,-3.734375,-1.8721923828125,-3.718739032745361,-1.8721923828125,-3.718739032745361,-2.7954657077789307,0.9232733249664308,-1.921875,-3.734375,-2.828125,0.90625
mistral_7b,14,valenced_opposite::epistemic::017,valenced_opposite,epistemic,valenced,opposite,-0.6,preference_control,-1.875,-3.65625,-1.873695373535156,-3.624991059303284,-1.873695373535156,-3.624991059303284,-2.74934321641922,0.8756478428840637,-1.875,-3.65625,-2.765625,0.890625
mistral_7b,14,valenced_opposite::epistemic::017,valenced_opposite,epistemic,valenced,opposite,-0.4,preference_control,-1.171875,-3.0546875,-1.1865005493164062,-3.062487959861756,-1.1865005493164062,-3.062487959861756,-2.124494254589081,0.9379937052726746,-1.171875,-3.0546875,-2.11328125,0.94140625
mistral_7b,14,valenced_opposite::epistemic::017,valenced_opposite,epistemic,valenced,opposite,-0.2,preference_control,-0.265625,-2.21875,-0.2487564086914062,-2.2499842643737797,-0.2487564086914062,-2.2499842643737797,-1.2493703365325928,1.0006139278411863,-0.265625,-2.21875,-1.2421875,0.9765625
mistral_7b,14,valenced_opposite::epistemic::017,valenced_opposite,epistemic,valenced,opposite,0.0,preference_control,0.6015625,-1.578125,0.626983642578125,-1.5624772310256958,0.626983642578125,-1.5624772310256958,-0.4677467942237854,1.0947304368019104,0.6015625,-1.578125,-0.48828125,1.08984375
mistral_7b,14,valenced_opposite::epistemic::017,valenced_opposite,epistemic,valenced,opposite,0.2,preference_control,1.9140625,-0.9609375,1.939666748046875,-0.9374855756759644,1.939666748046875,-0.9374855756759644,0.5010905861854553,1.4385761618614197,1.9140625,-0.9609375,0.4765625,1.4375
mistral_7b,14,valenced_opposite::epistemic::017,valenced_opposite,epistemic,valenced,opposite,0.4,preference_control,3.9375,0.96875,3.940216064453125,0.9687538146972656,3.940216064453125,0.9687538146972656,2.4544849395751958,1.4857311248779297,3.9375,0.96875,2.453125,1.484375
mistral_7b,14,valenced_opposite::epistemic::017,valenced_opposite,epistemic,valenced,opposite,0.6,preference_control,4.875,3.125,4.876914978027344,3.140626311302185,4.876914978027344,3.140626311302185,4.008770644664764,0.8681443333625793,4.875,3.125,4.0,0.875
mistral_7b,14,valenced_opposite::epistemic::017,valenced_opposite,epistemic,valenced,opposite,0.8,preference_control,5.65625,3.625,5.657341003417969,3.640626192092896,5.657341003417969,3.640626192092896,4.648983597755432,1.0083574056625366,5.65625,3.625,4.640625,1.015625
mistral_7b,14,valenced_opposite::epistemic::017,valenced_opposite,epistemic,valenced,opposite,1.0,preference_control,6.375,3.9375,6.375537872314453,3.921876311302185,6.375537872314453,3.921876311302185,5.148707091808319,1.226830780506134,6.375,3.9375,5.15625,1.21875
mistral_7b,14,valenced_opposite::epistemic::018,valenced_opposite,epistemic,valenced,opposite,-1.0,preference_control,2.5625,4.71875,2.872032165527344,4.468291163444519,2.872032165527344,4.468291163444519,3.6701616644859314,-0.7981294989585876,2.5625,4.71875,3.640625,-1.078125
mistral_7b,14,valenced_opposite::epistemic::018,valenced_opposite,epistemic,valenced,opposite,-0.8,preference_control,3.25,4.5625,3.361827492713928,4.405620694160461,3.361827492713928,4.405620694160461,3.883724093437195,-0.5218966007232666,3.25,4.5625,3.90625,-0.65625
mistral_7b,14,valenced_opposite::epistemic::018,valenced_opposite,epistemic,valenced,opposite,-0.6,preference_control,4.21875,4.4375,4.490373849868774,4.295702338218689,4.490373849868774,4.295702338218689,4.393038094043732,0.0973357558250427,4.21875,4.4375,4.328125,-0.109375
mistral_7b,14,valenced_opposite::epistemic::018,valenced_opposite,epistemic,valenced,opposite,-0.4,preference_control,5.84375,4.5625,5.8442559242248535,4.342053413391113,5.8442559242248535,4.342053413391113,5.093154668807983,0.7511012554168701,5.84375,4.5625,5.203125,0.640625
mistral_7b,14,valenced_opposite::epistemic::018,valenced_opposite,epistemic,valenced,opposite,-0.2,preference_control,6.59375,4.15625,6.708833694458008,4.060979247093201,6.708833694458008,4.060979247093201,5.384906470775604,1.3239272236824036,6.59375,4.15625,5.375,1.21875
mistral_7b,14,valenced_opposite::epistemic::018,valenced_opposite,epistemic,valenced,opposite,0.0,preference_control,6.203125,3.15625,6.278499841690064,2.8739923238754272,6.278499841690064,2.8739923238754272,4.576246082782745,1.702253758907318,6.203125,3.15625,4.6796875,1.5234375
mistral_7b,14,valenced_opposite::epistemic::018,valenced_opposite,epistemic,valenced,opposite,0.2,preference_control,5.46875,1.78125,5.671343684196472,1.749714732170105,5.671343684196472,1.749714732170105,3.710529208183289,1.960814476013184,5.46875,1.78125,3.625,1.84375
mistral_7b,14,valenced_opposite::epistemic::018,valenced_opposite,epistemic,valenced,opposite,0.4,preference_control,5.625,0.8125,5.749890685081482,0.6719119548797607,5.749890685081482,0.6719119548797607,3.2109013199806213,2.5389893651008606,5.625,0.8125,3.21875,2.40625
mistral_7b,14,valenced_opposite::epistemic::018,valenced_opposite,epistemic,valenced,opposite,0.6,preference_control,6.5,0.1875,6.654350161552429,0.062699556350708,6.654350161552429,0.062699556350708,3.3585248589515686,3.2958253026008606,6.5,0.1875,3.34375,3.15625
mistral_7b,14,valenced_opposite::epistemic::018,valenced_opposite,epistemic,valenced,opposite,0.8,preference_control,7.6875,1.0625,7.761890172958374,0.9339615106582642,7.761890172958374,0.9339615106582642,4.347925841808319,3.413964331150055,7.6875,1.0625,4.375,3.3125
mistral_7b,14,valenced_opposite::epistemic::018,valenced_opposite,epistemic,valenced,opposite,1.0,preference_control,8.5,1.3125,8.5271635055542,1.4420005083084106,8.5271635055542,1.4420005083084106,4.984582006931305,3.5425814986228943,8.5,1.3125,4.90625,3.59375
mistral_7b,14,valenced_opposite::epistemic::019,valenced_opposite,epistemic,valenced,opposite,-1.0,preference_control,-7.625,-1.875,-7.74243426322937,-1.9705827236175537,-7.74243426322937,-1.9705827236175537,-4.856508493423462,-2.885925769805908,-7.625,-1.875,-4.75,-2.875
mistral_7b,14,valenced_opposite::epistemic::019,valenced_opposite,epistemic,valenced,opposite,-0.8,preference_control,-9.734375,-3.0,-10.05607843399048,-3.111156940460205,-10.05607843399048,-3.111156940460205,-6.583617687225342,-3.4724607467651367,-9.734375,-3.0,-6.3671875,-3.3671875
mistral_7b,14,valenced_opposite::epistemic::019,valenced_opposite,epistemic,valenced,opposite,-0.6,preference_control,-11.640625,-5.15625,-11.87638783454895,-5.60249137878418,-11.87638783454895,-5.60249137878418,-8.739439606666565,-3.1369482278823853,-11.640625,-5.15625,-8.3984375,-3.2421875
mistral_7b,14,valenced_opposite::epistemic::019,valenced_opposite,epistemic,valenced,opposite,-0.4,preference_control,-12.2109375,-6.625,-12.383176326751707,-6.926621198654175,-12.383176326751707,-6.926621198654175,-9.654898762702942,-2.728277564048767,-12.2109375,-6.625,-9.41796875,-2.79296875
mistral_7b,14,valenced_opposite::epistemic::019,valenced_opposite,epistemic,valenced,opposite,-0.2,preference_control,-10.3203125,-5.3125,-10.416041374206545,-5.499516010284424,-10.416041374206545,-5.499516010284424,-7.957778692245483,-2.45826268196106,-10.3203125,-5.3125,-7.81640625,-2.50390625
mistral_7b,14,valenced_opposite::epistemic::019,valenced_opposite,epistemic,valenced,opposite,0.0,preference_control,-3.71875,-0.375,-4.05772876739502,-0.4051833152770996,-4.05772876739502,-0.4051833152770996,-2.23145604133606,-1.82627272605896,-3.71875,-0.375,-2.046875,-1.671875
mistral_7b,14,valenced_opposite::epistemic::019,valenced_opposite,epistemic,valenced,opposite,0.2,preference_control,6.5,4.875,5.988321304321289,4.591213226318359,5.988321304321289,4.591213226318359,5.289767265319824,0.6985540390014648,6.5,4.875,5.6875,0.8125
mistral_7b,14,valenced_opposite::epistemic::019,valenced_opposite,epistemic,valenced,opposite,0.4,preference_control,10.8125,8.125,10.569597244262695,8.045107364654541,10.569597244262695,8.045107364654541,9.307352304458618,1.2622449398040771,10.8125,8.125,9.46875,1.34375
mistral_7b,14,valenced_opposite::epistemic::019,valenced_opposite,epistemic,valenced,opposite,0.6,preference_control,12.90625,9.4375,12.57909870147705,9.433426856994627,12.57909870147705,9.433426856994627,11.00626277923584,1.572835922241211,12.90625,9.4375,11.171875,1.734375
mistral_7b,14,valenced_opposite::epistemic::019,valenced_opposite,epistemic,valenced,opposite,0.8,preference_control,13.75,9.65625,13.663108825683594,9.665658950805664,13.663108825683594,9.665658950805664,11.664383888244627,1.9987249374389648,13.75,9.65625,11.703125,2.046875
mistral_7b,14,valenced_opposite::epistemic::019,valenced_opposite,epistemic,valenced,opposite,1.0,preference_control,13.828125,8.96875,13.827559471130373,9.01419472694397,13.827559471130373,9.01419472694397,11.42087709903717,2.4066823720932007,13.828125,8.96875,11.3984375,2.4296875
mistral_7b,14,valenced_opposite::utilitarian::000,valenced_opposite,utilitarian,valenced,opposite,-1.0,preference_control,-5.25,-3.3125,-5.208811283111572,-3.21463394165039,-5.208811283111572,-3.21463394165039,-4.211722612380981,-0.9970886707305908,-5.25,-3.3125,-4.28125,-0.96875
mistral_7b,14,valenced_opposite::utilitarian::000,valenced_opposite,utilitarian,valenced,opposite,-0.8,preference_control,-6.90625,-5.15625,-6.532287955284119,-4.933132648468018,-6.532287955284119,-4.933132648468018,-5.732710301876068,-0.7995776534080505,-6.90625,-5.15625,-6.03125,-0.875
mistral_7b,14,valenced_opposite::utilitarian::000,valenced_opposite,utilitarian,valenced,opposite,-0.6,preference_control,-8.0625,-7.0,-7.328924536705017,-6.619278192520142,-7.328924536705017,-6.619278192520142,-6.974101364612579,-0.3548231720924377,-8.0625,-7.0,-7.53125,-0.53125
mistral_7b,14,valenced_opposite::utilitarian::000,valenced_opposite,utilitarian,valenced,opposite,-0.4,preference_control,-8.734375,-7.875,-6.447455883026123,-7.696163654327393,-6.447455883026123,-7.696163654327393,-7.071809768676758,0.6243538856506348,-8.734375,-7.875,-8.3046875,-0.4296875
mistral_7b,14,valenced_opposite::utilitarian::000,valenced_opposite,utilitarian,valenced,opposite,-0.2,preference_control,-8.96875,-8.046875,-3.580317735671997,-7.818704009056091,-3.580317735671997,-7.818704009056091,-5.699510872364044,2.119193136692047,-8.96875,-8.046875,-8.5078125,-0.4609375
mistral_7b,14,valenced_opposite::utilitarian::000,valenced_opposite,utilitarian,valenced,opposite,0.0,preference_control,-7.125,-7.25,0.0637944936752319,-6.72577714920044,0.0637944936752319,-6.72577714920044,-3.330991327762604,3.394785821437836,-7.125,-7.25,-7.1875,0.0625
mistral_7b,14,valenced_opposite::utilitarian::000,valenced_opposite,utilitarian,valenced,opposite,0.2,preference_control,-2.375,-3.84375,4.876136898994446,-3.468009114265442,4.876136898994446,-3.468009114265442,0.704063892364502,4.172073006629944,-2.375,-3.84375,-3.109375,0.734375
mistral_7b,14,valenced_opposite::utilitarian::000,valenced_opposite,utilitarian,valenced,opposite,0.4,preference_control,2.75,1.6875,9.672958850860596,1.7379995584487915,9.672958850860596,1.7379995584487915,5.705479204654694,3.967479646205902,2.75,1.6875,2.21875,0.53125
mistral_7b,14,valenced_opposite::utilitarian::000,valenced_opposite,utilitarian,valenced,opposite,0.6,preference_control,6.34375,5.5,12.059806942939758,5.401370763778687,12.059806942939758,5.401370763778687,8.730588853359222,3.329218089580536,6.34375,5.5,5.921875,0.421875
mistral_7b,14,valenced_opposite::utilitarian::000,valenced_opposite,utilitarian,valenced,opposite,0.8,preference_control,8.625,7.375,12.669204592704771,7.338591933250427,12.669204592704771,7.338591933250427,10.0038982629776,2.665306329727173,8.625,7.375,8.0,0.625
mistral_7b,14,valenced_opposite::utilitarian::000,valenced_opposite,utilitarian,valenced,opposite,1.0,preference_control,9.6875,8.0625,11.569541573524477,8.166839003562927,11.569541573524477,8.166839003562927,9.8681902885437,1.701351284980774,9.6875,8.0625,8.875,0.8125
mistral_7b,14,valenced_opposite::utilitarian::001,valenced_opposite,utilitarian,valenced,opposite,-1.0,preference_control,-2.1875,1.25,-2.1628406047821045,1.24680757522583,-2.1628406047821045,1.24680757522583,-0.4580165147781372,-1.7048240900039673,-2.1875,1.25,-0.46875,-1.71875
mistral_7b,14,valenced_opposite::utilitarian::001,valenced_opposite,utilitarian,valenced,opposite,-0.8,preference_control,-1.5,1.0625,-1.4749746322631836,1.05911386013031,-1.4749746322631836,1.05911386013031,-0.2079303860664367,-1.2670442461967468,-1.5,1.0625,-0.21875,-1.28125
mistral_7b,14,valenced_opposite::utilitarian::001,valenced_opposite,utilitarian,valenced,opposite,-0.6,preference_control,-0.625,1.09375,-0.6328723430633545,1.0904791355133057,-0.6328723430633545,1.0904791355133057,0.2288033962249755,-0.8616757392883301,-0.625,1.09375,0.234375,-0.859375
mistral_7b,14,valenced_opposite::utilitarian::001,valenced_opposite,utilitarian,valenced,opposite,-0.4,preference_control,-0.03125,1.0625,-0.0082379579544067,1.0591835975646973,-0.0082379579544067,1.0591835975646973,0.5254728198051453,-0.533710777759552,-0.03125,1.0625,0.515625,-0.546875
mistral_7b,14,valenced_opposite::utilitarian::001,valenced_opposite,utilitarian,valenced,opposite,-0.2,preference_control,0.765625,0.828125,0.8027981519699097,0.8098349571228027,0.8027981519699097,0.8098349571228027,0.8063165545463562,-0.0035184025764465,0.765625,0.828125,0.796875,-0.03125
mistral_7b,14,valenced_opposite::utilitarian::001,valenced_opposite,utilitarian,valenced,opposite,0.0,preference_control,1.875,0.625,1.864628314971924,0.6239659786224365,1.864628314971924,0.6239659786224365,1.2442971467971802,0.6203311681747437,1.875,0.625,1.25,0.625
mistral_7b,14,valenced_opposite::utilitarian::001,valenced_opposite,utilitarian,valenced,opposite,0.2,preference_control,3.28125,1.8125,3.2789374589920044,1.8121037483215328,3.2789374589920044,1.8121037483215328,2.545520603656769,0.7334168553352356,3.28125,1.8125,2.546875,0.734375
mistral_7b,14,valenced_opposite::utilitarian::001,valenced_opposite,utilitarian,valenced,opposite,0.4,preference_control,4.34375,4.25,4.34274172782898,4.249633550643921,4.34274172782898,4.249633550643921,4.29618763923645,0.0465540885925293,4.34375,4.25,4.296875,0.046875
mistral_7b,14,valenced_opposite::utilitarian::001,valenced_opposite,utilitarian,valenced,opposite,0.6,preference_control,4.875,5.78125,4.858287334442139,5.780928134918213,4.858287334442139,5.780928134918213,5.319607734680176,-0.4613204002380371,4.875,5.78125,5.328125,-0.453125
mistral_7b,14,valenced_opposite::utilitarian::001,valenced_opposite,utilitarian,valenced,opposite,0.8,preference_control,5.4375,6.28125,5.436213254928589,6.296482086181641,5.436213254928589,6.296482086181641,5.866347670555115,-0.4301344156265259,5.4375,6.28125,5.859375,-0.421875
mistral_7b,14,valenced_opposite::utilitarian::001,valenced_opposite,utilitarian,valenced,opposite,1.0,preference_control,6.03125,6.09375,6.013788223266602,6.108750343322754,6.013788223266602,6.108750343322754,6.061269283294678,-0.0474810600280761,6.03125,6.09375,6.0625,-0.03125
mistral_7b,14,valenced_opposite::utilitarian::002,valenced_opposite,utilitarian,valenced,opposite,-1.0,preference_control,-1.21875,-0.59375,-1.2188119888305664,-0.5938639640808105,-1.2188119888305664,-0.5938639640808105,-0.9063379764556884,-0.3124740123748779,-1.21875,-0.59375,-0.90625,-0.3125
mistral_7b,14,valenced_opposite::utilitarian::002,valenced_opposite,utilitarian,valenced,opposite,-0.8,preference_control,-1.0,-0.53125,-1.0000553131103516,-0.531339168548584,-1.0000553131103516,-0.531339168548584,-0.7656972408294678,-0.2343580722808838,-1.0,-0.53125,-0.765625,-0.234375
mistral_7b,14,valenced_opposite::utilitarian::002,valenced_opposite,utilitarian,valenced,opposite,-0.6,preference_control,-0.71875,-1.0625,-0.7187891006469727,-1.0625619888305664,-0.7187891006469727,-1.0625619888305664,-0.8906755447387695,0.1718864440917968,-0.71875,-1.0625,-0.890625,0.171875
mistral_7b,14,valenced_opposite::utilitarian::002,valenced_opposite,utilitarian,valenced,opposite,-0.4,preference_control,-0.53125,-1.8125,-0.5312862396240234,-1.8125486373901367,-0.5312862396240234,-1.8125486373901367,-1.17191743850708,0.6406311988830566,-0.53125,-1.8125,-1.171875,0.640625
mistral_7b,14,valenced_opposite::utilitarian::002,valenced_opposite,utilitarian,valenced,opposite,-0.2,preference_control,-0.75,-2.4375,-0.7500251531600952,-2.4375431537628174,-0.7500251531600952,-2.4375431537628174,-1.5937841534614563,0.8437590003013611,-0.75,-2.4375,-1.59375,0.84375
mistral_7b,14,valenced_opposite::utilitarian::002,valenced_opposite,utilitarian,valenced,opposite,0.0,preference_control,-0.828125,-3.3125,-0.8437684774398804,-3.3125619888305664,-0.8437684774398804,-3.3125619888305664,-2.0781652331352234,1.234396755695343,-0.828125,-3.3125,-2.0703125,1.2421875
mistral_7b,14,valenced_opposite::utilitarian::002,valenced_opposite,utilitarian,valenced,opposite,0.2,preference_control,-0.1875,-3.09375,-0.1875156164169311,-3.0782032012939453,-0.1875156164169311,-3.0782032012939453,-1.6328594088554382,1.445343792438507,-0.1875,-3.09375,-1.640625,1.453125
mistral_7b,14,valenced_opposite::utilitarian::002,valenced_opposite,utilitarian,valenced,opposite,0.4,preference_control,1.34375,-1.5,1.3437304496765137,-1.5000877380371094,1.3437304496765137,-1.5000877380371094,-0.0781786441802978,1.4219090938568115,1.34375,-1.5,-0.078125,1.421875
mistral_7b,14,valenced_opposite::utilitarian::002,valenced_opposite,utilitarian,valenced,opposite,0.6,preference_control,3.46875,0.3125,3.484355330467224,0.3124122619628906,3.484355330467224,0.3124122619628906,1.8983837962150572,1.5859715342521667,3.46875,0.3125,1.890625,1.578125
mistral_7b,14,valenced_opposite::utilitarian::002,valenced_opposite,utilitarian,valenced,opposite,0.8,preference_control,5.21875,1.4375,5.226542711257935,1.4413185119628906,5.226542711257935,1.4413185119628906,3.3339306116104126,1.892612099647522,5.21875,1.4375,3.328125,1.890625
mistral_7b,14,valenced_opposite::utilitarian::002,valenced_opposite,utilitarian,valenced,opposite,1.0,preference_control,6.34375,1.5,6.359355092048645,1.4999008178710938,6.359355092048645,1.4999008178710938,3.929627954959869,2.429727137088776,6.34375,1.5,3.921875,2.421875
mistral_7b,14,valenced_opposite::utilitarian::003,valenced_opposite,utilitarian,valenced,opposite,-1.0,preference_control,2.09375,1.921875,1.8830780982971191,2.00088882446289,1.8830780982971191,2.00088882446289,1.9419834613800049,-0.0589053630828857,2.09375,1.921875,2.0078125,0.0859375
mistral_7b,14,valenced_opposite::utilitarian::003,valenced_opposite,utilitarian,valenced,opposite,-0.8,preference_control,1.859375,1.1875,1.8251848220825195,1.3751602172851562,1.8251848220825195,1.3751602172851562,1.600172519683838,0.2250123023986816,1.859375,1.1875,1.5234375,0.3359375
mistral_7b,14,valenced_opposite::utilitarian::003,valenced_opposite,utilitarian,valenced,opposite,-0.6,preference_control,1.75,0.765625,1.765771508216858,0.9374790191650392,1.765771508216858,0.9374790191650392,1.3516252636909485,0.4141462445259094,1.75,0.765625,1.2578125,0.4921875
mistral_7b,14,valenced_opposite::utilitarian::003,valenced_opposite,utilitarian,valenced,opposite,-0.4,preference_control,1.8984375,0.75,1.9547877311706543,0.9374885559082032,1.9547877311706543,0.9374885559082032,1.4461381435394287,0.5086495876312256,1.8984375,0.75,1.32421875,0.57421875
mistral_7b,14,valenced_opposite::utilitarian::003,valenced_opposite,utilitarian,valenced,opposite,-0.2,preference_control,2.265625,0.90625,2.2026209831237797,1.1253023147583008,2.2026209831237797,1.1253023147583008,1.66396164894104,0.5386593341827393,2.265625,0.90625,1.5859375,0.6796875
mistral_7b,14,valenced_opposite::utilitarian::003,valenced_opposite,utilitarian,valenced,opposite,0.0,preference_control,3.125,1.25,3.263856530189514,1.5632123947143557,3.263856530189514,1.5632123947143557,2.413534462451935,0.8503220677375793,3.125,1.25,2.1875,0.9375
mistral_7b,14,valenced_opposite::utilitarian::003,valenced_opposite,utilitarian,valenced,opposite,0.2,preference_control,4.34375,2.28125,4.380866527557373,2.438109874725342,4.380866527557373,2.438109874725342,3.4094882011413574,0.9713783264160156,4.34375,2.28125,3.3125,1.03125
mistral_7b,14,valenced_opposite::utilitarian::003,valenced_opposite,utilitarian,valenced,opposite,0.4,preference_control,5.875,4.6875,6.001088619232178,5.000216245651245,6.001088619232178,5.000216245651245,5.500652432441711,0.5004361867904663,5.875,4.6875,5.28125,0.59375
mistral_7b,14,valenced_opposite::utilitarian::003,valenced_opposite,utilitarian,valenced,opposite,0.6,preference_control,7.125,6.21875,6.93802273273468,6.390730381011963,6.93802273273468,6.390730381011963,6.6643765568733215,0.2736461758613586,7.125,6.21875,6.671875,0.453125
mistral_7b,14,valenced_opposite::utilitarian::003,valenced_opposite,utilitarian,valenced,opposite,0.8,preference_control,7.96875,7.28125,7.812922835350037,7.312581419944763,7.812922835350037,7.312581419944763,7.5627521276474,0.2501707077026367,7.96875,7.28125,7.625,0.34375
mistral_7b,14,valenced_opposite::utilitarian::003,valenced_opposite,utilitarian,valenced,opposite,1.0,preference_control,8.8125,7.8125,8.687912583351135,8.070391535758972,8.687912583351135,8.070391535758972,8.379152059555054,0.3087605237960815,8.8125,7.8125,8.3125,0.5
mistral_7b,14,valenced_opposite::utilitarian::004,valenced_opposite,utilitarian,valenced,opposite,-1.0,preference_control,-2.375,-1.625,-2.4749488830566406,-1.628482699394226,-2.4749488830566406,-1.628482699394226,-2.0517157912254333,-0.4232330918312073,-2.375,-1.625,-2.0,-0.375
mistral_7b,14,valenced_opposite::utilitarian::004,valenced_opposite,utilitarian,valenced,opposite,-0.8,preference_control,-3.09375,-2.9375,-3.52318811416626,-2.9633898735046387,-3.52318811416626,-2.9633898735046387,-3.243288993835449,-0.2798991203308105,-3.09375,-2.9375,-3.015625,-0.078125
mistral_7b,14,valenced_opposite::utilitarian::004,valenced_opposite,utilitarian,valenced,opposite,-0.6,preference_control,-4.4375,-4.1875,-5.717500925064087,-4.31041955947876,-5.717500925064087,-4.31041955947876,-5.013960242271423,-0.7035406827926636,-4.4375,-4.1875,-4.3125,-0.125
mistral_7b,14,valenced_opposite::utilitarian::004,valenced_opposite,utilitarian,valenced,opposite,-0.4,preference_control,-5.484375,-5.09375,-7.501704216003418,-5.679371356964111,-7.501704216003418,-5.679371356964111,-6.590537786483765,-0.9111664295196532,-5.484375,-5.09375,-5.2890625,-0.1953125
mistral_7b,14,valenced_opposite::utilitarian::004,valenced_opposite,utilitarian,valenced,opposite,-0.2,preference_control,-5.578125,-5.71875,-7.484372735023498,-6.4820908308029175,-7.484372735023498,-6.4820908308029175,-6.983231782913208,-0.5011409521102905,-5.578125,-5.71875,-5.6484375,0.0703125
mistral_7b,14,valenced_opposite::utilitarian::004,valenced_opposite,utilitarian,valenced,opposite,0.0,preference_control,-3.765625,-5.65625,-3.019529104232788,-5.838101625442505,-3.019529104232788,-5.838101625442505,-4.428815364837647,1.4092862606048584,-3.765625,-5.65625,-4.7109375,0.9453125
mistral_7b,14,valenced_opposite::utilitarian::004,valenced_opposite,utilitarian,valenced,opposite,0.2,preference_control,1.0,-3.65625,2.9940823316574097,-3.612346887588501,2.9940823316574097,-3.612346887588501,-0.3091322779655456,3.3032146096229558,1.0,-3.65625,-1.328125,2.328125
mistral_7b,14,valenced_opposite::utilitarian::004,valenced_opposite,utilitarian,valenced,opposite,0.4,preference_control,5.25,1.1875,6.039063453674316,1.1951966285705566,6.039063453674316,1.1951966285705566,3.617130041122437,2.42193341255188,5.25,1.1875,3.21875,2.03125
mistral_7b,14,valenced_opposite::utilitarian::004,valenced_opposite,utilitarian,valenced,opposite,0.6,preference_control,8.0625,4.0625,8.288087725639343,4.051707983016968,8.288087725639343,4.051707983016968,6.169897854328156,2.118189871311188,8.0625,4.0625,6.0625,2.0
mistral_7b,14,valenced_opposite::utilitarian::004,valenced_opposite,utilitarian,valenced,opposite,0.8,preference_control,9.234375,5.625,9.352052569389343,5.624368071556091,9.352052569389343,5.624368071556091,7.488210320472717,1.863842248916626,9.234375,5.625,7.4296875,1.8046875
mistral_7b,14,valenced_opposite::utilitarian::004,valenced_opposite,utilitarian,valenced,opposite,1.0,preference_control,9.921875,5.8125,10.013185620307922,5.797104477882385,10.013185620307922,5.797104477882385,7.905145049095154,2.108040571212769,9.921875,5.8125,7.8671875,2.0546875
mistral_7b,14,valenced_opposite::utilitarian::005,valenced_opposite,utilitarian,valenced,opposite,-1.0,preference_control,-7.59375,-4.71875,-7.060192227363586,-4.711553573608398,-7.060192227363586,-4.711553573608398,-5.885872900485992,-1.174319326877594,-7.59375,-4.71875,-6.15625,-1.4375
mistral_7b,14,valenced_opposite::utilitarian::005,valenced_opposite,utilitarian,valenced,opposite,-0.8,preference_control,-8.96875,-6.8125,-8.091386079788208,-6.76466166973114,-8.091386079788208,-6.76466166973114,-7.428023874759674,-0.6633622050285339,-8.96875,-6.8125,-7.890625,-1.078125
mistral_7b,14,valenced_opposite::utilitarian::005,valenced_opposite,utilitarian,valenced,opposite,-0.6,preference_control,-10.140625,-8.765625,-8.437441349029541,-8.578983783721924,-8.437441349029541,-8.578983783721924,-8.508212566375732,0.0707712173461914,-10.140625,-8.765625,-9.453125,-0.6875
mistral_7b,14,valenced_opposite::utilitarian::005,valenced_opposite,utilitarian,valenced,opposite,-0.4,preference_control,-10.8203125,-9.65625,-7.66987419128418,-9.605419635772703,-7.66987419128418,-9.605419635772703,-8.637646913528442,0.9677727222442628,-10.8203125,-9.65625,-10.23828125,-0.58203125
mistral_7b,14,valenced_opposite::utilitarian::005,valenced_opposite,utilitarian,valenced,opposite,-0.2,preference_control,-10.234375,-9.546875,-5.902009010314941,-9.402979850769045,-5.902009010314941,-9.402979850769045,-7.652494430541992,1.7504854202270508,-10.234375,-9.546875,-9.890625,-0.34375
mistral_7b,14,valenced_opposite::utilitarian::005,valenced_opposite,utilitarian,valenced,opposite,0.0,preference_control,-7.9375,-8.234375,-3.5730857849121094,-8.137934565544128,-3.5730857849121094,-8.137934565544128,-5.855510175228119,2.282424390316009,-7.9375,-8.234375,-8.0859375,0.1484375
mistral_7b,14,valenced_opposite::utilitarian::005,valenced_opposite,utilitarian,valenced,opposite,0.2,preference_control,-3.96875,-5.25,-0.6405854225158691,-5.196158528327942,-0.6405854225158691,-5.196158528327942,-2.918371975421905,2.2777865529060364,-3.96875,-5.25,-4.609375,0.640625
mistral_7b,14,valenced_opposite::utilitarian::005,valenced_opposite,utilitarian,valenced,opposite,0.4,preference_control,0.125,-0.9375,2.2656911611557007,-0.9360591173171996,2.2656911611557007,-0.9360591173171996,0.6648160219192505,1.6008751392364502,0.125,-0.9375,-0.40625,0.53125
mistral_7b,14,valenced_opposite::utilitarian::005,valenced_opposite,utilitarian,valenced,opposite,0.6,preference_control,3.15625,1.8125,3.7344175577163696,1.7975233793258667,3.7344175577163696,1.7975233793258667,2.765970468521118,0.9684470891952516,3.15625,1.8125,2.484375,0.671875
mistral_7b,14,valenced_opposite::utilitarian::005,valenced_opposite,utilitarian,valenced,opposite,0.8,preference_control,5.28125,3.75,5.3975090980529785,3.9536380767822266,5.3975090980529785,3.9536380767822266,4.6755735874176025,0.721935510635376,5.28125,3.75,4.515625,0.765625
mistral_7b,14,valenced_opposite::utilitarian::005,valenced_opposite,utilitarian,valenced,opposite,1.0,preference_control,6.65625,5.1875,6.767887353897095,5.382286190986633,6.767887353897095,5.382286190986633,6.075086772441864,0.6928005814552307,6.65625,5.1875,5.921875,0.734375
mistral_7b,14,valenced_opposite::utilitarian::006,valenced_opposite,utilitarian,valenced,opposite,-1.0,preference_control,1.921875,0.125,1.8736497163772583,0.2499237060546875,1.8736497163772583,0.2499237060546875,1.061786711215973,0.8118630051612854,1.921875,0.125,1.0234375,0.8984375
mistral_7b,14,valenced_opposite::utilitarian::006,valenced_opposite,utilitarian,valenced,opposite,-0.8,preference_control,0.40625,-0.15625,0.6850825548171997,-0.0625785589218139,0.6850825548171997,-0.0625785589218139,0.3112519979476928,0.3738305568695068,0.40625,-0.15625,0.125,0.28125
mistral_7b,14,valenced_opposite::utilitarian::006,valenced_opposite,utilitarian,valenced,opposite,-0.6,preference_control,-0.53125,-0.65625,-0.6296123266220093,-0.8750838041305542,-0.6296123266220093,-0.8750838041305542,-0.7523480653762817,0.1227357387542724,-0.53125,-0.65625,-0.59375,0.0625
mistral_7b,14,valenced_opposite::utilitarian::006,valenced_opposite,utilitarian,valenced,opposite,-0.4,preference_control,-0.984375,-1.0625,-0.9439694881439208,-0.6875606775283813,-0.9439694881439208,-0.6875606775283813,-0.8157650828361511,-0.1282044053077697,-0.984375,-1.0625,-1.0234375,0.0390625
mistral_7b,14,valenced_opposite::utilitarian::006,valenced_opposite,utilitarian,valenced,opposite,-0.2,preference_control,-0.34375,-0.78125,-0.1910362243652343,-0.5000220537185669,-0.1910362243652343,-0.5000220537185669,-0.3455291390419006,0.1544929146766662,-0.34375,-0.78125,-0.5625,0.21875
mistral_7b,14,valenced_opposite::utilitarian::006,valenced_opposite,utilitarian,valenced,opposite,0.0,preference_control,1.53125,0.1875,1.3739830255508425,0.3750059604644775,1.3739830255508425,0.3750059604644775,0.8744944930076599,0.4994885325431824,1.53125,0.1875,0.859375,0.671875
mistral_7b,14,valenced_opposite::utilitarian::006,valenced_opposite,utilitarian,valenced,opposite,0.2,preference_control,3.515625,1.46875,3.624886751174927,1.6875172853469849,3.624886751174927,1.6875172853469849,2.656202018260956,0.968684732913971,3.515625,1.46875,2.4921875,1.0234375
mistral_7b,14,valenced_opposite::utilitarian::006,valenced_opposite,utilitarian,valenced,opposite,0.4,preference_control,4.75,2.59375,4.656274676322937,2.812626361846924,4.656274676322937,2.812626361846924,3.7344505190849295,0.9218241572380066,4.75,2.59375,3.671875,1.078125
mistral_7b,14,valenced_opposite::utilitarian::006,valenced_opposite,utilitarian,valenced,opposite,0.6,preference_control,5.609375,2.9375,5.5937933921813965,2.9389082193374634,5.5937933921813965,2.9389082193374634,4.26635080575943,1.3274425864219666,5.609375,2.9375,4.2734375,1.3359375
mistral_7b,14,valenced_opposite::utilitarian::006,valenced_opposite,utilitarian,valenced,opposite,0.8,preference_control,6.6875,2.59375,6.718822240829468,2.565837860107422,6.718822240829468,2.565837860107422,4.642330050468445,2.076492190361023,6.6875,2.59375,4.640625,2.046875
mistral_7b,14,valenced_opposite::utilitarian::006,valenced_opposite,utilitarian,valenced,opposite,1.0,preference_control,7.921875,2.625,8.000083208084106,2.7836254835128784,8.000083208084106,2.7836254835128784,5.391854345798492,2.608228862285614,7.921875,2.625,5.2734375,2.6484375
mistral_7b,14,valenced_opposite::utilitarian::007,valenced_opposite,utilitarian,valenced,opposite,-1.0,preference_control,-0.4375,0.3125,2.244757652282715,0.3302624225616455,2.244757652282715,0.3302624225616455,1.2875100374221802,0.9572476148605348,-0.4375,0.3125,-0.0625,-0.375
mistral_7b,14,valenced_opposite::utilitarian::007,valenced_opposite,utilitarian,valenced,opposite,-0.8,preference_control,-1.34375,-0.4375,1.4276636838912964,-0.4179238080978393,1.4276636838912964,-0.4179238080978393,0.5048699378967285,0.922793745994568,-1.34375,-0.4375,-0.890625,-0.453125
mistral_7b,14,valenced_opposite::utilitarian::007,valenced_opposite,utilitarian,valenced,opposite,-0.6,preference_control,-2.171875,-1.0,0.8671548366546631,-0.9572227001190186,0.8671548366546631,-0.9572227001190186,-0.0450339317321777,0.9121887683868408,-2.171875,-1.0,-1.5859375,-0.5859375
mistral_7b,14,valenced_opposite::utilitarian::007,valenced_opposite,utilitarian,valenced,opposite,-0.4,preference_control,-2.71875,-1.59375,0.2741795778274536,-1.5575039386749268,0.2741795778274536,-1.5575039386749268,-0.6416621804237366,0.9158417582511902,-2.71875,-1.59375,-2.15625,-0.5625
mistral_7b,14,valenced_opposite::utilitarian::007,valenced_opposite,utilitarian,valenced,opposite,-0.2,preference_control,-2.234375,-1.625,0.3138011693954468,-1.600671887397766,0.3138011693954468,-1.600671887397766,-0.6434353590011597,0.9572365283966064,-2.234375,-1.625,-1.9296875,-0.3046875
mistral_7b,14,valenced_opposite::utilitarian::007,valenced_opposite,utilitarian,valenced,opposite,0.0,preference_control,0.09375,-0.1875,1.560289740562439,-0.1808944940567016,1.560289740562439,-0.1808944940567016,0.6896976232528687,0.8705921173095703,0.09375,-0.1875,-0.046875,0.140625
mistral_7b,14,valenced_opposite::utilitarian::007,valenced_opposite,utilitarian,valenced,opposite,0.2,preference_control,3.125,1.8125,3.476569175720215,1.8143941164016724,3.476569175720215,1.8143941164016724,2.645481646060944,0.8310875296592712,3.125,1.8125,2.46875,0.65625
mistral_7b,14,valenced_opposite::utilitarian::007,valenced_opposite,utilitarian,valenced,opposite,0.4,preference_control,5.125,2.375,5.287140130996704,2.37980318069458,5.287140130996704,2.37980318069458,3.833471655845642,1.453668475151062,5.125,2.375,3.75,1.375
mistral_7b,14,valenced_opposite::utilitarian::007,valenced_opposite,utilitarian,valenced,opposite,0.6,preference_control,6.53125,2.875,6.717799186706543,2.8734891414642334,6.717799186706543,2.8734891414642334,4.795644164085388,1.9221550226211548,6.53125,2.875,4.703125,1.828125
mistral_7b,14,valenced_opposite::utilitarian::007,valenced_opposite,utilitarian,valenced,opposite,0.8,preference_control,7.28125,3.3125,7.418964147567749,3.3166403770446777,7.418964147567749,3.3166403770446777,5.367802262306213,2.051161885261536,7.28125,3.3125,5.296875,1.984375
mistral_7b,14,valenced_opposite::utilitarian::007,valenced_opposite,utilitarian,valenced,opposite,1.0,preference_control,7.625,3.25,7.721209049224853,3.2442965507507324,7.721209049224853,3.2442965507507324,5.482752799987793,2.2384562492370605,7.625,3.25,5.4375,2.1875
mistral_7b,14,valenced_opposite::utilitarian::008,valenced_opposite,utilitarian,valenced,opposite,-1.0,preference_control,-3.5,-4.96875,-3.530381202697754,-4.997895479202271,-3.530381202697754,-4.997895479202271,-4.264138340950012,0.7337571382522583,-3.5,-4.96875,-4.234375,0.734375
mistral_7b,14,valenced_opposite::utilitarian::008,valenced_opposite,utilitarian,valenced,opposite,-0.8,preference_control,-3.140625,-4.6875,-3.216644525527954,-4.621450424194336,-3.216644525527954,-4.621450424194336,-3.919047474861145,0.7024029493331909,-3.140625,-4.6875,-3.9140625,0.7734375
mistral_7b,14,valenced_opposite::utilitarian::008,valenced_opposite,utilitarian,valenced,opposite,-0.6,preference_control,-2.78125,-4.3359375,-2.7452152967453003,-4.238419532775879,-2.7452152967453003,-4.238419532775879,-3.4918174147605896,0.7466021180152893,-2.78125,-4.3359375,-3.55859375,0.77734375
mistral_7b,14,valenced_opposite::utilitarian::008,valenced_opposite,utilitarian,valenced,opposite,-0.4,preference_control,-2.5234375,-4.08984375,-2.535339117050171,-4.106099843978882,-2.535339117050171,-4.106099843978882,-3.3207194805145264,0.7853803634643555,-2.5234375,-4.08984375,-3.306640625,0.783203125
mistral_7b,14,valenced_opposite::utilitarian::008,valenced_opposite,utilitarian,valenced,opposite,-0.2,preference_control,-2.28125,-3.982421875,-2.022764205932617,-3.6721057891845694,-2.022764205932617,-3.6721057891845694,-2.8474349975585938,0.8246707916259766,-2.28125,-3.982421875,-3.1318359375,0.8505859375
mistral_7b,14,valenced_opposite::utilitarian::008,valenced_opposite,utilitarian,valenced,opposite,0.0,preference_control,-1.6953125,-3.74609375,-1.014352321624756,-3.0680994987487797,-1.014352321624756,-3.0680994987487797,-2.041225910186768,1.0268735885620115,-1.6953125,-3.74609375,-2.720703125,1.025390625
mistral_7b,14,valenced_opposite::utilitarian::008,valenced_opposite,utilitarian,valenced,opposite,0.2,preference_control,-0.90625,-2.96875,-0.1252983808517456,-2.713975429534912,-0.1252983808517456,-2.713975429534912,-1.4196369051933289,1.2943385243415833,-0.90625,-2.96875,-1.9375,1.03125
mistral_7b,14,valenced_opposite::utilitarian::008,valenced_opposite,utilitarian,valenced,opposite,0.4,preference_control,0.8125,-1.484375,0.7250398397445679,-1.5576242208480835,0.7250398397445679,-1.5576242208480835,-0.4162921905517578,1.1413320302963257,0.8125,-1.484375,-0.3359375,1.1484375
mistral_7b,14,valenced_opposite::utilitarian::008,valenced_opposite,utilitarian,valenced,opposite,0.6,preference_control,3.28125,1.09375,3.074615478515625,1.125637173652649,3.074615478515625,1.125637173652649,2.100126326084137,0.974489152431488,3.28125,1.09375,2.1875,1.09375
mistral_7b,14,valenced_opposite::utilitarian::008,valenced_opposite,utilitarian,valenced,opposite,0.8,preference_control,5.5625,3.125,5.268635392189026,3.172121405601501,5.268635392189026,3.172121405601501,4.220378398895264,1.0482569932937622,5.5625,3.125,4.34375,1.21875
mistral_7b,14,valenced_opposite::utilitarian::008,valenced_opposite,utilitarian,valenced,opposite,1.0,preference_control,6.984375,3.65625,6.923626303672791,3.836126685142517,6.923626303672791,3.836126685142517,5.379876494407654,1.5437498092651367,6.984375,3.65625,5.3203125,1.6640625
mistral_7b,14,valenced_opposite::utilitarian::009,valenced_opposite,utilitarian,valenced,opposite,-1.0,preference_control,-5.5,-7.65625,-5.519134521484375,-7.626506805419922,-5.519134521484375,-7.626506805419922,-6.572820663452148,1.0536861419677734,-5.5,-7.65625,-6.578125,1.078125
mistral_7b,14,valenced_opposite::utilitarian::009,valenced_opposite,utilitarian,valenced,opposite,-0.8,preference_control,-6.34375,-8.46875,-6.358978271484375,-8.457374572753906,-6.358978271484375,-8.457374572753906,-7.408176422119141,1.0491981506347656,-6.34375,-8.46875,-7.40625,1.0625
mistral_7b,14,valenced_opposite::utilitarian::009,valenced_opposite,utilitarian,valenced,opposite,-0.6,preference_control,-5.625,-8.640625,-5.691314697265625,-8.645347595214844,-5.691314697265625,-8.645347595214844,-7.168331146240234,1.4770164489746094,-5.625,-8.640625,-7.1328125,1.5078125
mistral_7b,14,valenced_opposite::utilitarian::009,valenced_opposite,utilitarian,valenced,opposite,-0.4,preference_control,-4.171875,-7.546875,-4.217254638671875,-7.54608154296875,-4.217254638671875,-7.54608154296875,-5.8816680908203125,1.6644134521484375,-4.171875,-7.546875,-5.859375,1.6875
mistral_7b,14,valenced_opposite::utilitarian::009,valenced_opposite,utilitarian,valenced,opposite,-0.2,preference_control,-2.8125,-5.421875,-2.86126708984375,-5.467010498046875,-2.86126708984375,-5.467010498046875,-4.1641387939453125,1.3028717041015625,-2.8125,-5.421875,-4.1171875,1.3046875
mistral_7b,14,valenced_opposite::utilitarian::009,valenced_opposite,utilitarian,valenced,opposite,0.0,preference_control,-1.21875,-3.625,-1.2425532341003418,-3.655601501464844,-1.2425532341003418,-3.655601501464844,-2.4490773677825928,1.206524133682251,-1.21875,-3.625,-2.421875,1.203125
mistral_7b,14,valenced_opposite::utilitarian::009,valenced_opposite,utilitarian,valenced,opposite,0.2,preference_control,1.5,-2.28125,1.5096983909606934,-2.279931902885437,1.5096983909606934,-2.279931902885437,-0.3851167559623718,1.8948151469230647,1.5,-2.28125,-0.390625,1.890625
mistral_7b,14,valenced_opposite::utilitarian::009,valenced_opposite,utilitarian,valenced,opposite,0.4,preference_control,4.28125,0.25,4.304410219192505,0.2510323524475097,4.304410219192505,0.2510323524475097,2.2777212858200078,2.0266889333724976,4.28125,0.25,2.265625,2.015625
mistral_7b,14,valenced_opposite::utilitarian::009,valenced_opposite,utilitarian,valenced,opposite,0.6,preference_control,6.0625,3.3125,6.068967819213867,3.309352278709412,6.068967819213867,3.309352278709412,4.689160048961639,1.3798077702522278,6.0625,3.3125,4.6875,1.375
mistral_7b,14,valenced_opposite::utilitarian::009,valenced_opposite,utilitarian,valenced,opposite,0.8,preference_control,8.34375,6.1875,8.379972457885742,6.20181679725647,8.379972457885742,6.20181679725647,7.290894627571106,1.0890778303146362,8.34375,6.1875,7.265625,1.078125
mistral_7b,14,valenced_opposite::utilitarian::009,valenced_opposite,utilitarian,valenced,opposite,1.0,preference_control,9.84375,9.0,9.859144449234009,8.983162999153137,9.859144449234009,8.983162999153137,9.421153724193571,0.4379907250404358,9.84375,9.0,9.421875,0.421875
mistral_7b,14,valenced_opposite::utilitarian::010,valenced_opposite,utilitarian,valenced,opposite,-1.0,preference_control,-5.2578125,-5.125,-5.18747079372406,-5.281100273132324,-5.18747079372406,-5.281100273132324,-5.234285533428192,0.046814739704132,-5.2578125,-5.125,-5.19140625,-0.06640625
mistral_7b,14,valenced_opposite::utilitarian::010,valenced_opposite,utilitarian,valenced,opposite,-0.8,preference_control,-6.0234375,-6.98046875,-5.84368097782135,-7.093571543693543,-5.84368097782135,-7.093571543693543,-6.468626260757446,0.6249452829360962,-6.0234375,-6.98046875,-6.501953125,0.478515625
mistral_7b,14,valenced_opposite::utilitarian::010,valenced_opposite,utilitarian,valenced,opposite,-0.6,preference_control,-5.15625,-7.70703125,-5.156162977218628,-7.624796748161316,-5.156162977218628,-7.624796748161316,-6.390479862689972,1.234316885471344,-5.15625,-7.70703125,-6.431640625,1.275390625
mistral_7b,14,valenced_opposite::utilitarian::010,valenced_opposite,utilitarian,valenced,opposite,-0.4,preference_control,-3.0390625,-6.8515625,-2.8748538494110107,-6.74968945980072,-2.8748538494110107,-6.74968945980072,-4.8122716546058655,1.9374178051948547,-3.0390625,-6.8515625,-4.9453125,1.90625
mistral_7b,14,valenced_opposite::utilitarian::010,valenced_opposite,utilitarian,valenced,opposite,-0.2,preference_control,-0.515625,-5.1640625,-0.4997434616088867,-5.187106370925903,-0.4997434616088867,-5.187106370925903,-2.843424916267395,2.3436814546585083,-0.515625,-5.1640625,-2.83984375,2.32421875
mistral_7b,14,valenced_opposite::utilitarian::010,valenced_opposite,utilitarian,valenced,opposite,0.0,preference_control,1.1640625,-4.5,1.1252403259277344,-4.530938386917114,1.1252403259277344,-4.530938386917114,-1.70284903049469,2.8280893564224243,1.1640625,-4.5,-1.66796875,2.83203125
mistral_7b,14,valenced_opposite::utilitarian::010,valenced_opposite,utilitarian,valenced,opposite,0.2,preference_control,2.453125,-4.6875,2.562687039375305,-4.734184741973877,2.562687039375305,-4.734184741973877,-1.085748851299286,3.648435890674591,2.453125,-4.6875,-1.1171875,3.5703125
mistral_7b,14,valenced_opposite::utilitarian::010,valenced_opposite,utilitarian,valenced,opposite,0.4,preference_control,5.1875,-4.1875,5.21888267993927,-4.124817252159119,5.21888267993927,-4.124817252159119,0.5470327138900757,4.671849966049194,5.1875,-4.1875,0.5,4.6875
mistral_7b,14,valenced_opposite::utilitarian::010,valenced_opposite,utilitarian,valenced,opposite,0.6,preference_control,8.8046875,-2.375,8.671971797943115,-2.445138931274414,8.671971797943115,-2.445138931274414,3.1134164333343506,5.558555364608765,8.8046875,-2.375,3.21484375,5.58984375
mistral_7b,14,valenced_opposite::utilitarian::010,valenced_opposite,utilitarian,valenced,opposite,0.8,preference_control,11.3671875,-1.5,11.523503184318542,-1.749855875968933,11.523503184318542,-1.749855875968933,4.886823654174805,6.636679530143738,11.3671875,-1.5,4.93359375,6.43359375
mistral_7b,14,valenced_opposite::utilitarian::010,valenced_opposite,utilitarian,valenced,opposite,1.0,preference_control,12.875,-2.25,12.75397253036499,-2.187400579452514,12.75397253036499,-2.187400579452514,5.283285975456238,7.470686554908752,12.875,-2.25,5.3125,7.5625
mistral_7b,14,valenced_opposite::utilitarian::011,valenced_opposite,utilitarian,valenced,opposite,-1.0,preference_control,3.0625,6.5625,3.062532067298889,6.55472719669342,3.062532067298889,6.55472719669342,4.808629631996155,-1.7460975646972656,3.0625,6.5625,4.8125,-1.75
mistral_7b,14,valenced_opposite::utilitarian::011,valenced_opposite,utilitarian,valenced,opposite,-0.8,preference_control,2.40625,5.625,2.406317949295044,5.609455943107605,2.406317949295044,5.609455943107605,4.0078869462013245,-1.6015689969062803,2.40625,5.625,4.015625,-1.609375
mistral_7b,14,valenced_opposite::utilitarian::011,valenced_opposite,utilitarian,valenced,opposite,-0.6,preference_control,1.3125,4.03125,1.3127386569976809,4.062718987464905,1.3127386569976809,4.062718987464905,2.6877288222312927,-1.374990165233612,1.3125,4.03125,2.671875,-1.359375
mistral_7b,14,valenced_opposite::utilitarian::011,valenced_opposite,utilitarian,valenced,opposite,-0.4,preference_control,0.953125,2.703125,1.0008281469345093,2.6879050731658936,1.0008281469345093,2.6879050731658936,1.8443666100502012,-0.8435384631156921,0.953125,2.703125,1.828125,-0.875
mistral_7b,14,valenced_opposite::utilitarian::011,valenced_opposite,utilitarian,valenced,opposite,-0.2,preference_control,1.265625,1.984375,1.3138813972473145,2.000500798225403,1.3138813972473145,2.000500798225403,1.6571910977363586,-0.3433097004890442,1.265625,1.984375,1.625,-0.359375
mistral_7b,14,valenced_opposite::utilitarian::011,valenced_opposite,utilitarian,valenced,opposite,0.0,preference_control,1.9296875,2.09375,1.8756450414657595,2.0627375841140747,1.8756450414657595,2.0627375841140747,1.969191312789917,-0.0935462713241577,1.9296875,2.09375,2.01171875,-0.08203125
mistral_7b,14,valenced_opposite::utilitarian::011,valenced_opposite,utilitarian,valenced,opposite,0.2,preference_control,3.40625,2.828125,3.3751766681671143,2.8125489950180054,3.3751766681671143,2.8125489950180054,3.09386283159256,0.2813138365745544,3.40625,2.828125,3.1171875,0.2890625
mistral_7b,14,valenced_opposite::utilitarian::011,valenced_opposite,utilitarian,valenced,opposite,0.4,preference_control,5.90625,4.578125,5.937546014785767,4.593759655952454,5.937546014785767,4.593759655952454,5.26565283536911,0.6718931794166565,5.90625,4.578125,5.2421875,0.6640625
mistral_7b,14,valenced_opposite::utilitarian::011,valenced_opposite,utilitarian,valenced,opposite,0.6,preference_control,7.890625,7.25,7.921888470649719,7.250004887580872,7.921888470649719,7.250004887580872,7.585946679115295,0.3359417915344238,7.890625,7.25,7.5703125,0.3203125
mistral_7b,14,valenced_opposite::utilitarian::011,valenced_opposite,utilitarian,valenced,opposite,0.8,preference_control,9.828125,8.53125,9.81250786781311,8.507817387580872,9.81250786781311,8.507817387580872,9.160162627696993,0.6523452401161194,9.828125,8.53125,9.1796875,0.6484375
mistral_7b,14,valenced_opposite::utilitarian::011,valenced_opposite,utilitarian,valenced,opposite,1.0,preference_control,10.84375,8.8125,10.875006794929504,8.781256675720215,10.875006794929504,8.781256675720215,9.82813173532486,1.0468750596046448,10.84375,8.8125,9.828125,1.015625
mistral_7b,14,valenced_opposite::utilitarian::012,valenced_opposite,utilitarian,valenced,opposite,-1.0,preference_control,-0.15625,-2.71875,0.0729598999023437,-2.132941246032715,0.0729598999023437,-2.132941246032715,-1.0299906730651855,1.1029505729675293,-0.15625,-2.71875,-1.4375,1.28125
mistral_7b,14,valenced_opposite::utilitarian::012,valenced_opposite,utilitarian,valenced,opposite,-0.8,preference_control,-0.46875,-3.34375,1.062154769897461,-1.5158138275146484,1.062154769897461,-1.5158138275146484,-0.2268295288085937,1.288984298706055,-0.46875,-3.34375,-1.90625,1.4375
mistral_7b,14,valenced_opposite::utilitarian::012,valenced_opposite,utilitarian,valenced,opposite,-0.6,preference_control,-1.40625,-4.015625,2.4994430541992188,0.0309886932373046,2.4994430541992188,0.0309886932373046,1.2652158737182615,1.234227180480957,-1.40625,-4.015625,-2.7109375,1.3046875
mistral_7b,14,valenced_opposite::utilitarian::012,valenced_opposite,utilitarian,valenced,opposite,-0.4,preference_control,-3.15625,-5.0859375,2.530380249023437,0.7808513641357422,2.530380249023437,0.7808513641357422,1.6556158065795898,0.8747644424438477,-3.15625,-5.0859375,-4.12109375,0.96484375
mistral_7b,14,valenced_opposite::utilitarian::012,valenced_opposite,utilitarian,valenced,opposite,-0.2,preference_control,-4.21484375,-5.75634765625,2.3115005493164062,0.6246261596679688,2.3115005493164062,0.6246261596679688,1.4680633544921875,0.8434371948242188,-4.21484375,-5.75634765625,-4.985595703125,0.770751953125
mistral_7b,14,valenced_opposite::utilitarian::012,valenced_opposite,utilitarian,valenced,opposite,0.0,preference_control,-3.7265625,-5.26953125,2.124580383300781,-1.218963623046875,2.124580383300781,-1.218963623046875,0.4528083801269531,1.671772003173828,-3.7265625,-5.26953125,-4.498046875,0.771484375
mistral_7b,14,valenced_opposite::utilitarian::012,valenced_opposite,utilitarian,valenced,opposite,0.2,preference_control,-0.90625,-3.25,2.2498598098754883,-3.205151081085205,2.2498598098754883,-3.205151081085205,-0.4776456356048584,2.7275054454803467,-0.90625,-3.25,-2.078125,1.171875
mistral_7b,14,valenced_opposite::utilitarian::012,valenced_opposite,utilitarian,valenced,opposite,0.4,preference_control,2.0625,-0.1875,2.26656436920166,-0.187185525894165,2.26656436920166,-0.187185525894165,1.0396894216537476,1.2268749475479126,2.0625,-0.1875,0.9375,1.125
mistral_7b,14,valenced_opposite::utilitarian::012,valenced_opposite,utilitarian,valenced,opposite,0.6,preference_control,5.40625,4.0625,5.411178946495056,4.054783701896668,5.411178946495056,4.054783701896668,4.732981324195862,0.6781976222991943,5.40625,4.0625,4.734375,0.671875
mistral_7b,14,valenced_opposite::utilitarian::012,valenced_opposite,utilitarian,valenced,opposite,0.8,preference_control,9.28125,8.9375,9.268572330474854,8.916137218475342,9.268572330474854,8.916137218475342,9.092354774475098,0.1762175559997558,9.28125,8.9375,9.109375,0.171875
mistral_7b,14,valenced_opposite::utilitarian::012,valenced_opposite,utilitarian,valenced,opposite,1.0,preference_control,11.046875,10.09375,11.044878482818604,10.103670954704285,11.044878482818604,10.103670954704285,10.574274718761444,0.4706037640571594,11.046875,10.09375,10.5703125,0.4765625
mistral_7b,14,valenced_opposite::utilitarian::013,valenced_opposite,utilitarian,valenced,opposite,-1.0,preference_control,-7.34375,-9.625,-7.437851071357727,-9.570314645767212,-7.437851071357727,-9.570314645767212,-8.50408285856247,1.0662317872047424,-7.34375,-9.625,-8.484375,1.140625
mistral_7b,14,valenced_opposite::utilitarian::013,valenced_opposite,utilitarian,valenced,opposite,-0.8,preference_control,-8.0,-10.8125,-8.000593900680542,-10.71874976158142,-8.000593900680542,-10.71874976158142,-9.35967183113098,1.3590779304504397,-8.0,-10.8125,-9.40625,1.40625
mistral_7b,14,valenced_opposite::utilitarian::013,valenced_opposite,utilitarian,valenced,opposite,-0.6,preference_control,-8.515625,-11.765625,-8.75125789642334,-11.820311307907104,-8.75125789642334,-11.820311307907104,-10.285784602165222,1.5345267057418823,-8.515625,-11.765625,-10.140625,1.625
mistral_7b,14,valenced_opposite::utilitarian::013,valenced_opposite,utilitarian,valenced,opposite,-0.4,preference_control,-8.265625,-12.078125,-8.18984305858612,-11.988279938697817,-8.18984305858612,-11.988279938697817,-10.089061498641968,1.8992184400558472,-8.265625,-12.078125,-10.171875,1.90625
mistral_7b,14,valenced_opposite::utilitarian::013,valenced_opposite,utilitarian,valenced,opposite,-0.2,preference_control,-7.296875,-10.578125,-7.440499544143677,-10.562498092651367,-7.440499544143677,-10.562498092651367,-9.001498818397522,1.5609992742538452,-7.296875,-10.578125,-8.9375,1.640625
mistral_7b,14,valenced_opposite::utilitarian::013,valenced_opposite,utilitarian,valenced,opposite,0.0,preference_control,-6.3125,-8.0,-6.438523888587952,-7.9296839237213135,-6.438523888587952,-7.9296839237213135,-7.184103906154633,0.7455800175666809,-6.3125,-8.0,-7.15625,0.84375
mistral_7b,14,valenced_opposite::utilitarian::013,valenced_opposite,utilitarian,valenced,opposite,0.2,preference_control,-5.125,-5.84375,-5.000065088272095,-5.726560115814209,-5.000065088272095,-5.726560115814209,-5.363312602043152,0.3632475137710571,-5.125,-5.84375,-5.484375,0.359375
mistral_7b,14,valenced_opposite::utilitarian::013,valenced_opposite,utilitarian,valenced,opposite,0.4,preference_control,-3.46875,-2.375,-3.312508225440979,-2.109374523162842,-3.312508225440979,-2.109374523162842,-2.7109413743019104,-0.6015668511390686,-3.46875,-2.375,-2.921875,-0.546875
mistral_7b,14,valenced_opposite::utilitarian::013,valenced_opposite,utilitarian,valenced,opposite,0.6,preference_control,-1.90625,0.625,-1.8750038146972656,0.59375,-1.8750038146972656,0.59375,-0.6406269073486328,-1.2343769073486328,-1.90625,0.625,-0.640625,-1.265625
mistral_7b,14,valenced_opposite::utilitarian::013,valenced_opposite,utilitarian,valenced,opposite,0.8,preference_control,-0.4375,2.125,-0.2500033378601074,1.8593748807907104,-0.2500033378601074,1.8593748807907104,0.8046857714653015,-1.054689109325409,-0.4375,2.125,0.84375,-1.28125
mistral_7b,14,valenced_opposite::utilitarian::013,valenced_opposite,utilitarian,valenced,opposite,1.0,preference_control,0.8125,2.46875,0.8749942779541016,2.203124642372132,0.8749942779541016,2.203124642372132,1.5390594601631165,-0.6640651822090149,0.8125,2.46875,1.640625,-0.828125
mistral_7b,14,valenced_opposite::utilitarian::014,valenced_opposite,utilitarian,valenced,opposite,-1.0,preference_control,3.84375,6.03125,3.984096884727478,6.128922343254089,3.984096884727478,6.128922343254089,5.056509613990784,-1.0724127292633057,3.84375,6.03125,4.9375,-1.09375
mistral_7b,14,valenced_opposite::utilitarian::014,valenced_opposite,utilitarian,valenced,opposite,-0.8,preference_control,2.625,5.84375,2.9684330224990845,6.007884740829468,2.9684330224990845,6.007884740829468,4.488158881664276,-1.5197258591651917,2.625,5.84375,4.234375,-1.609375
mistral_7b,14,valenced_opposite::utilitarian::014,valenced_opposite,utilitarian,valenced,opposite,-0.6,preference_control,2.03125,5.46875,2.233964443206787,5.320409417152405,2.233964443206787,5.320409417152405,3.777186930179596,-1.5432224869728088,2.03125,5.46875,3.75,-1.71875
mistral_7b,14,valenced_opposite::utilitarian::014,valenced_opposite,utilitarian,valenced,opposite,-0.4,preference_control,2.59375,4.78125,2.7495497465133667,4.640751838684082,2.7495497465133667,4.640751838684082,3.695150792598725,-0.9456010460853576,2.59375,4.78125,3.6875,-1.09375
mistral_7b,14,valenced_opposite::utilitarian::014,valenced_opposite,utilitarian,valenced,opposite,-0.2,preference_control,4.15625,3.96875,4.312129020690918,3.968912243843079,4.312129020690918,3.968912243843079,4.140520632266998,0.1716083884239196,4.15625,3.96875,4.0625,0.09375
mistral_7b,14,valenced_opposite::utilitarian::014,valenced_opposite,utilitarian,valenced,opposite,0.0,preference_control,6.2578125,4.234375,6.124644637107849,4.062861561775208,6.124644637107849,4.062861561775208,5.093753099441528,1.0308915376663208,6.2578125,4.234375,5.24609375,1.01171875
mistral_7b,14,valenced_opposite::utilitarian::014,valenced_opposite,utilitarian,valenced,opposite,0.2,preference_control,8.8125,5.5625,8.703138828277588,5.53217625617981,8.703138828277588,5.53217625617981,7.117657542228699,1.5854812860488892,8.8125,5.5625,7.1875,1.625
mistral_7b,14,valenced_opposite::utilitarian::014,valenced_opposite,utilitarian,valenced,opposite,0.4,preference_control,11.6015625,8.75,11.383049726486206,8.546716451644897,11.383049726486206,8.546716451644897,9.964883089065552,1.4181666374206543,11.6015625,8.75,10.17578125,1.42578125
mistral_7b,14,valenced_opposite::utilitarian::014,valenced_opposite,utilitarian,valenced,opposite,0.6,preference_control,13.96875,11.125,13.744014620780945,11.313340663909912,13.744014620780945,11.313340663909912,12.528677642345428,1.2153369784355164,13.96875,11.125,12.546875,1.421875
mistral_7b,14,valenced_opposite::utilitarian::014,valenced_opposite,utilitarian,valenced,opposite,0.8,preference_control,15.28125,11.46875,15.223986387252808,11.778033375740051,15.223986387252808,11.778033375740051,13.50100988149643,1.7229765057563782,15.28125,11.46875,13.375,1.90625
mistral_7b,14,valenced_opposite::utilitarian::014,valenced_opposite,utilitarian,valenced,opposite,1.0,preference_control,15.6328125,10.53125,15.72779130935669,10.663629412651062,15.72779130935669,10.663629412651062,13.195710361003876,2.5320809483528137,15.6328125,10.53125,13.08203125,2.55078125
mistral_7b,14,valenced_opposite::utilitarian::015,valenced_opposite,utilitarian,valenced,opposite,-1.0,preference_control,0.4375,0.40625,0.8007594347000122,0.1717616319656372,0.8007594347000122,0.1717616319656372,0.4862605333328247,0.3144989013671875,0.4375,0.40625,0.421875,0.015625
mistral_7b,14,valenced_opposite::utilitarian::015,valenced_opposite,utilitarian,valenced,opposite,-0.8,preference_control,-0.21875,-0.5,1.132712960243225,-0.6878581047058105,1.132712960243225,-0.6878581047058105,0.2224274277687072,0.9102855324745178,-0.21875,-0.5,-0.359375,0.140625
mistral_7b,14,valenced_opposite::utilitarian::015,valenced_opposite,utilitarian,valenced,opposite,-0.6,preference_control,-0.90625,-1.9375,2.687206745147705,-1.7983330488204956,2.687206745147705,-1.7983330488204956,0.4444368481636047,2.2427698969841003,-0.90625,-1.9375,-1.421875,0.515625
mistral_7b,14,valenced_opposite::utilitarian::015,valenced_opposite,utilitarian,valenced,opposite,-0.4,preference_control,-1.875,-2.703125,3.874380588531494,-2.5429606437683105,3.874380588531494,-2.5429606437683105,0.6657099723815918,3.2086706161499023,-1.875,-2.703125,-2.2890625,0.4140625
mistral_7b,14,valenced_opposite::utilitarian::015,valenced_opposite,utilitarian,valenced,opposite,-0.2,preference_control,-2.09375,-3.140625,4.718676567077637,-2.771466374397278,4.718676567077637,-2.771466374397278,0.9736050963401794,3.745071470737457,-2.09375,-3.140625,-2.6171875,0.5234375
mistral_7b,14,valenced_opposite::utilitarian::015,valenced_opposite,utilitarian,valenced,opposite,0.0,preference_control,0.1875,-3.203125,6.687563061714172,-2.9570107460021973,6.687563061714172,-2.9570107460021973,1.8652761578559875,4.822286903858185,0.1875,-3.203125,-1.5078125,1.6953125
mistral_7b,14,valenced_opposite::utilitarian::015,valenced_opposite,utilitarian,valenced,opposite,0.2,preference_control,4.5,-1.5,9.453165769577026,-1.503401517868042,9.453165769577026,-1.503401517868042,3.974882125854492,5.478283643722534,4.5,-1.5,1.5,3.0
mistral_7b,14,valenced_opposite::utilitarian::015,valenced_opposite,utilitarian,valenced,opposite,0.4,preference_control,7.3125,3.15625,10.07228946685791,2.922740578651428,10.07228946685791,2.922740578651428,6.497515022754669,3.574774444103241,7.3125,3.15625,5.234375,2.078125
mistral_7b,14,valenced_opposite::utilitarian::015,valenced_opposite,utilitarian,valenced,opposite,0.6,preference_control,9.5,6.1875,10.267593264579771,5.79743492603302,10.267593264579771,5.79743492603302,8.032514095306396,2.2350791692733765,9.5,6.1875,7.84375,1.65625
mistral_7b,14,valenced_opposite::utilitarian::015,valenced_opposite,utilitarian,valenced,opposite,0.8,preference_control,10.6875,7.1875,10.897471070289612,7.043467402458191,10.897471070289612,7.043467402458191,8.970469236373901,1.9270018339157104,10.6875,7.1875,8.9375,1.75
mistral_7b,14,valenced_opposite::utilitarian::015,valenced_opposite,utilitarian,valenced,opposite,1.0,preference_control,11.0,7.4375,11.258309483528135,7.213205218315124,11.258309483528135,7.213205218315124,9.23575735092163,2.0225521326065063,11.0,7.4375,9.21875,1.78125
mistral_7b,14,valenced_opposite::utilitarian::016,valenced_opposite,utilitarian,valenced,opposite,-1.0,preference_control,-1.046875,-0.4140625,-1.06304669380188,-0.4374940395355224,-1.06304669380188,-0.4374940395355224,-0.7502703666687012,-0.3127763271331787,-1.046875,-0.4140625,-0.73046875,-0.31640625
mistral_7b,14,valenced_opposite::utilitarian::016,valenced_opposite,utilitarian,valenced,opposite,-0.8,preference_control,-0.81640625,-0.55859375,-0.8144258260726929,-0.5624982118606567,-0.8144258260726929,-0.5624982118606567,-0.6884620189666748,-0.125963807106018,-0.81640625,-0.55859375,-0.6875,-0.12890625
mistral_7b,14,valenced_opposite::utilitarian::016,valenced_opposite,utilitarian,valenced,opposite,-0.6,preference_control,-0.1416015625,-0.46417236328125,-0.1951148509979248,-0.437498927116394,-0.1951148509979248,-0.437498927116394,-0.3163068890571594,0.1211920380592346,-0.1416015625,-0.46417236328125,-0.302886962890625,0.161285400390625
mistral_7b,14,valenced_opposite::utilitarian::016,valenced_opposite,utilitarian,valenced,opposite,-0.4,preference_control,0.46435546875,-0.2369384765625,0.4840263128280639,-0.2499809265136718,0.4840263128280639,-0.2499809265136718,0.117022693157196,0.3670036196708679,0.46435546875,-0.2369384765625,0.11370849609375,0.35064697265625
mistral_7b,14,valenced_opposite::utilitarian::016,valenced_opposite,utilitarian,valenced,opposite,-0.2,preference_control,1.0966796875,0.05078125,1.1183096170425415,0.0625286102294921,1.1183096170425415,0.0625286102294921,0.5904191136360168,0.5278905034065247,1.0966796875,0.05078125,0.57373046875,0.52294921875
mistral_7b,14,valenced_opposite::utilitarian::016,valenced_opposite,utilitarian,valenced,opposite,0.0,preference_control,1.578125,0.263671875,1.5624765157699585,0.2500274181365967,1.5624765157699585,0.2500274181365967,0.9062519669532776,0.6562245488166809,1.578125,0.263671875,0.9208984375,0.6572265625
mistral_7b,14,valenced_opposite::utilitarian::016,valenced_opposite,utilitarian,valenced,opposite,0.2,preference_control,2.17578125,0.453125,2.187516450881958,0.5000112056732178,2.187516450881958,0.5000112056732178,1.343763828277588,0.8437526226043701,2.17578125,0.453125,1.314453125,0.861328125
mistral_7b,14,valenced_opposite::utilitarian::016,valenced_opposite,utilitarian,valenced,opposite,0.4,preference_control,4.5,2.84375,4.46876335144043,2.875007390975952,4.46876335144043,2.875007390975952,3.671885371208191,0.7968779802322388,4.5,2.84375,3.671875,0.828125
mistral_7b,14,valenced_opposite::utilitarian::016,valenced_opposite,utilitarian,valenced,opposite,0.6,preference_control,7.65625,7.0,7.656262993812561,6.968774676322937,7.656262993812561,6.968774676322937,7.312518835067749,0.343744158744812,7.65625,7.0,7.328125,0.328125
mistral_7b,14,valenced_opposite::utilitarian::016,valenced_opposite,utilitarian,valenced,opposite,0.8,preference_control,9.5625,9.375,9.574232816696169,9.357484698295591,9.574232816696169,9.357484698295591,9.46585875749588,0.1083740592002868,9.5625,9.375,9.46875,0.09375
mistral_7b,14,valenced_opposite::utilitarian::016,valenced_opposite,utilitarian,valenced,opposite,1.0,preference_control,10.046875,9.28125,10.037123680114746,9.259864687919617,10.037123680114746,9.259864687919617,9.64849418401718,0.3886294960975647,10.046875,9.28125,9.6640625,0.3828125
mistral_7b,14,valenced_opposite::utilitarian::017,valenced_opposite,utilitarian,valenced,opposite,-1.0,preference_control,3.15625,6.765625,3.063063144683838,6.597659826278687,3.063063144683838,6.597659826278687,4.830361485481262,-1.7672983407974243,3.15625,6.765625,4.9609375,-1.8046875
mistral_7b,14,valenced_opposite::utilitarian::017,valenced_opposite,utilitarian,valenced,opposite,-0.8,preference_control,2.53125,5.75,2.344220280647278,5.6908873319625854,2.344220280647278,5.6908873319625854,4.017553806304932,-1.6733335256576538,2.53125,5.75,4.140625,-1.609375
mistral_7b,14,valenced_opposite::utilitarian::017,valenced_opposite,utilitarian,valenced,opposite,-0.6,preference_control,2.4375,4.53125,2.375615954399109,4.299845099449158,2.375615954399109,4.299845099449158,3.3377305269241333,-0.9621145725250244,2.4375,4.53125,3.484375,-1.046875
mistral_7b,14,valenced_opposite::utilitarian::017,valenced_opposite,utilitarian,valenced,opposite,-0.4,preference_control,2.65625,3.40625,2.6889864206314087,3.221538782119751,2.6889864206314087,3.221538782119751,2.95526260137558,-0.2662761807441711,2.65625,3.40625,3.03125,-0.375
mistral_7b,14,valenced_opposite::utilitarian::017,valenced_opposite,utilitarian,valenced,opposite,-0.2,preference_control,3.25,2.90625,3.315992832183838,2.814966917037964,3.315992832183838,2.814966917037964,3.065479874610901,0.250512957572937,3.25,2.90625,3.078125,0.171875
mistral_7b,14,valenced_opposite::utilitarian::017,valenced_opposite,utilitarian,valenced,opposite,0.0,preference_control,5.609375,2.625,5.663113832473755,2.689144015312195,5.663113832473755,2.689144015312195,4.176128923892975,1.48698490858078,5.609375,2.625,4.1171875,1.4921875
mistral_7b,14,valenced_opposite::utilitarian::017,valenced_opposite,utilitarian,valenced,opposite,0.2,preference_control,7.96875,3.125,8.125338196754456,3.095231771469116,8.125338196754456,3.095231771469116,5.610284984111786,2.5150532126426697,7.96875,3.125,5.546875,2.421875
mistral_7b,14,valenced_opposite::utilitarian::017,valenced_opposite,utilitarian,valenced,opposite,0.4,preference_control,9.796875,3.34375,9.907933354377748,3.283121347427368,9.907933354377748,3.283121347427368,6.595527350902557,3.312406003475189,9.796875,3.34375,6.5703125,3.2265625
mistral_7b,14,valenced_opposite::utilitarian::017,valenced_opposite,utilitarian,valenced,opposite,0.6,preference_control,11.640625,4.875,11.778787970542908,4.948548913002014,11.778787970542908,4.948548913002014,8.363668441772461,3.4151195287704468,11.640625,4.875,8.2578125,3.3828125
mistral_7b,14,valenced_opposite::utilitarian::017,valenced_opposite,utilitarian,valenced,opposite,0.8,preference_control,13.125,7.5625,13.227518200874329,7.502624750137329,13.227518200874329,7.502624750137329,10.365071475505829,2.8624467253685,13.125,7.5625,10.34375,2.78125
mistral_7b,14,valenced_opposite::utilitarian::017,valenced_opposite,utilitarian,valenced,opposite,1.0,preference_control,13.5625,8.25,13.75290822982788,8.306520700454712,13.75290822982788,8.306520700454712,11.029714465141296,2.7231937646865845,13.5625,8.25,10.90625,2.65625
mistral_7b,14,valenced_opposite::utilitarian::018,valenced_opposite,utilitarian,valenced,opposite,-1.0,preference_control,0.78125,-0.96875,0.9208239316940308,-0.9357830286026,0.9208239316940308,-0.9357830286026,-0.0074795484542846,0.9283034801483154,0.78125,-0.96875,-0.09375,0.875
mistral_7b,14,valenced_opposite::utilitarian::018,valenced_opposite,utilitarian,valenced,opposite,-0.8,preference_control,-0.21875,-2.09375,0.9877033233642578,-1.9906604290008545,0.9877033233642578,-1.9906604290008545,-0.5014785528182983,1.4891818761825562,-0.21875,-2.09375,-1.15625,0.9375
mistral_7b,14,valenced_opposite::utilitarian::018,valenced_opposite,utilitarian,valenced,opposite,-0.6,preference_control,-0.84375,-2.671875,1.6089563369750977,-2.4510152339935303,1.6089563369750977,-2.4510152339935303,-0.4210294485092163,2.029985785484314,-0.84375,-2.671875,-1.7578125,0.9140625
mistral_7b,14,valenced_opposite::utilitarian::018,valenced_opposite,utilitarian,valenced,opposite,-0.4,preference_control,-1.140625,-2.734375,2.108837723731994,-2.6622464656829834,2.108837723731994,-2.6622464656829834,-0.2767043709754944,2.385542094707489,-1.140625,-2.734375,-1.9375,0.796875
mistral_7b,14,valenced_opposite::utilitarian::018,valenced_opposite,utilitarian,valenced,opposite,-0.2,preference_control,-0.609375,-2.34375,2.358883619308472,-2.3152459859848022,2.358883619308472,-2.3152459859848022,0.0218188166618347,2.337064802646637,-0.609375,-2.34375,-1.4765625,0.8671875
mistral_7b,14,valenced_opposite::utilitarian::018,valenced_opposite,utilitarian,valenced,opposite,0.0,preference_control,0.765625,-1.203125,3.265264749526977,-1.1167482137680054,3.265264749526977,-1.1167482137680054,1.074258267879486,2.1910064816474915,0.765625,-1.203125,-0.21875,0.984375
mistral_7b,14,valenced_opposite::utilitarian::018,valenced_opposite,utilitarian,valenced,opposite,0.2,preference_control,2.453125,0.53125,3.035137414932251,0.4380453824996948,3.035137414932251,0.4380453824996948,1.736591398715973,1.298546016216278,2.453125,0.53125,1.4921875,0.9609375
mistral_7b,14,valenced_opposite::utilitarian::018,valenced_opposite,utilitarian,valenced,opposite,0.4,preference_control,3.96875,1.1875,3.926393151283264,1.2189494371414185,3.926393151283264,1.2189494371414185,2.5726712942123413,1.3537218570709229,3.96875,1.1875,2.578125,1.390625
mistral_7b,14,valenced_opposite::utilitarian::018,valenced_opposite,utilitarian,valenced,opposite,0.6,preference_control,5.765625,2.25,5.632874488830566,2.4064083099365234,5.632874488830566,2.4064083099365234,4.019641399383545,1.6132330894470217,5.765625,2.25,4.0078125,1.7578125
mistral_7b,14,valenced_opposite::utilitarian::018,valenced_opposite,utilitarian,valenced,opposite,0.8,preference_control,7.15625,3.5,7.221908926963806,3.586124420166016,7.221908926963806,3.586124420166016,5.404016673564911,1.8178922533988957,7.15625,3.5,5.328125,1.828125
mistral_7b,14,valenced_opposite::utilitarian::018,valenced_opposite,utilitarian,valenced,opposite,1.0,preference_control,7.9375,4.375,8.157852411270142,4.50801944732666,8.157852411270142,4.50801944732666,6.332935929298401,1.8249164819717407,7.9375,4.375,6.15625,1.78125
mistral_7b,14,valenced_opposite::utilitarian::019,valenced_opposite,utilitarian,valenced,opposite,-1.0,preference_control,0.265625,0.0,0.1235885620117187,-0.1249892711639404,0.1235885620117187,-0.1249892711639404,-0.0007003545761108,0.1242889165878295,0.265625,0.0,0.1328125,0.1328125
mistral_7b,14,valenced_opposite::utilitarian::019,valenced_opposite,utilitarian,valenced,opposite,-0.8,preference_control,0.546875,-0.03125,0.6215753555297852,0.0312459468841552,0.6215753555297852,0.0312459468841552,0.3264106512069702,0.2951647043228149,0.546875,-0.03125,0.2578125,0.2890625
mistral_7b,14,valenced_opposite::utilitarian::019,valenced_opposite,utilitarian,valenced,opposite,-0.6,preference_control,1.59375,0.71875,1.616438627243042,0.5312312841415405,1.616438627243042,0.5312312841415405,1.0738349556922913,0.5426036715507507,1.59375,0.71875,1.15625,0.4375
mistral_7b,14,valenced_opposite::utilitarian::019,valenced_opposite,utilitarian,valenced,opposite,-0.4,preference_control,2.58203125,1.640625,2.670213222503662,1.62498676776886,2.670213222503662,1.62498676776886,2.147599995136261,0.5226132273674011,2.58203125,1.640625,2.111328125,0.470703125
mistral_7b,14,valenced_opposite::utilitarian::019,valenced_opposite,utilitarian,valenced,opposite,-0.2,preference_control,3.17822265625,2.515625,3.1663585901260376,2.375028491020202,3.1663585901260376,2.375028491020202,2.77069354057312,0.3956650495529175,3.17822265625,2.515625,2.846923828125,0.331298828125
mistral_7b,14,valenced_opposite::utilitarian::019,valenced_opposite,utilitarian,valenced,opposite,0.0,preference_control,3.240234375,3.0078125,3.243899941444397,3.000034213066101,3.243899941444397,3.000034213066101,3.121967077255249,0.1219328641891479,3.240234375,3.0078125,3.1240234375,0.1162109375
mistral_7b,14,valenced_opposite::utilitarian::019,valenced_opposite,utilitarian,valenced,opposite,0.2,preference_control,3.41943359375,4.203125,3.3751771450042725,4.062525033950806,3.3751771450042725,4.062525033950806,3.718851089477539,-0.3436739444732666,3.41943359375,4.203125,3.811279296875,-0.391845703125
mistral_7b,14,valenced_opposite::utilitarian::019,valenced_opposite,utilitarian,valenced,opposite,0.4,preference_control,5.2734375,7.5625,5.062592625617981,7.289084553718567,5.062592625617981,7.289084553718567,6.175838589668274,-1.113245964050293,5.2734375,7.5625,6.41796875,-1.14453125
mistral_7b,14,valenced_opposite::utilitarian::019,valenced_opposite,utilitarian,valenced,opposite,0.6,preference_control,8.625,9.875,8.460989832878113,9.775411486625671,8.460989832878113,9.775411486625671,9.118200659751892,-0.6572108268737793,8.625,9.875,9.25,-0.625
mistral_7b,14,valenced_opposite::utilitarian::019,valenced_opposite,utilitarian,valenced,opposite,0.8,preference_control,9.96875,10.75,9.863320469856262,10.550614833831789,9.863320469856262,10.550614833831789,10.206967651844025,-0.3436471819877624,9.96875,10.75,10.359375,-0.390625
mistral_7b,14,valenced_opposite::utilitarian::019,valenced_opposite,utilitarian,valenced,opposite,1.0,preference_control,10.6875,10.4375,10.472201704978945,10.234760999679564,10.472201704978945,10.234760999679564,10.353481352329254,0.1187203526496887,10.6875,10.4375,10.5625,0.125
