model_name,target_layer,pair_id,pair_class,domain,valence_status,opposition_status,alpha_norm,template_name,first_token_logit_diff_canonical_AB,first_token_logit_diff_canonical_BA,logprob_diff_canonical_AB,logprob_diff_canonical_BA,d_AB,d_BA,semantic_component,position_component,first_token_d_AB,first_token_d_BA,first_token_semantic_component,first_token_position_component
qwen25_72b,52,neutral_nonopposite::neutral::000,neutral_nonopposite,neutral_nonopposite,neutral,nonopposite,-1.0,preference_control,-5.25,2.0,-5.2447509765625,1.998046875,-5.2447509765625,1.998046875,-1.62335205078125,-3.62139892578125,-5.25,2.0,-1.625,-3.625
qwen25_72b,52,neutral_nonopposite::neutral::000,neutral_nonopposite,neutral_nonopposite,neutral,nonopposite,-0.8,preference_control,-4.75,1.75,-4.74139404296875,1.75390625,-4.74139404296875,1.75390625,-1.493743896484375,-3.247650146484375,-4.75,1.75,-1.5,-3.25
qwen25_72b,52,neutral_nonopposite::neutral::000,neutral_nonopposite,neutral_nonopposite,neutral,nonopposite,-0.6,preference_control,-3.75,1.0,-3.742431640625,1.0,-3.742431640625,1.0,-1.3712158203125,-2.3712158203125,-3.75,1.0,-1.375,-2.375
qwen25_72b,52,neutral_nonopposite::neutral::000,neutral_nonopposite,neutral_nonopposite,neutral,nonopposite,-0.4,preference_control,-2.5,-0.25,-2.4990234375,-0.25,-2.4990234375,-0.25,-1.37451171875,-1.12451171875,-2.5,-0.25,-1.375,-1.125
qwen25_72b,52,neutral_nonopposite::neutral::000,neutral_nonopposite,neutral_nonopposite,neutral,nonopposite,-0.2,preference_control,-0.75,-1.75,-0.75390625,-1.75390625,-0.75390625,-1.75390625,-1.25390625,0.5,-0.75,-1.75,-1.25,0.5
qwen25_72b,52,neutral_nonopposite::neutral::000,neutral_nonopposite,neutral_nonopposite,neutral,nonopposite,0.0,preference_control,1.25,-3.5,1.248046875,-3.50146484375,1.248046875,-3.50146484375,-1.126708984375,2.374755859375,1.25,-3.5,-1.125,2.375
qwen25_72b,52,neutral_nonopposite::neutral::000,neutral_nonopposite,neutral_nonopposite,neutral,nonopposite,0.2,preference_control,3.0,-5.125,2.998291015625,-5.119049072265625,2.998291015625,-5.119049072265625,-1.0603790283203125,4.0586700439453125,3.0,-5.125,-1.0625,4.0625
qwen25_72b,52,neutral_nonopposite::neutral::000,neutral_nonopposite,neutral_nonopposite,neutral,nonopposite,0.4,preference_control,4.0,-5.75,4.0130615234375,-5.7468109130859375,4.0130615234375,-5.7468109130859375,-0.8668746948242188,4.879936218261719,4.0,-5.75,-0.875,4.875
qwen25_72b,52,neutral_nonopposite::neutral::000,neutral_nonopposite,neutral_nonopposite,neutral,nonopposite,0.6,preference_control,5.0,-6.625,4.9932861328125,-6.6236724853515625,4.9932861328125,-6.6236724853515625,-0.8151931762695312,5.808479309082031,5.0,-6.625,-0.8125,5.8125
qwen25_72b,52,neutral_nonopposite::neutral::000,neutral_nonopposite,neutral_nonopposite,neutral,nonopposite,0.8,preference_control,5.5,-7.25,5.49591064453125,-7.249286651611328,5.49591064453125,-7.249286651611328,-0.8766880035400391,6.372598648071289,5.5,-7.25,-0.875,6.375
qwen25_72b,52,neutral_nonopposite::neutral::000,neutral_nonopposite,neutral_nonopposite,neutral,nonopposite,1.0,preference_control,5.75,-8.125,5.746826171875,-8.124698638916016,5.746826171875,-8.124698638916016,-1.1889362335205078,6.935762405395508,5.75,-8.125,-1.1875,6.9375
qwen25_72b,52,neutral_nonopposite::neutral::001,neutral_nonopposite,neutral_nonopposite,neutral,nonopposite,-1.0,preference_control,-2.375,2.75,-2.37939453125,2.75,-2.37939453125,2.75,0.185302734375,-2.564697265625,-2.375,2.75,0.1875,-2.5625
qwen25_72b,52,neutral_nonopposite::neutral::001,neutral_nonopposite,neutral_nonopposite,neutral,nonopposite,-0.8,preference_control,-1.5,2.125,-1.5009765625,2.12109375,-1.5009765625,2.12109375,0.31005859375,-1.81103515625,-1.5,2.125,0.3125,-1.8125
qwen25_72b,52,neutral_nonopposite::neutral::001,neutral_nonopposite,neutral_nonopposite,neutral,nonopposite,-0.6,preference_control,-0.25,1.125,-0.25,1.125,-0.25,1.125,0.4375,-0.6875,-0.25,1.125,0.4375,-0.6875
qwen25_72b,52,neutral_nonopposite::neutral::001,neutral_nonopposite,neutral_nonopposite,neutral,nonopposite,-0.4,preference_control,1.0,-0.125,1.0,-0.125,1.0,-0.125,0.4375,0.5625,1.0,-0.125,0.4375,0.5625
qwen25_72b,52,neutral_nonopposite::neutral::001,neutral_nonopposite,neutral_nonopposite,neutral,nonopposite,-0.2,preference_control,2.875,-1.625,2.882568359375,-1.625,2.882568359375,-1.625,0.6287841796875,2.2537841796875,2.875,-1.625,0.625,2.25
qwen25_72b,52,neutral_nonopposite::neutral::001,neutral_nonopposite,neutral_nonopposite,neutral,nonopposite,0.0,preference_control,4.875,-3.125,4.867340087890625,-3.128662109375,4.867340087890625,-3.128662109375,0.8693389892578125,3.998001098632813,4.875,-3.125,0.875,4.0
qwen25_72b,52,neutral_nonopposite::neutral::001,neutral_nonopposite,neutral_nonopposite,neutral,nonopposite,0.2,preference_control,6.375,-4.75,6.373252868652344,-4.7413330078125,6.373252868652344,-4.7413330078125,0.8159599304199219,5.557292938232422,6.375,-4.75,0.8125,5.5625
qwen25_72b,52,neutral_nonopposite::neutral::001,neutral_nonopposite,neutral_nonopposite,neutral,nonopposite,0.4,preference_control,7.125,-5.75,7.124156951904297,-5.7467803955078125,7.124156951904297,-5.7467803955078125,0.6886882781982422,6.435468673706055,7.125,-5.75,0.6875,6.4375
qwen25_72b,52,neutral_nonopposite::neutral::001,neutral_nonopposite,neutral_nonopposite,neutral,nonopposite,0.6,preference_control,7.375,-6.5,7.374340057373047,-6.49847412109375,7.374340057373047,-6.49847412109375,0.4379329681396484,6.936407089233398,7.375,-6.5,0.4375,6.9375
qwen25_72b,52,neutral_nonopposite::neutral::001,neutral_nonopposite,neutral_nonopposite,neutral,nonopposite,0.8,preference_control,7.625,-7.125,7.624485015869141,-7.124179840087891,7.624485015869141,-7.124179840087891,0.250152587890625,7.374332427978516,7.625,-7.125,0.25,7.375
qwen25_72b,52,neutral_nonopposite::neutral::001,neutral_nonopposite,neutral_nonopposite,neutral,nonopposite,1.0,preference_control,8.25,-8.25,8.249706268310547,-8.249723434448242,8.249706268310547,-8.249723434448242,-8.58306884765625e-06,8.249714851379395,8.25,-8.25,0.0,8.25
qwen25_72b,52,neutral_nonopposite::neutral::002,neutral_nonopposite,neutral_nonopposite,neutral,nonopposite,-1.0,preference_control,-2.5,0.875,-2.49853515625,0.625,-2.49853515625,0.625,-0.936767578125,-1.561767578125,-2.5,0.875,-0.8125,-1.6875
qwen25_72b,52,neutral_nonopposite::neutral::002,neutral_nonopposite,neutral_nonopposite,neutral,nonopposite,-0.8,preference_control,-1.875,0.5,-1.7529296875,0.375,-1.7529296875,0.375,-0.68896484375,-1.06396484375,-1.875,0.5,-0.6875,-1.1875
qwen25_72b,52,neutral_nonopposite::neutral::002,neutral_nonopposite,neutral_nonopposite,neutral,nonopposite,-0.6,preference_control,-0.75,-0.125,-0.876953125,0.0,-0.876953125,0.0,-0.4384765625,-0.4384765625,-0.75,-0.125,-0.4375,-0.3125
qwen25_72b,52,neutral_nonopposite::neutral::002,neutral_nonopposite,neutral_nonopposite,neutral,nonopposite,-0.4,preference_control,0.75,-0.75,0.75390625,-0.876953125,0.75390625,-0.876953125,-0.0615234375,0.8154296875,0.75,-0.75,0.0,0.75
qwen25_72b,52,neutral_nonopposite::neutral::002,neutral_nonopposite,neutral_nonopposite,neutral,nonopposite,-0.2,preference_control,3.125,-1.875,2.998046875,-1.998046875,2.998046875,-1.998046875,0.5,2.498046875,3.125,-1.875,0.625,2.5
qwen25_72b,52,neutral_nonopposite::neutral::002,neutral_nonopposite,neutral_nonopposite,neutral,nonopposite,0.0,preference_control,5.5,-3.5,5.495849609375,-3.6297607421875,5.495849609375,-3.6297607421875,0.93304443359375,4.56280517578125,5.5,-3.5,1.0,4.5
qwen25_72b,52,neutral_nonopposite::neutral::002,neutral_nonopposite,neutral_nonopposite,neutral,nonopposite,0.2,preference_control,7.75,-5.25,7.749544143676758,-5.24456787109375,7.749544143676758,-5.24456787109375,1.252488136291504,6.497056007385254,7.75,-5.25,1.25,6.5
qwen25_72b,52,neutral_nonopposite::neutral::002,neutral_nonopposite,neutral_nonopposite,neutral,nonopposite,0.4,preference_control,8.75,-6.25,8.749821662902832,-6.37310791015625,8.749821662902832,-6.37310791015625,1.188356876373291,7.561464786529541,8.75,-6.25,1.25,7.5
qwen25_72b,52,neutral_nonopposite::neutral::002,neutral_nonopposite,neutral_nonopposite,neutral,nonopposite,0.6,preference_control,9.25,-7.0,9.124873161315918,-6.9989013671875,9.124873161315918,-6.9989013671875,1.062985897064209,8.061887264251709,9.25,-7.0,1.125,8.125
qwen25_72b,52,neutral_nonopposite::neutral::002,neutral_nonopposite,neutral_nonopposite,neutral,nonopposite,0.8,preference_control,9.625,-8.125,9.49990701675415,-8.249597549438477,9.49990701675415,-8.249597549438477,0.6251547336578369,8.874752283096313,9.625,-8.125,0.75,8.875
qwen25_72b,52,neutral_nonopposite::neutral::002,neutral_nonopposite,neutral_nonopposite,neutral,nonopposite,1.0,preference_control,10.0,-9.125,9.749918937683104,-9.249780654907228,9.749918937683104,-9.249780654907228,0.2500691413879394,9.499849796295166,10.0,-9.125,0.4375,9.5625
qwen25_72b,52,neutral_nonopposite::neutral::003,neutral_nonopposite,neutral_nonopposite,neutral,nonopposite,-1.0,preference_control,-4.25,3.5,-4.263427734375,3.498779296875,-4.263427734375,3.498779296875,-0.38232421875,-3.881103515625,-4.25,3.5,-0.375,-3.875
qwen25_72b,52,neutral_nonopposite::neutral::003,neutral_nonopposite,neutral_nonopposite,neutral,nonopposite,-0.8,preference_control,-3.75,3.125,-3.755126953125,3.126953125,-3.755126953125,3.126953125,-0.3140869140625,-3.4410400390625,-3.75,3.125,-0.3125,-3.4375
qwen25_72b,52,neutral_nonopposite::neutral::003,neutral_nonopposite,neutral_nonopposite,neutral,nonopposite,-0.6,preference_control,-3.25,3.125,-3.256591796875,3.1279296875,-3.256591796875,3.1279296875,-0.0643310546875,-3.1922607421875,-3.25,3.125,-0.0625,-3.1875
qwen25_72b,52,neutral_nonopposite::neutral::003,neutral_nonopposite,neutral_nonopposite,neutral,nonopposite,-0.4,preference_control,-2.125,2.75,-2.119140625,2.74951171875,-2.119140625,2.74951171875,0.315185546875,-2.434326171875,-2.125,2.75,0.3125,-2.4375
qwen25_72b,52,neutral_nonopposite::neutral::003,neutral_nonopposite,neutral_nonopposite,neutral,nonopposite,-0.2,preference_control,-0.875,2.25,-0.876953125,2.24267578125,-0.876953125,2.24267578125,0.682861328125,-1.559814453125,-0.875,2.25,0.6875,-1.5625
qwen25_72b,52,neutral_nonopposite::neutral::003,neutral_nonopposite,neutral_nonopposite,neutral,nonopposite,0.0,preference_control,0.5,1.25,0.501953125,1.248046875,0.501953125,1.248046875,0.875,-0.373046875,0.5,1.25,0.875,-0.375
qwen25_72b,52,neutral_nonopposite::neutral::003,neutral_nonopposite,neutral_nonopposite,neutral,nonopposite,0.2,preference_control,2.5,-0.25,2.4990234375,-0.25,2.4990234375,-0.25,1.12451171875,1.37451171875,2.5,-0.25,1.125,1.375
qwen25_72b,52,neutral_nonopposite::neutral::003,neutral_nonopposite,neutral_nonopposite,neutral,nonopposite,0.4,preference_control,3.75,-2.0,3.7423095703125,-1.998046875,3.7423095703125,-1.998046875,0.87213134765625,2.87017822265625,3.75,-2.0,0.875,2.875
qwen25_72b,52,neutral_nonopposite::neutral::003,neutral_nonopposite,neutral_nonopposite,neutral,nonopposite,0.6,preference_control,4.25,-3.75,4.23583984375,-3.742431640625,4.23583984375,-3.742431640625,0.2467041015625,3.9891357421875,4.25,-3.75,0.25,4.0
qwen25_72b,52,neutral_nonopposite::neutral::003,neutral_nonopposite,neutral_nonopposite,neutral,nonopposite,0.8,preference_control,4.75,-5.5,4.74139404296875,-5.49591064453125,4.74139404296875,-5.49591064453125,-0.37725830078125,5.11865234375,4.75,-5.5,-0.375,5.125
qwen25_72b,52,neutral_nonopposite::neutral::003,neutral_nonopposite,neutral_nonopposite,neutral,nonopposite,1.0,preference_control,5.25,-7.625,5.2447509765625,-7.624507904052734,5.2447509765625,-7.624507904052734,-1.1898784637451172,6.434629440307617,5.25,-7.625,-1.1875,6.4375
qwen25_72b,52,neutral_nonopposite::neutral::004,neutral_nonopposite,neutral_nonopposite,neutral,nonopposite,-1.0,preference_control,-8.0,0.625,-7.999164581298828,0.625,-7.999164581298828,0.625,-3.687082290649414,-4.312082290649414,-8.0,0.625,-3.6875,-4.3125
qwen25_72b,52,neutral_nonopposite::neutral::004,neutral_nonopposite,neutral_nonopposite,neutral,nonopposite,-0.8,preference_control,-7.375,-0.5,-7.374103546142578,-0.501953125,-7.374103546142578,-0.501953125,-3.938028335571289,-3.436075210571289,-7.375,-0.5,-3.9375,-3.4375
qwen25_72b,52,neutral_nonopposite::neutral::004,neutral_nonopposite,neutral_nonopposite,neutral,nonopposite,-0.6,preference_control,-6.25,-1.625,-6.247802734375,-1.6240234375,-6.247802734375,-1.6240234375,-3.9359130859375,-2.3118896484375,-6.25,-1.625,-3.9375,-2.3125
qwen25_72b,52,neutral_nonopposite::neutral::004,neutral_nonopposite,neutral_nonopposite,neutral,nonopposite,-0.4,preference_control,-5.375,-2.75,-5.370147705078125,-2.750244140625,-5.370147705078125,-2.750244140625,-4.0601959228515625,-1.3099517822265625,-5.375,-2.75,-4.0625,-1.3125
qwen25_72b,52,neutral_nonopposite::neutral::004,neutral_nonopposite,neutral_nonopposite,neutral,nonopposite,-0.2,preference_control,-3.875,-4.125,-3.869873046875,-4.139892578125,-3.869873046875,-4.139892578125,-4.0048828125,0.135009765625,-3.875,-4.125,-4.0,0.125
qwen25_72b,52,neutral_nonopposite::neutral::004,neutral_nonopposite,neutral_nonopposite,neutral,nonopposite,0.0,preference_control,-2.25,-5.75,-2.2431640625,-5.7466583251953125,-2.2431640625,-5.7466583251953125,-3.994911193847656,1.7517471313476562,-2.25,-5.75,-4.0,1.75
qwen25_72b,52,neutral_nonopposite::neutral::004,neutral_nonopposite,neutral_nonopposite,neutral,nonopposite,0.2,preference_control,0.25,-7.625,0.25,-7.624458312988281,0.25,-7.624458312988281,-3.6872291564941406,3.9372291564941406,0.25,-7.625,-3.6875,3.9375
qwen25_72b,52,neutral_nonopposite::neutral::004,neutral_nonopposite,neutral_nonopposite,neutral,nonopposite,0.4,preference_control,3.0,-8.625,2.998291015625,-8.62479305267334,2.998291015625,-8.62479305267334,-2.81325101852417,5.81154203414917,3.0,-8.625,-2.8125,5.8125
qwen25_72b,52,neutral_nonopposite::neutral::004,neutral_nonopposite,neutral_nonopposite,neutral,nonopposite,0.6,preference_control,5.25,-9.0,5.244720458984375,-8.999853134155273,5.244720458984375,-8.999853134155273,-1.8775663375854488,7.122286796569824,5.25,-9.0,-1.875,7.125
qwen25_72b,52,neutral_nonopposite::neutral::004,neutral_nonopposite,neutral_nonopposite,neutral,nonopposite,0.8,preference_control,7.625,-9.75,7.6244964599609375,-9.749922752380373,7.6244964599609375,-9.749922752380373,-1.0627131462097168,8.687209606170654,7.625,-9.75,-1.0625,8.6875
qwen25_72b,52,neutral_nonopposite::neutral::004,neutral_nonopposite,neutral_nonopposite,neutral,nonopposite,1.0,preference_control,9.625,-9.625,9.624910831451416,-9.624887466430664,9.624910831451416,-9.624887466430664,1.1682510375976562e-05,9.62489914894104,9.625,-9.625,0.0,9.625
qwen25_72b,52,neutral_nonopposite::neutral::005,neutral_nonopposite,neutral_nonopposite,neutral,nonopposite,-1.0,preference_control,-0.75,3.75,-0.748046875,3.755126953125,-0.748046875,3.755126953125,1.5035400390625,-2.2515869140625,-0.75,3.75,1.5,-2.25
qwen25_72b,52,neutral_nonopposite::neutral::005,neutral_nonopposite,neutral_nonopposite,neutral,nonopposite,-0.8,preference_control,0.25,2.375,0.25,2.3740234375,0.25,2.3740234375,1.31201171875,-1.06201171875,0.25,2.375,1.3125,-1.0625
qwen25_72b,52,neutral_nonopposite::neutral::005,neutral_nonopposite,neutral_nonopposite,neutral,nonopposite,-0.6,preference_control,1.0,1.0,1.0,1.0,1.0,1.0,1.0,0.0,1.0,1.0,1.0,0.0
qwen25_72b,52,neutral_nonopposite::neutral::005,neutral_nonopposite,neutral_nonopposite,neutral,nonopposite,-0.4,preference_control,2.0,-0.875,1.9951171875,-0.87890625,1.9951171875,-0.87890625,0.55810546875,1.43701171875,2.0,-0.875,0.5625,1.4375
qwen25_72b,52,neutral_nonopposite::neutral::005,neutral_nonopposite,neutral_nonopposite,neutral,nonopposite,-0.2,preference_control,2.5,-2.875,2.49755859375,-2.88232421875,2.49755859375,-2.88232421875,-0.1923828125,2.68994140625,2.5,-2.875,-0.1875,2.6875
qwen25_72b,52,neutral_nonopposite::neutral::005,neutral_nonopposite,neutral_nonopposite,neutral,nonopposite,0.0,preference_control,3.5,-5.125,3.5006103515625,-5.134033203125,3.5006103515625,-5.134033203125,-0.81671142578125,4.31732177734375,3.5,-5.125,-0.8125,4.3125
qwen25_72b,52,neutral_nonopposite::neutral::005,neutral_nonopposite,neutral_nonopposite,neutral,nonopposite,0.2,preference_control,4.25,-7.625,4.23553466796875,-7.6187744140625,4.23553466796875,-7.6187744140625,-1.691619873046875,5.927154541015625,4.25,-7.625,-1.6875,5.9375
qwen25_72b,52,neutral_nonopposite::neutral::005,neutral_nonopposite,neutral_nonopposite,neutral,nonopposite,0.4,preference_control,5.25,-9.25,5.244659423828125,-9.24834442138672,5.244659423828125,-9.24834442138672,-2.001842498779297,7.246501922607422,5.25,-9.25,-2.0,7.25
qwen25_72b,52,neutral_nonopposite::neutral::005,neutral_nonopposite,neutral_nonopposite,neutral,nonopposite,0.6,preference_control,6.25,-10.5,6.2480316162109375,-10.49954605102539,6.2480316162109375,-10.49954605102539,-2.1257572174072266,8.373788833618164,6.25,-10.5,-2.125,8.375
qwen25_72b,52,neutral_nonopposite::neutral::005,neutral_nonopposite,neutral_nonopposite,neutral,nonopposite,0.8,preference_control,7.0,-10.875,6.999061584472656,-10.87477207183838,6.999061584472656,-10.87477207183838,-1.937855243682861,8.936916828155518,7.0,-10.875,-1.9375,8.9375
qwen25_72b,52,neutral_nonopposite::neutral::005,neutral_nonopposite,neutral_nonopposite,neutral,nonopposite,1.0,preference_control,8.0,-11.375,7.999629974365234,-11.374746322631836,7.999629974365234,-11.374746322631836,-1.6875581741333008,9.687188148498535,8.0,-11.375,-1.6875,9.6875
qwen25_72b,52,neutral_nonopposite::neutral::006,neutral_nonopposite,neutral_nonopposite,neutral,nonopposite,-1.0,preference_control,-8.375,-2.0,-8.374451041221619,-1.9970703125,-8.374451041221619,-1.9970703125,-5.185760676860809,-3.1886903643608093,-8.375,-2.0,-5.1875,-3.1875
qwen25_72b,52,neutral_nonopposite::neutral::006,neutral_nonopposite,neutral_nonopposite,neutral,nonopposite,-0.8,preference_control,-7.5,-3.5,-7.499157309532165,-3.371826171875,-7.499157309532165,-3.371826171875,-5.435491740703583,-2.0636655688285828,-7.5,-3.5,-5.5,-2.0
qwen25_72b,52,neutral_nonopposite::neutral::006,neutral_nonopposite,neutral_nonopposite,neutral,nonopposite,-0.6,preference_control,-6.25,-5.25,-6.498245596885681,-5.244415283203125,-6.498245596885681,-5.244415283203125,-5.871330440044403,-0.6269151568412781,-6.25,-5.25,-5.75,-0.5
qwen25_72b,52,neutral_nonopposite::neutral::006,neutral_nonopposite,neutral_nonopposite,neutral,nonopposite,-0.4,preference_control,-4.75,-7.125,-4.992981195449829,-6.873786926269531,-4.992981195449829,-6.873786926269531,-5.93338406085968,0.9404028654098512,-4.75,-7.125,-5.9375,1.1875
qwen25_72b,52,neutral_nonopposite::neutral::006,neutral_nonopposite,neutral_nonopposite,neutral,nonopposite,-0.2,preference_control,-2.625,-9.125,-2.881836175918579,-8.62472152709961,-2.881836175918579,-8.62472152709961,-5.753278851509094,2.871442675590515,-2.625,-9.125,-5.875,3.25
qwen25_72b,52,neutral_nonopposite::neutral::006,neutral_nonopposite,neutral_nonopposite,neutral,nonopposite,0.0,preference_control,-0.375,-10.5,-0.5000002384185791,-10.374913215637209,-0.5000002384185791,-10.374913215637209,-5.437456727027893,4.937456488609314,-0.375,-10.5,-5.4375,5.0625
qwen25_72b,52,neutral_nonopposite::neutral::006,neutral_nonopposite,neutral_nonopposite,neutral,nonopposite,0.2,preference_control,2.125,-12.0,2.119628667831421,-11.874958038330078,2.119628667831421,-11.874958038330078,-4.877664685249329,6.9972933530807495,2.125,-12.0,-4.9375,7.0625
qwen25_72b,52,neutral_nonopposite::neutral::006,neutral_nonopposite,neutral_nonopposite,neutral,nonopposite,0.4,preference_control,3.625,-12.5,3.371093511581421,-12.62497329711914,3.371093511581421,-12.62497329711914,-4.62693989276886,7.998033404350281,3.625,-12.5,-4.4375,8.0625
qwen25_72b,52,neutral_nonopposite::neutral::006,neutral_nonopposite,neutral_nonopposite,neutral,nonopposite,0.6,preference_control,4.875,-12.875,4.74072265625,-12.499969601631165,4.74072265625,-12.499969601631165,-3.8796234726905823,8.620346128940582,4.875,-12.875,-4.0,8.875
qwen25_72b,52,neutral_nonopposite::neutral::006,neutral_nonopposite,neutral_nonopposite,neutral,nonopposite,0.8,preference_control,5.625,-13.375,5.6208192110061646,-12.874963760375977,5.6208192110061646,-12.874963760375977,-3.627072274684906,9.24789148569107,5.625,-13.375,-3.875,9.5
qwen25_72b,52,neutral_nonopposite::neutral::006,neutral_nonopposite,neutral_nonopposite,neutral,nonopposite,1.0,preference_control,6.875,-14.0,6.998765468597412,-14.249980568885803,6.998765468597412,-14.249980568885803,-3.625607550144196,10.624373018741608,6.875,-14.0,-3.5625,10.4375
qwen25_72b,52,neutral_nonopposite::neutral::007,neutral_nonopposite,neutral_nonopposite,neutral,nonopposite,-1.0,preference_control,-5.0,-0.25,-4.992828369140625,-0.25,-4.992828369140625,-0.25,-2.6214141845703125,-2.3714141845703125,-5.0,-0.25,-2.625,-2.375
qwen25_72b,52,neutral_nonopposite::neutral::007,neutral_nonopposite,neutral_nonopposite,neutral,nonopposite,-0.8,preference_control,-4.125,-1.5,-4.1396484375,-1.5009765625,-4.1396484375,-1.5009765625,-2.8203125,-1.3193359375,-4.125,-1.5,-2.8125,-1.3125
qwen25_72b,52,neutral_nonopposite::neutral::007,neutral_nonopposite,neutral_nonopposite,neutral,nonopposite,-0.6,preference_control,-3.25,-2.75,-3.24267578125,-2.75,-3.24267578125,-2.75,-2.996337890625,-0.246337890625,-3.25,-2.75,-3.0,-0.25
qwen25_72b,52,neutral_nonopposite::neutral::007,neutral_nonopposite,neutral_nonopposite,neutral,nonopposite,-0.4,preference_control,-1.75,-4.125,-1.7529296875,-4.1397705078125,-1.7529296875,-4.1397705078125,-2.94635009765625,1.19342041015625,-1.75,-4.125,-2.9375,1.1875
qwen25_72b,52,neutral_nonopposite::neutral::007,neutral_nonopposite,neutral_nonopposite,neutral,nonopposite,-0.2,preference_control,0.75,-5.625,0.75390625,-5.62103271484375,0.75390625,-5.62103271484375,-2.433563232421875,3.187469482421875,0.75,-5.625,-2.4375,3.1875
qwen25_72b,52,neutral_nonopposite::neutral::007,neutral_nonopposite,neutral_nonopposite,neutral,nonopposite,0.0,preference_control,3.75,-7.0,3.7423095703125,-6.99884033203125,3.7423095703125,-6.99884033203125,-1.628265380859375,5.370574951171875,3.75,-7.0,-1.625,5.375
qwen25_72b,52,neutral_nonopposite::neutral::007,neutral_nonopposite,neutral_nonopposite,neutral,nonopposite,0.2,preference_control,7.5,-7.75,7.499446868896484,-7.749408721923828,7.499446868896484,-7.749408721923828,-0.1249809265136718,7.624427795410156,7.5,-7.75,-0.125,7.625
qwen25_72b,52,neutral_nonopposite::neutral::007,neutral_nonopposite,neutral_nonopposite,neutral,nonopposite,0.4,preference_control,10.0,-8.125,9.99995470046997,-8.124608993530273,9.99995470046997,-8.124608993530273,0.9376728534698486,9.062281847000122,10.0,-8.125,0.9375,9.0625
qwen25_72b,52,neutral_nonopposite::neutral::007,neutral_nonopposite,neutral_nonopposite,neutral,nonopposite,0.6,preference_control,11.5,-8.375,11.499989867210388,-8.374713897705078,11.499989867210388,-8.374713897705078,1.562637984752655,9.937351882457731,11.5,-8.375,1.5625,9.9375
qwen25_72b,52,neutral_nonopposite::neutral::007,neutral_nonopposite,neutral_nonopposite,neutral,nonopposite,0.8,preference_control,12.375,-9.0,12.374995708465576,-8.99984359741211,12.374995708465576,-8.99984359741211,1.6875760555267334,10.687419652938845,12.375,-9.0,1.6875,10.6875
qwen25_72b,52,neutral_nonopposite::neutral::007,neutral_nonopposite,neutral_nonopposite,neutral,nonopposite,1.0,preference_control,12.875,-9.875,12.87499737739563,-9.874925136566162,12.87499737739563,-9.874925136566162,1.500036120414734,11.374961256980896,12.875,-9.875,1.5,11.375
qwen25_72b,52,neutral_nonopposite::neutral::008,neutral_nonopposite,neutral_nonopposite,neutral,nonopposite,-1.0,preference_control,-5.375,1.625,-5.370207905769348,1.6250027418136597,-5.370207905769348,1.6250027418136597,-1.872602581977844,-3.497605323791504,-5.375,1.625,-1.875,-3.5
qwen25_72b,52,neutral_nonopposite::neutral::008,neutral_nonopposite,neutral_nonopposite,neutral,nonopposite,-0.8,preference_control,-5.0,1.0,-4.993102669715881,1.000001311302185,-4.993102669715881,1.000001311302185,-1.996550679206848,-2.996551990509033,-5.0,1.0,-2.0,-3.0
qwen25_72b,52,neutral_nonopposite::neutral::008,neutral_nonopposite,neutral_nonopposite,neutral,nonopposite,-0.6,preference_control,-4.625,0.375,-4.615051031112671,0.3750004768371582,-4.615051031112671,0.3750004768371582,-2.1200252771377563,-2.4950257539749146,-4.625,0.375,-2.125,-2.5
qwen25_72b,52,neutral_nonopposite::neutral::008,neutral_nonopposite,neutral_nonopposite,neutral,nonopposite,-0.4,preference_control,-4.0,-0.625,-4.01281726360321,-0.6249997615814209,-4.01281726360321,-0.6249997615814209,-2.318908512592316,-1.6939087510108948,-4.0,-0.625,-2.3125,-1.6875
qwen25_72b,52,neutral_nonopposite::neutral::008,neutral_nonopposite,neutral_nonopposite,neutral,nonopposite,-0.2,preference_control,-2.75,-2.125,-2.7499998807907104,-2.1215819120407104,-2.7499998807907104,-2.1215819120407104,-2.4357908964157104,-0.314208984375,-2.75,-2.125,-2.4375,-0.3125
qwen25_72b,52,neutral_nonopposite::neutral::008,neutral_nonopposite,neutral_nonopposite,neutral,nonopposite,0.0,preference_control,-1.125,-3.75,-1.1249998807907104,-3.7423094511032096,-1.1249998807907104,-3.7423094511032096,-2.4336546659469604,1.30865478515625,-1.125,-3.75,-2.4375,1.3125
qwen25_72b,52,neutral_nonopposite::neutral::008,neutral_nonopposite,neutral_nonopposite,neutral,nonopposite,0.2,preference_control,1.625,-5.875,1.6250001192092896,-5.8721771240234375,1.6250001192092896,-5.8721771240234375,-2.123588502407074,3.748588621616364,1.625,-5.875,-2.125,3.75
qwen25_72b,52,neutral_nonopposite::neutral::008,neutral_nonopposite,neutral_nonopposite,neutral,nonopposite,0.4,preference_control,4.25,-7.0,4.235779047012329,-6.999076843261719,4.235779047012329,-6.999076843261719,-1.3816488981246948,5.617427945137024,4.25,-7.0,-1.375,5.625
qwen25_72b,52,neutral_nonopposite::neutral::008,neutral_nonopposite,neutral_nonopposite,neutral,nonopposite,0.6,preference_control,6.75,-7.75,6.748810052871704,-7.749563217163086,6.748810052871704,-7.749563217163086,-0.5003765821456909,7.249186635017395,6.75,-7.75,-0.5,7.25
qwen25_72b,52,neutral_nonopposite::neutral::008,neutral_nonopposite,neutral_nonopposite,neutral,nonopposite,0.8,preference_control,8.25,-8.125,8.249729990959167,-8.124698638916016,8.249729990959167,-8.124698638916016,0.0625156760215759,8.187214314937592,8.25,-8.125,0.0625,8.1875
qwen25_72b,52,neutral_nonopposite::neutral::008,neutral_nonopposite,neutral_nonopposite,neutral,nonopposite,1.0,preference_control,9.5,-8.75,9.499920845031738,-8.749836921691895,9.499920845031738,-8.749836921691895,0.3750419616699219,9.124878883361816,9.5,-8.75,0.375,9.125
qwen25_72b,52,neutral_nonopposite::neutral::009,neutral_nonopposite,neutral_nonopposite,neutral,nonopposite,-1.0,preference_control,-3.25,1.25,-3.243163585662842,1.2480472326278689,-3.243163585662842,1.2480472326278689,-0.9975581765174866,-2.2456054091453552,-3.25,1.25,-1.0,-2.25
qwen25_72b,52,neutral_nonopposite::neutral::009,neutral_nonopposite,neutral_nonopposite,neutral,nonopposite,-0.8,preference_control,-3.0,1.0,-2.998290657997132,1.000000238418579,-2.998290657997132,1.000000238418579,-0.999145209789276,-1.9991454482078552,-3.0,1.0,-1.0,-2.0
qwen25_72b,52,neutral_nonopposite::neutral::009,neutral_nonopposite,neutral_nonopposite,neutral,nonopposite,-0.6,preference_control,-2.75,0.75,-2.750488042831421,0.7539063692092896,-2.750488042831421,0.7539063692092896,-0.9982908368110656,-1.7521972060203552,-2.75,0.75,-1.0,-1.75
qwen25_72b,52,neutral_nonopposite::neutral::009,neutral_nonopposite,neutral_nonopposite,neutral,nonopposite,-0.4,preference_control,-2.25,0.0,-2.243652105331421,0.0,-2.243652105331421,0.0,-1.1218260526657104,-1.1218260526657104,-2.25,0.0,-1.125,-1.125
qwen25_72b,52,neutral_nonopposite::neutral::009,neutral_nonopposite,neutral_nonopposite,neutral,nonopposite,-0.2,preference_control,-1.25,-0.75,-1.248046636581421,-0.75390625,-1.248046636581421,-0.75390625,-1.0009764432907104,-0.2470701932907104,-1.25,-0.75,-1.0,-0.25
qwen25_72b,52,neutral_nonopposite::neutral::009,neutral_nonopposite,neutral_nonopposite,neutral,nonopposite,0.0,preference_control,-0.25,-2.25,-0.2499997615814209,-2.24365234375,-0.2499997615814209,-2.24365234375,-1.2468260526657104,0.9968262910842896,-0.25,-2.25,-1.25,1.0
qwen25_72b,52,neutral_nonopposite::neutral::009,neutral_nonopposite,neutral_nonopposite,neutral,nonopposite,0.2,preference_control,2.0,-4.25,1.9980472326278689,-4.23583984375,1.9980472326278689,-4.23583984375,-1.1188963055610657,3.1169435381889343,2.0,-4.25,-1.125,3.125
qwen25_72b,52,neutral_nonopposite::neutral::009,neutral_nonopposite,neutral_nonopposite,neutral,nonopposite,0.4,preference_control,3.25,-5.5,3.2431647777557373,-5.49591064453125,3.2431647777557373,-5.49591064453125,-1.1263729333877563,4.369537711143494,3.25,-5.5,-1.125,4.375
qwen25_72b,52,neutral_nonopposite::neutral::009,neutral_nonopposite,neutral_nonopposite,neutral,nonopposite,0.6,preference_control,4.5,-6.25,4.488954663276672,-6.248069763183594,4.488954663276672,-6.248069763183594,-0.8795575499534607,5.368512213230133,4.5,-6.25,-0.875,5.375
qwen25_72b,52,neutral_nonopposite::neutral::009,neutral_nonopposite,neutral_nonopposite,neutral,nonopposite,0.8,preference_control,6.0,-7.25,5.997534394264221,-7.249290347099304,5.997534394264221,-7.249290347099304,-0.6258779764175415,6.623412370681763,6.0,-7.25,-0.625,6.625
qwen25_72b,52,neutral_nonopposite::neutral::009,neutral_nonopposite,neutral_nonopposite,neutral,nonopposite,1.0,preference_control,7.25,-8.25,7.249322175979614,-8.249736547470093,7.249322175979614,-8.249736547470093,-0.5002071857452393,7.749529361724853,7.25,-8.25,-0.5,7.75
qwen25_72b,52,neutral_nonopposite::neutral::010,neutral_nonopposite,neutral_nonopposite,neutral,nonopposite,-1.0,preference_control,-5.125,-2.5,-5.118988037109375,-2.4990234375,-5.118988037109375,-2.4990234375,-3.809005737304688,-1.3099822998046875,-5.125,-2.5,-3.8125,-1.3125
qwen25_72b,52,neutral_nonopposite::neutral::010,neutral_nonopposite,neutral_nonopposite,neutral,nonopposite,-0.8,preference_control,-5.0,-3.5,-4.99322509765625,-3.50146484375,-4.99322509765625,-3.50146484375,-4.247344970703125,-0.745880126953125,-5.0,-3.5,-4.25,-0.75
qwen25_72b,52,neutral_nonopposite::neutral::010,neutral_nonopposite,neutral_nonopposite,neutral,nonopposite,-0.6,preference_control,-4.75,-4.375,-4.7413330078125,-4.3624267578125,-4.7413330078125,-4.3624267578125,-4.5518798828125,-0.189453125,-4.75,-4.375,-4.5625,-0.1875
qwen25_72b,52,neutral_nonopposite::neutral::010,neutral_nonopposite,neutral_nonopposite,neutral,nonopposite,-0.4,preference_control,-3.75,-5.5,-3.7423095703125,-5.495880126953125,-3.7423095703125,-5.495880126953125,-4.6190948486328125,0.8767852783203125,-3.75,-5.5,-4.625,0.875
qwen25_72b,52,neutral_nonopposite::neutral::010,neutral_nonopposite,neutral_nonopposite,neutral,nonopposite,-0.2,preference_control,-2.875,-6.625,-2.882568359375,-6.6236572265625,-2.882568359375,-6.6236572265625,-4.75311279296875,1.87054443359375,-2.875,-6.625,-4.75,1.875
qwen25_72b,52,neutral_nonopposite::neutral::010,neutral_nonopposite,neutral_nonopposite,neutral,nonopposite,0.0,preference_control,-1.25,-7.75,-1.248046875,-7.749553680419922,-1.248046875,-7.749553680419922,-4.498800277709961,3.250753402709961,-1.25,-7.75,-4.5,3.25
qwen25_72b,52,neutral_nonopposite::neutral::010,neutral_nonopposite,neutral_nonopposite,neutral,nonopposite,0.2,preference_control,1.0,-8.875,1.0,-8.87485122680664,1.0,-8.87485122680664,-3.93742561340332,4.93742561340332,1.0,-8.875,-3.9375,4.9375
qwen25_72b,52,neutral_nonopposite::neutral::010,neutral_nonopposite,neutral_nonopposite,neutral,nonopposite,0.4,preference_control,2.75,-9.5,2.75048828125,-9.499917984008787,2.75048828125,-9.499917984008787,-3.3747148513793945,6.1252031326293945,2.75,-9.5,-3.375,6.125
qwen25_72b,52,neutral_nonopposite::neutral::010,neutral_nonopposite,neutral_nonopposite,neutral,nonopposite,0.6,preference_control,4.25,-10.375,4.23577880859375,-10.374964237213137,4.23577880859375,-10.374964237213137,-3.0695927143096924,7.305371522903442,4.25,-10.375,-3.0625,7.3125
qwen25_72b,52,neutral_nonopposite::neutral::010,neutral_nonopposite,neutral_nonopposite,neutral,nonopposite,0.8,preference_control,5.75,-10.875,5.746795654296875,-10.87497615814209,5.746795654296875,-10.87497615814209,-2.5640902519226074,8.310885906219482,5.75,-10.875,-2.5625,8.3125
qwen25_72b,52,neutral_nonopposite::neutral::010,neutral_nonopposite,neutral_nonopposite,neutral,nonopposite,1.0,preference_control,7.25,-11.875,7.249256134033203,-11.874985694885254,7.249256134033203,-11.874985694885254,-2.3128647804260254,9.562120914459229,7.25,-11.875,-2.3125,9.5625
qwen25_72b,52,neutral_nonopposite::neutral::011,neutral_nonopposite,neutral_nonopposite,neutral,nonopposite,-1.0,preference_control,0.0,2.625,0.0,2.6318359375,0.0,2.6318359375,1.31591796875,-1.31591796875,0.0,2.625,1.3125,-1.3125
qwen25_72b,52,neutral_nonopposite::neutral::011,neutral_nonopposite,neutral_nonopposite,neutral,nonopposite,-0.8,preference_control,0.0,2.875,0.0,2.881591796875,0.0,2.881591796875,1.4407958984375,-1.4407958984375,0.0,2.875,1.4375,-1.4375
qwen25_72b,52,neutral_nonopposite::neutral::011,neutral_nonopposite,neutral_nonopposite,neutral,nonopposite,-0.6,preference_control,0.25,2.75,0.25,2.75,0.25,2.75,1.5,-1.25,0.25,2.75,1.5,-1.25
qwen25_72b,52,neutral_nonopposite::neutral::011,neutral_nonopposite,neutral_nonopposite,neutral,nonopposite,-0.4,preference_control,1.25,2.125,1.248046875,2.12060546875,1.248046875,2.12060546875,1.684326171875,-0.436279296875,1.25,2.125,1.6875,-0.4375
qwen25_72b,52,neutral_nonopposite::neutral::011,neutral_nonopposite,neutral_nonopposite,neutral,nonopposite,-0.2,preference_control,2.5,0.75,2.4990234375,0.75390625,2.4990234375,0.75390625,1.62646484375,0.87255859375,2.5,0.75,1.625,0.875
qwen25_72b,52,neutral_nonopposite::neutral::011,neutral_nonopposite,neutral_nonopposite,neutral,nonopposite,0.0,preference_control,4.0,-1.5,4.0130615234375,-1.501953125,4.0130615234375,-1.501953125,1.25555419921875,2.75750732421875,4.0,-1.5,1.25,2.75
qwen25_72b,52,neutral_nonopposite::neutral::011,neutral_nonopposite,neutral_nonopposite,neutral,nonopposite,0.2,preference_control,6.0,-4.75,5.99749755859375,-4.7413330078125,5.99749755859375,-4.7413330078125,0.628082275390625,5.369415283203125,6.0,-4.75,0.625,5.375
qwen25_72b,52,neutral_nonopposite::neutral::011,neutral_nonopposite,neutral_nonopposite,neutral,nonopposite,0.4,preference_control,7.25,-7.75,7.249279022216797,-7.749563217163086,7.249279022216797,-7.749563217163086,-0.2501420974731445,7.499421119689941,7.25,-7.75,-0.25,7.5
qwen25_72b,52,neutral_nonopposite::neutral::011,neutral_nonopposite,neutral_nonopposite,neutral,nonopposite,0.6,preference_control,8.5,-10.0,8.499791145324707,-9.99995231628418,8.499791145324707,-9.99995231628418,-0.7500805854797363,9.249871730804443,8.5,-10.0,-0.75,9.25
qwen25_72b,52,neutral_nonopposite::neutral::011,neutral_nonopposite,neutral_nonopposite,neutral,nonopposite,0.8,preference_control,9.5,-11.25,9.499921321868896,-11.249985218048096,9.499921321868896,-11.249985218048096,-0.8750319480895996,10.374953269958496,9.5,-11.25,-0.875,10.375
qwen25_72b,52,neutral_nonopposite::neutral::011,neutral_nonopposite,neutral_nonopposite,neutral,nonopposite,1.0,preference_control,11.0,-12.25,10.999979376792908,-12.249991536140442,10.999979376792908,-12.249991536140442,-0.6250060796737671,11.624985456466677,11.0,-12.25,-0.625,11.625
qwen25_72b,52,neutral_nonopposite::neutral::012,neutral_nonopposite,neutral_nonopposite,neutral,nonopposite,-1.0,preference_control,-1.75,5.0,-1.7490234375,4.992889404296875,-1.7490234375,4.992889404296875,1.6219329833984375,-3.370956420898437,-1.75,5.0,1.625,-3.375
qwen25_72b,52,neutral_nonopposite::neutral::012,neutral_nonopposite,neutral_nonopposite,neutral,nonopposite,-0.8,preference_control,-2.25,4.75,-2.255859375,4.74102783203125,-2.255859375,4.74102783203125,1.242584228515625,-3.498443603515625,-2.25,4.75,1.25,-3.5
qwen25_72b,52,neutral_nonopposite::neutral::012,neutral_nonopposite,neutral_nonopposite,neutral,nonopposite,-0.6,preference_control,-2.25,3.75,-2.255859375,3.757568359375,-2.255859375,3.757568359375,0.7508544921875,-3.0067138671875,-2.25,3.75,0.75,-3.0
qwen25_72b,52,neutral_nonopposite::neutral::012,neutral_nonopposite,neutral_nonopposite,neutral,nonopposite,-0.4,preference_control,-2.0,2.75,-1.99609375,2.75,-1.99609375,2.75,0.376953125,-2.373046875,-2.0,2.75,0.375,-2.375
qwen25_72b,52,neutral_nonopposite::neutral::012,neutral_nonopposite,neutral_nonopposite,neutral,nonopposite,-0.2,preference_control,-1.75,0.875,-1.751953125,0.876953125,-1.751953125,0.876953125,-0.4375,-1.314453125,-1.75,0.875,-0.4375,-1.3125
qwen25_72b,52,neutral_nonopposite::neutral::012,neutral_nonopposite,neutral_nonopposite,neutral,nonopposite,0.0,preference_control,-0.5,-1.5,-0.501953125,-1.5009765625,-0.501953125,-1.5009765625,-1.00146484375,0.49951171875,-0.5,-1.5,-1.0,0.5
qwen25_72b,52,neutral_nonopposite::neutral::012,neutral_nonopposite,neutral_nonopposite,neutral,nonopposite,0.2,preference_control,1.125,-4.25,1.125,-4.23565673828125,1.125,-4.23565673828125,-1.555328369140625,2.680328369140625,1.125,-4.25,-1.5625,2.6875
qwen25_72b,52,neutral_nonopposite::neutral::012,neutral_nonopposite,neutral_nonopposite,neutral,nonopposite,0.4,preference_control,2.625,-6.625,2.6328125,-6.6236114501953125,2.6328125,-6.6236114501953125,-1.995399475097656,4.628211975097656,2.625,-6.625,-2.0,4.625
qwen25_72b,52,neutral_nonopposite::neutral::012,neutral_nonopposite,neutral_nonopposite,neutral,nonopposite,0.6,preference_control,4.25,-8.125,4.23565673828125,-8.124671936035156,4.23565673828125,-8.124671936035156,-1.944507598876953,6.180164337158203,4.25,-8.125,-1.9375,6.1875
qwen25_72b,52,neutral_nonopposite::neutral::012,neutral_nonopposite,neutral_nonopposite,neutral,nonopposite,0.8,preference_control,5.625,-9.625,5.62127685546875,-9.62491226196289,5.62127685546875,-9.62491226196289,-2.0018177032470703,7.62309455871582,5.625,-9.625,-2.0,7.625
qwen25_72b,52,neutral_nonopposite::neutral::012,neutral_nonopposite,neutral_nonopposite,neutral,nonopposite,1.0,preference_control,7.5,-10.625,7.499347686767578,-10.624950170516968,7.499347686767578,-10.624950170516968,-1.5628012418746948,9.062148928642271,7.5,-10.625,-1.5625,9.0625
qwen25_72b,52,neutral_nonopposite::neutral::013,neutral_nonopposite,neutral_nonopposite,neutral,nonopposite,-1.0,preference_control,1.5,6.5,1.5009764432907104,6.498420715332031,1.5009764432907104,6.498420715332031,3.999698579311371,-2.4987221360206604,1.5,6.5,4.0,-2.5
qwen25_72b,52,neutral_nonopposite::neutral::013,neutral_nonopposite,neutral_nonopposite,neutral,nonopposite,-0.8,preference_control,2.25,6.5,2.2431640625,6.498435974121094,2.2431640625,6.498435974121094,4.370800018310547,-2.127635955810547,2.25,6.5,4.375,-2.125
qwen25_72b,52,neutral_nonopposite::neutral::013,neutral_nonopposite,neutral_nonopposite,neutral,nonopposite,-0.6,preference_control,3.0,6.25,2.998046875,6.2480010986328125,2.998046875,6.2480010986328125,4.623023986816406,-1.6249771118164062,3.0,6.25,4.625,-1.625
qwen25_72b,52,neutral_nonopposite::neutral::013,neutral_nonopposite,neutral_nonopposite,neutral,nonopposite,-0.4,preference_control,3.875,5.875,3.869873046875,5.872085571289063,3.869873046875,5.872085571289063,4.870979309082031,-1.0011062622070312,3.875,5.875,4.875,-1.0
qwen25_72b,52,neutral_nonopposite::neutral::013,neutral_nonopposite,neutral_nonopposite,neutral,nonopposite,-0.2,preference_control,4.625,5.125,4.6151123046875,5.118896484375,4.6151123046875,5.118896484375,4.86700439453125,-0.25189208984375,4.625,5.125,4.875,-0.25
qwen25_72b,52,neutral_nonopposite::neutral::013,neutral_nonopposite,neutral_nonopposite,neutral,nonopposite,0.0,preference_control,5.875,3.875,5.872116088867188,3.86962890625,5.872116088867188,3.86962890625,4.870872497558594,1.0012435913085938,5.875,3.875,4.875,1.0
qwen25_72b,52,neutral_nonopposite::neutral::013,neutral_nonopposite,neutral_nonopposite,neutral,nonopposite,0.2,preference_control,7.0,2.375,6.999050140380859,2.37890625,6.999050140380859,2.37890625,4.68897819519043,2.3100719451904297,7.0,2.375,4.6875,2.3125
qwen25_72b,52,neutral_nonopposite::neutral::013,neutral_nonopposite,neutral_nonopposite,neutral,nonopposite,0.4,preference_control,7.375,0.5,7.374340057373047,0.501953125,7.374340057373047,0.501953125,3.938146591186523,3.4361934661865234,7.375,0.5,3.9375,3.4375
qwen25_72b,52,neutral_nonopposite::neutral::013,neutral_nonopposite,neutral_nonopposite,neutral,nonopposite,0.6,preference_control,8.0,-1.0,7.999639511108398,-0.998046875,7.999639511108398,-0.998046875,3.500796318054199,4.498843193054199,8.0,-1.0,3.5,4.5
qwen25_72b,52,neutral_nonopposite::neutral::013,neutral_nonopposite,neutral_nonopposite,neutral,nonopposite,0.8,preference_control,9.0,-2.75,8.999853134155273,-2.74951171875,8.999853134155273,-2.74951171875,3.1251707077026367,5.874682426452637,9.0,-2.75,3.125,5.875
qwen25_72b,52,neutral_nonopposite::neutral::013,neutral_nonopposite,neutral_nonopposite,neutral,nonopposite,1.0,preference_control,10.125,-4.25,10.124927639961244,-4.2349853515625,10.124927639961244,-4.2349853515625,2.944971144199372,7.179956495761871,10.125,-4.25,2.9375,7.1875
qwen25_72b,52,neutral_nonopposite::neutral::014,neutral_nonopposite,neutral_nonopposite,neutral,nonopposite,-1.0,preference_control,-4.625,2.0,-4.6162109375,1.9931640625,-4.6162109375,1.9931640625,-1.3115234375,-3.3046875,-4.625,2.0,-1.3125,-3.3125
qwen25_72b,52,neutral_nonopposite::neutral::014,neutral_nonopposite,neutral_nonopposite,neutral,nonopposite,-0.8,preference_control,-4.0,2.0,-4.005859375,1.9970703125,-4.005859375,1.9970703125,-1.00439453125,-3.00146484375,-4.0,2.0,-1.0,-3.0
qwen25_72b,52,neutral_nonopposite::neutral::014,neutral_nonopposite,neutral_nonopposite,neutral,nonopposite,-0.6,preference_control,-3.625,2.0,-3.6181640625,2.0009765625,-3.6181640625,2.0009765625,-0.80859375,-2.8095703125,-3.625,2.0,-0.8125,-2.8125
qwen25_72b,52,neutral_nonopposite::neutral::014,neutral_nonopposite,neutral_nonopposite,neutral,nonopposite,-0.4,preference_control,-2.375,1.5,-2.375,1.4970703125,-2.375,1.4970703125,-0.43896484375,-1.93603515625,-2.375,1.5,-0.4375,-1.9375
qwen25_72b,52,neutral_nonopposite::neutral::014,neutral_nonopposite,neutral_nonopposite,neutral,nonopposite,-0.2,preference_control,-1.0,1.0,-1.00390625,0.998046875,-1.00390625,0.998046875,-0.0029296875,-1.0009765625,-1.0,1.0,0.0,-1.0
qwen25_72b,52,neutral_nonopposite::neutral::014,neutral_nonopposite,neutral_nonopposite,neutral,nonopposite,0.0,preference_control,1.0,-0.25,0.99609375,-0.25,0.99609375,-0.25,0.373046875,0.623046875,1.0,-0.25,0.375,0.625
qwen25_72b,52,neutral_nonopposite::neutral::014,neutral_nonopposite,neutral_nonopposite,neutral,nonopposite,0.2,preference_control,3.5,-2.75,3.503662109375,-2.74951171875,3.503662109375,-2.74951171875,0.3770751953125,3.1265869140625,3.5,-2.75,0.375,3.125
qwen25_72b,52,neutral_nonopposite::neutral::014,neutral_nonopposite,neutral_nonopposite,neutral,nonopposite,0.4,preference_control,6.0,-4.75,5.99560546875,-4.7413330078125,5.99560546875,-4.7413330078125,0.62713623046875,5.36846923828125,6.0,-4.75,0.625,5.375
qwen25_72b,52,neutral_nonopposite::neutral::014,neutral_nonopposite,neutral_nonopposite,neutral,nonopposite,0.6,preference_control,7.75,-6.625,7.749305725097656,-6.6236572265625,7.749305725097656,-6.6236572265625,0.5628242492675781,7.186481475830078,7.75,-6.625,0.5625,7.1875
qwen25_72b,52,neutral_nonopposite::neutral::014,neutral_nonopposite,neutral_nonopposite,neutral,nonopposite,0.8,preference_control,9.625,-7.875,9.624823570251465,-7.874612808227539,9.624823570251465,-7.874612808227539,0.8751053810119629,8.749718189239502,9.625,-7.875,0.875,8.75
qwen25_72b,52,neutral_nonopposite::neutral::014,neutral_nonopposite,neutral_nonopposite,neutral,nonopposite,1.0,preference_control,11.625,-9.375,11.624831199645996,-9.37490940093994,11.624831199645996,-9.37490940093994,1.1249608993530271,10.499870300292969,11.625,-9.375,1.125,10.5
qwen25_72b,52,neutral_nonopposite::neutral::015,neutral_nonopposite,neutral_nonopposite,neutral,nonopposite,-1.0,preference_control,2.25,5.25,2.2431640625,5.244720458984375,2.2431640625,5.244720458984375,3.743942260742188,-1.5007781982421875,2.25,5.25,3.75,-1.5
qwen25_72b,52,neutral_nonopposite::neutral::015,neutral_nonopposite,neutral_nonopposite,neutral,nonopposite,-0.8,preference_control,3.5,4.5,3.50146484375,4.48895263671875,3.50146484375,4.48895263671875,3.995208740234375,-0.493743896484375,3.5,4.5,4.0,-0.5
qwen25_72b,52,neutral_nonopposite::neutral::015,neutral_nonopposite,neutral_nonopposite,neutral,nonopposite,-0.6,preference_control,5.0,3.75,4.993255615234375,3.7423095703125,4.993255615234375,3.7423095703125,4.3677825927734375,0.6254730224609375,5.0,3.75,4.375,0.625
qwen25_72b,52,neutral_nonopposite::neutral::015,neutral_nonopposite,neutral_nonopposite,neutral,nonopposite,-0.4,preference_control,6.25,2.25,6.248069763183594,2.24365234375,6.248069763183594,2.24365234375,4.245861053466797,2.002208709716797,6.25,2.25,4.25,2.0
qwen25_72b,52,neutral_nonopposite::neutral::015,neutral_nonopposite,neutral_nonopposite,neutral,nonopposite,-0.2,preference_control,7.0,0.0,6.99908447265625,0.0,6.99908447265625,0.0,3.499542236328125,3.499542236328125,7.0,0.0,3.5,3.5
qwen25_72b,52,neutral_nonopposite::neutral::015,neutral_nonopposite,neutral_nonopposite,neutral,nonopposite,0.0,preference_control,8.0,-2.5,7.999662399291992,-2.4990234375,7.999662399291992,-2.4990234375,2.750319480895996,5.249342918395996,8.0,-2.5,2.75,5.25
qwen25_72b,52,neutral_nonopposite::neutral::015,neutral_nonopposite,neutral_nonopposite,neutral,nonopposite,0.2,preference_control,8.5,-6.0,8.499794960021973,-5.9975128173828125,8.499794960021973,-5.9975128173828125,1.25114107131958,7.248653888702393,8.5,-6.0,1.25,7.25
qwen25_72b,52,neutral_nonopposite::neutral::015,neutral_nonopposite,neutral_nonopposite,neutral,nonopposite,0.4,preference_control,7.75,-8.5,7.749567031860352,-8.499791145324707,7.749567031860352,-8.499791145324707,-0.3751120567321777,8.12467908859253,7.75,-8.5,-0.375,8.125
qwen25_72b,52,neutral_nonopposite::neutral::015,neutral_nonopposite,neutral_nonopposite,neutral,nonopposite,0.6,preference_control,8.25,-10.25,8.249736785888672,-10.249959707260132,8.249736785888672,-10.249959707260132,-1.00011146068573,9.249848246574402,8.25,-10.25,-1.0,9.25
qwen25_72b,52,neutral_nonopposite::neutral::015,neutral_nonopposite,neutral_nonopposite,neutral,nonopposite,0.8,preference_control,8.0,-12.0,7.999654769897461,-11.999985098838806,7.999654769897461,-11.999985098838806,-2.0001651644706726,9.999819934368134,8.0,-12.0,-2.0,10.0
qwen25_72b,52,neutral_nonopposite::neutral::015,neutral_nonopposite,neutral_nonopposite,neutral,nonopposite,1.0,preference_control,8.5,-13.625,8.499760627746582,-13.624962091445925,8.499760627746582,-13.624962091445925,-2.5626007318496704,11.062361359596252,8.5,-13.625,-2.5625,11.0625
qwen25_72b,52,neutral_nonopposite::neutral::016,neutral_nonopposite,neutral_nonopposite,neutral,nonopposite,-1.0,preference_control,-4.375,0.75,-4.3623046875,0.75390625,-4.3623046875,0.75390625,-1.80419921875,-2.55810546875,-4.375,0.75,-1.8125,-2.5625
qwen25_72b,52,neutral_nonopposite::neutral::016,neutral_nonopposite,neutral_nonopposite,neutral,nonopposite,-0.8,preference_control,-3.5,-0.25,-3.5013427734375,-0.25,-3.5013427734375,-0.25,-1.87567138671875,-1.62567138671875,-3.5,-0.25,-1.875,-1.625
qwen25_72b,52,neutral_nonopposite::neutral::016,neutral_nonopposite,neutral_nonopposite,neutral,nonopposite,-0.6,preference_control,-2.75,-1.25,-2.750244140625,-1.248046875,-2.750244140625,-1.248046875,-1.9991455078125,-0.7510986328125,-2.75,-1.25,-2.0,-0.75
qwen25_72b,52,neutral_nonopposite::neutral::016,neutral_nonopposite,neutral_nonopposite,neutral,nonopposite,-0.4,preference_control,-1.75,-2.5,-1.75390625,-2.4990234375,-1.75390625,-2.4990234375,-2.12646484375,0.37255859375,-1.75,-2.5,-2.125,0.375
qwen25_72b,52,neutral_nonopposite::neutral::016,neutral_nonopposite,neutral_nonopposite,neutral,nonopposite,-0.2,preference_control,-0.75,-4.25,-0.75390625,-4.23565673828125,-0.75390625,-4.23565673828125,-2.494781494140625,1.740875244140625,-0.75,-4.25,-2.5,1.75
qwen25_72b,52,neutral_nonopposite::neutral::016,neutral_nonopposite,neutral_nonopposite,neutral,nonopposite,0.0,preference_control,0.5,-5.5,0.498046875,-5.49578857421875,0.498046875,-5.49578857421875,-2.498870849609375,2.996917724609375,0.5,-5.5,-2.5,3.0
qwen25_72b,52,neutral_nonopposite::neutral::016,neutral_nonopposite,neutral_nonopposite,neutral,nonopposite,0.2,preference_control,2.0,-7.25,1.998046875,-7.249210357666016,1.998046875,-7.249210357666016,-2.625581741333008,4.623628616333008,2.0,-7.25,-2.625,4.625
qwen25_72b,52,neutral_nonopposite::neutral::016,neutral_nonopposite,neutral_nonopposite,neutral,nonopposite,0.4,preference_control,2.5,-8.25,2.4990234375,-8.24968147277832,2.4990234375,-8.24968147277832,-2.87532901763916,5.37435245513916,2.5,-8.25,-2.875,5.375
qwen25_72b,52,neutral_nonopposite::neutral::016,neutral_nonopposite,neutral_nonopposite,neutral,nonopposite,0.6,preference_control,3.5,-8.875,3.50146484375,-8.874822616577148,3.50146484375,-8.874822616577148,-2.686678886413574,6.188143730163574,3.5,-8.875,-2.6875,6.1875
qwen25_72b,52,neutral_nonopposite::neutral::016,neutral_nonopposite,neutral_nonopposite,neutral,nonopposite,0.8,preference_control,4.75,-10.125,4.7413330078125,-10.124930381774902,4.7413330078125,-10.124930381774902,-2.691798686981201,7.433131694793701,4.75,-10.125,-2.6875,7.4375
qwen25_72b,52,neutral_nonopposite::neutral::016,neutral_nonopposite,neutral_nonopposite,neutral,nonopposite,1.0,preference_control,6.25,-11.625,6.2479248046875,-11.624957084655762,6.2479248046875,-11.624957084655762,-2.688516139984131,8.93644094467163,6.25,-11.625,-2.6875,8.9375
qwen25_72b,52,neutral_nonopposite::neutral::017,neutral_nonopposite,neutral_nonopposite,neutral,nonopposite,-1.0,preference_control,-0.75,1.5,-0.75390625,1.501953125,-0.75390625,1.501953125,0.3740234375,-1.1279296875,-0.75,1.5,0.375,-1.125
qwen25_72b,52,neutral_nonopposite::neutral::017,neutral_nonopposite,neutral_nonopposite,neutral,nonopposite,-0.8,preference_control,-0.5,1.0,-0.498046875,1.0,-0.498046875,1.0,0.2509765625,-0.7490234375,-0.5,1.0,0.25,-0.75
qwen25_72b,52,neutral_nonopposite::neutral::017,neutral_nonopposite,neutral_nonopposite,neutral,nonopposite,-0.6,preference_control,0.0,0.5,0.0,0.498046875,0.0,0.498046875,0.2490234375,-0.2490234375,0.0,0.5,0.25,-0.25
qwen25_72b,52,neutral_nonopposite::neutral::017,neutral_nonopposite,neutral_nonopposite,neutral,nonopposite,-0.4,preference_control,0.5,-0.25,0.498046875,-0.25,0.498046875,-0.25,0.1240234375,0.3740234375,0.5,-0.25,0.125,0.375
qwen25_72b,52,neutral_nonopposite::neutral::017,neutral_nonopposite,neutral_nonopposite,neutral,nonopposite,-0.2,preference_control,1.5,-1.5,1.501953125,-1.501953125,1.501953125,-1.501953125,0.0,1.501953125,1.5,-1.5,0.0,1.5
qwen25_72b,52,neutral_nonopposite::neutral::017,neutral_nonopposite,neutral_nonopposite,neutral,nonopposite,0.0,preference_control,3.0,-2.75,2.998291015625,-2.75048828125,2.998291015625,-2.75048828125,0.1239013671875,2.8743896484375,3.0,-2.75,0.125,2.875
qwen25_72b,52,neutral_nonopposite::neutral::017,neutral_nonopposite,neutral_nonopposite,neutral,nonopposite,0.2,preference_control,4.5,-4.75,4.48895263671875,-4.74139404296875,4.48895263671875,-4.74139404296875,-0.126220703125,4.61517333984375,4.5,-4.75,-0.125,4.625
qwen25_72b,52,neutral_nonopposite::neutral::017,neutral_nonopposite,neutral_nonopposite,neutral,nonopposite,0.4,preference_control,6.0,-6.0,5.9975128173828125,-5.9975128173828125,5.9975128173828125,-5.9975128173828125,0.0,5.9975128173828125,6.0,-6.0,0.0,6.0
qwen25_72b,52,neutral_nonopposite::neutral::017,neutral_nonopposite,neutral_nonopposite,neutral,nonopposite,0.6,preference_control,7.5,-7.75,7.499439239501953,-7.749565124511719,7.499439239501953,-7.749565124511719,-0.1250629425048828,7.624502182006836,7.5,-7.75,-0.125,7.625
qwen25_72b,52,neutral_nonopposite::neutral::017,neutral_nonopposite,neutral_nonopposite,neutral,nonopposite,0.8,preference_control,9.25,-9.5,9.249898433685305,-9.499917030334473,9.249898433685305,-9.499917030334473,-0.1250092983245849,9.374907732009888,9.25,-9.5,-0.125,9.375
qwen25_72b,52,neutral_nonopposite::neutral::017,neutral_nonopposite,neutral_nonopposite,neutral,nonopposite,1.0,preference_control,10.625,-10.75,10.624959230422974,-10.749942779541016,10.624959230422974,-10.749942779541016,-0.0624917745590209,10.687451004981996,10.625,-10.75,-0.0625,10.6875
qwen25_72b,52,neutral_nonopposite::neutral::018,neutral_nonopposite,neutral_nonopposite,neutral,nonopposite,-1.0,preference_control,2.375,2.875,2.37939453125,2.88134765625,2.37939453125,2.88134765625,2.63037109375,-0.2509765625,2.375,2.875,2.625,-0.25
qwen25_72b,52,neutral_nonopposite::neutral::018,neutral_nonopposite,neutral_nonopposite,neutral,nonopposite,-0.8,preference_control,3.25,1.875,3.242919921875,1.8720703125,3.242919921875,1.8720703125,2.5574951171875,0.6854248046875,3.25,1.875,2.5625,0.6875
qwen25_72b,52,neutral_nonopposite::neutral::018,neutral_nonopposite,neutral_nonopposite,neutral,nonopposite,-0.6,preference_control,4.75,0.75,4.7413330078125,0.75390625,4.7413330078125,0.75390625,2.74761962890625,1.99371337890625,4.75,0.75,2.75,2.0
qwen25_72b,52,neutral_nonopposite::neutral::018,neutral_nonopposite,neutral_nonopposite,neutral,nonopposite,-0.4,preference_control,6.0,-0.625,5.99749755859375,-0.625,5.99749755859375,-0.625,2.686248779296875,3.311248779296875,6.0,-0.625,2.6875,3.3125
qwen25_72b,52,neutral_nonopposite::neutral::018,neutral_nonopposite,neutral_nonopposite,neutral,nonopposite,-0.2,preference_control,7.625,-1.875,7.6244964599609375,-1.8720703125,7.6244964599609375,-1.8720703125,2.8762130737304688,4.748283386230469,7.625,-1.875,2.875,4.75
qwen25_72b,52,neutral_nonopposite::neutral::018,neutral_nonopposite,neutral_nonopposite,neutral,nonopposite,0.0,preference_control,9.0,-3.5,8.99986743927002,-3.5010986328125,8.99986743927002,-3.5010986328125,2.74938440322876,6.25048303604126,9.0,-3.5,2.75,6.25
qwen25_72b,52,neutral_nonopposite::neutral::018,neutral_nonopposite,neutral_nonopposite,neutral,nonopposite,0.2,preference_control,10.0,-5.0,9.999948501586914,-4.993011474609375,9.999948501586914,-4.993011474609375,2.503468513488769,7.496479988098144,10.0,-5.0,2.5,7.5
qwen25_72b,52,neutral_nonopposite::neutral::018,neutral_nonopposite,neutral_nonopposite,neutral,nonopposite,0.4,preference_control,10.375,-6.125,10.374964952468872,-6.122650146484375,10.374964952468872,-6.122650146484375,2.1261574029922485,8.248807549476624,10.375,-6.125,2.125,8.25
qwen25_72b,52,neutral_nonopposite::neutral::018,neutral_nonopposite,neutral_nonopposite,neutral,nonopposite,0.6,preference_control,10.375,-6.875,10.374964714050291,-6.873802185058594,10.374964714050291,-6.873802185058594,1.7505812644958496,8.624383449554443,10.375,-6.875,1.75,8.625
qwen25_72b,52,neutral_nonopposite::neutral::018,neutral_nonopposite,neutral_nonopposite,neutral,nonopposite,0.8,preference_control,10.25,-7.5,10.249959468841553,-7.499233245849609,10.249959468841553,-7.499233245849609,1.3753631114959717,8.874596357345581,10.25,-7.5,1.375,8.875
qwen25_72b,52,neutral_nonopposite::neutral::018,neutral_nonopposite,neutral_nonopposite,neutral,nonopposite,1.0,preference_control,10.625,-8.125,10.62496042251587,-8.124244689941406,10.62496042251587,-8.124244689941406,1.2503578662872314,9.374602556228638,10.625,-8.125,1.25,9.375
qwen25_72b,52,neutral_nonopposite::neutral::019,neutral_nonopposite,neutral_nonopposite,neutral,nonopposite,-1.0,preference_control,-3.0,0.125,-2.9965898990631104,0.1249998807907104,-2.9965898990631104,0.1249998807907104,-1.4357950091362,-1.5607948899269104,-3.0,0.125,-1.4375,-1.5625
qwen25_72b,52,neutral_nonopposite::neutral::019,neutral_nonopposite,neutral_nonopposite,neutral,nonopposite,-0.8,preference_control,-1.75,-0.125,-1.7519609928131104,-0.1250001192092895,-1.7519609928131104,-0.1250001192092895,-0.9384805560112,-0.8134804368019104,-1.75,-0.125,-0.9375,-0.8125
qwen25_72b,52,neutral_nonopposite::neutral::019,neutral_nonopposite,neutral_nonopposite,neutral,nonopposite,-0.6,preference_control,0.125,-0.75,0.1249885559082031,-0.751953125,0.1249885559082031,-0.751953125,-0.3134822845458984,0.4384708404541015,0.125,-0.75,-0.3125,0.4375
qwen25_72b,52,neutral_nonopposite::neutral::019,neutral_nonopposite,neutral_nonopposite,neutral,nonopposite,-0.4,preference_control,2.125,-1.75,2.120594024658203,-1.7529298067092896,2.120594024658203,-1.7529298067092896,0.1838321089744568,1.9367619156837463,2.125,-1.75,0.1875,1.9375
qwen25_72b,52,neutral_nonopposite::neutral::019,neutral_nonopposite,neutral_nonopposite,neutral,nonopposite,-0.2,preference_control,4.5,-3.0,4.488569736480713,-2.9978028535842896,4.488569736480713,-2.9978028535842896,0.7453834414482117,3.743186295032501,4.5,-3.0,0.75,3.75
qwen25_72b,52,neutral_nonopposite::neutral::019,neutral_nonopposite,neutral_nonopposite,neutral,nonopposite,0.0,preference_control,7.0,-4.625,6.998928189277649,-4.614868402481079,6.998928189277649,-4.614868402481079,1.192029893398285,5.806898295879364,7.0,-4.625,1.1875,5.8125
qwen25_72b,52,neutral_nonopposite::neutral::019,neutral_nonopposite,neutral_nonopposite,neutral,nonopposite,0.2,preference_control,9.75,-6.375,9.749858021736143,-6.373192310333252,9.749858021736143,-6.373192310333252,1.6883328557014463,8.061525166034698,9.75,-6.375,1.6875,8.0625
qwen25_72b,52,neutral_nonopposite::neutral::019,neutral_nonopposite,neutral_nonopposite,neutral,nonopposite,0.4,preference_control,11.25,-7.5,11.2499041557312,-7.499407172203064,11.2499041557312,-7.499407172203064,1.8752484917640688,9.374655663967133,11.25,-7.5,1.875,9.375
qwen25_72b,52,neutral_nonopposite::neutral::019,neutral_nonopposite,neutral_nonopposite,neutral,nonopposite,0.6,preference_control,12.125,-7.5,12.12490212917328,-7.499421834945679,12.12490212917328,-7.499421834945679,2.3127401471138,9.81216198205948,12.125,-7.5,2.3125,9.8125
qwen25_72b,52,neutral_nonopposite::neutral::019,neutral_nonopposite,neutral_nonopposite,neutral,nonopposite,0.8,preference_control,12.25,-8.5,12.249849677085876,-8.499794483184814,12.249849677085876,-8.499794483184814,1.875027596950531,10.374822080135344,12.25,-8.5,1.875,10.375
qwen25_72b,52,neutral_nonopposite::neutral::019,neutral_nonopposite,neutral_nonopposite,neutral,nonopposite,1.0,preference_control,12.25,-9.5,12.24970531463623,-9.499955177307127,12.24970531463623,-9.499955177307127,1.3748750686645508,10.87483024597168,12.25,-9.5,1.375,10.875
qwen25_72b,52,neutral_nonopposite::neutral::020,neutral_nonopposite,neutral_nonopposite,neutral,nonopposite,-1.0,preference_control,-7.75,1.625,-7.749500274658203,1.6220703125,-7.749500274658203,1.6220703125,-3.0637149810791016,-4.685785293579102,-7.75,1.625,-3.0625,-4.6875
qwen25_72b,52,neutral_nonopposite::neutral::020,neutral_nonopposite,neutral_nonopposite,neutral,nonopposite,-0.8,preference_control,-7.375,1.25,-7.374324798583984,1.25390625,-7.374324798583984,1.25390625,-3.060209274291992,-4.314115524291992,-7.375,1.25,-3.0625,-4.3125
qwen25_72b,52,neutral_nonopposite::neutral::020,neutral_nonopposite,neutral_nonopposite,neutral,nonopposite,-0.6,preference_control,-7.0,0.5,-6.999050140380859,0.5,-6.999050140380859,0.5,-3.2495250701904297,-3.7495250701904297,-7.0,0.5,-3.25,-3.75
qwen25_72b,52,neutral_nonopposite::neutral::020,neutral_nonopposite,neutral_nonopposite,neutral,nonopposite,-0.4,preference_control,-6.25,-0.5,-6.2480316162109375,-0.5,-6.2480316162109375,-0.5,-3.3740158081054688,-2.8740158081054688,-6.25,-0.5,-3.375,-2.875
qwen25_72b,52,neutral_nonopposite::neutral::020,neutral_nonopposite,neutral_nonopposite,neutral,nonopposite,-0.2,preference_control,-5.125,-2.0,-5.1190185546875,-1.9970703125,-5.1190185546875,-1.9970703125,-3.55804443359375,-1.56097412109375,-5.125,-2.0,-3.5625,-1.5625
qwen25_72b,52,neutral_nonopposite::neutral::020,neutral_nonopposite,neutral_nonopposite,neutral,nonopposite,0.0,preference_control,-4.25,-3.875,-4.23577880859375,-3.86962890625,-4.23577880859375,-3.86962890625,-4.052703857421875,-0.183074951171875,-4.25,-3.875,-4.0625,-0.1875
qwen25_72b,52,neutral_nonopposite::neutral::020,neutral_nonopposite,neutral_nonopposite,neutral,nonopposite,0.2,preference_control,-2.75,-6.125,-2.75048828125,-6.1226654052734375,-2.75048828125,-6.1226654052734375,-4.436576843261719,1.6860885620117188,-2.75,-6.125,-4.4375,1.6875
qwen25_72b,52,neutral_nonopposite::neutral::020,neutral_nonopposite,neutral_nonopposite,neutral,nonopposite,0.4,preference_control,-1.0,-7.375,-1.0,-7.374298095703125,-1.0,-7.374298095703125,-4.1871490478515625,3.1871490478515625,-1.0,-7.375,-4.1875,3.1875
qwen25_72b,52,neutral_nonopposite::neutral::020,neutral_nonopposite,neutral_nonopposite,neutral,nonopposite,0.6,preference_control,0.5,-8.375,0.498046875,-8.374711990356445,0.498046875,-8.374711990356445,-3.938332557678223,4.436379432678223,0.5,-8.375,-3.9375,4.4375
qwen25_72b,52,neutral_nonopposite::neutral::020,neutral_nonopposite,neutral_nonopposite,neutral,nonopposite,0.8,preference_control,1.5,-9.625,1.501953125,-9.624908924102783,1.501953125,-9.624908924102783,-4.061477899551392,5.563431024551392,1.5,-9.625,-4.0625,5.5625
qwen25_72b,52,neutral_nonopposite::neutral::020,neutral_nonopposite,neutral_nonopposite,neutral,nonopposite,1.0,preference_control,3.25,-10.125,3.2431640625,-10.124937057495115,3.2431640625,-10.124937057495115,-3.4408864974975586,6.684050559997559,3.25,-10.125,-3.4375,6.6875
qwen25_72b,52,neutral_nonopposite::neutral::021,neutral_nonopposite,neutral_nonopposite,neutral,nonopposite,-1.0,preference_control,-1.0,5.125,-0.99609375,5.11846923828125,-0.99609375,5.11846923828125,2.061187744140625,-3.057281494140625,-1.0,5.125,2.0625,-3.0625
qwen25_72b,52,neutral_nonopposite::neutral::021,neutral_nonopposite,neutral_nonopposite,neutral,nonopposite,-0.8,preference_control,-0.875,4.25,-0.875,4.2352294921875,-0.875,4.2352294921875,1.68011474609375,-2.55511474609375,-0.875,4.25,1.6875,-2.5625
qwen25_72b,52,neutral_nonopposite::neutral::021,neutral_nonopposite,neutral_nonopposite,neutral,nonopposite,-0.6,preference_control,-0.75,3.0,-0.748046875,2.99755859375,-0.748046875,2.99755859375,1.124755859375,-1.872802734375,-0.75,3.0,1.125,-1.875
qwen25_72b,52,neutral_nonopposite::neutral::021,neutral_nonopposite,neutral_nonopposite,neutral,nonopposite,-0.4,preference_control,-0.75,1.25,-0.75,1.24609375,-0.75,1.24609375,0.248046875,-0.998046875,-0.75,1.25,0.25,-1.0
qwen25_72b,52,neutral_nonopposite::neutral::021,neutral_nonopposite,neutral_nonopposite,neutral,nonopposite,-0.2,preference_control,-0.5,-1.125,-0.5,-1.123046875,-0.5,-1.123046875,-0.8115234375,0.3115234375,-0.5,-1.125,-0.8125,0.3125
qwen25_72b,52,neutral_nonopposite::neutral::021,neutral_nonopposite,neutral_nonopposite,neutral,nonopposite,0.0,preference_control,-0.5,-3.75,-0.501953125,-3.7572021484375,-0.501953125,-3.7572021484375,-2.12957763671875,1.62762451171875,-0.5,-3.75,-2.125,1.625
qwen25_72b,52,neutral_nonopposite::neutral::021,neutral_nonopposite,neutral_nonopposite,neutral,nonopposite,0.2,preference_control,-0.125,-7.125,-0.125,-7.12396240234375,-0.125,-7.12396240234375,-3.624481201171875,3.499481201171875,-0.125,-7.125,-3.625,3.5
qwen25_72b,52,neutral_nonopposite::neutral::021,neutral_nonopposite,neutral_nonopposite,neutral,nonopposite,0.4,preference_control,0.375,-9.75,0.375,-9.749868392944336,0.375,-9.749868392944336,-4.687434196472168,5.062434196472168,0.375,-9.75,-4.6875,5.0625
qwen25_72b,52,neutral_nonopposite::neutral::021,neutral_nonopposite,neutral_nonopposite,neutral,nonopposite,0.6,preference_control,1.0,-11.125,1.0,-11.124938011169434,1.0,-11.124938011169434,-5.062469005584717,6.062469005584717,1.0,-11.125,-5.0625,6.0625
qwen25_72b,52,neutral_nonopposite::neutral::021,neutral_nonopposite,neutral_nonopposite,neutral,nonopposite,0.8,preference_control,1.75,-12.625,1.75390625,-12.62496829032898,1.75390625,-12.62496829032898,-5.43553102016449,7.18943727016449,1.75,-12.625,-5.4375,7.1875
qwen25_72b,52,neutral_nonopposite::neutral::021,neutral_nonopposite,neutral_nonopposite,neutral,nonopposite,1.0,preference_control,2.5,-13.5,2.4990234375,-13.499955654144289,2.4990234375,-13.499955654144289,-5.500466108322144,7.999489545822143,2.5,-13.5,-5.5,8.0
qwen25_72b,52,neutral_nonopposite::neutral::022,neutral_nonopposite,neutral_nonopposite,neutral,nonopposite,-1.0,preference_control,2.5,-2.75,2.498046875,-2.74951171875,2.498046875,-2.74951171875,-0.125732421875,2.623779296875,2.5,-2.75,-0.125,2.625
qwen25_72b,52,neutral_nonopposite::neutral::022,neutral_nonopposite,neutral_nonopposite,neutral,nonopposite,-0.8,preference_control,3.625,-3.75,3.6292724609375,-3.7576904296875,3.6292724609375,-3.7576904296875,-0.064208984375,3.6934814453125,3.625,-3.75,-0.0625,3.6875
qwen25_72b,52,neutral_nonopposite::neutral::022,neutral_nonopposite,neutral_nonopposite,neutral,nonopposite,-0.6,preference_control,4.875,-5.0,4.86712646484375,-4.993133544921875,4.86712646484375,-4.993133544921875,-0.0630035400390625,4.9301300048828125,4.875,-5.0,-0.0625,4.9375
qwen25_72b,52,neutral_nonopposite::neutral::022,neutral_nonopposite,neutral_nonopposite,neutral,nonopposite,-0.4,preference_control,6.25,-6.375,6.2479095458984375,-6.373214721679688,6.2479095458984375,-6.373214721679688,-0.062652587890625,6.310562133789063,6.25,-6.375,-0.0625,6.3125
qwen25_72b,52,neutral_nonopposite::neutral::022,neutral_nonopposite,neutral_nonopposite,neutral,nonopposite,-0.2,preference_control,7.25,-7.5,7.249130249023437,-7.499393463134766,7.249130249023437,-7.499393463134766,-0.125131607055664,7.374261856079102,7.25,-7.5,-0.125,7.375
qwen25_72b,52,neutral_nonopposite::neutral::022,neutral_nonopposite,neutral_nonopposite,neutral,nonopposite,0.0,preference_control,8.625,-8.75,8.624723434448242,-8.749799728393555,8.624723434448242,-8.749799728393555,-0.0625381469726562,8.687261581420898,8.625,-8.75,-0.0625,8.6875
qwen25_72b,52,neutral_nonopposite::neutral::022,neutral_nonopposite,neutral_nonopposite,neutral,nonopposite,0.2,preference_control,9.375,-10.125,9.374835014343262,-10.12493658065796,9.374835014343262,-10.12493658065796,-0.3750507831573486,9.74988579750061,9.375,-10.125,-0.375,9.75
qwen25_72b,52,neutral_nonopposite::neutral::022,neutral_nonopposite,neutral_nonopposite,neutral,nonopposite,0.4,preference_control,9.25,-11.0,9.249820709228516,-10.99996781349182,9.249820709228516,-10.99996781349182,-0.8750735521316528,10.124894261360168,9.25,-11.0,-0.875,10.125
qwen25_72b,52,neutral_nonopposite::neutral::022,neutral_nonopposite,neutral_nonopposite,neutral,nonopposite,0.6,preference_control,9.375,-11.375,9.374849319458008,-11.374975562095642,9.374849319458008,-11.374975562095642,-1.0000631213188171,10.374912440776823,9.375,-11.375,-1.0,10.375
qwen25_72b,52,neutral_nonopposite::neutral::022,neutral_nonopposite,neutral_nonopposite,neutral,nonopposite,0.8,preference_control,9.75,-11.875,9.749895095825195,-11.874977469444277,9.749895095825195,-11.874977469444277,-1.0625411868095398,10.812436282634737,9.75,-11.875,-1.0625,10.8125
qwen25_72b,52,neutral_nonopposite::neutral::022,neutral_nonopposite,neutral_nonopposite,neutral,nonopposite,1.0,preference_control,9.75,-11.625,9.749892711639404,-11.624940395355225,9.749892711639404,-11.624940395355225,-0.9375238418579102,10.687416553497314,9.75,-11.625,-0.9375,10.6875
qwen25_72b,52,neutral_nonopposite::neutral::023,neutral_nonopposite,neutral_nonopposite,neutral,nonopposite,-1.0,preference_control,2.0,-1.75,1.998046875,-1.7529296875,1.998046875,-1.7529296875,0.12255859375,1.87548828125,2.0,-1.75,0.125,1.875
qwen25_72b,52,neutral_nonopposite::neutral::023,neutral_nonopposite,neutral_nonopposite,neutral,nonopposite,-0.8,preference_control,2.5,-2.75,2.4990234375,-2.75048828125,2.4990234375,-2.75048828125,-0.125732421875,2.624755859375,2.5,-2.75,-0.125,2.625
qwen25_72b,52,neutral_nonopposite::neutral::023,neutral_nonopposite,neutral_nonopposite,neutral,nonopposite,-0.6,preference_control,3.0,-3.5,2.998291015625,-3.50146484375,2.998291015625,-3.50146484375,-0.2515869140625,3.2498779296875,3.0,-3.5,-0.25,3.25
qwen25_72b,52,neutral_nonopposite::neutral::023,neutral_nonopposite,neutral_nonopposite,neutral,nonopposite,-0.4,preference_control,3.75,-4.25,3.742431640625,-4.23577880859375,3.742431640625,-4.23577880859375,-0.246673583984375,3.989105224609375,3.75,-4.25,-0.25,4.0
qwen25_72b,52,neutral_nonopposite::neutral::023,neutral_nonopposite,neutral_nonopposite,neutral,nonopposite,-0.2,preference_control,4.5,-5.0,4.48895263671875,-4.993255615234375,4.48895263671875,-4.993255615234375,-0.2521514892578125,4.7411041259765625,4.5,-5.0,-0.25,4.75
qwen25_72b,52,neutral_nonopposite::neutral::023,neutral_nonopposite,neutral_nonopposite,neutral,nonopposite,0.0,preference_control,5.25,-6.0,5.2447509765625,-5.9975128173828125,5.2447509765625,-5.9975128173828125,-0.3763809204101562,5.621131896972656,5.25,-6.0,-0.375,5.625
qwen25_72b,52,neutral_nonopposite::neutral::023,neutral_nonopposite,neutral_nonopposite,neutral,nonopposite,0.2,preference_control,5.75,-7.25,5.746826171875,-7.249286651611328,5.746826171875,-7.249286651611328,-0.7512302398681641,6.498056411743164,5.75,-7.25,-0.75,6.5
qwen25_72b,52,neutral_nonopposite::neutral::023,neutral_nonopposite,neutral_nonopposite,neutral,nonopposite,0.4,preference_control,5.75,-8.0,5.746826171875,-7.999662399291992,5.746826171875,-7.999662399291992,-1.126418113708496,6.873244285583496,5.75,-8.0,-1.125,6.875
qwen25_72b,52,neutral_nonopposite::neutral::023,neutral_nonopposite,neutral_nonopposite,neutral,nonopposite,0.6,preference_control,6.0,-9.0,5.997528076171875,-8.999876022338867,5.997528076171875,-8.999876022338867,-1.501173973083496,7.498702049255371,6.0,-9.0,-1.5,7.5
qwen25_72b,52,neutral_nonopposite::neutral::023,neutral_nonopposite,neutral_nonopposite,neutral,nonopposite,0.8,preference_control,6.5,-9.5,6.498497009277344,-9.499924182891846,6.498497009277344,-9.499924182891846,-1.500713586807251,7.999210596084595,6.5,-9.5,-1.5,8.0
qwen25_72b,52,neutral_nonopposite::neutral::023,neutral_nonopposite,neutral_nonopposite,neutral,nonopposite,1.0,preference_control,7.0,-9.25,6.999088287353516,-9.249900341033936,6.999088287353516,-9.249900341033936,-1.12540602684021,8.124494314193726,7.0,-9.25,-1.125,8.125
qwen25_72b,52,neutral_nonopposite::neutral::024,neutral_nonopposite,neutral_nonopposite,neutral,nonopposite,-1.0,preference_control,-2.5,2.75,-2.498046875,2.75,-2.498046875,2.75,0.1259765625,-2.6240234375,-2.5,2.75,0.125,-2.625
qwen25_72b,52,neutral_nonopposite::neutral::024,neutral_nonopposite,neutral_nonopposite,neutral,nonopposite,-0.8,preference_control,-1.5,2.5,-1.5009765625,2.4990234375,-1.5009765625,2.4990234375,0.4990234375,-2.0,-1.5,2.5,0.5,-2.0
qwen25_72b,52,neutral_nonopposite::neutral::024,neutral_nonopposite,neutral_nonopposite,neutral,nonopposite,-0.6,preference_control,-0.25,2.25,-0.25,2.2431640625,-0.25,2.2431640625,0.99658203125,-1.24658203125,-0.25,2.25,1.0,-1.25
qwen25_72b,52,neutral_nonopposite::neutral::024,neutral_nonopposite,neutral_nonopposite,neutral,nonopposite,-0.4,preference_control,1.0,1.75,0.998046875,1.75390625,0.998046875,1.75390625,1.3759765625,-0.3779296875,1.0,1.75,1.375,-0.375
qwen25_72b,52,neutral_nonopposite::neutral::024,neutral_nonopposite,neutral_nonopposite,neutral,nonopposite,-0.2,preference_control,2.75,1.0,2.75048828125,0.998046875,2.75048828125,0.998046875,1.874267578125,0.876220703125,2.75,1.0,1.875,0.875
qwen25_72b,52,neutral_nonopposite::neutral::024,neutral_nonopposite,neutral_nonopposite,neutral,nonopposite,0.0,preference_control,4.75,0.25,4.74139404296875,0.25,4.74139404296875,0.25,2.495697021484375,2.245697021484375,4.75,0.25,2.5,2.25
qwen25_72b,52,neutral_nonopposite::neutral::024,neutral_nonopposite,neutral_nonopposite,neutral,nonopposite,0.2,preference_control,7.0,-1.25,6.99908447265625,-1.248046875,6.99908447265625,-1.248046875,2.875518798828125,4.123565673828125,7.0,-1.25,2.875,4.125
qwen25_72b,52,neutral_nonopposite::neutral::024,neutral_nonopposite,neutral_nonopposite,neutral,nonopposite,0.4,preference_control,8.75,-2.25,8.749839782714844,-2.24365234375,8.749839782714844,-2.24365234375,3.253093719482422,5.496746063232422,8.75,-2.25,3.25,5.5
qwen25_72b,52,neutral_nonopposite::neutral::024,neutral_nonopposite,neutral_nonopposite,neutral,nonopposite,0.6,preference_control,10.0,-2.75,9.999953746795654,-2.75048828125,9.999953746795654,-2.75048828125,3.624732732772827,6.375221014022827,10.0,-2.75,3.625,6.375
qwen25_72b,52,neutral_nonopposite::neutral::024,neutral_nonopposite,neutral_nonopposite,neutral,nonopposite,0.8,preference_control,11.0,-3.0,10.999982357025146,-2.998291015625,10.999982357025146,-2.998291015625,4.000845670700073,6.999136686325073,11.0,-3.0,4.0,7.0
qwen25_72b,52,neutral_nonopposite::neutral::024,neutral_nonopposite,neutral_nonopposite,neutral,nonopposite,1.0,preference_control,12.0,-3.75,11.999991178512571,-3.7423095703125,11.999991178512571,-3.7423095703125,4.128840804100037,7.871150374412537,12.0,-3.75,4.125,7.875
qwen25_72b,52,neutral_opposite::neutral::000,neutral_opposite,neutral_opposite,neutral,opposite,-1.0,preference_control,-4.0,1.625,-3.7421875,1.6259765625,-3.7421875,1.6259765625,-1.05810546875,-2.68408203125,-4.0,1.625,-1.1875,-2.8125
qwen25_72b,52,neutral_opposite::neutral::000,neutral_opposite,neutral_opposite,neutral,opposite,-0.8,preference_control,-4.125,1.5,-4.12646484375,1.25390625,-4.12646484375,1.25390625,-1.436279296875,-2.690185546875,-4.125,1.5,-1.3125,-2.8125
qwen25_72b,52,neutral_opposite::neutral::000,neutral_opposite,neutral_opposite,neutral,opposite,-0.6,preference_control,-4.25,1.25,-3.988037109375,1.123046875,-3.988037109375,1.123046875,-1.4324951171875,-2.5555419921875,-4.25,1.25,-1.5,-2.75
qwen25_72b,52,neutral_opposite::neutral::000,neutral_opposite,neutral_opposite,neutral,opposite,-0.4,preference_control,-4.0,1.125,-4.1253662109375,1.0,-4.1253662109375,1.0,-1.56268310546875,-2.56268310546875,-4.0,1.125,-1.4375,-2.5625
qwen25_72b,52,neutral_opposite::neutral::000,neutral_opposite,neutral_opposite,neutral,opposite,-0.2,preference_control,-3.5,0.875,-3.244140625,1.12109375,-3.244140625,1.12109375,-1.0615234375,-2.1826171875,-3.5,0.875,-1.3125,-2.1875
qwen25_72b,52,neutral_opposite::neutral::000,neutral_opposite,neutral_opposite,neutral,opposite,0.0,preference_control,-2.5,1.0,-2.3828125,0.99609375,-2.3828125,0.99609375,-0.693359375,-1.689453125,-2.5,1.0,-0.75,-1.75
qwen25_72b,52,neutral_opposite::neutral::000,neutral_opposite,neutral_opposite,neutral,opposite,0.2,preference_control,-0.75,1.5,-0.5,1.24609375,-0.5,1.24609375,0.373046875,-0.873046875,-0.75,1.5,0.375,-1.125
qwen25_72b,52,neutral_opposite::neutral::000,neutral_opposite,neutral_opposite,neutral,opposite,0.4,preference_control,1.25,1.5,1.24609375,1.7529296875,1.24609375,1.7529296875,1.49951171875,-0.25341796875,1.25,1.5,1.375,-0.125
qwen25_72b,52,neutral_opposite::neutral::000,neutral_opposite,neutral_opposite,neutral,opposite,0.6,preference_control,3.0,1.75,2.7502442598342896,1.998046875,2.7502442598342896,1.998046875,2.3741455674171448,0.3760986924171448,3.0,1.75,2.375,0.625
qwen25_72b,52,neutral_opposite::neutral::000,neutral_opposite,neutral_opposite,neutral,opposite,0.8,preference_control,4.75,2.25,4.993164420127869,2.2431640625,4.993164420127869,2.2431640625,3.6181642413139343,1.3750001788139343,4.75,2.25,3.5,1.25
qwen25_72b,52,neutral_opposite::neutral::000,neutral_opposite,neutral_opposite,neutral,opposite,1.0,preference_control,6.75,2.5,6.748727440834045,2.2431641817092896,6.748727440834045,2.2431641817092896,4.495945811271668,2.252781629562378,6.75,2.5,4.625,2.125
qwen25_72b,52,neutral_opposite::neutral::001,neutral_opposite,neutral_opposite,neutral,opposite,-1.0,preference_control,-1.375,7.125,-1.37890625,7.1402587890625,-1.37890625,7.1402587890625,2.88067626953125,-4.25958251953125,-1.375,7.125,2.875,-4.25
qwen25_72b,52,neutral_opposite::neutral::001,neutral_opposite,neutral_opposite,neutral,opposite,-0.8,preference_control,-1.5,6.75,-1.501953125,6.73974609375,-1.501953125,6.73974609375,2.618896484375,-4.120849609375,-1.5,6.75,2.625,-4.125
qwen25_72b,52,neutral_opposite::neutral::001,neutral_opposite,neutral_opposite,neutral,opposite,-0.6,preference_control,-1.5,6.5,-1.5,6.49249267578125,-1.5,6.49249267578125,2.496246337890625,-3.996246337890625,-1.5,6.5,2.5,-4.0
qwen25_72b,52,neutral_opposite::neutral::001,neutral_opposite,neutral_opposite,neutral,opposite,-0.4,preference_control,-1.375,6.0,-1.375,5.992767333984375,-1.375,5.992767333984375,2.3088836669921875,-3.683883666992188,-1.375,6.0,2.3125,-3.6875
qwen25_72b,52,neutral_opposite::neutral::001,neutral_opposite,neutral_opposite,neutral,opposite,-0.2,preference_control,-0.625,5.125,-0.626953125,5.1141357421875,-0.626953125,5.1141357421875,2.24359130859375,-2.87054443359375,-0.625,5.125,2.25,-2.875
qwen25_72b,52,neutral_opposite::neutral::001,neutral_opposite,neutral_opposite,neutral,opposite,0.0,preference_control,0.75,3.875,0.748046875,3.8775634765625,0.748046875,3.8775634765625,2.31280517578125,-1.56475830078125,0.75,3.875,2.3125,-1.5625
qwen25_72b,52,neutral_opposite::neutral::001,neutral_opposite,neutral_opposite,neutral,opposite,0.2,preference_control,2.5,2.25,2.50634765625,2.24755859375,2.50634765625,2.24755859375,2.376953125,0.12939453125,2.5,2.25,2.375,0.125
qwen25_72b,52,neutral_opposite::neutral::001,neutral_opposite,neutral_opposite,neutral,opposite,0.4,preference_control,4.625,0.75,4.61328125,0.748046875,4.61328125,0.748046875,2.6806640625,1.9326171875,4.625,0.75,2.6875,1.9375
qwen25_72b,52,neutral_opposite::neutral::001,neutral_opposite,neutral_opposite,neutral,opposite,0.6,preference_control,6.5,-1.25,6.4976806640625,-1.251953125,6.4976806640625,-1.251953125,2.62286376953125,3.87481689453125,6.5,-1.25,2.625,3.875
qwen25_72b,52,neutral_opposite::neutral::001,neutral_opposite,neutral_opposite,neutral,opposite,0.8,preference_control,7.875,-3.0,7.8737791776657104,-3.00341796875,7.8737791776657104,-3.00341796875,2.4351806044578552,5.438598573207855,7.875,-3.0,2.4375,5.4375
qwen25_72b,52,neutral_opposite::neutral::001,neutral_opposite,neutral_opposite,neutral,opposite,1.0,preference_control,8.625,-4.0,8.622192144393921,-3.986083984375,8.622192144393921,-3.986083984375,2.3180540800094604,6.3041380643844604,8.625,-4.0,2.3125,6.3125
qwen25_72b,52,neutral_opposite::neutral::002,neutral_opposite,neutral_opposite,neutral,opposite,-1.0,preference_control,-1.375,2.875,-1.37109375,2.8759765625,-1.37109375,2.8759765625,0.75244140625,-2.12353515625,-1.375,2.875,0.75,-2.125
qwen25_72b,52,neutral_opposite::neutral::002,neutral_opposite,neutral_opposite,neutral,opposite,-0.8,preference_control,-1.125,3.25,-1.123046875,3.25390625,-1.123046875,3.25390625,1.0654296875,-2.1884765625,-1.125,3.25,1.0625,-2.1875
qwen25_72b,52,neutral_opposite::neutral::002,neutral_opposite,neutral_opposite,neutral,opposite,-0.6,preference_control,-0.625,3.75,-0.626953125,3.750244140625,-0.626953125,3.750244140625,1.5616455078125,-2.1885986328125,-0.625,3.75,1.5625,-2.1875
qwen25_72b,52,neutral_opposite::neutral::002,neutral_opposite,neutral_opposite,neutral,opposite,-0.4,preference_control,0.0,3.75,0.0,3.7535400390625,0.0,3.7535400390625,1.87677001953125,-1.87677001953125,0.0,3.75,1.875,-1.875
qwen25_72b,52,neutral_opposite::neutral::002,neutral_opposite,neutral_opposite,neutral,opposite,-0.2,preference_control,0.75,4.125,0.74609375,4.1378173828125,0.74609375,4.1378173828125,2.44195556640625,-1.69586181640625,0.75,4.125,2.4375,-1.6875
qwen25_72b,52,neutral_opposite::neutral::002,neutral_opposite,neutral_opposite,neutral,opposite,0.0,preference_control,2.125,3.75,2.11962890625,3.75634765625,2.11962890625,3.75634765625,2.93798828125,-0.818359375,2.125,3.75,2.9375,-0.8125
qwen25_72b,52,neutral_opposite::neutral::002,neutral_opposite,neutral_opposite,neutral,opposite,0.2,preference_control,3.875,2.75,3.8697509765625,2.74951171875,3.8697509765625,2.74951171875,3.30963134765625,0.56011962890625,3.875,2.75,3.3125,0.5625
qwen25_72b,52,neutral_opposite::neutral::002,neutral_opposite,neutral_opposite,neutral,opposite,0.4,preference_control,5.125,1.75,5.118988037109375,1.7529296875,5.118988037109375,1.7529296875,3.4359588623046875,1.6830291748046875,5.125,1.75,3.4375,1.6875
qwen25_72b,52,neutral_opposite::neutral::002,neutral_opposite,neutral_opposite,neutral,opposite,0.6,preference_control,6.25,0.5,6.248046875,0.498046875,6.248046875,0.498046875,3.373046875,2.875,6.25,0.5,3.375,2.875
qwen25_72b,52,neutral_opposite::neutral::002,neutral_opposite,neutral_opposite,neutral,opposite,0.8,preference_control,6.75,-0.75,6.748809814453125,-0.75390625,6.748809814453125,-0.75390625,2.9974517822265625,3.7513580322265625,6.75,-0.75,3.0,3.75
qwen25_72b,52,neutral_opposite::neutral::002,neutral_opposite,neutral_opposite,neutral,opposite,1.0,preference_control,7.0,-1.5,6.999046325683594,-1.5009765625,6.999046325683594,-1.5009765625,2.749034881591797,4.250011444091797,7.0,-1.5,2.75,4.25
qwen25_72b,52,neutral_opposite::neutral::003,neutral_opposite,neutral_opposite,neutral,opposite,-1.0,preference_control,-5.0,10.0,-4.991455078125,9.9898681640625,-4.991455078125,9.9898681640625,2.49920654296875,-7.49066162109375,-5.0,10.0,2.5,-7.5
qwen25_72b,52,neutral_opposite::neutral::003,neutral_opposite,neutral_opposite,neutral,opposite,-0.8,preference_control,-5.125,10.125,-5.134521484375,10.1187744140625,-5.134521484375,10.1187744140625,2.49212646484375,-7.62664794921875,-5.125,10.125,2.5,-7.625
qwen25_72b,52,neutral_opposite::neutral::003,neutral_opposite,neutral_opposite,neutral,opposite,-0.6,preference_control,-4.625,10.125,-4.6378173828125,10.121551513671877,-4.6378173828125,10.121551513671877,2.7418670654296875,-7.3796844482421875,-4.625,10.125,2.75,-7.375
qwen25_72b,52,neutral_opposite::neutral::003,neutral_opposite,neutral_opposite,neutral,opposite,-0.4,preference_control,-4.0,9.75,-4.0084228515625,9.748031616210938,-4.0084228515625,9.748031616210938,2.8698043823242188,-6.878227233886719,-4.0,9.75,2.875,-6.875
qwen25_72b,52,neutral_opposite::neutral::003,neutral_opposite,neutral_opposite,neutral,opposite,-0.2,preference_control,-3.125,9.0,-3.126220703125,8.998435974121094,-3.126220703125,8.998435974121094,2.936107635498047,-6.062328338623047,-3.125,9.0,2.9375,-6.0625
qwen25_72b,52,neutral_opposite::neutral::003,neutral_opposite,neutral_opposite,neutral,opposite,0.0,preference_control,-1.75,8.0,-1.7529296875,7.998664855957031,-1.7529296875,7.998664855957031,3.122867584228516,-4.875797271728516,-1.75,8.0,3.125,-4.875
qwen25_72b,52,neutral_opposite::neutral::003,neutral_opposite,neutral_opposite,neutral,opposite,0.2,preference_control,0.5,6.25,0.498046875,6.2474517822265625,0.498046875,6.2474517822265625,3.372749328613281,-2.874702453613281,0.5,6.25,3.375,-2.875
qwen25_72b,52,neutral_opposite::neutral::003,neutral_opposite,neutral_opposite,neutral,opposite,0.4,preference_control,3.75,4.75,3.7423095703125,4.74102783203125,3.7423095703125,4.74102783203125,4.241668701171875,-0.499359130859375,3.75,4.75,4.25,-0.5
qwen25_72b,52,neutral_opposite::neutral::003,neutral_opposite,neutral_opposite,neutral,opposite,0.6,preference_control,6.5,3.5,6.49847412109375,3.501220703125,6.49847412109375,3.501220703125,4.999847412109375,1.498626708984375,6.5,3.5,5.0,1.5
qwen25_72b,52,neutral_opposite::neutral::003,neutral_opposite,neutral_opposite,neutral,opposite,0.8,preference_control,8.25,2.5,8.24972152709961,2.4990234375,8.24972152709961,2.4990234375,5.374372482299805,2.8753490447998047,8.25,2.5,5.375,2.875
qwen25_72b,52,neutral_opposite::neutral::003,neutral_opposite,neutral_opposite,neutral,opposite,1.0,preference_control,9.5,1.5,9.499903202056885,1.5009765625,9.499903202056885,1.5009765625,5.500439882278442,3.9994633197784415,9.5,1.5,5.5,4.0
qwen25_72b,52,neutral_opposite::neutral::004,neutral_opposite,neutral_opposite,neutral,opposite,-1.0,preference_control,-2.0,6.25,-1.9921875,6.24658203125,-1.9921875,6.24658203125,2.127197265625,-4.119384765625,-2.0,6.25,2.125,-4.125
qwen25_72b,52,neutral_opposite::neutral::004,neutral_opposite,neutral_opposite,neutral,opposite,-0.8,preference_control,-2.0,6.5,-1.994140625,6.497222900390625,-1.994140625,6.497222900390625,2.2515411376953125,-4.2456817626953125,-2.0,6.5,2.25,-4.25
qwen25_72b,52,neutral_opposite::neutral::004,neutral_opposite,neutral_opposite,neutral,opposite,-0.6,preference_control,-1.875,6.75,-1.8701171875,6.74798583984375,-1.8701171875,6.74798583984375,2.438934326171875,-4.309051513671875,-1.875,6.75,2.4375,-4.3125
qwen25_72b,52,neutral_opposite::neutral::004,neutral_opposite,neutral_opposite,neutral,opposite,-0.4,preference_control,-1.5,7.0,-1.4990234375,6.99853515625,-1.4990234375,6.99853515625,2.749755859375,-4.248779296875,-1.5,7.0,2.75,-4.25
qwen25_72b,52,neutral_opposite::neutral::004,neutral_opposite,neutral_opposite,neutral,opposite,-0.2,preference_control,-1.0,6.75,-0.998046875,6.74835205078125,-0.998046875,6.74835205078125,2.875152587890625,-3.873199462890625,-1.0,6.75,2.875,-3.875
qwen25_72b,52,neutral_opposite::neutral::004,neutral_opposite,neutral_opposite,neutral,opposite,0.0,preference_control,0.25,6.125,0.25,6.1223907470703125,0.25,6.1223907470703125,3.186195373535156,-2.936195373535156,0.25,6.125,3.1875,-2.9375
qwen25_72b,52,neutral_opposite::neutral::004,neutral_opposite,neutral_opposite,neutral,opposite,0.2,preference_control,2.5,5.625,2.4990234375,5.6212158203125,2.4990234375,5.6212158203125,4.06011962890625,-1.56109619140625,2.5,5.625,4.0625,-1.5625
qwen25_72b,52,neutral_opposite::neutral::004,neutral_opposite,neutral_opposite,neutral,opposite,0.4,preference_control,4.25,5.0,4.2357177734375,4.993194580078125,4.2357177734375,4.993194580078125,4.6144561767578125,-0.3787384033203125,4.25,5.0,4.625,-0.375
qwen25_72b,52,neutral_opposite::neutral::004,neutral_opposite,neutral_opposite,neutral,opposite,0.6,preference_control,5.5,4.0,5.495880126953125,4.0130615234375,5.495880126953125,4.0130615234375,4.7544708251953125,0.7414093017578125,5.5,4.0,4.75,0.75
qwen25_72b,52,neutral_opposite::neutral::004,neutral_opposite,neutral_opposite,neutral,opposite,0.8,preference_control,6.25,2.5,6.248046875,2.4990234375,6.248046875,2.4990234375,4.37353515625,1.87451171875,6.25,2.5,4.375,1.875
qwen25_72b,52,neutral_opposite::neutral::004,neutral_opposite,neutral_opposite,neutral,opposite,1.0,preference_control,6.75,0.25,6.748802185058594,0.25,6.748802185058594,0.25,3.499401092529297,3.249401092529297,6.75,0.25,3.5,3.25
qwen25_72b,52,neutral_opposite::neutral::005,neutral_opposite,neutral_opposite,neutral,opposite,-1.0,preference_control,-9.375,4.625,-9.234010219573976,4.890136480331421,-9.234010219573976,4.890136480331421,-2.171936869621277,-7.062073349952698,-9.375,4.625,-2.375,-7.0
qwen25_72b,52,neutral_opposite::neutral::005,neutral_opposite,neutral_opposite,neutral,opposite,-0.8,preference_control,-8.875,3.75,-8.740845918655396,3.874511480331421,-8.740845918655396,3.874511480331421,-2.4331672191619877,-6.307678699493408,-8.875,3.75,-2.5625,-6.3125
qwen25_72b,52,neutral_opposite::neutral::005,neutral_opposite,neutral_opposite,neutral,opposite,-0.6,preference_control,-8.5,2.25,-8.370148658752441,2.374999761581421,-8.370148658752441,2.374999761581421,-2.9975744485855103,-5.372574210166931,-8.5,2.25,-3.125,-5.375
qwen25_72b,52,neutral_opposite::neutral::005,neutral_opposite,neutral_opposite,neutral,opposite,-0.4,preference_control,-7.0,0.25,-7.120606184005737,0.6210933923721313,-7.120606184005737,0.6210933923721313,-3.249756395816803,-3.8708497881889343,-7.0,0.25,-3.375,-3.625
qwen25_72b,52,neutral_opposite::neutral::005,neutral_opposite,neutral_opposite,neutral,opposite,-0.2,preference_control,-5.375,-2.25,-5.117004990577698,-2.1274417638778687,-5.117004990577698,-2.1274417638778687,-3.622223377227783,-1.4947816133499146,-5.375,-2.25,-3.8125,-1.5625
qwen25_72b,52,neutral_opposite::neutral::005,neutral_opposite,neutral_opposite,neutral,opposite,0.0,preference_control,-2.75,-5.25,-2.632324814796448,-5.242798209190369,-2.632324814796448,-5.242798209190369,-3.937561511993408,1.3052366971969604,-2.75,-5.25,-4.0,1.25
qwen25_72b,52,neutral_opposite::neutral::005,neutral_opposite,neutral_opposite,neutral,opposite,0.2,preference_control,0.75,-9.25,0.4980461597442627,-9.249672412872314,0.4980461597442627,-9.249672412872314,-4.375813126564026,4.873859286308289,0.75,-9.25,-4.25,5.0
qwen25_72b,52,neutral_opposite::neutral::005,neutral_opposite,neutral_opposite,neutral,opposite,0.4,preference_control,2.75,-12.125,2.7504875659942627,-12.124955534934998,2.7504875659942627,-12.124955534934998,-4.687233984470367,7.43772155046463,2.75,-12.125,-4.6875,7.4375
qwen25_72b,52,neutral_opposite::neutral::005,neutral_opposite,neutral_opposite,neutral,opposite,0.6,preference_control,4.0,-13.875,4.013060450553894,-13.999988198280334,4.013060450553894,-13.999988198280334,-4.99346387386322,9.006524324417114,4.0,-13.875,-4.9375,8.9375
qwen25_72b,52,neutral_opposite::neutral::005,neutral_opposite,neutral_opposite,neutral,opposite,0.8,preference_control,4.75,-14.25,4.488951086997986,-14.499991297721865,4.488951086997986,-14.499991297721865,-5.0055201053619385,9.494471192359924,4.75,-14.25,-4.75,9.5
qwen25_72b,52,neutral_opposite::neutral::005,neutral_opposite,neutral_opposite,neutral,opposite,1.0,preference_control,5.0,-14.125,5.244748473167419,-14.499981880187988,5.244748473167419,-14.499981880187988,-4.627616703510284,9.872365176677704,5.0,-14.125,-4.5625,9.5625
qwen25_72b,52,neutral_opposite::neutral::006,neutral_opposite,neutral_opposite,neutral,opposite,-1.0,preference_control,-5.625,7.75,-5.63916015625,7.76513671875,-5.63916015625,7.76513671875,1.06298828125,-6.7021484375,-5.625,7.75,1.0625,-6.6875
qwen25_72b,52,neutral_opposite::neutral::006,neutral_opposite,neutral_opposite,neutral,opposite,-0.8,preference_control,-4.875,7.25,-4.864501953125,7.23773193359375,-4.864501953125,7.23773193359375,1.186614990234375,-6.051116943359375,-4.875,7.25,1.1875,-6.0625
qwen25_72b,52,neutral_opposite::neutral::006,neutral_opposite,neutral_opposite,neutral,opposite,-0.6,preference_control,-4.0,6.625,-3.989501953125,6.61578369140625,-3.989501953125,6.61578369140625,1.313140869140625,-5.302642822265625,-4.0,6.625,1.3125,-5.3125
qwen25_72b,52,neutral_opposite::neutral::006,neutral_opposite,neutral_opposite,neutral,opposite,-0.4,preference_control,-3.0,6.25,-3.000732421875,6.243865966796875,-3.000732421875,6.243865966796875,1.6215667724609375,-4.6222991943359375,-3.0,6.25,1.625,-4.625
qwen25_72b,52,neutral_opposite::neutral::006,neutral_opposite,neutral_opposite,neutral,opposite,-0.2,preference_control,-1.25,5.0,-1.248046875,4.9892578125,-1.248046875,4.9892578125,1.87060546875,-3.11865234375,-1.25,5.0,1.875,-3.125
qwen25_72b,52,neutral_opposite::neutral::006,neutral_opposite,neutral_opposite,neutral,opposite,0.0,preference_control,0.5,4.25,0.5,4.2647705078125,0.5,4.2647705078125,2.38238525390625,-1.88238525390625,0.5,4.25,2.375,-1.875
qwen25_72b,52,neutral_opposite::neutral::006,neutral_opposite,neutral_opposite,neutral,opposite,0.2,preference_control,3.25,2.75,3.24267578125,2.7490234375,3.24267578125,2.7490234375,2.995849609375,0.246826171875,3.25,2.75,3.0,0.25
qwen25_72b,52,neutral_opposite::neutral::006,neutral_opposite,neutral_opposite,neutral,opposite,0.4,preference_control,5.75,1.25,5.7466583251953125,1.248046875,5.7466583251953125,1.248046875,3.497352600097656,2.249305725097656,5.75,1.25,3.5,2.25
qwen25_72b,52,neutral_opposite::neutral::006,neutral_opposite,neutral_opposite,neutral,opposite,0.6,preference_control,7.75,0.0,7.749517440795898,0.0,7.749517440795898,0.0,3.874758720397949,3.874758720397949,7.75,0.0,3.875,3.875
qwen25_72b,52,neutral_opposite::neutral::006,neutral_opposite,neutral_opposite,neutral,opposite,0.8,preference_control,9.25,-2.0,9.249880313873293,-1.998046875,9.249880313873293,-1.998046875,3.6259167194366455,5.6239635944366455,9.25,-2.0,3.625,5.625
qwen25_72b,52,neutral_opposite::neutral::006,neutral_opposite,neutral_opposite,neutral,opposite,1.0,preference_control,10.25,-4.0,10.249948740005491,-4.0130615234375,10.249948740005491,-4.0130615234375,3.1184436082839966,7.131505131721497,10.25,-4.0,3.125,7.125
qwen25_72b,52,neutral_opposite::neutral::007,neutral_opposite,neutral_opposite,neutral,opposite,-1.0,preference_control,-3.875,4.375,-3.87548828125,4.3603515625,-3.87548828125,4.3603515625,0.242431640625,-4.117919921875,-3.875,4.375,0.25,-4.125
qwen25_72b,52,neutral_opposite::neutral::007,neutral_opposite,neutral_opposite,neutral,opposite,-0.8,preference_control,-3.625,4.125,-3.63037109375,4.1240234375,-3.63037109375,4.1240234375,0.246826171875,-3.877197265625,-3.625,4.125,0.25,-3.875
qwen25_72b,52,neutral_opposite::neutral::007,neutral_opposite,neutral_opposite,neutral,opposite,-0.6,preference_control,-2.875,3.75,-2.8779296875,3.75048828125,-2.8779296875,3.75048828125,0.436279296875,-3.314208984375,-2.875,3.75,0.4375,-3.3125
qwen25_72b,52,neutral_opposite::neutral::007,neutral_opposite,neutral_opposite,neutral,opposite,-0.4,preference_control,-2.375,2.875,-2.380859375,2.88134765625,-2.380859375,2.88134765625,0.250244140625,-2.631103515625,-2.375,2.875,0.25,-2.625
qwen25_72b,52,neutral_opposite::neutral::007,neutral_opposite,neutral_opposite,neutral,opposite,-0.2,preference_control,-1.75,2.25,-1.74609375,2.24560546875,-1.74609375,2.24560546875,0.249755859375,-1.995849609375,-1.75,2.25,0.25,-2.0
qwen25_72b,52,neutral_opposite::neutral::007,neutral_opposite,neutral_opposite,neutral,opposite,0.0,preference_control,-0.5,1.25,-0.5,1.25,-0.5,1.25,0.375,-0.875,-0.5,1.25,0.375,-0.875
qwen25_72b,52,neutral_opposite::neutral::007,neutral_opposite,neutral_opposite,neutral,opposite,0.2,preference_control,1.75,-0.25,1.7529296875,-0.2500001192092895,1.7529296875,-0.2500001192092895,0.7514647841453552,1.0014649033546448,1.75,-0.25,0.75,1.0
qwen25_72b,52,neutral_opposite::neutral::007,neutral_opposite,neutral_opposite,neutral,opposite,0.4,preference_control,5.0,-1.5,4.993194580078125,-1.501953363418579,4.993194580078125,-1.501953363418579,1.745620608329773,3.247573971748352,5.0,-1.5,1.75,3.25
qwen25_72b,52,neutral_opposite::neutral::007,neutral_opposite,neutral_opposite,neutral,opposite,0.6,preference_control,8.5,-2.5,8.499773025512695,-2.4990237951278687,8.499773025512695,-2.4990237951278687,3.0003746151924133,5.499398410320282,8.5,-2.5,3.0,5.5
qwen25_72b,52,neutral_opposite::neutral::007,neutral_opposite,neutral_opposite,neutral,opposite,0.8,preference_control,9.875,-3.25,9.874933004379272,-3.2431647777557373,9.874933004379272,-3.2431647777557373,3.315884113311768,6.559048891067505,9.875,-3.25,3.3125,6.5625
qwen25_72b,52,neutral_opposite::neutral::007,neutral_opposite,neutral_opposite,neutral,opposite,1.0,preference_control,11.25,-4.75,11.249974131584167,-4.741334199905396,11.249974131584167,-4.741334199905396,3.254319965839386,7.995654165744781,11.25,-4.75,3.25,8.0
qwen25_72b,52,neutral_opposite::neutral::008,neutral_opposite,neutral_opposite,neutral,opposite,-1.0,preference_control,-9.875,-0.75,-9.873809814453123,-0.751953125,-9.873809814453123,-0.751953125,-5.3128814697265625,-4.5609283447265625,-9.875,-0.75,-5.3125,-4.5625
qwen25_72b,52,neutral_opposite::neutral::008,neutral_opposite,neutral_opposite,neutral,opposite,-0.8,preference_control,-9.75,-0.5,-9.749069213867188,-0.5,-9.749069213867188,-0.5,-5.124534606933594,-4.624534606933594,-9.75,-0.5,-5.125,-4.625
qwen25_72b,52,neutral_opposite::neutral::008,neutral_opposite,neutral_opposite,neutral,opposite,-0.6,preference_control,-9.375,0.0,-9.374156951904297,0.0,-9.374156951904297,0.0,-4.687078475952148,-4.687078475952148,-9.375,0.0,-4.6875,-4.6875
qwen25_72b,52,neutral_opposite::neutral::008,neutral_opposite,neutral_opposite,neutral,opposite,-0.4,preference_control,-8.5,0.75,-8.499076843261719,0.751953125,-8.499076843261719,0.751953125,-3.8735618591308594,-4.625514984130859,-8.5,0.75,-3.875,-4.625
qwen25_72b,52,neutral_opposite::neutral::008,neutral_opposite,neutral_opposite,neutral,opposite,-0.2,preference_control,-7.375,0.5,-7.373771667480469,0.501953125,-7.373771667480469,0.501953125,-3.4359092712402344,-3.9378623962402335,-7.375,0.5,-3.4375,-3.9375
qwen25_72b,52,neutral_opposite::neutral::008,neutral_opposite,neutral_opposite,neutral,opposite,0.0,preference_control,-5.5,0.75,-5.495361328125,0.751953125,-5.495361328125,0.751953125,-2.3717041015625,-3.1236572265625,-5.5,0.75,-2.375,-3.125
qwen25_72b,52,neutral_opposite::neutral::008,neutral_opposite,neutral_opposite,neutral,opposite,0.2,preference_control,-2.75,0.25,-2.75,0.25,-2.75,0.25,-1.25,-1.5,-2.75,0.25,-1.25,-1.5
qwen25_72b,52,neutral_opposite::neutral::008,neutral_opposite,neutral_opposite,neutral,opposite,0.4,preference_control,-0.25,0.0,-0.25,0.0,-0.25,0.0,-0.125,-0.125,-0.25,0.0,-0.125,-0.125
qwen25_72b,52,neutral_opposite::neutral::008,neutral_opposite,neutral_opposite,neutral,opposite,0.6,preference_control,1.75,-0.25,1.751953125,-0.25,1.751953125,-0.25,0.7509765625,1.0009765625,1.75,-0.25,0.75,1.0
qwen25_72b,52,neutral_opposite::neutral::008,neutral_opposite,neutral_opposite,neutral,opposite,0.8,preference_control,3.25,-1.25,3.2568359375,-1.248046875,3.2568359375,-1.248046875,1.00439453125,2.25244140625,3.25,-1.25,1.0,2.25
qwen25_72b,52,neutral_opposite::neutral::008,neutral_opposite,neutral_opposite,neutral,opposite,1.0,preference_control,4.5,-3.0,4.514892578125,-2.997802734375,4.514892578125,-2.997802734375,0.758544921875,3.75634765625,4.5,-3.0,0.75,3.75
qwen25_72b,52,neutral_opposite::neutral::009,neutral_opposite,neutral_opposite,neutral,opposite,-1.0,preference_control,-5.125,0.0,-5.1190185546875,0.0,-5.1190185546875,0.0,-2.55950927734375,-2.55950927734375,-5.125,0.0,-2.5625,-2.5625
qwen25_72b,52,neutral_opposite::neutral::009,neutral_opposite,neutral_opposite,neutral,opposite,-0.8,preference_control,-4.875,0.0,-4.867340087890625,0.0,-4.867340087890625,0.0,-2.4336700439453125,-2.4336700439453125,-4.875,0.0,-2.4375,-2.4375
qwen25_72b,52,neutral_opposite::neutral::009,neutral_opposite,neutral_opposite,neutral,opposite,-0.6,preference_control,-5.0,-0.25,-4.993255615234375,-0.25,-4.993255615234375,-0.25,-2.6216278076171875,-2.3716278076171875,-5.0,-0.25,-2.625,-2.375
qwen25_72b,52,neutral_opposite::neutral::009,neutral_opposite,neutral_opposite,neutral,opposite,-0.4,preference_control,-4.5,-0.25,-4.4888916015625,-0.25,-4.4888916015625,-0.25,-2.36944580078125,-2.11944580078125,-4.5,-0.25,-2.375,-2.125
qwen25_72b,52,neutral_opposite::neutral::009,neutral_opposite,neutral_opposite,neutral,opposite,-0.2,preference_control,-3.75,-0.625,-3.7423095703125,-0.625,-3.7423095703125,-0.625,-2.18365478515625,-1.55865478515625,-3.75,-0.625,-2.1875,-1.5625
qwen25_72b,52,neutral_opposite::neutral::009,neutral_opposite,neutral_opposite,neutral,opposite,0.0,preference_control,-2.0,-0.625,-1.998046875,-0.625,-1.998046875,-0.625,-1.3115234375,-0.6865234375,-2.0,-0.625,-1.3125,-0.6875
qwen25_72b,52,neutral_opposite::neutral::009,neutral_opposite,neutral_opposite,neutral,opposite,0.2,preference_control,0.5,-1.0,0.498046875,-1.0,0.498046875,-1.0,-0.2509765625,0.7490234375,0.5,-1.0,-0.25,0.75
qwen25_72b,52,neutral_opposite::neutral::009,neutral_opposite,neutral_opposite,neutral,opposite,0.4,preference_control,3.0,-1.25,2.998291015625,-1.248046875,2.998291015625,-1.248046875,0.8751220703125,2.1231689453125,3.0,-1.25,0.875,2.125
qwen25_72b,52,neutral_opposite::neutral::009,neutral_opposite,neutral_opposite,neutral,opposite,0.6,preference_control,4.75,-0.75,4.74139404296875,-0.75390625,4.74139404296875,-0.75390625,1.993743896484375,2.747650146484375,4.75,-0.75,2.0,2.75
qwen25_72b,52,neutral_opposite::neutral::009,neutral_opposite,neutral_opposite,neutral,opposite,0.8,preference_control,5.5,-0.75,5.49591064453125,-0.75390625,5.49591064453125,-0.75390625,2.371002197265625,3.124908447265625,5.5,-0.75,2.375,3.125
qwen25_72b,52,neutral_opposite::neutral::009,neutral_opposite,neutral_opposite,neutral,opposite,1.0,preference_control,6.0,-1.5,5.9975128173828125,-1.501953125,5.9975128173828125,-1.501953125,2.2477798461914062,3.7497329711914062,6.0,-1.5,2.25,3.75
qwen25_72b,52,neutral_opposite::neutral::010,neutral_opposite,neutral_opposite,neutral,opposite,-1.0,preference_control,-0.875,3.0,-0.875,3.0048828125,-0.875,3.0048828125,1.06494140625,-1.93994140625,-0.875,3.0,1.0625,-1.9375
qwen25_72b,52,neutral_opposite::neutral::010,neutral_opposite,neutral_opposite,neutral,opposite,-0.8,preference_control,-1.125,3.125,-1.12890625,3.128173828125,-1.12890625,3.128173828125,0.9996337890625,-2.1285400390625,-1.125,3.125,1.0,-2.125
qwen25_72b,52,neutral_opposite::neutral::010,neutral_opposite,neutral_opposite,neutral,opposite,-0.6,preference_control,-1.375,2.625,-1.376953125,2.6181640625,-1.376953125,2.6181640625,0.62060546875,-1.99755859375,-1.375,2.625,0.625,-2.0
qwen25_72b,52,neutral_opposite::neutral::010,neutral_opposite,neutral_opposite,neutral,opposite,-0.4,preference_control,-1.625,1.5,-1.6279296875,1.4990234375,-1.6279296875,1.4990234375,-0.064453125,-1.5634765625,-1.625,1.5,-0.0625,-1.5625
qwen25_72b,52,neutral_opposite::neutral::010,neutral_opposite,neutral_opposite,neutral,opposite,-0.2,preference_control,-1.75,0.625,-1.75,0.626953125,-1.75,0.626953125,-0.5615234375,-1.1884765625,-1.75,0.625,-0.5625,-1.1875
qwen25_72b,52,neutral_opposite::neutral::010,neutral_opposite,neutral_opposite,neutral,opposite,0.0,preference_control,-1.5,-0.75,-1.4970703125,-0.751953125,-1.4970703125,-0.751953125,-1.12451171875,-0.37255859375,-1.5,-0.75,-1.125,-0.375
qwen25_72b,52,neutral_opposite::neutral::010,neutral_opposite,neutral_opposite,neutral,opposite,0.2,preference_control,-1.0,-2.625,-0.99609375,-2.6201171875,-0.99609375,-2.6201171875,-1.80810546875,0.81201171875,-1.0,-2.625,-1.8125,0.8125
qwen25_72b,52,neutral_opposite::neutral::010,neutral_opposite,neutral_opposite,neutral,opposite,0.4,preference_control,-0.5,-4.75,-0.498046875,-4.7366943359375,-0.498046875,-4.7366943359375,-2.61737060546875,2.11932373046875,-0.5,-4.75,-2.625,2.125
qwen25_72b,52,neutral_opposite::neutral::010,neutral_opposite,neutral_opposite,neutral,opposite,0.6,preference_control,-1.0,-7.375,-0.99609375,-7.372406005859375,-0.99609375,-7.372406005859375,-4.184249877929688,3.1881561279296875,-1.0,-7.375,-4.1875,3.1875
qwen25_72b,52,neutral_opposite::neutral::010,neutral_opposite,neutral_opposite,neutral,opposite,0.8,preference_control,-2.0,-9.125,-1.99609375,-9.1226806640625,-1.99609375,-9.1226806640625,-5.55938720703125,3.56329345703125,-2.0,-9.125,-5.5625,3.5625
qwen25_72b,52,neutral_opposite::neutral::010,neutral_opposite,neutral_opposite,neutral,opposite,1.0,preference_control,-2.25,-10.125,-2.25537109375,-10.119720458984377,-2.25537109375,-10.119720458984377,-6.187545776367188,3.932174682617188,-2.25,-10.125,-6.1875,3.9375
qwen25_72b,52,neutral_opposite::neutral::011,neutral_opposite,neutral_opposite,neutral,opposite,-1.0,preference_control,-4.375,5.625,-4.3759765625,5.623291015625,-4.3759765625,5.623291015625,0.6236572265625,-4.9996337890625,-4.375,5.625,0.625,-5.0
qwen25_72b,52,neutral_opposite::neutral::011,neutral_opposite,neutral_opposite,neutral,opposite,-0.8,preference_control,-5.125,6.5,-5.12890625,6.4853515625,-5.12890625,6.4853515625,0.67822265625,-5.80712890625,-5.125,6.5,0.6875,-5.8125
qwen25_72b,52,neutral_opposite::neutral::011,neutral_opposite,neutral_opposite,neutral,opposite,-0.6,preference_control,-6.0,6.75,-5.98828125,6.7410888671875,-5.98828125,6.7410888671875,0.37640380859375,-6.36468505859375,-6.0,6.75,0.375,-6.375
qwen25_72b,52,neutral_opposite::neutral::011,neutral_opposite,neutral_opposite,neutral,opposite,-0.4,preference_control,-6.375,6.75,-6.3857421875,6.7435302734375,-6.3857421875,6.7435302734375,0.17889404296875,-6.56463623046875,-6.375,6.75,0.1875,-6.5625
qwen25_72b,52,neutral_opposite::neutral::011,neutral_opposite,neutral_opposite,neutral,opposite,-0.2,preference_control,-6.75,6.375,-6.741455078125,6.36956787109375,-6.741455078125,6.36956787109375,-0.185943603515625,-6.555511474609375,-6.75,6.375,-0.1875,-6.5625
qwen25_72b,52,neutral_opposite::neutral::011,neutral_opposite,neutral_opposite,neutral,opposite,0.0,preference_control,-6.75,5.375,-6.749755859375,5.36676025390625,-6.749755859375,5.36676025390625,-0.691497802734375,-6.058258056640625,-6.75,5.375,-0.6875,-6.0625
qwen25_72b,52,neutral_opposite::neutral::011,neutral_opposite,neutral_opposite,neutral,opposite,0.2,preference_control,-6.625,3.75,-6.60943603515625,3.7548828125,-6.60943603515625,3.7548828125,-1.427276611328125,-5.182159423828125,-6.625,3.75,-1.4375,-5.1875
qwen25_72b,52,neutral_opposite::neutral::011,neutral_opposite,neutral_opposite,neutral,opposite,0.4,preference_control,-6.625,2.25,-6.616943359375,2.25732421875,-6.616943359375,2.25732421875,-2.1798095703125,-4.4371337890625,-6.625,2.25,-2.1875,-4.4375
qwen25_72b,52,neutral_opposite::neutral::011,neutral_opposite,neutral_opposite,neutral,opposite,0.6,preference_control,-6.25,0.75,-6.24560546875,0.751953125,-6.24560546875,0.751953125,-2.746826171875,-3.498779296875,-6.25,0.75,-2.75,-3.5
qwen25_72b,52,neutral_opposite::neutral::011,neutral_opposite,neutral_opposite,neutral,opposite,0.8,preference_control,-6.25,-0.75,-6.2465667724609375,-0.751953125,-6.2465667724609375,-0.751953125,-3.4992599487304688,-2.7473068237304688,-6.25,-0.75,-3.5,-2.75
qwen25_72b,52,neutral_opposite::neutral::011,neutral_opposite,neutral_opposite,neutral,opposite,1.0,preference_control,-6.0,-2.0,-5.99560546875,-1.9970703125,-5.99560546875,-1.9970703125,-3.996337890625,-1.999267578125,-6.0,-2.0,-4.0,-2.0
qwen25_72b,52,neutral_opposite::neutral::012,neutral_opposite,neutral_opposite,neutral,opposite,-1.0,preference_control,1.0,6.375,1.0,6.372573852539063,1.0,6.372573852539063,3.6862869262695312,-2.6862869262695312,1.0,6.375,3.6875,-2.6875
qwen25_72b,52,neutral_opposite::neutral::012,neutral_opposite,neutral_opposite,neutral,opposite,-0.8,preference_control,1.5,7.0,1.5,6.9988861083984375,1.5,6.9988861083984375,4.249443054199219,-2.7494430541992188,1.5,7.0,4.25,-2.75
qwen25_72b,52,neutral_opposite::neutral::012,neutral_opposite,neutral_opposite,neutral,opposite,-0.6,preference_control,2.25,7.875,2.24267578125,7.874567031860352,2.24267578125,7.874567031860352,5.058621406555176,-2.815945625305176,2.25,7.875,5.0625,-2.8125
qwen25_72b,52,neutral_opposite::neutral::012,neutral_opposite,neutral_opposite,neutral,opposite,-0.4,preference_control,2.75,8.25,2.750244140625,8.249719619750977,2.750244140625,8.249719619750977,5.499981880187988,-2.7497377395629883,2.75,8.25,5.5,-2.75
qwen25_72b,52,neutral_opposite::neutral::012,neutral_opposite,neutral_opposite,neutral,opposite,-0.2,preference_control,3.25,7.75,3.2431640625,7.7495574951171875,3.2431640625,7.7495574951171875,5.496360778808594,-2.2531967163085938,3.25,7.75,5.5,-2.25
qwen25_72b,52,neutral_opposite::neutral::012,neutral_opposite,neutral_opposite,neutral,opposite,0.0,preference_control,3.5,7.25,3.50146484375,7.2492828369140625,3.50146484375,7.2492828369140625,5.375373840332031,-1.8739089965820312,3.5,7.25,5.375,-1.875
qwen25_72b,52,neutral_opposite::neutral::012,neutral_opposite,neutral_opposite,neutral,opposite,0.2,preference_control,3.75,5.75,3.7423095703125,5.7468109130859375,3.7423095703125,5.7468109130859375,4.744560241699219,-1.0022506713867188,3.75,5.75,4.75,-1.0
qwen25_72b,52,neutral_opposite::neutral::012,neutral_opposite,neutral_opposite,neutral,opposite,0.4,preference_control,4.25,4.5,4.23583984375,4.48895263671875,4.23583984375,4.48895263671875,4.362396240234375,-0.126556396484375,4.25,4.5,4.375,-0.125
qwen25_72b,52,neutral_opposite::neutral::012,neutral_opposite,neutral_opposite,neutral,opposite,0.6,preference_control,4.75,2.75,4.74139404296875,2.75048828125,4.74139404296875,2.75048828125,3.745941162109375,0.995452880859375,4.75,2.75,3.75,1.0
qwen25_72b,52,neutral_opposite::neutral::012,neutral_opposite,neutral_opposite,neutral,opposite,0.8,preference_control,4.25,0.25,4.23583984375,0.25,4.23583984375,0.25,2.242919921875,1.992919921875,4.25,0.25,2.25,2.0
qwen25_72b,52,neutral_opposite::neutral::012,neutral_opposite,neutral_opposite,neutral,opposite,1.0,preference_control,3.75,-3.25,3.7423095703125,-3.2431640625,3.7423095703125,-3.2431640625,0.24957275390625,3.49273681640625,3.75,-3.25,0.25,3.5
qwen25_72b,52,neutral_opposite::neutral::013,neutral_opposite,neutral_opposite,neutral,opposite,-1.0,preference_control,-5.25,0.5,-5.23858642578125,0.50390625,-5.23858642578125,0.50390625,-2.367340087890625,-2.871246337890625,-5.25,0.5,-2.375,-2.875
qwen25_72b,52,neutral_opposite::neutral::013,neutral_opposite,neutral_opposite,neutral,opposite,-0.8,preference_control,-4.875,0.75,-4.86431884765625,0.748046875,-4.86431884765625,0.748046875,-2.058135986328125,-2.806182861328125,-4.875,0.75,-2.0625,-2.8125
qwen25_72b,52,neutral_opposite::neutral::013,neutral_opposite,neutral_opposite,neutral,opposite,-0.6,preference_control,-4.5,1.25,-4.487060546875,1.248046875,-4.487060546875,1.248046875,-1.6195068359375,-2.8675537109375,-4.5,1.25,-1.625,-2.875
qwen25_72b,52,neutral_opposite::neutral::013,neutral_opposite,neutral_opposite,neutral,opposite,-0.4,preference_control,-4.0,1.75,-4.01171875,1.7509765625,-4.01171875,1.7509765625,-1.13037109375,-2.88134765625,-4.0,1.75,-1.125,-2.875
qwen25_72b,52,neutral_opposite::neutral::013,neutral_opposite,neutral_opposite,neutral,opposite,-0.2,preference_control,-3.25,2.25,-3.257568359375,2.25732421875,-3.257568359375,2.25732421875,-0.5001220703125,-2.7574462890625,-3.25,2.25,-0.5,-2.75
qwen25_72b,52,neutral_opposite::neutral::013,neutral_opposite,neutral_opposite,neutral,opposite,0.0,preference_control,-2.5,2.75,-2.498046875,2.74951171875,-2.498046875,2.74951171875,0.125732421875,-2.623779296875,-2.5,2.75,0.125,-2.625
qwen25_72b,52,neutral_opposite::neutral::013,neutral_opposite,neutral_opposite,neutral,opposite,0.2,preference_control,-1.0,3.0,-0.998046875,2.99755859375,-0.998046875,2.99755859375,0.999755859375,-1.997802734375,-1.0,3.0,1.0,-2.0
qwen25_72b,52,neutral_opposite::neutral::013,neutral_opposite,neutral_opposite,neutral,opposite,0.4,preference_control,0.75,3.25,0.75390625,3.2431640625,0.75390625,3.2431640625,1.99853515625,-1.24462890625,0.75,3.25,2.0,-1.25
qwen25_72b,52,neutral_opposite::neutral::013,neutral_opposite,neutral_opposite,neutral,opposite,0.6,preference_control,2.75,3.0,2.75048828125,2.998291015625,2.75048828125,2.998291015625,2.8743896484375,-0.1239013671875,2.75,3.0,2.875,-0.125
qwen25_72b,52,neutral_opposite::neutral::013,neutral_opposite,neutral_opposite,neutral,opposite,0.8,preference_control,4.75,2.75,4.7413330078125,2.7504881620407104,4.7413330078125,2.7504881620407104,3.745910584926605,0.9954224228858948,4.75,2.75,3.75,1.0
qwen25_72b,52,neutral_opposite::neutral::013,neutral_opposite,neutral_opposite,neutral,opposite,1.0,preference_control,6.0,1.75,5.9974212646484375,1.7539061307907104,5.9974212646484375,1.7539061307907104,3.875663697719574,2.1217575669288635,6.0,1.75,3.875,2.125
qwen25_72b,52,neutral_opposite::neutral::014,neutral_opposite,neutral_opposite,neutral,opposite,-1.0,preference_control,-2.0,0.0,-2.0068359375,0.0,-2.0068359375,0.0,-1.00341796875,-1.00341796875,-2.0,0.0,-1.0,-1.0
qwen25_72b,52,neutral_opposite::neutral::014,neutral_opposite,neutral_opposite,neutral,opposite,-0.8,preference_control,-2.5,-0.25,-2.49560546875,-0.25,-2.49560546875,-0.25,-1.372802734375,-1.122802734375,-2.5,-0.25,-1.375,-1.125
qwen25_72b,52,neutral_opposite::neutral::014,neutral_opposite,neutral_opposite,neutral,opposite,-0.6,preference_control,-2.75,0.0,-2.74853515625,0.0,-2.74853515625,0.0,-1.374267578125,-1.374267578125,-2.75,0.0,-1.375,-1.375
qwen25_72b,52,neutral_opposite::neutral::014,neutral_opposite,neutral_opposite,neutral,opposite,-0.4,preference_control,-2.5,0.75,-2.498046875,0.75390625,-2.498046875,0.75390625,-0.8720703125,-1.6259765625,-2.5,0.75,-0.875,-1.625
qwen25_72b,52,neutral_opposite::neutral::014,neutral_opposite,neutral_opposite,neutral,opposite,-0.2,preference_control,-2.25,1.25,-2.24267578125,1.248046875,-2.24267578125,1.248046875,-0.497314453125,-1.745361328125,-2.25,1.25,-0.5,-1.75
qwen25_72b,52,neutral_opposite::neutral::014,neutral_opposite,neutral_opposite,neutral,opposite,0.0,preference_control,-1.25,1.5,-1.24609375,1.5009765625,-1.24609375,1.5009765625,0.12744140625,-1.37353515625,-1.25,1.5,0.125,-1.375
qwen25_72b,52,neutral_opposite::neutral::014,neutral_opposite,neutral_opposite,neutral,opposite,0.2,preference_control,0.75,1.75,0.75390625,1.75390625,0.75390625,1.75390625,1.25390625,-0.5,0.75,1.75,1.25,-0.5
qwen25_72b,52,neutral_opposite::neutral::014,neutral_opposite,neutral_opposite,neutral,opposite,0.4,preference_control,2.0,2.0,1.998046875,1.998046875,1.998046875,1.998046875,1.998046875,0.0,2.0,2.0,2.0,0.0
qwen25_72b,52,neutral_opposite::neutral::014,neutral_opposite,neutral_opposite,neutral,opposite,0.6,preference_control,3.125,1.75,3.128662109375,1.75390625,3.128662109375,1.75390625,2.4412841796875,0.6873779296875,3.125,1.75,2.4375,0.6875
qwen25_72b,52,neutral_opposite::neutral::014,neutral_opposite,neutral_opposite,neutral,opposite,0.8,preference_control,3.875,1.0,3.8699951171875,0.998046875,3.8699951171875,0.998046875,2.43402099609375,1.43597412109375,3.875,1.0,2.4375,1.4375
qwen25_72b,52,neutral_opposite::neutral::014,neutral_opposite,neutral_opposite,neutral,opposite,1.0,preference_control,4.25,0.0,4.2357177734375,0.0,4.2357177734375,0.0,2.11785888671875,2.11785888671875,4.25,0.0,2.125,2.125
qwen25_72b,52,neutral_opposite::neutral::015,neutral_opposite,neutral_opposite,neutral,opposite,-1.0,preference_control,-3.375,1.375,-3.378662109375,1.37109375,-3.378662109375,1.37109375,-1.0037841796875,-2.3748779296875,-3.375,1.375,-1.0,-2.375
qwen25_72b,52,neutral_opposite::neutral::015,neutral_opposite,neutral_opposite,neutral,opposite,-0.8,preference_control,-3.375,1.625,-3.370849609375,1.626953125,-3.370849609375,1.626953125,-0.8719482421875,-2.4989013671875,-3.375,1.625,-0.875,-2.5
qwen25_72b,52,neutral_opposite::neutral::015,neutral_opposite,neutral_opposite,neutral,opposite,-0.6,preference_control,-3.0,2.375,-2.9990234375,2.373046875,-2.9990234375,2.373046875,-0.31298828125,-2.68603515625,-3.0,2.375,-0.3125,-2.6875
qwen25_72b,52,neutral_opposite::neutral::015,neutral_opposite,neutral_opposite,neutral,opposite,-0.4,preference_control,-2.375,2.75,-2.3681640625,2.74462890625,-2.3681640625,2.74462890625,0.188232421875,-2.556396484375,-2.375,2.75,0.1875,-2.5625
qwen25_72b,52,neutral_opposite::neutral::015,neutral_opposite,neutral_opposite,neutral,opposite,-0.2,preference_control,-1.125,3.5,-1.12109375,3.498291015625,-1.12109375,3.498291015625,1.1885986328125,-2.3096923828125,-1.125,3.5,1.1875,-2.3125
qwen25_72b,52,neutral_opposite::neutral::015,neutral_opposite,neutral_opposite,neutral,opposite,0.0,preference_control,0.75,4.0,0.74609375,4.010986328125,0.74609375,4.010986328125,2.3785400390625,-1.6324462890625,0.75,4.0,2.375,-1.625
qwen25_72b,52,neutral_opposite::neutral::015,neutral_opposite,neutral_opposite,neutral,opposite,0.2,preference_control,3.625,4.5,3.6287841796875,4.48773193359375,3.6287841796875,4.48773193359375,4.058258056640625,-0.429473876953125,3.625,4.5,4.0625,-0.4375
qwen25_72b,52,neutral_opposite::neutral::015,neutral_opposite,neutral_opposite,neutral,opposite,0.4,preference_control,6.0,4.5,5.99725341796875,4.48846435546875,5.99725341796875,4.48846435546875,5.24285888671875,0.75439453125,6.0,4.5,5.25,0.75
qwen25_72b,52,neutral_opposite::neutral::015,neutral_opposite,neutral_opposite,neutral,opposite,0.6,preference_control,8.375,3.75,8.374691009521484,3.7576904296875,8.374691009521484,3.7576904296875,6.066190719604492,2.308500289916992,8.375,3.75,6.0625,2.3125
qwen25_72b,52,neutral_opposite::neutral::015,neutral_opposite,neutral_opposite,neutral,opposite,0.8,preference_control,9.75,2.5,9.749892711639404,2.4990234375,9.749892711639404,2.4990234375,6.124458074569702,3.625434637069702,9.75,2.5,6.125,3.625
qwen25_72b,52,neutral_opposite::neutral::015,neutral_opposite,neutral_opposite,neutral,opposite,1.0,preference_control,10.875,0.75,10.874907970428469,0.751953125,10.874907970428469,0.751953125,5.813430547714233,5.061477422714233,10.875,0.75,5.8125,5.0625
qwen25_72b,52,neutral_opposite::neutral::016,neutral_opposite,neutral_opposite,neutral,opposite,-1.0,preference_control,-8.875,8.875,-8.873779296875,8.87103271484375,-8.873779296875,8.87103271484375,-0.001373291015625,-8.872406005859375,-8.875,8.875,0.0,-8.875
qwen25_72b,52,neutral_opposite::neutral::016,neutral_opposite,neutral_opposite,neutral,opposite,-0.8,preference_control,-8.25,9.375,-8.249126434326172,9.37298583984375,-8.249126434326172,9.37298583984375,0.5619297027587891,-8.811056137084961,-8.25,9.375,0.5625,-8.8125
qwen25_72b,52,neutral_opposite::neutral::016,neutral_opposite,neutral_opposite,neutral,opposite,-0.6,preference_control,-7.125,9.375,-7.1236724853515625,9.373893737792969,-7.1236724853515625,9.373893737792969,1.1251106262207031,-8.248783111572266,-7.125,9.375,1.125,-8.25
qwen25_72b,52,neutral_opposite::neutral::016,neutral_opposite,neutral_opposite,neutral,opposite,-0.4,preference_control,-5.875,9.125,-5.8718109130859375,9.12417221069336,-5.8718109130859375,9.12417221069336,1.626180648803711,-7.497991561889648,-5.875,9.125,1.625,-7.5
qwen25_72b,52,neutral_opposite::neutral::016,neutral_opposite,neutral_opposite,neutral,opposite,-0.2,preference_control,-4.25,8.375,-4.2354736328125,8.374286651611328,-4.2354736328125,8.374286651611328,2.069406509399414,-6.304880142211914,-4.25,8.375,2.0625,-6.3125
qwen25_72b,52,neutral_opposite::neutral::016,neutral_opposite,neutral_opposite,neutral,opposite,0.0,preference_control,-2.5,6.875,-2.4990234375,6.873565673828125,-2.4990234375,6.873565673828125,2.1872711181640625,-4.686294555664063,-2.5,6.875,2.1875,-4.6875
qwen25_72b,52,neutral_opposite::neutral::016,neutral_opposite,neutral_opposite,neutral,opposite,0.2,preference_control,0.0,4.25,0.0,4.23565673828125,0.0,4.23565673828125,2.117828369140625,-2.117828369140625,0.0,4.25,2.125,-2.125
qwen25_72b,52,neutral_opposite::neutral::016,neutral_opposite,neutral_opposite,neutral,opposite,0.4,preference_control,2.25,1.0,2.24365234375,1.0,2.24365234375,1.0,1.621826171875,0.621826171875,2.25,1.0,1.625,0.625
qwen25_72b,52,neutral_opposite::neutral::016,neutral_opposite,neutral_opposite,neutral,opposite,0.6,preference_control,4.0,-2.25,4.0130615234375,-2.24365234375,4.0130615234375,-2.24365234375,0.88470458984375,3.12835693359375,4.0,-2.25,0.875,3.125
qwen25_72b,52,neutral_opposite::neutral::016,neutral_opposite,neutral_opposite,neutral,opposite,0.8,preference_control,5.5,-5.0,5.49591064453125,-4.9932861328125,5.49591064453125,-4.9932861328125,0.251312255859375,5.244598388671875,5.5,-5.0,0.25,5.25
qwen25_72b,52,neutral_opposite::neutral::016,neutral_opposite,neutral_opposite,neutral,opposite,1.0,preference_control,7.25,-7.5,7.2492523193359375,-7.499439239501953,7.2492523193359375,-7.499439239501953,-0.1250934600830078,7.374345779418945,7.25,-7.5,-0.125,7.375
qwen25_72b,52,neutral_opposite::neutral::017,neutral_opposite,neutral_opposite,neutral,opposite,-1.0,preference_control,0.625,5.375,0.625,5.36053466796875,0.625,5.36053466796875,2.992767333984375,-2.367767333984375,0.625,5.375,3.0,-2.375
qwen25_72b,52,neutral_opposite::neutral::017,neutral_opposite,neutral_opposite,neutral,opposite,-0.8,preference_control,0.125,5.125,0.125,5.11248779296875,0.125,5.11248779296875,2.618743896484375,-2.493743896484375,0.125,5.125,2.625,-2.5
qwen25_72b,52,neutral_opposite::neutral::017,neutral_opposite,neutral_opposite,neutral,opposite,-0.6,preference_control,-0.125,5.125,-0.125,5.11553955078125,-0.125,5.11553955078125,2.495269775390625,-2.620269775390625,-0.125,5.125,2.5,-2.625
qwen25_72b,52,neutral_opposite::neutral::017,neutral_opposite,neutral_opposite,neutral,opposite,-0.4,preference_control,-0.125,4.875,-0.125,4.86517333984375,-0.125,4.86517333984375,2.370086669921875,-2.495086669921875,-0.125,4.875,2.375,-2.5
qwen25_72b,52,neutral_opposite::neutral::017,neutral_opposite,neutral_opposite,neutral,opposite,-0.2,preference_control,0.125,4.625,0.125,4.61395263671875,0.125,4.61395263671875,2.369476318359375,-2.244476318359375,0.125,4.625,2.375,-2.25
qwen25_72b,52,neutral_opposite::neutral::017,neutral_opposite,neutral_opposite,neutral,opposite,0.0,preference_control,0.5,3.75,0.501953125,3.7568359375,0.501953125,3.7568359375,2.12939453125,-1.62744140625,0.5,3.75,2.125,-1.625
qwen25_72b,52,neutral_opposite::neutral::017,neutral_opposite,neutral_opposite,neutral,opposite,0.2,preference_control,1.0,2.875,0.998046875,2.882080078125,0.998046875,2.882080078125,1.9400634765625,-0.9420166015625,1.0,2.875,1.9375,-0.9375
qwen25_72b,52,neutral_opposite::neutral::017,neutral_opposite,neutral_opposite,neutral,opposite,0.4,preference_control,1.75,1.75,1.75390625,1.75390625,1.75390625,1.75390625,1.75390625,0.0,1.75,1.75,1.75,0.0
qwen25_72b,52,neutral_opposite::neutral::017,neutral_opposite,neutral_opposite,neutral,opposite,0.6,preference_control,2.75,0.75,2.75048828125,0.75390625,2.75048828125,0.75390625,1.752197265625,0.998291015625,2.75,0.75,1.75,1.0
qwen25_72b,52,neutral_opposite::neutral::017,neutral_opposite,neutral_opposite,neutral,opposite,0.8,preference_control,3.25,-0.75,3.2431640625,-0.75390625,3.2431640625,-0.75390625,1.24462890625,1.99853515625,3.25,-0.75,1.25,2.0
qwen25_72b,52,neutral_opposite::neutral::017,neutral_opposite,neutral_opposite,neutral,opposite,1.0,preference_control,4.25,-2.25,4.23583984375,-2.24365234375,4.23583984375,-2.24365234375,0.99609375,3.23974609375,4.25,-2.25,1.0,3.25
qwen25_72b,52,neutral_opposite::neutral::018,neutral_opposite,neutral_opposite,neutral,opposite,-1.0,preference_control,-5.125,2.375,-5.11090087890625,2.37890625,-5.11090087890625,2.37890625,-1.365997314453125,-3.744903564453125,-5.125,2.375,-1.375,-3.75
qwen25_72b,52,neutral_opposite::neutral::018,neutral_opposite,neutral_opposite,neutral,opposite,-0.8,preference_control,-5.375,2.875,-5.367523193359375,2.8779296875,-5.367523193359375,2.8779296875,-1.2447967529296875,-4.122726440429688,-5.375,2.875,-1.25,-4.125
qwen25_72b,52,neutral_opposite::neutral::018,neutral_opposite,neutral_opposite,neutral,opposite,-0.6,preference_control,-5.5,3.625,-5.494384765625,3.630615234375,-5.494384765625,3.630615234375,-0.931884765625,-4.5625,-5.5,3.625,-0.9375,-4.5625
qwen25_72b,52,neutral_opposite::neutral::018,neutral_opposite,neutral_opposite,neutral,opposite,-0.4,preference_control,-5.25,4.125,-5.243896484375,4.1351318359375,-5.243896484375,4.1351318359375,-0.55438232421875,-4.68951416015625,-5.25,4.125,-0.5625,-4.6875
qwen25_72b,52,neutral_opposite::neutral::018,neutral_opposite,neutral_opposite,neutral,opposite,-0.2,preference_control,-4.875,4.375,-4.866943359375,4.3604736328125,-4.866943359375,4.3604736328125,-0.25323486328125,-4.61370849609375,-4.875,4.375,-0.25,-4.625
qwen25_72b,52,neutral_opposite::neutral::018,neutral_opposite,neutral_opposite,neutral,opposite,0.0,preference_control,-4.125,4.75,-4.139892578125,4.74066162109375,-4.139892578125,4.74066162109375,0.300384521484375,-4.440277099609375,-4.125,4.75,0.3125,-4.4375
qwen25_72b,52,neutral_opposite::neutral::018,neutral_opposite,neutral_opposite,neutral,opposite,0.2,preference_control,-2.25,4.375,-2.2431640625,4.3623046875,-2.2431640625,4.3623046875,1.0595703125,-3.302734375,-2.25,4.375,1.0625,-3.3125
qwen25_72b,52,neutral_opposite::neutral::018,neutral_opposite,neutral_opposite,neutral,opposite,0.4,preference_control,-0.5,4.125,-0.498046875,4.14013671875,-0.498046875,4.14013671875,1.821044921875,-2.319091796875,-0.5,4.125,1.8125,-2.3125
qwen25_72b,52,neutral_opposite::neutral::018,neutral_opposite,neutral_opposite,neutral,opposite,0.6,preference_control,1.25,3.5,1.248046875,3.50146484375,1.248046875,3.50146484375,2.374755859375,-1.126708984375,1.25,3.5,2.375,-1.125
qwen25_72b,52,neutral_opposite::neutral::018,neutral_opposite,neutral_opposite,neutral,opposite,0.8,preference_control,2.5,2.75,2.4990234375,2.75048828125,2.4990234375,2.75048828125,2.624755859375,-0.125732421875,2.5,2.75,2.625,-0.125
qwen25_72b,52,neutral_opposite::neutral::018,neutral_opposite,neutral_opposite,neutral,opposite,1.0,preference_control,3.75,1.25,3.742431640625,1.248046875,3.742431640625,1.248046875,2.4952392578125,1.2471923828125,3.75,1.25,2.5,1.25
qwen25_72b,52,neutral_opposite::neutral::019,neutral_opposite,neutral_opposite,neutral,opposite,-1.0,preference_control,-2.375,8.875,-2.3701171875,8.871124267578125,-2.3701171875,8.871124267578125,3.2505035400390625,-5.620620727539063,-2.375,8.875,3.25,-5.625
qwen25_72b,52,neutral_opposite::neutral::019,neutral_opposite,neutral_opposite,neutral,opposite,-0.8,preference_control,-2.375,8.75,-2.38232421875,8.747329711914062,-2.38232421875,8.747329711914062,3.1825027465820312,-5.564826965332031,-2.375,8.75,3.1875,-5.5625
qwen25_72b,52,neutral_opposite::neutral::019,neutral_opposite,neutral_opposite,neutral,opposite,-0.6,preference_control,-2.0,8.5,-1.9921875,8.497772216796875,-1.9921875,8.497772216796875,3.252792358398437,-5.2449798583984375,-2.0,8.5,3.25,-5.25
qwen25_72b,52,neutral_opposite::neutral::019,neutral_opposite,neutral_opposite,neutral,opposite,-0.4,preference_control,-1.625,8.0,-1.6220703125,7.99810791015625,-1.6220703125,7.99810791015625,3.188018798828125,-4.810089111328125,-1.625,8.0,3.1875,-4.8125
qwen25_72b,52,neutral_opposite::neutral::019,neutral_opposite,neutral_opposite,neutral,opposite,-0.2,preference_control,-1.0,6.875,-0.998046875,6.871841430664063,-0.998046875,6.871841430664063,2.9368972778320312,-3.9349441528320312,-1.0,6.875,2.9375,-3.9375
qwen25_72b,52,neutral_opposite::neutral::019,neutral_opposite,neutral_opposite,neutral,opposite,0.0,preference_control,0.0,5.625,0.0,5.6195068359375,0.0,5.6195068359375,2.80975341796875,-2.80975341796875,0.0,5.625,2.8125,-2.8125
qwen25_72b,52,neutral_opposite::neutral::019,neutral_opposite,neutral_opposite,neutral,opposite,0.2,preference_control,1.5,4.125,1.5,4.1392822265625,1.5,4.1392822265625,2.81964111328125,-1.31964111328125,1.5,4.125,2.8125,-1.3125
qwen25_72b,52,neutral_opposite::neutral::019,neutral_opposite,neutral_opposite,neutral,opposite,0.4,preference_control,2.75,2.75,2.750244140625,2.750244140625,2.750244140625,2.750244140625,2.750244140625,0.0,2.75,2.75,2.75,0.0
qwen25_72b,52,neutral_opposite::neutral::019,neutral_opposite,neutral_opposite,neutral,opposite,0.6,preference_control,3.25,1.5,3.2431640625,1.501953125,3.2431640625,1.501953125,2.37255859375,0.87060546875,3.25,1.5,2.375,0.875
qwen25_72b,52,neutral_opposite::neutral::019,neutral_opposite,neutral_opposite,neutral,opposite,0.8,preference_control,3.75,0.5,3.7423095703125,0.498046875,3.7423095703125,0.498046875,2.12017822265625,1.62213134765625,3.75,0.5,2.125,1.625
qwen25_72b,52,neutral_opposite::neutral::019,neutral_opposite,neutral_opposite,neutral,opposite,1.0,preference_control,4.0,-1.0,4.0130615234375,-1.0,4.0130615234375,-1.0,1.50653076171875,2.50653076171875,4.0,-1.0,1.5,2.5
qwen25_72b,52,neutral_opposite::neutral::020,neutral_opposite,neutral_opposite,neutral,opposite,-1.0,preference_control,-6.75,3.375,-6.74322509765625,3.370361328125,-6.74322509765625,3.370361328125,-1.686431884765625,-5.056793212890625,-6.75,3.375,-1.6875,-5.0625
qwen25_72b,52,neutral_opposite::neutral::020,neutral_opposite,neutral_opposite,neutral,opposite,-0.8,preference_control,-7.0,3.75,-6.996673583984375,3.757080078125,-6.996673583984375,3.757080078125,-1.6197967529296875,-5.376876831054688,-7.0,3.75,-1.625,-5.375
qwen25_72b,52,neutral_opposite::neutral::020,neutral_opposite,neutral_opposite,neutral,opposite,-0.6,preference_control,-6.75,4.0,-6.7477569580078125,4.0125732421875,-6.7477569580078125,4.0125732421875,-1.3675918579101562,-5.380165100097656,-6.75,4.0,-1.375,-5.375
qwen25_72b,52,neutral_opposite::neutral::020,neutral_opposite,neutral_opposite,neutral,opposite,-0.4,preference_control,-6.5,4.0,-6.49798583984375,4.0128173828125,-6.49798583984375,4.0128173828125,-1.242584228515625,-5.255401611328125,-6.5,4.0,-1.25,-5.25
qwen25_72b,52,neutral_opposite::neutral::020,neutral_opposite,neutral_opposite,neutral,opposite,-0.2,preference_control,-6.125,4.0,-6.122528076171875,4.012939453125,-6.122528076171875,4.012939453125,-1.0547943115234375,-5.0677337646484375,-6.125,4.0,-1.0625,-5.0625
qwen25_72b,52,neutral_opposite::neutral::020,neutral_opposite,neutral_opposite,neutral,opposite,0.0,preference_control,-5.0,3.75,-4.993072509765625,3.7423095703125,-4.993072509765625,3.7423095703125,-0.6253814697265625,-4.367691040039063,-5.0,3.75,-0.625,-4.375
qwen25_72b,52,neutral_opposite::neutral::020,neutral_opposite,neutral_opposite,neutral,opposite,0.2,preference_control,-3.25,4.0,-3.2431640625,4.0130615234375,-3.2431640625,4.0130615234375,0.38494873046875,-3.62811279296875,-3.25,4.0,0.375,-3.625
qwen25_72b,52,neutral_opposite::neutral::020,neutral_opposite,neutral_opposite,neutral,opposite,0.4,preference_control,-1.25,4.25,-1.248046875,4.23583984375,-1.248046875,4.23583984375,1.493896484375,-2.741943359375,-1.25,4.25,1.5,-2.75
qwen25_72b,52,neutral_opposite::neutral::020,neutral_opposite,neutral_opposite,neutral,opposite,0.6,preference_control,0.5,3.75,0.498046875,3.742431640625,0.498046875,3.742431640625,2.1202392578125,-1.6221923828125,0.5,3.75,2.125,-1.625
qwen25_72b,52,neutral_opposite::neutral::020,neutral_opposite,neutral_opposite,neutral,opposite,0.8,preference_control,2.25,3.0,2.24365234375,2.998291015625,2.24365234375,2.998291015625,2.6209716796875,-0.3773193359375,2.25,3.0,2.625,-0.375
qwen25_72b,52,neutral_opposite::neutral::020,neutral_opposite,neutral_opposite,neutral,opposite,1.0,preference_control,3.5,2.0,3.50146484375,1.998046875,3.50146484375,1.998046875,2.749755859375,0.751708984375,3.5,2.0,2.75,0.75
qwen25_72b,52,neutral_opposite::neutral::021,neutral_opposite,neutral_opposite,neutral,opposite,-1.0,preference_control,-7.125,-1.375,-7.125244140625,-1.376953125,-7.125244140625,-1.376953125,-4.2510986328125,-2.8741455078125,-7.125,-1.375,-4.25,-2.875
qwen25_72b,52,neutral_opposite::neutral::021,neutral_opposite,neutral_opposite,neutral,opposite,-0.8,preference_control,-7.25,-1.875,-7.2628173828125,-1.8798828125,-7.2628173828125,-1.8798828125,-4.57135009765625,-2.69146728515625,-7.25,-1.875,-4.5625,-2.6875
qwen25_72b,52,neutral_opposite::neutral::021,neutral_opposite,neutral_opposite,neutral,opposite,-0.6,preference_control,-6.75,-2.25,-6.73455810546875,-2.2431640625,-6.73455810546875,-2.2431640625,-4.488861083984375,-2.245697021484375,-6.75,-2.25,-4.5,-2.25
qwen25_72b,52,neutral_opposite::neutral::021,neutral_opposite,neutral_opposite,neutral,opposite,-0.4,preference_control,-5.875,-2.5,-5.88916015625,-2.50537109375,-5.88916015625,-2.50537109375,-4.197265625,-1.69189453125,-5.875,-2.5,-4.1875,-1.6875
qwen25_72b,52,neutral_opposite::neutral::021,neutral_opposite,neutral_opposite,neutral,opposite,-0.2,preference_control,-3.875,-2.375,-3.882080078125,-2.373046875,-3.882080078125,-2.373046875,-3.1275634765625,-0.7545166015625,-3.875,-2.375,-3.125,-0.75
qwen25_72b,52,neutral_opposite::neutral::021,neutral_opposite,neutral_opposite,neutral,opposite,0.0,preference_control,-0.75,-1.5,-0.748046875,-1.5029296875,-0.748046875,-1.5029296875,-1.12548828125,0.37744140625,-0.75,-1.5,-1.125,0.375
qwen25_72b,52,neutral_opposite::neutral::021,neutral_opposite,neutral_opposite,neutral,opposite,0.2,preference_control,5.0,-0.5,4.9925538301467896,-0.5,4.9925538301467896,-0.5,2.2462769150733948,2.7462769150733948,5.0,-0.5,2.25,2.75
qwen25_72b,52,neutral_opposite::neutral::021,neutral_opposite,neutral_opposite,neutral,opposite,0.4,preference_control,10.375,0.75,10.37493622303009,0.751953125,10.37493622303009,0.751953125,5.563444674015045,4.811491549015045,10.375,0.75,5.5625,4.8125
qwen25_72b,52,neutral_opposite::neutral::021,neutral_opposite,neutral_opposite,neutral,opposite,0.6,preference_control,15.5,2.75,15.49999499320984,2.750244140625,15.49999499320984,2.750244140625,9.12511956691742,6.374875426292419,15.5,2.75,9.125,6.375
qwen25_72b,52,neutral_opposite::neutral::021,neutral_opposite,neutral_opposite,neutral,opposite,0.8,preference_control,18.75,4.25,18.74999690055847,4.23577880859375,18.74999690055847,4.23577880859375,11.49288785457611,7.257109045982361,18.75,4.25,11.5,7.25
qwen25_72b,52,neutral_opposite::neutral::021,neutral_opposite,neutral_opposite,neutral,opposite,1.0,preference_control,20.5,5.0,20.49998641014099,4.993133544921875,20.49998641014099,4.993133544921875,12.746559977531431,7.753426432609558,20.5,5.0,12.75,7.75
qwen25_72b,52,neutral_opposite::neutral::022,neutral_opposite,neutral_opposite,neutral,opposite,-1.0,preference_control,-5.375,4.625,-5.369598388671875,4.6138916015625,-5.369598388671875,4.6138916015625,-0.3778533935546875,-4.991744995117188,-5.375,4.625,-0.375,-5.0
qwen25_72b,52,neutral_opposite::neutral::022,neutral_opposite,neutral_opposite,neutral,opposite,-0.8,preference_control,-4.25,5.875,-4.2352294921875,5.87152099609375,-4.2352294921875,5.87152099609375,0.818145751953125,-5.053375244140625,-4.25,5.875,0.8125,-5.0625
qwen25_72b,52,neutral_opposite::neutral::022,neutral_opposite,neutral_opposite,neutral,opposite,-0.6,preference_control,-2.625,6.75,-2.63232421875,6.748466491699219,-2.63232421875,6.748466491699219,2.0580711364746094,-4.690395355224609,-2.625,6.75,2.0625,-4.6875
qwen25_72b,52,neutral_opposite::neutral::022,neutral_opposite,neutral_opposite,neutral,opposite,-0.4,preference_control,-1.125,6.875,-1.125,6.873741149902344,-1.125,6.873741149902344,2.874370574951172,-3.999370574951172,-1.125,6.875,2.875,-4.0
qwen25_72b,52,neutral_opposite::neutral::022,neutral_opposite,neutral_opposite,neutral,opposite,-0.2,preference_control,0.5,6.75,0.501953125,6.748664855957031,0.501953125,6.748664855957031,3.625308990478516,-3.123355865478516,0.5,6.75,3.625,-3.125
qwen25_72b,52,neutral_opposite::neutral::022,neutral_opposite,neutral_opposite,neutral,opposite,0.0,preference_control,2.0,5.875,1.9970703125,5.872039794921875,1.9970703125,5.872039794921875,3.9345550537109375,-1.9374847412109373,2.0,5.875,3.9375,-1.9375
qwen25_72b,52,neutral_opposite::neutral::022,neutral_opposite,neutral_opposite,neutral,opposite,0.2,preference_control,3.875,3.75,3.869873046875,3.7421875,3.869873046875,3.7421875,3.8060302734375,0.0638427734375,3.875,3.75,3.8125,0.0625
qwen25_72b,52,neutral_opposite::neutral::022,neutral_opposite,neutral_opposite,neutral,opposite,0.4,preference_control,5.25,1.75,5.244659423828125,1.75390625,5.244659423828125,1.75390625,3.4992828369140625,1.7453765869140625,5.25,1.75,3.5,1.75
qwen25_72b,52,neutral_opposite::neutral::022,neutral_opposite,neutral_opposite,neutral,opposite,0.6,preference_control,6.0,0.25,5.9974212646484375,0.25,5.9974212646484375,0.25,3.1237106323242188,2.8737106323242188,6.0,0.25,3.125,2.875
qwen25_72b,52,neutral_opposite::neutral::022,neutral_opposite,neutral_opposite,neutral,opposite,0.8,preference_control,6.5,-2.0,6.498313903808594,-1.998046875,6.498313903808594,-1.998046875,2.250133514404297,4.248180389404297,6.5,-2.0,2.25,4.25
qwen25_72b,52,neutral_opposite::neutral::022,neutral_opposite,neutral_opposite,neutral,opposite,1.0,preference_control,6.75,-4.0,6.747329711914063,-4.0123291015625,6.747329711914063,-4.0123291015625,1.3675003051757812,5.379829406738281,6.75,-4.0,1.375,5.375
qwen25_72b,52,neutral_opposite::neutral::023,neutral_opposite,neutral_opposite,neutral,opposite,-1.0,preference_control,5.5,14.5,5.49163830280304,14.498573541641235,5.49163830280304,14.498573541641235,9.995105922222136,-4.503467619419098,5.5,14.5,10.0,-4.5
qwen25_72b,52,neutral_opposite::neutral::023,neutral_opposite,neutral_opposite,neutral,opposite,-0.8,preference_control,6.0,15.125,5.9955750703811646,15.124393701553345,5.9955750703811646,15.124393701553345,10.559984385967256,-4.56440931558609,6.0,15.125,10.5625,-4.5625
qwen25_72b,52,neutral_opposite::neutral::023,neutral_opposite,neutral_opposite,neutral,opposite,-0.6,preference_control,6.5,15.0,6.4976502656936646,14.999622583389282,6.4976502656936646,14.999622583389282,10.748636424541472,-4.250986158847809,6.5,15.0,10.75,-4.25
qwen25_72b,52,neutral_opposite::neutral::023,neutral_opposite,neutral_opposite,neutral,opposite,-0.4,preference_control,6.5,14.0,6.497940182685852,13.9997638463974,6.497940182685852,13.9997638463974,10.248852014541626,-3.750911831855774,6.5,14.0,10.25,-3.75
qwen25_72b,52,neutral_opposite::neutral::023,neutral_opposite,neutral_opposite,neutral,opposite,-0.2,preference_control,6.25,12.625,6.247604370117188,12.62478768825531,6.247604370117188,12.62478768825531,9.436196029186249,-3.1885916590690613,6.25,12.625,9.4375,-3.1875
qwen25_72b,52,neutral_opposite::neutral::023,neutral_opposite,neutral_opposite,neutral,opposite,0.0,preference_control,6.0,9.875,5.997161865234375,9.874704599380491,5.997161865234375,9.874704599380491,7.935933232307434,-1.938771367073059,6.0,9.875,7.9375,-1.9375
qwen25_72b,52,neutral_opposite::neutral::023,neutral_opposite,neutral_opposite,neutral,opposite,0.2,preference_control,5.625,6.25,5.6212005615234375,6.247818112373352,5.6212005615234375,6.247818112373352,5.934509336948395,-0.3133087754249573,5.625,6.25,5.9375,-0.3125
qwen25_72b,52,neutral_opposite::neutral::023,neutral_opposite,neutral_opposite,neutral,opposite,0.4,preference_control,5.625,3.25,5.621307373046875,3.242919921875,5.621307373046875,3.242919921875,4.4321136474609375,1.1891937255859375,5.625,3.25,4.4375,1.1875
qwen25_72b,52,neutral_opposite::neutral::023,neutral_opposite,neutral_opposite,neutral,opposite,0.6,preference_control,5.5,1.0,5.495880126953125,0.998046875,5.495880126953125,0.998046875,3.2469635009765625,2.2489166259765625,5.5,1.0,3.25,2.25
qwen25_72b,52,neutral_opposite::neutral::023,neutral_opposite,neutral_opposite,neutral,opposite,0.8,preference_control,5.75,-1.5,5.746795654296875,-1.5009765625,5.746795654296875,-1.5009765625,2.122909545898437,3.6238861083984375,5.75,-1.5,2.125,3.625
qwen25_72b,52,neutral_opposite::neutral::023,neutral_opposite,neutral_opposite,neutral,opposite,1.0,preference_control,6.25,-4.0,6.2480316162109375,-4.0123291015625,6.2480316162109375,-4.0123291015625,1.1178512573242188,5.130180358886719,6.25,-4.0,1.125,5.125
qwen25_72b,52,valenced_nonopposite::affective::000,valenced_nonopposite,affective,valenced,nonopposite,-1.0,preference_control,-11.5,-11.125,-11.499789118766785,-11.124956607818604,-11.499789118766785,-11.124956607818604,-11.312372863292694,-0.1874162554740905,-11.5,-11.125,-11.3125,-0.1875
qwen25_72b,52,valenced_nonopposite::affective::000,valenced_nonopposite,affective,valenced,nonopposite,-0.8,preference_control,-12.25,-10.875,-12.249934196472168,-10.874958992004396,-12.249934196472168,-10.874958992004396,-11.56244659423828,-0.6874876022338867,-12.25,-10.875,-11.5625,-0.6875
qwen25_72b,52,valenced_nonopposite::affective::000,valenced_nonopposite,affective,valenced,nonopposite,-0.6,preference_control,-12.125,-10.375,-12.124967575073242,-10.37494969367981,-12.124967575073242,-10.37494969367981,-11.249958634376526,-0.8750089406967163,-12.125,-10.375,-11.25,-0.875
qwen25_72b,52,valenced_nonopposite::affective::000,valenced_nonopposite,affective,valenced,nonopposite,-0.4,preference_control,-11.5,-8.75,-11.4999737739563,-8.74980354309082,-11.4999737739563,-8.74980354309082,-10.12488865852356,-1.3750851154327393,-11.5,-8.75,-10.125,-1.375
qwen25_72b,52,valenced_nonopposite::affective::000,valenced_nonopposite,affective,valenced,nonopposite,-0.2,preference_control,-9.75,-7.0,-9.749926567077637,-6.9990081787109375,-9.749926567077637,-6.9990081787109375,-8.374467372894287,-1.3754591941833496,-9.75,-7.0,-8.375,-1.375
qwen25_72b,52,valenced_nonopposite::affective::000,valenced_nonopposite,affective,valenced,nonopposite,0.0,preference_control,-7.75,-4.75,-7.749547958374023,-4.7412109375,-7.749547958374023,-4.7412109375,-6.245379447937012,-1.5041685104370115,-7.75,-4.75,-6.25,-1.5
qwen25_72b,52,valenced_nonopposite::affective::000,valenced_nonopposite,affective,valenced,nonopposite,0.2,preference_control,-4.0,-1.75,-4.0130615234375,-1.7529296875,-4.0130615234375,-1.7529296875,-2.88299560546875,-1.13006591796875,-4.0,-1.75,-2.875,-1.125
qwen25_72b,52,valenced_nonopposite::affective::000,valenced_nonopposite,affective,valenced,nonopposite,0.4,preference_control,0.0,0.25,0.0,0.25,0.0,0.25,0.125,-0.125,0.0,0.25,0.125,-0.125
qwen25_72b,52,valenced_nonopposite::affective::000,valenced_nonopposite,affective,valenced,nonopposite,0.6,preference_control,3.25,2.0,3.2431640625,1.998046875,3.2431640625,1.998046875,2.62060546875,0.62255859375,3.25,2.0,2.625,0.625
qwen25_72b,52,valenced_nonopposite::affective::000,valenced_nonopposite,affective,valenced,nonopposite,0.8,preference_control,6.5,3.25,6.498435974121094,3.242919921875,6.498435974121094,3.242919921875,4.870677947998047,1.6277580261230469,6.5,3.25,4.875,1.625
qwen25_72b,52,valenced_nonopposite::affective::000,valenced_nonopposite,affective,valenced,nonopposite,1.0,preference_control,8.75,4.0,8.749774932861328,4.0128173828125,8.749774932861328,4.0128173828125,6.381296157836914,2.368478775024414,8.75,4.0,6.375,2.375
qwen25_72b,52,valenced_nonopposite::affective::001,valenced_nonopposite,affective,valenced,nonopposite,-1.0,preference_control,-6.5,0.25,-6.497970581054688,0.25,-6.497970581054688,0.25,-3.123985290527344,-3.373985290527344,-6.5,0.25,-3.125,-3.375
qwen25_72b,52,valenced_nonopposite::affective::001,valenced_nonopposite,affective,valenced,nonopposite,-0.8,preference_control,-6.5,0.25,-6.4980316162109375,0.25,-6.4980316162109375,0.25,-3.1240158081054688,-3.3740158081054688,-6.5,0.25,-3.125,-3.375
qwen25_72b,52,valenced_nonopposite::affective::001,valenced_nonopposite,affective,valenced,nonopposite,-0.6,preference_control,-6.25,0.5,-6.2477569580078125,0.501953125,-6.2477569580078125,0.501953125,-2.8729019165039062,-3.3748550415039062,-6.25,0.5,-2.875,-3.375
qwen25_72b,52,valenced_nonopposite::affective::001,valenced_nonopposite,affective,valenced,nonopposite,-0.4,preference_control,-4.875,1.375,-4.86700439453125,1.373046875,-4.86700439453125,1.373046875,-1.746978759765625,-3.120025634765625,-4.875,1.375,-1.75,-3.125
qwen25_72b,52,valenced_nonopposite::affective::001,valenced_nonopposite,affective,valenced,nonopposite,-0.2,preference_control,-2.875,2.625,-2.882080078125,2.63232421875,-2.882080078125,2.63232421875,-0.1248779296875,-2.7572021484375,-2.875,2.625,-0.125,-2.75
qwen25_72b,52,valenced_nonopposite::affective::001,valenced_nonopposite,affective,valenced,nonopposite,0.0,preference_control,0.25,4.125,0.25,4.139892578125,0.25,4.139892578125,2.1949462890625,-1.9449462890625,0.25,4.125,2.1875,-1.9375
qwen25_72b,52,valenced_nonopposite::affective::001,valenced_nonopposite,affective,valenced,nonopposite,0.2,preference_control,4.625,6.0,4.615234375,5.99749755859375,4.615234375,5.99749755859375,5.306365966796875,-0.691131591796875,4.625,6.0,5.3125,-0.6875
qwen25_72b,52,valenced_nonopposite::affective::001,valenced_nonopposite,affective,valenced,nonopposite,0.4,preference_control,8.25,7.25,8.249736785888672,7.249286651611328,8.249736785888672,7.249286651611328,7.74951171875,0.5002250671386719,8.25,7.25,7.75,0.5
qwen25_72b,52,valenced_nonopposite::affective::001,valenced_nonopposite,affective,valenced,nonopposite,0.6,preference_control,11.875,8.0,11.874992728233336,7.999662399291992,11.874992728233336,7.999662399291992,9.937327563762665,1.9376651644706728,11.875,8.0,9.9375,1.9375
qwen25_72b,52,valenced_nonopposite::affective::001,valenced_nonopposite,affective,valenced,nonopposite,0.8,preference_control,14.0,7.875,13.999999046325684,7.874618530273437,13.999999046325684,7.874618530273437,10.93730878829956,3.062690258026123,14.0,7.875,10.9375,3.0625
qwen25_72b,52,valenced_nonopposite::affective::001,valenced_nonopposite,affective,valenced,nonopposite,1.0,preference_control,14.25,7.125,14.249999165534971,7.124195098876953,14.249999165534971,7.124195098876953,10.687097132205963,3.56290203332901,14.25,7.125,10.6875,3.5625
qwen25_72b,52,valenced_nonopposite::affective::002,valenced_nonopposite,affective,valenced,nonopposite,-1.0,preference_control,-4.25,0.75,-4.235839605331421,0.7539063692092896,-4.235839605331421,0.7539063692092896,-1.7409666180610657,-2.4948729872703552,-4.25,0.75,-1.75,-2.5
qwen25_72b,52,valenced_nonopposite::affective::002,valenced_nonopposite,affective,valenced,nonopposite,-0.8,preference_control,-3.25,1.25,-3.243163824081421,1.2480469942092896,-3.243163824081421,1.2480469942092896,-0.9975584149360656,-2.2456054091453552,-3.25,1.25,-1.0,-2.25
qwen25_72b,52,valenced_nonopposite::affective::002,valenced_nonopposite,affective,valenced,nonopposite,-0.6,preference_control,-2.0,1.75,-1.998046636581421,1.7539063692092896,-1.998046636581421,1.7539063692092896,-0.1220701336860656,-1.8759765028953552,-2.0,1.75,-0.125,-1.875
qwen25_72b,52,valenced_nonopposite::affective::002,valenced_nonopposite,affective,valenced,nonopposite,-0.4,preference_control,0.25,2.25,0.2500002384185791,2.2436524629592896,0.2500002384185791,2.2436524629592896,1.2468263506889343,-0.9968261122703552,0.25,2.25,1.25,-1.0
qwen25_72b,52,valenced_nonopposite::affective::002,valenced_nonopposite,affective,valenced,nonopposite,-0.2,preference_control,2.5,3.25,2.4990235567092896,3.2431641817092896,2.4990235567092896,3.2431641817092896,2.8710938692092896,-0.3720703125,2.5,3.25,2.875,-0.375
qwen25_72b,52,valenced_nonopposite::affective::002,valenced_nonopposite,affective,valenced,nonopposite,0.0,preference_control,4.5,4.5,4.48895275592804,4.48895275592804,4.48895275592804,4.48895275592804,4.48895275592804,0.0,4.5,4.5,4.5,0.0
qwen25_72b,52,valenced_nonopposite::affective::002,valenced_nonopposite,affective,valenced,nonopposite,0.2,preference_control,7.0,6.0,6.999076962471008,5.9975128173828125,6.999076962471008,5.9975128173828125,6.49829488992691,0.5007820725440979,7.0,6.0,6.5,0.5
qwen25_72b,52,valenced_nonopposite::affective::002,valenced_nonopposite,affective,valenced,nonopposite,0.4,preference_control,9.5,7.25,9.49991762638092,7.2492828369140625,9.49991762638092,7.2492828369140625,8.374600231647491,1.125317394733429,9.5,7.25,8.375,1.125
qwen25_72b,52,valenced_nonopposite::affective::002,valenced_nonopposite,affective,valenced,nonopposite,0.6,preference_control,11.25,7.75,11.249980211257936,7.749563336372375,11.249980211257936,7.749563336372375,9.499771773815157,1.7502084374427795,11.25,7.75,9.5,1.75
qwen25_72b,52,valenced_nonopposite::affective::002,valenced_nonopposite,affective,valenced,nonopposite,0.8,preference_control,11.875,7.75,11.87498700618744,7.749563336372375,11.87498700618744,7.749563336372375,9.812275171279907,2.062711834907532,11.875,7.75,9.8125,2.0625
qwen25_72b,52,valenced_nonopposite::affective::002,valenced_nonopposite,affective,valenced,nonopposite,1.0,preference_control,12.0,7.25,11.999987959861755,7.249286770820618,11.999987959861755,7.249286770820618,9.624637365341188,2.375350594520569,12.0,7.25,9.625,2.375
qwen25_72b,52,valenced_nonopposite::affective::003,valenced_nonopposite,affective,valenced,nonopposite,-1.0,preference_control,1.125,4.375,1.1289063692092896,4.3769532442092896,1.1289063692092896,4.3769532442092896,2.7529298067092896,-1.6240234375,1.125,4.375,2.75,-1.625
qwen25_72b,52,valenced_nonopposite::affective::003,valenced_nonopposite,affective,valenced,nonopposite,-0.8,preference_control,2.5,5.125,2.5000001192092896,5.1298829317092896,2.5000001192092896,5.1298829317092896,3.8149415254592896,-1.31494140625,2.5,5.125,3.8125,-1.3125
qwen25_72b,52,valenced_nonopposite::affective::003,valenced_nonopposite,affective,valenced,nonopposite,-0.6,preference_control,4.25,5.875,4.23974609375,5.8852540254592896,4.23974609375,5.8852540254592896,5.062500059604645,-0.8227539658546448,4.25,5.875,5.0625,-0.8125
qwen25_72b,52,valenced_nonopposite::affective::003,valenced_nonopposite,affective,valenced,nonopposite,-0.4,preference_control,6.25,7.25,6.24102783203125,7.26171875,6.24102783203125,7.26171875,6.751373291015625,-0.510345458984375,6.25,7.25,6.75,-0.5
qwen25_72b,52,valenced_nonopposite::affective::003,valenced_nonopposite,affective,valenced,nonopposite,-0.2,preference_control,8.75,8.5,8.748725891113281,8.494842529296875,8.748725891113281,8.494842529296875,8.621784210205078,0.1269416809082031,8.75,8.5,8.625,0.125
qwen25_72b,52,valenced_nonopposite::affective::003,valenced_nonopposite,affective,valenced,nonopposite,0.0,preference_control,11.875,9.75,11.87484359741211,9.74921417236328,11.87484359741211,9.74921417236328,10.812028884887695,1.062814712524414,11.875,9.75,10.8125,1.0625
qwen25_72b,52,valenced_nonopposite::affective::003,valenced_nonopposite,affective,valenced,nonopposite,0.2,preference_control,15.875,11.0,15.874987721443176,10.99992847442627,15.874987721443176,10.99992847442627,13.437458097934725,2.4375296235084534,15.875,11.0,13.4375,2.4375
qwen25_72b,52,valenced_nonopposite::affective::003,valenced_nonopposite,affective,valenced,nonopposite,0.4,preference_control,19.5,11.875,19.49999618530273,11.874979972839355,19.49999618530273,11.874979972839355,15.687488079071043,3.8125081062316895,19.5,11.875,15.6875,3.8125
qwen25_72b,52,valenced_nonopposite::affective::003,valenced_nonopposite,affective,valenced,nonopposite,0.6,preference_control,21.625,12.625,21.62499725818634,12.624987244606018,21.62499725818634,12.624987244606018,17.12499225139618,4.500005006790161,21.625,12.625,17.125,4.5
qwen25_72b,52,valenced_nonopposite::affective::003,valenced_nonopposite,affective,valenced,nonopposite,0.8,preference_control,20.625,11.625,20.62499713897705,11.624982953071594,20.62499713897705,11.624982953071594,16.124990046024323,4.500007092952728,20.625,11.625,16.125,4.5
qwen25_72b,52,valenced_nonopposite::affective::003,valenced_nonopposite,affective,valenced,nonopposite,1.0,preference_control,19.75,10.125,19.7499977350235,10.124952912330627,19.7499977350235,10.124952912330627,14.937475323677065,4.812522411346436,19.75,10.125,14.9375,4.8125
qwen25_72b,52,valenced_nonopposite::affective::004,valenced_nonopposite,affective,valenced,nonopposite,-1.0,preference_control,-2.25,1.625,-2.244140863418579,1.62890625,-2.244140863418579,1.62890625,-0.3076173067092895,-1.9365235567092896,-2.25,1.625,-0.3125,-1.9375
qwen25_72b,52,valenced_nonopposite::affective::004,valenced_nonopposite,affective,valenced,nonopposite,-0.8,preference_control,-1.0,2.125,-1.000000238418579,2.123046875,-1.000000238418579,2.123046875,0.5615233182907104,-1.5615235567092896,-1.0,2.125,0.5625,-1.5625
qwen25_72b,52,valenced_nonopposite::affective::004,valenced_nonopposite,affective,valenced,nonopposite,-0.6,preference_control,0.0,2.5,-1.1920928955078125e-07,2.501953125,-1.1920928955078125e-07,2.501953125,1.2509765028953552,-1.2509766221046448,0.0,2.5,1.25,-1.25
qwen25_72b,52,valenced_nonopposite::affective::004,valenced_nonopposite,affective,valenced,nonopposite,-0.4,preference_control,1.5,3.125,1.501953125,3.126953125,1.501953125,3.126953125,2.314453125,-0.8125,1.5,3.125,2.3125,-0.8125
qwen25_72b,52,valenced_nonopposite::affective::004,valenced_nonopposite,affective,valenced,nonopposite,-0.2,preference_control,3.0,4.25,3.006103515625,4.2568359375,3.006103515625,4.2568359375,3.6314697265625,-0.6253662109375,3.0,4.25,3.625,-0.625
qwen25_72b,52,valenced_nonopposite::affective::004,valenced_nonopposite,affective,valenced,nonopposite,0.0,preference_control,5.0,5.625,4.992706298828125,5.61187744140625,4.992706298828125,5.61187744140625,5.302291870117188,-0.3095855712890625,5.0,5.625,5.3125,-0.3125
qwen25_72b,52,valenced_nonopposite::affective::004,valenced_nonopposite,affective,valenced,nonopposite,0.2,preference_control,8.625,8.0,8.624799728393555,7.999164581298828,8.624799728393555,7.999164581298828,8.311982154846191,0.3128175735473633,8.625,8.0,8.3125,0.3125
qwen25_72b,52,valenced_nonopposite::affective::004,valenced_nonopposite,affective,valenced,nonopposite,0.4,preference_control,12.5,9.875,12.499989867210388,9.874805450439451,12.499989867210388,9.874805450439451,11.18739765882492,1.3125922083854675,12.5,9.875,11.1875,1.3125
qwen25_72b,52,valenced_nonopposite::affective::004,valenced_nonopposite,affective,valenced,nonopposite,0.6,preference_control,14.5,10.75,14.499995827674866,10.74992609024048,14.499995827674866,10.74992609024048,12.624960958957672,1.8750348687171936,14.5,10.75,12.625,1.875
qwen25_72b,52,valenced_nonopposite::affective::004,valenced_nonopposite,affective,valenced,nonopposite,0.8,preference_control,15.375,10.625,15.374997973442078,10.624953031539915,15.374997973442078,10.624953031539915,12.999975502490996,2.3750224709510803,15.375,10.625,13.0,2.375
qwen25_72b,52,valenced_nonopposite::affective::004,valenced_nonopposite,affective,valenced,nonopposite,1.0,preference_control,15.0,10.5,14.999997854232788,10.499964952468872,14.999997854232788,10.499964952468872,12.74998140335083,2.250016450881958,15.0,10.5,12.75,2.25
qwen25_72b,52,valenced_nonopposite::affective::005,valenced_nonopposite,affective,valenced,nonopposite,-1.0,preference_control,-8.625,-3.125,-8.622405886650085,-3.1240227222442627,-8.622405886650085,-3.1240227222442627,-5.873214304447174,-2.749191582202912,-8.625,-3.125,-5.875,-2.75
qwen25_72b,52,valenced_nonopposite::affective::005,valenced_nonopposite,affective,valenced,nonopposite,-0.8,preference_control,-9.0,-3.625,-8.99792468547821,-3.6174312829971313,-8.99792468547821,-3.6174312829971313,-6.307677984237671,-2.69024670124054,-9.0,-3.625,-6.3125,-2.6875
qwen25_72b,52,valenced_nonopposite::affective::005,valenced_nonopposite,affective,valenced,nonopposite,-0.6,preference_control,-8.625,-3.875,-8.622878909111023,-3.877807378768921,-8.622878909111023,-3.877807378768921,-6.250343143939972,-2.372535765171051,-8.625,-3.875,-6.25,-2.375
qwen25_72b,52,valenced_nonopposite::affective::005,valenced_nonopposite,affective,valenced,nonopposite,-0.4,preference_control,-7.5,-3.75,-7.497238039970398,-3.7519530057907104,-7.497238039970398,-3.7519530057907104,-5.624595522880554,-1.872642517089844,-7.5,-3.75,-5.625,-1.875
qwen25_72b,52,valenced_nonopposite::affective::005,valenced_nonopposite,affective,valenced,nonopposite,-0.2,preference_control,-5.75,-3.0,-5.744048833847046,-2.9931639432907104,-5.744048833847046,-2.9931639432907104,-4.368606388568878,-1.3754424452781675,-5.75,-3.0,-4.375,-1.375
qwen25_72b,52,valenced_nonopposite::affective::005,valenced_nonopposite,affective,valenced,nonopposite,0.0,preference_control,-3.0,-1.5,-2.994384527206421,-1.4960936307907104,-2.994384527206421,-1.4960936307907104,-2.2452390789985657,-0.7491454482078552,-3.0,-1.5,-2.25,-0.75
qwen25_72b,52,valenced_nonopposite::affective::005,valenced_nonopposite,affective,valenced,nonopposite,0.2,preference_control,1.5,0.0,1.5000003576278689,1.1920928955078125e-07,1.5000003576278689,1.1920928955078125e-07,0.7500002384185791,0.7500001192092896,1.5,0.0,0.75,0.75
qwen25_72b,52,valenced_nonopposite::affective::005,valenced_nonopposite,affective,valenced,nonopposite,0.4,preference_control,4.75,1.0,4.741211295127869,0.9960938692092896,4.741211295127869,0.9960938692092896,2.868652582168579,1.8725587129592896,4.75,1.0,2.875,1.875
qwen25_72b,52,valenced_nonopposite::affective::005,valenced_nonopposite,affective,valenced,nonopposite,0.6,preference_control,6.75,1.5,6.7487872838974,1.5,6.7487872838974,1.5,4.1243936419487,2.6243936419487,6.75,1.5,4.125,2.625
qwen25_72b,52,valenced_nonopposite::affective::005,valenced_nonopposite,affective,valenced,nonopposite,0.8,preference_control,8.0,2.0,7.999639868736267,1.99609375,7.999639868736267,1.99609375,4.9978668093681335,3.001773059368133,8.0,2.0,5.0,3.0
qwen25_72b,52,valenced_nonopposite::affective::005,valenced_nonopposite,affective,valenced,nonopposite,1.0,preference_control,8.5,1.75,8.49977731704712,1.7509765625,8.49977731704712,1.7509765625,5.12537693977356,3.37440037727356,8.5,1.75,5.125,3.375
qwen25_72b,52,valenced_nonopposite::affective::006,valenced_nonopposite,affective,valenced,nonopposite,-1.0,preference_control,-10.125,-2.75,-10.124943494796751,-2.75244402885437,-10.124943494796751,-2.75244402885437,-6.4386937618255615,-3.686249732971192,-10.125,-2.75,-6.4375,-3.6875
qwen25_72b,52,valenced_nonopposite::affective::006,valenced_nonopposite,affective,valenced,nonopposite,-0.8,preference_control,-10.5,-3.25,-10.499971628189089,-3.2522013187408447,-10.499971628189089,-3.2522013187408447,-6.876086473464966,-3.623885154724121,-10.5,-3.25,-6.875,-3.625
qwen25_72b,52,valenced_nonopposite::affective::006,valenced_nonopposite,affective,valenced,nonopposite,-0.6,preference_control,-10.75,-3.5,-10.749985218048096,-3.49829638004303,-10.749985218048096,-3.49829638004303,-7.124140799045563,-3.625844419002533,-10.75,-3.5,-7.125,-3.625
qwen25_72b,52,valenced_nonopposite::affective::006,valenced_nonopposite,affective,valenced,nonopposite,-0.4,preference_control,-10.5,-3.5,-10.499980926513672,-3.50024938583374,-10.499980926513672,-3.50024938583374,-7.000115156173706,-3.499865770339966,-10.5,-3.5,-7.0,-3.5
qwen25_72b,52,valenced_nonopposite::affective::006,valenced_nonopposite,affective,valenced,nonopposite,-0.2,preference_control,-9.5,-2.75,-9.499931573867798,-2.7500046491622925,-9.499931573867798,-2.7500046491622925,-6.124968111515045,-3.3749634623527527,-9.5,-2.75,-6.125,-3.375
qwen25_72b,52,valenced_nonopposite::affective::006,valenced_nonopposite,affective,valenced,nonopposite,0.0,preference_control,-7.5,-1.75,-7.499450922012329,-1.7539103031158447,-7.499450922012329,-1.7539103031158447,-4.626680612564087,-2.872770309448242,-7.5,-1.75,-4.625,-2.875
qwen25_72b,52,valenced_nonopposite::affective::006,valenced_nonopposite,affective,valenced,nonopposite,0.2,preference_control,-3.0,0.25,-2.99829375743866,0.2499974966049194,-2.99829375743866,0.2499974966049194,-1.37414813041687,-1.6241456270217896,-3.0,0.25,-1.375,-1.625
qwen25_72b,52,valenced_nonopposite::affective::006,valenced_nonopposite,affective,valenced,nonopposite,0.4,preference_control,3.0,3.75,2.998289108276367,3.742430210113525,2.998289108276367,3.742430210113525,3.3703596591949463,-0.3720705509185791,3.0,3.75,3.375,-0.375
qwen25_72b,52,valenced_nonopposite::affective::006,valenced_nonopposite,affective,valenced,nonopposite,0.6,preference_control,7.25,7.5,7.249289393424988,7.499446272850037,7.249289393424988,7.499446272850037,7.374367833137512,-0.1250784397125244,7.25,7.5,7.375,-0.125
qwen25_72b,52,valenced_nonopposite::affective::006,valenced_nonopposite,affective,valenced,nonopposite,0.8,preference_control,9.75,9.0,9.74994134902954,8.999876618385315,9.74994134902954,8.999876618385315,9.374908983707428,0.375032365322113,9.75,9.0,9.375,0.375
qwen25_72b,52,valenced_nonopposite::affective::006,valenced_nonopposite,affective,valenced,nonopposite,1.0,preference_control,11.25,9.5,11.24998652935028,9.499924778938292,11.24998652935028,9.499924778938292,10.374955654144289,0.8750308752059937,11.25,9.5,10.375,0.875
qwen25_72b,52,valenced_nonopposite::affective::007,valenced_nonopposite,affective,valenced,nonopposite,-1.0,preference_control,-9.625,-6.0,-9.624878764152529,-5.997431993484497,-9.624878764152529,-5.997431993484497,-7.811155378818512,-1.813723385334015,-9.625,-6.0,-7.8125,-1.8125
qwen25_72b,52,valenced_nonopposite::affective::007,valenced_nonopposite,affective,valenced,nonopposite,-0.8,preference_control,-9.5,-6.125,-9.499876976013184,-6.122770547866821,-9.499876976013184,-6.122770547866821,-7.811323761940002,-1.6885532140731812,-9.5,-6.125,-7.8125,-1.6875
qwen25_72b,52,valenced_nonopposite::affective::007,valenced_nonopposite,affective,valenced,nonopposite,-0.6,preference_control,-9.25,-6.125,-9.249866366386414,-6.122786045074463,-9.249866366386414,-6.122786045074463,-7.686326205730438,-1.5635401606559751,-9.25,-6.125,-7.6875,-1.5625
qwen25_72b,52,valenced_nonopposite::affective::007,valenced_nonopposite,affective,valenced,nonopposite,-0.4,preference_control,-7.875,-5.25,-7.87458062171936,-5.244735598564148,-7.87458062171936,-5.244735598564148,-6.559658110141754,-1.3149225115776062,-7.875,-5.25,-6.5625,-1.3125
qwen25_72b,52,valenced_nonopposite::affective::007,valenced_nonopposite,affective,valenced,nonopposite,-0.2,preference_control,-5.875,-4.125,-5.872137188911438,-4.140148282051086,-5.872137188911438,-4.140148282051086,-5.006142735481262,-0.8659944534301758,-5.875,-4.125,-5.0,-0.875
qwen25_72b,52,valenced_nonopposite::affective::007,valenced_nonopposite,affective,valenced,nonopposite,0.0,preference_control,-3.125,-2.25,-3.1289093494415283,-2.243660926818848,-3.1289093494415283,-2.243660926818848,-2.686285138130188,-0.4426242113113403,-3.125,-2.25,-2.6875,-0.4375
qwen25_72b,52,valenced_nonopposite::affective::007,valenced_nonopposite,affective,valenced,nonopposite,0.2,preference_control,1.5,0.5,1.501952052116394,0.4980394840240478,1.501952052116394,0.4980394840240478,0.999995768070221,0.5019562840461731,1.5,0.5,1.0,0.5
qwen25_72b,52,valenced_nonopposite::affective::007,valenced_nonopposite,affective,valenced,nonopposite,0.4,preference_control,7.375,2.75,7.37437379360199,2.7504831552505493,7.37437379360199,2.7504831552505493,5.0624284744262695,2.31194531917572,7.375,2.75,5.0625,2.3125
qwen25_72b,52,valenced_nonopposite::affective::007,valenced_nonopposite,affective,valenced,nonopposite,0.6,preference_control,12.25,4.5,12.24999463558197,4.488948702812195,12.24999463558197,4.488948702812195,8.369471669197083,3.880522966384888,12.25,4.5,8.375,3.875
qwen25_72b,52,valenced_nonopposite::affective::007,valenced_nonopposite,affective,valenced,nonopposite,0.8,preference_control,15.125,5.5,15.124999046325684,5.495907783508301,15.124999046325684,5.495907783508301,10.310453414916992,4.814545631408691,15.125,5.5,10.3125,4.8125
qwen25_72b,52,valenced_nonopposite::affective::007,valenced_nonopposite,affective,valenced,nonopposite,1.0,preference_control,15.375,5.5,15.374998569488524,5.495907664299011,15.374998569488524,5.495907664299011,10.435453116893768,4.939545452594757,15.375,5.5,10.4375,4.9375
qwen25_72b,52,valenced_nonopposite::affective::008,valenced_nonopposite,affective,valenced,nonopposite,-1.0,preference_control,-13.625,-13.25,-13.749998331069946,-13.24999499320984,-13.749998331069946,-13.24999499320984,-13.499996662139893,-0.2500016689300537,-13.625,-13.25,-13.4375,-0.1875
qwen25_72b,52,valenced_nonopposite::affective::008,valenced_nonopposite,affective,valenced,nonopposite,-0.8,preference_control,-13.75,-13.5,-13.874998807907104,-13.624996900558472,-13.874998807907104,-13.624996900558472,-13.749997854232788,-0.1250009536743164,-13.75,-13.5,-13.625,-0.125
qwen25_72b,52,valenced_nonopposite::affective::008,valenced_nonopposite,affective,valenced,nonopposite,-0.6,preference_control,-13.75,-13.625,-13.749998688697817,-13.7499977350235,-13.749998688697817,-13.7499977350235,-13.749998211860657,-4.76837158203125e-07,-13.75,-13.625,-13.6875,-0.0625
qwen25_72b,52,valenced_nonopposite::affective::008,valenced_nonopposite,affective,valenced,nonopposite,-0.4,preference_control,-12.5,-13.25,-12.749996900558472,-13.24999737739563,-12.749996900558472,-13.24999737739563,-12.99999713897705,0.2500002384185791,-12.5,-13.25,-12.875,0.375
qwen25_72b,52,valenced_nonopposite::affective::008,valenced_nonopposite,affective,valenced,nonopposite,-0.2,preference_control,-10.875,-12.0,-10.749978184700012,-11.999992966651917,-10.749978184700012,-11.999992966651917,-11.374985575675964,0.6250073909759521,-10.875,-12.0,-11.4375,0.5625
qwen25_72b,52,valenced_nonopposite::affective::008,valenced_nonopposite,affective,valenced,nonopposite,0.0,preference_control,-8.625,-10.25,-8.62481963634491,-10.37496793270111,-8.62481963634491,-10.37496793270111,-9.49989378452301,0.8750741481781006,-8.625,-10.25,-9.4375,0.8125
qwen25_72b,52,valenced_nonopposite::affective::008,valenced_nonopposite,affective,valenced,nonopposite,0.2,preference_control,-4.5,-7.25,-4.4889525175094604,-7.499446392059326,-4.4889525175094604,-7.499446392059326,-5.994199454784393,1.5052469372749329,-4.5,-7.25,-5.875,1.375
qwen25_72b,52,valenced_nonopposite::affective::008,valenced_nonopposite,affective,valenced,nonopposite,0.4,preference_control,-0.5,-4.5,-0.4980467557907104,-4.235839486122131,-0.4980467557907104,-4.235839486122131,-2.366943120956421,1.8688963651657104,-0.5,-4.5,-2.5,2.0
qwen25_72b,52,valenced_nonopposite::affective::008,valenced_nonopposite,affective,valenced,nonopposite,0.6,preference_control,3.0,-1.75,2.9982911348342896,-1.753906011581421,2.9982911348342896,-1.753906011581421,0.6221925616264343,2.3760985732078552,3.0,-1.75,0.625,2.375
qwen25_72b,52,valenced_nonopposite::affective::008,valenced_nonopposite,affective,valenced,nonopposite,0.8,preference_control,6.0,0.75,6.248062252998352,0.4980471134185791,6.248062252998352,0.4980471134185791,3.3730546832084656,2.8750075697898865,6.0,0.75,3.375,2.625
qwen25_72b,52,valenced_nonopposite::affective::008,valenced_nonopposite,affective,valenced,nonopposite,1.0,preference_control,8.25,2.5,8.249734997749329,2.499023675918579,8.249734997749329,2.499023675918579,5.374379336833954,2.8753556609153748,8.25,2.5,5.375,2.875
qwen25_72b,52,valenced_nonopposite::affective::009,valenced_nonopposite,affective,valenced,nonopposite,-1.0,preference_control,2.0,6.0,1.998046875,5.997528910636902,1.998046875,5.997528910636902,3.997787892818451,-1.999741017818451,2.0,6.0,4.0,-2.0
qwen25_72b,52,valenced_nonopposite::affective::009,valenced_nonopposite,affective,valenced,nonopposite,-0.8,preference_control,2.75,7.0,2.75048828125,7.249291181564331,2.75048828125,7.249291181564331,4.9998897314071655,-2.249401450157165,2.75,7.0,4.875,-2.125
qwen25_72b,52,valenced_nonopposite::affective::009,valenced_nonopposite,affective,valenced,nonopposite,-0.6,preference_control,3.5,7.75,3.50146484375,7.499447345733643,3.50146484375,7.499447345733643,5.500456094741821,-1.9989912509918213,3.5,7.75,5.625,-2.125
qwen25_72b,52,valenced_nonopposite::affective::009,valenced_nonopposite,affective,valenced,nonopposite,-0.4,preference_control,4.25,7.75,4.23583984375,7.999664664268494,4.23583984375,7.999664664268494,6.117752254009247,-1.8819124102592468,4.25,7.75,6.0,-1.75
qwen25_72b,52,valenced_nonopposite::affective::009,valenced_nonopposite,affective,valenced,nonopposite,-0.2,preference_control,5.0,7.75,4.9932861328125,7.7495691776275635,4.9932861328125,7.7495691776275635,6.371427655220032,-1.3781415224075315,5.0,7.75,6.375,-1.375
qwen25_72b,52,valenced_nonopposite::affective::009,valenced_nonopposite,affective,valenced,nonopposite,0.0,preference_control,5.75,7.25,5.746826171875,6.999088406562805,5.746826171875,6.999088406562805,6.372957289218903,-0.6261311173439026,5.75,7.25,6.5,-0.75
qwen25_72b,52,valenced_nonopposite::affective::009,valenced_nonopposite,affective,valenced,nonopposite,0.2,preference_control,6.75,6.5,6.498497009277344,6.498497128486633,6.498497009277344,6.498497128486633,6.4984970688819885,-5.960464477539064e-08,6.75,6.5,6.625,0.125
qwen25_72b,52,valenced_nonopposite::affective::009,valenced_nonopposite,affective,valenced,nonopposite,0.4,preference_control,7.25,5.75,7.249290466308594,5.9975281953811646,7.249290466308594,5.9975281953811646,6.623409330844879,0.6258811354637146,7.25,5.75,6.5,0.75
qwen25_72b,52,valenced_nonopposite::affective::009,valenced_nonopposite,affective,valenced,nonopposite,0.6,preference_control,8.25,5.375,8.249738693237305,5.49591076374054,8.249738693237305,5.49591076374054,6.872824728488922,1.3769139647483826,8.25,5.375,6.8125,1.4375
qwen25_72b,52,valenced_nonopposite::affective::009,valenced_nonopposite,affective,valenced,nonopposite,0.8,preference_control,9.0,4.875,8.749841809272766,4.741394400596619,8.749841809272766,4.741394400596619,6.745618104934692,2.0042237043380737,9.0,4.875,6.9375,2.0625
qwen25_72b,52,valenced_nonopposite::affective::009,valenced_nonopposite,affective,valenced,nonopposite,1.0,preference_control,9.25,4.0,9.49992549419403,4.013062000274658,9.49992549419403,4.013062000274658,6.7564937472343445,2.7434317469596863,9.25,4.0,6.625,2.625
qwen25_72b,52,valenced_nonopposite::affective::010,valenced_nonopposite,affective,valenced,nonopposite,-1.0,preference_control,-8.875,-5.75,-8.874859809875488,-5.7468109130859375,-8.874859809875488,-5.7468109130859375,-7.310835361480713,-1.5640244483947754,-8.875,-5.75,-7.3125,-1.5625
qwen25_72b,52,valenced_nonopposite::affective::010,valenced_nonopposite,affective,valenced,nonopposite,-0.8,preference_control,-8.75,-5.75,-8.999876022338867,-5.7468109130859375,-8.999876022338867,-5.7468109130859375,-7.373343467712402,-1.6265325546264648,-8.75,-5.75,-7.25,-1.5
qwen25_72b,52,valenced_nonopposite::affective::010,valenced_nonopposite,affective,valenced,nonopposite,-0.6,preference_control,-8.0,-5.25,-7.999664306640625,-5.2447509765625,-7.999664306640625,-5.2447509765625,-6.6222076416015625,-1.3774566650390625,-8.0,-5.25,-6.625,-1.375
qwen25_72b,52,valenced_nonopposite::affective::010,valenced_nonopposite,affective,valenced,nonopposite,-0.4,preference_control,-6.75,-3.75,-6.748832702636719,-4.0130615234375,-6.748832702636719,-4.0130615234375,-5.380947113037109,-1.3678855895996094,-6.75,-3.75,-5.25,-1.5
qwen25_72b,52,valenced_nonopposite::affective::010,valenced_nonopposite,affective,valenced,nonopposite,-0.2,preference_control,-4.25,-2.0,-4.0130615234375,-1.998046875,-4.0130615234375,-1.998046875,-3.00555419921875,-1.00750732421875,-4.25,-2.0,-3.125,-1.125
qwen25_72b,52,valenced_nonopposite::affective::010,valenced_nonopposite,affective,valenced,nonopposite,0.0,preference_control,-1.0,0.0,-0.75390625,0.0,-0.75390625,0.0,-0.376953125,-0.376953125,-1.0,0.0,-0.5,-0.5
qwen25_72b,52,valenced_nonopposite::affective::010,valenced_nonopposite,affective,valenced,nonopposite,0.2,preference_control,3.75,2.25,3.50146484375,2.4990234375,3.50146484375,2.4990234375,3.000244140625,0.501220703125,3.75,2.25,3.0,0.75
qwen25_72b,52,valenced_nonopposite::affective::010,valenced_nonopposite,affective,valenced,nonopposite,0.4,preference_control,8.0,3.75,7.999664306640625,4.0130615234375,7.999664306640625,4.0130615234375,6.006362915039063,1.9933013916015625,8.0,3.75,5.875,2.125
qwen25_72b,52,valenced_nonopposite::affective::010,valenced_nonopposite,affective,valenced,nonopposite,0.6,preference_control,11.75,4.5,12.124993920326231,4.74139404296875,12.124993920326231,4.74139404296875,8.433193981647491,3.6917999386787415,11.75,4.5,8.125,3.625
qwen25_72b,52,valenced_nonopposite::affective::010,valenced_nonopposite,affective,valenced,nonopposite,0.8,preference_control,14.125,4.75,14.124998807907104,4.74139404296875,14.124998807907104,4.74139404296875,9.433196425437927,4.691802382469177,14.125,4.75,9.4375,4.6875
qwen25_72b,52,valenced_nonopposite::affective::010,valenced_nonopposite,affective,valenced,nonopposite,1.0,preference_control,14.125,4.0,14.249998927116394,4.0130615234375,14.249998927116394,4.0130615234375,9.131530225276949,5.118468701839447,14.125,4.0,9.0625,5.0625
qwen25_72b,52,valenced_nonopposite::affective::011,valenced_nonopposite,affective,valenced,nonopposite,-1.0,preference_control,0.625,2.875,0.3749995231628418,2.745116949081421,0.3749995231628418,2.745116949081421,1.5600582361221311,-1.1850587129592896,0.625,2.875,1.75,-1.125
qwen25_72b,52,valenced_nonopposite::affective::011,valenced_nonopposite,affective,valenced,nonopposite,-0.8,preference_control,1.375,2.875,1.498046636581421,2.870116949081421,1.498046636581421,2.870116949081421,2.184081792831421,-0.68603515625,1.375,2.875,2.125,-0.75
qwen25_72b,52,valenced_nonopposite::affective::011,valenced_nonopposite,affective,valenced,nonopposite,-0.6,preference_control,3.125,3.125,3.1279295682907104,2.9929198026657104,3.1279295682907104,2.9929198026657104,3.0604246854782104,0.0675048828125,3.125,3.125,3.125,0.0
qwen25_72b,52,valenced_nonopposite::affective::011,valenced_nonopposite,affective,valenced,nonopposite,-0.4,preference_control,5.0,3.375,4.8672178983688354,3.2563475370407104,4.8672178983688354,3.2563475370407104,4.061782717704773,0.8054351806640625,5.0,3.375,4.1875,0.8125
qwen25_72b,52,valenced_nonopposite::affective::011,valenced_nonopposite,affective,valenced,nonopposite,-0.2,preference_control,7.0,4.125,6.873931884765625,4.13952624797821,6.873931884765625,4.13952624797821,5.506729066371918,1.3672028183937073,7.0,4.125,5.5625,1.4375
qwen25_72b,52,valenced_nonopposite::affective::011,valenced_nonopposite,affective,valenced,nonopposite,0.0,preference_control,9.25,4.875,9.124886989593506,4.867218017578125,9.124886989593506,4.867218017578125,6.996052503585815,2.1288344860076904,9.25,4.875,7.0625,2.1875
qwen25_72b,52,valenced_nonopposite::affective::011,valenced_nonopposite,affective,valenced,nonopposite,0.2,preference_control,12.25,5.75,12.249995112419128,5.8721771240234375,12.249995112419128,5.8721771240234375,9.061086118221285,3.188908994197845,12.25,5.75,9.0,3.25
qwen25_72b,52,valenced_nonopposite::affective::011,valenced_nonopposite,affective,valenced,nonopposite,0.4,preference_control,14.25,6.0,14.249999403953552,6.122802734375,14.249999403953552,6.122802734375,10.186401069164276,4.063598334789276,14.25,6.0,10.125,4.125
qwen25_72b,52,valenced_nonopposite::affective::011,valenced_nonopposite,affective,valenced,nonopposite,0.6,preference_control,15.75,5.5,16.00000011920929,5.2447509765625,16.00000011920929,5.2447509765625,10.622375547885897,5.377624571323395,15.75,5.5,10.625,5.125
qwen25_72b,52,valenced_nonopposite::affective::011,valenced_nonopposite,affective,valenced,nonopposite,0.8,preference_control,16.375,3.75,16.250000476837158,3.7423095703125,16.250000476837158,3.7423095703125,9.996155023574827,6.253845453262329,16.375,3.75,10.0625,6.3125
qwen25_72b,52,valenced_nonopposite::affective::011,valenced_nonopposite,affective,valenced,nonopposite,1.0,preference_control,16.875,2.0,16.750001788139343,1.75390625,16.750001788139343,1.75390625,9.251954019069672,7.498047769069672,16.875,2.0,9.4375,7.4375
qwen25_72b,52,valenced_nonopposite::affective::012,valenced_nonopposite,affective,valenced,nonopposite,-1.0,preference_control,-0.625,7.375,-0.6249986886978149,7.367676496505737,-0.6249986886978149,7.367676496505737,3.371338903903961,-3.996337592601776,-0.625,7.375,3.375,-4.0
qwen25_72b,52,valenced_nonopposite::affective::012,valenced_nonopposite,affective,valenced,nonopposite,-0.8,preference_control,0.25,7.875,0.2500015497207641,7.868164896965027,0.2500015497207641,7.868164896965027,4.059083223342896,-3.8090816736221313,0.25,7.875,4.0625,-3.8125
qwen25_72b,52,valenced_nonopposite::affective::012,valenced_nonopposite,affective,valenced,nonopposite,-0.6,preference_control,1.875,8.0,1.873048424720764,8.027344703674316,1.873048424720764,8.027344703674316,4.95019656419754,-3.077148139476776,1.875,8.0,4.9375,-3.0625
qwen25_72b,52,valenced_nonopposite::affective::012,valenced_nonopposite,affective,valenced,nonopposite,-0.4,preference_control,4.125,8.0,4.140138149261475,8.024415135383606,4.140138149261475,8.024415135383606,6.08227664232254,-1.9421384930610657,4.125,8.0,6.0625,-1.9375
qwen25_72b,52,valenced_nonopposite::affective::012,valenced_nonopposite,affective,valenced,nonopposite,-0.2,preference_control,7.125,8.0,7.124185085296631,7.998047709465027,7.124185085296631,7.998047709465027,7.561116397380829,-0.436931312084198,7.125,8.0,7.5625,-0.4375
qwen25_72b,52,valenced_nonopposite::affective::012,valenced_nonopposite,affective,valenced,nonopposite,0.0,preference_control,10.0,8.0,9.999947190284727,7.998047709465027,9.999947190284727,7.998047709465027,8.998997449874878,1.000949740409851,10.0,8.0,9.0,1.0
qwen25_72b,52,valenced_nonopposite::affective::012,valenced_nonopposite,affective,valenced,nonopposite,0.2,preference_control,13.625,8.625,13.624992728233336,8.611328959465027,13.624992728233336,8.611328959465027,11.118160843849182,2.5068318843841557,13.625,8.625,11.125,2.5
qwen25_72b,52,valenced_nonopposite::affective::012,valenced_nonopposite,affective,valenced,nonopposite,0.4,preference_control,16.875,9.0,16.87499499320984,9.027344584465029,16.87499499320984,9.027344584465029,12.951169788837433,3.923825204372406,16.875,9.0,12.9375,3.9375
qwen25_72b,52,valenced_nonopposite::affective::012,valenced_nonopposite,affective,valenced,nonopposite,0.6,preference_control,17.875,9.125,17.87499451637268,9.152344346046448,17.87499451637268,9.152344346046448,13.513669431209564,4.3613250851631165,17.875,9.125,13.5,4.375
qwen25_72b,52,valenced_nonopposite::affective::012,valenced_nonopposite,affective,valenced,nonopposite,0.8,preference_control,17.875,8.0,17.87499439716339,7.988281846046448,17.87499439716339,7.988281846046448,12.93163812160492,4.943356275558472,17.875,8.0,12.9375,4.9375
qwen25_72b,52,valenced_nonopposite::affective::012,valenced_nonopposite,affective,valenced,nonopposite,1.0,preference_control,16.625,6.25,16.624995350837708,6.234375596046448,16.624995350837708,6.234375596046448,11.429685473442078,5.19530987739563,16.625,6.25,11.4375,5.1875
qwen25_72b,52,valenced_nonopposite::affective::013,valenced_nonopposite,affective,valenced,nonopposite,-1.0,preference_control,-5.625,-2.5,-5.621070265769959,-2.620118498802185,-5.621070265769959,-2.620118498802185,-4.120594382286072,-1.5004758834838867,-5.625,-2.5,-4.0625,-1.5625
qwen25_72b,52,valenced_nonopposite::affective::013,valenced_nonopposite,affective,valenced,nonopposite,-0.8,preference_control,-5.375,-2.75,-5.369998931884766,-2.745118021965027,-5.369998931884766,-2.745118021965027,-4.057558476924896,-1.3124404549598694,-5.375,-2.75,-4.0625,-1.3125
qwen25_72b,52,valenced_nonopposite::affective::013,valenced_nonopposite,affective,valenced,nonopposite,-0.6,preference_control,-4.625,-2.625,-4.741029620170593,-2.7480475902557373,-4.741029620170593,-2.7480475902557373,-3.744538605213165,-0.996491014957428,-4.625,-2.625,-3.625,-1.0
qwen25_72b,52,valenced_nonopposite::affective::013,valenced_nonopposite,affective,valenced,nonopposite,-0.4,preference_control,-3.5,-2.5,-3.2426769733428955,-2.497559070587158,-3.2426769733428955,-2.497559070587158,-2.870118021965027,-0.3725589513778686,-3.5,-2.5,-3.0,-0.5
qwen25_72b,52,valenced_nonopposite::affective::013,valenced_nonopposite,affective,valenced,nonopposite,-0.2,preference_control,-1.5,-1.75,-1.5009773969650269,-1.7529302835464478,-1.5009773969650269,-1.7529302835464478,-1.6269538402557373,0.1259764432907104,-1.5,-1.75,-1.625,0.125
qwen25_72b,52,valenced_nonopposite::affective::013,valenced_nonopposite,affective,valenced,nonopposite,0.0,preference_control,1.0,-0.75,1.2480463981628418,-0.7519537210464478,1.2480463981628418,-0.7519537210464478,0.248046338558197,1.0000000596046448,1.0,-0.75,0.125,0.875
qwen25_72b,52,valenced_nonopposite::affective::013,valenced_nonopposite,affective,valenced,nonopposite,0.2,preference_control,5.25,1.25,5.244750738143921,1.2480465173721311,5.244750738143921,1.2480465173721311,3.246398627758026,1.9983521103858948,5.25,1.25,3.25,2.0
qwen25_72b,52,valenced_nonopposite::affective::013,valenced_nonopposite,affective,valenced,nonopposite,0.4,preference_control,10.375,4.375,10.12495768070221,4.36242663860321,10.12495768070221,4.36242663860321,7.24369215965271,2.8812655210494995,10.375,4.375,7.375,3.0
qwen25_72b,52,valenced_nonopposite::affective::013,valenced_nonopposite,affective,valenced,nonopposite,0.6,preference_control,14.375,6.625,14.624998688697817,6.748825073242188,14.624998688697817,6.748825073242188,10.68691188097,3.9380868077278137,14.375,6.625,10.5,3.875
qwen25_72b,52,valenced_nonopposite::affective::013,valenced_nonopposite,affective,valenced,nonopposite,0.8,preference_control,15.5,7.5,15.499998807907104,7.749565124511719,15.499998807907104,7.749565124511719,11.624781966209412,3.875216841697693,15.5,7.5,11.5,4.0
qwen25_72b,52,valenced_nonopposite::affective::013,valenced_nonopposite,affective,valenced,nonopposite,1.0,preference_control,15.75,7.75,15.749998927116394,7.749563217163086,15.749998927116394,7.749563217163086,11.74978107213974,4.000217854976654,15.75,7.75,11.75,4.0
qwen25_72b,52,valenced_nonopposite::affective::014,valenced_nonopposite,affective,valenced,nonopposite,-1.0,preference_control,-7.5,0.0,-7.499367356300354,1.0728836059570312e-06,-7.499367356300354,1.0728836059570312e-06,-3.749683141708374,-3.74968421459198,-7.5,0.0,-3.75,-3.75
qwen25_72b,52,valenced_nonopposite::affective::014,valenced_nonopposite,affective,valenced,nonopposite,-0.8,preference_control,-7.75,-0.25,-7.749534249305725,-0.2499990463256836,-7.749534249305725,-0.2499990463256836,-3.999766647815704,-3.7497676014900208,-7.75,-0.25,-4.0,-3.75
qwen25_72b,52,valenced_nonopposite::affective::014,valenced_nonopposite,affective,valenced,nonopposite,-0.6,preference_control,-7.5,0.0,-7.499433636665344,7.152557373046875e-07,-7.499433636665344,7.152557373046875e-07,-3.749716460704804,-3.7497171759605408,-7.5,0.0,-3.75,-3.75
qwen25_72b,52,valenced_nonopposite::affective::014,valenced_nonopposite,affective,valenced,nonopposite,-0.4,preference_control,-6.75,0.25,-6.748823642730713,0.2500004768371582,-6.748823642730713,0.2500004768371582,-3.2494115829467773,-3.4994120597839355,-6.75,0.25,-3.25,-3.5
qwen25_72b,52,valenced_nonopposite::affective::014,valenced_nonopposite,affective,valenced,nonopposite,-0.2,preference_control,-5.25,1.0,-5.2447497844696045,1.0000003576278689,-5.2447497844696045,1.0000003576278689,-2.122374713420868,-3.122375071048737,-5.25,1.0,-2.125,-3.125
qwen25_72b,52,valenced_nonopposite::affective::014,valenced_nonopposite,affective,valenced,nonopposite,0.0,preference_control,-2.25,2.5,-2.243651390075684,2.4990237951278687,-2.243651390075684,2.4990237951278687,0.1276862025260925,-2.371337592601776,-2.25,2.5,0.125,-2.375
qwen25_72b,52,valenced_nonopposite::affective::014,valenced_nonopposite,affective,valenced,nonopposite,0.2,preference_control,3.0,5.5,2.9982917308807373,5.495910882949829,2.9982917308807373,5.495910882949829,4.247101306915283,-1.248809576034546,3.0,5.5,4.25,-1.25
qwen25_72b,52,valenced_nonopposite::affective::014,valenced_nonopposite,affective,valenced,nonopposite,0.4,preference_control,7.75,7.5,7.749569654464722,7.499447345733643,7.749569654464722,7.499447345733643,7.624508500099182,0.1250611543655395,7.75,7.5,7.625,0.125
qwen25_72b,52,valenced_nonopposite::affective::014,valenced_nonopposite,affective,valenced,nonopposite,0.6,preference_control,10.5,7.75,10.49997341632843,7.749569416046143,10.49997341632843,7.749569416046143,9.124771416187286,1.3752020001411438,10.5,7.75,9.125,1.375
qwen25_72b,52,valenced_nonopposite::affective::014,valenced_nonopposite,affective,valenced,nonopposite,0.8,preference_control,11.5,8.25,11.499990820884705,8.24973738193512,11.499990820884705,8.24973738193512,9.874864101409912,1.6251267194747925,11.5,8.25,9.875,1.625
qwen25_72b,52,valenced_nonopposite::affective::014,valenced_nonopposite,affective,valenced,nonopposite,1.0,preference_control,11.75,8.25,11.749993681907654,8.249737620353699,11.749993681907654,8.249737620353699,9.999865651130676,1.7501280307769775,11.75,8.25,10.0,1.75
qwen25_72b,52,valenced_nonopposite::affective::015,valenced_nonopposite,affective,valenced,nonopposite,-1.0,preference_control,-9.375,-3.0,-9.374900937080383,-2.997058629989624,-9.374900937080383,-2.997058629989624,-6.185979783535004,-3.18892115354538,-9.375,-3.0,-6.1875,-3.1875
qwen25_72b,52,valenced_nonopposite::affective::015,valenced_nonopposite,affective,valenced,nonopposite,-0.8,preference_control,-9.125,-2.875,-9.124873995780945,-2.8813282251358032,-9.124873995780945,-2.8813282251358032,-6.003101110458374,-3.121772885322571,-9.125,-2.875,-6.0,-3.125
qwen25_72b,52,valenced_nonopposite::affective::015,valenced_nonopposite,affective,valenced,nonopposite,-0.6,preference_control,-8.625,-2.375,-8.624797224998474,-2.377901792526245,-8.624797224998474,-2.377901792526245,-5.50134950876236,-3.1234477162361145,-8.625,-2.375,-5.5,-3.125
qwen25_72b,52,valenced_nonopposite::affective::015,valenced_nonopposite,affective,valenced,nonopposite,-0.4,preference_control,-7.625,-1.25,-7.624480605125427,-1.2519125938415527,-7.624480605125427,-1.2519125938415527,-4.43819659948349,-3.1862840056419373,-7.625,-1.25,-4.4375,-3.1875
qwen25_72b,52,valenced_nonopposite::affective::015,valenced_nonopposite,affective,valenced,nonopposite,-0.2,preference_control,-5.75,-0.25,-5.746729373931885,-0.2499365806579589,-5.746729373931885,-0.2499365806579589,-2.998332977294922,-2.748396396636963,-5.75,-0.25,-3.0,-2.75
qwen25_72b,52,valenced_nonopposite::affective::015,valenced_nonopposite,affective,valenced,nonopposite,0.0,preference_control,-3.0,1.5,-2.9977744817733765,1.4971470832824707,-2.9977744817733765,1.4971470832824707,-0.7503136992454529,-2.247460782527924,-3.0,1.5,-0.75,-2.25
qwen25_72b,52,valenced_nonopposite::affective::015,valenced_nonopposite,affective,valenced,nonopposite,0.2,preference_control,1.5,3.25,1.4990532398223877,3.256392002105713,1.4990532398223877,3.256392002105713,2.3777226209640503,-0.8786693811416626,1.5,3.25,2.375,-0.875
qwen25_72b,52,valenced_nonopposite::affective::015,valenced_nonopposite,affective,valenced,nonopposite,0.4,preference_control,4.375,4.5,4.361349821090698,4.487810969352722,4.361349821090698,4.487810969352722,4.42458039522171,-0.0632305741310119,4.375,4.5,4.4375,-0.0625
qwen25_72b,52,valenced_nonopposite::affective::015,valenced_nonopposite,affective,valenced,nonopposite,0.6,preference_control,6.0,5.0,5.996825933456421,4.992377996444702,5.996825933456421,4.992377996444702,5.4946019649505615,0.5022239685058594,6.0,5.0,5.5,0.5
qwen25_72b,52,valenced_nonopposite::affective::015,valenced_nonopposite,affective,valenced,nonopposite,0.8,preference_control,7.25,5.0,7.248865127563477,4.992589116096497,7.248865127563477,4.992589116096497,6.120727121829987,1.12813800573349,7.25,5.0,6.125,1.125
qwen25_72b,52,valenced_nonopposite::affective::015,valenced_nonopposite,affective,valenced,nonopposite,1.0,preference_control,8.0,4.75,7.999242305755615,4.7406052350997925,7.999242305755615,4.7406052350997925,6.369923770427704,1.6293185353279114,8.0,4.75,6.375,1.625
qwen25_72b,52,valenced_nonopposite::affective::016,valenced_nonopposite,affective,valenced,nonopposite,-1.0,preference_control,-1.5,7.0,-1.5002307891845703,6.996808648109436,-1.5002307891845703,6.996808648109436,2.748288929462433,-4.248519718647003,-1.5,7.0,2.75,-4.25
qwen25_72b,52,valenced_nonopposite::affective::016,valenced_nonopposite,affective,valenced,nonopposite,-0.8,preference_control,-1.25,6.875,-1.2462167739868164,6.872571587562561,-1.2462167739868164,6.872571587562561,2.8131774067878723,-4.059394180774689,-1.25,6.875,2.8125,-4.0625
qwen25_72b,52,valenced_nonopposite::affective::016,valenced_nonopposite,affective,valenced,nonopposite,-0.6,preference_control,-1.25,6.5,-1.2480921745300293,6.497816443443298,-1.2480921745300293,6.497816443443298,2.6248621344566345,-3.872954308986664,-1.25,6.5,2.625,-3.875
qwen25_72b,52,valenced_nonopposite::affective::016,valenced_nonopposite,affective,valenced,nonopposite,-0.4,preference_control,-0.5,6.0,-0.5000166893005371,5.997176051139832,-0.5000166893005371,5.997176051139832,2.748579680919647,-3.2485963702201843,-0.5,6.0,2.75,-3.25
qwen25_72b,52,valenced_nonopposite::affective::016,valenced_nonopposite,affective,valenced,nonopposite,-0.2,preference_control,0.75,5.125,0.749993085861206,5.118865251541138,0.749993085861206,5.118865251541138,2.934429168701172,-2.184436082839966,0.75,5.125,2.9375,-2.1875
qwen25_72b,52,valenced_nonopposite::affective::016,valenced_nonopposite,affective,valenced,nonopposite,0.0,preference_control,2.75,4.5,2.749996304512024,4.488829970359802,2.749996304512024,4.488829970359802,3.619413137435913,-0.8694168329238892,2.75,4.5,3.625,-0.875
qwen25_72b,52,valenced_nonopposite::affective::016,valenced_nonopposite,affective,valenced,nonopposite,0.2,preference_control,6.25,3.75,6.248052716255188,3.7423088550567623,6.248052716255188,3.7423088550567623,4.995180785655975,1.2528719305992126,6.25,3.75,5.0,1.25
qwen25_72b,52,valenced_nonopposite::affective::016,valenced_nonopposite,affective,valenced,nonopposite,0.4,preference_control,9.625,3.0,9.624932169914246,2.998290419578552,9.624932169914246,2.998290419578552,6.311611294746399,3.3133208751678467,9.625,3.0,6.3125,3.3125
qwen25_72b,52,valenced_nonopposite::affective::016,valenced_nonopposite,affective,valenced,nonopposite,0.6,preference_control,12.0,2.25,11.99999189376831,2.243651509284973,11.99999189376831,2.243651509284973,7.121821701526642,4.878170192241669,12.0,2.25,7.125,4.875
qwen25_72b,52,valenced_nonopposite::affective::016,valenced_nonopposite,affective,valenced,nonopposite,0.8,preference_control,12.875,1.0,12.874993562698364,0.9999979734420776,12.874993562698364,0.9999979734420776,6.937495768070221,5.937497794628143,12.875,1.0,6.9375,5.9375
qwen25_72b,52,valenced_nonopposite::affective::016,valenced_nonopposite,affective,valenced,nonopposite,1.0,preference_control,13.25,-0.5,13.24998915195465,-0.498051643371582,13.24998915195465,-0.498051643371582,6.375968754291534,6.8740203976631165,13.25,-0.5,6.375,6.875
qwen25_72b,52,valenced_nonopposite::affective::017,valenced_nonopposite,affective,valenced,nonopposite,-1.0,preference_control,-14.375,-9.5,-14.374929189682009,-9.4996976852417,-14.374929189682009,-9.4996976852417,-11.937313437461851,-2.437615752220154,-14.375,-9.5,-11.9375,-2.4375
qwen25_72b,52,valenced_nonopposite::affective::017,valenced_nonopposite,affective,valenced,nonopposite,-0.8,preference_control,-14.75,-10.25,-14.749969720840454,-10.249856114387512,-14.749969720840454,-10.249856114387512,-12.499912917613983,-2.250056803226471,-14.75,-10.25,-12.5,-2.25
qwen25_72b,52,valenced_nonopposite::affective::017,valenced_nonopposite,affective,valenced,nonopposite,-0.6,preference_control,-14.5,-10.125,-14.499984979629517,-10.124891877174376,-14.499984979629517,-10.124891877174376,-12.312438428401949,-2.1875465512275696,-14.5,-10.125,-12.3125,-2.1875
qwen25_72b,52,valenced_nonopposite::affective::017,valenced_nonopposite,affective,valenced,nonopposite,-0.4,preference_control,-12.625,-8.875,-12.624987483024595,-8.874819874763489,-12.624987483024595,-8.874819874763489,-10.749903678894045,-1.8750838041305544,-12.625,-8.875,-10.75,-1.875
qwen25_72b,52,valenced_nonopposite::affective::017,valenced_nonopposite,affective,valenced,nonopposite,-0.2,preference_control,-9.5,-6.625,-9.499917268753052,-6.623648762702942,-9.499917268753052,-6.623648762702942,-8.061783015727997,-1.438134253025055,-9.5,-6.625,-8.0625,-1.4375
qwen25_72b,52,valenced_nonopposite::affective::017,valenced_nonopposite,affective,valenced,nonopposite,0.0,preference_control,-6.0,-4.25,-5.997512459754944,-4.235777974128723,-5.997512459754944,-4.235777974128723,-5.1166452169418335,-0.8808672428131104,-6.0,-4.25,-5.125,-0.875
qwen25_72b,52,valenced_nonopposite::affective::017,valenced_nonopposite,affective,valenced,nonopposite,0.2,preference_control,-0.5,-1.25,-0.4980465173721313,-1.248045802116394,-0.4980465173721313,-1.248045802116394,-0.8730461597442627,0.3749996423721313,-0.5,-1.25,-0.875,0.375
qwen25_72b,52,valenced_nonopposite::affective::017,valenced_nonopposite,affective,valenced,nonopposite,0.4,preference_control,5.125,1.25,5.118897199630737,1.248048186302185,5.118897199630737,1.248048186302185,3.183472692966461,1.935424506664276,5.125,1.25,3.1875,1.9375
qwen25_72b,52,valenced_nonopposite::affective::017,valenced_nonopposite,affective,valenced,nonopposite,0.6,preference_control,9.375,2.5,9.374791026115416,2.499024987220764,9.374791026115416,2.499024987220764,5.936908006668091,3.4378830194473267,9.375,2.5,5.9375,3.4375
qwen25_72b,52,valenced_nonopposite::affective::017,valenced_nonopposite,affective,valenced,nonopposite,0.8,preference_control,11.0,2.75,10.999823570251465,2.7502455711364746,10.999823570251465,2.7502455711364746,6.87503457069397,4.124788999557495,11.0,2.75,6.875,4.125
qwen25_72b,52,valenced_nonopposite::affective::017,valenced_nonopposite,affective,valenced,nonopposite,1.0,preference_control,11.25,1.25,11.24982750415802,1.2480486631393433,11.24982750415802,1.2480486631393433,6.248938083648682,5.000889420509338,11.25,1.25,6.25,5.0
qwen25_72b,52,valenced_nonopposite::affective::018,valenced_nonopposite,affective,valenced,nonopposite,-1.0,preference_control,-13.25,-9.875,-13.24999463558197,-9.874866485595703,-13.24999463558197,-9.874866485595703,-11.562430560588837,-1.6875640749931335,-13.25,-9.875,-11.5625,-1.6875
qwen25_72b,52,valenced_nonopposite::affective::018,valenced_nonopposite,affective,valenced,nonopposite,-0.8,preference_control,-13.25,-10.0,-13.249996185302734,-9.999908924102783,-13.249996185302734,-9.999908924102783,-11.62495255470276,-1.6250436305999756,-13.25,-10.0,-11.625,-1.625
qwen25_72b,52,valenced_nonopposite::affective::018,valenced_nonopposite,affective,valenced,nonopposite,-0.6,preference_control,-13.125,-10.0,-13.12499701976776,-9.999937534332275,-13.12499701976776,-9.999937534332275,-11.562467277050018,-1.562529742717743,-13.125,-10.0,-11.5625,-1.5625
qwen25_72b,52,valenced_nonopposite::affective::018,valenced_nonopposite,affective,valenced,nonopposite,-0.4,preference_control,-11.875,-9.125,-11.87499225139618,-9.124878764152529,-11.87499225139618,-9.124878764152529,-10.499935507774351,-1.3750567436218262,-11.875,-9.125,-10.5,-1.375
qwen25_72b,52,valenced_nonopposite::affective::018,valenced_nonopposite,affective,valenced,nonopposite,-0.2,preference_control,-8.75,-7.0,-8.74984073638916,-6.999061465263367,-8.74984073638916,-6.999061465263367,-7.874451100826263,-0.8753896355628967,-8.75,-7.0,-7.875,-0.875
qwen25_72b,52,valenced_nonopposite::affective::018,valenced_nonopposite,affective,valenced,nonopposite,0.0,preference_control,-4.25,-4.5,-4.2358397245407104,-4.488830327987671,-4.2358397245407104,-4.488830327987671,-4.362335026264191,0.1264953017234802,-4.25,-4.5,-4.375,0.125
qwen25_72b,52,valenced_nonopposite::affective::018,valenced_nonopposite,affective,valenced,nonopposite,0.2,preference_control,0.75,-0.75,0.7539063692092896,-0.7519528865814209,0.7539063692092896,-0.7519528865814209,0.0009767413139343,0.7529296278953552,0.75,-0.75,0.0,0.75
qwen25_72b,52,valenced_nonopposite::affective::018,valenced_nonopposite,affective,valenced,nonopposite,0.4,preference_control,4.5,2.75,4.4888917207717896,2.7495118379592896,4.4888917207717896,2.7495118379592896,3.61920177936554,0.86968994140625,4.5,2.75,3.625,0.875
qwen25_72b,52,valenced_nonopposite::affective::018,valenced_nonopposite,affective,valenced,nonopposite,0.6,preference_control,8.0,5.625,7.999647498130798,5.6210023164749146,7.999647498130798,5.6210023164749146,6.810324907302856,1.189322590827942,8.0,5.625,6.8125,1.1875
qwen25_72b,52,valenced_nonopposite::affective::018,valenced_nonopposite,affective,valenced,nonopposite,0.8,preference_control,10.75,7.375,10.749969244003296,7.374187588691711,10.749969244003296,7.374187588691711,9.062078416347504,1.6878908276557922,10.75,7.375,9.0625,1.6875
qwen25_72b,52,valenced_nonopposite::affective::018,valenced_nonopposite,affective,valenced,nonopposite,1.0,preference_control,11.875,8.25,11.874986410140991,8.24966847896576,11.874986410140991,8.24966847896576,10.062327444553375,1.812658965587616,11.875,8.25,10.0625,1.8125
qwen25_72b,52,valenced_nonopposite::affective::019,valenced_nonopposite,affective,valenced,nonopposite,-1.0,preference_control,-6.5,-5.375,-6.49832010269165,-5.370018124580383,-6.49832010269165,-5.370018124580383,-5.934169113636017,-0.5641509890556335,-6.5,-5.375,-5.9375,-0.5625
qwen25_72b,52,valenced_nonopposite::affective::019,valenced_nonopposite,affective,valenced,nonopposite,-0.8,preference_control,-5.875,-4.5,-5.87207818031311,-4.48869788646698,-5.87207818031311,-4.48869788646698,-5.180388033390045,-0.6916901469230652,-5.875,-4.5,-5.1875,-0.6875
qwen25_72b,52,valenced_nonopposite::affective::019,valenced_nonopposite,affective,valenced,nonopposite,-0.6,preference_control,-4.5,-3.0,-4.488884449005127,-2.998034238815308,-4.488884449005127,-2.998034238815308,-3.743459343910217,-0.7454251050949097,-4.5,-3.0,-3.75,-0.75
qwen25_72b,52,valenced_nonopposite::affective::019,valenced_nonopposite,affective,valenced,nonopposite,-0.4,preference_control,-1.75,-1.5,-1.753900170326233,-1.5019409656524658,-1.753900170326233,-1.5019409656524658,-1.6279205679893494,-0.1259796023368835,-1.75,-1.5,-1.625,-0.125
qwen25_72b,52,valenced_nonopposite::affective::019,valenced_nonopposite,affective,valenced,nonopposite,-0.2,preference_control,1.0,0.75,1.000006079673767,0.753921627998352,1.000006079673767,0.753921627998352,0.8769638538360596,0.1230422258377075,1.0,0.75,0.875,0.125
qwen25_72b,52,valenced_nonopposite::affective::019,valenced_nonopposite,affective,valenced,nonopposite,0.0,preference_control,4.75,3.5,4.741400122642517,3.5014798641204834,4.741400122642517,3.5014798641204834,4.1214399933815,0.6199601292610168,4.75,3.5,4.125,0.625
qwen25_72b,52,valenced_nonopposite::affective::019,valenced_nonopposite,affective,valenced,nonopposite,0.2,preference_control,10.375,6.875,10.374966621398926,6.873974084854126,10.374966621398926,6.873974084854126,8.624470353126526,1.7504962682724,10.375,6.875,8.625,1.75
qwen25_72b,52,valenced_nonopposite::affective::019,valenced_nonopposite,affective,valenced,nonopposite,0.4,preference_control,15.25,9.0,15.249996423721312,8.99987804889679,15.249996423721312,8.99987804889679,12.124937236309052,3.125059187412262,15.25,9.0,12.125,3.125
qwen25_72b,52,valenced_nonopposite::affective::019,valenced_nonopposite,affective,valenced,nonopposite,0.6,preference_control,18.0,9.75,17.999996185302734,9.749936699867249,17.999996185302734,9.749936699867249,13.874966442584991,4.125029742717743,18.0,9.75,13.875,4.125
qwen25_72b,52,valenced_nonopposite::affective::019,valenced_nonopposite,affective,valenced,nonopposite,0.8,preference_control,18.25,9.75,18.249991178512573,9.749932408332825,18.249991178512573,9.749932408332825,13.9999617934227,4.250029385089874,18.25,9.75,14.0,4.25
qwen25_72b,52,valenced_nonopposite::affective::019,valenced_nonopposite,affective,valenced,nonopposite,1.0,preference_control,17.5,9.125,17.499990940093994,9.124877452850342,17.499990940093994,9.124877452850342,13.312434196472168,4.187556743621826,17.5,9.125,13.3125,4.1875
qwen25_72b,52,valenced_nonopposite::deontic::000,valenced_nonopposite,deontic,valenced,nonopposite,-1.0,preference_control,-9.5,-5.75,-9.498672485351562,-5.745208740234375,-9.498672485351562,-5.745208740234375,-7.621940612792969,-1.8767318725585935,-9.5,-5.75,-7.625,-1.875
qwen25_72b,52,valenced_nonopposite::deontic::000,valenced_nonopposite,deontic,valenced,nonopposite,-0.8,preference_control,-9.75,-6.125,-9.74924099445343,-6.1220703125,-9.74924099445343,-6.1220703125,-7.935655653476715,-1.813585340976715,-9.75,-6.125,-7.9375,-1.8125
qwen25_72b,52,valenced_nonopposite::deontic::000,valenced_nonopposite,deontic,valenced,nonopposite,-0.6,preference_control,-9.625,-6.375,-9.624519348144531,-6.373001217842102,-9.624519348144531,-6.373001217842102,-7.998760282993317,-1.6257590651512146,-9.625,-6.375,-8.0,-1.625
qwen25_72b,52,valenced_nonopposite::deontic::000,valenced_nonopposite,deontic,valenced,nonopposite,-0.4,preference_control,-9.0,-6.125,-8.999549746513367,-6.122604250907898,-8.999549746513367,-6.122604250907898,-7.561076998710632,-1.4384727478027344,-9.0,-6.125,-7.5625,-1.4375
qwen25_72b,52,valenced_nonopposite::deontic::000,valenced_nonopposite,deontic,valenced,nonopposite,-0.2,preference_control,-7.375,-5.75,-7.373916387557983,-5.74664306640625,-7.373916387557983,-5.74664306640625,-6.560279726982117,-0.8136366605758667,-7.375,-5.75,-6.5625,-0.8125
qwen25_72b,52,valenced_nonopposite::deontic::000,valenced_nonopposite,deontic,valenced,nonopposite,0.0,preference_control,-4.75,-5.0,-4.740356087684631,-4.993011474609375,-4.740356087684631,-4.993011474609375,-4.866683781147003,0.1263276934623718,-4.75,-5.0,-4.875,0.125
qwen25_72b,52,valenced_nonopposite::deontic::000,valenced_nonopposite,deontic,valenced,nonopposite,0.2,preference_control,1.0,-3.0,0.9980472326278688,-2.997802734375,0.9980472326278688,-2.997802734375,-0.9998777508735656,1.9979249835014343,1.0,-3.0,-1.0,2.0
qwen25_72b,52,valenced_nonopposite::deontic::000,valenced_nonopposite,deontic,valenced,nonopposite,0.4,preference_control,6.0,0.0,5.997467398643494,0.0,5.997467398643494,0.0,2.998733699321747,2.998733699321747,6.0,0.0,3.0,3.0
qwen25_72b,52,valenced_nonopposite::deontic::000,valenced_nonopposite,deontic,valenced,nonopposite,0.6,preference_control,10.5,3.75,10.499971866607666,3.7423096895217896,10.499971866607666,3.7423096895217896,7.121140778064728,3.3788310885429382,10.5,3.75,7.125,3.375
qwen25_72b,52,valenced_nonopposite::deontic::000,valenced_nonopposite,deontic,valenced,nonopposite,0.8,preference_control,13.25,6.5,13.249998211860657,6.4984893798828125,13.249998211860657,6.4984893798828125,9.874243795871736,3.375754415988922,13.25,6.5,9.875,3.375
qwen25_72b,52,valenced_nonopposite::deontic::000,valenced_nonopposite,deontic,valenced,nonopposite,1.0,preference_control,14.375,7.5,14.374999403953552,7.499446868896484,14.374999403953552,7.499446868896484,10.937223136425018,3.437776267528534,14.375,7.5,10.9375,3.4375
qwen25_72b,52,valenced_nonopposite::deontic::001,valenced_nonopposite,deontic,valenced,nonopposite,-1.0,preference_control,-3.625,-1.875,-3.625963568687439,-1.8798813819885252,-3.625963568687439,-1.8798813819885252,-2.752922475337982,-0.8730410933494568,-3.625,-1.875,-2.75,-0.875
qwen25_72b,52,valenced_nonopposite::deontic::001,valenced_nonopposite,deontic,valenced,nonopposite,-0.8,preference_control,-3.5,-1.625,-3.503159046173096,-1.626951813697815,-3.503159046173096,-1.626951813697815,-2.5650554299354558,-0.9381036162376404,-3.5,-1.625,-2.5625,-0.9375
qwen25_72b,52,valenced_nonopposite::deontic::001,valenced_nonopposite,deontic,valenced,nonopposite,-0.6,preference_control,-3.375,-1.5,-3.379866123199463,-1.4999985694885254,-3.379866123199463,-1.4999985694885254,-2.439932346343994,-0.9399337768554688,-3.375,-1.5,-2.4375,-0.9375
qwen25_72b,52,valenced_nonopposite::deontic::001,valenced_nonopposite,deontic,valenced,nonopposite,-0.4,preference_control,-2.75,-1.5,-2.744609951972961,-1.4999984502792358,-2.744609951972961,-1.4999984502792358,-2.122304201126098,-0.6223057508468628,-2.75,-1.5,-2.125,-0.625
qwen25_72b,52,valenced_nonopposite::deontic::001,valenced_nonopposite,deontic,valenced,nonopposite,-0.2,preference_control,-1.75,-1.0,-1.7489959001541138,-1.0019512176513672,-1.7489959001541138,-1.0019512176513672,-1.3754735589027405,-0.3735223412513733,-1.75,-1.0,-1.375,-0.375
qwen25_72b,52,valenced_nonopposite::deontic::001,valenced_nonopposite,deontic,valenced,nonopposite,0.0,preference_control,-0.125,-0.375,-0.124948501586914,-0.3749970197677612,-0.124948501586914,-0.3749970197677612,-0.2499727606773376,0.1250242590904235,-0.125,-0.375,-0.25,0.125
qwen25_72b,52,valenced_nonopposite::deontic::001,valenced_nonopposite,deontic,valenced,nonopposite,0.2,preference_control,2.375,0.625,2.379534721374512,0.6250048875808716,2.379534721374512,0.6250048875808716,1.5022698044776917,0.8772649168968201,2.375,0.625,1.5,0.875
qwen25_72b,52,valenced_nonopposite::deontic::001,valenced_nonopposite,deontic,valenced,nonopposite,0.4,preference_control,4.625,1.75,4.615235328674316,1.7539117336273191,4.615235328674316,1.7539117336273191,3.184573531150818,1.4306617975234983,4.625,1.75,3.1875,1.4375
qwen25_72b,52,valenced_nonopposite::deontic::001,valenced_nonopposite,deontic,valenced,nonopposite,0.6,preference_control,6.75,3.0,6.7488322257995605,2.9982928037643437,6.7488322257995605,2.9982928037643437,4.873562514781952,1.8752697110176089,6.75,3.0,4.875,1.875
qwen25_72b,52,valenced_nonopposite::deontic::001,valenced_nonopposite,deontic,valenced,nonopposite,0.8,preference_control,8.25,3.5,8.249739170074463,3.501465439796448,8.249739170074463,3.501465439796448,5.875602304935455,2.374136865139008,8.25,3.5,5.875,2.375
qwen25_72b,52,valenced_nonopposite::deontic::001,valenced_nonopposite,deontic,valenced,nonopposite,1.0,preference_control,8.875,2.75,8.874857544898987,2.7504886388778687,8.874857544898987,2.7504886388778687,5.812673091888428,3.062184453010559,8.875,2.75,5.8125,3.0625
qwen25_72b,52,valenced_nonopposite::deontic::002,valenced_nonopposite,deontic,valenced,nonopposite,-1.0,preference_control,-8.5,-1.75,-8.489809513092041,-1.750974178314209,-8.489809513092041,-1.750974178314209,-5.120391845703125,-3.369417667388916,-8.5,-1.75,-5.125,-3.375
qwen25_72b,52,valenced_nonopposite::deontic::002,valenced_nonopposite,deontic,valenced,nonopposite,-0.8,preference_control,-8.75,-1.875,-8.746466636657715,-1.876944184303284,-8.746466636657715,-1.876944184303284,-5.311705410480499,-3.434761226177216,-8.75,-1.875,-5.3125,-3.4375
qwen25_72b,52,valenced_nonopposite::deontic::002,valenced_nonopposite,deontic,valenced,nonopposite,-0.6,preference_control,-8.5,-1.875,-8.498587608337402,-1.874983310699463,-8.498587608337402,-1.874983310699463,-5.186785459518433,-3.3118021488189697,-8.5,-1.875,-5.1875,-3.3125
qwen25_72b,52,valenced_nonopposite::deontic::002,valenced_nonopposite,deontic,valenced,nonopposite,-0.4,preference_control,-8.0,-1.75,-7.999186038970947,-1.747035026550293,-7.999186038970947,-1.747035026550293,-4.87311053276062,-3.126075506210327,-8.0,-1.75,-4.875,-3.125
qwen25_72b,52,valenced_nonopposite::deontic::002,valenced_nonopposite,deontic,valenced,nonopposite,-0.2,preference_control,-7.25,-1.0,-7.249074935913086,-1.0018949508666992,-7.249074935913086,-1.0018949508666992,-4.125484943389893,-3.1235899925231934,-7.25,-1.0,-4.125,-3.125
qwen25_72b,52,valenced_nonopposite::deontic::002,valenced_nonopposite,deontic,valenced,nonopposite,0.0,preference_control,-5.375,0.0,-5.370177507400513,8.487701416015625e-05,-5.370177507400513,8.487701416015625e-05,-2.6850463151931763,-2.6851311922073364,-5.375,0.0,-2.6875,-2.6875
qwen25_72b,52,valenced_nonopposite::deontic::002,valenced_nonopposite,deontic,valenced,nonopposite,0.2,preference_control,-2.5,1.5,-2.499006748199463,1.5010852813720703,-2.499006748199463,1.5010852813720703,-0.4989607334136963,-2.0000460147857666,-2.5,1.5,-0.5,-2.0
qwen25_72b,52,valenced_nonopposite::deontic::002,valenced_nonopposite,deontic,valenced,nonopposite,0.4,preference_control,0.75,2.5,0.753913164138794,2.499089241027832,0.753913164138794,2.499089241027832,1.626501202583313,-0.872588038444519,0.75,2.5,1.625,-0.875
qwen25_72b,52,valenced_nonopposite::deontic::002,valenced_nonopposite,deontic,valenced,nonopposite,0.6,preference_control,3.0,3.5,2.998292565345764,3.501486301422119,2.998292565345764,3.501486301422119,3.2498894333839417,-0.2515968680381775,3.0,3.5,3.25,-0.25
qwen25_72b,52,valenced_nonopposite::deontic::002,valenced_nonopposite,deontic,valenced,nonopposite,0.8,preference_control,4.5,3.75,4.488952994346619,3.742432594299317,4.488952994346619,3.742432594299317,4.115692794322968,0.3732602000236511,4.5,3.75,4.125,0.375
qwen25_72b,52,valenced_nonopposite::deontic::002,valenced_nonopposite,deontic,valenced,nonopposite,1.0,preference_control,5.0,3.25,4.9932861328125,3.2431640625,4.9932861328125,3.2431640625,4.11822509765625,0.87506103515625,5.0,3.25,4.125,0.875
qwen25_72b,52,valenced_nonopposite::deontic::003,valenced_nonopposite,deontic,valenced,nonopposite,-1.0,preference_control,-7.5,2.625,-7.61669921875,2.630859375,-7.61669921875,2.630859375,-2.492919921875,-5.123779296875,-7.5,2.625,-2.4375,-5.0625
qwen25_72b,52,valenced_nonopposite::deontic::003,valenced_nonopposite,deontic,valenced,nonopposite,-0.8,preference_control,-7.875,2.25,-7.8819580078125,2.2548828125,-7.8819580078125,2.2548828125,-2.81353759765625,-5.06842041015625,-7.875,2.25,-2.8125,-5.0625
qwen25_72b,52,valenced_nonopposite::deontic::003,valenced_nonopposite,deontic,valenced,nonopposite,-0.6,preference_control,-7.75,2.0,-7.48797607421875,1.8681640625,-7.48797607421875,1.8681640625,-2.809906005859375,-4.678070068359375,-7.75,2.0,-2.875,-4.875
qwen25_72b,52,valenced_nonopposite::deontic::003,valenced_nonopposite,deontic,valenced,nonopposite,-0.4,preference_control,-7.125,1.75,-6.994781494140625,1.75,-6.994781494140625,1.75,-2.6223907470703125,-4.3723907470703125,-7.125,1.75,-2.6875,-4.4375
qwen25_72b,52,valenced_nonopposite::deontic::003,valenced_nonopposite,deontic,valenced,nonopposite,-0.2,preference_control,-5.25,2.375,-5.24127197265625,2.1171875,-5.24127197265625,2.1171875,-1.562042236328125,-3.679229736328125,-5.25,2.375,-1.4375,-3.8125
qwen25_72b,52,valenced_nonopposite::deontic::003,valenced_nonopposite,deontic,valenced,nonopposite,0.0,preference_control,-2.25,2.625,-2.25537109375,2.63134765625,-2.25537109375,2.63134765625,0.18798828125,-2.443359375,-2.25,2.625,0.1875,-2.4375
qwen25_72b,52,valenced_nonopposite::deontic::003,valenced_nonopposite,deontic,valenced,nonopposite,0.2,preference_control,2.75,4.25,2.74951171875,4.23529052734375,2.74951171875,4.23529052734375,3.492401123046875,-0.742889404296875,2.75,4.25,3.5,-0.75
qwen25_72b,52,valenced_nonopposite::deontic::003,valenced_nonopposite,deontic,valenced,nonopposite,0.4,preference_control,6.875,5.5,6.998954772949219,5.495697021484375,6.998954772949219,5.495697021484375,6.247325897216797,0.7516288757324219,6.875,5.5,6.1875,0.6875
qwen25_72b,52,valenced_nonopposite::deontic::003,valenced_nonopposite,deontic,valenced,nonopposite,0.6,preference_control,9.25,6.25,9.49986457824707,5.9973907470703125,9.49986457824707,5.9973907470703125,7.748627662658691,1.751236915588379,9.25,6.25,7.75,1.5
qwen25_72b,52,valenced_nonopposite::deontic::003,valenced_nonopposite,deontic,valenced,nonopposite,0.8,preference_control,10.625,5.75,10.749946117401125,5.9974517822265625,10.749946117401125,5.9974517822265625,8.373698949813843,2.3762471675872803,10.625,5.75,8.1875,2.4375
qwen25_72b,52,valenced_nonopposite::deontic::003,valenced_nonopposite,deontic,valenced,nonopposite,1.0,preference_control,10.5,4.75,10.624953269958496,4.7413330078125,10.624953269958496,4.7413330078125,7.683143138885498,2.941810131072998,10.5,4.75,7.625,2.875
qwen25_72b,52,valenced_nonopposite::deontic::004,valenced_nonopposite,deontic,valenced,nonopposite,-1.0,preference_control,-11.875,-5.625,-11.874760031700134,-5.611082673072815,-11.874760031700134,-5.611082673072815,-8.742921352386475,-3.13183867931366,-11.875,-5.625,-8.75,-3.125
qwen25_72b,52,valenced_nonopposite::deontic::004,valenced_nonopposite,deontic,valenced,nonopposite,-0.8,preference_control,-12.75,-6.375,-12.749925971031187,-6.3700244426727295,-12.749925971031187,-6.3700244426727295,-9.55997520685196,-3.1899507641792297,-12.75,-6.375,-9.5625,-3.1875
qwen25_72b,52,valenced_nonopposite::deontic::004,valenced_nonopposite,deontic,valenced,nonopposite,-0.6,preference_control,-13.0,-6.75,-12.999978065490724,-6.747633934020996,-12.999978065490724,-6.747633934020996,-9.87380599975586,-3.1261720657348637,-13.0,-6.75,-9.875,-3.125
qwen25_72b,52,valenced_nonopposite::deontic::004,valenced_nonopposite,deontic,valenced,nonopposite,-0.4,preference_control,-12.75,-6.625,-12.749990224838257,-6.62308406829834,-12.749990224838257,-6.62308406829834,-9.686537146568298,-3.0634530782699585,-12.75,-6.625,-9.6875,-3.0625
qwen25_72b,52,valenced_nonopposite::deontic::004,valenced_nonopposite,deontic,valenced,nonopposite,-0.2,preference_control,-11.0,-5.625,-10.99997866153717,-5.620818257331848,-10.99997866153717,-5.620818257331848,-8.31039845943451,-2.689580202102661,-11.0,-5.625,-8.3125,-2.6875
qwen25_72b,52,valenced_nonopposite::deontic::004,valenced_nonopposite,deontic,valenced,nonopposite,0.0,preference_control,-7.25,-3.375,-7.249281883239746,-3.371336936950684,-7.249281883239746,-3.371336936950684,-5.310309410095215,-1.9389724731445312,-7.25,-3.375,-5.3125,-1.9375
qwen25_72b,52,valenced_nonopposite::deontic::004,valenced_nonopposite,deontic,valenced,nonopposite,0.2,preference_control,-1.5,0.25,-1.5019521713256836,0.2500011920928955,-1.5019521713256836,0.2500011920928955,-0.625975489616394,-0.8759766817092896,-1.5,0.25,-0.625,-0.875
qwen25_72b,52,valenced_nonopposite::deontic::004,valenced_nonopposite,deontic,valenced,nonopposite,0.4,preference_control,2.75,3.75,2.750489354133606,3.757691740989685,2.750489354133606,3.757691740989685,3.254090547561645,-0.5036011934280396,2.75,3.75,3.25,-0.5
qwen25_72b,52,valenced_nonopposite::deontic::004,valenced_nonopposite,deontic,valenced,nonopposite,0.6,preference_control,6.75,6.375,6.7487887144088745,6.373185992240906,6.7487887144088745,6.373185992240906,6.56098735332489,0.1878013610839843,6.75,6.375,6.5625,0.1875
qwen25_72b,52,valenced_nonopposite::deontic::004,valenced_nonopposite,deontic,valenced,nonopposite,0.8,preference_control,9.125,7.75,9.124862432479858,7.749502658843994,9.124862432479858,7.749502658843994,8.437182545661926,0.6876798868179321,9.125,7.75,8.4375,0.6875
qwen25_72b,52,valenced_nonopposite::deontic::004,valenced_nonopposite,deontic,valenced,nonopposite,1.0,preference_control,10.5,8.125,10.499945521354675,8.124653458595276,10.499945521354675,8.124653458595276,9.312299489974976,1.1876460313796997,10.5,8.125,9.3125,1.1875
qwen25_72b,52,valenced_nonopposite::deontic::005,valenced_nonopposite,deontic,valenced,nonopposite,-1.0,preference_control,-4.25,-1.5,-4.248050332069397,-1.503908395767212,-4.248050332069397,-1.503908395767212,-2.8759793639183044,-1.3720709681510923,-4.25,-1.5,-2.875,-1.375
qwen25_72b,52,valenced_nonopposite::deontic::005,valenced_nonopposite,deontic,valenced,nonopposite,-0.8,preference_control,-4.125,-1.75,-4.140141010284424,-1.74804949760437,-4.140141010284424,-1.74804949760437,-2.944095253944397,-1.1960457563400269,-4.125,-1.75,-2.9375,-1.1875
qwen25_72b,52,valenced_nonopposite::deontic::005,valenced_nonopposite,deontic,valenced,nonopposite,-0.6,preference_control,-3.75,-1.75,-3.7517149448394775,-1.7519572973251345,-3.7517149448394775,-1.7519572973251345,-2.751836121082306,-0.9998788237571716,-3.75,-1.75,-2.75,-1.0
qwen25_72b,52,valenced_nonopposite::deontic::005,valenced_nonopposite,deontic,valenced,nonopposite,-0.4,preference_control,-3.25,-2.0,-3.243415355682373,-1.9941471815109253,-3.243415355682373,-1.9941471815109253,-2.618781268596649,-0.6246340870857239,-3.25,-2.0,-2.625,-0.625
qwen25_72b,52,valenced_nonopposite::deontic::005,valenced_nonopposite,deontic,valenced,nonopposite,-0.2,preference_control,-2.0,-2.0,-2.0009822845458984,-2.0000088214874268,-2.0009822845458984,-2.0000088214874268,-2.0004955530166626,-0.0004867315292358,-2.0,-2.0,-2.0,0.0
qwen25_72b,52,valenced_nonopposite::deontic::005,valenced_nonopposite,deontic,valenced,nonopposite,0.0,preference_control,0.0,-1.5,-2.7418136596679688e-06,-1.4980583190917969,-2.7418136596679688e-06,-1.4980583190917969,-0.7490305304527283,0.7490277886390686,0.0,-1.5,-0.75,0.75
qwen25_72b,52,valenced_nonopposite::deontic::005,valenced_nonopposite,deontic,valenced,nonopposite,0.2,preference_control,3.25,0.25,3.257567405700684,0.2499922513961792,3.257567405700684,0.2499922513961792,1.7537798285484314,1.5037875771522522,3.25,0.25,1.75,1.5
qwen25_72b,52,valenced_nonopposite::deontic::005,valenced_nonopposite,deontic,valenced,nonopposite,0.4,preference_control,7.5,2.5,7.499404788017273,2.4985331296920776,7.499404788017273,2.4985331296920776,4.998968958854675,2.5004358291625977,7.5,2.5,5.0,2.5
qwen25_72b,52,valenced_nonopposite::deontic::005,valenced_nonopposite,deontic,valenced,nonopposite,0.6,preference_control,10.625,4.0,10.624974846839905,4.01306140422821,10.624974846839905,4.01306140422821,7.319018125534058,3.305956721305847,10.625,4.0,7.3125,3.3125
qwen25_72b,52,valenced_nonopposite::deontic::005,valenced_nonopposite,deontic,valenced,nonopposite,0.8,preference_control,12.75,5.0,12.749997973442078,4.9932557344436646,12.749997973442078,4.9932557344436646,8.871626853942871,3.878371119499207,12.75,5.0,8.875,3.875
qwen25_72b,52,valenced_nonopposite::deontic::005,valenced_nonopposite,deontic,valenced,nonopposite,1.0,preference_control,13.125,5.0,13.125001430511476,4.993286848068237,13.125001430511476,4.993286848068237,9.059144139289856,4.065857291221619,13.125,5.0,9.0625,4.0625
qwen25_72b,52,valenced_nonopposite::deontic::006,valenced_nonopposite,deontic,valenced,nonopposite,-1.0,preference_control,-11.75,-7.0,-11.7291259765625,-6.986328125,-11.7291259765625,-6.986328125,-9.35772705078125,-2.37139892578125,-11.75,-7.0,-9.375,-2.375
qwen25_72b,52,valenced_nonopposite::deontic::006,valenced_nonopposite,deontic,valenced,nonopposite,-0.8,preference_control,-12.125,-8.0,-12.11224365234375,-7.994140625,-12.11224365234375,-7.994140625,-10.053192138671877,-2.059051513671875,-12.125,-8.0,-10.0625,-2.0625
qwen25_72b,52,valenced_nonopposite::deontic::006,valenced_nonopposite,deontic,valenced,nonopposite,-0.6,preference_control,-12.625,-8.875,-12.620208740234377,-8.8701171875,-12.620208740234377,-8.8701171875,-10.745162963867188,-1.8750457763671875,-12.625,-8.875,-10.75,-1.875
qwen25_72b,52,valenced_nonopposite::deontic::006,valenced_nonopposite,deontic,valenced,nonopposite,-0.4,preference_control,-12.0,-9.625,-11.99761962890625,-9.648193359375,-11.99761962890625,-9.648193359375,-10.822906494140623,-1.174713134765625,-12.0,-9.625,-10.8125,-1.1875
qwen25_72b,52,valenced_nonopposite::deontic::006,valenced_nonopposite,deontic,valenced,nonopposite,-0.2,preference_control,-10.75,-9.125,-10.749256134033203,-9.113037109375,-10.749256134033203,-9.113037109375,-9.931146621704102,-0.8181095123291016,-10.75,-9.125,-9.9375,-0.8125
qwen25_72b,52,valenced_nonopposite::deontic::006,valenced_nonopposite,deontic,valenced,nonopposite,0.0,preference_control,-7.75,-7.375,-7.7490386962890625,-7.368682861328125,-7.7490386962890625,-7.368682861328125,-7.558860778808594,-0.1901779174804687,-7.75,-7.375,-7.5625,-0.1875
qwen25_72b,52,valenced_nonopposite::deontic::006,valenced_nonopposite,deontic,valenced,nonopposite,0.2,preference_control,-3.25,-4.75,-3.24267578125,-4.74017333984375,-3.24267578125,-4.74017333984375,-3.991424560546875,0.748748779296875,-3.25,-4.75,-4.0,0.75
qwen25_72b,52,valenced_nonopposite::deontic::006,valenced_nonopposite,deontic,valenced,nonopposite,0.4,preference_control,1.5,-1.75,1.501953125,-1.75390625,1.501953125,-1.75390625,-0.1259765625,1.6279296875,1.5,-1.75,-0.125,1.625
qwen25_72b,52,valenced_nonopposite::deontic::006,valenced_nonopposite,deontic,valenced,nonopposite,0.6,preference_control,6.125,0.75,6.122802734375,0.7539063692092896,6.122802734375,0.7539063692092896,3.4383545517921448,2.6844481825828552,6.125,0.75,3.4375,2.6875
qwen25_72b,52,valenced_nonopposite::deontic::006,valenced_nonopposite,deontic,valenced,nonopposite,0.8,preference_control,9.375,2.5,9.37491226196289,2.4990235567092896,9.37491226196289,2.4990235567092896,5.93696790933609,3.4379443526268005,9.375,2.5,5.9375,3.4375
qwen25_72b,52,valenced_nonopposite::deontic::006,valenced_nonopposite,deontic,valenced,nonopposite,1.0,preference_control,11.375,3.5,11.374986052513124,3.5014649629592896,11.374986052513124,3.5014649629592896,7.438225507736206,3.936760544776917,11.375,3.5,7.4375,3.9375
qwen25_72b,52,valenced_nonopposite::deontic::007,valenced_nonopposite,deontic,valenced,nonopposite,-1.0,preference_control,0.75,9.0,0.7499998807907104,8.998565673828125,0.7499998807907104,8.998565673828125,4.874282777309418,-4.124282896518707,0.75,9.0,4.875,-4.125
qwen25_72b,52,valenced_nonopposite::deontic::007,valenced_nonopposite,deontic,valenced,nonopposite,-0.8,preference_control,1.5,9.625,1.4999998807907104,9.623794555664062,1.4999998807907104,9.623794555664062,5.5618972182273865,-4.061897337436676,1.5,9.625,5.5625,-4.0625
qwen25_72b,52,valenced_nonopposite::deontic::007,valenced_nonopposite,deontic,valenced,nonopposite,-0.6,preference_control,2.25,9.75,2.2578123807907104,9.748893737792969,2.2578123807907104,9.748893737792969,6.00335305929184,-3.745540678501129,2.25,9.75,6.0,-3.75
qwen25_72b,52,valenced_nonopposite::deontic::007,valenced_nonopposite,deontic,valenced,nonopposite,-0.4,preference_control,3.0,9.25,2.997314453125,9.2489013671875,2.997314453125,9.2489013671875,6.12310791015625,-3.12579345703125,3.0,9.25,6.125,-3.125
qwen25_72b,52,valenced_nonopposite::deontic::007,valenced_nonopposite,deontic,valenced,nonopposite,-0.2,preference_control,3.875,8.625,3.8691405057907104,8.623733520507812,3.8691405057907104,8.623733520507812,6.2464370131492615,-2.377296507358551,3.875,8.625,6.25,-2.375
qwen25_72b,52,valenced_nonopposite::deontic::007,valenced_nonopposite,deontic,valenced,nonopposite,0.0,preference_control,5.0,8.25,4.9925537109375,8.248680114746094,4.9925537109375,8.248680114746094,6.620616912841797,-1.6280632019042969,5.0,8.25,6.625,-1.625
qwen25_72b,52,valenced_nonopposite::deontic::007,valenced_nonopposite,deontic,valenced,nonopposite,0.2,preference_control,6.875,7.625,6.873260498046875,7.623313903808594,6.873260498046875,7.623313903808594,7.248287200927734,-0.3750267028808594,6.875,7.625,7.25,-0.375
qwen25_72b,52,valenced_nonopposite::deontic::007,valenced_nonopposite,deontic,valenced,nonopposite,0.4,preference_control,8.5,7.25,8.49911105632782,7.247756958007812,8.49911105632782,7.247756958007812,7.873434007167816,0.6256770491600037,8.5,7.25,7.875,0.625
qwen25_72b,52,valenced_nonopposite::deontic::007,valenced_nonopposite,deontic,valenced,nonopposite,0.6,preference_control,9.75,7.25,9.749267578125,7.247360110282898,9.749267578125,7.247360110282898,8.498313844203949,1.250953733921051,9.75,7.25,8.5,1.25
qwen25_72b,52,valenced_nonopposite::deontic::007,valenced_nonopposite,deontic,valenced,nonopposite,0.8,preference_control,10.375,7.375,10.374217867851256,7.372878909111023,10.374217867851256,7.372878909111023,8.87354838848114,1.5006694793701172,10.375,7.375,8.875,1.5
qwen25_72b,52,valenced_nonopposite::deontic::007,valenced_nonopposite,deontic,valenced,nonopposite,1.0,preference_control,10.875,7.0,10.874244689941406,6.997405886650085,10.874244689941406,6.997405886650085,8.935825288295746,1.9384194016456604,10.875,7.0,8.9375,1.9375
qwen25_72b,52,valenced_nonopposite::deontic::008,valenced_nonopposite,deontic,valenced,nonopposite,-1.0,preference_control,-10.625,-4.375,-10.624218940734863,-4.388435482978821,-10.624218940734863,-4.388435482978821,-7.506327211856842,-3.117891728878021,-10.625,-4.375,-7.5,-3.125
qwen25_72b,52,valenced_nonopposite::deontic::008,valenced_nonopposite,deontic,valenced,nonopposite,-0.8,preference_control,-11.75,-4.875,-11.749734282493591,-4.864610910415649,-11.749734282493591,-4.864610910415649,-8.30717259645462,-3.442561686038971,-11.75,-4.875,-8.3125,-3.4375
qwen25_72b,52,valenced_nonopposite::deontic::008,valenced_nonopposite,deontic,valenced,nonopposite,-0.6,preference_control,-12.25,-5.375,-12.249807000160216,-5.369147777557373,-12.249807000160216,-5.369147777557373,-8.809477388858795,-3.440329611301422,-12.25,-5.375,-8.8125,-3.4375
qwen25_72b,52,valenced_nonopposite::deontic::008,valenced_nonopposite,deontic,valenced,nonopposite,-0.4,preference_control,-12.125,-5.375,-12.124634385108948,-5.369770526885986,-12.124634385108948,-5.369770526885986,-8.747202455997467,-3.3774319291114807,-12.125,-5.375,-8.75,-3.375
qwen25_72b,52,valenced_nonopposite::deontic::008,valenced_nonopposite,deontic,valenced,nonopposite,-0.2,preference_control,-11.25,-5.0,-11.249342679977415,-4.992713451385498,-11.249342679977415,-4.992713451385498,-8.121028065681458,-3.1283146142959595,-11.25,-5.0,-8.125,-3.125
qwen25_72b,52,valenced_nonopposite::deontic::008,valenced_nonopposite,deontic,valenced,nonopposite,0.0,preference_control,-9.0,-3.75,-8.999056339263916,-3.757323622703552,-8.999056339263916,-3.757323622703552,-6.378189980983734,-2.620866358280182,-9.0,-3.75,-6.375,-2.625
qwen25_72b,52,valenced_nonopposite::deontic::008,valenced_nonopposite,deontic,valenced,nonopposite,0.2,preference_control,-3.5,-1.5,-3.5002983808517456,-1.5008329153060913,-3.5002983808517456,-1.5008329153060913,-2.5005656480789185,-0.9997327327728271,-3.5,-1.5,-2.5,-1.0
qwen25_72b,52,valenced_nonopposite::deontic::008,valenced_nonopposite,deontic,valenced,nonopposite,0.4,preference_control,2.0,1.5,1.9983417987823489,1.5019679069519043,1.9983417987823489,1.5019679069519043,1.7501548528671265,0.2481869459152221,2.0,1.5,1.75,0.25
qwen25_72b,52,valenced_nonopposite::deontic::008,valenced_nonopposite,deontic,valenced,nonopposite,0.6,preference_control,6.5,4.25,6.498518109321594,4.235834717750549,6.498518109321594,4.235834717750549,5.367176413536072,1.1313416957855225,6.5,4.25,5.375,1.125
qwen25_72b,52,valenced_nonopposite::deontic::008,valenced_nonopposite,deontic,valenced,nonopposite,0.8,preference_control,9.75,6.5,9.749942302703856,6.498491525650024,9.749942302703856,6.498491525650024,8.124216914176941,1.6257253885269165,9.75,6.5,8.125,1.625
qwen25_72b,52,valenced_nonopposite::deontic::008,valenced_nonopposite,deontic,valenced,nonopposite,1.0,preference_control,11.25,7.5,11.249986290931702,7.499440670013428,11.249986290931702,7.499440670013428,9.374713480472565,1.875272810459137,11.25,7.5,9.375,1.875
qwen25_72b,52,valenced_nonopposite::deontic::009,valenced_nonopposite,deontic,valenced,nonopposite,-1.0,preference_control,-1.75,8.125,-1.746093988418579,8.119232058525085,-1.746093988418579,8.119232058525085,3.186569035053253,-4.932663023471832,-1.75,8.125,3.1875,-4.9375
qwen25_72b,52,valenced_nonopposite::deontic::009,valenced_nonopposite,deontic,valenced,nonopposite,-0.8,preference_control,-1.75,8.125,-1.751953363418579,8.121322512626648,-1.751953363418579,8.121322512626648,3.1846845746040344,-4.9366379380226135,-1.75,8.125,3.1875,-4.9375
qwen25_72b,52,valenced_nonopposite::deontic::009,valenced_nonopposite,deontic,valenced,nonopposite,-0.6,preference_control,-1.25,7.0,-1.251953363418579,6.99597156047821,-1.251953363418579,6.99597156047821,2.872009098529816,-4.123962461948395,-1.25,7.0,2.875,-4.125
qwen25_72b,52,valenced_nonopposite::deontic::009,valenced_nonopposite,deontic,valenced,nonopposite,-0.4,preference_control,-0.5,6.125,-0.5000002384185791,6.1208189725875854,-0.5000002384185791,6.1208189725875854,2.810409367084503,-3.3104096055030823,-0.5,6.125,2.8125,-3.3125
qwen25_72b,52,valenced_nonopposite::deontic::009,valenced_nonopposite,deontic,valenced,nonopposite,-0.2,preference_control,0.5,5.375,0.4999996423721313,5.36926257610321,0.4999996423721313,5.36926257610321,2.934631109237671,-2.43463146686554,0.5,5.375,2.9375,-2.4375
qwen25_72b,52,valenced_nonopposite::deontic::009,valenced_nonopposite,deontic,valenced,nonopposite,0.0,preference_control,2.5,5.25,2.498534679412842,5.24420154094696,2.498534679412842,5.24420154094696,3.871368110179901,-1.372833430767059,2.5,5.25,3.875,-1.375
qwen25_72b,52,valenced_nonopposite::deontic::009,valenced_nonopposite,deontic,valenced,nonopposite,0.2,preference_control,5.25,5.875,5.244720101356506,5.871993899345398,5.244720101356506,5.871993899345398,5.558357000350952,-0.3136368989944458,5.25,5.875,5.5625,-0.3125
qwen25_72b,52,valenced_nonopposite::deontic::009,valenced_nonopposite,deontic,valenced,nonopposite,0.4,preference_control,7.625,7.25,7.624496221542358,7.249217867851257,7.624496221542358,7.249217867851257,7.436857044696808,0.1876391768455505,7.625,7.25,7.4375,0.1875
qwen25_72b,52,valenced_nonopposite::deontic::009,valenced_nonopposite,deontic,valenced,nonopposite,0.6,preference_control,9.125,8.0,9.124879121780396,7.999622225761414,9.124879121780396,7.999622225761414,8.562250673770905,0.562628448009491,9.125,8.0,8.5625,0.5625
qwen25_72b,52,valenced_nonopposite::deontic::009,valenced_nonopposite,deontic,valenced,nonopposite,0.8,preference_control,9.75,7.625,9.74992823600769,7.6244810819625854,9.74992823600769,7.6244810819625854,8.687204658985138,1.0627235770225525,9.75,7.625,8.6875,1.0625
qwen25_72b,52,valenced_nonopposite::deontic::009,valenced_nonopposite,deontic,valenced,nonopposite,1.0,preference_control,10.0,7.125,9.99993932247162,7.124168276786804,9.99993932247162,7.124168276786804,8.562053799629211,1.4378855228424072,10.0,7.125,8.5625,1.4375
qwen25_72b,52,valenced_nonopposite::deontic::010,valenced_nonopposite,deontic,valenced,nonopposite,-1.0,preference_control,-1.25,-0.125,-1.3740234375,-0.25,-1.3740234375,-0.25,-0.81201171875,-0.56201171875,-1.25,-0.125,-0.6875,-0.5625
qwen25_72b,52,valenced_nonopposite::deontic::010,valenced_nonopposite,deontic,valenced,nonopposite,-0.8,preference_control,-0.75,0.0,-0.751953125,0.125,-0.751953125,0.125,-0.3134765625,-0.4384765625,-0.75,0.0,-0.375,-0.375
qwen25_72b,52,valenced_nonopposite::deontic::010,valenced_nonopposite,deontic,valenced,nonopposite,-0.6,preference_control,-0.25,0.375,-0.25,0.375,-0.25,0.375,0.0625,-0.3125,-0.25,0.375,0.0625,-0.3125
qwen25_72b,52,valenced_nonopposite::deontic::010,valenced_nonopposite,deontic,valenced,nonopposite,-0.4,preference_control,0.75,0.875,0.625,0.75,0.625,0.75,0.6875,-0.0625,0.75,0.875,0.8125,-0.0625
qwen25_72b,52,valenced_nonopposite::deontic::010,valenced_nonopposite,deontic,valenced,nonopposite,-0.2,preference_control,2.125,1.5,1.8720703125,1.373046875,1.8720703125,1.373046875,1.62255859375,0.24951171875,2.125,1.5,1.8125,0.3125
qwen25_72b,52,valenced_nonopposite::deontic::010,valenced_nonopposite,deontic,valenced,nonopposite,0.0,preference_control,3.375,2.25,3.372314453125,2.37841796875,3.372314453125,2.37841796875,2.8753662109375,0.4969482421875,3.375,2.25,2.8125,0.5625
qwen25_72b,52,valenced_nonopposite::deontic::010,valenced_nonopposite,deontic,valenced,nonopposite,0.2,preference_control,5.75,3.25,5.6213226318359375,3.371826171875,5.6213226318359375,3.371826171875,4.496574401855469,1.1247482299804688,5.75,3.25,4.5,1.25
qwen25_72b,52,valenced_nonopposite::deontic::010,valenced_nonopposite,deontic,valenced,nonopposite,0.4,preference_control,8.0,4.125,7.749542236328125,4.139892578125,7.749542236328125,4.139892578125,5.9447174072265625,1.8048248291015625,8.0,4.125,6.0625,1.9375
qwen25_72b,52,valenced_nonopposite::deontic::010,valenced_nonopposite,deontic,valenced,nonopposite,0.6,preference_control,9.625,3.875,9.749934196472168,3.869873046875,9.749934196472168,3.869873046875,6.809903621673584,2.940030574798584,9.625,3.875,6.75,2.875
qwen25_72b,52,valenced_nonopposite::deontic::010,valenced_nonopposite,deontic,valenced,nonopposite,0.8,preference_control,10.625,3.25,10.24996018409729,3.2431640625,10.24996018409729,3.2431640625,6.746562123298645,3.503398060798645,10.625,3.25,6.9375,3.6875
qwen25_72b,52,valenced_nonopposite::deontic::010,valenced_nonopposite,deontic,valenced,nonopposite,1.0,preference_control,10.5,2.25,10.62497329711914,2.24365234375,10.62497329711914,2.24365234375,6.43431282043457,4.19066047668457,10.5,2.25,6.375,4.125
qwen25_72b,52,valenced_nonopposite::deontic::011,valenced_nonopposite,deontic,valenced,nonopposite,-1.0,preference_control,-8.75,2.25,-8.744842648506165,2.2509769201278687,-8.744842648506165,2.2509769201278687,-3.246932864189148,-5.497909784317017,-8.75,2.25,-3.25,-5.5
qwen25_72b,52,valenced_nonopposite::deontic::011,valenced_nonopposite,deontic,valenced,nonopposite,-0.8,preference_control,-8.75,2.5,-8.74578845500946,2.5068359375,-8.74578845500946,2.5068359375,-3.1194762587547302,-5.62631219625473,-8.75,2.5,-3.125,-5.625
qwen25_72b,52,valenced_nonopposite::deontic::011,valenced_nonopposite,deontic,valenced,nonopposite,-0.6,preference_control,-9.0,2.875,-8.998176574707031,2.876220703125,-8.998176574707031,2.876220703125,-3.060977935791016,-5.937198638916016,-9.0,2.875,-3.0625,-5.9375
qwen25_72b,52,valenced_nonopposite::deontic::011,valenced_nonopposite,deontic,valenced,nonopposite,-0.4,preference_control,-8.375,3.375,-8.373435974121094,3.382568359375,-8.373435974121094,3.382568359375,-2.495433807373047,-5.878002166748047,-8.375,3.375,-2.5,-5.875
qwen25_72b,52,valenced_nonopposite::deontic::011,valenced_nonopposite,deontic,valenced,nonopposite,-0.2,preference_control,-6.375,4.0,-6.371902108192444,4.0073243379592896,-6.371902108192444,4.0073243379592896,-1.1822888851165771,-5.189613223075867,-6.375,4.0,-1.1875,-5.1875
qwen25_72b,52,valenced_nonopposite::deontic::011,valenced_nonopposite,deontic,valenced,nonopposite,0.0,preference_control,-2.875,4.625,-2.880858898162842,4.60968017578125,-2.880858898162842,4.60968017578125,0.8644106388092041,-3.745269536972046,-2.875,4.625,0.875,-3.75
qwen25_72b,52,valenced_nonopposite::deontic::011,valenced_nonopposite,deontic,valenced,nonopposite,0.2,preference_control,1.5,5.5,1.5009769201278689,5.49102783203125,1.5009769201278689,5.49102783203125,3.4960023760795598,-1.995025455951691,1.5,5.5,3.5,-2.0
qwen25_72b,52,valenced_nonopposite::deontic::011,valenced_nonopposite,deontic,valenced,nonopposite,0.4,preference_control,5.875,6.0,5.872101187705994,5.9946290254592896,5.872101187705994,5.9946290254592896,5.933365106582642,-0.0612639188766479,5.875,6.0,5.9375,-0.0625
qwen25_72b,52,valenced_nonopposite::deontic::011,valenced_nonopposite,deontic,valenced,nonopposite,0.6,preference_control,9.75,6.375,9.749899744987488,6.372100949287415,9.749899744987488,6.372100949287415,8.061000347137451,1.6888993978500366,9.75,6.375,8.0625,1.6875
qwen25_72b,52,valenced_nonopposite::deontic::011,valenced_nonopposite,deontic,valenced,nonopposite,0.8,preference_control,11.5,6.0,11.499961256980896,5.997024655342102,11.499961256980896,5.997024655342102,8.748492956161499,2.751468300819397,11.5,6.0,8.75,2.75
qwen25_72b,52,valenced_nonopposite::deontic::011,valenced_nonopposite,deontic,valenced,nonopposite,1.0,preference_control,12.0,5.75,11.999974131584167,5.7466737031936646,11.999974131584167,5.7466737031936646,8.873323917388916,3.1266502141952515,12.0,5.75,8.875,3.125
qwen25_72b,52,valenced_nonopposite::deontic::012,valenced_nonopposite,deontic,valenced,nonopposite,-1.0,preference_control,-2.125,6.875,-2.121099591255188,6.8837890625,-2.121099591255188,6.8837890625,2.381344735622406,-4.502444326877594,-2.125,6.875,2.375,-4.5
qwen25_72b,52,valenced_nonopposite::deontic::012,valenced_nonopposite,deontic,valenced,nonopposite,-0.8,preference_control,-1.875,7.75,-1.876957893371582,7.743408203125,-1.876957893371582,7.743408203125,2.933225154876709,-4.810183048248291,-1.875,7.75,2.9375,-4.8125
qwen25_72b,52,valenced_nonopposite::deontic::012,valenced_nonopposite,deontic,valenced,nonopposite,-0.6,preference_control,-1.375,8.5,-1.3710973262786863,8.475830078125,-1.3710973262786863,8.475830078125,3.5523663759231567,-4.923463702201843,-1.375,8.5,3.5625,-4.9375
qwen25_72b,52,valenced_nonopposite::deontic::012,valenced_nonopposite,deontic,valenced,nonopposite,-0.4,preference_control,-0.75,8.625,-0.7500045299530029,8.605224609375,-0.7500045299530029,8.605224609375,3.927610039710999,-4.6776145696640015,-0.75,8.625,3.9375,-4.6875
qwen25_72b,52,valenced_nonopposite::deontic::012,valenced_nonopposite,deontic,valenced,nonopposite,-0.2,preference_control,0.5,8.625,0.4960895776748657,8.615478515625,0.4960895776748657,8.615478515625,4.555784046649933,-4.059694468975067,0.5,8.625,4.5625,-4.0625
qwen25_72b,52,valenced_nonopposite::deontic::012,valenced_nonopposite,deontic,valenced,nonopposite,0.0,preference_control,2.5,8.625,2.5068310499191284,8.619873046875,2.5068310499191284,8.619873046875,5.563352048397064,-3.056520998477936,2.5,8.625,5.5625,-3.0625
qwen25_72b,52,valenced_nonopposite::deontic::012,valenced_nonopposite,deontic,valenced,nonopposite,0.2,preference_control,6.25,9.25,6.247032880783081,9.248527526855469,6.247032880783081,9.248527526855469,7.747780203819275,-1.5007473230361938,6.25,9.25,7.75,-1.5
qwen25_72b,52,valenced_nonopposite::deontic::012,valenced_nonopposite,deontic,valenced,nonopposite,0.4,preference_control,10.0,9.625,9.999916911125185,9.624698638916016,9.999916911125185,9.624698638916016,9.8123077750206,0.1876091361045837,10.0,9.625,9.8125,0.1875
qwen25_72b,52,valenced_nonopposite::deontic::012,valenced_nonopposite,deontic,valenced,nonopposite,0.6,preference_control,12.25,10.125,12.249983191490172,10.124937415122986,12.249983191490172,10.124937415122986,11.18746030330658,1.0625228881835938,12.25,10.125,11.1875,1.0625
qwen25_72b,52,valenced_nonopposite::deontic::012,valenced_nonopposite,deontic,valenced,nonopposite,0.8,preference_control,12.875,10.5,12.874978184700012,10.499971389770508,12.874978184700012,10.499971389770508,11.68747478723526,1.1875033974647522,12.875,10.5,11.6875,1.1875
qwen25_72b,52,valenced_nonopposite::deontic::012,valenced_nonopposite,deontic,valenced,nonopposite,1.0,preference_control,13.0,10.125,12.99997866153717,10.124959349632263,12.99997866153717,10.124959349632263,11.562469005584717,1.4375096559524536,13.0,10.125,11.5625,1.4375
qwen25_72b,52,valenced_nonopposite::deontic::013,valenced_nonopposite,deontic,valenced,nonopposite,-1.0,preference_control,-4.875,-0.875,-4.874997615814209,-0.8749992847442627,-4.874997615814209,-0.8749992847442627,-2.874998450279236,-1.9999991655349727,-4.875,-0.875,-2.875,-2.0
qwen25_72b,52,valenced_nonopposite::deontic::013,valenced_nonopposite,deontic,valenced,nonopposite,-0.8,preference_control,-4.75,-1.25,-4.753904581069946,-1.2499994039535522,-4.753904581069946,-1.2499994039535522,-3.0019519925117493,-1.751952588558197,-4.75,-1.25,-3.0,-1.75
qwen25_72b,52,valenced_nonopposite::deontic::013,valenced_nonopposite,deontic,valenced,nonopposite,-0.6,preference_control,-4.5,-1.625,-4.492185831069946,-1.6249995231628418,-4.492185831069946,-1.6249995231628418,-3.058592677116394,-1.4335931539535522,-4.5,-1.625,-3.0625,-1.4375
qwen25_72b,52,valenced_nonopposite::deontic::013,valenced_nonopposite,deontic,valenced,nonopposite,-0.4,preference_control,-3.75,-1.875,-3.757811069488525,-1.8710932731628416,-3.757811069488525,-1.8710932731628416,-2.814452171325684,-0.9433588981628418,-3.75,-1.875,-2.8125,-0.9375
qwen25_72b,52,valenced_nonopposite::deontic::013,valenced_nonopposite,deontic,valenced,nonopposite,-0.2,preference_control,-2.375,-1.5,-2.373045563697815,-1.4960933923721311,-2.373045563697815,-1.4960933923721311,-1.9345694780349727,-0.4384760856628418,-2.375,-1.5,-1.9375,-0.4375
qwen25_72b,52,valenced_nonopposite::deontic::013,valenced_nonopposite,deontic,valenced,nonopposite,0.0,preference_control,-0.375,-0.375,-0.3710924386978149,-0.3749995231628418,-0.3710924386978149,-0.3749995231628418,-0.3730459809303283,0.0019535422325134,-0.375,-0.375,-0.375,0.0
qwen25_72b,52,valenced_nonopposite::deontic::013,valenced_nonopposite,deontic,valenced,nonopposite,0.2,preference_control,2.75,1.875,2.756837844848633,1.881836533546448,2.756837844848633,1.881836533546448,2.3193371891975403,0.4375006556510925,2.75,1.875,2.3125,0.4375
qwen25_72b,52,valenced_nonopposite::deontic::013,valenced_nonopposite,deontic,valenced,nonopposite,0.4,preference_control,6.125,4.375,6.118868947029114,4.389405250549316,6.118868947029114,4.389405250549316,5.254137098789215,0.8647318482398987,6.125,4.375,5.25,0.875
qwen25_72b,52,valenced_nonopposite::deontic::013,valenced_nonopposite,deontic,valenced,nonopposite,0.6,preference_control,9.0,6.375,8.998951315879822,6.372529864311218,8.998951315879822,6.372529864311218,7.68574059009552,1.3132107257843018,9.0,6.375,7.6875,1.3125
qwen25_72b,52,valenced_nonopposite::deontic::013,valenced_nonopposite,deontic,valenced,nonopposite,0.8,preference_control,10.0,7.125,9.99933409690857,7.123875617980957,9.99933409690857,7.123875617980957,8.561604857444763,1.4377292394638062,10.0,7.125,8.5625,1.4375
qwen25_72b,52,valenced_nonopposite::deontic::013,valenced_nonopposite,deontic,valenced,nonopposite,1.0,preference_control,10.375,6.75,10.374561071395874,6.748622894287109,10.374561071395874,6.748622894287109,8.561591982841492,1.8129690885543823,10.375,6.75,8.5625,1.8125
qwen25_72b,52,valenced_nonopposite::deontic::014,valenced_nonopposite,deontic,valenced,nonopposite,-1.0,preference_control,-9.625,-2.125,-9.624110698699951,-2.124999046325684,-9.624110698699951,-2.124999046325684,-5.874554872512817,-3.749555826187134,-9.625,-2.125,-5.875,-3.75
qwen25_72b,52,valenced_nonopposite::deontic::014,valenced_nonopposite,deontic,valenced,nonopposite,-0.8,preference_control,-10.625,-2.875,-10.62464475631714,-2.872069478034973,-10.62464475631714,-2.872069478034973,-6.748357117176056,-3.8762876391410823,-10.625,-2.875,-6.75,-3.875
qwen25_72b,52,valenced_nonopposite::deontic::014,valenced_nonopposite,deontic,valenced,nonopposite,-0.6,preference_control,-11.25,-3.625,-11.249879240989683,-3.626830458641052,-11.249879240989683,-3.626830458641052,-7.438354849815369,-3.811524391174317,-11.25,-3.625,-7.4375,-3.8125
qwen25_72b,52,valenced_nonopposite::deontic::014,valenced_nonopposite,deontic,valenced,nonopposite,-0.4,preference_control,-11.0,-4.25,-10.99994134902954,-4.235167980194092,-10.99994134902954,-4.235167980194092,-7.617554664611816,-3.3823866844177246,-11.0,-4.25,-7.625,-3.375
qwen25_72b,52,valenced_nonopposite::deontic::014,valenced_nonopposite,deontic,valenced,nonopposite,-0.2,preference_control,-10.125,-4.5,-10.12493884563446,-4.488769173622131,-10.12493884563446,-4.488769173622131,-7.306854009628296,-2.818084836006165,-10.125,-4.5,-7.3125,-2.8125
qwen25_72b,52,valenced_nonopposite::deontic::014,valenced_nonopposite,deontic,valenced,nonopposite,0.0,preference_control,-8.5,-4.0,-8.499778151512146,-4.013061165809631,-8.499778151512146,-4.013061165809631,-6.256419658660889,-2.2433584928512573,-8.5,-4.0,-6.25,-2.25
qwen25_72b,52,valenced_nonopposite::deontic::014,valenced_nonopposite,deontic,valenced,nonopposite,0.2,preference_control,-4.25,-3.0,-4.235839247703552,-2.998290657997132,-4.235839247703552,-2.998290657997132,-3.617064952850342,-0.6187742948532104,-4.25,-3.0,-3.625,-0.625
qwen25_72b,52,valenced_nonopposite::deontic::014,valenced_nonopposite,deontic,valenced,nonopposite,0.4,preference_control,0.0,-2.0,2.384185791015625e-07,-1.9980465173721316,2.384185791015625e-07,-1.9980465173721316,-0.999023139476776,0.9990233778953552,0.0,-2.0,-1.0,1.0
qwen25_72b,52,valenced_nonopposite::deontic::014,valenced_nonopposite,deontic,valenced,nonopposite,0.6,preference_control,3.25,-0.5,3.243164300918579,-0.4980466365814209,3.243164300918579,-0.4980466365814209,1.372558832168579,1.87060546875,3.25,-0.5,1.375,1.875
qwen25_72b,52,valenced_nonopposite::deontic::014,valenced_nonopposite,deontic,valenced,nonopposite,0.8,preference_control,5.5,0.5,5.495910882949829,0.4980471134185791,5.495910882949829,0.4980471134185791,2.996978998184204,2.498931884765625,5.5,0.5,3.0,2.5
qwen25_72b,52,valenced_nonopposite::deontic::014,valenced_nonopposite,deontic,valenced,nonopposite,1.0,preference_control,6.0,1.25,5.997513175010681,1.2480469942092896,5.997513175010681,1.2480469942092896,3.622780084609986,2.374733090400696,6.0,1.25,3.625,2.375
qwen25_72b,52,valenced_nonopposite::deontic::015,valenced_nonopposite,deontic,valenced,nonopposite,-1.0,preference_control,-0.5,8.125,-0.5039070844650269,8.107909917831421,-0.5039070844650269,8.107909917831421,3.802001416683197,-4.305908501148224,-0.5,8.125,3.8125,-4.3125
qwen25_72b,52,valenced_nonopposite::deontic::015,valenced_nonopposite,deontic,valenced,nonopposite,-0.8,preference_control,0.375,8.5,0.3749992847442627,8.499999761581421,0.3749992847442627,8.499999761581421,4.437499523162842,-4.062500238418579,0.375,8.5,4.4375,-4.0625
qwen25_72b,52,valenced_nonopposite::deontic::015,valenced_nonopposite,deontic,valenced,nonopposite,-0.6,preference_control,1.375,8.625,1.373046636581421,8.64892566204071,1.373046636581421,8.64892566204071,5.010986149311066,-3.6379395127296448,1.375,8.625,5.0,-3.625
qwen25_72b,52,valenced_nonopposite::deontic::015,valenced_nonopposite,deontic,valenced,nonopposite,-0.4,preference_control,2.625,8.875,2.6245115995407104,8.8564453125,2.6245115995407104,8.8564453125,5.740478456020355,-3.1159668564796448,2.625,8.875,5.75,-3.125
qwen25_72b,52,valenced_nonopposite::deontic::015,valenced_nonopposite,deontic,valenced,nonopposite,-0.2,preference_control,4.0,9.5,4.01086413860321,9.49383544921875,4.01086413860321,9.49383544921875,6.75234979391098,-2.7414856553077698,4.0,9.5,6.75,-2.75
qwen25_72b,52,valenced_nonopposite::deontic::015,valenced_nonopposite,deontic,valenced,nonopposite,0.0,preference_control,5.875,10.25,5.871871948242188,10.248161315917969,5.871871948242188,10.248161315917969,8.060016632080078,-2.18814468383789,5.875,10.25,8.0625,-2.1875
qwen25_72b,52,valenced_nonopposite::deontic::015,valenced_nonopposite,deontic,valenced,nonopposite,0.2,preference_control,8.375,11.375,8.374752044677734,11.374907493591309,8.374752044677734,11.374907493591309,9.87482976913452,-1.500077724456787,8.375,11.375,9.875,-1.5
qwen25_72b,52,valenced_nonopposite::deontic::015,valenced_nonopposite,deontic,valenced,nonopposite,0.4,preference_control,11.125,12.25,11.124984502792358,12.249990463256836,11.124984502792358,12.249990463256836,11.687487483024595,-0.5625029802322388,11.125,12.25,11.6875,-0.5625
qwen25_72b,52,valenced_nonopposite::deontic::015,valenced_nonopposite,deontic,valenced,nonopposite,0.6,preference_control,13.0,12.5,12.99999749660492,12.499995708465576,12.99999749660492,12.499995708465576,12.749996602535248,0.2500008940696716,13.0,12.5,12.75,0.25
qwen25_72b,52,valenced_nonopposite::deontic::015,valenced_nonopposite,deontic,valenced,nonopposite,0.8,preference_control,14.5,12.25,14.499999284744264,12.24999499320984,14.499999284744264,12.24999499320984,13.37499713897705,1.125002145767212,14.5,12.25,13.375,1.125
qwen25_72b,52,valenced_nonopposite::deontic::015,valenced_nonopposite,deontic,valenced,nonopposite,1.0,preference_control,15.125,11.875,15.124999642372131,11.874992847442629,15.124999642372131,11.874992847442629,13.49999624490738,1.6250033974647522,15.125,11.875,13.5,1.625
qwen25_72b,52,valenced_nonopposite::deontic::016,valenced_nonopposite,deontic,valenced,nonopposite,-1.0,preference_control,-6.5,2.25,-6.510010004043579,2.24609375,-6.510010004043579,2.24609375,-2.1319581270217896,-4.3780518770217896,-6.5,2.25,-2.125,-4.375
qwen25_72b,52,valenced_nonopposite::deontic::016,valenced_nonopposite,deontic,valenced,nonopposite,-0.8,preference_control,-6.875,2.375,-6.8803712129592896,2.380859375,-6.8803712129592896,2.380859375,-2.2497559189796448,-4.630615293979645,-6.875,2.375,-2.25,-4.625
qwen25_72b,52,valenced_nonopposite::deontic::016,valenced_nonopposite,deontic,valenced,nonopposite,-0.6,preference_control,-6.75,2.625,-6.7375489473342896,2.626953125,-6.7375489473342896,2.626953125,-2.0552979111671448,-4.682251036167145,-6.75,2.625,-2.0625,-4.6875
qwen25_72b,52,valenced_nonopposite::deontic::016,valenced_nonopposite,deontic,valenced,nonopposite,-0.4,preference_control,-6.25,2.875,-6.243927121162415,2.8740234375,-6.243927121162415,2.8740234375,-1.6849518418312073,-4.558975279331207,-6.25,2.875,-1.6875,-4.5625
qwen25_72b,52,valenced_nonopposite::deontic::016,valenced_nonopposite,deontic,valenced,nonopposite,-0.2,preference_control,-4.875,3.25,-4.865234375,3.2504881620407104,-4.865234375,3.2504881620407104,-0.8073731064796448,-4.057861268520355,-4.875,3.25,-0.8125,-4.0625
qwen25_72b,52,valenced_nonopposite::deontic::016,valenced_nonopposite,deontic,valenced,nonopposite,0.0,preference_control,-2.5,3.875,-2.49609375,3.867675542831421,-2.49609375,3.867675542831421,0.6857908964157104,-3.1818846464157104,-2.5,3.875,0.6875,-3.1875
qwen25_72b,52,valenced_nonopposite::deontic::016,valenced_nonopposite,deontic,valenced,nonopposite,0.2,preference_control,1.375,4.875,1.375,4.866760015487671,1.375,4.866760015487671,3.1208800077438354,-1.7458800077438354,1.375,4.875,3.125,-1.75
qwen25_72b,52,valenced_nonopposite::deontic::016,valenced_nonopposite,deontic,valenced,nonopposite,0.4,preference_control,5.75,6.25,5.746764898300171,6.2479857206344604,5.746764898300171,6.2479857206344604,5.997375309467316,-0.2506104111671448,5.75,6.25,6.0,-0.25
qwen25_72b,52,valenced_nonopposite::deontic::016,valenced_nonopposite,deontic,valenced,nonopposite,0.6,preference_control,9.25,7.625,9.249889254570007,7.6244964599609375,9.249889254570007,7.6244964599609375,8.437192857265472,0.8126963973045349,9.25,7.625,8.4375,0.8125
qwen25_72b,52,valenced_nonopposite::deontic::016,valenced_nonopposite,deontic,valenced,nonopposite,0.8,preference_control,11.375,8.5,11.374979138374329,8.499789237976074,11.374979138374329,8.499789237976074,9.9373841881752,1.4375949501991272,11.375,8.5,9.9375,1.4375
qwen25_72b,52,valenced_nonopposite::deontic::016,valenced_nonopposite,deontic,valenced,nonopposite,1.0,preference_control,12.875,9.25,12.87498903274536,9.24989652633667,12.87498903274536,9.24989652633667,11.062442779541016,1.8125462532043457,12.875,9.25,11.0625,1.8125
qwen25_72b,52,valenced_nonopposite::deontic::017,valenced_nonopposite,deontic,valenced,nonopposite,-1.0,preference_control,-9.0,-3.625,-8.999617576599121,-3.624992251396179,-8.999617576599121,-3.624992251396179,-6.31230491399765,-2.687312662601471,-9.0,-3.625,-6.3125,-2.6875
qwen25_72b,52,valenced_nonopposite::deontic::017,valenced_nonopposite,deontic,valenced,nonopposite,-0.8,preference_control,-9.625,-4.125,-9.62483847141266,-4.131706118583679,-9.62483847141266,-4.131706118583679,-6.878272294998169,-2.7465661764144897,-9.625,-4.125,-6.875,-2.75
qwen25_72b,52,valenced_nonopposite::deontic::017,valenced_nonopposite,deontic,valenced,nonopposite,-0.6,preference_control,-9.75,-4.0,-9.749904870986938,-4.009026408195496,-9.749904870986938,-4.009026408195496,-6.879465639591217,-2.870439231395721,-9.75,-4.0,-6.875,-2.875
qwen25_72b,52,valenced_nonopposite::deontic::017,valenced_nonopposite,deontic,valenced,nonopposite,-0.4,preference_control,-9.625,-3.75,-9.62491524219513,-3.756705641746521,-9.62491524219513,-3.756705641746521,-6.690810441970825,-2.934104800224304,-9.625,-3.75,-6.6875,-2.9375
qwen25_72b,52,valenced_nonopposite::deontic::017,valenced_nonopposite,deontic,valenced,nonopposite,-0.2,preference_control,-8.625,-3.0,-8.624806642532349,-2.9977952241897583,-8.624806642532349,-2.9977952241897583,-5.8113009333610535,-2.813505709171295,-8.625,-3.0,-5.8125,-2.8125
qwen25_72b,52,valenced_nonopposite::deontic::017,valenced_nonopposite,deontic,valenced,nonopposite,0.0,preference_control,-6.125,-1.75,-6.122798562049866,-1.753898024559021,-6.122798562049866,-1.753898024559021,-3.9383482933044434,-2.1844502687454224,-6.125,-1.75,-3.9375,-2.1875
qwen25_72b,52,valenced_nonopposite::deontic::017,valenced_nonopposite,deontic,valenced,nonopposite,0.2,preference_control,-2.0,0.5,-1.998042583465576,0.4980547428131103,-1.998042583465576,0.4980547428131103,-0.7499939203262329,-1.2480486631393433,-2.0,0.5,-0.75,-1.25
qwen25_72b,52,valenced_nonopposite::deontic::017,valenced_nonopposite,deontic,valenced,nonopposite,0.4,preference_control,2.0,2.5,1.9980515241622925,2.499031662940979,1.9980515241622925,2.499031662940979,2.248541593551636,-0.2504900693893432,2.0,2.5,2.25,-0.25
qwen25_72b,52,valenced_nonopposite::deontic::017,valenced_nonopposite,deontic,valenced,nonopposite,0.6,preference_control,6.5,3.75,6.498500943183899,3.742436647415161,6.498500943183899,3.742436647415161,5.12046879529953,1.378032147884369,6.5,3.75,5.125,1.375
qwen25_72b,52,valenced_nonopposite::deontic::017,valenced_nonopposite,deontic,valenced,nonopposite,0.8,preference_control,9.0,4.5,8.999879598617554,4.488956093788147,8.999879598617554,4.488956093788147,6.74441784620285,2.255461752414704,9.0,4.5,6.75,2.25
qwen25_72b,52,valenced_nonopposite::deontic::017,valenced_nonopposite,deontic,valenced,nonopposite,1.0,preference_control,9.5,4.5,9.499927520751951,4.488955736160278,9.499927520751951,4.488955736160278,6.994441628456116,2.5054858922958374,9.5,4.5,7.0,2.5
qwen25_72b,52,valenced_nonopposite::deontic::018,valenced_nonopposite,deontic,valenced,nonopposite,-1.0,preference_control,-8.625,-5.0,-8.623427987098694,-5.005856871604919,-8.623427987098694,-5.005856871604919,-6.814642429351807,-1.8087855577468872,-8.625,-5.0,-6.8125,-1.8125
qwen25_72b,52,valenced_nonopposite::deontic::018,valenced_nonopposite,deontic,valenced,nonopposite,-0.8,preference_control,-9.5,-5.25,-9.499263167381288,-5.261351108551025,-9.499263167381288,-5.261351108551025,-7.380307137966156,-2.1189560294151306,-9.5,-5.25,-7.375,-2.125
qwen25_72b,52,valenced_nonopposite::deontic::018,valenced_nonopposite,deontic,valenced,nonopposite,-0.6,preference_control,-9.875,-5.375,-9.874662041664124,-5.362364649772644,-9.874662041664124,-5.362364649772644,-7.618513345718384,-2.25614869594574,-9.875,-5.375,-7.625,-2.25
qwen25_72b,52,valenced_nonopposite::deontic::018,valenced_nonopposite,deontic,valenced,nonopposite,-0.4,preference_control,-9.5,-5.125,-9.499698042869568,-5.1151111125946045,-9.499698042869568,-5.1151111125946045,-7.307404577732086,-2.1922934651374817,-9.5,-5.125,-7.3125,-2.1875
qwen25_72b,52,valenced_nonopposite::deontic::018,valenced_nonopposite,deontic,valenced,nonopposite,-0.2,preference_control,-7.5,-3.5,-7.49903404712677,-3.496580123901367,-7.49903404712677,-3.496580123901367,-5.497807085514069,-2.0012269616127014,-7.5,-3.5,-5.5,-2.0
qwen25_72b,52,valenced_nonopposite::deontic::018,valenced_nonopposite,deontic,valenced,nonopposite,0.0,preference_control,-4.5,-1.0,-4.488463282585144,-1.0019497871398926,-4.488463282585144,-1.0019497871398926,-2.7452065348625183,-1.7432567477226255,-4.5,-1.0,-2.75,-1.75
qwen25_72b,52,valenced_nonopposite::deontic::018,valenced_nonopposite,deontic,valenced,nonopposite,0.2,preference_control,1.25,2.5,1.2480483055114746,2.4980512857437134,1.2480483055114746,2.4980512857437134,1.873049795627594,-0.6250014901161194,1.25,2.5,1.875,-0.625
qwen25_72b,52,valenced_nonopposite::deontic::018,valenced_nonopposite,deontic,valenced,nonopposite,0.4,preference_control,6.0,5.25,5.997514367103577,5.244724869728088,5.997514367103577,5.244724869728088,5.6211196184158325,0.3763947486877441,6.0,5.25,5.625,0.375
qwen25_72b,52,valenced_nonopposite::deontic::018,valenced_nonopposite,deontic,valenced,nonopposite,0.6,preference_control,10.75,7.0,10.74997866153717,6.999086141586304,10.74997866153717,6.999086141586304,8.874532401561737,1.8754462599754331,10.75,7.0,8.875,1.875
qwen25_72b,52,valenced_nonopposite::deontic::018,valenced_nonopposite,deontic,valenced,nonopposite,0.8,preference_control,13.625,8.75,13.624998688697817,8.749841451644897,13.624998688697817,8.749841451644897,11.187420070171356,2.4375786185264587,13.625,8.75,11.1875,2.4375
qwen25_72b,52,valenced_nonopposite::deontic::018,valenced_nonopposite,deontic,valenced,nonopposite,1.0,preference_control,14.625,9.25,14.624999403953552,9.249903678894045,14.624999403953552,9.249903678894045,11.937451541423798,2.687547862529754,14.625,9.25,11.9375,2.6875
qwen25_72b,52,valenced_nonopposite::deontic::019,valenced_nonopposite,deontic,valenced,nonopposite,-1.0,preference_control,4.0,10.375,4.011965394020081,10.374872326850891,4.011965394020081,10.374872326850891,7.193418860435486,-3.1814534664154053,4.0,10.375,7.1875,-3.1875
qwen25_72b,52,valenced_nonopposite::deontic::019,valenced_nonopposite,deontic,valenced,nonopposite,-0.8,preference_control,4.5,10.625,4.48852801322937,10.624900221824646,4.48852801322937,10.624900221824646,7.556714117527008,-3.068186104297638,4.5,10.625,7.5625,-3.0625
qwen25_72b,52,valenced_nonopposite::deontic::019,valenced_nonopposite,deontic,valenced,nonopposite,-0.6,preference_control,5.0,10.5,4.993105053901672,10.499909520149233,4.993105053901672,10.499909520149233,7.746507287025452,-2.7534022331237797,5.0,10.5,7.75,-2.75
qwen25_72b,52,valenced_nonopposite::deontic::019,valenced_nonopposite,deontic,valenced,nonopposite,-0.4,preference_control,5.5,9.875,5.495822429656982,9.874891877174376,5.495822429656982,9.874891877174376,7.68535715341568,-2.189534723758697,5.5,9.875,7.6875,-2.1875
qwen25_72b,52,valenced_nonopposite::deontic::019,valenced_nonopposite,deontic,valenced,nonopposite,-0.2,preference_control,6.0,9.375,5.9974716901779175,9.374868631362917,5.9974716901779175,9.374868631362917,7.686170160770416,-1.6886984705924988,6.0,9.375,7.6875,-1.6875
qwen25_72b,52,valenced_nonopposite::deontic::019,valenced_nonopposite,deontic,valenced,nonopposite,0.0,preference_control,7.25,9.0,7.249265432357788,8.999843955039978,7.249265432357788,8.999843955039978,8.124554693698883,-0.875289261341095,7.25,9.0,8.125,-0.875
qwen25_72b,52,valenced_nonopposite::deontic::019,valenced_nonopposite,deontic,valenced,nonopposite,0.2,preference_control,9.0,8.75,8.999855637550354,8.749820709228516,8.999855637550354,8.749820709228516,8.874838173389435,0.1250174641609192,9.0,8.75,8.875,0.125
qwen25_72b,52,valenced_nonopposite::deontic::019,valenced_nonopposite,deontic,valenced,nonopposite,0.4,preference_control,11.375,9.0,11.37497353553772,8.999862670898438,11.37497353553772,8.999862670898438,10.18741810321808,1.1875554323196411,11.375,9.0,10.1875,1.1875
qwen25_72b,52,valenced_nonopposite::deontic::019,valenced_nonopposite,deontic,valenced,nonopposite,0.6,preference_control,12.875,8.75,12.874987840652466,8.749831199645996,12.874987840652466,8.749831199645996,10.812409520149233,2.062578320503235,12.875,8.75,10.8125,2.0625
qwen25_72b,52,valenced_nonopposite::deontic::019,valenced_nonopposite,deontic,valenced,nonopposite,0.8,preference_control,12.875,8.25,12.874995231628418,8.249731063842773,12.874995231628418,8.249731063842773,10.562363147735596,2.3126320838928223,12.875,8.25,10.5625,2.3125
qwen25_72b,52,valenced_nonopposite::deontic::019,valenced_nonopposite,deontic,valenced,nonopposite,1.0,preference_control,12.25,7.5,12.249995231628418,7.499440908432007,12.249995231628418,7.499440908432007,9.874718070030212,2.3752771615982056,12.25,7.5,9.875,2.375
qwen25_72b,52,valenced_nonopposite::epistemic::000,valenced_nonopposite,epistemic,valenced,nonopposite,-1.0,preference_control,-16.125,-4.5,-16.124963998794556,-4.762572765350342,-16.124963998794556,-4.762572765350342,-10.443768382072449,-5.681195616722107,-16.125,-4.5,-10.3125,-5.8125
qwen25_72b,52,valenced_nonopposite::epistemic::000,valenced_nonopposite,epistemic,valenced,nonopposite,-0.8,preference_control,-16.75,-5.25,-16.874982118606567,-5.365233778953552,-16.874982118606567,-5.365233778953552,-11.12010794878006,-5.754874169826508,-16.75,-5.25,-11.0,-5.75
qwen25_72b,52,valenced_nonopposite::epistemic::000,valenced_nonopposite,epistemic,valenced,nonopposite,-0.6,preference_control,-17.25,-6.375,-17.124987363815308,-6.371428847312927,-17.124987363815308,-6.371428847312927,-11.748208105564116,-5.37677925825119,-17.25,-6.375,-11.8125,-5.4375
qwen25_72b,52,valenced_nonopposite::epistemic::000,valenced_nonopposite,epistemic,valenced,nonopposite,-0.4,preference_control,-16.875,-6.5,-16.749989867210388,-6.74790894985199,-16.749989867210388,-6.74790894985199,-11.748949408531187,-5.001040458679199,-16.875,-6.5,-11.6875,-5.1875
qwen25_72b,52,valenced_nonopposite::epistemic::000,valenced_nonopposite,epistemic,valenced,nonopposite,-0.2,preference_control,-16.375,-5.75,-16.124990820884705,-5.871092915534973,-16.124990820884705,-5.871092915534973,-10.99804186820984,-5.126948952674866,-16.375,-5.75,-11.0625,-5.3125
qwen25_72b,52,valenced_nonopposite::epistemic::000,valenced_nonopposite,epistemic,valenced,nonopposite,0.0,preference_control,-14.25,-3.625,-14.249991297721865,-3.755370378494263,-14.249991297721865,-3.755370378494263,-9.002680838108063,-5.2473104596138,-14.25,-3.625,-8.9375,-5.3125
qwen25_72b,52,valenced_nonopposite::epistemic::000,valenced_nonopposite,epistemic,valenced,nonopposite,0.2,preference_control,-9.125,1.375,-8.874848484992981,1.1289072036743164,-8.874848484992981,1.1289072036743164,-3.872970640659332,-5.001877844333649,-9.125,1.375,-3.875,-5.25
qwen25_72b,52,valenced_nonopposite::epistemic::000,valenced_nonopposite,epistemic,valenced,nonopposite,0.4,preference_control,-2.25,6.875,-2.2436511516571045,6.998735070228577,-2.2436511516571045,6.998735070228577,2.377541959285736,-4.621193110942841,-2.25,6.875,2.3125,-4.5625
qwen25_72b,52,valenced_nonopposite::epistemic::000,valenced_nonopposite,epistemic,valenced,nonopposite,0.6,preference_control,2.75,11.0,2.998293280601501,10.874909520149233,2.998293280601501,10.874909520149233,6.936601400375366,-3.9383081197738647,2.75,11.0,6.875,-4.125
qwen25_72b,52,valenced_nonopposite::epistemic::000,valenced_nonopposite,epistemic,valenced,nonopposite,0.8,preference_control,7.25,12.75,6.999078154563904,12.499964594841003,6.999078154563904,12.499964594841003,9.749521374702454,-2.75044322013855,7.25,12.75,10.0,-2.75
qwen25_72b,52,valenced_nonopposite::epistemic::000,valenced_nonopposite,epistemic,valenced,nonopposite,1.0,preference_control,10.125,12.375,10.124968409538267,12.249991655349731,10.124968409538267,12.249991655349731,11.187480032444,-1.0625116229057312,10.125,12.375,11.25,-1.125
qwen25_72b,52,valenced_nonopposite::epistemic::001,valenced_nonopposite,epistemic,valenced,nonopposite,-1.0,preference_control,-16.625,-11.625,-16.624986052513123,-11.624916553497314,-16.624986052513123,-11.624916553497314,-14.12495130300522,-2.500034749507904,-16.625,-11.625,-14.125,-2.5
qwen25_72b,52,valenced_nonopposite::epistemic::001,valenced_nonopposite,epistemic,valenced,nonopposite,-0.8,preference_control,-17.625,-13.25,-17.62499165534973,-13.249978184700012,-17.62499165534973,-13.249978184700012,-15.437484920024872,-2.18750673532486,-17.625,-13.25,-15.4375,-2.1875
qwen25_72b,52,valenced_nonopposite::epistemic::001,valenced_nonopposite,epistemic,valenced,nonopposite,-0.6,preference_control,-18.625,-14.75,-18.62499248981476,-14.749993681907654,-18.62499248981476,-14.749993681907654,-16.687493085861206,-1.937499403953552,-18.625,-14.75,-16.6875,-1.9375
qwen25_72b,52,valenced_nonopposite::epistemic::001,valenced_nonopposite,epistemic,valenced,nonopposite,-0.4,preference_control,-18.5,-15.375,-18.499995946884155,-15.37499725818634,-18.499995946884155,-15.37499725818634,-16.937496602535248,-1.5624993443489077,-18.5,-15.375,-16.9375,-1.5625
qwen25_72b,52,valenced_nonopposite::epistemic::001,valenced_nonopposite,epistemic,valenced,nonopposite,-0.2,preference_control,-17.875,-14.75,-17.87499713897705,-14.749998092651367,-17.87499713897705,-14.749998092651367,-16.31249761581421,-1.5624995231628418,-17.875,-14.75,-16.3125,-1.5625
qwen25_72b,52,valenced_nonopposite::epistemic::001,valenced_nonopposite,epistemic,valenced,nonopposite,0.0,preference_control,-16.0,-13.0,-15.99999749660492,-12.999996304512024,-15.99999749660492,-12.999996304512024,-14.499996900558472,-1.5000005960464478,-16.0,-13.0,-14.5,-1.5
qwen25_72b,52,valenced_nonopposite::epistemic::001,valenced_nonopposite,epistemic,valenced,nonopposite,0.2,preference_control,-12.0,-8.5,-11.99999213218689,-8.499793767929077,-11.99999213218689,-8.499793767929077,-10.249892950057983,-1.7500991821289062,-12.0,-8.5,-10.25,-1.75
qwen25_72b,52,valenced_nonopposite::epistemic::001,valenced_nonopposite,epistemic,valenced,nonopposite,0.4,preference_control,-5.75,-3.5,-5.7468249797821045,-3.501464605331421,-5.7468249797821045,-3.501464605331421,-4.624144792556763,-1.1226801872253418,-5.75,-3.5,-4.625,-1.125
qwen25_72b,52,valenced_nonopposite::epistemic::001,valenced_nonopposite,epistemic,valenced,nonopposite,0.6,preference_control,0.0,0.0,9.5367431640625e-07,4.76837158203125e-07,9.5367431640625e-07,4.76837158203125e-07,7.152557373046875e-07,2.384185791015625e-07,0.0,0.0,0.0,0.0
qwen25_72b,52,valenced_nonopposite::epistemic::001,valenced_nonopposite,epistemic,valenced,nonopposite,0.8,preference_control,3.75,2.75,3.742432475090027,2.750488758087158,3.742432475090027,2.750488758087158,3.2464606165885925,0.4959718585014343,3.75,2.75,3.25,0.5
qwen25_72b,52,valenced_nonopposite::epistemic::001,valenced_nonopposite,epistemic,valenced,nonopposite,1.0,preference_control,6.25,4.75,6.248070597648621,4.741394639015198,6.248070597648621,4.741394639015198,5.494732618331909,0.7533379793167114,6.25,4.75,5.5,0.75
qwen25_72b,52,valenced_nonopposite::epistemic::002,valenced_nonopposite,epistemic,valenced,nonopposite,-1.0,preference_control,-6.375,0.375,-6.371429443359375,0.375,-6.371429443359375,0.375,-2.9982147216796875,-3.3732147216796875,-6.375,0.375,-3.0,-3.375
qwen25_72b,52,valenced_nonopposite::epistemic::002,valenced_nonopposite,epistemic,valenced,nonopposite,-0.8,preference_control,-6.375,0.25,-6.247222900390625,0.375,-6.247222900390625,0.375,-2.9361114501953125,-3.3111114501953125,-6.375,0.25,-3.0625,-3.3125
qwen25_72b,52,valenced_nonopposite::epistemic::002,valenced_nonopposite,epistemic,valenced,nonopposite,-0.6,preference_control,-5.5,0.5,-5.620941162109375,0.501953125,-5.620941162109375,0.501953125,-2.5594940185546875,-3.0614471435546875,-5.5,0.5,-2.5,-3.0
qwen25_72b,52,valenced_nonopposite::epistemic::002,valenced_nonopposite,epistemic,valenced,nonopposite,-0.4,preference_control,-4.625,0.625,-4.6148681640625,0.5,-4.6148681640625,0.5,-2.05743408203125,-2.55743408203125,-4.625,0.625,-2.0,-2.625
qwen25_72b,52,valenced_nonopposite::epistemic::002,valenced_nonopposite,epistemic,valenced,nonopposite,-0.2,preference_control,-3.125,1.0,-2.997802734375,1.25,-2.997802734375,1.25,-0.8739013671875,-2.1239013671875,-3.125,1.0,-1.0625,-2.0625
qwen25_72b,52,valenced_nonopposite::epistemic::002,valenced_nonopposite,epistemic,valenced,nonopposite,0.0,preference_control,-1.0,1.875,-0.876953125,2.11767578125,-0.876953125,2.11767578125,0.620361328125,-1.497314453125,-1.0,1.875,0.4375,-1.4375
qwen25_72b,52,valenced_nonopposite::epistemic::002,valenced_nonopposite,epistemic,valenced,nonopposite,0.2,preference_control,2.5,4.125,2.49853515625,4.0107421875,2.49853515625,4.0107421875,3.254638671875,-0.756103515625,2.5,4.125,3.3125,-0.8125
qwen25_72b,52,valenced_nonopposite::epistemic::002,valenced_nonopposite,epistemic,valenced,nonopposite,0.4,preference_control,6.0,6.5,6.247802734375,6.622726440429688,6.247802734375,6.622726440429688,6.435264587402344,-0.1874618530273437,6.0,6.5,6.25,-0.25
qwen25_72b,52,valenced_nonopposite::epistemic::002,valenced_nonopposite,epistemic,valenced,nonopposite,0.6,preference_control,9.625,9.125,9.74978256225586,9.124393463134766,9.74978256225586,9.124393463134766,9.437088012695312,0.3126945495605469,9.625,9.125,9.375,0.25
qwen25_72b,52,valenced_nonopposite::epistemic::002,valenced_nonopposite,epistemic,valenced,nonopposite,0.8,preference_control,11.875,10.125,11.874834060668944,10.12469482421875,11.874834060668944,10.12469482421875,10.999764442443848,0.8750696182250977,11.875,10.125,11.0,0.875
qwen25_72b,52,valenced_nonopposite::epistemic::002,valenced_nonopposite,epistemic,valenced,nonopposite,1.0,preference_control,12.375,10.125,12.374872207641602,10.124727249145508,12.374872207641602,10.124727249145508,11.249799728393556,1.1250724792480469,12.375,10.125,11.25,1.125
qwen25_72b,52,valenced_nonopposite::epistemic::003,valenced_nonopposite,epistemic,valenced,nonopposite,-1.0,preference_control,-17.375,-13.25,-17.124999403953552,-13.124995112419128,-17.124999403953552,-13.124995112419128,-15.12499725818634,-2.000002145767212,-17.375,-13.25,-15.3125,-2.0625
qwen25_72b,52,valenced_nonopposite::epistemic::003,valenced_nonopposite,epistemic,valenced,nonopposite,-0.8,preference_control,-18.375,-14.25,-18.499999284744263,-14.12499701976776,-18.499999284744263,-14.12499701976776,-16.312498152256012,-2.1875011324882507,-18.375,-14.25,-16.3125,-2.0625
qwen25_72b,52,valenced_nonopposite::epistemic::003,valenced_nonopposite,epistemic,valenced,nonopposite,-0.6,preference_control,-18.875,-14.625,-18.874999284744263,-14.6249977350235,-18.874999284744263,-14.6249977350235,-16.74999850988388,-2.125000774860382,-18.875,-14.625,-16.75,-2.125
qwen25_72b,52,valenced_nonopposite::epistemic::003,valenced_nonopposite,epistemic,valenced,nonopposite,-0.4,preference_control,-18.5,-14.625,-18.249999165534973,-14.49999749660492,-18.249999165534973,-14.49999749660492,-16.374998331069946,-1.8750008344650269,-18.5,-14.625,-16.5625,-1.9375
qwen25_72b,52,valenced_nonopposite::epistemic::003,valenced_nonopposite,epistemic,valenced,nonopposite,-0.2,preference_control,-17.5,-13.625,-17.374999165534973,-13.499996662139893,-17.374999165534973,-13.499996662139893,-15.437497913837433,-1.9375012516975405,-17.5,-13.625,-15.5625,-1.9375
qwen25_72b,52,valenced_nonopposite::epistemic::003,valenced_nonopposite,epistemic,valenced,nonopposite,0.0,preference_control,-15.125,-10.75,-15.124998807907104,-10.749976873397827,-15.124998807907104,-10.749976873397827,-12.937487840652466,-2.1875109672546387,-15.125,-10.75,-12.9375,-2.1875
qwen25_72b,52,valenced_nonopposite::epistemic::003,valenced_nonopposite,epistemic,valenced,nonopposite,0.2,preference_control,-10.0,-5.75,-9.749938011169434,-5.746809601783752,-9.749938011169434,-5.746809601783752,-7.748373806476593,-2.001564204692841,-10.0,-5.75,-7.875,-2.125
qwen25_72b,52,valenced_nonopposite::epistemic::003,valenced_nonopposite,epistemic,valenced,nonopposite,0.4,preference_control,-4.0,-1.25,-4.012450098991394,-0.9980459213256836,-4.012450098991394,-0.9980459213256836,-2.505248010158539,-1.5072020888328552,-4.0,-1.25,-2.625,-1.375
qwen25_72b,52,valenced_nonopposite::epistemic::003,valenced_nonopposite,epistemic,valenced,nonopposite,0.6,preference_control,1.5,3.0,1.5019546747207642,2.998047351837158,1.5019546747207642,2.998047351837158,2.250001013278961,-0.748046338558197,1.5,3.0,2.25,-0.75
qwen25_72b,52,valenced_nonopposite::epistemic::003,valenced_nonopposite,epistemic,valenced,nonopposite,0.8,preference_control,5.25,6.0,5.484742641448975,6.247910022735596,5.484742641448975,6.247910022735596,5.866326332092285,-0.3815836906433105,5.25,6.0,5.625,-0.375
qwen25_72b,52,valenced_nonopposite::epistemic::003,valenced_nonopposite,epistemic,valenced,nonopposite,1.0,preference_control,8.25,7.75,8.244356513023376,7.499302506446838,8.244356513023376,7.499302506446838,7.871829509735107,0.372527003288269,8.25,7.75,8.0,0.25
qwen25_72b,52,valenced_nonopposite::epistemic::004,valenced_nonopposite,epistemic,valenced,nonopposite,-1.0,preference_control,-12.5,-10.875,-12.49990940093994,-10.874844551086426,-12.49990940093994,-10.874844551086426,-11.687376976013184,-0.8125324249267578,-12.5,-10.875,-11.6875,-0.8125
qwen25_72b,52,valenced_nonopposite::epistemic::004,valenced_nonopposite,epistemic,valenced,nonopposite,-0.8,preference_control,-13.875,-12.375,-13.874969959259031,-12.124945878982544,-13.874969959259031,-12.124945878982544,-12.999957919120789,-0.8750120401382446,-13.875,-12.375,-13.125,-0.75
qwen25_72b,52,valenced_nonopposite::epistemic::004,valenced_nonopposite,epistemic,valenced,nonopposite,-0.6,preference_control,-14.875,-13.375,-15.374988794326782,-13.499983429908752,-15.374988794326782,-13.499983429908752,-14.437486112117767,-0.9375026822090148,-14.875,-13.375,-14.125,-0.75
qwen25_72b,52,valenced_nonopposite::epistemic::004,valenced_nonopposite,epistemic,valenced,nonopposite,-0.4,preference_control,-15.0,-14.0,-15.124989986419678,-13.87498939037323,-15.124989986419678,-13.87498939037323,-14.499989688396454,-0.6250002980232239,-15.0,-14.0,-14.5,-0.5
qwen25_72b,52,valenced_nonopposite::epistemic::004,valenced_nonopposite,epistemic,valenced,nonopposite,-0.2,preference_control,-14.375,-12.875,-14.499992489814758,-13.249990224838257,-14.499992489814758,-13.249990224838257,-13.874991357326508,-0.6250011324882507,-14.375,-12.875,-13.625,-0.75
qwen25_72b,52,valenced_nonopposite::epistemic::004,valenced_nonopposite,epistemic,valenced,nonopposite,0.0,preference_control,-12.0,-11.0,-11.99998390674591,-10.74996566772461,-11.99998390674591,-10.74996566772461,-11.37497478723526,-0.6250091195106506,-12.0,-11.0,-11.5,-0.5
qwen25_72b,52,valenced_nonopposite::epistemic::004,valenced_nonopposite,epistemic,valenced,nonopposite,0.2,preference_control,-6.625,-5.875,-6.748802185058594,-5.621368408203125,-6.748802185058594,-5.621368408203125,-6.185085296630859,-0.5637168884277344,-6.625,-5.875,-6.25,-0.375
qwen25_72b,52,valenced_nonopposite::epistemic::004,valenced_nonopposite,epistemic,valenced,nonopposite,0.4,preference_control,-0.25,1.0,-0.498046875,1.0,-0.498046875,1.0,0.2509765625,-0.7490234375,-0.25,1.0,0.375,-0.625
qwen25_72b,52,valenced_nonopposite::epistemic::004,valenced_nonopposite,epistemic,valenced,nonopposite,0.6,preference_control,4.875,5.875,4.4888916015625,5.9974517822265625,4.4888916015625,5.9974517822265625,5.243171691894531,-0.7542800903320312,4.875,5.875,5.375,-0.5
qwen25_72b,52,valenced_nonopposite::epistemic::004,valenced_nonopposite,epistemic,valenced,nonopposite,0.8,preference_control,8.25,9.5,8.249711990356445,9.62489891052246,8.249711990356445,9.62489891052246,8.937305450439453,-0.6875934600830078,8.25,9.5,8.875,-0.625
qwen25_72b,52,valenced_nonopposite::epistemic::004,valenced_nonopposite,epistemic,valenced,nonopposite,1.0,preference_control,10.5,10.125,10.49994707107544,10.37493085861206,10.49994707107544,10.37493085861206,10.43743896484375,0.0625081062316894,10.5,10.125,10.3125,0.1875
qwen25_72b,52,valenced_nonopposite::epistemic::005,valenced_nonopposite,epistemic,valenced,nonopposite,-1.0,preference_control,-11.25,-7.0,-11.24997079372406,-6.997419834136963,-11.24997079372406,-6.997419834136963,-9.123695313930511,-2.1262754797935486,-11.25,-7.0,-9.125,-2.125
qwen25_72b,52,valenced_nonopposite::epistemic::005,valenced_nonopposite,epistemic,valenced,nonopposite,-0.8,preference_control,-13.5,-8.0,-13.4999920129776,-7.998777985572815,-13.4999920129776,-7.998777985572815,-10.749384999275208,-2.7506070137023926,-13.5,-8.0,-10.75,-2.75
qwen25_72b,52,valenced_nonopposite::epistemic::005,valenced_nonopposite,epistemic,valenced,nonopposite,-0.6,preference_control,-14.75,-8.875,-14.74999463558197,-8.874368906021118,-14.74999463558197,-8.874368906021118,-11.812181770801544,-2.937812864780426,-14.75,-8.875,-11.8125,-2.9375
qwen25_72b,52,valenced_nonopposite::epistemic::005,valenced_nonopposite,epistemic,valenced,nonopposite,-0.4,preference_control,-15.375,-9.25,-15.374995231628418,-9.249598026275637,-15.374995231628418,-9.249598026275637,-12.312296628952026,-3.062698602676392,-15.375,-9.25,-12.3125,-3.0625
qwen25_72b,52,valenced_nonopposite::epistemic::005,valenced_nonopposite,epistemic,valenced,nonopposite,-0.2,preference_control,-14.5,-8.625,-14.499995350837708,-8.624495148658752,-14.499995350837708,-8.624495148658752,-11.56224524974823,-2.937750101089477,-14.5,-8.625,-11.5625,-2.9375
qwen25_72b,52,valenced_nonopposite::epistemic::005,valenced_nonopposite,epistemic,valenced,nonopposite,0.0,preference_control,-12.0,-7.0,-11.99998915195465,-6.998556733131409,-11.99998915195465,-6.998556733131409,-9.49927294254303,-2.500716209411621,-12.0,-7.0,-9.5,-2.5
qwen25_72b,52,valenced_nonopposite::epistemic::005,valenced_nonopposite,epistemic,valenced,nonopposite,0.2,preference_control,-7.125,-3.75,-7.124182939529419,-3.756834626197815,-7.124182939529419,-3.756834626197815,-5.440508782863617,-1.683674156665802,-7.125,-3.75,-5.4375,-1.6875
qwen25_72b,52,valenced_nonopposite::epistemic::005,valenced_nonopposite,epistemic,valenced,nonopposite,0.4,preference_control,-2.25,-0.5,-2.243647336959839,-0.4980459213256836,-2.243647336959839,-0.4980459213256836,-1.3708466291427612,-0.8728007078170776,-2.25,-0.5,-1.375,-0.875
qwen25_72b,52,valenced_nonopposite::epistemic::005,valenced_nonopposite,epistemic,valenced,nonopposite,0.6,preference_control,0.5,1.75,0.4980512857437134,1.7539072036743164,0.4980512857437134,1.7539072036743164,1.125979244709015,-0.6279279589653015,0.5,1.75,1.125,-0.625
qwen25_72b,52,valenced_nonopposite::epistemic::005,valenced_nonopposite,epistemic,valenced,nonopposite,0.8,preference_control,3.25,3.5,3.243169069290161,3.5014655590057373,3.243169069290161,3.5014655590057373,3.372317314147949,-0.129148244857788,3.25,3.5,3.375,-0.125
qwen25_72b,52,valenced_nonopposite::epistemic::005,valenced_nonopposite,epistemic,valenced,nonopposite,1.0,preference_control,4.5,4.25,4.488956570625305,4.235779523849487,4.488956570625305,4.235779523849487,4.362368047237396,0.1265885233879089,4.5,4.25,4.375,0.125
qwen25_72b,52,valenced_nonopposite::epistemic::006,valenced_nonopposite,epistemic,valenced,nonopposite,-1.0,preference_control,-8.375,-2.5,-8.37303340435028,-2.499998927116394,-8.37303340435028,-2.499998927116394,-5.436516165733337,-2.936517238616944,-8.375,-2.5,-5.4375,-2.9375
qwen25_72b,52,valenced_nonopposite::epistemic::006,valenced_nonopposite,epistemic,valenced,nonopposite,-0.8,preference_control,-8.875,-3.0,-8.874261021614075,-3.006346583366394,-8.874261021614075,-3.006346583366394,-5.940303802490234,-2.9339572191238403,-8.875,-3.0,-5.9375,-2.9375
qwen25_72b,52,valenced_nonopposite::epistemic::006,valenced_nonopposite,epistemic,valenced,nonopposite,-0.6,preference_control,-9.0,-3.125,-8.99962854385376,-3.1254870891571045,-8.99962854385376,-3.1254870891571045,-6.062557816505432,-2.937070727348328,-9.0,-3.125,-6.0625,-2.9375
qwen25_72b,52,valenced_nonopposite::epistemic::006,valenced_nonopposite,epistemic,valenced,nonopposite,-0.4,preference_control,-8.125,-2.875,-8.124489068984985,-2.879881262779236,-8.124489068984985,-2.879881262779236,-5.502185165882111,-2.6223039031028748,-8.125,-2.875,-5.5,-2.625
qwen25_72b,52,valenced_nonopposite::epistemic::006,valenced_nonopposite,epistemic,valenced,nonopposite,-0.2,preference_control,-5.875,-2.125,-5.871841430664063,-2.1181620359420776,-5.871841430664063,-2.1181620359420776,-3.99500173330307,-1.8768396973609924,-5.875,-2.125,-4.0,-1.875
qwen25_72b,52,valenced_nonopposite::epistemic::006,valenced_nonopposite,epistemic,valenced,nonopposite,0.0,preference_control,-2.375,-0.625,-2.37890625,-0.6269495487213135,-2.37890625,-0.6269495487213135,-1.5029278993606567,-0.8759783506393433,-2.375,-0.625,-1.5,-0.875
qwen25_72b,52,valenced_nonopposite::epistemic::006,valenced_nonopposite,epistemic,valenced,nonopposite,0.2,preference_control,3.75,2.5,3.755615234375,2.5034254789352417,3.755615234375,2.5034254789352417,3.129520356655121,0.6260948777198792,3.75,2.5,3.125,0.625
qwen25_72b,52,valenced_nonopposite::epistemic::006,valenced_nonopposite,epistemic,valenced,nonopposite,0.4,preference_control,8.5,5.625,8.498001098632812,5.611593008041382,8.498001098632812,5.611593008041382,7.054797053337097,1.443204045295715,8.5,5.625,7.0625,1.4375
qwen25_72b,52,valenced_nonopposite::epistemic::006,valenced_nonopposite,epistemic,valenced,nonopposite,0.6,preference_control,11.75,7.625,11.748626708984377,7.619271278381348,11.748626708984377,7.619271278381348,9.68394899368286,2.0646777153015137,11.75,7.625,9.6875,2.0625
qwen25_72b,52,valenced_nonopposite::epistemic::006,valenced_nonopposite,epistemic,valenced,nonopposite,0.8,preference_control,13.5,8.75,13.498649597167969,8.746697664260864,13.498649597167969,8.746697664260864,11.122673630714417,2.375975966453552,13.5,8.75,11.125,2.375
qwen25_72b,52,valenced_nonopposite::epistemic::006,valenced_nonopposite,epistemic,valenced,nonopposite,1.0,preference_control,13.75,9.125,13.74848175048828,9.122460842132568,13.74848175048828,9.122460842132568,11.435471296310425,2.3130104541778564,13.75,9.125,11.4375,2.3125
qwen25_72b,52,valenced_nonopposite::epistemic::007,valenced_nonopposite,epistemic,valenced,nonopposite,-1.0,preference_control,-20.125,-15.5,-20.124998092651367,-15.499999284744264,-20.124998092651367,-15.499999284744264,-17.812498688697815,-2.312499403953552,-20.125,-15.5,-17.8125,-2.3125
qwen25_72b,52,valenced_nonopposite::epistemic::007,valenced_nonopposite,epistemic,valenced,nonopposite,-0.8,preference_control,-21.25,-16.625,-21.24999761581421,-16.62499964237213,-21.24999761581421,-16.62499964237213,-18.93749862909317,-2.312498986721039,-21.25,-16.625,-18.9375,-2.3125
qwen25_72b,52,valenced_nonopposite::epistemic::007,valenced_nonopposite,epistemic,valenced,nonopposite,-0.6,preference_control,-22.5,-17.5,-22.499998569488525,-17.49999976158142,-22.499998569488525,-17.49999976158142,-19.999999165534973,-2.499999403953552,-22.5,-17.5,-20.0,-2.5
qwen25_72b,52,valenced_nonopposite::epistemic::007,valenced_nonopposite,epistemic,valenced,nonopposite,-0.4,preference_control,-22.375,-18.0,-22.374999165534973,-18.0,-22.374999165534973,-18.0,-20.187499582767487,-2.1874995827674866,-22.375,-18.0,-20.1875,-2.1875
qwen25_72b,52,valenced_nonopposite::epistemic::007,valenced_nonopposite,epistemic,valenced,nonopposite,-0.2,preference_control,-22.125,-17.25,-22.124999403953552,-17.25,-22.124999403953552,-17.25,-19.687499701976776,-2.437499701976776,-22.125,-17.25,-19.6875,-2.4375
qwen25_72b,52,valenced_nonopposite::epistemic::007,valenced_nonopposite,epistemic,valenced,nonopposite,0.0,preference_control,-20.625,-15.625,-20.62499952316284,-15.62499988079071,-20.62499952316284,-15.62499988079071,-18.124999701976776,-2.4999998211860657,-20.625,-15.625,-18.125,-2.5
qwen25_72b,52,valenced_nonopposite::epistemic::007,valenced_nonopposite,epistemic,valenced,nonopposite,0.2,preference_control,-16.5,-12.5,-16.49999964237213,-12.499996066093445,-16.49999964237213,-12.499996066093445,-14.499997854232788,-2.0000017881393437,-16.5,-12.5,-14.5,-2.0
qwen25_72b,52,valenced_nonopposite::epistemic::007,valenced_nonopposite,epistemic,valenced,nonopposite,0.4,preference_control,-11.875,-9.0,-11.87499189376831,-8.999873161315918,-11.87499189376831,-8.999873161315918,-10.437432527542114,-1.4375593662261963,-11.875,-9.0,-10.4375,-1.4375
qwen25_72b,52,valenced_nonopposite::epistemic::007,valenced_nonopposite,epistemic,valenced,nonopposite,0.6,preference_control,-6.0,-4.75,-5.997496485710144,-4.74127197265625,-5.997496485710144,-4.74127197265625,-5.369384229183197,-0.628112256526947,-6.0,-4.75,-5.375,-0.625
qwen25_72b,52,valenced_nonopposite::epistemic::007,valenced_nonopposite,epistemic,valenced,nonopposite,0.8,preference_control,-0.75,-1.0,-0.7539044618606567,-0.998046875,-0.7539044618606567,-0.998046875,-0.8759756684303284,0.1220712065696716,-0.75,-1.0,-0.875,0.125
qwen25_72b,52,valenced_nonopposite::epistemic::007,valenced_nonopposite,epistemic,valenced,nonopposite,1.0,preference_control,2.75,1.25,2.7495131492614746,1.2460938692092896,2.7495131492614746,1.2460938692092896,1.997803509235382,0.7517096400260925,2.75,1.25,2.0,0.75
qwen25_72b,52,valenced_nonopposite::epistemic::008,valenced_nonopposite,epistemic,valenced,nonopposite,-1.0,preference_control,-9.0,-4.5,-8.999770283699036,-4.488644242286682,-8.999770283699036,-4.488644242286682,-6.744207262992859,-2.2555630207061768,-9.0,-4.5,-6.75,-2.25
qwen25_72b,52,valenced_nonopposite::epistemic::008,valenced_nonopposite,epistemic,valenced,nonopposite,-0.8,preference_control,-9.25,-4.5,-9.249860882759094,-4.488759279251099,-9.249860882759094,-4.488759279251099,-6.869310081005096,-2.380550801753998,-9.25,-4.5,-6.875,-2.375
qwen25_72b,52,valenced_nonopposite::epistemic::008,valenced_nonopposite,epistemic,valenced,nonopposite,-0.6,preference_control,-8.75,-4.5,-8.749824285507202,-4.488813996315002,-8.749824285507202,-4.488813996315002,-6.619319140911102,-2.1305051445961,-8.75,-4.5,-6.625,-2.125
qwen25_72b,52,valenced_nonopposite::epistemic::008,valenced_nonopposite,epistemic,valenced,nonopposite,-0.4,preference_control,-7.625,-3.75,-7.624498248100281,-3.74223792552948,-7.624498248100281,-3.74223792552948,-5.68336808681488,-1.9411301612854004,-7.625,-3.75,-5.6875,-1.9375
qwen25_72b,52,valenced_nonopposite::epistemic::008,valenced_nonopposite,epistemic,valenced,nonopposite,-0.2,preference_control,-5.75,-2.75,-5.74681568145752,-2.750526785850525,-5.74681568145752,-2.750526785850525,-4.248671233654022,-1.498144447803497,-5.75,-2.75,-4.25,-1.5
qwen25_72b,52,valenced_nonopposite::epistemic::008,valenced_nonopposite,epistemic,valenced,nonopposite,0.0,preference_control,-2.75,-1.75,-2.750490665435791,-1.7539451122283936,-2.750490665435791,-1.7539451122283936,-2.2522178888320923,-0.4982727766036987,-2.75,-1.75,-2.25,-0.5
qwen25_72b,52,valenced_nonopposite::epistemic::008,valenced_nonopposite,epistemic,valenced,nonopposite,0.2,preference_control,1.75,0.5,1.7539047002792358,0.4980080127716064,1.7539047002792358,0.4980080127716064,1.1259563565254211,0.6279483437538147,1.75,0.5,1.125,0.625
qwen25_72b,52,valenced_nonopposite::epistemic::008,valenced_nonopposite,epistemic,valenced,nonopposite,0.4,preference_control,5.0,2.25,4.993282079696655,2.2436176538467407,4.993282079696655,2.2436176538467407,3.618449866771698,1.3748322129249573,5.0,2.25,3.625,1.375
qwen25_72b,52,valenced_nonopposite::epistemic::008,valenced_nonopposite,epistemic,valenced,nonopposite,0.6,preference_control,7.0,4.0,6.999081969261169,4.01304030418396,6.999081969261169,4.01304030418396,5.506061136722565,1.4930208325386047,7.0,4.0,5.5,1.5
qwen25_72b,52,valenced_nonopposite::epistemic::008,valenced_nonopposite,epistemic,valenced,nonopposite,0.8,preference_control,8.0,4.75,7.999657511711121,4.741374850273132,7.999657511711121,4.741374850273132,6.370516180992127,1.629141330718994,8.0,4.75,6.375,1.625
qwen25_72b,52,valenced_nonopposite::epistemic::008,valenced_nonopposite,epistemic,valenced,nonopposite,1.0,preference_control,9.0,5.0,8.999869227409363,4.993269205093384,8.999869227409363,4.993269205093384,6.996569216251373,2.003300011157989,9.0,5.0,7.0,2.0
qwen25_72b,52,valenced_nonopposite::epistemic::009,valenced_nonopposite,epistemic,valenced,nonopposite,-1.0,preference_control,-13.375,-11.125,-13.24994134902954,-10.749948978424072,-13.24994134902954,-10.749948978424072,-11.999945163726808,-1.2499961853027344,-13.375,-11.125,-12.25,-1.125
qwen25_72b,52,valenced_nonopposite::epistemic::009,valenced_nonopposite,epistemic,valenced,nonopposite,-0.8,preference_control,-14.0,-12.125,-13.999958515167236,-11.874971270561218,-13.999958515167236,-11.874971270561218,-12.937464892864227,-1.062493622303009,-14.0,-12.125,-13.0625,-0.9375
qwen25_72b,52,valenced_nonopposite::epistemic::009,valenced_nonopposite,epistemic,valenced,nonopposite,-0.6,preference_control,-14.125,-12.875,-14.24996256828308,-12.499978065490724,-14.24996256828308,-12.499978065490724,-13.374970316886902,-0.8749922513961792,-14.125,-12.875,-13.5,-0.625
qwen25_72b,52,valenced_nonopposite::epistemic::009,valenced_nonopposite,epistemic,valenced,nonopposite,-0.4,preference_control,-13.375,-12.75,-13.749961137771606,-12.87498390674591,-13.749961137771606,-12.87498390674591,-13.31247252225876,-0.4374886155128479,-13.375,-12.75,-13.0625,-0.3125
qwen25_72b,52,valenced_nonopposite::epistemic::009,valenced_nonopposite,epistemic,valenced,nonopposite,-0.2,preference_control,-12.5,-12.375,-12.74996781349182,-12.499981999397278,-12.74996781349182,-12.499981999397278,-12.62497490644455,-0.1249929070472717,-12.5,-12.375,-12.4375,-0.0625
qwen25_72b,52,valenced_nonopposite::epistemic::009,valenced_nonopposite,epistemic,valenced,nonopposite,0.0,preference_control,-11.0,-10.75,-11.124948501586914,-11.124969720840454,-11.124948501586914,-11.124969720840454,-11.124959111213684,1.0609626770019531e-05,-11.0,-10.75,-10.875,-0.125
qwen25_72b,52,valenced_nonopposite::epistemic::009,valenced_nonopposite,epistemic,valenced,nonopposite,0.2,preference_control,-7.75,-8.0,-7.749530792236328,-7.999639391899109,-7.749530792236328,-7.999639391899109,-7.8745850920677185,0.1250542998313903,-7.75,-8.0,-7.875,0.125
qwen25_72b,52,valenced_nonopposite::epistemic::009,valenced_nonopposite,epistemic,valenced,nonopposite,0.4,preference_control,-3.5,-4.75,-3.7423094511032096,-4.867339968681336,-3.7423094511032096,-4.867339968681336,-4.304824709892273,0.5625152587890625,-3.5,-4.75,-4.125,0.625
qwen25_72b,52,valenced_nonopposite::epistemic::009,valenced_nonopposite,epistemic,valenced,nonopposite,0.6,preference_control,0.75,-1.25,0.4980469942092895,-1.7539061307907104,0.4980469942092895,-1.7539061307907104,-0.6279295682907104,1.1259765625,0.75,-1.25,-0.25,1.0
qwen25_72b,52,valenced_nonopposite::epistemic::009,valenced_nonopposite,epistemic,valenced,nonopposite,0.8,preference_control,3.25,1.0,3.2431641817092896,1.0000001192092896,3.2431641817092896,1.0000001192092896,2.1215821504592896,1.12158203125,3.25,1.0,2.125,1.125
qwen25_72b,52,valenced_nonopposite::epistemic::009,valenced_nonopposite,epistemic,valenced,nonopposite,1.0,preference_control,6.25,2.75,5.997512936592102,2.4990235567092896,5.997512936592102,2.4990235567092896,4.248268246650696,1.7492446899414062,6.25,2.75,4.5,1.75
qwen25_72b,52,valenced_nonopposite::epistemic::010,valenced_nonopposite,epistemic,valenced,nonopposite,-1.0,preference_control,-3.25,2.375,-3.257080078125,2.3701171875,-3.257080078125,2.3701171875,-0.4434814453125,-2.8135986328125,-3.25,2.375,-0.4375,-2.8125
qwen25_72b,52,valenced_nonopposite::epistemic::010,valenced_nonopposite,epistemic,valenced,nonopposite,-0.8,preference_control,-4.0,1.75,-4.012451171875,1.7470703125,-4.012451171875,1.7470703125,-1.1326904296875,-2.8797607421875,-4.0,1.75,-1.125,-2.875
qwen25_72b,52,valenced_nonopposite::epistemic::010,valenced_nonopposite,epistemic,valenced,nonopposite,-0.6,preference_control,-4.75,1.125,-4.74114990234375,1.123046875,-4.74114990234375,1.123046875,-1.809051513671875,-2.932098388671875,-4.75,1.125,-1.8125,-2.9375
qwen25_72b,52,valenced_nonopposite::epistemic::010,valenced_nonopposite,epistemic,valenced,nonopposite,-0.4,preference_control,-5.0,0.625,-4.99310302734375,0.625,-4.99310302734375,0.625,-2.184051513671875,-2.809051513671875,-5.0,0.625,-2.1875,-2.8125
qwen25_72b,52,valenced_nonopposite::epistemic::010,valenced_nonopposite,epistemic,valenced,nonopposite,-0.2,preference_control,-4.5,0.75,-4.48876953125,0.751953125,-4.48876953125,0.751953125,-1.868408203125,-2.620361328125,-4.5,0.75,-1.875,-2.625
qwen25_72b,52,valenced_nonopposite::epistemic::010,valenced_nonopposite,epistemic,valenced,nonopposite,0.0,preference_control,-3.25,1.375,-3.2431640625,1.375,-3.2431640625,1.375,-0.93408203125,-2.30908203125,-3.25,1.375,-0.9375,-2.3125
qwen25_72b,52,valenced_nonopposite::epistemic::010,valenced_nonopposite,epistemic,valenced,nonopposite,0.2,preference_control,-0.375,3.625,-0.375,3.6297607421875,-0.375,3.6297607421875,1.62738037109375,-2.00238037109375,-0.375,3.625,1.625,-2.0
qwen25_72b,52,valenced_nonopposite::epistemic::010,valenced_nonopposite,epistemic,valenced,nonopposite,0.4,preference_control,4.0,6.75,4.0130615234375,6.748809814453125,4.0130615234375,6.748809814453125,5.3809356689453125,-1.3678741455078125,4.0,6.75,5.375,-1.375
qwen25_72b,52,valenced_nonopposite::epistemic::010,valenced_nonopposite,epistemic,valenced,nonopposite,0.6,preference_control,8.875,9.5,8.874855041503906,9.499917984008787,8.874855041503906,9.499917984008787,9.187386512756348,-0.3125314712524414,8.875,9.5,9.1875,-0.3125
qwen25_72b,52,valenced_nonopposite::epistemic::010,valenced_nonopposite,epistemic,valenced,nonopposite,0.8,preference_control,13.0,11.125,12.999995708465576,11.124980330467224,12.999995708465576,11.124980330467224,12.0624880194664,0.937507688999176,13.0,11.125,12.0625,0.9375
qwen25_72b,52,valenced_nonopposite::epistemic::010,valenced_nonopposite,epistemic,valenced,nonopposite,1.0,preference_control,15.5,11.75,15.499997854232788,11.749988436698914,15.499997854232788,11.749988436698914,13.62499314546585,1.8750047087669373,15.5,11.75,13.625,1.875
qwen25_72b,52,valenced_nonopposite::epistemic::011,valenced_nonopposite,epistemic,valenced,nonopposite,-1.0,preference_control,-9.125,-5.5,-9.12484622001648,-5.495636343955994,-9.12484622001648,-5.495636343955994,-7.310241281986237,-1.814604938030243,-9.125,-5.5,-7.3125,-1.8125
qwen25_72b,52,valenced_nonopposite::epistemic::011,valenced_nonopposite,epistemic,valenced,nonopposite,-0.8,preference_control,-9.75,-5.625,-9.74991226196289,-5.621185541152954,-9.74991226196289,-5.621185541152954,-7.685548901557922,-2.0643633604049683,-9.75,-5.625,-7.6875,-2.0625
qwen25_72b,52,valenced_nonopposite::epistemic::011,valenced_nonopposite,epistemic,valenced,nonopposite,-0.6,preference_control,-9.75,-5.375,-9.749918460845947,-5.370208978652954,-9.749918460845947,-5.370208978652954,-7.560063719749451,-2.1898547410964966,-9.75,-5.375,-7.5625,-2.1875
qwen25_72b,52,valenced_nonopposite::epistemic::011,valenced_nonopposite,epistemic,valenced,nonopposite,-0.4,preference_control,-9.0,-4.875,-8.999856233596802,-4.8672791719436646,-8.999856233596802,-4.8672791719436646,-6.933567702770233,-2.0662885308265686,-9.0,-4.875,-6.9375,-2.0625
qwen25_72b,52,valenced_nonopposite::epistemic::011,valenced_nonopposite,epistemic,valenced,nonopposite,-0.2,preference_control,-7.375,-3.5,-7.374351620674133,-3.5013428926467896,-7.374351620674133,-3.5013428926467896,-5.437847256660461,-1.936504364013672,-7.375,-3.5,-5.4375,-1.9375
qwen25_72b,52,valenced_nonopposite::epistemic::011,valenced_nonopposite,epistemic,valenced,nonopposite,0.0,preference_control,-5.0,-2.0,-4.993255615234375,-1.998046875,-4.993255615234375,-1.998046875,-3.4956512451171875,-1.4976043701171875,-5.0,-2.0,-3.5,-1.5
qwen25_72b,52,valenced_nonopposite::epistemic::011,valenced_nonopposite,epistemic,valenced,nonopposite,0.2,preference_control,-0.5,0.75,-0.498046875,0.75390625,-0.498046875,0.75390625,0.1279296875,-0.6259765625,-0.5,0.75,0.125,-0.625
qwen25_72b,52,valenced_nonopposite::epistemic::011,valenced_nonopposite,epistemic,valenced,nonopposite,0.4,preference_control,3.25,3.75,3.2431640625,3.742431640625,3.2431640625,3.742431640625,3.4927978515625,-0.2496337890625,3.25,3.75,3.5,-0.25
qwen25_72b,52,valenced_nonopposite::epistemic::011,valenced_nonopposite,epistemic,valenced,nonopposite,0.6,preference_control,5.5,7.0,5.49591052532196,6.999088287353516,5.49591052532196,6.999088287353516,6.247499406337738,-0.7515888810157776,5.5,7.0,6.25,-0.75
qwen25_72b,52,valenced_nonopposite::epistemic::011,valenced_nonopposite,epistemic,valenced,nonopposite,0.8,preference_control,7.75,8.75,7.749568819999695,8.74984073638916,7.749568819999695,8.74984073638916,8.249704778194427,-0.5001359581947327,7.75,8.75,8.25,-0.5
qwen25_72b,52,valenced_nonopposite::epistemic::011,valenced_nonopposite,epistemic,valenced,nonopposite,1.0,preference_control,9.25,9.5,9.249903798103333,9.499924063682556,9.249903798103333,9.499924063682556,9.374913930892944,-0.1250101327896118,9.25,9.5,9.375,-0.125
qwen25_72b,52,valenced_nonopposite::epistemic::012,valenced_nonopposite,epistemic,valenced,nonopposite,-1.0,preference_control,-6.875,-4.875,-6.872313857078552,-4.878539681434631,-6.872313857078552,-4.878539681434631,-5.875426769256592,-0.9968870878219604,-6.875,-4.875,-5.875,-1.0
qwen25_72b,52,valenced_nonopposite::epistemic::012,valenced_nonopposite,epistemic,valenced,nonopposite,-0.8,preference_control,-7.5,-5.25,-7.486327648162842,-5.259277105331421,-7.486327648162842,-5.259277105331421,-6.372802376747131,-1.1135252714157104,-7.5,-5.25,-6.375,-1.125
qwen25_72b,52,valenced_nonopposite::epistemic::012,valenced_nonopposite,epistemic,valenced,nonopposite,-0.6,preference_control,-7.875,-5.625,-7.867187261581421,-5.611510872840881,-7.867187261581421,-5.611510872840881,-6.739349067211151,-1.1278381943702698,-7.875,-5.625,-6.75,-1.125
qwen25_72b,52,valenced_nonopposite::epistemic::012,valenced_nonopposite,epistemic,valenced,nonopposite,-0.4,preference_control,-7.75,-5.5,-7.74420154094696,-5.4848631620407104,-7.74420154094696,-5.4848631620407104,-6.6145323514938354,-1.129669189453125,-7.75,-5.5,-6.625,-1.125
qwen25_72b,52,valenced_nonopposite::epistemic::012,valenced_nonopposite,epistemic,valenced,nonopposite,-0.2,preference_control,-7.125,-5.0,-7.120269656181336,-5.00842273235321,-7.120269656181336,-5.00842273235321,-6.064346194267273,-1.0559234619140625,-7.125,-5.0,-6.0625,-1.0625
qwen25_72b,52,valenced_nonopposite::epistemic::012,valenced_nonopposite,epistemic,valenced,nonopposite,0.0,preference_control,-5.875,-4.0,-5.868255496025085,-3.9941405057907104,-5.868255496025085,-3.9941405057907104,-4.931198000907898,-0.9370574951171876,-5.875,-4.0,-4.9375,-0.9375
qwen25_72b,52,valenced_nonopposite::epistemic::012,valenced_nonopposite,epistemic,valenced,nonopposite,0.2,preference_control,-3.625,-2.125,-3.6257323026657104,-2.1230467557907104,-3.6257323026657104,-2.1230467557907104,-2.8743895292282104,-0.7513427734375,-3.625,-2.125,-2.875,-0.75
qwen25_72b,52,valenced_nonopposite::epistemic::012,valenced_nonopposite,epistemic,valenced,nonopposite,0.4,preference_control,0.25,0.5,0.2500001192092895,0.5000001192092896,0.2500001192092895,0.5000001192092896,0.3750001192092895,-0.125,0.25,0.5,0.375,-0.125
qwen25_72b,52,valenced_nonopposite::epistemic::012,valenced_nonopposite,epistemic,valenced,nonopposite,0.6,preference_control,4.125,3.125,4.1395264863967896,3.1276856660842896,4.1395264863967896,3.1276856660842896,3.63360607624054,0.50592041015625,4.125,3.125,3.625,0.5
qwen25_72b,52,valenced_nonopposite::epistemic::012,valenced_nonopposite,epistemic,valenced,nonopposite,0.8,preference_control,7.625,5.25,7.624149560928345,5.244537711143494,7.624149560928345,5.244537711143494,6.434343636035919,1.1898059248924255,7.625,5.25,6.4375,1.1875
qwen25_72b,52,valenced_nonopposite::epistemic::012,valenced_nonopposite,epistemic,valenced,nonopposite,1.0,preference_control,10.375,6.125,10.37468409538269,6.122681498527527,10.37468409538269,6.122681498527527,8.248682796955109,2.126001298427582,10.375,6.125,8.25,2.125
qwen25_72b,52,valenced_nonopposite::epistemic::013,valenced_nonopposite,epistemic,valenced,nonopposite,-1.0,preference_control,-12.0,-5.875,-12.124962091445925,-5.74627685546875,-12.124962091445925,-5.74627685546875,-8.935619473457336,-3.1893426179885864,-12.0,-5.875,-8.9375,-3.0625
qwen25_72b,52,valenced_nonopposite::epistemic::013,valenced_nonopposite,epistemic,valenced,nonopposite,-0.8,preference_control,-13.5,-6.875,-13.499971866607666,-6.873748779296875,-13.499971866607666,-6.873748779296875,-10.18686032295227,-3.3131115436553955,-13.5,-6.875,-10.1875,-3.3125
qwen25_72b,52,valenced_nonopposite::epistemic::013,valenced_nonopposite,epistemic,valenced,nonopposite,-0.6,preference_control,-14.5,-7.5,-14.249969840049744,-7.624393463134766,-14.249969840049744,-7.624393463134766,-10.937181651592256,-3.312788188457489,-14.5,-7.5,-11.0,-3.5
qwen25_72b,52,valenced_nonopposite::epistemic::013,valenced_nonopposite,epistemic,valenced,nonopposite,-0.4,preference_control,-14.375,-8.375,-14.374966979026794,-8.624752044677734,-14.374966979026794,-8.624752044677734,-11.499859511852264,-2.87510746717453,-14.375,-8.375,-11.375,-3.0
qwen25_72b,52,valenced_nonopposite::epistemic::013,valenced_nonopposite,epistemic,valenced,nonopposite,-0.2,preference_control,-13.375,-8.75,-13.499964475631714,-8.62475872039795,-13.499964475631714,-8.62475872039795,-11.062361598014832,-2.4376028776168823,-13.375,-8.75,-11.0625,-2.3125
qwen25_72b,52,valenced_nonopposite::epistemic::013,valenced_nonopposite,epistemic,valenced,nonopposite,0.0,preference_control,-11.125,-8.0,-11.249949216842651,-7.749492645263672,-11.249949216842651,-7.749492645263672,-9.499720931053162,-1.7502282857894895,-11.125,-8.0,-9.5625,-1.5625
qwen25_72b,52,valenced_nonopposite::epistemic::013,valenced_nonopposite,epistemic,valenced,nonopposite,0.2,preference_control,-6.625,-5.5,-6.62359631061554,-5.621307373046875,-6.62359631061554,-5.621307373046875,-6.122451841831207,-0.5011444687843323,-6.625,-5.5,-6.0625,-0.5625
qwen25_72b,52,valenced_nonopposite::epistemic::013,valenced_nonopposite,epistemic,valenced,nonopposite,0.4,preference_control,-1.0,-1.5,-1.248046875,-1.625,-1.248046875,-1.625,-1.4365234375,0.1884765625,-1.0,-1.5,-1.25,0.25
qwen25_72b,52,valenced_nonopposite::epistemic::013,valenced_nonopposite,epistemic,valenced,nonopposite,0.6,preference_control,4.5,2.75,4.48895263671875,2.4990234375,4.48895263671875,2.4990234375,3.493988037109375,0.994964599609375,4.5,2.75,3.625,0.875
qwen25_72b,52,valenced_nonopposite::epistemic::013,valenced_nonopposite,epistemic,valenced,nonopposite,0.8,preference_control,8.25,6.125,8.24972152709961,6.1227569580078125,8.24972152709961,6.1227569580078125,7.186239242553711,1.0634822845458984,8.25,6.125,7.1875,1.0625
qwen25_72b,52,valenced_nonopposite::epistemic::013,valenced_nonopposite,epistemic,valenced,nonopposite,1.0,preference_control,10.75,7.625,10.999970436096191,7.74951171875,10.999970436096191,7.74951171875,9.374741077423096,1.6252293586730957,10.75,7.625,9.1875,1.5625
qwen25_72b,52,valenced_nonopposite::epistemic::014,valenced_nonopposite,epistemic,valenced,nonopposite,-1.0,preference_control,-7.875,-5.25,-7.999658703804016,-5.244751214981079,-7.999658703804016,-5.244751214981079,-6.622204959392548,-1.3774537444114685,-7.875,-5.25,-6.5625,-1.3125
qwen25_72b,52,valenced_nonopposite::epistemic::014,valenced_nonopposite,epistemic,valenced,nonopposite,-0.8,preference_control,-8.625,-5.75,-8.499794840812683,-5.7468262910842896,-8.499794840812683,-5.7468262910842896,-7.123310565948486,-1.3764842748641968,-8.625,-5.75,-7.1875,-1.4375
qwen25_72b,52,valenced_nonopposite::epistemic::014,valenced_nonopposite,epistemic,valenced,nonopposite,-0.6,preference_control,-8.75,-5.75,-8.87485921382904,-5.7468262910842896,-8.87485921382904,-5.7468262910842896,-7.310842752456665,-1.5640164613723757,-8.75,-5.75,-7.25,-1.5
qwen25_72b,52,valenced_nonopposite::epistemic::014,valenced_nonopposite,epistemic,valenced,nonopposite,-0.4,preference_control,-8.5,-5.5,-8.499796032905579,-5.2447509765625,-8.499796032905579,-5.2447509765625,-6.872273504734039,-1.6275225281715393,-8.5,-5.5,-7.0,-1.5
qwen25_72b,52,valenced_nonopposite::epistemic::014,valenced_nonopposite,epistemic,valenced,nonopposite,-0.2,preference_control,-7.25,-4.25,-7.249290585517883,-4.48895263671875,-7.249290585517883,-4.48895263671875,-5.869121611118317,-1.3801689743995669,-7.25,-4.25,-5.75,-1.5
qwen25_72b,52,valenced_nonopposite::epistemic::014,valenced_nonopposite,epistemic,valenced,nonopposite,0.0,preference_control,-5.0,-2.5,-5.2447509765625,-2.4990234375,-5.2447509765625,-2.4990234375,-3.87188720703125,-1.37286376953125,-5.0,-2.5,-3.75,-1.25
qwen25_72b,52,valenced_nonopposite::epistemic::014,valenced_nonopposite,epistemic,valenced,nonopposite,0.2,preference_control,-0.5,1.25,-0.498046875,1.248046875,-0.498046875,1.248046875,0.375,-0.873046875,-0.5,1.25,0.375,-0.875
qwen25_72b,52,valenced_nonopposite::epistemic::014,valenced_nonopposite,epistemic,valenced,nonopposite,0.4,preference_control,5.0,5.0,4.9932861328125,4.9932861328125,4.9932861328125,4.9932861328125,4.9932861328125,0.0,5.0,5.0,5.0,0.0
qwen25_72b,52,valenced_nonopposite::epistemic::014,valenced_nonopposite,epistemic,valenced,nonopposite,0.6,preference_control,11.0,8.5,10.999982714653015,8.499794960021973,10.999982714653015,8.499794960021973,9.749888837337494,1.2500938773155212,11.0,8.5,9.75,1.25
qwen25_72b,52,valenced_nonopposite::epistemic::014,valenced_nonopposite,epistemic,valenced,nonopposite,0.8,preference_control,15.5,11.625,15.249999165534971,11.6249897480011,15.249999165534971,11.6249897480011,13.437494456768036,1.8125047087669373,15.5,11.625,13.5625,1.9375
qwen25_72b,52,valenced_nonopposite::epistemic::014,valenced_nonopposite,epistemic,valenced,nonopposite,1.0,preference_control,17.0,13.0,17.374999403953552,13.12499713897705,17.374999403953552,13.12499713897705,15.249998271465302,2.1250011324882507,17.0,13.0,15.0,2.0
qwen25_72b,52,valenced_nonopposite::epistemic::015,valenced_nonopposite,epistemic,valenced,nonopposite,-1.0,preference_control,-6.625,-0.125,-6.6236114501953125,-0.125,-6.6236114501953125,-0.125,-3.374305725097656,-3.249305725097656,-6.625,-0.125,-3.375,-3.25
qwen25_72b,52,valenced_nonopposite::epistemic::015,valenced_nonopposite,epistemic,valenced,nonopposite,-0.8,preference_control,-6.875,-0.875,-6.873931884765625,-0.875,-6.873931884765625,-0.875,-3.874465942382813,-2.9994659423828125,-6.875,-0.875,-3.875,-3.0
qwen25_72b,52,valenced_nonopposite::epistemic::015,valenced_nonopposite,epistemic,valenced,nonopposite,-0.6,preference_control,-6.75,-1.25,-6.748802185058594,-1.24609375,-6.748802185058594,-1.24609375,-3.997447967529297,-2.751354217529297,-6.75,-1.25,-4.0,-2.75
qwen25_72b,52,valenced_nonopposite::epistemic::015,valenced_nonopposite,epistemic,valenced,nonopposite,-0.4,preference_control,-6.375,-1.5,-6.373268127441406,-1.5,-6.373268127441406,-1.5,-3.936634063720703,-2.436634063720703,-6.375,-1.5,-3.9375,-2.4375
qwen25_72b,52,valenced_nonopposite::epistemic::015,valenced_nonopposite,epistemic,valenced,nonopposite,-0.2,preference_control,-5.375,-0.75,-5.370330810546875,-0.751953125,-5.370330810546875,-0.751953125,-3.061141967773437,-2.309188842773437,-5.375,-0.75,-3.0625,-2.3125
qwen25_72b,52,valenced_nonopposite::epistemic::015,valenced_nonopposite,epistemic,valenced,nonopposite,0.0,preference_control,-3.0,0.25,-2.998046875,0.25,-2.998046875,0.25,-1.3740234375,-1.6240234375,-3.0,0.25,-1.375,-1.625
qwen25_72b,52,valenced_nonopposite::epistemic::015,valenced_nonopposite,epistemic,valenced,nonopposite,0.2,preference_control,1.5,3.0,1.5009765625,2.997314453125,1.5009765625,2.997314453125,2.2491455078125,-0.7481689453125,1.5,3.0,2.25,-0.75
qwen25_72b,52,valenced_nonopposite::epistemic::015,valenced_nonopposite,epistemic,valenced,nonopposite,0.4,preference_control,5.5,5.25,5.49578857421875,5.244415283203125,5.49578857421875,5.244415283203125,5.3701019287109375,0.1256866455078125,5.5,5.25,5.375,0.125
qwen25_72b,52,valenced_nonopposite::epistemic::015,valenced_nonopposite,epistemic,valenced,nonopposite,0.6,preference_control,8.5,6.875,8.499744415283203,6.873802185058594,8.499744415283203,6.873802185058594,7.686773300170898,0.8129711151123047,8.5,6.875,7.6875,0.8125
qwen25_72b,52,valenced_nonopposite::epistemic::015,valenced_nonopposite,epistemic,valenced,nonopposite,0.8,preference_control,10.875,8.0,10.874961614608765,7.99958610534668,10.874961614608765,7.99958610534668,9.437273859977722,1.4376877546310425,10.875,8.0,9.4375,1.4375
qwen25_72b,52,valenced_nonopposite::epistemic::015,valenced_nonopposite,epistemic,valenced,nonopposite,1.0,preference_control,12.0,8.5,11.999980449676514,8.499740600585938,11.999980449676514,8.499740600585938,10.249860525131226,1.750119924545288,12.0,8.5,10.25,1.75
qwen25_72b,52,valenced_nonopposite::epistemic::016,valenced_nonopposite,epistemic,valenced,nonopposite,-1.0,preference_control,-11.0,-4.875,-10.999872207641602,-4.86730945110321,-10.999872207641602,-4.86730945110321,-7.933590829372406,-3.066281378269196,-11.0,-4.875,-7.9375,-3.0625
qwen25_72b,52,valenced_nonopposite::epistemic::016,valenced_nonopposite,epistemic,valenced,nonopposite,-0.8,preference_control,-11.5,-5.125,-11.499894976615906,-5.11901843547821,-11.499894976615906,-5.11901843547821,-8.309456706047058,-3.190438270568848,-11.5,-5.125,-8.3125,-3.1875
qwen25_72b,52,valenced_nonopposite::epistemic::016,valenced_nonopposite,epistemic,valenced,nonopposite,-0.6,preference_control,-11.75,-5.375,-11.74992024898529,-5.3703306913375854,-11.74992024898529,-5.3703306913375854,-8.560125470161438,-3.1897947788238525,-11.75,-5.375,-8.5625,-3.1875
qwen25_72b,52,valenced_nonopposite::epistemic::016,valenced_nonopposite,epistemic,valenced,nonopposite,-0.4,preference_control,-11.25,-5.25,-11.249916911125185,-5.244720339775085,-11.249916911125185,-5.244720339775085,-8.247318625450134,-3.002598285675049,-11.25,-5.25,-8.25,-3.0
qwen25_72b,52,valenced_nonopposite::epistemic::016,valenced_nonopposite,epistemic,valenced,nonopposite,-0.2,preference_control,-9.875,-4.5,-9.874885439872742,-4.48889148235321,-9.874885439872742,-4.48889148235321,-7.181888461112976,-2.6929969787597656,-9.875,-4.5,-7.1875,-2.6875
qwen25_72b,52,valenced_nonopposite::epistemic::016,valenced_nonopposite,epistemic,valenced,nonopposite,0.0,preference_control,-7.375,-3.25,-7.3742979764938354,-3.243163824081421,-7.3742979764938354,-3.243163824081421,-5.308730900287628,-2.0655670762062077,-7.375,-3.25,-5.3125,-2.0625
qwen25_72b,52,valenced_nonopposite::epistemic::016,valenced_nonopposite,epistemic,valenced,nonopposite,0.2,preference_control,-2.0,-0.75,-1.998046636581421,-0.7539057731628418,-1.998046636581421,-0.7539057731628418,-1.3759762048721311,-0.6220704317092896,-2.0,-0.75,-1.375,-0.625
qwen25_72b,52,valenced_nonopposite::epistemic::016,valenced_nonopposite,epistemic,valenced,nonopposite,0.4,preference_control,2.25,2.0,2.2436527013778687,1.998047947883606,2.2436527013778687,1.998047947883606,2.1208503246307373,0.1228023767471313,2.25,2.0,2.125,0.125
qwen25_72b,52,valenced_nonopposite::epistemic::016,valenced_nonopposite,epistemic,valenced,nonopposite,0.6,preference_control,5.5,5.0,5.495911002159119,4.993226170539856,5.495911002159119,4.993226170539856,5.244568586349487,0.2513424158096313,5.5,5.0,5.25,0.25
qwen25_72b,52,valenced_nonopposite::epistemic::016,valenced_nonopposite,epistemic,valenced,nonopposite,0.8,preference_control,7.875,6.5,7.874605417251587,6.4984517097473145,7.874605417251587,6.4984517097473145,7.186528563499451,0.6880768537521362,7.875,6.5,7.1875,0.6875
qwen25_72b,52,valenced_nonopposite::epistemic::016,valenced_nonopposite,epistemic,valenced,nonopposite,1.0,preference_control,9.375,7.875,9.374900460243223,7.874592065811157,9.374900460243223,7.874592065811157,8.624746263027191,0.7501541972160339,9.375,7.875,8.625,0.75
qwen25_72b,52,valenced_nonopposite::epistemic::017,valenced_nonopposite,epistemic,valenced,nonopposite,-1.0,preference_control,-17.625,-15.5,-17.62499713897705,-15.499996662139893,-17.62499713897705,-15.499996662139893,-16.56249690055847,-1.062500238418579,-17.625,-15.5,-16.5625,-1.0625
qwen25_72b,52,valenced_nonopposite::epistemic::017,valenced_nonopposite,epistemic,valenced,nonopposite,-0.8,preference_control,-18.5,-16.875,-18.49999725818634,-16.874998092651367,-18.49999725818634,-16.874998092651367,-17.687497675418854,-0.8124995827674866,-18.5,-16.875,-17.6875,-0.8125
qwen25_72b,52,valenced_nonopposite::epistemic::017,valenced_nonopposite,epistemic,valenced,nonopposite,-0.6,preference_control,-19.25,-18.0,-19.249997854232788,-17.999998569488525,-19.249997854232788,-17.999998569488525,-18.624998211860657,-0.6249996423721313,-19.25,-18.0,-18.625,-0.625
qwen25_72b,52,valenced_nonopposite::epistemic::017,valenced_nonopposite,epistemic,valenced,nonopposite,-0.4,preference_control,-18.625,-18.375,-18.62499761581421,-18.374998927116398,-18.62499761581421,-18.374998927116398,-18.4999982714653,-0.1249993443489074,-18.625,-18.375,-18.5,-0.125
qwen25_72b,52,valenced_nonopposite::epistemic::017,valenced_nonopposite,epistemic,valenced,nonopposite,-0.2,preference_control,-16.875,-17.875,-16.874998092651367,-17.874999046325684,-16.874998092651367,-17.874999046325684,-17.374998569488525,0.5000004768371582,-16.875,-17.875,-17.375,0.5
qwen25_72b,52,valenced_nonopposite::epistemic::017,valenced_nonopposite,epistemic,valenced,nonopposite,0.0,preference_control,-14.5,-16.125,-14.499997615814207,-16.124998927116394,-14.499997615814207,-16.124998927116394,-15.312498271465302,0.8125006556510925,-14.5,-16.125,-15.3125,0.8125
qwen25_72b,52,valenced_nonopposite::epistemic::017,valenced_nonopposite,epistemic,valenced,nonopposite,0.2,preference_control,-9.875,-11.625,-9.87494659423828,-11.62498939037323,-9.87494659423828,-11.62498939037323,-10.749967992305756,0.8750213980674744,-9.875,-11.625,-10.75,0.875
qwen25_72b,52,valenced_nonopposite::epistemic::017,valenced_nonopposite,epistemic,valenced,nonopposite,0.4,preference_control,-3.75,-5.25,-3.742431640625,-5.2447509765625,-3.742431640625,-5.2447509765625,-4.49359130859375,0.75115966796875,-3.75,-5.25,-4.5,0.75
qwen25_72b,52,valenced_nonopposite::epistemic::017,valenced_nonopposite,epistemic,valenced,nonopposite,0.6,preference_control,2.25,1.0,2.24365234375,1.0,2.24365234375,1.0,1.621826171875,0.621826171875,2.25,1.0,1.625,0.625
qwen25_72b,52,valenced_nonopposite::epistemic::017,valenced_nonopposite,epistemic,valenced,nonopposite,0.8,preference_control,7.25,5.25,7.249290466308594,5.2447509765625,7.249290466308594,5.2447509765625,6.247020721435547,1.0022697448730469,7.25,5.25,6.25,1.0
qwen25_72b,52,valenced_nonopposite::epistemic::017,valenced_nonopposite,epistemic,valenced,nonopposite,1.0,preference_control,10.5,7.5,10.499971866607666,7.499446868896484,10.499971866607666,7.499446868896484,8.999709367752075,1.5002624988555908,10.5,7.5,9.0,1.5
qwen25_72b,52,valenced_nonopposite::epistemic::019,valenced_nonopposite,epistemic,valenced,nonopposite,-1.0,preference_control,-14.25,-9.625,-14.249979138374329,-9.624764204025269,-14.249979138374329,-9.624764204025269,-11.9373716711998,-2.31260746717453,-14.25,-9.625,-11.9375,-2.3125
qwen25_72b,52,valenced_nonopposite::epistemic::019,valenced_nonopposite,epistemic,valenced,nonopposite,-0.8,preference_control,-16.0,-10.375,-15.999983310699465,-10.374924778938292,-15.999983310699465,-10.374924778938292,-13.187454044818878,-2.8125292658805847,-16.0,-10.375,-13.1875,-2.8125
qwen25_72b,52,valenced_nonopposite::epistemic::019,valenced_nonopposite,epistemic,valenced,nonopposite,-0.6,preference_control,-16.125,-10.875,-16.12498700618744,-10.874969244003296,-16.12498700618744,-10.874969244003296,-13.499978125095367,-2.6250088810920715,-16.125,-10.875,-13.5,-2.625
qwen25_72b,52,valenced_nonopposite::epistemic::019,valenced_nonopposite,epistemic,valenced,nonopposite,-0.4,preference_control,-15.75,-11.0,-15.749988198280334,-10.999977588653564,-15.749988198280334,-10.999977588653564,-13.37498289346695,-2.375005304813385,-15.75,-11.0,-13.375,-2.375
qwen25_72b,52,valenced_nonopposite::epistemic::019,valenced_nonopposite,epistemic,valenced,nonopposite,-0.2,preference_control,-14.375,-10.875,-14.374991536140442,-10.874977111816406,-14.374991536140442,-10.874977111816406,-12.624984323978424,-1.7500072121620178,-14.375,-10.875,-12.625,-1.75
qwen25_72b,52,valenced_nonopposite::epistemic::019,valenced_nonopposite,epistemic,valenced,nonopposite,0.0,preference_control,-12.25,-9.5,-12.249986171722412,-9.499918460845947,-12.249986171722412,-9.499918460845947,-10.87495231628418,-1.3750338554382324,-12.25,-9.5,-10.875,-1.375
qwen25_72b,52,valenced_nonopposite::epistemic::019,valenced_nonopposite,epistemic,valenced,nonopposite,0.2,preference_control,-7.0,-6.5,-6.99907112121582,-6.498479843139648,-6.99907112121582,-6.498479843139648,-6.748775482177734,-0.2502956390380859,-7.0,-6.5,-6.75,-0.25
qwen25_72b,52,valenced_nonopposite::epistemic::019,valenced_nonopposite,epistemic,valenced,nonopposite,0.4,preference_control,-0.75,-2.0,-0.7538853883743286,-1.9980432987213133,-0.7538853883743286,-1.9980432987213133,-1.375964343547821,0.6220789551734924,-0.75,-2.0,-1.375,0.625
qwen25_72b,52,valenced_nonopposite::epistemic::019,valenced_nonopposite,epistemic,valenced,nonopposite,0.6,preference_control,4.75,2.5,4.741351842880249,2.4990264177322388,4.741351842880249,2.4990264177322388,3.620189130306244,1.1211627125740051,4.75,2.5,3.625,1.125
qwen25_72b,52,valenced_nonopposite::epistemic::019,valenced_nonopposite,epistemic,valenced,nonopposite,0.8,preference_control,10.0,6.5,9.999939799308777,6.498361110687256,9.999939799308777,6.498361110687256,8.249150454998016,1.7507893443107605,10.0,6.5,8.25,1.75
qwen25_72b,52,valenced_nonopposite::epistemic::019,valenced_nonopposite,epistemic,valenced,nonopposite,1.0,preference_control,12.625,8.5,12.624971389770508,8.499710321426392,12.624971389770508,8.499710321426392,10.56234085559845,2.062630534172058,12.625,8.5,10.5625,2.0625
qwen25_72b,52,valenced_nonopposite::utilitarian::000,valenced_nonopposite,utilitarian,valenced,nonopposite,-1.0,preference_control,-12.625,-11.75,-12.624967455863953,-11.749879598617554,-12.624967455863953,-11.749879598617554,-12.187423527240751,-0.4375439286231994,-12.625,-11.75,-12.1875,-0.4375
qwen25_72b,52,valenced_nonopposite::utilitarian::000,valenced_nonopposite,utilitarian,valenced,nonopposite,-0.8,preference_control,-13.375,-12.625,-13.374981164932253,-12.624929666519163,-13.374981164932253,-12.624929666519163,-12.999955415725708,-0.3750257492065429,-13.375,-12.625,-13.0,-0.375
qwen25_72b,52,valenced_nonopposite::utilitarian::000,valenced_nonopposite,utilitarian,valenced,nonopposite,-0.6,preference_control,-13.375,-12.625,-13.374982714653015,-12.624943614006042,-13.374982714653015,-12.624943614006042,-12.999963164329529,-0.3750195503234863,-13.375,-12.625,-13.0,-0.375
qwen25_72b,52,valenced_nonopposite::utilitarian::000,valenced_nonopposite,utilitarian,valenced,nonopposite,-0.4,preference_control,-12.0,-11.875,-11.999972224235536,-11.874934315681458,-11.999972224235536,-11.874934315681458,-11.937453269958496,-0.0625189542770385,-12.0,-11.875,-11.9375,-0.0625
qwen25_72b,52,valenced_nonopposite::utilitarian::000,valenced_nonopposite,utilitarian,valenced,nonopposite,-0.2,preference_control,-9.25,-9.875,-9.249863386154177,-9.874893426895142,-9.249863386154177,-9.874893426895142,-9.562378406524658,0.3125150203704834,-9.25,-9.875,-9.5625,0.3125
qwen25_72b,52,valenced_nonopposite::utilitarian::000,valenced_nonopposite,utilitarian,valenced,nonopposite,0.0,preference_control,-5.0,-7.0,-4.993148684501648,-6.998992204666138,-4.993148684501648,-6.998992204666138,-5.996070444583893,1.0029217600822449,-5.0,-7.0,-6.0,1.0
qwen25_72b,52,valenced_nonopposite::utilitarian::000,valenced_nonopposite,utilitarian,valenced,nonopposite,0.2,preference_control,1.0,-2.75,0.9987605810165404,-2.75018310546875,0.9987605810165404,-2.75018310546875,-0.8757112622261047,1.8744718432426453,1.0,-2.75,-0.875,1.875
qwen25_72b,52,valenced_nonopposite::utilitarian::000,valenced_nonopposite,utilitarian,valenced,nonopposite,0.4,preference_control,5.5,1.0,5.499756217002869,0.998136043548584,5.499756217002869,0.998136043548584,3.2489461302757263,2.2508100867271423,5.5,1.0,3.25,2.25
qwen25_72b,52,valenced_nonopposite::utilitarian::000,valenced_nonopposite,utilitarian,valenced,nonopposite,0.6,preference_control,9.0,3.75,9.007362842559814,3.7577619552612314,9.007362842559814,3.7577619552612314,6.3825623989105225,2.624800443649292,9.0,3.75,6.375,2.625
qwen25_72b,52,valenced_nonopposite::utilitarian::000,valenced_nonopposite,utilitarian,valenced,nonopposite,0.8,preference_control,11.25,5.5,11.251828670501707,5.495769500732422,11.251828670501707,5.495769500732422,8.373799085617065,2.878029584884644,11.25,5.5,8.375,2.875
qwen25_72b,52,valenced_nonopposite::utilitarian::000,valenced_nonopposite,utilitarian,valenced,nonopposite,1.0,preference_control,11.875,6.25,11.875069618225098,6.247955799102783,11.875069618225098,6.247955799102783,9.06151270866394,2.813556909561157,11.875,6.25,9.0625,2.8125
qwen25_72b,52,valenced_nonopposite::utilitarian::001,valenced_nonopposite,utilitarian,valenced,nonopposite,-1.0,preference_control,-12.625,-8.25,-12.62421715259552,-8.235104203224182,-12.62421715259552,-8.235104203224182,-10.429660677909853,-2.194556474685669,-12.625,-8.25,-10.4375,-2.1875
qwen25_72b,52,valenced_nonopposite::utilitarian::001,valenced_nonopposite,utilitarian,valenced,nonopposite,-0.8,preference_control,-13.0,-8.125,-12.999676942825316,-8.116634368896484,-12.999676942825316,-8.116634368896484,-10.5581556558609,-2.4415212869644165,-13.0,-8.125,-10.5625,-2.4375
qwen25_72b,52,valenced_nonopposite::utilitarian::001,valenced_nonopposite,utilitarian,valenced,nonopposite,-0.6,preference_control,-12.375,-7.625,-12.374839901924132,-7.619868159294128,-12.374839901924132,-7.619868159294128,-9.99735403060913,-2.3774858713150024,-12.375,-7.625,-10.0,-2.375
qwen25_72b,52,valenced_nonopposite::utilitarian::001,valenced_nonopposite,utilitarian,valenced,nonopposite,-0.4,preference_control,-10.75,-6.625,-10.7499121427536,-6.621302604675293,-10.7499121427536,-6.621302604675293,-8.685607373714447,-2.064304769039154,-10.75,-6.625,-8.6875,-2.0625
qwen25_72b,52,valenced_nonopposite::utilitarian::001,valenced_nonopposite,utilitarian,valenced,nonopposite,-0.2,preference_control,-7.375,-3.625,-7.374262690544128,-3.623774409294128,-7.374262690544128,-3.623774409294128,-5.499018549919128,-1.875244140625,-7.375,-3.625,-5.5,-1.875
qwen25_72b,52,valenced_nonopposite::utilitarian::001,valenced_nonopposite,utilitarian,valenced,nonopposite,0.0,preference_control,-3.125,0.0,-3.127928733825684,3.933906555175781e-06,-3.127928733825684,3.933906555175781e-06,-1.5639623999595642,-1.5639663338661194,-3.125,0.0,-1.5625,-1.5625
qwen25_72b,52,valenced_nonopposite::utilitarian::001,valenced_nonopposite,utilitarian,valenced,nonopposite,0.2,preference_control,2.0,4.5,1.9941418170928955,4.501590132713318,1.9941418170928955,4.501590132713318,3.2478659749031067,-1.2537241578102112,2.0,4.5,3.25,-1.25
qwen25_72b,52,valenced_nonopposite::utilitarian::001,valenced_nonopposite,utilitarian,valenced,nonopposite,0.4,preference_control,6.25,7.625,6.245850443840027,7.615664839744568,6.245850443840027,7.615664839744568,6.930757641792297,-0.6849071979522705,6.25,7.625,6.9375,-0.6875
qwen25_72b,52,valenced_nonopposite::utilitarian::001,valenced_nonopposite,utilitarian,valenced,nonopposite,0.6,preference_control,9.375,9.625,9.37320041656494,9.620242953300476,9.37320041656494,9.620242953300476,9.496721684932709,-0.1235212683677673,9.375,9.625,9.5,-0.125
qwen25_72b,52,valenced_nonopposite::utilitarian::001,valenced_nonopposite,utilitarian,valenced,nonopposite,0.8,preference_control,11.0,10.5,10.998475074768066,10.497472047805786,10.998475074768066,10.497472047805786,10.747973561286926,0.2505015134811401,11.0,10.5,10.75,0.25
qwen25_72b,52,valenced_nonopposite::utilitarian::001,valenced_nonopposite,utilitarian,valenced,nonopposite,1.0,preference_control,11.25,9.75,11.248055577278135,9.748421907424929,11.248055577278135,9.748421907424929,10.498238742351532,0.7498168349266052,11.25,9.75,10.5,0.75
qwen25_72b,52,valenced_nonopposite::utilitarian::002,valenced_nonopposite,utilitarian,valenced,nonopposite,-1.0,preference_control,-11.75,-11.875,-11.624986052513124,-11.999985098838806,-11.624986052513124,-11.999985098838806,-11.812485575675964,0.1874995231628418,-11.75,-11.875,-11.8125,0.0625
qwen25_72b,52,valenced_nonopposite::utilitarian::002,valenced_nonopposite,utilitarian,valenced,nonopposite,-0.8,preference_control,-12.875,-12.75,-12.874993443489076,-12.624990701675417,-12.874993443489076,-12.624990701675417,-12.749992072582245,-0.1250013709068298,-12.875,-12.75,-12.8125,-0.0625
qwen25_72b,52,valenced_nonopposite::utilitarian::002,valenced_nonopposite,utilitarian,valenced,nonopposite,-0.6,preference_control,-13.5,-13.5,-13.624995350837708,-13.499995470046995,-13.624995350837708,-13.499995470046995,-13.562495410442352,-0.0624999403953552,-13.5,-13.5,-13.5,0.0
qwen25_72b,52,valenced_nonopposite::utilitarian::002,valenced_nonopposite,utilitarian,valenced,nonopposite,-0.4,preference_control,-13.75,-13.125,-13.874995946884155,-13.374995589256288,-13.874995946884155,-13.374995589256288,-13.62499576807022,-0.2500001788139343,-13.75,-13.125,-13.4375,-0.3125
qwen25_72b,52,valenced_nonopposite::utilitarian::002,valenced_nonopposite,utilitarian,valenced,nonopposite,-0.2,preference_control,-12.375,-12.375,-12.499992847442629,-12.499993324279783,-12.499992847442629,-12.499993324279783,-12.499993085861206,2.384185791015625e-07,-12.375,-12.375,-12.375,0.0
qwen25_72b,52,valenced_nonopposite::utilitarian::002,valenced_nonopposite,utilitarian,valenced,nonopposite,0.0,preference_control,-10.25,-10.375,-10.249961256980896,-10.4999680519104,-10.249961256980896,-10.4999680519104,-10.374964654445648,0.1250033974647522,-10.25,-10.375,-10.3125,0.0625
qwen25_72b,52,valenced_nonopposite::utilitarian::002,valenced_nonopposite,utilitarian,valenced,nonopposite,0.2,preference_control,-6.0,-6.5,-5.997509837150574,-6.623654961585999,-5.997509837150574,-6.623654961585999,-6.310582399368286,0.3130725622177124,-6.0,-6.5,-6.25,0.25
qwen25_72b,52,valenced_nonopposite::utilitarian::002,valenced_nonopposite,utilitarian,valenced,nonopposite,0.4,preference_control,-0.75,-1.25,-0.9980427026748656,-1.2480438947677612,-0.9980427026748656,-1.2480438947677612,-1.1230432987213137,0.1250005960464477,-0.75,-1.25,-1.0,0.25
qwen25_72b,52,valenced_nonopposite::utilitarian::002,valenced_nonopposite,utilitarian,valenced,nonopposite,0.6,preference_control,4.25,3.0,4.012578725814819,2.997563600540161,4.012578725814819,2.997563600540161,3.5050711631774902,0.5075075626373291,4.25,3.0,3.625,0.625
qwen25_72b,52,valenced_nonopposite::utilitarian::002,valenced_nonopposite,utilitarian,valenced,nonopposite,0.8,preference_control,8.875,5.375,8.874529600143433,5.11868941783905,8.874529600143433,5.11868941783905,6.9966095089912415,1.8779200911521912,8.875,5.375,7.125,1.75
qwen25_72b,52,valenced_nonopposite::utilitarian::002,valenced_nonopposite,utilitarian,valenced,nonopposite,1.0,preference_control,11.125,5.625,10.999560236930847,5.4956134557724,10.999560236930847,5.4956134557724,8.247586846351624,2.751973390579224,11.125,5.625,8.375,2.75
qwen25_72b,52,valenced_nonopposite::utilitarian::003,valenced_nonopposite,utilitarian,valenced,nonopposite,-1.0,preference_control,-8.875,-2.0,-8.624807357788086,-1.998046875,-8.624807357788086,-1.998046875,-5.311427116394043,-3.313380241394043,-8.875,-2.0,-5.4375,-3.4375
qwen25_72b,52,valenced_nonopposite::utilitarian::003,valenced_nonopposite,utilitarian,valenced,nonopposite,-0.8,preference_control,-9.0,-1.5,-9.374907493591309,-1.5009765625,-9.374907493591309,-1.5009765625,-5.437942028045654,-3.9369654655456543,-9.0,-1.5,-5.25,-3.75
qwen25_72b,52,valenced_nonopposite::utilitarian::003,valenced_nonopposite,utilitarian,valenced,nonopposite,-0.6,preference_control,-9.375,-0.5,-9.62492561340332,-0.501953125,-9.62492561340332,-0.501953125,-5.06343936920166,-4.56148624420166,-9.375,-0.5,-4.9375,-4.4375
qwen25_72b,52,valenced_nonopposite::utilitarian::003,valenced_nonopposite,utilitarian,valenced,nonopposite,-0.4,preference_control,-8.875,1.0,-8.874842643737793,0.998046875,-8.874842643737793,0.998046875,-3.938397884368897,-4.9364447593688965,-8.875,1.0,-3.9375,-4.9375
qwen25_72b,52,valenced_nonopposite::utilitarian::003,valenced_nonopposite,utilitarian,valenced,nonopposite,-0.2,preference_control,-7.375,2.75,-7.4993896484375,2.7490234375,-7.4993896484375,2.7490234375,-2.37518310546875,-5.12420654296875,-7.375,2.75,-2.3125,-5.0625
qwen25_72b,52,valenced_nonopposite::utilitarian::003,valenced_nonopposite,utilitarian,valenced,nonopposite,0.0,preference_control,-4.5,4.5,-4.488525390625,4.23480224609375,-4.488525390625,4.23480224609375,-0.126861572265625,-4.361663818359375,-4.5,4.5,0.0,-4.5
qwen25_72b,52,valenced_nonopposite::utilitarian::003,valenced_nonopposite,utilitarian,valenced,nonopposite,0.2,preference_control,1.0,6.125,1.0,6.2475128173828125,1.0,6.2475128173828125,3.6237564086914062,-2.6237564086914062,1.0,6.125,3.5625,-2.5625
qwen25_72b,52,valenced_nonopposite::utilitarian::003,valenced_nonopposite,utilitarian,valenced,nonopposite,0.4,preference_control,4.25,6.875,4.2635498046875,7.248908996582031,4.2635498046875,7.248908996582031,5.756229400634766,-1.4926795959472656,4.25,6.875,5.5625,-1.3125
qwen25_72b,52,valenced_nonopposite::utilitarian::003,valenced_nonopposite,utilitarian,valenced,nonopposite,0.6,preference_control,6.25,6.875,6.24560546875,6.748443603515625,6.24560546875,6.748443603515625,6.4970245361328125,-0.2514190673828125,6.25,6.875,6.5625,-0.3125
qwen25_72b,52,valenced_nonopposite::utilitarian::003,valenced_nonopposite,utilitarian,valenced,nonopposite,0.8,preference_control,6.5,5.75,6.74664318561554,5.9971923828125,6.74664318561554,5.9971923828125,6.37191778421402,0.3747254014015198,6.5,5.75,6.125,0.375
qwen25_72b,52,valenced_nonopposite::utilitarian::003,valenced_nonopposite,utilitarian,valenced,nonopposite,1.0,preference_control,6.375,4.75,6.245880484580994,4.74102783203125,6.245880484580994,4.74102783203125,5.493454158306122,0.7524263262748718,6.375,4.75,5.5625,0.8125
qwen25_72b,52,valenced_nonopposite::utilitarian::004,valenced_nonopposite,utilitarian,valenced,nonopposite,-1.0,preference_control,-4.375,1.25,-4.379395484924316,1.2460931539535522,-4.379395484924316,1.2460931539535522,-1.566651165485382,-2.8127443194389343,-4.375,1.25,-1.5625,-2.8125
qwen25_72b,52,valenced_nonopposite::utilitarian::004,valenced_nonopposite,utilitarian,valenced,nonopposite,-0.8,preference_control,-4.125,1.25,-4.1201173067092896,1.2519527673721311,-4.1201173067092896,1.2519527673721311,-1.434082269668579,-2.6860350370407104,-4.125,1.25,-1.4375,-2.6875
qwen25_72b,52,valenced_nonopposite::utilitarian::004,valenced_nonopposite,utilitarian,valenced,nonopposite,-0.6,preference_control,-3.875,1.25,-3.877197265625,1.2539061307907104,-3.877197265625,1.2539061307907104,-1.3116455674171448,-2.5655516982078552,-3.875,1.25,-1.3125,-2.5625
qwen25_72b,52,valenced_nonopposite::utilitarian::004,valenced_nonopposite,utilitarian,valenced,nonopposite,-0.4,preference_control,-2.875,1.625,-2.880859375,1.6249998807907104,-2.880859375,1.6249998807907104,-0.6279297471046448,-2.2529296278953552,-2.875,1.625,-0.625,-2.25
qwen25_72b,52,valenced_nonopposite::utilitarian::004,valenced_nonopposite,utilitarian,valenced,nonopposite,-0.2,preference_control,-1.625,2.125,-1.626953125,2.130859375,-1.626953125,2.130859375,0.251953125,-1.87890625,-1.625,2.125,0.25,-1.875
qwen25_72b,52,valenced_nonopposite::utilitarian::004,valenced_nonopposite,utilitarian,valenced,nonopposite,0.0,preference_control,0.625,3.0,0.626953125,3.005615234375,0.626953125,3.005615234375,1.8162841796875,-1.1893310546875,0.625,3.0,1.8125,-1.1875
qwen25_72b,52,valenced_nonopposite::utilitarian::004,valenced_nonopposite,utilitarian,valenced,nonopposite,0.2,preference_control,4.75,5.0,4.74066162109375,4.99249267578125,4.74066162109375,4.99249267578125,4.8665771484375,-0.12591552734375,4.75,5.0,4.875,-0.125
qwen25_72b,52,valenced_nonopposite::utilitarian::004,valenced_nonopposite,utilitarian,valenced,nonopposite,0.4,preference_control,8.625,7.375,8.624804496765137,7.374317169189453,8.624804496765137,7.374317169189453,7.999560832977295,0.6252436637878418,8.625,7.375,8.0,0.625
qwen25_72b,52,valenced_nonopposite::utilitarian::004,valenced_nonopposite,utilitarian,valenced,nonopposite,0.6,preference_control,11.5,8.625,11.499987959861755,8.62480914592743,11.499987959861755,8.62480914592743,10.062398552894592,1.437589406967163,11.5,8.625,10.0625,1.4375
qwen25_72b,52,valenced_nonopposite::utilitarian::004,valenced_nonopposite,utilitarian,valenced,nonopposite,0.8,preference_control,13.375,8.875,13.37499725818634,8.8748539686203,13.37499725818634,8.8748539686203,11.12492561340332,2.25007164478302,13.375,8.875,11.125,2.25
qwen25_72b,52,valenced_nonopposite::utilitarian::004,valenced_nonopposite,utilitarian,valenced,nonopposite,1.0,preference_control,14.625,8.625,14.624998450279236,8.624814987182617,14.624998450279236,8.624814987182617,11.624906718730928,3.0000917315483093,14.625,8.625,11.625,3.0
qwen25_72b,52,valenced_nonopposite::utilitarian::005,valenced_nonopposite,utilitarian,valenced,nonopposite,-1.0,preference_control,-9.625,-5.625,-9.62490940093994,-5.62063455581665,-9.62490940093994,-5.62063455581665,-7.622771978378296,-2.002137422561645,-9.625,-5.625,-7.625,-2.0
qwen25_72b,52,valenced_nonopposite::utilitarian::005,valenced_nonopposite,utilitarian,valenced,nonopposite,-0.8,preference_control,-9.5,-5.75,-9.499910235404968,-5.871763825416565,-9.499910235404968,-5.871763825416565,-7.685837030410767,-1.8140732049942017,-9.5,-5.75,-7.625,-1.875
qwen25_72b,52,valenced_nonopposite::utilitarian::005,valenced_nonopposite,utilitarian,valenced,nonopposite,-0.6,preference_control,-8.5,-5.5,-8.499783039093018,-5.4955735206604,-8.499783039093018,-5.4955735206604,-6.997678279876709,-1.5021047592163086,-8.5,-5.5,-7.0,-1.5
qwen25_72b,52,valenced_nonopposite::utilitarian::005,valenced_nonopposite,utilitarian,valenced,nonopposite,-0.4,preference_control,-6.375,-4.5,-6.373265981674194,-4.362120151519775,-6.373265981674194,-4.362120151519775,-5.367693066596985,-1.0055729150772097,-6.375,-4.5,-5.4375,-0.9375
qwen25_72b,52,valenced_nonopposite::utilitarian::005,valenced_nonopposite,utilitarian,valenced,nonopposite,-0.2,preference_control,-3.625,-2.375,-3.3723119497299194,-2.632322669029236,-3.3723119497299194,-2.632322669029236,-3.0023173093795776,-0.3699946403503418,-3.625,-2.375,-3.0,-0.625
qwen25_72b,52,valenced_nonopposite::utilitarian::005,valenced_nonopposite,utilitarian,valenced,nonopposite,0.0,preference_control,-0.25,-0.125,2.9802322387695312e-06,-0.2499984502792358,2.9802322387695312e-06,-0.2499984502792358,-0.1249977350234985,0.1250007152557373,-0.25,-0.125,-0.1875,-0.0625
qwen25_72b,52,valenced_nonopposite::utilitarian::005,valenced_nonopposite,utilitarian,valenced,nonopposite,0.2,preference_control,4.625,3.0,4.740054130554199,2.9924330711364746,4.740054130554199,2.9924330711364746,3.866243600845337,0.8738105297088623,4.625,3.0,3.8125,0.8125
qwen25_72b,52,valenced_nonopposite::utilitarian::005,valenced_nonopposite,utilitarian,valenced,nonopposite,0.4,preference_control,9.375,5.75,9.373736381530762,5.868043184280396,9.373736381530762,5.868043184280396,7.620889782905579,1.752846598625183,9.375,5.75,7.5625,1.8125
qwen25_72b,52,valenced_nonopposite::utilitarian::005,valenced_nonopposite,utilitarian,valenced,nonopposite,0.6,preference_control,12.25,7.5,12.498820185661316,7.496613383293152,12.498820185661316,7.496613383293152,9.997716784477234,2.501103401184082,12.25,7.5,9.875,2.375
qwen25_72b,52,valenced_nonopposite::utilitarian::005,valenced_nonopposite,utilitarian,valenced,nonopposite,0.8,preference_control,12.625,7.75,12.498064041137695,8.12220823764801,12.498064041137695,8.12220823764801,10.310136139392853,2.1879279017448425,12.625,7.75,10.1875,2.4375
qwen25_72b,52,valenced_nonopposite::utilitarian::005,valenced_nonopposite,utilitarian,valenced,nonopposite,1.0,preference_control,11.875,7.5,11.748055696487429,7.371887564659119,11.748055696487429,7.371887564659119,9.559971630573273,2.188084065914154,11.875,7.5,9.6875,2.1875
qwen25_72b,52,valenced_nonopposite::utilitarian::006,valenced_nonopposite,utilitarian,valenced,nonopposite,-1.0,preference_control,-10.625,-8.75,-10.624922275543211,-8.749634504318237,-10.624922275543211,-8.749634504318237,-9.687278389930723,-0.9376438856124878,-10.625,-8.75,-9.6875,-0.9375
qwen25_72b,52,valenced_nonopposite::utilitarian::006,valenced_nonopposite,utilitarian,valenced,nonopposite,-0.8,preference_control,-11.125,-10.0,-11.124958515167236,-9.999877452850342,-11.124958515167236,-9.999877452850342,-10.562417984008787,-0.5625405311584473,-11.125,-10.0,-10.5625,-0.5625
qwen25_72b,52,valenced_nonopposite::utilitarian::006,valenced_nonopposite,utilitarian,valenced,nonopposite,-0.6,preference_control,-11.625,-10.75,-11.62498104572296,-10.749947428703308,-11.62498104572296,-10.749947428703308,-11.187464237213137,-0.4375168085098266,-11.625,-10.75,-11.1875,-0.4375
qwen25_72b,52,valenced_nonopposite::utilitarian::006,valenced_nonopposite,utilitarian,valenced,nonopposite,-0.4,preference_control,-10.875,-11.125,-10.874971508979796,-11.124969959259031,-10.874971508979796,-11.124969959259031,-10.999970734119415,0.1249992251396179,-10.875,-11.125,-11.0,0.125
qwen25_72b,52,valenced_nonopposite::utilitarian::006,valenced_nonopposite,utilitarian,valenced,nonopposite,-0.2,preference_control,-9.25,-10.125,-9.249895930290222,-10.124946475028992,-9.249895930290222,-10.124946475028992,-9.687421202659609,0.4375252723693847,-9.25,-10.125,-9.6875,0.4375
qwen25_72b,52,valenced_nonopposite::utilitarian::006,valenced_nonopposite,utilitarian,valenced,nonopposite,0.0,preference_control,-5.625,-7.625,-5.6213682889938354,-7.62448525428772,-5.6213682889938354,-7.62448525428772,-6.622926771640778,1.001558482646942,-5.625,-7.625,-6.625,1.0
qwen25_72b,52,valenced_nonopposite::utilitarian::006,valenced_nonopposite,utilitarian,valenced,nonopposite,0.2,preference_control,-0.5,-2.75,-0.5019528865814209,-2.750240445137024,-0.5019528865814209,-2.750240445137024,-1.6260966658592224,1.1241437792778015,-0.5,-2.75,-1.625,1.125
qwen25_72b,52,valenced_nonopposite::utilitarian::006,valenced_nonopposite,utilitarian,valenced,nonopposite,0.4,preference_control,3.5,1.0,3.500976800918579,0.998049020767212,3.500976800918579,0.998049020767212,2.2495129108428955,1.2514638900756836,3.5,1.0,2.25,1.25
qwen25_72b,52,valenced_nonopposite::utilitarian::006,valenced_nonopposite,utilitarian,valenced,nonopposite,0.6,preference_control,6.875,3.75,6.873703122138977,3.757447600364685,6.873703122138977,3.757447600364685,5.315575361251831,1.558127760887146,6.875,3.75,5.3125,1.5625
qwen25_72b,52,valenced_nonopposite::utilitarian::006,valenced_nonopposite,utilitarian,valenced,nonopposite,0.8,preference_control,9.125,6.25,9.124710083007812,6.247803568840027,9.124710083007812,6.247803568840027,7.68625682592392,1.4384532570838928,9.125,6.25,7.6875,1.4375
qwen25_72b,52,valenced_nonopposite::utilitarian::006,valenced_nonopposite,utilitarian,valenced,nonopposite,1.0,preference_control,10.125,7.375,10.124773025512695,7.374184250831604,10.124773025512695,7.374184250831604,8.74947863817215,1.3752943873405457,10.125,7.375,8.75,1.375
qwen25_72b,52,valenced_nonopposite::utilitarian::007,valenced_nonopposite,utilitarian,valenced,nonopposite,-1.0,preference_control,-7.0,-3.25,-6.998697280883789,-3.257714867591858,-6.998697280883789,-3.257714867591858,-5.128206074237824,-1.8704912066459656,-7.0,-3.25,-5.125,-1.875
qwen25_72b,52,valenced_nonopposite::utilitarian::007,valenced_nonopposite,utilitarian,valenced,nonopposite,-0.8,preference_control,-7.375,-3.25,-7.37424623966217,-3.2425944805145264,-7.37424623966217,-3.2425944805145264,-5.308420360088348,-2.065825879573822,-7.375,-3.25,-5.3125,-2.0625
qwen25_72b,52,valenced_nonopposite::utilitarian::007,valenced_nonopposite,utilitarian,valenced,nonopposite,-0.6,preference_control,-6.875,-3.0,-6.873929381370544,-2.998123407363892,-6.873929381370544,-2.998123407363892,-4.936026394367218,-1.9379029870033264,-6.875,-3.0,-4.9375,-1.9375
qwen25_72b,52,valenced_nonopposite::utilitarian::007,valenced_nonopposite,utilitarian,valenced,nonopposite,-0.4,preference_control,-4.75,-1.75,-4.7413434982299805,-1.7539405822753906,-4.7413434982299805,-1.7539405822753906,-3.247642040252685,-1.493701457977295,-4.75,-1.75,-3.25,-1.5
qwen25_72b,52,valenced_nonopposite::utilitarian::007,valenced_nonopposite,utilitarian,valenced,nonopposite,-0.2,preference_control,-1.75,-0.5,-1.7539135217666626,-0.4980682134628296,-1.7539135217666626,-0.4980682134628296,-1.125990867614746,-0.6279226541519165,-1.75,-0.5,-1.125,-0.625
qwen25_72b,52,valenced_nonopposite::utilitarian::007,valenced_nonopposite,utilitarian,valenced,nonopposite,0.0,preference_control,1.5,1.75,1.5019491910934448,1.753894329071045,1.5019491910934448,1.753894329071045,1.6279217600822449,-0.1259725689888,1.5,1.75,1.625,-0.125
qwen25_72b,52,valenced_nonopposite::utilitarian::007,valenced_nonopposite,utilitarian,valenced,nonopposite,0.2,preference_control,4.25,3.75,4.235776901245117,3.757685303688049,4.235776901245117,3.757685303688049,3.9967311024665833,0.2390457987785339,4.25,3.75,4.0,0.25
qwen25_72b,52,valenced_nonopposite::utilitarian::007,valenced_nonopposite,utilitarian,valenced,nonopposite,0.4,preference_control,6.75,5.0,6.748786091804504,4.993069052696228,6.748786091804504,4.993069052696228,5.870927572250366,0.8778585195541382,6.75,5.0,5.875,0.875
qwen25_72b,52,valenced_nonopposite::utilitarian::007,valenced_nonopposite,utilitarian,valenced,nonopposite,0.6,preference_control,8.75,6.0,8.74981939792633,5.997340559959412,8.74981939792633,5.997340559959412,7.373579978942871,1.3762394189834597,8.75,6.0,7.375,1.375
qwen25_72b,52,valenced_nonopposite::utilitarian::007,valenced_nonopposite,utilitarian,valenced,nonopposite,0.8,preference_control,9.375,6.25,9.374892950057983,6.247907161712647,9.374892950057983,6.247907161712647,7.811400055885315,1.5634928941726685,9.375,6.25,7.8125,1.5625
qwen25_72b,52,valenced_nonopposite::utilitarian::007,valenced_nonopposite,utilitarian,valenced,nonopposite,1.0,preference_control,9.875,6.25,9.874930739402773,6.247923254966736,9.874930739402773,6.247923254966736,8.061426997184753,1.8135037422180176,9.875,6.25,8.0625,1.8125
qwen25_72b,52,valenced_nonopposite::utilitarian::008,valenced_nonopposite,utilitarian,valenced,nonopposite,-1.0,preference_control,-11.375,-6.25,-11.37023937702179,-6.2362060546875,-11.37023937702179,-6.2362060546875,-8.803222715854645,-2.5670166611671448,-11.375,-6.25,-8.8125,-2.5625
qwen25_72b,52,valenced_nonopposite::utilitarian::008,valenced_nonopposite,utilitarian,valenced,nonopposite,-0.8,preference_control,-11.625,-6.25,-11.623451232910156,-6.240234375,-11.623451232910156,-6.240234375,-8.931842803955078,-2.691608428955078,-11.625,-6.25,-8.9375,-2.6875
qwen25_72b,52,valenced_nonopposite::utilitarian::008,valenced_nonopposite,utilitarian,valenced,nonopposite,-0.6,preference_control,-11.25,-5.625,-11.249343872070312,-5.61724853515625,-11.249343872070312,-5.61724853515625,-8.433296203613281,-2.8160476684570312,-11.25,-5.625,-8.4375,-2.8125
qwen25_72b,52,valenced_nonopposite::utilitarian::008,valenced_nonopposite,utilitarian,valenced,nonopposite,-0.4,preference_control,-10.0,-4.0,-9.999711990356444,-4.0089111328125,-9.999711990356444,-4.0089111328125,-7.004311561584473,-2.9954004287719727,-10.0,-4.0,-7.0,-3.0
qwen25_72b,52,valenced_nonopposite::utilitarian::008,valenced_nonopposite,utilitarian,valenced,nonopposite,-0.2,preference_control,-7.25,-1.625,-7.249168395996094,-1.626953125,-7.249168395996094,-1.626953125,-4.438060760498047,-2.811107635498047,-7.25,-1.625,-4.4375,-2.8125
qwen25_72b,52,valenced_nonopposite::utilitarian::008,valenced_nonopposite,utilitarian,valenced,nonopposite,0.0,preference_control,-3.5,1.625,-3.5013427734375,1.6279296875,-3.5013427734375,1.6279296875,-0.93670654296875,-2.56463623046875,-3.5,1.625,-0.9375,-2.5625
qwen25_72b,52,valenced_nonopposite::utilitarian::008,valenced_nonopposite,utilitarian,valenced,nonopposite,0.2,preference_control,1.5,5.25,1.5009765625,5.243133544921875,1.5009765625,5.243133544921875,3.372055053710937,-1.8710784912109373,1.5,5.25,3.375,-1.875
qwen25_72b,52,valenced_nonopposite::utilitarian::008,valenced_nonopposite,utilitarian,valenced,nonopposite,0.4,preference_control,6.875,7.5,6.8736724853515625,7.498397827148437,6.8736724853515625,7.498397827148437,7.18603515625,-0.3123626708984375,6.875,7.5,7.1875,-0.3125
qwen25_72b,52,valenced_nonopposite::utilitarian::008,valenced_nonopposite,utilitarian,valenced,nonopposite,0.6,preference_control,11.5,9.25,11.49983024597168,9.249271392822266,11.49983024597168,9.249271392822266,10.374550819396973,1.125279426574707,11.5,9.25,10.375,1.125
qwen25_72b,52,valenced_nonopposite::utilitarian::008,valenced_nonopposite,utilitarian,valenced,nonopposite,0.8,preference_control,14.0,10.5,13.999839782714844,10.499536514282228,13.999839782714844,10.499536514282228,12.249688148498535,1.7501516342163086,14.0,10.5,12.25,1.75
qwen25_72b,52,valenced_nonopposite::utilitarian::008,valenced_nonopposite,utilitarian,valenced,nonopposite,1.0,preference_control,14.875,10.875,14.874890327453612,10.874746322631836,14.874890327453612,10.874746322631836,12.874818325042725,2.0000720024108887,14.875,10.875,12.875,2.0
qwen25_72b,52,valenced_nonopposite::utilitarian::009,valenced_nonopposite,utilitarian,valenced,nonopposite,-1.0,preference_control,-13.875,-7.625,-14.121444702148438,-7.6318359375,-14.121444702148438,-7.6318359375,-10.87664031982422,-3.2448043823242188,-13.875,-7.625,-10.75,-3.125
qwen25_72b,52,valenced_nonopposite::utilitarian::009,valenced_nonopposite,utilitarian,valenced,nonopposite,-0.8,preference_control,-13.375,-7.5,-13.371810913085938,-7.6142578125,-13.371810913085938,-7.6142578125,-10.493034362792969,-2.8787765502929688,-13.375,-7.5,-10.4375,-2.9375
qwen25_72b,52,valenced_nonopposite::utilitarian::009,valenced_nonopposite,utilitarian,valenced,nonopposite,-0.6,preference_control,-11.5,-6.875,-11.6229248046875,-6.6220703125,-11.6229248046875,-6.6220703125,-9.12249755859375,-2.50042724609375,-11.5,-6.875,-9.1875,-2.3125
qwen25_72b,52,valenced_nonopposite::utilitarian::009,valenced_nonopposite,utilitarian,valenced,nonopposite,-0.4,preference_control,-8.375,-5.375,-8.24700927734375,-5.491455078125,-8.24700927734375,-5.491455078125,-6.869232177734375,-1.377777099609375,-8.375,-5.375,-6.875,-1.5
qwen25_72b,52,valenced_nonopposite::utilitarian::009,valenced_nonopposite,utilitarian,valenced,nonopposite,-0.2,preference_control,-4.625,-3.625,-4.61016845703125,-3.63232421875,-4.61016845703125,-3.63232421875,-4.121246337890625,-0.488922119140625,-4.625,-3.625,-4.125,-0.5
qwen25_72b,52,valenced_nonopposite::utilitarian::009,valenced_nonopposite,utilitarian,valenced,nonopposite,0.0,preference_control,-1.25,-1.375,-1.3759765625,-1.373046875,-1.3759765625,-1.373046875,-1.37451171875,-0.00146484375,-1.25,-1.375,-1.3125,0.0625
qwen25_72b,52,valenced_nonopposite::utilitarian::009,valenced_nonopposite,utilitarian,valenced,nonopposite,0.2,preference_control,3.625,1.625,3.49951171875,1.5029296875,3.49951171875,1.5029296875,2.501220703125,0.998291015625,3.625,1.625,2.625,1.0
qwen25_72b,52,valenced_nonopposite::utilitarian::009,valenced_nonopposite,utilitarian,valenced,nonopposite,0.4,preference_control,8.5,4.375,8.373771667480469,4.1376953125,8.373771667480469,4.1376953125,6.255733489990234,2.1180381774902344,8.5,4.375,6.4375,2.0625
qwen25_72b,52,valenced_nonopposite::utilitarian::009,valenced_nonopposite,utilitarian,valenced,nonopposite,0.6,preference_control,12.625,6.625,12.499038696289062,6.747589111328125,12.499038696289062,6.747589111328125,9.623313903808594,2.8757247924804688,12.625,6.625,9.625,3.0
qwen25_72b,52,valenced_nonopposite::utilitarian::009,valenced_nonopposite,utilitarian,valenced,nonopposite,0.8,preference_control,15.25,8.125,15.123451232910156,8.123878479003906,15.123451232910156,8.123878479003906,11.623664855957031,3.499786376953125,15.25,8.125,11.6875,3.5625
qwen25_72b,52,valenced_nonopposite::utilitarian::009,valenced_nonopposite,utilitarian,valenced,nonopposite,1.0,preference_control,15.875,9.25,15.748245239257812,9.24919891357422,15.748245239257812,9.24919891357422,12.498722076416016,3.249523162841797,15.875,9.25,12.5625,3.3125
qwen25_72b,52,valenced_nonopposite::utilitarian::010,valenced_nonopposite,utilitarian,valenced,nonopposite,-1.0,preference_control,2.25,7.0,2.256348133087158,6.993840336799622,2.256348133087158,6.993840336799622,4.62509423494339,-2.368746101856232,2.25,7.0,4.625,-2.375
qwen25_72b,52,valenced_nonopposite::utilitarian::010,valenced_nonopposite,utilitarian,valenced,nonopposite,-0.8,preference_control,3.25,7.25,3.257569670677185,7.246097445487976,3.257569670677185,7.246097445487976,5.251833558082581,-1.9942638874053955,3.25,7.25,5.25,-2.0
qwen25_72b,52,valenced_nonopposite::utilitarian::010,valenced_nonopposite,utilitarian,valenced,nonopposite,-0.6,preference_control,4.75,7.25,4.741090774536133,7.248111128807068,4.741090774536133,7.248111128807068,5.9946009516716,-1.2535101771354675,4.75,7.25,6.0,-1.25
qwen25_72b,52,valenced_nonopposite::utilitarian::010,valenced_nonopposite,utilitarian,valenced,nonopposite,-0.4,preference_control,6.5,7.625,6.498462200164795,7.624213933944702,6.498462200164795,7.624213933944702,7.0613380670547485,-0.5628758668899536,6.5,7.625,7.0625,-0.5625
qwen25_72b,52,valenced_nonopposite::utilitarian::010,valenced_nonopposite,utilitarian,valenced,nonopposite,-0.2,preference_control,8.5,8.25,8.499796628952026,8.249680876731873,8.499796628952026,8.249680876731873,8.37473875284195,0.1250578761100769,8.5,8.25,8.375,0.125
qwen25_72b,52,valenced_nonopposite::utilitarian::010,valenced_nonopposite,utilitarian,valenced,nonopposite,0.0,preference_control,11.0,8.875,10.999990105628967,8.874855637550354,10.999990105628967,8.874855637550354,9.93742287158966,1.0625672340393066,11.0,8.875,9.9375,1.0625
qwen25_72b,52,valenced_nonopposite::utilitarian::010,valenced_nonopposite,utilitarian,valenced,nonopposite,0.2,preference_control,14.25,9.75,14.250009417533876,9.749946475028992,14.250009417533876,9.749946475028992,11.999977946281431,2.2500314712524414,14.25,9.75,12.0,2.25
qwen25_72b,52,valenced_nonopposite::utilitarian::010,valenced_nonopposite,utilitarian,valenced,nonopposite,0.4,preference_control,16.875,10.5,16.875006318092346,10.499975681304932,16.875006318092346,10.499975681304932,13.68749099969864,3.1875153183937077,16.875,10.5,13.6875,3.1875
qwen25_72b,52,valenced_nonopposite::utilitarian::010,valenced_nonopposite,utilitarian,valenced,nonopposite,0.6,preference_control,17.875,10.25,17.875004053115845,10.249966382980348,17.875004053115845,10.249966382980348,14.062485218048096,3.812518835067749,17.875,10.25,14.0625,3.8125
qwen25_72b,52,valenced_nonopposite::utilitarian::010,valenced_nonopposite,utilitarian,valenced,nonopposite,0.8,preference_control,18.125,9.5,18.12500417232513,9.499927282333374,18.12500417232513,9.499927282333374,13.812465727329254,4.31253844499588,18.125,9.5,13.8125,4.3125
qwen25_72b,52,valenced_nonopposite::utilitarian::010,valenced_nonopposite,utilitarian,valenced,nonopposite,1.0,preference_control,17.875,8.25,17.875006556510925,8.249740362167358,17.875006556510925,8.249740362167358,13.062373459339142,4.812633097171784,17.875,8.25,13.0625,4.8125
qwen25_72b,52,valenced_nonopposite::utilitarian::011,valenced_nonopposite,utilitarian,valenced,nonopposite,-1.0,preference_control,-6.125,2.125,-6.0106189250946045,2.242191195487976,-6.0106189250946045,2.242191195487976,-1.8842138648033144,-4.12640506029129,-6.125,2.125,-2.0,-4.125
qwen25_72b,52,valenced_nonopposite::utilitarian::011,valenced_nonopposite,utilitarian,valenced,nonopposite,-0.8,preference_control,-6.5,1.875,-6.489867210388184,2.0039092302322388,-6.489867210388184,2.0039092302322388,-2.2429789900779724,-4.246888220310211,-6.5,1.875,-2.3125,-4.1875
qwen25_72b,52,valenced_nonopposite::utilitarian::011,valenced_nonopposite,utilitarian,valenced,nonopposite,-0.6,preference_control,-6.75,1.5,-6.494841575622559,1.6289089918136597,-6.494841575622559,1.6289089918136597,-2.432966291904449,-4.061875283718109,-6.75,1.5,-2.625,-4.125
qwen25_72b,52,valenced_nonopposite::utilitarian::011,valenced_nonopposite,utilitarian,valenced,nonopposite,-0.4,preference_control,-6.375,1.125,-6.372344255447388,1.1269553899765017,-6.372344255447388,1.1269553899765017,-2.622694432735443,-3.7496498227119446,-6.375,1.125,-2.625,-3.75
qwen25_72b,52,valenced_nonopposite::utilitarian::011,valenced_nonopposite,utilitarian,valenced,nonopposite,-0.2,preference_control,-5.75,1.125,-5.495482802391052,0.8710960149765015,-5.495482802391052,0.8710960149765015,-2.3121933937072754,-3.183289408683777,-5.75,1.125,-2.3125,-3.4375
qwen25_72b,52,valenced_nonopposite::utilitarian::011,valenced_nonopposite,utilitarian,valenced,nonopposite,0.0,preference_control,-4.0,1.0,-4.012816667556763,1.000002145767212,-4.012816667556763,1.000002145767212,-1.5064072608947754,-2.5064094066619877,-4.0,1.0,-1.5,-2.5
qwen25_72b,52,valenced_nonopposite::utilitarian::011,valenced_nonopposite,utilitarian,valenced,nonopposite,0.2,preference_control,-1.5,2.0,-1.5019522905349731,2.1201192140579224,-1.5019522905349731,2.1201192140579224,0.3090834617614746,-1.811035752296448,-1.5,2.0,0.25,-1.75
qwen25_72b,52,valenced_nonopposite::utilitarian::011,valenced_nonopposite,utilitarian,valenced,nonopposite,0.4,preference_control,1.5,3.25,1.7539072036743164,3.2429215908050537,1.7539072036743164,3.2429215908050537,2.498414397239685,-0.7445071935653687,1.5,3.25,2.375,-0.875
qwen25_72b,52,valenced_nonopposite::utilitarian::011,valenced_nonopposite,utilitarian,valenced,nonopposite,0.6,preference_control,4.25,4.5,4.235780119895935,4.488893389701843,4.235780119895935,4.488893389701843,4.362336754798889,-0.1265566349029541,4.25,4.5,4.375,-0.125
qwen25_72b,52,valenced_nonopposite::utilitarian::011,valenced_nonopposite,utilitarian,valenced,nonopposite,0.8,preference_control,6.25,5.25,6.248055934906006,4.993226647377014,6.248055934906006,4.993226647377014,5.62064129114151,0.6274146437644958,6.25,5.25,5.75,0.5
qwen25_72b,52,valenced_nonopposite::utilitarian::011,valenced_nonopposite,utilitarian,valenced,nonopposite,1.0,preference_control,7.5,5.0,7.499437212944031,4.993257641792297,7.499437212944031,4.993257641792297,6.246347427368164,1.2530897855758667,7.5,5.0,6.25,1.25
qwen25_72b,52,valenced_nonopposite::utilitarian::012,valenced_nonopposite,utilitarian,valenced,nonopposite,-1.0,preference_control,-2.0,4.625,-1.999999046325684,4.6328125,-1.999999046325684,4.6328125,1.3164067268371582,-3.316405773162842,-2.0,4.625,1.3125,-3.3125
qwen25_72b,52,valenced_nonopposite::utilitarian::012,valenced_nonopposite,utilitarian,valenced,nonopposite,-0.8,preference_control,-2.125,4.75,-2.124999403953552,4.7373046875,-2.124999403953552,4.7373046875,1.306152641773224,-3.431152045726776,-2.125,4.75,1.3125,-3.4375
qwen25_72b,52,valenced_nonopposite::utilitarian::012,valenced_nonopposite,utilitarian,valenced,nonopposite,-0.6,preference_control,-2.0,4.75,-2.007812023162842,4.755859375,-2.007812023162842,4.755859375,1.374023675918579,-3.381835699081421,-2.0,4.75,1.375,-3.375
qwen25_72b,52,valenced_nonopposite::utilitarian::012,valenced_nonopposite,utilitarian,valenced,nonopposite,-0.4,preference_control,-1.75,4.5,-1.7578121423721311,4.502685546875,-1.7578121423721311,4.502685546875,1.3724367022514343,-3.1302488446235657,-1.75,4.5,1.375,-3.125
qwen25_72b,52,valenced_nonopposite::utilitarian::012,valenced_nonopposite,utilitarian,valenced,nonopposite,-0.2,preference_control,-1.25,4.0,-1.2499996423721311,4.0107421875,-1.2499996423721311,4.0107421875,1.3803712725639343,-2.6303709149360657,-1.25,4.0,1.375,-2.625
qwen25_72b,52,valenced_nonopposite::utilitarian::012,valenced_nonopposite,utilitarian,valenced,nonopposite,0.0,preference_control,-0.25,3.25,-0.2499996423721313,3.242919921875,-0.2499996423721313,3.242919921875,1.4964601397514343,-1.7464597821235657,-0.25,3.25,1.5,-1.75
qwen25_72b,52,valenced_nonopposite::utilitarian::012,valenced_nonopposite,utilitarian,valenced,nonopposite,0.2,preference_control,1.0,2.0,0.9960939884185792,1.994140625,0.9960939884185792,1.994140625,1.4951173067092896,-0.4990233182907104,1.0,2.0,1.5,-0.5
qwen25_72b,52,valenced_nonopposite::utilitarian::012,valenced_nonopposite,utilitarian,valenced,nonopposite,0.4,preference_control,3.0,0.5,2.998291254043579,0.498046875,2.998291254043579,0.498046875,1.7481690645217896,1.2501221895217896,3.0,0.5,1.75,1.25
qwen25_72b,52,valenced_nonopposite::utilitarian::012,valenced_nonopposite,utilitarian,valenced,nonopposite,0.6,preference_control,4.25,-1.0,4.2358399629592896,-1.0,4.2358399629592896,-1.0,1.6179199814796448,2.6179199814796448,4.25,-1.0,1.625,2.625
qwen25_72b,52,valenced_nonopposite::utilitarian::012,valenced_nonopposite,utilitarian,valenced,nonopposite,0.8,preference_control,5.0,-3.5,4.9932862520217896,-3.50146484375,4.9932862520217896,-3.50146484375,0.7459107041358948,4.247375547885895,5.0,-3.5,0.75,4.25
qwen25_72b,52,valenced_nonopposite::utilitarian::012,valenced_nonopposite,utilitarian,valenced,nonopposite,1.0,preference_control,5.75,-6.25,5.7468262910842896,-6.248069763183594,5.7468262910842896,-6.248069763183594,-0.2506217360496521,5.997448027133942,5.75,-6.25,-0.25,6.0
qwen25_72b,52,valenced_nonopposite::utilitarian::013,valenced_nonopposite,utilitarian,valenced,nonopposite,-1.0,preference_control,-7.625,-6.25,-7.748616576194763,-6.247520804405212,-7.748616576194763,-6.247520804405212,-6.998068690299988,-0.7505478858947754,-7.625,-6.25,-6.9375,-0.6875
qwen25_72b,52,valenced_nonopposite::utilitarian::013,valenced_nonopposite,utilitarian,valenced,nonopposite,-0.8,preference_control,-7.625,-6.625,-7.498725056648254,-6.498063087463379,-7.498725056648254,-6.498063087463379,-6.998394072055817,-0.5003309845924377,-7.625,-6.625,-7.125,-0.5
qwen25_72b,52,valenced_nonopposite::utilitarian::013,valenced_nonopposite,utilitarian,valenced,nonopposite,-0.6,preference_control,-6.75,-6.5,-6.498039603233337,-6.498239040374756,-6.498039603233337,-6.498239040374756,-6.498139321804047,9.971857070922852e-05,-6.75,-6.5,-6.625,-0.125
qwen25_72b,52,valenced_nonopposite::utilitarian::013,valenced_nonopposite,utilitarian,valenced,nonopposite,-0.4,preference_control,-4.75,-5.625,-4.488518476486206,-5.746638536453247,-4.488518476486206,-5.746638536453247,-5.117578506469727,0.6290600299835205,-4.75,-5.625,-5.1875,0.4375
qwen25_72b,52,valenced_nonopposite::utilitarian::013,valenced_nonopposite,utilitarian,valenced,nonopposite,-0.2,preference_control,-1.25,-3.5,-0.9980407953262328,-3.5009710788726807,-0.9980407953262328,-3.5009710788726807,-2.249505937099457,1.251465141773224,-1.25,-3.5,-2.375,1.125
qwen25_72b,52,valenced_nonopposite::utilitarian::013,valenced_nonopposite,utilitarian,valenced,nonopposite,0.0,preference_control,2.75,-0.25,2.9975661039352417,-0.2499935626983642,2.9975661039352417,-0.2499935626983642,1.3737862706184387,1.623779833316803,2.75,-0.25,1.25,1.5
qwen25_72b,52,valenced_nonopposite::utilitarian::013,valenced_nonopposite,utilitarian,valenced,nonopposite,0.2,preference_control,7.875,5.125,7.87436842918396,4.865977168083191,7.87436842918396,4.865977168083191,6.370172798633575,1.5041956305503843,7.875,5.125,6.5,1.375
qwen25_72b,52,valenced_nonopposite::utilitarian::013,valenced_nonopposite,utilitarian,valenced,nonopposite,0.4,preference_control,14.125,9.375,14.374879121780396,9.499307990074158,14.374879121780396,9.499307990074158,11.937093555927277,2.437785565853119,14.125,9.375,11.75,2.375
qwen25_72b,52,valenced_nonopposite::utilitarian::013,valenced_nonopposite,utilitarian,valenced,nonopposite,0.6,preference_control,19.125,12.875,19.124979734420776,12.874675750732422,19.124979734420776,12.874675750732422,15.9998277425766,3.125151991844177,19.125,12.875,16.0,3.125
qwen25_72b,52,valenced_nonopposite::utilitarian::013,valenced_nonopposite,utilitarian,valenced,nonopposite,0.8,preference_control,21.25,15.125,21.000098705291748,14.99968135356903,21.000098705291748,14.99968135356903,17.99989002943039,3.000208675861358,21.25,15.125,18.1875,3.0625
qwen25_72b,52,valenced_nonopposite::utilitarian::013,valenced_nonopposite,utilitarian,valenced,nonopposite,1.0,preference_control,21.125,15.75,20.87511730194092,15.99963879585266,20.87511730194092,15.99963879585266,18.43737804889679,2.4377392530441284,21.125,15.75,18.4375,2.6875
qwen25_72b,52,valenced_nonopposite::utilitarian::014,valenced_nonopposite,utilitarian,valenced,nonopposite,-1.0,preference_control,-7.5,0.0,-7.487946510314941,-6.198883056640625e-06,-7.487946510314941,-6.198883056640625e-06,-3.743976354598999,-3.7439701557159424,-7.5,0.0,-3.75,-3.75
qwen25_72b,52,valenced_nonopposite::utilitarian::014,valenced_nonopposite,utilitarian,valenced,nonopposite,-0.8,preference_control,-7.375,0.375,-7.369983553886414,0.3749929666519165,-7.369983553886414,0.3749929666519165,-3.4974952936172485,-3.872488260269165,-7.375,0.375,-3.5,-3.875
qwen25_72b,52,valenced_nonopposite::utilitarian::014,valenced_nonopposite,utilitarian,valenced,nonopposite,-0.6,preference_control,-6.5,0.75,-6.497313976287842,0.751948356628418,-6.497313976287842,0.751948356628418,-2.872682809829712,-3.62463116645813,-6.5,0.75,-2.875,-3.625
qwen25_72b,52,valenced_nonopposite::utilitarian::014,valenced_nonopposite,utilitarian,valenced,nonopposite,-0.4,preference_control,-4.5,1.125,-4.488109707832336,1.1269488334655762,-4.488109707832336,1.1269488334655762,-1.68058043718338,-2.8075292706489563,-4.5,1.125,-1.6875,-2.8125
qwen25_72b,52,valenced_nonopposite::utilitarian::014,valenced_nonopposite,utilitarian,valenced,nonopposite,-0.2,preference_control,-2.25,2.0,-2.2421945333480835,1.999995708465576,-2.2421945333480835,1.999995708465576,-0.1210994124412536,-2.12109512090683,-2.25,2.0,-0.125,-2.125
qwen25_72b,52,valenced_nonopposite::utilitarian::014,valenced_nonopposite,utilitarian,valenced,nonopposite,0.0,preference_control,0.5,2.75,0.4999938011169433,2.742672085762024,0.4999938011169433,2.742672085762024,1.6213329434394836,-1.1213391423225405,0.5,2.75,1.625,-1.125
qwen25_72b,52,valenced_nonopposite::utilitarian::014,valenced_nonopposite,utilitarian,valenced,nonopposite,0.2,preference_control,4.25,4.125,4.234675407409668,4.13586163520813,4.234675407409668,4.13586163520813,4.185268521308899,0.049406886100769,4.25,4.125,4.1875,0.0625
qwen25_72b,52,valenced_nonopposite::utilitarian::014,valenced_nonopposite,utilitarian,valenced,nonopposite,0.4,preference_control,7.5,5.125,7.498723030090332,5.116819739341736,7.498723030090332,5.116819739341736,6.307771384716034,1.190951645374298,7.5,5.125,6.3125,1.1875
qwen25_72b,52,valenced_nonopposite::utilitarian::014,valenced_nonopposite,utilitarian,valenced,nonopposite,0.6,preference_control,10.125,5.5,10.124521017074583,5.494384050369263,10.124521017074583,5.494384050369263,7.809452533721924,2.315068483352661,10.125,5.5,7.8125,2.3125
qwen25_72b,52,valenced_nonopposite::utilitarian::014,valenced_nonopposite,utilitarian,valenced,nonopposite,0.8,preference_control,11.375,5.25,11.374722242355348,5.243834853172302,11.374722242355348,5.243834853172302,8.309278547763824,3.065443694591522,11.375,5.25,8.3125,3.0625
qwen25_72b,52,valenced_nonopposite::utilitarian::014,valenced_nonopposite,utilitarian,valenced,nonopposite,1.0,preference_control,12.125,4.5,12.124788999557495,4.488280415534973,12.124788999557495,4.488280415534973,8.306534707546234,3.818254292011261,12.125,4.5,8.3125,3.8125
qwen25_72b,52,valenced_nonopposite::utilitarian::015,valenced_nonopposite,utilitarian,valenced,nonopposite,-1.0,preference_control,-5.5,0.625,-5.495544910430908,0.6249997615814209,-5.495544910430908,0.6249997615814209,-2.435272574424744,-3.060272336006165,-5.5,0.625,-2.4375,-3.0625
qwen25_72b,52,valenced_nonopposite::utilitarian::015,valenced_nonopposite,utilitarian,valenced,nonopposite,-0.8,preference_control,-5.25,1.125,-5.118622183799744,1.124999761581421,-5.118622183799744,1.124999761581421,-1.9968112111091612,-3.1218109726905823,-5.25,1.125,-2.0625,-3.1875
qwen25_72b,52,valenced_nonopposite::utilitarian::015,valenced_nonopposite,utilitarian,valenced,nonopposite,-0.6,preference_control,-4.125,1.25,-4.139648914337158,1.124999761581421,-4.139648914337158,1.124999761581421,-1.5073245763778689,-2.6323243379592896,-4.125,1.25,-1.4375,-2.6875
qwen25_72b,52,valenced_nonopposite::utilitarian::015,valenced_nonopposite,utilitarian,valenced,nonopposite,-0.4,preference_control,-2.375,1.75,-2.498535633087158,1.6240233182907104,-2.498535633087158,1.6240233182907104,-0.4372561573982239,-2.0612794756889343,-2.375,1.75,-0.3125,-2.0625
qwen25_72b,52,valenced_nonopposite::utilitarian::015,valenced_nonopposite,utilitarian,valenced,nonopposite,-0.2,preference_control,0.0,2.25,-3.5762786865234375e-07,2.2431639432907104,-3.5762786865234375e-07,2.2431639432907104,1.121581792831421,-1.1215821504592896,0.0,2.25,1.125,-1.125
qwen25_72b,52,valenced_nonopposite::utilitarian::015,valenced_nonopposite,utilitarian,valenced,nonopposite,0.0,preference_control,2.75,2.75,2.998046517372132,2.7502440214157104,2.998046517372132,2.7502440214157104,2.874145269393921,0.1239012479782104,2.75,2.75,2.75,0.0
qwen25_72b,52,valenced_nonopposite::utilitarian::015,valenced_nonopposite,utilitarian,valenced,nonopposite,0.2,preference_control,6.5,3.375,6.623626589775085,3.372314453125,6.623626589775085,3.372314453125,4.997970521450043,1.6256560683250427,6.5,3.375,4.9375,1.5625
qwen25_72b,52,valenced_nonopposite::utilitarian::015,valenced_nonopposite,utilitarian,valenced,nonopposite,0.4,preference_control,9.75,3.5,9.99992609024048,3.5013427734375,9.99992609024048,3.5013427734375,6.750634431838989,3.2492916584014893,9.75,3.5,6.625,3.125
qwen25_72b,52,valenced_nonopposite::utilitarian::015,valenced_nonopposite,utilitarian,valenced,nonopposite,0.6,preference_control,11.75,3.75,11.87497365474701,3.5013427734375,11.87497365474701,3.5013427734375,7.688158214092255,4.186815440654755,11.75,3.75,7.75,4.0
qwen25_72b,52,valenced_nonopposite::utilitarian::015,valenced_nonopposite,utilitarian,valenced,nonopposite,0.8,preference_control,12.625,3.375,12.749981999397278,3.37255859375,12.749981999397278,3.37255859375,8.061270296573639,4.688711702823639,12.625,3.375,8.0,4.625
qwen25_72b,52,valenced_nonopposite::utilitarian::015,valenced_nonopposite,utilitarian,valenced,nonopposite,1.0,preference_control,12.625,3.25,12.62498152256012,2.998046875,12.62498152256012,2.998046875,7.81151419878006,4.81346732378006,12.625,3.25,7.9375,4.6875
qwen25_72b,52,valenced_nonopposite::utilitarian::016,valenced_nonopposite,utilitarian,valenced,nonopposite,-1.0,preference_control,-9.375,-1.375,-9.374842524528503,-1.374999761581421,-9.374842524528503,-1.374999761581421,-5.374921143054962,-3.999921381473541,-9.375,-1.375,-5.375,-4.0
qwen25_72b,52,valenced_nonopposite::utilitarian::016,valenced_nonopposite,utilitarian,valenced,nonopposite,-0.8,preference_control,-9.625,-0.5,-9.62488603591919,-0.5019530057907104,-9.62488603591919,-0.5019530057907104,-5.06341952085495,-4.56146651506424,-9.625,-0.5,-5.0625,-4.5625
qwen25_72b,52,valenced_nonopposite::utilitarian::016,valenced_nonopposite,utilitarian,valenced,nonopposite,-0.6,preference_control,-8.75,0.5,-8.749778747558594,0.5019532442092896,-8.749778747558594,0.5019532442092896,-4.123912751674652,-4.625865995883942,-8.75,0.5,-4.125,-4.625
qwen25_72b,52,valenced_nonopposite::utilitarian::016,valenced_nonopposite,utilitarian,valenced,nonopposite,-0.4,preference_control,-7.375,1.75,-7.374324798583984,1.7529296875,-7.374324798583984,1.7529296875,-2.810697555541992,-4.563627243041992,-7.375,1.75,-2.8125,-4.5625
qwen25_72b,52,valenced_nonopposite::utilitarian::016,valenced_nonopposite,utilitarian,valenced,nonopposite,-0.2,preference_control,-4.625,2.875,-4.6151123046875,2.88134765625,-4.6151123046875,2.88134765625,-0.86688232421875,-3.74822998046875,-4.625,2.875,-0.875,-3.75
qwen25_72b,52,valenced_nonopposite::utilitarian::016,valenced_nonopposite,utilitarian,valenced,nonopposite,0.0,preference_control,-1.5,4.25,-1.5009765625,4.2349853515625,-1.5009765625,4.2349853515625,1.36700439453125,-2.86798095703125,-1.5,4.25,1.375,-2.875
qwen25_72b,52,valenced_nonopposite::utilitarian::016,valenced_nonopposite,utilitarian,valenced,nonopposite,0.2,preference_control,2.75,5.5,2.74951171875,5.49530029296875,2.74951171875,5.49530029296875,4.122406005859375,-1.372894287109375,2.75,5.5,4.125,-1.375
qwen25_72b,52,valenced_nonopposite::utilitarian::016,valenced_nonopposite,utilitarian,valenced,nonopposite,0.4,preference_control,6.5,6.375,6.4979248046875,6.3728790283203125,6.4979248046875,6.3728790283203125,6.435401916503906,0.0625228881835937,6.5,6.375,6.4375,0.0625
qwen25_72b,52,valenced_nonopposite::utilitarian::016,valenced_nonopposite,utilitarian,valenced,nonopposite,0.6,preference_control,8.625,7.0,8.624427795410156,6.998802185058594,8.624427795410156,6.998802185058594,7.811614990234375,0.8128128051757812,8.625,7.0,7.8125,0.8125
qwen25_72b,52,valenced_nonopposite::utilitarian::016,valenced_nonopposite,utilitarian,valenced,nonopposite,0.8,preference_control,9.75,7.0,9.749675750732422,6.998893737792969,9.749675750732422,6.998893737792969,8.374284744262695,1.3753910064697266,9.75,7.0,8.375,1.375
qwen25_72b,52,valenced_nonopposite::utilitarian::016,valenced_nonopposite,utilitarian,valenced,nonopposite,1.0,preference_control,10.25,6.375,10.249781608581545,6.373161435127258,10.249781608581545,6.373161435127258,8.3114715218544,1.9383100867271423,10.25,6.375,8.3125,1.9375
qwen25_72b,52,valenced_nonopposite::utilitarian::017,valenced_nonopposite,utilitarian,valenced,nonopposite,-1.0,preference_control,-8.0,-6.375,-7.995940446853638,-6.371506690979004,-7.995940446853638,-6.371506690979004,-7.183723568916321,-0.8122168779373169,-8.0,-6.375,-7.1875,-0.8125
qwen25_72b,52,valenced_nonopposite::utilitarian::017,valenced_nonopposite,utilitarian,valenced,nonopposite,-0.8,preference_control,-8.5,-6.625,-8.498206615447998,-6.623016834259033,-8.498206615447998,-6.623016834259033,-7.560611724853516,-0.9375948905944824,-8.5,-6.625,-7.5625,-0.9375
qwen25_72b,52,valenced_nonopposite::utilitarian::017,valenced_nonopposite,utilitarian,valenced,nonopposite,-0.6,preference_control,-8.5,-6.625,-8.49890124797821,-6.623367547988892,-8.49890124797821,-6.623367547988892,-7.561134397983551,-0.9377668499946594,-8.5,-6.625,-7.5625,-0.9375
qwen25_72b,52,valenced_nonopposite::utilitarian::017,valenced_nonopposite,utilitarian,valenced,nonopposite,-0.4,preference_control,-7.75,-6.25,-7.749118685722351,-6.247925162315369,-7.749118685722351,-6.247925162315369,-6.99852192401886,-0.7505967617034912,-7.75,-6.25,-7.0,-0.75
qwen25_72b,52,valenced_nonopposite::utilitarian::017,valenced_nonopposite,utilitarian,valenced,nonopposite,-0.2,preference_control,-5.5,-4.5,-5.4953612089157104,-4.488647818565369,-5.4953612089157104,-4.488647818565369,-4.99200451374054,-0.5033566951751709,-5.5,-4.5,-5.0,-0.5
qwen25_72b,52,valenced_nonopposite::utilitarian::017,valenced_nonopposite,utilitarian,valenced,nonopposite,0.0,preference_control,-1.25,-1.5,-1.2519530057907104,-1.500000238418579,-1.2519530057907104,-1.500000238418579,-1.3759766221046448,0.1240236163139343,-1.25,-1.5,-1.375,0.125
qwen25_72b,52,valenced_nonopposite::utilitarian::017,valenced_nonopposite,utilitarian,valenced,nonopposite,0.2,preference_control,3.375,3.0,3.3693848848342896,2.995849251747132,3.3693848848342896,2.995849251747132,3.1826170682907104,0.1867678165435791,3.375,3.0,3.1875,0.1875
qwen25_72b,52,valenced_nonopposite::utilitarian::017,valenced_nonopposite,utilitarian,valenced,nonopposite,0.4,preference_control,8.125,6.25,8.123001217842102,6.247008562088013,8.123001217842102,6.247008562088013,7.185004889965057,0.9379963278770448,8.125,6.25,7.1875,0.9375
qwen25_72b,52,valenced_nonopposite::utilitarian::017,valenced_nonopposite,utilitarian,valenced,nonopposite,0.6,preference_control,11.375,8.375,11.37348246574402,8.374106764793396,11.37348246574402,8.374106764793396,9.873794615268707,1.4996878504753113,11.375,8.375,9.875,1.5
qwen25_72b,52,valenced_nonopposite::utilitarian::017,valenced_nonopposite,utilitarian,valenced,nonopposite,0.8,preference_control,12.625,9.875,12.623293161392212,9.874358534812927,12.623293161392212,9.874358534812927,11.24882584810257,1.3744673132896423,12.625,9.875,11.25,1.375
qwen25_72b,52,valenced_nonopposite::utilitarian::017,valenced_nonopposite,utilitarian,valenced,nonopposite,1.0,preference_control,13.0,10.625,12.997516632080078,10.624392986297607,12.997516632080078,10.624392986297607,11.810954809188845,1.1865618228912354,13.0,10.625,11.8125,1.1875
qwen25_72b,52,valenced_nonopposite::utilitarian::018,valenced_nonopposite,utilitarian,valenced,nonopposite,-1.0,preference_control,-10.5,-7.25,-10.49991524219513,-7.499311447143555,-10.49991524219513,-7.499311447143555,-8.999613344669342,-1.5003018975257874,-10.5,-7.25,-8.875,-1.625
qwen25_72b,52,valenced_nonopposite::utilitarian::018,valenced_nonopposite,utilitarian,valenced,nonopposite,-0.8,preference_control,-11.125,-7.625,-11.374963879585266,-7.874555706977844,-11.374963879585266,-7.874555706977844,-9.624759793281555,-1.750204086303711,-11.125,-7.625,-9.375,-1.75
qwen25_72b,52,valenced_nonopposite::utilitarian::018,valenced_nonopposite,utilitarian,valenced,nonopposite,-0.6,preference_control,-11.125,-8.125,-10.999963402748108,-8.124673008918762,-10.999963402748108,-8.124673008918762,-9.562318205833437,-1.4376451969146729,-11.125,-8.125,-9.625,-1.5
qwen25_72b,52,valenced_nonopposite::utilitarian::018,valenced_nonopposite,utilitarian,valenced,nonopposite,-0.4,preference_control,-10.125,-7.75,-10.24994456768036,-7.99963915348053,-10.24994456768036,-7.99963915348053,-9.124791860580444,-1.1251527070999146,-10.125,-7.75,-8.9375,-1.1875
qwen25_72b,52,valenced_nonopposite::utilitarian::018,valenced_nonopposite,utilitarian,valenced,nonopposite,-0.2,preference_control,-8.125,-6.5,-8.49977195262909,-6.623637199401856,-8.49977195262909,-6.623637199401856,-7.561704576015472,-0.9380673766136168,-8.125,-6.5,-7.3125,-0.8125
qwen25_72b,52,valenced_nonopposite::utilitarian::018,valenced_nonopposite,utilitarian,valenced,nonopposite,0.0,preference_control,-5.75,-4.5,-5.872152090072632,-4.741328358650208,-5.872152090072632,-4.741328358650208,-5.30674022436142,-0.5654118657112122,-5.75,-4.5,-5.125,-0.625
qwen25_72b,52,valenced_nonopposite::utilitarian::018,valenced_nonopposite,utilitarian,valenced,nonopposite,0.2,preference_control,-0.25,-1.0,-0.2499901056289672,-0.9980419874191284,-0.2499901056289672,-0.9980419874191284,-0.6240160465240479,0.3740259408950805,-0.25,-1.0,-0.625,0.375
qwen25_72b,52,valenced_nonopposite::utilitarian::018,valenced_nonopposite,utilitarian,valenced,nonopposite,0.4,preference_control,5.25,2.5,5.49574077129364,2.243167996406555,5.49574077129364,2.243167996406555,3.8694543838500977,1.6262863874435425,5.25,2.5,3.875,1.375
qwen25_72b,52,valenced_nonopposite::utilitarian::018,valenced_nonopposite,utilitarian,valenced,nonopposite,0.6,preference_control,9.5,5.25,9.374845147132874,5.118869066238403,9.374845147132874,5.118869066238403,7.246857106685638,2.127988040447235,9.5,5.25,7.375,2.125
qwen25_72b,52,valenced_nonopposite::utilitarian::018,valenced_nonopposite,utilitarian,valenced,nonopposite,0.8,preference_control,12.125,6.75,12.124970078468325,6.748729586601257,12.124970078468325,6.748729586601257,9.43684983253479,2.6881202459335327,12.125,6.75,9.4375,2.6875
qwen25_72b,52,valenced_nonopposite::utilitarian::018,valenced_nonopposite,utilitarian,valenced,nonopposite,1.0,preference_control,13.625,7.625,13.500002384185793,7.499378204345703,13.500002384185793,7.499378204345703,10.499690294265749,3.000312089920044,13.625,7.625,10.625,3.0
qwen25_72b,52,valenced_nonopposite::utilitarian::019,valenced_nonopposite,utilitarian,valenced,nonopposite,-1.0,preference_control,-4.75,-1.75,-4.759154915809631,-1.7499998807907104,-4.759154915809631,-1.7499998807907104,-3.254577398300171,-1.5045775175094604,-4.75,-1.75,-3.25,-1.5
qwen25_72b,52,valenced_nonopposite::utilitarian::019,valenced_nonopposite,utilitarian,valenced,nonopposite,-0.8,preference_control,-4.5,-1.75,-4.51306140422821,-1.7480467557907104,-4.51306140422821,-1.7480467557907104,-3.1305540800094604,-1.38250732421875,-4.5,-1.75,-3.125,-1.375
qwen25_72b,52,valenced_nonopposite::utilitarian::019,valenced_nonopposite,utilitarian,valenced,nonopposite,-0.6,preference_control,-4.0,-1.5,-4.010497808456421,-1.4990233182907104,-4.010497808456421,-1.4990233182907104,-2.7547605633735657,-1.2557372450828552,-4.0,-1.5,-2.75,-1.25
qwen25_72b,52,valenced_nonopposite::utilitarian::019,valenced_nonopposite,utilitarian,valenced,nonopposite,-0.4,preference_control,-2.75,-1.5,-2.7490233182907104,-1.498046875,-2.7490233182907104,-1.498046875,-2.1235350966453552,-0.6254882216453552,-2.75,-1.5,-2.125,-0.625
qwen25_72b,52,valenced_nonopposite::utilitarian::019,valenced_nonopposite,utilitarian,valenced,nonopposite,-0.2,preference_control,-1.25,-0.5,-1.2460936307907104,-0.5,-1.2460936307907104,-0.5,-0.8730468153953552,-0.3730468153953552,-1.25,-0.5,-0.875,-0.375
qwen25_72b,52,valenced_nonopposite::utilitarian::019,valenced_nonopposite,utilitarian,valenced,nonopposite,0.0,preference_control,0.5,0.75,0.5019532442092896,0.7519532442092896,0.5019532442092896,0.7519532442092896,0.6269532442092896,-0.125,0.5,0.75,0.625,-0.125
qwen25_72b,52,valenced_nonopposite::utilitarian::019,valenced_nonopposite,utilitarian,valenced,nonopposite,0.2,preference_control,3.25,3.0,3.2429200410842896,2.9970704317092896,3.2429200410842896,2.9970704317092896,3.1199952363967896,0.1229248046875,3.25,3.0,3.125,0.125
qwen25_72b,52,valenced_nonopposite::utilitarian::019,valenced_nonopposite,utilitarian,valenced,nonopposite,0.4,preference_control,6.25,5.5,6.247970700263977,5.495544672012329,6.247970700263977,5.495544672012329,5.871757686138153,0.376213014125824,6.25,5.5,5.875,0.375
qwen25_72b,52,valenced_nonopposite::utilitarian::019,valenced_nonopposite,utilitarian,valenced,nonopposite,0.6,preference_control,8.75,7.375,8.749784588813782,7.374187707901001,8.749784588813782,7.374187707901001,8.061986148357391,0.6877984404563904,8.75,7.375,8.0625,0.6875
qwen25_72b,52,valenced_nonopposite::utilitarian::019,valenced_nonopposite,utilitarian,valenced,nonopposite,0.8,preference_control,10.5,8.875,10.499925255775452,8.87475037574768,10.499925255775452,8.87475037574768,9.687337815761566,0.8125874400138855,10.5,8.875,9.6875,0.8125
qwen25_72b,52,valenced_nonopposite::utilitarian::019,valenced_nonopposite,utilitarian,valenced,nonopposite,1.0,preference_control,11.125,9.25,11.124939560890198,9.249799013137816,11.124939560890198,9.249799013137816,10.187369287014008,0.9375702738761902,11.125,9.25,10.1875,0.9375
qwen25_72b,52,valenced_opposite::affective::000,valenced_opposite,affective,valenced,opposite,-1.0,preference_control,-6.125,-5.0,-6.120086669921875,-5.010009765625,-6.120086669921875,-5.010009765625,-5.5650482177734375,-0.5550384521484375,-6.125,-5.0,-5.5625,-0.5625
qwen25_72b,52,valenced_opposite::affective::000,valenced_opposite,affective,valenced,opposite,-0.8,preference_control,-6.5,-4.25,-6.496841430664063,-4.25244140625,-6.496841430664063,-4.25244140625,-5.374641418457031,-1.1222000122070312,-6.5,-4.25,-5.375,-1.125
qwen25_72b,52,valenced_opposite::affective::000,valenced_opposite,affective,valenced,opposite,-0.6,preference_control,-6.25,-3.75,-6.24658203125,-3.745361328125,-6.24658203125,-3.745361328125,-4.9959716796875,-1.2506103515625,-6.25,-3.75,-5.0,-1.25
qwen25_72b,52,valenced_opposite::affective::000,valenced_opposite,affective,valenced,opposite,-0.4,preference_control,-5.625,-2.875,-5.61981201171875,-2.86865234375,-5.61981201171875,-2.86865234375,-4.244232177734375,-1.375579833984375,-5.625,-2.875,-4.25,-1.375
qwen25_72b,52,valenced_opposite::affective::000,valenced_opposite,affective,valenced,opposite,-0.2,preference_control,-4.25,-1.5,-4.2647705078125,-1.50390625,-4.2647705078125,-1.50390625,-2.88433837890625,-1.38043212890625,-4.25,-1.5,-2.875,-1.375
qwen25_72b,52,valenced_opposite::affective::000,valenced_opposite,affective,valenced,opposite,0.0,preference_control,-2.375,0.25,-2.3759765625,0.25,-2.3759765625,0.25,-1.06298828125,-1.31298828125,-2.375,0.25,-1.0625,-1.3125
qwen25_72b,52,valenced_opposite::affective::000,valenced_opposite,affective,valenced,opposite,0.2,preference_control,0.75,2.625,0.751953125,2.63037109375,0.751953125,2.63037109375,1.691162109375,-0.939208984375,0.75,2.625,1.6875,-0.9375
qwen25_72b,52,valenced_opposite::affective::000,valenced_opposite,affective,valenced,opposite,0.4,preference_control,3.75,4.375,3.7421875,4.36212158203125,3.7421875,4.36212158203125,4.052154541015625,-0.309967041015625,3.75,4.375,4.0625,-0.3125
qwen25_72b,52,valenced_opposite::affective::000,valenced_opposite,affective,valenced,opposite,0.6,preference_control,5.875,5.875,5.872116088867188,5.8720703125,5.872116088867188,5.8720703125,5.872093200683594,2.288818359375e-05,5.875,5.875,5.875,0.0
qwen25_72b,52,valenced_opposite::affective::000,valenced_opposite,affective,valenced,opposite,0.8,preference_control,8.25,7.125,8.249702453613281,7.124114990234375,8.249702453613281,7.124114990234375,7.686908721923828,0.5627937316894531,8.25,7.125,7.6875,0.5625
qwen25_72b,52,valenced_opposite::affective::000,valenced_opposite,affective,valenced,opposite,1.0,preference_control,10.125,8.375,10.124923706054688,8.37472152709961,10.124923706054688,8.37472152709961,9.249822616577148,0.8751010894775391,10.125,8.375,9.25,0.875
qwen25_72b,52,valenced_opposite::affective::001,valenced_opposite,affective,valenced,opposite,-1.0,preference_control,-8.75,-7.375,-8.748015880584717,-7.506956934928894,-8.748015880584717,-7.506956934928894,-8.127486407756805,-0.6205294728279114,-8.75,-7.375,-8.0625,-0.6875
qwen25_72b,52,valenced_opposite::affective::001,valenced_opposite,affective,valenced,opposite,-0.8,preference_control,-8.375,-7.5,-8.499240517616272,-7.239196181297302,-8.499240517616272,-7.239196181297302,-7.869218349456787,-0.6300221681594849,-8.375,-7.5,-7.9375,-0.4375
qwen25_72b,52,valenced_opposite::affective::001,valenced_opposite,affective,valenced,opposite,-0.6,preference_control,-7.75,-6.375,-7.624343395233154,-6.368987560272217,-7.624343395233154,-6.368987560272217,-6.9966654777526855,-0.6276779174804688,-7.75,-6.375,-7.0625,-0.6875
qwen25_72b,52,valenced_opposite::affective::001,valenced_opposite,affective,valenced,opposite,-0.4,preference_control,-5.875,-4.75,-5.872115731239319,-4.865722179412842,-5.872115731239319,-4.865722179412842,-5.36891895532608,-0.5031967759132385,-5.875,-4.75,-5.3125,-0.5625
qwen25_72b,52,valenced_opposite::affective::001,valenced_opposite,affective,valenced,opposite,-0.2,preference_control,-3.875,-2.5,-4.013061165809631,-2.498534798622132,-4.013061165809631,-2.498534798622132,-3.2557979822158813,-0.75726318359375,-3.875,-2.5,-3.1875,-0.6875
qwen25_72b,52,valenced_opposite::affective::001,valenced_opposite,affective,valenced,opposite,0.0,preference_control,-1.5,0.0,-1.5019527673721311,-0.2499996423721313,-1.5019527673721311,-0.2499996423721313,-0.8759762048721313,-0.6259765625,-1.5,0.0,-0.75,-0.75
qwen25_72b,52,valenced_opposite::affective::001,valenced_opposite,affective,valenced,opposite,0.2,preference_control,3.0,3.625,2.998291492462158,3.6298831701278687,2.998291492462158,3.6298831701278687,3.314087331295013,-0.3157958388328552,3.0,3.625,3.3125,-0.3125
qwen25_72b,52,valenced_opposite::affective::001,valenced_opposite,affective,valenced,opposite,0.4,preference_control,8.75,7.0,8.624820470809937,7.1241878271102905,8.624820470809937,7.1241878271102905,7.8745041489601135,0.750316321849823,8.75,7.0,7.875,0.875
qwen25_72b,52,valenced_opposite::affective::001,valenced_opposite,affective,valenced,opposite,0.6,preference_control,13.0,9.125,12.999998807907104,9.249902486801147,12.999998807907104,9.249902486801147,11.124950647354126,1.8750481605529783,13.0,9.125,11.0625,1.9375
qwen25_72b,52,valenced_opposite::affective::001,valenced_opposite,affective,valenced,opposite,0.8,preference_control,15.375,9.75,15.250003337860107,9.74994134902954,15.250003337860107,9.74994134902954,12.499972343444824,2.750030994415283,15.375,9.75,12.5625,2.8125
qwen25_72b,52,valenced_opposite::affective::001,valenced_opposite,affective,valenced,opposite,1.0,preference_control,15.75,9.625,15.750008821487429,9.749942183494568,15.750008821487429,9.749942183494568,12.749975502490996,3.000033318996429,15.75,9.625,12.6875,3.0625
qwen25_72b,52,valenced_opposite::affective::002,valenced_opposite,affective,valenced,opposite,-1.0,preference_control,0.5,2.75,0.4980576038360595,2.7502511739730835,0.4980576038360595,2.7502511739730835,1.6241543889045715,-1.126096785068512,0.5,2.75,1.625,-1.125
qwen25_72b,52,valenced_opposite::affective::002,valenced_opposite,affective,valenced,opposite,-0.8,preference_control,2.25,4.0,2.243666172027588,4.01295268535614,2.243666172027588,4.01295268535614,3.128309428691864,-0.8846432566642761,2.25,4.0,3.125,-0.875
qwen25_72b,52,valenced_opposite::affective::002,valenced_opposite,affective,valenced,opposite,-0.6,preference_control,3.75,5.25,3.742324352264404,5.2446852922439575,3.742324352264404,5.2446852922439575,4.493504822254181,-0.7511804699897766,3.75,5.25,4.5,-0.75
qwen25_72b,52,valenced_opposite::affective::002,valenced_opposite,affective,valenced,opposite,-0.4,preference_control,5.25,6.25,5.244736909866333,6.248023986816406,5.244736909866333,6.248023986816406,5.74638044834137,-0.5016435384750366,5.25,6.25,5.75,-0.5
qwen25_72b,52,valenced_opposite::affective::002,valenced_opposite,affective,valenced,opposite,-0.2,preference_control,6.25,7.25,6.248072624206543,7.249329566955566,6.248072624206543,7.249329566955566,6.748701095581055,-0.5006284713745117,6.25,7.25,6.75,-0.5
qwen25_72b,52,valenced_opposite::affective::002,valenced_opposite,affective,valenced,opposite,0.0,preference_control,7.5,7.875,7.499457120895386,7.874799728393555,7.499457120895386,7.874799728393555,7.68712842464447,-0.1876713037490844,7.5,7.875,7.6875,-0.1875
qwen25_72b,52,valenced_opposite::affective::002,valenced_opposite,affective,valenced,opposite,0.2,preference_control,9.75,8.875,9.749962091445925,8.8751220703125,9.749962091445925,8.8751220703125,9.312542080879211,0.4374200105667114,9.75,8.875,9.3125,0.4375
qwen25_72b,52,valenced_opposite::affective::002,valenced_opposite,affective,valenced,opposite,0.4,preference_control,11.625,10.125,11.625001311302183,10.125146389007568,11.625001311302183,10.125146389007568,10.875073850154877,0.7499274611473083,11.625,10.125,10.875,0.75
qwen25_72b,52,valenced_opposite::affective::002,valenced_opposite,affective,valenced,opposite,0.6,preference_control,13.125,10.5,13.125003933906555,10.500072002410889,13.125003933906555,10.500072002410889,11.812537968158722,1.3124659657478333,13.125,10.5,11.8125,1.3125
qwen25_72b,52,valenced_opposite::affective::002,valenced_opposite,affective,valenced,opposite,0.8,preference_control,14.25,10.375,14.250006318092346,10.374993801116943,14.250006318092346,10.374993801116943,12.312500059604645,1.9375062584877012,14.25,10.375,12.3125,1.9375
qwen25_72b,52,valenced_opposite::affective::002,valenced_opposite,affective,valenced,opposite,1.0,preference_control,14.5,9.5,14.500012159347534,9.499938488006592,14.500012159347534,9.499938488006592,11.999975323677065,2.500036835670471,14.5,9.5,12.0,2.5
qwen25_72b,52,valenced_opposite::affective::003,valenced_opposite,affective,valenced,opposite,-1.0,preference_control,-7.375,-7.0,-7.26025390625,-6.8740234375,-7.26025390625,-6.8740234375,-7.067138671875,-0.193115234375,-7.375,-7.0,-7.1875,-0.1875
qwen25_72b,52,valenced_opposite::affective::003,valenced_opposite,affective,valenced,opposite,-0.8,preference_control,-6.75,-7.25,-6.75390625,-7.49560546875,-6.75390625,-7.49560546875,-7.124755859375,0.370849609375,-6.75,-7.25,-7.0,0.25
qwen25_72b,52,valenced_opposite::affective::003,valenced_opposite,affective,valenced,opposite,-0.6,preference_control,-5.75,-7.0,-5.6201171875,-7.0126953125,-5.6201171875,-7.0126953125,-6.31640625,0.6962890625,-5.75,-7.0,-6.375,0.625
qwen25_72b,52,valenced_opposite::affective::003,valenced_opposite,affective,valenced,opposite,-0.4,preference_control,-4.5,-6.125,-4.1270751953125,-5.87158203125,-4.1270751953125,-5.87158203125,-4.99932861328125,0.87225341796875,-4.5,-6.125,-5.3125,0.8125
qwen25_72b,52,valenced_opposite::affective::003,valenced_opposite,affective,valenced,opposite,-0.2,preference_control,-2.5,-4.125,-2.5068359375,-4.1162109375,-2.5068359375,-4.1162109375,-3.3115234375,0.8046875,-2.5,-4.125,-3.3125,0.8125
qwen25_72b,52,valenced_opposite::affective::003,valenced_opposite,affective,valenced,opposite,0.0,preference_control,-0.25,-1.75,-0.25,-1.7470703125,-0.25,-1.7470703125,-0.99853515625,0.74853515625,-0.25,-1.75,-1.0,0.75
qwen25_72b,52,valenced_opposite::affective::003,valenced_opposite,affective,valenced,opposite,0.2,preference_control,3.75,1.625,3.8699951171875,1.5,3.8699951171875,1.5,2.68499755859375,1.18499755859375,3.75,1.625,2.6875,1.0625
qwen25_72b,52,valenced_opposite::affective::003,valenced_opposite,affective,valenced,opposite,0.4,preference_control,9.0,4.625,8.999868392944336,4.7413330078125,8.999868392944336,4.7413330078125,6.870600700378418,2.129267692565918,9.0,4.625,6.8125,2.1875
qwen25_72b,52,valenced_opposite::affective::003,valenced_opposite,affective,valenced,opposite,0.6,preference_control,14.625,7.125,14.624996185302734,7.374362945556641,14.624996185302734,7.374362945556641,10.999679565429688,3.625316619873047,14.625,7.125,10.875,3.75
qwen25_72b,52,valenced_opposite::affective::003,valenced_opposite,affective,valenced,opposite,0.8,preference_control,18.125,8.25,18.24999737739563,8.249732971191406,18.24999737739563,8.249732971191406,13.249865174293518,5.000132203102112,18.125,8.25,13.1875,4.9375
qwen25_72b,52,valenced_opposite::affective::003,valenced_opposite,affective,valenced,opposite,1.0,preference_control,19.5,8.5,19.74999701976776,8.499792098999023,19.74999701976776,8.499792098999023,14.124894559383392,5.625102460384369,19.5,8.5,14.0,5.5
qwen25_72b,52,valenced_opposite::affective::004,valenced_opposite,affective,valenced,opposite,-1.0,preference_control,-6.625,-4.625,-6.622802257537842,-4.638425946235657,-6.622802257537842,-4.638425946235657,-5.630614101886749,-0.9921881556510924,-6.625,-4.625,-5.625,-1.0
qwen25_72b,52,valenced_opposite::affective::004,valenced_opposite,affective,valenced,opposite,-0.8,preference_control,-6.75,-4.875,-6.748534798622131,-4.862363934516907,-6.748534798622131,-4.862363934516907,-5.805449366569519,-0.9430854320526124,-6.75,-4.875,-5.8125,-0.9375
qwen25_72b,52,valenced_opposite::affective::004,valenced_opposite,affective,valenced,opposite,-0.6,preference_control,-6.75,-5.0,-6.748733282089233,-4.990232944488525,-6.748733282089233,-4.990232944488525,-5.869483113288879,-0.879250168800354,-6.75,-5.0,-5.875,-0.875
qwen25_72b,52,valenced_opposite::affective::004,valenced_opposite,affective,valenced,opposite,-0.4,preference_control,-6.5,-4.5,-6.49846625328064,-4.486754179000855,-6.49846625328064,-4.486754179000855,-5.492610216140747,-1.0058560371398926,-6.5,-4.5,-5.5,-1.0
qwen25_72b,52,valenced_opposite::affective::004,valenced_opposite,affective,valenced,opposite,-0.2,preference_control,-5.25,-3.75,-5.24475085735321,-3.756346464157105,-5.24475085735321,-3.756346464157105,-4.5005486607551575,-0.744202196598053,-5.25,-3.75,-4.5,-0.75
qwen25_72b,52,valenced_opposite::affective::004,valenced_opposite,affective,valenced,opposite,0.0,preference_control,-3.25,-2.5,-3.2431639432907104,-2.4975574016571045,-3.2431639432907104,-2.4975574016571045,-2.8703606724739075,-0.372803270816803,-3.25,-2.5,-2.875,-0.375
qwen25_72b,52,valenced_opposite::affective::004,valenced_opposite,affective,valenced,opposite,0.2,preference_control,0.25,-0.25,0.2500001192092895,-0.2499988079071045,0.2500001192092895,-0.2499988079071045,6.556510925292969e-07,0.249999463558197,0.25,-0.25,0.0,0.25
qwen25_72b,52,valenced_opposite::affective::004,valenced_opposite,affective,valenced,opposite,0.4,preference_control,4.25,2.75,4.235840082168579,2.7504899501800537,4.235840082168579,2.7504899501800537,3.4931650161743164,0.7426750659942627,4.25,2.75,3.5,0.75
qwen25_72b,52,valenced_opposite::affective::004,valenced_opposite,affective,valenced,opposite,0.6,preference_control,8.25,5.25,8.249737024307251,5.244752764701843,8.249737024307251,5.244752764701843,6.747244894504547,1.502492129802704,8.25,5.25,6.75,1.5
qwen25_72b,52,valenced_opposite::affective::004,valenced_opposite,affective,valenced,opposite,0.8,preference_control,11.25,7.0,11.24998688697815,6.999090909957886,11.24998688697815,6.999090909957886,9.124538898468018,2.125447988510132,11.25,7.0,9.125,2.125
qwen25_72b,52,valenced_opposite::affective::004,valenced_opposite,affective,valenced,opposite,1.0,preference_control,12.875,7.5,12.8749977350235,7.499451279640198,12.8749977350235,7.499451279640198,10.187224507331848,2.6877732276916504,12.875,7.5,10.1875,2.6875
qwen25_72b,52,valenced_opposite::affective::005,valenced_opposite,affective,valenced,opposite,-1.0,preference_control,-8.0,-5.25,-7.999664306640625,-5.2447509765625,-7.999664306640625,-5.2447509765625,-6.6222076416015625,-1.3774566650390625,-8.0,-5.25,-6.625,-1.375
qwen25_72b,52,valenced_opposite::affective::005,valenced_opposite,affective,valenced,opposite,-0.8,preference_control,-8.0,-5.5,-7.999664306640625,-5.49591064453125,-7.999664306640625,-5.49591064453125,-6.7477874755859375,-1.2518768310546875,-8.0,-5.5,-6.75,-1.25
qwen25_72b,52,valenced_opposite::affective::005,valenced_opposite,affective,valenced,opposite,-0.6,preference_control,-6.75,-5.0,-6.748832702636719,-4.9932861328125,-6.748832702636719,-4.9932861328125,-5.871059417724609,-0.8777732849121094,-6.75,-5.0,-5.875,-0.875
qwen25_72b,52,valenced_opposite::affective::005,valenced_opposite,affective,valenced,opposite,-0.4,preference_control,-5.25,-4.0,-5.2447509765625,-4.0130615234375,-5.2447509765625,-4.0130615234375,-4.62890625,-0.6158447265625,-5.25,-4.0,-4.625,-0.625
qwen25_72b,52,valenced_opposite::affective::005,valenced_opposite,affective,valenced,opposite,-0.2,preference_control,-2.25,-1.75,-2.24365234375,-1.75390625,-2.24365234375,-1.75390625,-1.998779296875,-0.244873046875,-2.25,-1.75,-2.0,-0.25
qwen25_72b,52,valenced_opposite::affective::005,valenced_opposite,affective,valenced,opposite,0.0,preference_control,1.25,0.5,1.248046875,0.498046875,1.248046875,0.498046875,0.873046875,0.375,1.25,0.5,0.875,0.375
qwen25_72b,52,valenced_opposite::affective::005,valenced_opposite,affective,valenced,opposite,0.2,preference_control,4.5,3.5,4.4888916015625,3.50146484375,4.4888916015625,3.50146484375,3.99517822265625,0.49371337890625,4.5,3.5,4.0,0.5
qwen25_72b,52,valenced_opposite::affective::005,valenced_opposite,affective,valenced,opposite,0.4,preference_control,7.25,5.25,7.249267578125,5.244720458984375,7.249267578125,5.244720458984375,6.246994018554688,1.0022735595703125,7.25,5.25,6.25,1.0
qwen25_72b,52,valenced_opposite::affective::005,valenced_opposite,affective,valenced,opposite,0.6,preference_control,9.25,6.25,9.249884605407717,6.248016357421875,9.249884605407717,6.248016357421875,7.748950481414795,1.50093412399292,9.25,6.25,7.75,1.5
qwen25_72b,52,valenced_opposite::affective::005,valenced_opposite,affective,valenced,opposite,0.8,preference_control,10.625,7.0,10.62496256828308,6.999034881591797,10.62496256828308,6.999034881591797,8.811998724937439,1.812963843345642,10.625,7.0,8.8125,1.8125
qwen25_72b,52,valenced_opposite::affective::005,valenced_opposite,affective,valenced,opposite,1.0,preference_control,11.125,7.0,11.1249680519104,6.999034881591797,11.1249680519104,6.999034881591797,9.0620014667511,2.0629665851593018,11.125,7.0,9.0625,2.0625
qwen25_72b,52,valenced_opposite::affective::006,valenced_opposite,affective,valenced,opposite,-1.0,preference_control,-5.375,-3.25,-5.361698508262634,-3.245099902153015,-5.361698508262634,-3.245099902153015,-4.303399205207825,-1.0582993030548096,-5.375,-3.25,-4.3125,-1.0625
qwen25_72b,52,valenced_opposite::affective::006,valenced_opposite,affective,valenced,opposite,-0.8,preference_control,-5.875,-3.25,-5.869697451591492,-3.253401279449463,-5.869697451591492,-3.253401279449463,-4.561549365520477,-1.3081480860710144,-5.875,-3.25,-4.5625,-1.3125
qwen25_72b,52,valenced_opposite::affective::006,valenced_opposite,affective,valenced,opposite,-0.6,preference_control,-5.625,-3.25,-5.6202147006988525,-3.256819248199463,-5.6202147006988525,-3.256819248199463,-4.438516974449158,-1.1816977262496948,-5.625,-3.25,-4.4375,-1.1875
qwen25_72b,52,valenced_opposite::affective::006,valenced_opposite,affective,valenced,opposite,-0.4,preference_control,-5.25,-3.25,-5.244570732116699,-3.254380941390991,-5.244570732116699,-3.254380941390991,-4.249475836753845,-0.995094895362854,-5.25,-3.25,-4.25,-1.0
qwen25_72b,52,valenced_opposite::affective::006,valenced_opposite,affective,valenced,opposite,-0.2,preference_control,-3.5,-2.25,-3.501463890075684,-2.2573070526123047,-3.501463890075684,-2.2573070526123047,-2.879385471343994,-0.6220784187316895,-3.5,-2.25,-2.875,-0.625
qwen25_72b,52,valenced_opposite::affective::006,valenced_opposite,affective,valenced,opposite,0.0,preference_control,-1.0,-0.5,-0.9999986886978148,-0.5019274950027466,-0.9999986886978148,-0.5019274950027466,-0.7509630918502808,-0.2490355968475341,-1.0,-0.5,-0.75,-0.25
qwen25_72b,52,valenced_opposite::affective::006,valenced_opposite,affective,valenced,opposite,0.2,preference_control,4.5,3.5,4.488954186439514,3.501502633094788,4.488954186439514,3.501502633094788,3.995228409767151,0.4937257766723633,4.5,3.5,4.0,0.5
qwen25_72b,52,valenced_opposite::affective::006,valenced_opposite,affective,valenced,opposite,0.4,preference_control,11.0,7.75,10.99998664855957,7.749605059623718,10.99998664855957,7.749605059623718,9.374795854091644,1.625190794467926,11.0,7.75,9.375,1.625
qwen25_72b,52,valenced_opposite::affective::006,valenced_opposite,affective,valenced,opposite,0.6,preference_control,16.25,10.875,16.25000548362732,10.87500536441803,16.25000548362732,10.87500536441803,13.562505424022676,2.6875000596046448,16.25,10.875,13.5625,2.6875
qwen25_72b,52,valenced_opposite::affective::006,valenced_opposite,affective,valenced,opposite,0.8,preference_control,18.25,13.125,18.25000512599945,13.125017404556274,18.25000512599945,13.125017404556274,15.687511265277864,2.562493860721588,18.25,13.125,15.6875,2.5625
qwen25_72b,52,valenced_opposite::affective::006,valenced_opposite,affective,valenced,opposite,1.0,preference_control,18.75,13.5,18.750006556510925,13.500014305114746,18.750006556510925,13.500014305114746,16.125010430812836,2.6249961256980896,18.75,13.5,16.125,2.625
qwen25_72b,52,valenced_opposite::affective::007,valenced_opposite,affective,valenced,opposite,-1.0,preference_control,-10.5,-9.0,-10.499844789505005,-8.999791264533997,-10.499844789505005,-8.999791264533997,-9.7498180270195,-0.7500267624855042,-10.5,-9.0,-9.75,-0.75
qwen25_72b,52,valenced_opposite::affective::007,valenced_opposite,affective,valenced,opposite,-0.8,preference_control,-10.125,-8.625,-10.124863862991331,-8.62476372718811,-10.124863862991331,-8.62476372718811,-9.374813795089722,-0.7500500679016113,-10.125,-8.625,-9.375,-0.75
qwen25_72b,52,valenced_opposite::affective::007,valenced_opposite,affective,valenced,opposite,-0.6,preference_control,-9.375,-8.0,-9.374831914901732,-7.999612092971802,-9.374831914901732,-7.999612092971802,-8.687222003936768,-0.6876099109649658,-9.375,-8.0,-8.6875,-0.6875
qwen25_72b,52,valenced_opposite::affective::007,valenced_opposite,affective,valenced,opposite,-0.4,preference_control,-7.75,-7.25,-7.749472975730896,-7.249248266220093,-7.749472975730896,-7.249248266220093,-7.499360620975494,-0.2501123547554016,-7.75,-7.25,-7.5,-0.25
qwen25_72b,52,valenced_opposite::affective::007,valenced_opposite,affective,valenced,opposite,-0.2,preference_control,-6.0,-6.0,-5.997453808784485,-5.997470617294312,-5.997453808784485,-5.997470617294312,-5.997462213039398,8.404254913330078e-06,-6.0,-6.0,-6.0,0.0
qwen25_72b,52,valenced_opposite::affective::007,valenced_opposite,affective,valenced,opposite,0.0,preference_control,-2.75,-4.25,-2.7504894733428955,-4.235780715942383,-2.7504894733428955,-4.235780715942383,-3.493135094642639,0.7426456212997437,-2.75,-4.25,-3.5,0.75
qwen25_72b,52,valenced_opposite::affective::007,valenced_opposite,affective,valenced,opposite,0.2,preference_control,1.0,-2.25,0.999998927116394,-2.2436530590057373,0.999998927116394,-2.2436530590057373,-0.6218270659446716,1.6218259930610657,1.0,-2.25,-0.625,1.625
qwen25_72b,52,valenced_opposite::affective::007,valenced_opposite,affective,valenced,opposite,0.4,preference_control,5.75,0.0,5.7468249797821045,-4.76837158203125e-07,5.7468249797821045,-4.76837158203125e-07,2.873412251472473,2.873412728309632,5.75,0.0,2.875,2.875
qwen25_72b,52,valenced_opposite::affective::007,valenced_opposite,affective,valenced,opposite,0.6,preference_control,9.75,2.25,9.749940276145937,2.243651986122132,9.749940276145937,2.243651986122132,5.996796131134033,3.753144145011902,9.75,2.25,6.0,3.75
qwen25_72b,52,valenced_opposite::affective::007,valenced_opposite,affective,valenced,opposite,0.8,preference_control,13.125,4.5,13.124996066093445,4.488952040672302,13.124996066093445,4.488952040672302,8.806974053382874,4.318022012710571,13.125,4.5,8.8125,4.3125
qwen25_72b,52,valenced_opposite::affective::007,valenced_opposite,affective,valenced,opposite,1.0,preference_control,14.0,5.75,13.999996185302734,5.746824860572815,13.999996185302734,5.746824860572815,9.873410522937776,4.12658566236496,14.0,5.75,9.875,4.125
qwen25_72b,52,valenced_opposite::affective::008,valenced_opposite,affective,valenced,opposite,-1.0,preference_control,-4.25,-0.875,-4.2646484375,-0.87109375,-4.2646484375,-0.87109375,-2.56787109375,-1.69677734375,-4.25,-0.875,-2.5625,-1.6875
qwen25_72b,52,valenced_opposite::affective::008,valenced_opposite,affective,valenced,opposite,-0.8,preference_control,-4.5,-1.0,-4.48748779296875,-0.99609375,-4.48748779296875,-0.99609375,-2.741790771484375,-1.745697021484375,-4.5,-1.0,-2.75,-1.75
qwen25_72b,52,valenced_opposite::affective::008,valenced_opposite,affective,valenced,opposite,-0.6,preference_control,-4.25,-1.125,-4.234619140625,-1.125,-4.234619140625,-1.125,-2.6798095703125,-1.5548095703125,-4.25,-1.125,-2.6875,-1.5625
qwen25_72b,52,valenced_opposite::affective::008,valenced_opposite,affective,valenced,opposite,-0.4,preference_control,-3.25,-1.0,-3.257568359375,-1.00390625,-3.257568359375,-1.00390625,-2.1307373046875,-1.1268310546875,-3.25,-1.0,-2.125,-1.125
qwen25_72b,52,valenced_opposite::affective::008,valenced_opposite,affective,valenced,opposite,-0.2,preference_control,-2.0,-0.5,-1.9970703125,-0.5,-1.9970703125,-0.5,-1.24853515625,-0.74853515625,-2.0,-0.5,-1.25,-0.75
qwen25_72b,52,valenced_opposite::affective::008,valenced_opposite,affective,valenced,opposite,0.0,preference_control,0.0,0.625,0.0,0.625,0.0,0.625,0.3125,-0.3125,0.0,0.625,0.3125,-0.3125
qwen25_72b,52,valenced_opposite::affective::008,valenced_opposite,affective,valenced,opposite,0.2,preference_control,3.375,2.375,3.37255859375,2.37939453125,3.37255859375,2.37939453125,2.8759765625,0.49658203125,3.375,2.375,2.875,0.5
qwen25_72b,52,valenced_opposite::affective::008,valenced_opposite,affective,valenced,opposite,0.4,preference_control,6.25,4.0,6.2480316162109375,4.0130615234375,6.2480316162109375,4.0130615234375,5.130546569824219,1.1174850463867188,6.25,4.0,5.125,1.125
qwen25_72b,52,valenced_opposite::affective::008,valenced_opposite,affective,valenced,opposite,0.6,preference_control,8.75,5.25,8.749823570251465,5.244720458984375,8.749823570251465,5.244720458984375,6.99727201461792,1.752551555633545,8.75,5.25,7.0,1.75
qwen25_72b,52,valenced_opposite::affective::008,valenced_opposite,affective,valenced,opposite,0.8,preference_control,11.0,5.875,10.999975681304932,5.8721771240234375,10.999975681304932,5.8721771240234375,8.436076402664185,2.563899278640747,11.0,5.875,8.4375,2.5625
qwen25_72b,52,valenced_opposite::affective::008,valenced_opposite,affective,valenced,opposite,1.0,preference_control,12.25,6.0,12.249988675117493,5.9975128173828125,12.249988675117493,5.9975128173828125,9.123750746250153,3.12623792886734,12.25,6.0,9.125,3.125
qwen25_72b,52,valenced_opposite::affective::009,valenced_opposite,affective,valenced,opposite,-1.0,preference_control,-1.25,-2.875,-0.9960929155349731,-3.124023079872132,-0.9960929155349731,-3.124023079872132,-2.060057997703552,1.063965082168579,-1.25,-2.875,-2.0625,0.8125
qwen25_72b,52,valenced_opposite::affective::009,valenced_opposite,affective,valenced,opposite,-0.8,preference_control,-1.0,-2.875,-0.9980461597442628,-2.748046517372132,-0.9980461597442628,-2.748046517372132,-1.873046338558197,0.8750001788139343,-1.0,-2.875,-1.9375,0.9375
qwen25_72b,52,valenced_opposite::affective::009,valenced_opposite,affective,valenced,opposite,-0.6,preference_control,-0.5,-2.5,-0.4980465173721313,-2.378417730331421,-0.4980465173721313,-2.378417730331421,-1.438232123851776,0.9401856064796448,-0.5,-2.5,-1.5,1.0
qwen25_72b,52,valenced_opposite::affective::009,valenced_opposite,affective,valenced,opposite,-0.4,preference_control,0.0,-2.25,3.5762786865234375e-07,-1.9980467557907104,3.5762786865234375e-07,-1.9980467557907104,-0.9990231990814208,0.9990235567092896,0.0,-2.25,-1.125,1.125
qwen25_72b,52,valenced_opposite::affective::009,valenced_opposite,affective,valenced,opposite,-0.2,preference_control,1.25,-1.25,1.501953363418579,-1.5019530057907104,1.501953363418579,-1.5019530057907104,1.788139343261719e-07,1.5019531846046448,1.25,-1.25,0.0,1.25
qwen25_72b,52,valenced_opposite::affective::009,valenced_opposite,affective,valenced,opposite,0.0,preference_control,3.25,-0.25,3.2431641817092896,-0.4980467557907104,3.2431641817092896,-0.4980467557907104,1.3725587129592896,1.87060546875,3.25,-0.25,1.5,1.75
qwen25_72b,52,valenced_opposite::affective::009,valenced_opposite,affective,valenced,opposite,0.2,preference_control,6.75,1.75,6.748832821846008,1.501953125,6.748832821846008,1.501953125,4.125392973423004,2.623439848423004,6.75,1.75,4.25,2.5
qwen25_72b,52,valenced_opposite::affective::009,valenced_opposite,affective,valenced,opposite,0.4,preference_control,9.75,4.25,9.74994170665741,4.0130615234375,9.74994170665741,4.0130615234375,6.881501615047455,2.868440091609955,9.75,4.25,7.0,2.75
qwen25_72b,52,valenced_opposite::affective::009,valenced_opposite,affective,valenced,opposite,0.6,preference_control,12.875,6.25,12.624996900558472,5.997528076171875,12.624996900558472,5.997528076171875,9.311262488365172,3.3137344121932983,12.875,6.25,9.5625,3.3125
qwen25_72b,52,valenced_opposite::affective::009,valenced_opposite,affective,valenced,opposite,0.8,preference_control,15.0,8.0,14.74999976158142,7.749569058418274,14.74999976158142,7.749569058418274,11.249784409999847,3.500215351581573,15.0,8.0,11.5,3.5
qwen25_72b,52,valenced_opposite::affective::009,valenced_opposite,affective,valenced,opposite,1.0,preference_control,16.25,8.5,16.25000035762787,8.249738812446594,16.25000035762787,8.249738812446594,12.249869585037231,4.000130772590637,16.25,8.5,12.375,3.875
qwen25_72b,52,valenced_opposite::affective::010,valenced_opposite,affective,valenced,opposite,-1.0,preference_control,2.875,3.25,2.8818360567092896,3.256836175918579,2.8818360567092896,3.256836175918579,3.0693361163139343,-0.1875000596046447,2.875,3.25,3.0625,-0.1875
qwen25_72b,52,valenced_opposite::affective::010,valenced_opposite,affective,valenced,opposite,-0.8,preference_control,4.25,4.25,4.2626954317092896,4.2636719942092896,4.2626954317092896,4.2636719942092896,4.2631837129592896,-0.00048828125,4.25,4.25,4.25,0.0
qwen25_72b,52,valenced_opposite::affective::010,valenced_opposite,affective,valenced,opposite,-0.6,preference_control,6.125,5.625,6.121795654296875,5.6142579317092896,6.121795654296875,5.6142579317092896,5.868026793003082,0.2537688612937927,6.125,5.625,5.875,0.25
qwen25_72b,52,valenced_opposite::affective::010,valenced_opposite,affective,valenced,opposite,-0.4,preference_control,8.25,7.25,8.249578475952148,7.248130917549133,8.249578475952148,7.248130917549133,7.748854696750641,0.5007237792015076,8.25,7.25,7.75,0.5
qwen25_72b,52,valenced_opposite::affective::010,valenced_opposite,affective,valenced,opposite,-0.2,preference_control,10.625,8.5,10.624937057495115,8.49955952167511,10.624937057495115,8.49955952167511,9.562248289585114,1.0626887679100037,10.625,8.5,9.5625,1.0625
qwen25_72b,52,valenced_opposite::affective::010,valenced_opposite,affective,valenced,opposite,0.0,preference_control,13.625,9.625,13.62498927116394,9.624886631965635,13.62498927116394,9.624886631965635,11.624937951564789,2.000051319599152,13.625,9.625,11.625,2.0
qwen25_72b,52,valenced_opposite::affective::010,valenced_opposite,affective,valenced,opposite,0.2,preference_control,17.25,10.625,17.249995470046997,10.624964594841003,17.249995470046997,10.624964594841003,13.937480032444,3.312515437602997,17.25,10.625,13.9375,3.3125
qwen25_72b,52,valenced_opposite::affective::010,valenced_opposite,affective,valenced,opposite,0.4,preference_control,19.875,11.625,19.874998092651367,11.624985933303831,19.874998092651367,11.624985933303831,15.7499920129776,4.125006079673767,19.875,11.625,15.75,4.125
qwen25_72b,52,valenced_opposite::affective::010,valenced_opposite,affective,valenced,opposite,0.6,preference_control,21.0,11.375,20.999998092651367,11.374984979629517,20.999998092651367,11.374984979629517,16.187491536140442,4.812506556510925,21.0,11.375,16.1875,4.8125
qwen25_72b,52,valenced_opposite::affective::010,valenced_opposite,affective,valenced,opposite,0.8,preference_control,20.625,10.625,20.624998927116398,10.62497341632843,20.624998927116398,10.62497341632843,15.624986171722412,5.000012755393982,20.625,10.625,15.625,5.0
qwen25_72b,52,valenced_opposite::affective::010,valenced_opposite,affective,valenced,opposite,1.0,preference_control,19.5,9.25,19.500001192092896,9.24990200996399,19.500001192092896,9.24990200996399,14.374951601028442,5.125049591064453,19.5,9.25,14.375,5.125
qwen25_72b,52,valenced_opposite::affective::011,valenced_opposite,affective,valenced,opposite,-1.0,preference_control,-1.0,5.875,-1.0039082765579224,5.867827653884888,-1.0039082765579224,5.867827653884888,2.4319596886634827,-3.435867965221405,-1.0,5.875,2.4375,-3.4375
qwen25_72b,52,valenced_opposite::affective::011,valenced_opposite,affective,valenced,opposite,-0.8,preference_control,0.5,7.375,0.5019524097442627,7.372267961502075,0.5019524097442627,7.372267961502075,3.937110185623169,-3.4351577758789062,0.5,7.375,3.9375,-3.4375
qwen25_72b,52,valenced_opposite::affective::011,valenced_opposite,affective,valenced,opposite,-0.6,preference_control,2.0,8.375,2.006835460662842,8.37394666671753,2.006835460662842,8.37394666671753,5.1903910636901855,-3.183555603027344,2.0,8.375,5.1875,-3.1875
qwen25_72b,52,valenced_opposite::affective::011,valenced_opposite,affective,valenced,opposite,-0.4,preference_control,4.0,9.5,4.011718511581421,9.499671697616575,4.011718511581421,9.499671697616575,6.755695104598999,-2.743976593017578,4.0,9.5,6.75,-2.75
qwen25_72b,52,valenced_opposite::affective::011,valenced_opposite,affective,valenced,opposite,-0.2,preference_control,6.0,10.5,5.997360110282898,10.499912023544312,5.997360110282898,10.499912023544312,8.248636066913605,-2.251275956630707,6.0,10.5,8.25,-2.25
qwen25_72b,52,valenced_opposite::affective::011,valenced_opposite,affective,valenced,opposite,0.0,preference_control,8.25,10.75,8.249723315238953,10.749963402748108,8.249723315238953,10.749963402748108,9.49984335899353,-1.2501200437545776,8.25,10.75,9.5,-1.25
qwen25_72b,52,valenced_opposite::affective::011,valenced_opposite,affective,valenced,opposite,0.2,preference_control,12.25,11.375,12.24999475479126,11.374987483024595,12.24999475479126,11.374987483024595,11.812491118907928,0.4375036358833313,12.25,11.375,11.8125,0.4375
qwen25_72b,52,valenced_opposite::affective::011,valenced_opposite,affective,valenced,opposite,0.4,preference_control,15.625,11.375,15.62499976158142,11.374988079071043,15.62499976158142,11.374988079071043,13.499993920326231,2.125005841255188,15.625,11.375,13.5,2.125
qwen25_72b,52,valenced_opposite::affective::011,valenced_opposite,affective,valenced,opposite,0.6,preference_control,16.75,11.25,16.74999988079071,11.24998664855957,16.74999988079071,11.24998664855957,13.99999326467514,2.75000661611557,16.75,11.25,14.0,2.75
qwen25_72b,52,valenced_opposite::affective::011,valenced_opposite,affective,valenced,opposite,0.8,preference_control,16.375,10.625,16.37499976158142,10.624975562095642,16.37499976158142,10.624975562095642,13.499987661838531,2.8750120997428894,16.375,10.625,13.5,2.875
qwen25_72b,52,valenced_opposite::affective::011,valenced_opposite,affective,valenced,opposite,1.0,preference_control,15.875,9.5,15.87499988079071,9.499925136566162,15.87499988079071,9.499925136566162,12.687462508678436,3.187537372112274,15.875,9.5,12.6875,3.1875
qwen25_72b,52,valenced_opposite::affective::012,valenced_opposite,affective,valenced,opposite,-1.0,preference_control,-12.875,-4.25,-12.861083388328552,-4.240476727485657,-12.861083388328552,-4.240476727485657,-8.550780057907104,-4.310303330421448,-12.875,-4.25,-8.5625,-4.3125
qwen25_72b,52,valenced_opposite::affective::012,valenced_opposite,affective,valenced,opposite,-0.8,preference_control,-13.5,-5.375,-13.487853288650513,-5.385131120681763,-13.487853288650513,-5.385131120681763,-9.436492204666138,-4.051361083984375,-13.5,-5.375,-9.4375,-4.0625
qwen25_72b,52,valenced_opposite::affective::012,valenced_opposite,affective,valenced,opposite,-0.6,preference_control,-14.125,-6.375,-14.116027116775513,-6.361816048622131,-14.116027116775513,-6.361816048622131,-10.238921582698822,-3.8771055340766902,-14.125,-6.375,-10.25,-3.875
qwen25_72b,52,valenced_opposite::affective::012,valenced_opposite,affective,valenced,opposite,-0.4,preference_control,-13.875,-7.5,-13.868773698806764,-7.490417122840881,-13.868773698806764,-7.490417122840881,-10.679595410823822,-3.1891782879829407,-13.875,-7.5,-10.6875,-3.1875
qwen25_72b,52,valenced_opposite::affective::012,valenced_opposite,affective,valenced,opposite,-0.2,preference_control,-12.375,-7.5,-12.369017958641052,-7.491393804550171,-12.369017958641052,-7.491393804550171,-9.930205881595612,-2.4388120770454407,-12.375,-7.5,-9.9375,-2.4375
qwen25_72b,52,valenced_opposite::affective::012,valenced_opposite,affective,valenced,opposite,0.0,preference_control,-9.625,-6.625,-9.617522478103638,-6.615234136581421,-9.617522478103638,-6.615234136581421,-8.11637830734253,-1.5011441707611084,-9.625,-6.625,-8.125,-1.5
qwen25_72b,52,valenced_opposite::affective::012,valenced_opposite,affective,valenced,opposite,0.2,preference_control,-3.875,-4.0,-3.871092557907105,-3.991943120956421,-3.871092557907105,-3.991943120956421,-3.9315178394317623,0.0604252815246582,-3.875,-4.0,-3.9375,0.0625
qwen25_72b,52,valenced_opposite::affective::012,valenced_opposite,affective,valenced,opposite,0.4,preference_control,1.25,-0.875,1.2500016689300537,-0.8789058923721313,1.2500016689300537,-0.8789058923721313,0.1855478882789611,1.0644537806510923,1.25,-0.875,0.1875,1.0625
qwen25_72b,52,valenced_opposite::affective::012,valenced_opposite,affective,valenced,opposite,0.6,preference_control,6.125,1.5,6.122635722160339,1.497070550918579,6.122635722160339,1.497070550918579,3.8098531365394592,2.31278258562088,6.125,1.5,3.8125,2.3125
qwen25_72b,52,valenced_opposite::affective::012,valenced_opposite,affective,valenced,opposite,0.8,preference_control,9.625,2.5,9.62488615512848,2.4926759004592896,9.62488615512848,2.4926759004592896,6.058781027793884,3.5661051273345947,9.625,2.5,6.0625,3.5625
qwen25_72b,52,valenced_opposite::affective::012,valenced_opposite,affective,valenced,opposite,1.0,preference_control,11.375,1.75,11.374962210655212,1.748046875,11.374962210655212,1.748046875,6.561504542827606,4.813457667827606,11.375,1.75,6.5625,4.8125
qwen25_72b,52,valenced_opposite::affective::013,valenced_opposite,affective,valenced,opposite,-1.0,preference_control,-7.0,-2.5,-6.998109340667725,-2.4956064224243164,-6.998109340667725,-2.4956064224243164,-4.7468578815460205,-2.251251459121704,-7.0,-2.5,-4.75,-2.25
qwen25_72b,52,valenced_opposite::affective::013,valenced_opposite,affective,valenced,opposite,-0.8,preference_control,-6.75,-2.0,-6.7484294176101685,-1.9951181411743164,-6.7484294176101685,-1.9951181411743164,-4.371773779392242,-2.376655638217926,-6.75,-2.0,-4.375,-2.375
qwen25_72b,52,valenced_opposite::affective::013,valenced_opposite,affective,valenced,opposite,-0.6,preference_control,-5.5,-2.0,-5.495758652687073,-1.9970706701278689,-5.495758652687073,-1.9970706701278689,-3.746414661407471,-1.749343991279602,-5.5,-2.0,-3.75,-1.75
qwen25_72b,52,valenced_opposite::affective::013,valenced_opposite,affective,valenced,opposite,-0.4,preference_control,-3.5,-1.25,-3.501465082168579,-1.248047113418579,-3.501465082168579,-1.248047113418579,-2.374756097793579,-1.126708984375,-3.5,-1.25,-2.375,-1.125
qwen25_72b,52,valenced_opposite::affective::013,valenced_opposite,affective,valenced,opposite,-0.2,preference_control,-0.5,-0.25,-0.4980469942092895,-0.2500001192092895,-0.4980469942092895,-0.2500001192092895,-0.3740235567092895,-0.1240234375,-0.5,-0.25,-0.375,-0.125
qwen25_72b,52,valenced_opposite::affective::013,valenced_opposite,affective,valenced,opposite,0.0,preference_control,2.5,1.5,2.4990233182907104,1.5009765625,2.4990233182907104,1.5009765625,1.9999999403953552,0.4990233778953552,2.5,1.5,2.0,0.5
qwen25_72b,52,valenced_opposite::affective::013,valenced_opposite,affective,valenced,opposite,0.2,preference_control,6.25,4.75,6.248069882392883,4.74133288860321,6.248069882392883,4.74133288860321,5.494701385498047,0.7533684968948364,6.25,4.75,5.5,0.75
qwen25_72b,52,valenced_opposite::affective::013,valenced_opposite,affective,valenced,opposite,0.4,preference_control,9.875,7.625,9.874947547912598,7.624507904052734,9.874947547912598,7.624507904052734,8.749727725982666,1.1252198219299316,9.875,7.625,8.75,1.125
qwen25_72b,52,valenced_opposite::affective::013,valenced_opposite,affective,valenced,opposite,0.6,preference_control,12.125,9.375,12.124994039535522,9.37491226196289,12.124994039535522,9.37491226196289,10.749953150749208,1.375040888786316,12.125,9.375,10.75,1.375
qwen25_72b,52,valenced_opposite::affective::013,valenced_opposite,affective,valenced,opposite,0.8,preference_control,13.5,9.75,13.499998092651367,9.74993896484375,13.499998092651367,9.74993896484375,11.62496852874756,1.8750295639038088,13.5,9.75,11.625,1.875
qwen25_72b,52,valenced_opposite::affective::013,valenced_opposite,affective,valenced,opposite,1.0,preference_control,13.375,9.5,13.3749977350235,9.499922275543211,13.3749977350235,9.499922275543211,11.437460005283356,1.9375377297401428,13.375,9.5,11.4375,1.9375
qwen25_72b,52,valenced_opposite::affective::014,valenced_opposite,affective,valenced,opposite,-1.0,preference_control,-10.125,-2.0,-10.124873995780945,-1.998046875,-10.124873995780945,-1.998046875,-6.061460435390472,-4.063413560390472,-10.125,-2.0,-6.0625,-4.0625
qwen25_72b,52,valenced_opposite::affective::014,valenced_opposite,affective,valenced,opposite,-0.8,preference_control,-10.625,-2.375,-10.62490451335907,-2.3798828125,-10.62490451335907,-2.3798828125,-6.502393662929535,-4.122510850429535,-10.625,-2.375,-6.5,-4.125
qwen25_72b,52,valenced_opposite::affective::014,valenced_opposite,affective,valenced,opposite,-0.6,preference_control,-10.5,-2.75,-10.499894499778748,-2.75048828125,-10.499894499778748,-2.75048828125,-6.625191390514374,-3.874703109264374,-10.5,-2.75,-6.625,-3.875
qwen25_72b,52,valenced_opposite::affective::014,valenced_opposite,affective,valenced,opposite,-0.4,preference_control,-10.25,-3.125,-10.249886393547058,-3.12890625,-10.249886393547058,-3.12890625,-6.689396321773529,-3.560490071773529,-10.25,-3.125,-6.6875,-3.5625
qwen25_72b,52,valenced_opposite::affective::014,valenced_opposite,affective,valenced,opposite,-0.2,preference_control,-9.125,-2.75,-9.124802470207214,-2.75048828125,-9.124802470207214,-2.75048828125,-5.937645375728607,-3.187157094478607,-9.125,-2.75,-5.9375,-3.1875
qwen25_72b,52,valenced_opposite::affective::014,valenced_opposite,affective,valenced,opposite,0.0,preference_control,-6.875,-1.75,-6.873817324638367,-1.75390625,-6.873817324638367,-1.75390625,-4.313861787319183,-2.559955537319184,-6.875,-1.75,-4.3125,-2.5625
qwen25_72b,52,valenced_opposite::affective::014,valenced_opposite,affective,valenced,opposite,0.2,preference_control,-1.5,0.0,-1.5009759664535522,0.0,-1.5009759664535522,0.0,-0.7504879832267761,-0.7504879832267761,-1.5,0.0,-0.75,-0.75
qwen25_72b,52,valenced_opposite::affective::014,valenced_opposite,affective,valenced,opposite,0.4,preference_control,4.0,2.25,4.013062477111816,2.24365234375,4.013062477111816,2.24365234375,3.128357410430908,0.8847050666809082,4.0,2.25,3.125,0.875
qwen25_72b,52,valenced_opposite::affective::014,valenced_opposite,affective,valenced,opposite,0.6,preference_control,7.5,3.75,7.499444007873535,3.7423095703125,7.499444007873535,3.7423095703125,5.620876789093018,1.8785672187805176,7.5,3.75,5.625,1.875
qwen25_72b,52,valenced_opposite::affective::014,valenced_opposite,affective,valenced,opposite,0.8,preference_control,9.75,4.5,9.74994170665741,4.48895263671875,9.74994170665741,4.48895263671875,7.11944717168808,2.63049453496933,9.75,4.5,7.125,2.625
qwen25_72b,52,valenced_opposite::affective::014,valenced_opposite,affective,valenced,opposite,1.0,preference_control,10.375,4.75,10.374969005584717,4.74139404296875,10.374969005584717,4.74139404296875,7.558181524276733,2.8167874813079834,10.375,4.75,7.5625,2.8125
qwen25_72b,52,valenced_opposite::affective::015,valenced_opposite,affective,valenced,opposite,-1.0,preference_control,-13.625,-12.0,-13.7499977350235,-11.749981999397278,-13.7499977350235,-11.749981999397278,-12.749989867210388,-1.0000078678131104,-13.625,-12.0,-12.8125,-0.8125
qwen25_72b,52,valenced_opposite::affective::015,valenced_opposite,affective,valenced,opposite,-0.8,preference_control,-14.625,-12.875,-14.624998807907104,-12.749993324279783,-14.624998807907104,-12.749993324279783,-13.687496066093445,-0.9375027418136596,-14.625,-12.875,-13.75,-0.875
qwen25_72b,52,valenced_opposite::affective::015,valenced_opposite,affective,valenced,opposite,-0.6,preference_control,-15.0,-13.0,-14.999999165534971,-13.124995827674866,-14.999999165534971,-13.124995827674866,-14.06249749660492,-0.9375016689300536,-15.0,-13.0,-14.0,-1.0
qwen25_72b,52,valenced_opposite::affective::015,valenced_opposite,affective,valenced,opposite,-0.4,preference_control,-14.5,-12.375,-14.374999046325684,-12.374994277954102,-14.374999046325684,-12.374994277954102,-13.374996662139893,-1.000002384185791,-14.5,-12.375,-13.4375,-1.0625
qwen25_72b,52,valenced_opposite::affective::015,valenced_opposite,affective,valenced,opposite,-0.2,preference_control,-13.0,-10.625,-12.749996542930605,-10.374966979026794,-12.749996542930605,-10.374966979026794,-11.5624817609787,-1.1875147819519043,-13.0,-10.625,-11.8125,-1.1875
qwen25_72b,52,valenced_opposite::affective::015,valenced_opposite,affective,valenced,opposite,0.0,preference_control,-10.25,-7.125,-10.249963641166689,-7.374366164207458,-10.249963641166689,-7.374366164207458,-8.812164902687073,-1.4377987384796145,-10.25,-7.125,-8.6875,-1.5625
qwen25_72b,52,valenced_opposite::affective::015,valenced_opposite,affective,valenced,opposite,0.2,preference_control,-5.5,-2.25,-5.495910286903381,-2.499022841453552,-5.495910286903381,-2.499022841453552,-3.997466564178467,-1.4984437227249146,-5.5,-2.25,-3.875,-1.625
qwen25_72b,52,valenced_opposite::affective::015,valenced_opposite,affective,valenced,opposite,0.4,preference_control,-0.25,1.25,-0.2499998807907104,0.9980473518371582,-0.2499998807907104,0.9980473518371582,0.3740237355232239,-0.6240236163139343,-0.25,1.25,0.5,-0.75
qwen25_72b,52,valenced_opposite::affective::015,valenced_opposite,affective,valenced,opposite,0.6,preference_control,4.0,3.625,4.0119630098342896,3.500732898712158,4.0119630098342896,3.500732898712158,3.756347954273224,0.2556150555610657,4.0,3.625,3.8125,0.1875
qwen25_72b,52,valenced_opposite::affective::015,valenced_opposite,affective,valenced,opposite,0.8,preference_control,7.25,5.125,7.123481869697571,5.118500351905823,7.123481869697571,5.118500351905823,6.120991110801697,1.002490758895874,7.25,5.125,6.1875,1.0625
qwen25_72b,52,valenced_opposite::affective::015,valenced_opposite,affective,valenced,opposite,1.0,preference_control,9.875,6.0,9.874317646026611,5.996887803077698,9.874317646026611,5.996887803077698,7.935602724552154,1.9387149214744568,9.875,6.0,7.9375,1.9375
qwen25_72b,52,valenced_opposite::affective::016,valenced_opposite,affective,valenced,opposite,-1.0,preference_control,-0.5,6.5,-0.4980465173721313,6.498383164405823,-0.4980465173721313,6.498383164405823,3.0001683235168457,-3.498214840888977,-0.5,6.5,3.0,-3.5
qwen25_72b,52,valenced_opposite::affective::016,valenced_opposite,affective,valenced,opposite,-0.8,preference_control,-0.5,6.25,-0.4980466365814209,6.247986078262329,-0.4980466365814209,6.247986078262329,2.874969720840454,-3.373016357421875,-0.5,6.25,2.875,-3.375
qwen25_72b,52,valenced_opposite::affective::016,valenced_opposite,affective,valenced,opposite,-0.6,preference_control,-0.25,5.875,-0.2499997615814209,5.872146725654602,-0.2499997615814209,5.872146725654602,2.8110734820365906,-3.0610732436180115,-0.25,5.875,2.8125,-3.0625
qwen25_72b,52,valenced_opposite::affective::016,valenced_opposite,affective,valenced,opposite,-0.4,preference_control,0.5,5.875,0.4980469942092895,5.872161865234375,0.4980469942092895,5.872161865234375,3.1851044297218323,-2.6870574355125427,0.5,5.875,3.1875,-2.6875
qwen25_72b,52,valenced_opposite::affective::016,valenced_opposite,affective,valenced,opposite,-0.2,preference_control,1.5,5.375,1.5019532442092896,5.370361328125,1.5019532442092896,5.370361328125,3.4361572861671448,-1.9342040419578552,1.5,5.375,3.4375,-1.9375
qwen25_72b,52,valenced_opposite::affective::016,valenced_opposite,affective,valenced,opposite,0.0,preference_control,3.0,5.0,2.998291254043579,4.993255615234375,2.998291254043579,4.993255615234375,3.995773434638977,-0.997482180595398,3.0,5.0,4.0,-1.0
qwen25_72b,52,valenced_opposite::affective::016,valenced_opposite,affective,valenced,opposite,0.2,preference_control,5.0,4.5,4.993286371231079,4.48895263671875,4.993286371231079,4.48895263671875,4.7411195039749146,0.2521668672561645,5.0,4.5,4.75,0.25
qwen25_72b,52,valenced_opposite::affective::016,valenced_opposite,affective,valenced,opposite,0.4,preference_control,6.75,4.25,6.748825311660767,4.2358397245407104,6.748825311660767,4.2358397245407104,5.4923325181007385,1.256492793560028,6.75,4.25,5.5,1.25
qwen25_72b,52,valenced_opposite::affective::016,valenced_opposite,affective,valenced,opposite,0.6,preference_control,7.75,3.75,7.749569416046143,3.7424315214157104,7.749569416046143,3.7424315214157104,5.746000468730927,2.003568947315216,7.75,3.75,5.75,2.0
qwen25_72b,52,valenced_opposite::affective::016,valenced_opposite,affective,valenced,opposite,0.8,preference_control,8.25,2.75,8.249739170074463,2.750488042831421,8.249739170074463,2.750488042831421,5.500113606452942,2.749625563621521,8.25,2.75,5.5,2.75
qwen25_72b,52,valenced_opposite::affective::016,valenced_opposite,affective,valenced,opposite,1.0,preference_control,8.5,1.25,8.499797224998474,1.2480463981628418,8.499797224998474,1.2480463981628418,4.873921811580658,3.625875413417816,8.5,1.25,4.875,3.625
qwen25_72b,52,valenced_opposite::affective::017,valenced_opposite,affective,valenced,opposite,-1.0,preference_control,-11.625,-7.5,-11.624990820884705,-7.499443054199219,-11.624990820884705,-7.499443054199219,-9.562216937541962,-2.062773883342743,-11.625,-7.5,-9.5625,-2.0625
qwen25_72b,52,valenced_opposite::affective::017,valenced_opposite,affective,valenced,opposite,-0.8,preference_control,-11.125,-7.875,-11.124985098838806,-7.874616622924805,-11.124985098838806,-7.874616622924805,-9.499800860881804,-1.6251842379570007,-11.125,-7.875,-9.5,-1.625
qwen25_72b,52,valenced_opposite::affective::017,valenced_opposite,affective,valenced,opposite,-0.6,preference_control,-10.25,-7.5,-10.249964475631714,-7.499443054199219,-10.249964475631714,-7.499443054199219,-8.874703764915466,-1.3752607107162476,-10.25,-7.5,-8.875,-1.375
qwen25_72b,52,valenced_opposite::affective::017,valenced_opposite,affective,valenced,opposite,-0.4,preference_control,-8.625,-6.75,-8.6248197555542,-6.748825073242188,-8.6248197555542,-6.748825073242188,-7.686822414398193,-0.937997341156006,-8.625,-6.75,-7.6875,-0.9375
qwen25_72b,52,valenced_opposite::affective::017,valenced_opposite,affective,valenced,opposite,-0.2,preference_control,-6.0,-5.0,-5.9975128173828125,-4.993255615234375,-5.9975128173828125,-4.993255615234375,-5.495384216308594,-0.5021286010742188,-6.0,-5.0,-5.5,-0.5
qwen25_72b,52,valenced_opposite::affective::017,valenced_opposite,affective,valenced,opposite,0.0,preference_control,-2.75,-2.75,-2.75048828125,-2.75048828125,-2.75048828125,-2.75048828125,-2.75048828125,0.0,-2.75,-2.75,-2.75,0.0
qwen25_72b,52,valenced_opposite::affective::017,valenced_opposite,affective,valenced,opposite,0.2,preference_control,1.75,0.0,1.75390625,0.0,1.75390625,0.0,0.876953125,0.876953125,1.75,0.0,0.875,0.875
qwen25_72b,52,valenced_opposite::affective::017,valenced_opposite,affective,valenced,opposite,0.4,preference_control,4.75,1.5,4.74127197265625,1.5009765625,4.74127197265625,1.5009765625,3.121124267578125,1.620147705078125,4.75,1.5,3.125,1.625
qwen25_72b,52,valenced_opposite::affective::017,valenced_opposite,affective,valenced,opposite,0.6,preference_control,6.875,2.25,6.873870849609375,2.2431640625,6.873870849609375,2.2431640625,4.558517456054688,2.3153533935546875,6.875,2.25,4.5625,2.3125
qwen25_72b,52,valenced_opposite::affective::017,valenced_opposite,affective,valenced,opposite,0.8,preference_control,7.875,2.5,7.874532699584961,2.4990234375,7.874532699584961,2.4990234375,5.1867780685424805,2.6877546310424805,7.875,2.5,5.1875,2.6875
qwen25_72b,52,valenced_opposite::affective::017,valenced_opposite,affective,valenced,opposite,1.0,preference_control,7.875,2.0,7.874507904052734,1.998046875,7.874507904052734,1.998046875,4.936277389526367,2.938230514526367,7.875,2.0,4.9375,2.9375
qwen25_72b,52,valenced_opposite::affective::018,valenced_opposite,affective,valenced,opposite,-1.0,preference_control,-6.875,-1.25,-6.746246337890625,-1.1230467557907104,-6.746246337890625,-1.1230467557907104,-3.934646546840668,-2.8115997910499573,-6.875,-1.25,-4.0625,-2.8125
qwen25_72b,52,valenced_opposite::affective::018,valenced_opposite,affective,valenced,opposite,-0.8,preference_control,-6.625,-1.375,-6.496597290039063,-1.1249998807907104,-6.496597290039063,-1.1249998807907104,-3.8107985854148874,-2.685798704624176,-6.625,-1.375,-4.0,-2.625
qwen25_72b,52,valenced_opposite::affective::018,valenced_opposite,affective,valenced,opposite,-0.6,preference_control,-5.75,-1.375,-5.745330810546875,-1.373046875,-5.745330810546875,-1.373046875,-3.559188842773437,-2.186141967773437,-5.75,-1.375,-3.5625,-2.1875
qwen25_72b,52,valenced_opposite::affective::018,valenced_opposite,affective,valenced,opposite,-0.4,preference_control,-4.25,-1.375,-4.01123046875,-1.25,-4.01123046875,-1.25,-2.630615234375,-1.380615234375,-4.25,-1.375,-2.8125,-1.4375
qwen25_72b,52,valenced_opposite::affective::018,valenced_opposite,affective,valenced,opposite,-0.2,preference_control,-1.875,-0.875,-1.6220703125,-1.001953125,-1.6220703125,-1.001953125,-1.31201171875,-0.31005859375,-1.875,-0.875,-1.375,-0.5
qwen25_72b,52,valenced_opposite::affective::018,valenced_opposite,affective,valenced,opposite,0.0,preference_control,0.875,0.125,1.123046875,0.25,1.123046875,0.25,0.6865234375,0.4365234375,0.875,0.125,0.5,0.375
qwen25_72b,52,valenced_opposite::affective::018,valenced_opposite,affective,valenced,opposite,0.2,preference_control,4.75,1.875,4.74102783203125,1.869140625,4.74102783203125,1.869140625,3.305084228515625,1.435943603515625,4.75,1.875,3.3125,1.4375
qwen25_72b,52,valenced_opposite::affective::018,valenced_opposite,affective,valenced,opposite,0.4,preference_control,7.875,3.375,7.874504089355469,3.37109375,7.874504089355469,3.37109375,5.622798919677734,2.2517051696777344,7.875,3.375,5.625,2.25
qwen25_72b,52,valenced_opposite::affective::018,valenced_opposite,affective,valenced,opposite,0.6,preference_control,10.625,4.375,10.74992549419403,4.362060546875,10.74992549419403,4.362060546875,7.555993020534515,3.1939324736595154,10.625,4.375,7.5,3.125
qwen25_72b,52,valenced_opposite::affective::018,valenced_opposite,affective,valenced,opposite,0.8,preference_control,12.125,4.25,12.374965071678162,4.23553466796875,12.374965071678162,4.23553466796875,8.305249869823456,4.069715201854706,12.125,4.25,8.1875,3.9375
qwen25_72b,52,valenced_opposite::affective::018,valenced_opposite,affective,valenced,opposite,1.0,preference_control,13.375,3.625,13.49998164176941,3.6297607421875,13.49998164176941,3.6297607421875,8.564871191978455,4.935110449790955,13.375,3.625,8.5,4.875
qwen25_72b,52,valenced_opposite::affective::019,valenced_opposite,affective,valenced,opposite,-1.0,preference_control,-2.375,2.625,-2.3749988079071045,2.628418803215027,-2.3749988079071045,2.628418803215027,0.1267099976539611,-2.5017088055610657,-2.375,2.625,0.125,-2.5
qwen25_72b,52,valenced_opposite::affective::019,valenced_opposite,affective,valenced,opposite,-0.8,preference_control,-1.0,3.5,-1.0039050579071045,3.500001072883606,-1.0039050579071045,3.500001072883606,1.2480480074882507,-2.2519530653953552,-1.0,3.5,1.25,-2.25
qwen25_72b,52,valenced_opposite::affective::019,valenced_opposite,affective,valenced,opposite,-0.6,preference_control,0.5,4.25,0.5019545555114746,4.235230565071106,0.5019545555114746,4.235230565071106,2.3685925602912903,-1.866638004779816,0.5,4.25,2.375,-1.875
qwen25_72b,52,valenced_opposite::affective::019,valenced_opposite,affective,valenced,opposite,-0.4,preference_control,2.25,4.875,2.243165612220764,4.867188572883606,2.243165612220764,4.867188572883606,3.555177092552185,-1.312011480331421,2.25,4.875,3.5625,-1.3125
qwen25_72b,52,valenced_opposite::affective::019,valenced_opposite,affective,valenced,opposite,-0.2,preference_control,4.375,5.375,4.362428069114685,5.37027108669281,4.362428069114685,5.37027108669281,4.866349577903748,-0.5039215087890625,4.375,5.375,4.875,-0.5
qwen25_72b,52,valenced_opposite::affective::019,valenced_opposite,affective,valenced,opposite,0.0,preference_control,6.75,6.25,6.748818755149841,6.248032927513123,6.748818755149841,6.248032927513123,6.498425841331482,0.2503929138183594,6.75,6.25,6.5,0.25
qwen25_72b,52,valenced_opposite::affective::019,valenced_opposite,affective,valenced,opposite,0.2,preference_control,10.125,7.5,10.124953031539915,7.499428868293762,10.124953031539915,7.499428868293762,8.81219094991684,1.3127620816230774,10.125,7.5,8.8125,1.3125
qwen25_72b,52,valenced_opposite::affective::019,valenced_opposite,affective,valenced,opposite,0.4,preference_control,13.375,8.5,13.374992847442629,8.499781608581543,13.374992847442629,8.499781608581543,10.937387228012083,2.437605619430542,13.375,8.5,10.9375,2.4375
qwen25_72b,52,valenced_opposite::affective::019,valenced_opposite,affective,valenced,opposite,0.6,preference_control,15.25,8.75,15.249994158744812,8.7498300075531,15.249994158744812,8.7498300075531,11.999912083148956,3.250082075595856,15.25,8.75,12.0,3.25
qwen25_72b,52,valenced_opposite::affective::019,valenced_opposite,affective,valenced,opposite,0.8,preference_control,15.875,8.625,15.874993443489076,8.62480902671814,15.874993443489076,8.62480902671814,12.249901235103607,3.625092208385468,15.875,8.625,12.25,3.625
qwen25_72b,52,valenced_opposite::affective::019,valenced_opposite,affective,valenced,opposite,1.0,preference_control,15.375,7.75,15.374992489814758,7.749556303024292,15.374992489814758,7.749556303024292,11.562274396419523,3.812718093395233,15.375,7.75,11.5625,3.8125
qwen25_72b,52,valenced_opposite::deontic::000,valenced_opposite,deontic,valenced,opposite,-1.0,preference_control,0.125,0.625,0.1249984502792358,0.4999990463256836,0.1249984502792358,0.4999990463256836,0.3124987483024597,-0.1875002980232238,0.125,0.625,0.375,-0.25
qwen25_72b,52,valenced_opposite::deontic::000,valenced_opposite,deontic,valenced,opposite,-0.8,preference_control,0.125,0.125,0.1249980926513671,0.1249990463256836,0.1249980926513671,0.1249990463256836,0.1249985694885253,-4.76837158203125e-07,0.125,0.125,0.125,0.0
qwen25_72b,52,valenced_opposite::deontic::000,valenced_opposite,deontic,valenced,opposite,-0.6,preference_control,0.375,-0.25,0.4999985694885254,-0.3750009536743164,0.4999985694885254,-0.3750009536743164,0.0624988079071044,0.4374997615814209,0.375,-0.25,0.0625,0.3125
qwen25_72b,52,valenced_opposite::deontic::000,valenced_opposite,deontic,valenced,opposite,-0.4,preference_control,0.875,-0.5,0.8749988079071045,-0.5078130960464478,0.8749988079071045,-0.5078130960464478,0.1835928559303283,0.6914059519767761,0.875,-0.5,0.1875,0.6875
qwen25_72b,52,valenced_opposite::deontic::000,valenced_opposite,deontic,valenced,opposite,-0.2,preference_control,1.75,-0.375,1.6210931539535522,-0.2500004768371582,1.6210931539535522,-0.2500004768371582,0.685546338558197,0.9355468153953552,1.75,-0.375,0.6875,1.0625
qwen25_72b,52,valenced_opposite::deontic::000,valenced_opposite,deontic,valenced,opposite,0.0,preference_control,2.875,0.625,2.8691405057907104,0.3749998807907104,2.8691405057907104,0.3749998807907104,1.6220701932907104,1.2470703125,2.875,0.625,1.75,1.125
qwen25_72b,52,valenced_opposite::deontic::000,valenced_opposite,deontic,valenced,opposite,0.2,preference_control,5.0,2.625,5.114319086074829,2.2568359375,5.114319086074829,2.2568359375,3.685577511787415,1.4287415742874146,5.0,2.625,3.8125,1.1875
qwen25_72b,52,valenced_opposite::deontic::000,valenced_opposite,deontic,valenced,opposite,0.4,preference_control,8.0,4.75,7.99950098991394,4.86358654499054,7.99950098991394,4.86358654499054,6.43154376745224,1.5679572224617004,8.0,4.75,6.375,1.625
qwen25_72b,52,valenced_opposite::deontic::000,valenced_opposite,deontic,valenced,opposite,0.6,preference_control,11.375,6.75,11.124977946281431,6.623405694961548,11.124977946281431,6.623405694961548,8.87419182062149,2.250786125659942,11.375,6.75,9.0625,2.3125
qwen25_72b,52,valenced_opposite::deontic::000,valenced_opposite,deontic,valenced,opposite,0.8,preference_control,14.25,7.75,14.125002026557922,7.6244893074035645,14.125002026557922,7.6244893074035645,10.874745666980743,3.250256359577179,14.25,7.75,11.0,3.25
qwen25_72b,52,valenced_opposite::deontic::000,valenced_opposite,deontic,valenced,opposite,1.0,preference_control,15.375,7.75,15.125006437301636,7.499441027641296,15.125006437301636,7.499441027641296,11.312223732471466,3.8127827048301697,15.375,7.75,11.5625,3.8125
qwen25_72b,52,valenced_opposite::deontic::001,valenced_opposite,deontic,valenced,opposite,-1.0,preference_control,-9.25,-7.0,-8.995542049407959,-6.877196550369263,-8.995542049407959,-6.877196550369263,-7.936369299888611,-1.059172749519348,-9.25,-7.0,-8.125,-1.125
qwen25_72b,52,valenced_opposite::deontic::001,valenced_opposite,deontic,valenced,opposite,-0.8,preference_control,-9.375,-7.625,-9.623677968978882,-7.759398937225342,-9.623677968978882,-7.759398937225342,-8.691538453102112,-0.93213951587677,-9.375,-7.625,-8.5,-0.875
qwen25_72b,52,valenced_opposite::deontic::001,valenced_opposite,deontic,valenced,opposite,-0.6,preference_control,-9.75,-8.625,-9.749690651893616,-8.743255376815796,-9.749690651893616,-8.743255376815796,-9.246473014354706,-0.5032176375389099,-9.75,-8.625,-9.1875,-0.5625
qwen25_72b,52,valenced_opposite::deontic::001,valenced_opposite,deontic,valenced,opposite,-0.4,preference_control,-9.5,-9.125,-9.749897241592407,-9.247863531112673,-9.749897241592407,-9.247863531112673,-9.49888038635254,-0.2510168552398681,-9.5,-9.125,-9.3125,-0.1875
qwen25_72b,52,valenced_opposite::deontic::001,valenced_opposite,deontic,valenced,opposite,-0.2,preference_control,-9.0,-9.375,-8.999860405921936,-9.49929416179657,-8.999860405921936,-9.49929416179657,-9.249577283859251,0.2497168779373169,-9.0,-9.375,-9.1875,0.1875
qwen25_72b,52,valenced_opposite::deontic::001,valenced_opposite,deontic,valenced,opposite,0.0,preference_control,-7.625,-8.75,-7.499433517456055,-8.499431490898132,-7.499433517456055,-8.499431490898132,-7.999432504177093,0.4999989867210388,-7.625,-8.75,-8.1875,0.5625
qwen25_72b,52,valenced_opposite::deontic::001,valenced_opposite,deontic,valenced,opposite,0.2,preference_control,-5.0,-5.625,-4.993284225463867,-5.621139407157898,-4.993284225463867,-5.621139407157898,-5.307211816310883,0.3139275908470154,-5.0,-5.625,-5.3125,0.3125
qwen25_72b,52,valenced_opposite::deontic::001,valenced_opposite,deontic,valenced,opposite,0.4,preference_control,-2.0,-2.0,-1.7539050579071045,-2.2431639432907104,-1.7539050579071045,-2.2431639432907104,-1.9985345005989077,0.2446294426918029,-2.0,-2.0,-2.0,0.0
qwen25_72b,52,valenced_opposite::deontic::001,valenced_opposite,deontic,valenced,opposite,0.6,preference_control,1.0,1.0,1.2480475902557373,1.000000238418579,1.2480475902557373,1.000000238418579,1.1240239143371582,0.1240236759185791,1.0,1.0,1.0,0.0
qwen25_72b,52,valenced_opposite::deontic::001,valenced_opposite,deontic,valenced,opposite,0.8,preference_control,3.5,3.25,3.742310285568237,3.501465082168579,3.742310285568237,3.501465082168579,3.621887683868408,0.1204226016998291,3.5,3.25,3.375,0.125
qwen25_72b,52,valenced_opposite::deontic::001,valenced_opposite,deontic,valenced,opposite,1.0,preference_control,5.5,4.5,5.746811509132385,4.488891839981079,5.746811509132385,4.488891839981079,5.117851674556732,0.6289598345756531,5.5,4.5,5.0,0.5
qwen25_72b,52,valenced_opposite::deontic::002,valenced_opposite,deontic,valenced,opposite,-1.0,preference_control,-0.75,0.0,-0.75,2.384185791015625e-07,-0.75,2.384185791015625e-07,-0.3749998807907104,-0.3750001192092895,-0.75,0.0,-0.375,-0.375
qwen25_72b,52,valenced_opposite::deontic::002,valenced_opposite,deontic,valenced,opposite,-0.8,preference_control,-0.375,-0.125,-0.37890625,-0.1249998807907104,-0.37890625,-0.1249998807907104,-0.2519530653953552,-0.1269531846046447,-0.375,-0.125,-0.25,-0.125
qwen25_72b,52,valenced_opposite::deontic::002,valenced_opposite,deontic,valenced,opposite,-0.6,preference_control,0.25,-0.25,0.25,-0.25,0.25,-0.25,0.0,0.25,0.25,-0.25,0.0,0.25
qwen25_72b,52,valenced_opposite::deontic::002,valenced_opposite,deontic,valenced,opposite,-0.4,preference_control,1.25,0.0,1.248046875,0.0,1.248046875,0.0,0.6240234375,0.6240234375,1.25,0.0,0.625,0.625
qwen25_72b,52,valenced_opposite::deontic::002,valenced_opposite,deontic,valenced,opposite,-0.2,preference_control,2.25,0.875,2.244140625,0.87890625,2.244140625,0.87890625,1.5615234375,0.6826171875,2.25,0.875,1.5625,0.6875
qwen25_72b,52,valenced_opposite::deontic::002,valenced_opposite,deontic,valenced,opposite,0.0,preference_control,4.125,2.0,4.135986328125,1.9931640625,4.135986328125,1.9931640625,3.0645751953125,1.0714111328125,4.125,2.0,3.0625,1.0625
qwen25_72b,52,valenced_opposite::deontic::002,valenced_opposite,deontic,valenced,opposite,0.2,preference_control,6.5,4.5,6.498268127441406,4.5140380859375,6.498268127441406,4.5140380859375,5.506153106689453,0.9921150207519532,6.5,4.5,5.5,1.0
qwen25_72b,52,valenced_opposite::deontic::002,valenced_opposite,deontic,valenced,opposite,0.4,preference_control,8.875,6.25,8.874850273132324,6.247848510742188,8.874850273132324,6.247848510742188,7.561349391937256,1.3135008811950684,8.875,6.25,7.5625,1.3125
qwen25_72b,52,valenced_opposite::deontic::002,valenced_opposite,deontic,valenced,opposite,0.6,preference_control,11.125,6.75,11.124983668327332,6.748802185058594,11.124983668327332,6.748802185058594,8.936892926692963,2.188090741634369,11.125,6.75,8.9375,2.1875
qwen25_72b,52,valenced_opposite::deontic::002,valenced_opposite,deontic,valenced,opposite,0.8,preference_control,12.875,7.125,12.874996781349182,7.124187469482422,12.874996781349182,7.124187469482422,9.999592125415802,2.87540465593338,12.875,7.125,10.0,2.875
qwen25_72b,52,valenced_opposite::deontic::002,valenced_opposite,deontic,valenced,opposite,1.0,preference_control,14.25,6.875,14.249999165534971,6.87396252155304,14.249999165534971,6.87396252155304,10.561980843544006,3.688018321990967,14.25,6.875,10.5625,3.6875
qwen25_72b,52,valenced_opposite::deontic::003,valenced_opposite,deontic,valenced,opposite,-1.0,preference_control,-7.125,-4.0,-7.1326904296875,-3.987548828125,-7.1326904296875,-3.987548828125,-5.56011962890625,-1.57257080078125,-7.125,-4.0,-5.5625,-1.5625
qwen25_72b,52,valenced_opposite::deontic::003,valenced_opposite,deontic,valenced,opposite,-0.8,preference_control,-7.375,-4.375,-7.36309814453125,-4.38330078125,-7.36309814453125,-4.38330078125,-5.873199462890625,-1.489898681640625,-7.375,-4.375,-5.875,-1.5
qwen25_72b,52,valenced_opposite::deontic::003,valenced_opposite,deontic,valenced,opposite,-0.6,preference_control,-7.625,-5.25,-7.621673583984375,-5.241943359375,-7.621673583984375,-5.241943359375,-6.431808471679688,-1.1898651123046875,-7.625,-5.25,-6.4375,-1.1875
qwen25_72b,52,valenced_opposite::deontic::003,valenced_opposite,deontic,valenced,opposite,-0.4,preference_control,-7.25,-5.875,-7.247756958007812,-5.87109375,-7.247756958007812,-5.87109375,-6.559425354003906,-0.6883316040039062,-7.25,-5.875,-6.5625,-0.6875
qwen25_72b,52,valenced_opposite::deontic::003,valenced_opposite,deontic,valenced,opposite,-0.2,preference_control,-6.5,-6.125,-6.497406005859375,-6.122039794921875,-6.497406005859375,-6.122039794921875,-6.309722900390625,-0.18768310546875,-6.5,-6.125,-6.3125,-0.1875
qwen25_72b,52,valenced_opposite::deontic::003,valenced_opposite,deontic,valenced,opposite,0.0,preference_control,-4.875,-5.5,-4.86639404296875,-5.4949951171875,-4.86639404296875,-5.4949951171875,-5.180694580078125,0.314300537109375,-4.875,-5.5,-5.1875,0.3125
qwen25_72b,52,valenced_opposite::deontic::003,valenced_opposite,deontic,valenced,opposite,0.2,preference_control,-1.625,-4.125,-1.6240234375,-4.1395263671875,-1.6240234375,-4.1395263671875,-2.88177490234375,1.25775146484375,-1.625,-4.125,-2.875,1.25
qwen25_72b,52,valenced_opposite::deontic::003,valenced_opposite,deontic,valenced,opposite,0.4,preference_control,2.5,-1.25,2.4990234375,-1.248046875,2.4990234375,-1.248046875,0.62548828125,1.87353515625,2.5,-1.25,0.625,1.875
qwen25_72b,52,valenced_opposite::deontic::003,valenced_opposite,deontic,valenced,opposite,0.6,preference_control,5.75,1.5,5.746734619140625,1.5009765625,5.746734619140625,1.5009765625,3.623855590820313,2.1228790283203125,5.75,1.5,3.625,2.125
qwen25_72b,52,valenced_opposite::deontic::003,valenced_opposite,deontic,valenced,opposite,0.8,preference_control,8.875,3.25,8.874823570251465,3.2431640625,8.874823570251465,3.2431640625,6.058993816375732,2.8158297538757324,8.875,3.25,6.0625,2.8125
qwen25_72b,52,valenced_opposite::deontic::003,valenced_opposite,deontic,valenced,opposite,1.0,preference_control,10.25,4.0,10.249927997589111,4.0130615234375,10.249927997589111,4.0130615234375,7.131494760513306,3.1184332370758057,10.25,4.0,7.125,3.125
qwen25_72b,52,valenced_opposite::deontic::004,valenced_opposite,deontic,valenced,opposite,-1.0,preference_control,-12.0,-9.875,-11.999501705169678,-9.8661367893219,-11.999501705169678,-9.8661367893219,-10.932819247245789,-1.0666824579238892,-12.0,-9.875,-10.9375,-1.0625
qwen25_72b,52,valenced_opposite::deontic::004,valenced_opposite,deontic,valenced,opposite,-0.8,preference_control,-12.875,-11.625,-12.87488079071045,-11.62274205684662,-12.87488079071045,-11.62274205684662,-12.248811423778534,-0.6260693669319153,-12.875,-11.625,-12.25,-0.625
qwen25_72b,52,valenced_opposite::deontic::004,valenced_opposite,deontic,valenced,opposite,-0.6,preference_control,-13.5,-12.625,-13.499964833259584,-12.62451958656311,-13.499964833259584,-12.62451958656311,-13.062242209911346,-0.4377226233482361,-13.5,-12.625,-13.0625,-0.4375
qwen25_72b,52,valenced_opposite::deontic::004,valenced_opposite,deontic,valenced,opposite,-0.4,preference_control,-12.5,-13.0,-12.49997627735138,-12.999884486198424,-12.49997627735138,-12.999884486198424,-12.749930381774902,0.2499541044235229,-12.5,-13.0,-12.75,0.25
qwen25_72b,52,valenced_opposite::deontic::004,valenced_opposite,deontic,valenced,opposite,-0.2,preference_control,-11.125,-12.375,-11.1249680519104,-12.374935150146484,-11.1249680519104,-12.374935150146484,-11.749951601028442,0.624983549118042,-11.125,-12.375,-11.75,0.625
qwen25_72b,52,valenced_opposite::deontic::004,valenced_opposite,deontic,valenced,opposite,0.0,preference_control,-8.25,-9.625,-8.249722123146057,-9.62484884262085,-8.249722123146057,-9.62484884262085,-8.937285482883453,0.6875633597373962,-8.25,-9.625,-8.9375,0.6875
qwen25_72b,52,valenced_opposite::deontic::004,valenced_opposite,deontic,valenced,opposite,0.2,preference_control,-3.5,-4.5,-3.501456022262573,-4.488700985908508,-3.501456022262573,-4.488700985908508,-3.9950785040855408,0.4936224818229675,-3.5,-4.5,-4.0,0.5
qwen25_72b,52,valenced_opposite::deontic::004,valenced_opposite,deontic,valenced,opposite,0.4,preference_control,1.0,0.5,1.0000100135803225,0.4980530738830566,1.0000100135803225,0.4980530738830566,0.7490315437316895,0.2509784698486328,1.0,0.5,0.75,0.25
qwen25_72b,52,valenced_opposite::deontic::004,valenced_opposite,deontic,valenced,opposite,0.6,preference_control,5.0,4.0,4.993201971054077,4.012944340705872,4.993201971054077,4.012944340705872,4.503073155879974,0.4901288151741028,5.0,4.0,4.5,0.5
qwen25_72b,52,valenced_opposite::deontic::004,valenced_opposite,deontic,valenced,opposite,0.8,preference_control,8.375,6.125,8.374723434448242,6.122730612754822,8.374723434448242,6.122730612754822,7.248727023601532,1.1259964108467102,8.375,6.125,7.25,1.125
qwen25_72b,52,valenced_opposite::deontic::004,valenced_opposite,deontic,valenced,opposite,1.0,preference_control,10.875,7.0,10.874950408935549,6.999034881591797,10.874950408935549,6.999034881591797,8.936992645263672,1.937957763671875,10.875,7.0,8.9375,1.9375
qwen25_72b,52,valenced_opposite::deontic::005,valenced_opposite,deontic,valenced,opposite,-1.0,preference_control,-5.625,0.25,-5.739745855331421,0.2500040531158447,-5.739745855331421,0.2500040531158447,-2.744870901107788,-2.994874954223633,-5.625,0.25,-2.6875,-2.9375
qwen25_72b,52,valenced_opposite::deontic::005,valenced_opposite,deontic,valenced,opposite,-0.8,preference_control,-6.0,0.0,-5.887206673622131,0.2500036954879761,-5.887206673622131,0.2500036954879761,-2.8186014890670776,-3.0686051845550537,-6.0,0.0,-3.0,-3.0
qwen25_72b,52,valenced_opposite::deontic::005,valenced_opposite,deontic,valenced,opposite,-0.6,preference_control,-5.625,-0.25,-5.740722298622131,-0.4999972581863403,-5.740722298622131,-0.4999972581863403,-3.120359778404236,-2.6203625202178955,-5.625,-0.25,-2.9375,-2.6875
qwen25_72b,52,valenced_opposite::deontic::005,valenced_opposite,deontic,valenced,opposite,-0.4,preference_control,-5.5,-0.5,-5.493651866912842,-0.499997615814209,-5.493651866912842,-0.499997615814209,-2.9968247413635254,-2.4968271255493164,-5.5,-0.5,-3.0,-2.5
qwen25_72b,52,valenced_opposite::deontic::005,valenced_opposite,deontic,valenced,opposite,-0.2,preference_control,-4.75,-0.5,-4.487792253494263,-0.4999970197677612,-4.487792253494263,-0.4999970197677612,-2.493894636631012,-1.9938976168632507,-4.75,-0.5,-2.625,-2.125
qwen25_72b,52,valenced_opposite::deontic::005,valenced_opposite,deontic,valenced,opposite,0.0,preference_control,-2.5,0.25,-2.997313499450684,0.2500038146972656,-2.997313499450684,0.2500038146972656,-1.373654842376709,-1.6236586570739746,-2.5,0.25,-1.125,-1.375
qwen25_72b,52,valenced_opposite::deontic::005,valenced_opposite,deontic,valenced,opposite,0.2,preference_control,0.5,1.25,0.4980483055114746,1.5009814500808716,0.4980483055114746,1.5009814500808716,0.9995148777961732,-0.5014665722846985,0.5,1.25,0.875,-0.375
qwen25_72b,52,valenced_opposite::deontic::005,valenced_opposite,deontic,valenced,opposite,0.4,preference_control,4.25,3.25,4.235841035842896,3.742313265800476,4.235841035842896,3.742313265800476,3.989077150821686,0.2467638850212097,4.25,3.25,3.75,0.5
qwen25_72b,52,valenced_opposite::deontic::005,valenced_opposite,deontic,valenced,opposite,0.6,preference_control,8.25,5.25,7.999665260314941,5.495912194252014,7.999665260314941,5.495912194252014,6.747788727283478,1.2518765330314636,8.25,5.25,6.75,1.5
qwen25_72b,52,valenced_opposite::deontic::005,valenced_opposite,deontic,valenced,opposite,0.8,preference_control,11.0,6.25,10.999983549118042,6.498497724533081,10.999983549118042,6.498497724533081,8.749240636825562,2.2507429122924805,11.0,6.25,8.625,2.375
qwen25_72b,52,valenced_opposite::deontic::005,valenced_opposite,deontic,valenced,opposite,1.0,preference_control,12.75,6.5,12.74999737739563,6.498497366905212,12.74999737739563,6.498497366905212,9.62424737215042,3.1257500052452087,12.75,6.5,9.625,3.125
qwen25_72b,52,valenced_opposite::deontic::006,valenced_opposite,deontic,valenced,opposite,-1.0,preference_control,-5.25,-1.625,-5.236326217651367,-1.6249982118606567,-5.236326217651367,-1.6249982118606567,-3.430662214756012,-1.8056640028953552,-5.25,-1.625,-3.4375,-1.8125
qwen25_72b,52,valenced_opposite::deontic::006,valenced_opposite,deontic,valenced,opposite,-0.8,preference_control,-5.0,-1.75,-4.994627237319946,-1.749998688697815,-4.994627237319946,-1.749998688697815,-3.3723129630088806,-1.6223142743110657,-5.0,-1.75,-3.375,-1.625
qwen25_72b,52,valenced_opposite::deontic::006,valenced_opposite,deontic,valenced,opposite,-0.6,preference_control,-4.375,-1.75,-4.360838532447815,-1.7558584213256836,-4.360838532447815,-1.7558584213256836,-3.0583484768867493,-1.3024900555610657,-4.375,-1.75,-3.0625,-1.3125
qwen25_72b,52,valenced_opposite::deontic::006,valenced_opposite,deontic,valenced,opposite,-0.4,preference_control,-3.25,-1.625,-3.2509748935699463,-1.623045802116394,-3.2509748935699463,-1.623045802116394,-2.43701034784317,-0.8139645457267761,-3.25,-1.625,-2.4375,-0.8125
qwen25_72b,52,valenced_opposite::deontic::006,valenced_opposite,deontic,valenced,opposite,-0.2,preference_control,-2.0,-0.875,-1.9970685243606567,-0.8730455636978149,-1.9970685243606567,-0.8730455636978149,-1.4350570440292358,-0.5620114803314209,-2.0,-0.875,-1.4375,-0.5625
qwen25_72b,52,valenced_opposite::deontic::006,valenced_opposite,deontic,valenced,opposite,0.0,preference_control,0.0,0.375,2.5033950805664062e-06,0.3750017881393432,2.5033950805664062e-06,0.3750017881393432,0.1875021457672119,-0.1874996423721313,0.0,0.375,0.1875,-0.1875
qwen25_72b,52,valenced_opposite::deontic::006,valenced_opposite,deontic,valenced,opposite,0.2,preference_control,3.25,2.125,3.243167281150818,2.119630455970764,3.243167281150818,2.119630455970764,2.681398868560791,0.5617684125900269,3.25,2.125,2.6875,0.5625
qwen25_72b,52,valenced_opposite::deontic::006,valenced_opposite,deontic,valenced,opposite,0.4,preference_control,6.875,3.875,6.873957872390747,3.869996428489685,6.873957872390747,3.869996428489685,5.371977150440216,1.501980721950531,6.875,3.875,5.375,1.5
qwen25_72b,52,valenced_opposite::deontic::006,valenced_opposite,deontic,valenced,opposite,0.6,preference_control,9.5,5.0,9.49992549419403,4.993256568908691,9.49992549419403,4.993256568908691,7.246591031551361,2.2533344626426697,9.5,5.0,7.25,2.25
qwen25_72b,52,valenced_opposite::deontic::006,valenced_opposite,deontic,valenced,opposite,0.8,preference_control,10.75,5.5,10.7499840259552,5.495911955833435,10.7499840259552,5.495911955833435,8.122947990894318,2.6270360350608826,10.75,5.5,8.125,2.625
qwen25_72b,52,valenced_opposite::deontic::006,valenced_opposite,deontic,valenced,opposite,1.0,preference_control,11.375,5.125,11.37500298023224,5.119051337242127,11.37500298023224,5.119051337242127,8.247027158737183,3.127975821495056,11.375,5.125,8.25,3.125
qwen25_72b,52,valenced_opposite::deontic::007,valenced_opposite,deontic,valenced,opposite,-1.0,preference_control,-7.75,-2.125,-7.747177004814148,-2.1181639432907104,-7.747177004814148,-2.1181639432907104,-4.932670474052429,-2.8145065307617188,-7.75,-2.125,-4.9375,-2.8125
qwen25_72b,52,valenced_opposite::deontic::007,valenced_opposite,deontic,valenced,opposite,-0.8,preference_control,-7.625,-1.625,-7.623191714286804,-1.6220701932907104,-7.623191714286804,-1.6220701932907104,-4.622630953788757,-3.000560760498047,-7.625,-1.625,-4.625,-3.0
qwen25_72b,52,valenced_opposite::deontic::007,valenced_opposite,deontic,valenced,opposite,-0.6,preference_control,-6.75,-1.25,-6.747970581054688,-1.2539061307907104,-6.747970581054688,-1.2539061307907104,-4.000938355922699,-2.7470322251319885,-6.75,-1.25,-4.0,-2.75
qwen25_72b,52,valenced_opposite::deontic::007,valenced_opposite,deontic,valenced,opposite,-0.4,preference_control,-5.0,-0.75,-4.992431640625,-0.7519530057907104,-4.992431640625,-0.7519530057907104,-2.8721923232078552,-2.1202393174171448,-5.0,-0.75,-2.875,-2.125
qwen25_72b,52,valenced_opposite::deontic::007,valenced_opposite,deontic,valenced,opposite,-0.2,preference_control,-2.125,0.25,-2.1201171875,0.25,-2.1201171875,0.25,-0.93505859375,-1.18505859375,-2.125,0.25,-0.9375,-1.1875
qwen25_72b,52,valenced_opposite::deontic::007,valenced_opposite,deontic,valenced,opposite,0.0,preference_control,1.25,1.875,1.24609375,1.87109375,1.24609375,1.87109375,1.55859375,-0.3125,1.25,1.875,1.5625,-0.3125
qwen25_72b,52,valenced_opposite::deontic::007,valenced_opposite,deontic,valenced,opposite,0.2,preference_control,5.5,4.0,5.49481201171875,4.010986328125,5.49481201171875,4.010986328125,4.752899169921875,0.741912841796875,5.5,4.0,4.75,0.75
qwen25_72b,52,valenced_opposite::deontic::007,valenced_opposite,deontic,valenced,opposite,0.4,preference_control,10.0,6.5,9.99911880493164,6.4964599609375,9.99911880493164,6.4964599609375,8.24778938293457,1.7513294219970703,10.0,6.5,8.25,1.75
qwen25_72b,52,valenced_opposite::deontic::007,valenced_opposite,deontic,valenced,opposite,0.6,preference_control,13.0,8.875,12.999061584472656,8.872573971748352,12.999061584472656,8.872573971748352,10.935817778110504,2.063243806362152,13.0,8.875,10.9375,2.0625
qwen25_72b,52,valenced_opposite::deontic::007,valenced_opposite,deontic,valenced,opposite,0.8,preference_control,14.875,10.125,14.874073028564451,10.12268078327179,14.874073028564451,10.12268078327179,12.49837690591812,2.375696122646332,14.875,10.125,12.5,2.375
qwen25_72b,52,valenced_opposite::deontic::007,valenced_opposite,deontic,valenced,opposite,1.0,preference_control,15.375,10.75,15.373809814453123,10.747970581054688,15.373809814453123,10.747970581054688,13.060890197753906,2.3129196166992188,15.375,10.75,13.0625,2.3125
qwen25_72b,52,valenced_opposite::deontic::008,valenced_opposite,deontic,valenced,opposite,-1.0,preference_control,-3.125,4.25,-3.128925085067749,4.235339403152466,-3.128925085067749,4.235339403152466,0.5532071590423584,-3.6821322441101074,-3.125,4.25,0.5625,-3.6875
qwen25_72b,52,valenced_opposite::deontic::008,valenced_opposite,deontic,valenced,opposite,-0.8,preference_control,-3.375,4.0,-3.371106505393982,4.0136624574661255,-3.371106505393982,4.0136624574661255,0.3212779760360718,-3.6923844814300537,-3.375,4.0,0.3125,-3.6875
qwen25_72b,52,valenced_opposite::deontic::008,valenced_opposite,deontic,valenced,opposite,-0.6,preference_control,-3.75,3.625,-3.7421950101852417,3.619132280349731,-3.7421950101852417,3.619132280349731,-0.0615313649177551,-3.680663645267487,-3.75,3.625,-0.0625,-3.6875
qwen25_72b,52,valenced_opposite::deontic::008,valenced_opposite,deontic,valenced,opposite,-0.4,preference_control,-3.5,3.25,-3.499028325080872,3.2480396032333374,-3.499028325080872,3.2480396032333374,-0.1254943609237671,-3.3735339641571045,-3.5,3.25,-0.125,-3.375
qwen25_72b,52,valenced_opposite::deontic::008,valenced_opposite,deontic,valenced,opposite,-0.2,preference_control,-2.625,3.375,-2.624025821685791,3.3740150928497314,-2.624025821685791,3.3740150928497314,0.3749946355819702,-2.999020457267761,-2.625,3.375,0.375,-3.0
qwen25_72b,52,valenced_opposite::deontic::008,valenced_opposite,deontic,valenced,opposite,0.0,preference_control,-0.5,3.875,-0.4960939884185791,3.879139661788941,-0.4960939884185791,3.879139661788941,1.6915228366851809,-2.18761682510376,-0.5,3.875,1.6875,-2.1875
qwen25_72b,52,valenced_opposite::deontic::008,valenced_opposite,deontic,valenced,opposite,0.2,preference_control,3.0,4.625,2.9941450357437134,4.613699436187744,2.9941450357437134,4.613699436187744,3.8039222359657288,-0.8097772002220154,3.0,4.625,3.8125,-0.8125
qwen25_72b,52,valenced_opposite::deontic::008,valenced_opposite,deontic,valenced,opposite,0.4,preference_control,6.5,5.75,6.498461842536926,5.746791124343872,6.498461842536926,5.746791124343872,6.122626483440399,0.3758353590965271,6.5,5.75,6.125,0.375
qwen25_72b,52,valenced_opposite::deontic::008,valenced_opposite,deontic,valenced,opposite,0.6,preference_control,9.625,6.75,9.6249418258667,6.748822808265686,9.6249418258667,6.748822808265686,8.186882317066193,1.4380595088005066,9.625,6.75,8.1875,1.4375
qwen25_72b,52,valenced_opposite::deontic::008,valenced_opposite,deontic,valenced,opposite,0.8,preference_control,12.0,7.25,11.9999977350235,7.249288558959961,11.9999977350235,7.249288558959961,9.62464314699173,2.375354588031769,12.0,7.25,9.625,2.375
qwen25_72b,52,valenced_opposite::deontic::008,valenced_opposite,deontic,valenced,opposite,1.0,preference_control,13.25,7.0,13.24999988079071,6.999086260795593,13.24999988079071,6.999086260795593,10.124543070793152,3.1254568099975586,13.25,7.0,10.125,3.125
qwen25_72b,52,valenced_opposite::deontic::009,valenced_opposite,deontic,valenced,opposite,-1.0,preference_control,-6.125,4.0,-6.118180513381958,4.0013628005981445,-6.118180513381958,4.0013628005981445,-1.0584088563919067,-5.059771656990051,-6.125,4.0,-1.0625,-5.0625
qwen25_72b,52,valenced_opposite::deontic::009,valenced_opposite,deontic,valenced,opposite,-0.8,preference_control,-6.625,3.5,-6.621138095855713,3.4932212829589844,-6.621138095855713,3.4932212829589844,-1.5639584064483645,-5.057179689407349,-6.625,3.5,-1.5625,-5.0625
qwen25_72b,52,valenced_opposite::deontic::009,valenced_opposite,deontic,valenced,opposite,-0.6,preference_control,-7.375,2.625,-7.37278938293457,2.6285574436187744,-7.37278938293457,2.6285574436187744,-2.372115969657898,-5.000673413276672,-7.375,2.625,-2.375,-5.0
qwen25_72b,52,valenced_opposite::deontic::009,valenced_opposite,deontic,valenced,opposite,-0.4,preference_control,-7.5,1.75,-7.498308181762695,1.7502301931381226,-7.498308181762695,1.7502301931381226,-2.8740389943122864,-4.624269187450409,-7.5,1.75,-2.875,-4.625
qwen25_72b,52,valenced_opposite::deontic::009,valenced_opposite,deontic,valenced,opposite,-0.2,preference_control,-6.875,1.25,-6.873106002807617,1.2522480487823486,-6.873106002807617,1.2522480487823486,-2.8104289770126343,-4.062677025794983,-6.875,1.25,-2.8125,-4.0625
qwen25_72b,52,valenced_opposite::deontic::009,valenced_opposite,deontic,valenced,opposite,0.0,preference_control,-4.75,2.0,-4.740580558776856,1.9976953268051147,-4.740580558776856,1.9976953268051147,-1.3714426159858704,-3.369137942790985,-4.75,2.0,-1.375,-3.375
qwen25_72b,52,valenced_opposite::deontic::009,valenced_opposite,deontic,valenced,opposite,0.2,preference_control,0.0,3.75,0.0009009838104248,3.758597612380981,0.0009009838104248,3.758597612380981,1.8797492980957031,-1.8788483142852783,0.0,3.75,1.875,-1.875
qwen25_72b,52,valenced_opposite::deontic::009,valenced_opposite,deontic,valenced,opposite,0.4,preference_control,3.5,5.375,3.5017963647842407,5.370978832244873,3.5017963647842407,5.370978832244873,4.436387598514557,-0.9345912337303162,3.5,5.375,4.4375,-0.9375
qwen25_72b,52,valenced_opposite::deontic::009,valenced_opposite,deontic,valenced,opposite,0.6,preference_control,5.5,6.125,5.495965123176575,6.12305223941803,5.495965123176575,6.12305223941803,5.809508681297302,-0.3135435581207275,5.5,6.125,5.8125,-0.3125
qwen25_72b,52,valenced_opposite::deontic::009,valenced_opposite,deontic,valenced,opposite,0.8,preference_control,6.5,6.25,6.498496174812317,6.248081684112549,6.498496174812317,6.248081684112549,6.373288929462433,0.125207245349884,6.5,6.25,6.375,0.125
qwen25_72b,52,valenced_opposite::deontic::009,valenced_opposite,deontic,valenced,opposite,1.0,preference_control,7.25,5.25,7.249283194541931,5.244750738143921,7.249283194541931,5.244750738143921,6.247016966342926,1.0022662281990051,7.25,5.25,6.25,1.0
qwen25_72b,52,valenced_opposite::deontic::010,valenced_opposite,deontic,valenced,opposite,-1.0,preference_control,-2.0,-1.375,-1.9970701932907104,-1.373046875,-1.9970701932907104,-1.373046875,-1.6850585341453552,-0.3120116591453552,-2.0,-1.375,-1.6875,-0.3125
qwen25_72b,52,valenced_opposite::deontic::010,valenced_opposite,deontic,valenced,opposite,-0.8,preference_control,-1.25,-1.625,-1.2519530057907104,-1.626953125,-1.2519530057907104,-1.626953125,-1.4394530653953552,0.1875000596046447,-1.25,-1.625,-1.4375,0.1875
qwen25_72b,52,valenced_opposite::deontic::010,valenced_opposite,deontic,valenced,opposite,-0.6,preference_control,0.0,-1.625,0.0,-2.0009765625,0.0,-2.0009765625,-1.00048828125,1.00048828125,0.0,-1.625,-0.8125,0.8125
qwen25_72b,52,valenced_opposite::deontic::010,valenced_opposite,deontic,valenced,opposite,-0.4,preference_control,1.75,-1.625,1.4970703125,-1.8798828125,1.4970703125,-1.8798828125,-0.19140625,1.6884765625,1.75,-1.625,0.0625,1.6875
qwen25_72b,52,valenced_opposite::deontic::010,valenced_opposite,deontic,valenced,opposite,-0.2,preference_control,3.5,-0.5,3.500244140625,-0.99609375,3.500244140625,-0.99609375,1.2520751953125,2.2481689453125,3.5,-0.5,1.5,2.0
qwen25_72b,52,valenced_opposite::deontic::010,valenced_opposite,deontic,valenced,opposite,0.0,preference_control,6.25,0.75,6.2477113008499146,0.751953125,6.2477113008499146,0.751953125,3.4998322129249573,2.7478790879249573,6.25,0.75,3.5,2.75
qwen25_72b,52,valenced_opposite::deontic::010,valenced_opposite,deontic,valenced,opposite,0.2,preference_control,10.25,4.125,10.249897599220276,3.86767578125,10.249897599220276,3.86767578125,7.058786690235138,3.191110908985138,10.25,4.125,7.1875,3.0625
qwen25_72b,52,valenced_opposite::deontic::010,valenced_opposite,deontic,valenced,opposite,0.4,preference_control,13.75,6.625,13.874979972839355,6.3726654052734375,13.874979972839355,6.3726654052734375,10.123822689056396,3.751157283782959,13.75,6.625,10.1875,3.5625
qwen25_72b,52,valenced_opposite::deontic::010,valenced_opposite,deontic,valenced,opposite,0.6,preference_control,16.375,7.875,16.249994158744812,7.37408447265625,16.249994158744812,7.37408447265625,11.812039315700533,4.437954843044281,16.375,7.875,12.125,4.25
qwen25_72b,52,valenced_opposite::deontic::010,valenced_opposite,deontic,valenced,opposite,0.8,preference_control,17.125,7.625,17.37499749660492,7.4993133544921875,17.37499749660492,7.4993133544921875,12.437155425548552,4.937842071056366,17.125,7.625,12.375,4.75
qwen25_72b,52,valenced_opposite::deontic::010,valenced_opposite,deontic,valenced,opposite,1.0,preference_control,17.625,7.25,17.499998927116394,7.124111175537109,17.499998927116394,7.124111175537109,12.312055051326752,5.187943875789642,17.625,7.25,12.4375,5.1875
qwen25_72b,52,valenced_opposite::deontic::011,valenced_opposite,deontic,valenced,opposite,-1.0,preference_control,-9.375,-8.5,-9.373099207878113,-8.486756682395935,-9.373099207878113,-8.486756682395935,-8.929927945137024,-0.4431712627410888,-9.375,-8.5,-8.9375,-0.4375
qwen25_72b,52,valenced_opposite::deontic::011,valenced_opposite,deontic,valenced,opposite,-0.8,preference_control,-10.125,-8.75,-10.124185800552368,-8.736630916595459,-10.124185800552368,-8.736630916595459,-9.430408358573914,-0.6937774419784546,-10.125,-8.75,-9.4375,-0.6875
qwen25_72b,52,valenced_opposite::deontic::011,valenced_opposite,deontic,valenced,opposite,-0.6,preference_control,-10.25,-9.0,-10.249518632888794,-8.99249005317688,-10.249518632888794,-8.99249005317688,-9.621004343032835,-0.628514289855957,-10.25,-9.0,-9.625,-0.625
qwen25_72b,52,valenced_opposite::deontic::011,valenced_opposite,deontic,valenced,opposite,-0.4,preference_control,-9.875,-8.625,-9.874738335609436,-8.618650436401367,-9.874738335609436,-8.618650436401367,-9.246694386005402,-0.6280439496040344,-9.875,-8.625,-9.25,-0.625
qwen25_72b,52,valenced_opposite::deontic::011,valenced_opposite,deontic,valenced,opposite,-0.2,preference_control,-8.875,-7.625,-8.874650359153748,-7.620817184448242,-8.874650359153748,-7.620817184448242,-8.247733771800995,-0.6269165873527527,-8.875,-7.625,-8.25,-0.625
qwen25_72b,52,valenced_opposite::deontic::011,valenced_opposite,deontic,valenced,opposite,0.0,preference_control,-6.25,-5.875,-6.247678279876709,-5.869168758392334,-6.247678279876709,-5.869168758392334,-6.0584235191345215,-0.1892547607421875,-6.25,-5.875,-6.0625,-0.1875
qwen25_72b,52,valenced_opposite::deontic::011,valenced_opposite,deontic,valenced,opposite,0.2,preference_control,-2.25,-3.0,-2.24267315864563,-2.993893623352051,-2.24267315864563,-2.993893623352051,-2.6182833909988403,0.3756102323532104,-2.25,-3.0,-2.625,0.375
qwen25_72b,52,valenced_opposite::deontic::011,valenced_opposite,deontic,valenced,opposite,0.4,preference_control,1.75,0.0,1.753909468650818,2.026557922363281e-06,1.753909468650818,2.026557922363281e-06,0.8769557476043701,0.8769537210464478,1.75,0.0,0.875,0.875
qwen25_72b,52,valenced_opposite::deontic::011,valenced_opposite,deontic,valenced,opposite,0.6,preference_control,5.75,2.75,5.746707797050476,2.747560977935791,5.746707797050476,2.747560977935791,4.2471343874931335,1.4995734095573423,5.75,2.75,4.25,1.5
qwen25_72b,52,valenced_opposite::deontic::011,valenced_opposite,deontic,valenced,opposite,0.8,preference_control,9.0,4.625,8.999837636947632,4.614261984825134,8.999837636947632,4.614261984825134,6.807049810886383,2.192787826061249,9.0,4.625,6.8125,2.1875
qwen25_72b,52,valenced_opposite::deontic::011,valenced_opposite,deontic,valenced,opposite,1.0,preference_control,10.875,5.5,10.874962329864502,5.495702266693115,10.874962329864502,5.495702266693115,8.185332298278809,2.6896300315856934,10.875,5.5,8.1875,2.6875
qwen25_72b,52,valenced_opposite::deontic::012,valenced_opposite,deontic,valenced,opposite,-1.0,preference_control,-5.375,1.125,-5.361352324485779,1.1289069652557373,-5.361352324485779,1.1289069652557373,-2.1162226796150208,-3.245129644870758,-5.375,1.125,-2.125,-3.25
qwen25_72b,52,valenced_opposite::deontic::012,valenced_opposite,deontic,valenced,opposite,-0.8,preference_control,-5.5,1.0,-5.508803606033325,0.9960939884185792,-5.508803606033325,0.9960939884185792,-2.256354808807373,-3.252448797225952,-5.5,1.0,-2.25,-3.25
qwen25_72b,52,valenced_opposite::deontic::012,valenced_opposite,deontic,valenced,opposite,-0.6,preference_control,-5.375,1.125,-5.364272832870483,1.1250003576278689,-5.364272832870483,1.1250003576278689,-2.119636237621308,-3.244636595249176,-5.375,1.125,-2.125,-3.25
qwen25_72b,52,valenced_opposite::deontic::012,valenced_opposite,deontic,valenced,opposite,-0.4,preference_control,-5.0,1.25,-5.005873680114746,1.251953363418579,-5.005873680114746,1.251953363418579,-1.8769601583480835,-3.1289135217666626,-5.0,1.25,-1.875,-3.125
qwen25_72b,52,valenced_opposite::deontic::012,valenced_opposite,deontic,valenced,opposite,-0.2,preference_control,-3.75,1.125,-3.748061299324036,1.123047113418579,-3.748061299324036,1.123047113418579,-1.3125070929527285,-2.435554206371308,-3.75,1.125,-1.3125,-2.4375
qwen25_72b,52,valenced_opposite::deontic::012,valenced_opposite,deontic,valenced,opposite,0.0,preference_control,-1.5,1.875,-1.5019657611846924,1.880859613418579,-1.5019657611846924,1.880859613418579,0.1894469261169433,-1.6914126873016355,-1.5,1.875,0.1875,-1.6875
qwen25_72b,52,valenced_opposite::deontic::012,valenced_opposite,deontic,valenced,opposite,0.2,preference_control,3.25,3.375,3.2556055784225464,3.3811036348342896,3.2556055784225464,3.3811036348342896,3.318354606628418,-0.0627490282058715,3.25,3.375,3.3125,-0.0625
qwen25_72b,52,valenced_opposite::deontic::012,valenced_opposite,deontic,valenced,opposite,0.4,preference_control,8.125,5.25,8.124648451805115,5.244507193565369,8.124648451805115,5.244507193565369,6.684577822685242,1.440070629119873,8.125,5.25,6.6875,1.4375
qwen25_72b,52,valenced_opposite::deontic::012,valenced_opposite,deontic,valenced,opposite,0.6,preference_control,11.25,7.0,11.24998128414154,6.999081492424011,11.24998128414154,6.999081492424011,9.124531388282776,2.1254498958587646,11.25,7.0,9.125,2.125
qwen25_72b,52,valenced_opposite::deontic::012,valenced_opposite,deontic,valenced,opposite,0.8,preference_control,12.25,8.0,12.249995350837708,7.999666094779968,12.249995350837708,7.999666094779968,10.124830722808838,2.1251646280288696,12.25,8.0,10.125,2.125
qwen25_72b,52,valenced_opposite::deontic::012,valenced_opposite,deontic,valenced,opposite,1.0,preference_control,12.5,7.75,12.499998450279236,7.749571084976196,12.499998450279236,7.749571084976196,10.124784767627716,2.37521368265152,12.5,7.75,10.125,2.375
qwen25_72b,52,valenced_opposite::deontic::013,valenced_opposite,deontic,valenced,opposite,-1.0,preference_control,-8.5,-6.25,-8.49395751953125,-6.24658203125,-8.49395751953125,-6.24658203125,-7.370269775390625,-1.123687744140625,-8.5,-6.25,-7.375,-1.125
qwen25_72b,52,valenced_opposite::deontic::013,valenced_opposite,deontic,valenced,opposite,-0.8,preference_control,-9.125,-7.25,-9.122344970703123,-7.253173828125,-9.122344970703123,-7.253173828125,-8.187759399414062,-0.9345855712890624,-9.125,-7.25,-8.1875,-0.9375
qwen25_72b,52,valenced_opposite::deontic::013,valenced_opposite,deontic,valenced,opposite,-0.6,preference_control,-9.375,-7.875,-9.37395477294922,-7.8643798828125,-9.37395477294922,-7.8643798828125,-8.61916732788086,-0.7547874450683594,-9.375,-7.875,-8.625,-0.75
qwen25_72b,52,valenced_opposite::deontic::013,valenced_opposite,deontic,valenced,opposite,-0.4,preference_control,-9.5,-8.25,-9.499643325805664,-8.24627685546875,-9.499643325805664,-8.24627685546875,-8.872960090637207,-0.626683235168457,-9.5,-8.25,-8.875,-0.625
qwen25_72b,52,valenced_opposite::deontic::013,valenced_opposite,deontic,valenced,opposite,-0.2,preference_control,-8.125,-8.0,-8.124385833740234,-7.998161315917969,-8.124385833740234,-7.998161315917969,-8.061273574829102,-0.0631122589111328,-8.125,-8.0,-8.0625,-0.0625
qwen25_72b,52,valenced_opposite::deontic::013,valenced_opposite,deontic,valenced,opposite,0.0,preference_control,-5.5,-6.625,-5.49530029296875,-6.622482299804688,-5.49530029296875,-6.622482299804688,-6.058891296386719,0.5635910034179688,-5.5,-6.625,-6.0625,0.5625
qwen25_72b,52,valenced_opposite::deontic::013,valenced_opposite,deontic,valenced,opposite,0.2,preference_control,-1.75,-4.0,-1.751953125,-4.01220703125,-1.751953125,-4.01220703125,-2.882080078125,1.130126953125,-1.75,-4.0,-2.875,1.125
qwen25_72b,52,valenced_opposite::deontic::013,valenced_opposite,deontic,valenced,opposite,0.4,preference_control,2.75,-1.25,2.748046875,-1.24609375,2.748046875,-1.24609375,0.7509765625,1.9970703125,2.75,-1.25,0.75,2.0
qwen25_72b,52,valenced_opposite::deontic::013,valenced_opposite,deontic,valenced,opposite,0.6,preference_control,6.25,1.25,6.2475128173828125,1.248046875,6.2475128173828125,1.248046875,3.7477798461914062,2.4997329711914062,6.25,1.25,3.75,2.5
qwen25_72b,52,valenced_opposite::deontic::013,valenced_opposite,deontic,valenced,opposite,0.8,preference_control,8.375,2.25,8.374536514282227,2.2431640625,8.374536514282227,2.2431640625,5.308850288391113,3.0656862258911133,8.375,2.25,5.3125,3.0625
qwen25_72b,52,valenced_opposite::deontic::013,valenced_opposite,deontic,valenced,opposite,1.0,preference_control,9.0,3.0,8.999715805053711,2.9980469942092896,8.999715805053711,2.9980469942092896,5.9988813996315,3.0008344054222107,9.0,3.0,6.0,3.0
qwen25_72b,52,valenced_opposite::deontic::014,valenced_opposite,deontic,valenced,opposite,-1.0,preference_control,-4.75,3.25,-4.73773205280304,3.255126953125,-4.73773205280304,3.255126953125,-0.7413025498390198,-3.99642950296402,-4.75,3.25,-0.75,-4.0
qwen25_72b,52,valenced_opposite::deontic::014,valenced_opposite,deontic,valenced,opposite,-0.8,preference_control,-4.625,2.75,-4.6135255098342896,2.7470703125,-4.6135255098342896,2.7470703125,-0.9332275986671448,-3.6802979111671448,-4.625,2.75,-0.9375,-3.6875
qwen25_72b,52,valenced_opposite::deontic::014,valenced_opposite,deontic,valenced,opposite,-0.6,preference_control,-4.0,2.75,-4.0120849609375,2.7490234375,-4.0120849609375,2.7490234375,-0.63153076171875,-3.38055419921875,-4.0,2.75,-0.625,-3.375
qwen25_72b,52,valenced_opposite::deontic::014,valenced_opposite,deontic,valenced,opposite,-0.4,preference_control,-3.25,2.25,-3.2421875,2.24267578125,-3.2421875,2.24267578125,-0.499755859375,-2.742431640625,-3.25,2.25,-0.5,-2.75
qwen25_72b,52,valenced_opposite::deontic::014,valenced_opposite,deontic,valenced,opposite,-0.2,preference_control,-2.25,1.75,-2.2431640625,1.7529296875,-2.2431640625,1.7529296875,-0.2451171875,-1.998046875,-2.25,1.75,-0.25,-2.0
qwen25_72b,52,valenced_opposite::deontic::014,valenced_opposite,deontic,valenced,opposite,0.0,preference_control,-0.75,1.25,-0.7539063692092896,1.248046875,-0.7539063692092896,1.248046875,0.2470702528953552,-1.0009766221046448,-0.75,1.25,0.25,-1.0
qwen25_72b,52,valenced_opposite::deontic::014,valenced_opposite,deontic,valenced,opposite,0.2,preference_control,0.75,0.75,0.75390625,0.75390625,0.75390625,0.75390625,0.75390625,0.0,0.75,0.75,0.75,0.0
qwen25_72b,52,valenced_opposite::deontic::014,valenced_opposite,deontic,valenced,opposite,0.4,preference_control,2.25,0.5,2.2436522245407104,0.498046875,2.2436522245407104,0.498046875,1.3708495497703552,0.8728026747703552,2.25,0.5,1.375,0.875
qwen25_72b,52,valenced_opposite::deontic::014,valenced_opposite,deontic,valenced,opposite,0.6,preference_control,3.25,0.75,3.2431639432907104,0.75390625,3.2431639432907104,0.75390625,1.9985350966453552,1.2446288466453552,3.25,0.75,2.0,1.25
qwen25_72b,52,valenced_opposite::deontic::014,valenced_opposite,deontic,valenced,opposite,0.8,preference_control,4.25,0.75,4.2358397245407104,0.75390625,4.2358397245407104,0.75390625,2.4948729872703552,1.7409667372703552,4.25,0.75,2.5,1.75
qwen25_72b,52,valenced_opposite::deontic::014,valenced_opposite,deontic,valenced,opposite,1.0,preference_control,5.0,0.75,4.9932861328125,0.75390625,4.9932861328125,0.75390625,2.87359619140625,2.11968994140625,5.0,0.75,2.875,2.125
qwen25_72b,52,valenced_opposite::deontic::015,valenced_opposite,deontic,valenced,opposite,-1.0,preference_control,-9.875,-4.625,-9.872384428977966,-4.627134561538696,-9.872384428977966,-4.627134561538696,-7.249759495258331,-2.622624933719635,-9.875,-4.625,-7.25,-2.625
qwen25_72b,52,valenced_opposite::deontic::015,valenced_opposite,deontic,valenced,opposite,-0.8,preference_control,-11.0,-5.0,-10.999287486076357,-4.999862313270569,-10.999287486076357,-4.999862313270569,-7.999574899673462,-2.999712586402893,-11.0,-5.0,-8.0,-3.0
qwen25_72b,52,valenced_opposite::deontic::015,valenced_opposite,deontic,valenced,opposite,-0.6,preference_control,-11.25,-5.25,-11.249754667282104,-5.260652303695679,-11.249754667282104,-5.260652303695679,-8.255203485488892,-2.994551181793213,-11.25,-5.25,-8.25,-3.0
qwen25_72b,52,valenced_opposite::deontic::015,valenced_opposite,deontic,valenced,opposite,-0.4,preference_control,-11.125,-5.25,-11.124855875968931,-5.236680150032044,-11.124855875968931,-5.236680150032044,-8.180768013000488,-2.944087862968445,-11.125,-5.25,-8.1875,-2.9375
qwen25_72b,52,valenced_opposite::deontic::015,valenced_opposite,deontic,valenced,opposite,-0.2,preference_control,-10.25,-4.25,-10.24983537197113,-4.260304093360901,-10.24983537197113,-4.260304093360901,-7.255069732666016,-2.9947656393051147,-10.25,-4.25,-7.25,-3.0
qwen25_72b,52,valenced_opposite::deontic::015,valenced_opposite,deontic,valenced,opposite,0.0,preference_control,-8.625,-2.75,-8.624640345573425,-2.744438648223877,-8.624640345573425,-2.744438648223877,-5.684539496898651,-2.940100848674774,-8.625,-2.75,-5.6875,-2.9375
qwen25_72b,52,valenced_opposite::deontic::015,valenced_opposite,deontic,valenced,opposite,0.2,preference_control,-4.25,0.5,-4.235517621040344,0.5009114742279053,-4.235517621040344,0.5009114742279053,-1.8673030734062197,-2.3682145476341248,-4.25,0.5,-1.875,-2.375
qwen25_72b,52,valenced_opposite::deontic::015,valenced_opposite,deontic,valenced,opposite,0.4,preference_control,1.0,4.0,1.0002306699752808,4.013322830200195,1.0002306699752808,4.013322830200195,2.506776750087738,-1.5065460801124573,1.0,4.0,2.5,-1.5
qwen25_72b,52,valenced_opposite::deontic::015,valenced_opposite,deontic,valenced,opposite,0.6,preference_control,6.5,7.0,6.49854850769043,6.999124646186829,6.49854850769043,6.999124646186829,6.748836576938629,-0.2502880692481994,6.5,7.0,6.75,-0.25
qwen25_72b,52,valenced_opposite::deontic::015,valenced_opposite,deontic,valenced,opposite,0.8,preference_control,10.25,9.0,10.249969482421877,8.999879479408264,10.249969482421877,8.999879479408264,9.62492448091507,0.6250450015068054,10.25,9.0,9.625,0.625
qwen25_72b,52,valenced_opposite::deontic::015,valenced_opposite,deontic,valenced,opposite,1.0,preference_control,13.5,9.5,13.499998807907104,9.49992537498474,13.499998807907104,9.49992537498474,11.499962091445925,2.0000367164611816,13.5,9.5,11.5,2.0
qwen25_72b,52,valenced_opposite::deontic::016,valenced_opposite,deontic,valenced,opposite,-1.0,preference_control,-4.75,4.625,-4.7519532442092896,4.62646484375,-4.7519532442092896,4.62646484375,-0.0627442002296447,-4.689209043979645,-4.75,4.625,-0.0625,-4.6875
qwen25_72b,52,valenced_opposite::deontic::016,valenced_opposite,deontic,valenced,opposite,-0.8,preference_control,-4.0,4.5,-4.00390625,4.51171875,-4.00390625,4.51171875,0.25390625,-4.2578125,-4.0,4.5,0.25,-4.25
qwen25_72b,52,valenced_opposite::deontic::016,valenced_opposite,deontic,valenced,opposite,-0.6,preference_control,-3.375,4.625,-3.37109375,4.611328125,-3.37109375,4.611328125,0.6201171875,-3.9912109375,-3.375,4.625,0.625,-4.0
qwen25_72b,52,valenced_opposite::deontic::016,valenced_opposite,deontic,valenced,opposite,-0.4,preference_control,-2.5,4.375,-2.498046875,4.3778076171875,-2.498046875,4.3778076171875,0.93988037109375,-3.43792724609375,-2.5,4.375,0.9375,-3.4375
qwen25_72b,52,valenced_opposite::deontic::016,valenced_opposite,deontic,valenced,opposite,-0.2,preference_control,-1.5,4.5,-1.5,4.514404296875,-1.5,4.514404296875,1.5072021484375,-3.0072021484375,-1.5,4.5,1.5,-3.0
qwen25_72b,52,valenced_opposite::deontic::016,valenced_opposite,deontic,valenced,opposite,0.0,preference_control,0.0,4.625,0.0,4.61334228515625,0.0,4.61334228515625,2.306671142578125,-2.306671142578125,0.0,4.625,2.3125,-2.3125
qwen25_72b,52,valenced_opposite::deontic::016,valenced_opposite,deontic,valenced,opposite,0.2,preference_control,2.75,5.125,2.750244140625,5.11859130859375,2.750244140625,5.11859130859375,3.934417724609375,-1.184173583984375,2.75,5.125,3.9375,-1.1875
qwen25_72b,52,valenced_opposite::deontic::016,valenced_opposite,deontic,valenced,opposite,0.4,preference_control,5.25,5.375,5.24475085735321,5.370269656181336,5.24475085735321,5.370269656181336,5.307510256767273,-0.0627593994140625,5.25,5.375,5.3125,-0.0625
qwen25_72b,52,valenced_opposite::deontic::016,valenced_opposite,deontic,valenced,opposite,0.6,preference_control,7.5,6.25,7.49943470954895,6.248031497001648,7.49943470954895,6.248031497001648,6.873733103275299,0.6257016062736511,7.5,6.25,6.875,0.625
qwen25_72b,52,valenced_opposite::deontic::016,valenced_opposite,deontic,valenced,opposite,0.8,preference_control,8.75,6.75,8.749834060668945,6.748809456825256,8.749834060668945,6.748809456825256,7.749321758747101,1.0005123019218445,8.75,6.75,7.75,1.0
qwen25_72b,52,valenced_opposite::deontic::016,valenced_opposite,deontic,valenced,opposite,1.0,preference_control,9.25,6.5,9.249897003173828,6.498473763465881,9.249897003173828,6.498473763465881,7.874185383319855,1.3757116198539734,9.25,6.5,7.875,1.375
qwen25_72b,52,valenced_opposite::deontic::017,valenced_opposite,deontic,valenced,opposite,-1.0,preference_control,-0.875,6.5,-0.8710938692092896,6.509765625,-0.8710938692092896,6.509765625,2.8193358778953552,-3.6904297471046448,-0.875,6.5,2.8125,-3.6875
qwen25_72b,52,valenced_opposite::deontic::017,valenced_opposite,deontic,valenced,opposite,-0.8,preference_control,-0.375,6.875,-0.375,6.8857421875,-0.375,6.8857421875,3.25537109375,-3.63037109375,-0.375,6.875,3.25,-3.625
qwen25_72b,52,valenced_opposite::deontic::017,valenced_opposite,deontic,valenced,opposite,-0.6,preference_control,0.5,6.5,0.5,6.51025390625,0.5,6.51025390625,3.505126953125,-3.005126953125,0.5,6.5,3.5,-3.0
qwen25_72b,52,valenced_opposite::deontic::017,valenced_opposite,deontic,valenced,opposite,-0.4,preference_control,1.5,6.125,1.4970703125,6.122802734375,1.4970703125,6.122802734375,3.8099365234375,-2.3128662109375,1.5,6.125,3.8125,-2.3125
qwen25_72b,52,valenced_opposite::deontic::017,valenced_opposite,deontic,valenced,opposite,-0.2,preference_control,2.5,5.875,2.4970703125,5.8841552734375,2.4970703125,5.8841552734375,4.19061279296875,-1.69354248046875,2.5,5.875,4.1875,-1.6875
qwen25_72b,52,valenced_opposite::deontic::017,valenced_opposite,deontic,valenced,opposite,0.0,preference_control,4.125,5.5,4.139892578125,5.48638916015625,4.139892578125,5.48638916015625,4.813140869140625,-0.673248291015625,4.125,5.5,4.8125,-0.6875
qwen25_72b,52,valenced_opposite::deontic::017,valenced_opposite,deontic,valenced,opposite,0.2,preference_control,6.75,5.375,6.748817443847656,5.36944580078125,6.748817443847656,5.36944580078125,6.059131622314453,0.6896858215332031,6.75,5.375,6.0625,0.6875
qwen25_72b,52,valenced_opposite::deontic::017,valenced_opposite,deontic,valenced,opposite,0.4,preference_control,9.5,5.5,9.499924182891846,5.495849609375,9.499924182891846,5.495849609375,7.497886896133423,2.002037286758423,9.5,5.5,7.5,2.0
qwen25_72b,52,valenced_opposite::deontic::017,valenced_opposite,deontic,valenced,opposite,0.6,preference_control,11.125,5.5,11.124985218048096,5.49591064453125,11.124985218048096,5.49591064453125,8.310447931289673,2.814537286758423,11.125,5.5,8.3125,2.8125
qwen25_72b,52,valenced_opposite::deontic::017,valenced_opposite,deontic,valenced,opposite,0.8,preference_control,11.75,4.25,11.74999213218689,4.23583984375,11.74999213218689,4.23583984375,7.992915987968445,3.757076144218445,11.75,4.25,8.0,3.75
qwen25_72b,52,valenced_opposite::deontic::017,valenced_opposite,deontic,valenced,opposite,1.0,preference_control,11.75,3.0,11.74999213218689,2.998291015625,11.74999213218689,2.998291015625,7.374141573905945,4.375850558280945,11.75,3.0,7.375,4.375
qwen25_72b,52,valenced_opposite::deontic::018,valenced_opposite,deontic,valenced,opposite,-1.0,preference_control,-4.75,3.5,-4.7376086711883545,3.500000596046448,-4.7376086711883545,3.500000596046448,-0.6188040375709534,-4.118804633617401,-4.75,3.5,-0.625,-4.125
qwen25_72b,52,valenced_opposite::deontic::018,valenced_opposite,deontic,valenced,opposite,-0.8,preference_control,-4.625,3.75,-4.612303733825684,3.7567142248153687,-4.612303733825684,3.7567142248153687,-0.4277947545051574,-4.184508979320526,-4.625,3.75,-0.4375,-4.1875
qwen25_72b,52,valenced_opposite::deontic::018,valenced_opposite,deontic,valenced,opposite,-0.6,preference_control,-4.125,3.625,-4.138182520866394,3.6284180879592896,-4.138182520866394,3.6284180879592896,-0.2548822164535522,-3.883300304412842,-4.125,3.625,-0.25,-3.875
qwen25_72b,52,valenced_opposite::deontic::018,valenced_opposite,deontic,valenced,opposite,-0.4,preference_control,-2.875,4.0,-2.880125999450684,4.0120850801467896,-2.880125999450684,4.0120850801467896,0.565979540348053,-3.446105539798737,-2.875,4.0,0.5625,-3.4375
qwen25_72b,52,valenced_opposite::deontic::018,valenced_opposite,deontic,valenced,opposite,-0.2,preference_control,-0.25,4.75,-0.2499991655349731,4.74066162109375,-0.2499991655349731,4.74066162109375,2.2453312277793884,-2.4953303933143616,-0.25,4.75,2.25,-2.5
qwen25_72b,52,valenced_opposite::deontic::018,valenced_opposite,deontic,valenced,opposite,0.0,preference_control,3.0,5.5,2.9968271255493164,5.495513916015625,2.9968271255493164,5.495513916015625,4.246170520782471,-1.2493433952331543,3.0,5.5,4.25,-1.25
qwen25_72b,52,valenced_opposite::deontic::018,valenced_opposite,deontic,valenced,opposite,0.2,preference_control,8.75,6.625,8.749739289283752,6.623558163642883,8.749739289283752,6.623558163642883,7.686648726463318,1.0630905628204346,8.75,6.625,7.6875,1.0625
qwen25_72b,52,valenced_opposite::deontic::018,valenced_opposite,deontic,valenced,opposite,0.4,preference_control,13.875,7.5,13.874996900558472,7.499439358711243,13.874996900558472,7.499439358711243,10.687218129634855,3.1877787709236145,13.875,7.5,10.6875,3.1875
qwen25_72b,52,valenced_opposite::deontic::018,valenced_opposite,deontic,valenced,opposite,0.6,preference_control,16.5,8.375,16.50000011920929,8.374767541885376,16.50000011920929,8.374767541885376,12.437383830547333,4.062616288661957,16.5,8.375,12.4375,4.0625
qwen25_72b,52,valenced_opposite::deontic::018,valenced_opposite,deontic,valenced,opposite,0.8,preference_control,17.25,8.5,17.25000035762787,8.499796152114868,17.25000035762787,8.499796152114868,12.874898254871368,4.3751021027565,17.25,8.5,12.875,4.375
qwen25_72b,52,valenced_opposite::deontic::018,valenced_opposite,deontic,valenced,opposite,1.0,preference_control,16.5,8.25,16.50000035762787,8.249739050865173,16.50000035762787,8.249739050865173,12.37486970424652,4.125130653381348,16.5,8.25,12.375,4.125
qwen25_72b,52,valenced_opposite::deontic::019,valenced_opposite,deontic,valenced,opposite,-1.0,preference_control,5.125,13.25,5.117889404296875,13.24967920780182,5.117889404296875,13.24967920780182,9.183784306049349,-4.065894901752472,5.125,13.25,9.1875,-4.0625
qwen25_72b,52,valenced_opposite::deontic::019,valenced_opposite,deontic,valenced,opposite,-0.8,preference_control,5.875,13.625,5.871307373046875,13.624719142913818,5.871307373046875,13.624719142913818,9.748013257980348,-3.876705884933472,5.875,13.625,9.75,-3.875
qwen25_72b,52,valenced_opposite::deontic::019,valenced_opposite,deontic,valenced,opposite,-0.6,preference_control,6.625,13.375,6.6230316162109375,13.374743819236755,6.6230316162109375,13.374743819236755,9.998887717723846,-3.375856101512909,6.625,13.375,10.0,-3.375
qwen25_72b,52,valenced_opposite::deontic::019,valenced_opposite,deontic,valenced,opposite,-0.4,preference_control,7.5,12.875,7.4990234375,12.87475323677063,7.4990234375,12.87475323677063,10.186888337135317,-2.687864899635315,7.5,12.875,10.1875,-2.6875
qwen25_72b,52,valenced_opposite::deontic::019,valenced_opposite,deontic,valenced,opposite,-0.2,preference_control,8.375,12.125,8.37447738647461,12.124841928482056,8.37447738647461,12.124841928482056,10.249659657478333,-1.8751822710037231,8.375,12.125,10.25,-1.875
qwen25_72b,52,valenced_opposite::deontic::019,valenced_opposite,deontic,valenced,opposite,0.0,preference_control,9.625,11.5,9.62475872039795,11.499841690063477,9.62475872039795,11.499841690063477,10.562300205230711,-0.9375414848327636,9.625,11.5,10.5625,-0.9375
qwen25_72b,52,valenced_opposite::deontic::019,valenced_opposite,deontic,valenced,opposite,0.2,preference_control,12.0,11.75,11.999889373779297,11.749877333641052,11.999889373779297,11.749877333641052,11.874883353710176,0.1250060200691223,12.0,11.75,11.875,0.125
qwen25_72b,52,valenced_opposite::deontic::019,valenced_opposite,deontic,valenced,opposite,0.4,preference_control,14.5,12.375,14.499897956848145,12.374895572662354,14.499897956848145,12.374895572662354,13.437396764755247,1.0625011920928955,14.5,12.375,13.4375,1.0625
qwen25_72b,52,valenced_opposite::deontic::019,valenced_opposite,deontic,valenced,opposite,0.6,preference_control,15.625,12.875,15.624835968017578,12.874930143356323,15.624835968017578,12.874930143356323,14.24988305568695,1.3749529123306274,15.625,12.875,14.25,1.375
qwen25_72b,52,valenced_opposite::deontic::019,valenced_opposite,deontic,valenced,opposite,0.8,preference_control,15.75,12.375,15.749792098999023,12.374944686889648,15.749792098999023,12.374944686889648,14.062368392944336,1.6874237060546875,15.75,12.375,14.0625,1.6875
qwen25_72b,52,valenced_opposite::deontic::019,valenced_opposite,deontic,valenced,opposite,1.0,preference_control,14.875,11.25,14.87466037273407,11.249931573867798,14.87466037273407,11.249931573867798,13.062295973300934,1.812364399433136,14.875,11.25,13.0625,1.8125
qwen25_72b,52,valenced_opposite::epistemic::000,valenced_opposite,epistemic,valenced,opposite,-1.0,preference_control,-13.5,-10.625,-13.499892234802246,-10.624841690063477,-13.499892234802246,-10.624841690063477,-12.06236696243286,-1.4375252723693848,-13.5,-10.625,-12.0625,-1.4375
qwen25_72b,52,valenced_opposite::epistemic::000,valenced_opposite,epistemic,valenced,opposite,-0.8,preference_control,-14.0,-11.75,-13.99990177154541,-11.74991750717163,-13.99990177154541,-11.74991750717163,-12.87490963935852,-1.1249921321868896,-14.0,-11.75,-12.875,-1.125
qwen25_72b,52,valenced_opposite::epistemic::000,valenced_opposite,epistemic,valenced,opposite,-0.6,preference_control,-14.625,-12.75,-14.624930381774902,-12.749939918518066,-14.624930381774902,-12.749939918518066,-13.687435150146484,-0.937495231628418,-14.625,-12.75,-13.6875,-0.9375
qwen25_72b,52,valenced_opposite::epistemic::000,valenced_opposite,epistemic,valenced,opposite,-0.4,preference_control,-14.5,-13.125,-14.4999361038208,-13.12493085861206,-14.4999361038208,-13.12493085861206,-13.81243348121643,-0.6875026226043701,-14.5,-13.125,-13.8125,-0.6875
qwen25_72b,52,valenced_opposite::epistemic::000,valenced_opposite,epistemic,valenced,opposite,-0.2,preference_control,-14.125,-13.5,-14.124938488006592,-13.499947786331177,-14.124938488006592,-13.499947786331177,-13.812443137168884,-0.3124953508377075,-14.125,-13.5,-13.8125,-0.3125
qwen25_72b,52,valenced_opposite::epistemic::000,valenced_opposite,epistemic,valenced,opposite,0.0,preference_control,-12.875,-12.625,-12.874937057495115,-12.624939680099487,-12.874937057495115,-12.624939680099487,-12.749938368797302,-0.1249986886978149,-12.875,-12.625,-12.75,-0.125
qwen25_72b,52,valenced_opposite::epistemic::000,valenced_opposite,epistemic,valenced,opposite,0.2,preference_control,-9.0,-9.5,-8.999777793884277,-9.499832153320312,-8.999777793884277,-9.499832153320312,-9.249804973602297,0.2500271797180176,-9.0,-9.5,-9.25,0.25
qwen25_72b,52,valenced_opposite::epistemic::000,valenced_opposite,epistemic,valenced,opposite,0.4,preference_control,-3.0,-4.5,-2.998046875,-4.48876953125,-2.998046875,-4.48876953125,-3.743408203125,0.745361328125,-3.0,-4.5,-3.75,0.75
qwen25_72b,52,valenced_opposite::epistemic::000,valenced_opposite,epistemic,valenced,opposite,0.6,preference_control,2.5,0.5,2.4990234375,0.498046875,2.4990234375,0.498046875,1.49853515625,1.00048828125,2.5,0.5,1.5,1.0
qwen25_72b,52,valenced_opposite::epistemic::000,valenced_opposite,epistemic,valenced,opposite,0.8,preference_control,7.0,4.5,6.999061584472656,4.4888916015625,6.999061584472656,4.4888916015625,5.743976593017578,1.255084991455078,7.0,4.5,5.75,1.25
qwen25_72b,52,valenced_opposite::epistemic::000,valenced_opposite,epistemic,valenced,opposite,1.0,preference_control,10.375,7.0,10.37494969367981,6.999065399169922,10.37494969367981,6.999065399169922,8.687007546424866,1.6879421472549438,10.375,7.0,8.6875,1.6875
qwen25_72b,52,valenced_opposite::epistemic::001,valenced_opposite,epistemic,valenced,opposite,-1.0,preference_control,-16.125,-13.25,-16.124976873397827,-13.249928951263428,-16.124976873397827,-13.249928951263428,-14.687452912330627,-1.4375239610671997,-16.125,-13.25,-14.6875,-1.4375
qwen25_72b,52,valenced_opposite::epistemic::001,valenced_opposite,epistemic,valenced,opposite,-0.8,preference_control,-16.375,-14.25,-16.374989867210388,-14.249976634979248,-16.374989867210388,-14.249976634979248,-15.312483251094818,-1.06250661611557,-16.375,-14.25,-15.3125,-1.0625
qwen25_72b,52,valenced_opposite::epistemic::001,valenced_opposite,epistemic,valenced,opposite,-0.6,preference_control,-17.0,-14.75,-16.99999761581421,-14.749993681907654,-16.99999761581421,-14.749993681907654,-15.874995648860931,-1.1250019669532776,-17.0,-14.75,-15.875,-1.125
qwen25_72b,52,valenced_opposite::epistemic::001,valenced_opposite,epistemic,valenced,opposite,-0.4,preference_control,-16.5,-14.625,-16.499998569488525,-14.624997615814207,-16.499998569488525,-14.624997615814207,-15.562498092651367,-0.9375004768371582,-16.5,-14.625,-15.5625,-0.9375
qwen25_72b,52,valenced_opposite::epistemic::001,valenced_opposite,epistemic,valenced,opposite,-0.2,preference_control,-15.875,-13.25,-15.874999284744264,-13.249996900558472,-15.874999284744264,-13.249996900558472,-14.562498092651367,-1.3125011920928955,-15.875,-13.25,-14.5625,-1.3125
qwen25_72b,52,valenced_opposite::epistemic::001,valenced_opposite,epistemic,valenced,opposite,0.0,preference_control,-13.125,-10.5,-13.12499713897705,-10.49997091293335,-13.12499713897705,-10.49997091293335,-11.8124840259552,-1.3125131130218506,-13.125,-10.5,-11.8125,-1.3125
qwen25_72b,52,valenced_opposite::epistemic::001,valenced_opposite,epistemic,valenced,opposite,0.2,preference_control,-8.25,-4.5,-8.249738693237305,-4.48895263671875,-8.249738693237305,-4.48895263671875,-6.369345664978027,-1.8803930282592771,-8.25,-4.5,-6.375,-1.875
qwen25_72b,52,valenced_opposite::epistemic::001,valenced_opposite,epistemic,valenced,opposite,0.4,preference_control,-1.75,3.0,-1.75390625,2.998291015625,-1.75390625,2.998291015625,0.6221923828125,-2.3760986328125,-1.75,3.0,0.625,-2.375
qwen25_72b,52,valenced_opposite::epistemic::001,valenced_opposite,epistemic,valenced,opposite,0.6,preference_control,6.25,9.5,6.248069763183594,9.499925136566162,6.248069763183594,9.499925136566162,7.873997449874878,-1.6259276866912842,6.25,9.5,7.875,-1.625
qwen25_72b,52,valenced_opposite::epistemic::001,valenced_opposite,epistemic,valenced,opposite,0.8,preference_control,11.875,13.5,11.874992966651917,13.499998569488524,11.874992966651917,13.499998569488524,12.68749576807022,-0.8125028014183044,11.875,13.5,12.6875,-0.8125
qwen25_72b,52,valenced_opposite::epistemic::001,valenced_opposite,epistemic,valenced,opposite,1.0,preference_control,16.125,15.375,16.12499988079071,15.37499976158142,16.12499988079071,15.37499976158142,15.749999821186066,0.3750000596046448,16.125,15.375,15.75,0.375
qwen25_72b,52,valenced_opposite::epistemic::002,valenced_opposite,epistemic,valenced,opposite,-1.0,preference_control,-8.5,-12.5,-8.624225616455078,-12.624849319458008,-8.624225616455078,-12.624849319458008,-10.624537467956545,2.000311851501465,-8.5,-12.5,-10.5,2.0
qwen25_72b,52,valenced_opposite::epistemic::002,valenced_opposite,epistemic,valenced,opposite,-0.8,preference_control,-9.125,-14.125,-9.249710083007812,-13.874927997589111,-9.249710083007812,-13.874927997589111,-11.562319040298462,2.3126089572906494,-9.125,-14.125,-11.625,2.5
qwen25_72b,52,valenced_opposite::epistemic::002,valenced_opposite,epistemic,valenced,opposite,-0.6,preference_control,-9.375,-15.125,-9.37483024597168,-14.874965190887451,-9.37483024597168,-14.874965190887451,-12.124897718429564,2.7500674724578857,-9.375,-15.125,-12.25,2.875
qwen25_72b,52,valenced_opposite::epistemic::002,valenced_opposite,epistemic,valenced,opposite,-0.4,preference_control,-9.125,-15.5,-9.24985408782959,-15.749982595443726,-9.24985408782959,-15.749982595443726,-12.499918341636658,3.250064253807068,-9.125,-15.5,-12.3125,3.1875
qwen25_72b,52,valenced_opposite::epistemic::002,valenced_opposite,epistemic,valenced,opposite,-0.2,preference_control,-8.25,-14.625,-8.124656677246094,-14.749986171722412,-8.124656677246094,-14.749986171722412,-11.437321424484251,3.312664747238159,-8.25,-14.625,-11.4375,3.1875
qwen25_72b,52,valenced_opposite::epistemic::002,valenced_opposite,epistemic,valenced,opposite,0.0,preference_control,-6.25,-11.875,-6.248016357421875,-12.124969840049744,-6.248016357421875,-12.124969840049744,-9.18649309873581,2.9384767413139343,-6.25,-11.875,-9.0625,2.8125
qwen25_72b,52,valenced_opposite::epistemic::002,valenced_opposite,epistemic,valenced,opposite,0.2,preference_control,-2.25,-6.5,-1.998046875,-6.4984283447265625,-1.998046875,-6.4984283447265625,-4.248237609863281,2.250190734863281,-2.25,-6.5,-4.375,2.125
qwen25_72b,52,valenced_opposite::epistemic::002,valenced_opposite,epistemic,valenced,opposite,0.4,preference_control,2.25,-0.5,2.2431640625,-0.501953125,2.2431640625,-0.501953125,0.87060546875,1.37255859375,2.25,-0.5,0.875,1.375
qwen25_72b,52,valenced_opposite::epistemic::002,valenced_opposite,epistemic,valenced,opposite,0.6,preference_control,6.75,3.5,6.7486724853515625,3.500732421875,6.7486724853515625,3.500732421875,5.124702453613281,1.6239700317382812,6.75,3.5,5.125,1.625
qwen25_72b,52,valenced_opposite::epistemic::002,valenced_opposite,epistemic,valenced,opposite,0.8,preference_control,10.875,6.25,10.624865531921388,6.247772216796875,10.624865531921388,6.247772216796875,8.43631887435913,2.188546657562256,10.875,6.25,8.5625,2.3125
qwen25_72b,52,valenced_opposite::epistemic::002,valenced_opposite,epistemic,valenced,opposite,1.0,preference_control,13.5,7.75,13.124901294708252,7.749362945556641,13.124901294708252,7.749362945556641,10.437132120132446,2.6877691745758057,13.5,7.75,10.625,2.875
qwen25_72b,52,valenced_opposite::epistemic::003,valenced_opposite,epistemic,valenced,opposite,-1.0,preference_control,-9.5,-12.125,-9.374481201171877,-12.124903202056885,-9.374481201171877,-12.124903202056885,-10.74969220161438,1.3752110004425049,-9.5,-12.125,-10.8125,1.3125
qwen25_72b,52,valenced_opposite::epistemic::003,valenced_opposite,epistemic,valenced,opposite,-0.8,preference_control,-10.0,-12.875,-9.99958038330078,-12.749918937683104,-9.99958038330078,-12.749918937683104,-11.374749660491943,1.375169277191162,-10.0,-12.875,-11.4375,1.4375
qwen25_72b,52,valenced_opposite::epistemic::003,valenced_opposite,epistemic,valenced,opposite,-0.6,preference_control,-10.0,-12.875,-9.999536514282228,-13.249938011169434,-9.999536514282228,-13.249938011169434,-11.62473726272583,1.6252007484436035,-10.0,-12.875,-11.4375,1.4375
qwen25_72b,52,valenced_opposite::epistemic::003,valenced_opposite,epistemic,valenced,opposite,-0.4,preference_control,-10.125,-12.875,-9.999629974365234,-12.999929904937744,-9.999629974365234,-12.999929904937744,-11.49977993965149,1.5001499652862549,-10.125,-12.875,-11.5,1.375
qwen25_72b,52,valenced_opposite::epistemic::003,valenced_opposite,epistemic,valenced,opposite,-0.2,preference_control,-9.375,-12.375,-9.499671936035156,-12.499943494796751,-9.499671936035156,-12.499943494796751,-10.999807715415956,1.5001357793807983,-9.375,-12.375,-10.875,1.5
qwen25_72b,52,valenced_opposite::epistemic::003,valenced_opposite,epistemic,valenced,opposite,0.0,preference_control,-8.375,-11.125,-8.499593734741211,-10.874934673309326,-8.499593734741211,-10.874934673309326,-9.687264204025269,1.1876704692840576,-8.375,-11.125,-9.75,1.375
qwen25_72b,52,valenced_opposite::epistemic::003,valenced_opposite,epistemic,valenced,opposite,0.2,preference_control,-6.125,-7.75,-6.2478790283203125,-7.749515533447266,-6.2478790283203125,-7.749515533447266,-6.998697280883789,0.7508182525634766,-6.125,-7.75,-6.9375,0.8125
qwen25_72b,52,valenced_opposite::epistemic::003,valenced_opposite,epistemic,valenced,opposite,0.4,preference_control,-2.5,-3.375,-2.750244140625,-3.37255859375,-2.750244140625,-3.37255859375,-3.0614013671875,0.3111572265625,-2.5,-3.375,-2.9375,0.4375
qwen25_72b,52,valenced_opposite::epistemic::003,valenced_opposite,epistemic,valenced,opposite,0.6,preference_control,1.75,1.0,1.998046875,0.75390625,1.998046875,0.75390625,1.3759765625,0.6220703125,1.75,1.0,1.375,0.375
qwen25_72b,52,valenced_opposite::epistemic::003,valenced_opposite,epistemic,valenced,opposite,0.8,preference_control,6.25,4.0,5.997360229492188,4.235595703125,5.997360229492188,4.235595703125,5.116477966308594,0.8808822631835938,6.25,4.0,5.125,1.125
qwen25_72b,52,valenced_opposite::epistemic::003,valenced_opposite,epistemic,valenced,opposite,1.0,preference_control,9.875,6.125,9.749831199645996,6.373146057128906,9.749831199645996,6.373146057128906,8.061488628387451,1.688342571258545,9.875,6.125,8.0,1.875
qwen25_72b,52,valenced_opposite::epistemic::004,valenced_opposite,epistemic,valenced,opposite,-1.0,preference_control,-15.5,-16.375,-15.499995589256288,-16.37499737739563,-15.499995589256288,-16.37499737739563,-15.937496483325958,0.4375008940696716,-15.5,-16.375,-15.9375,0.4375
qwen25_72b,52,valenced_opposite::epistemic::004,valenced_opposite,epistemic,valenced,opposite,-0.8,preference_control,-15.875,-17.375,-15.874995827674866,-17.374998211860657,-15.874995827674866,-17.374998211860657,-16.62499701976776,0.7500011920928955,-15.875,-17.375,-16.625,0.75
qwen25_72b,52,valenced_opposite::epistemic::004,valenced_opposite,epistemic,valenced,opposite,-0.6,preference_control,-16.625,-18.375,-16.62499713897705,-18.374998569488525,-16.62499713897705,-18.374998569488525,-17.499997854232788,0.8750007152557373,-16.625,-18.375,-17.5,0.875
qwen25_72b,52,valenced_opposite::epistemic::004,valenced_opposite,epistemic,valenced,opposite,-0.4,preference_control,-16.75,-18.25,-16.74999737739563,-18.249998569488525,-16.74999737739563,-18.249998569488525,-17.499997973442078,0.7500005960464478,-16.75,-18.25,-17.5,0.75
qwen25_72b,52,valenced_opposite::epistemic::004,valenced_opposite,epistemic,valenced,opposite,-0.2,preference_control,-16.25,-18.125,-16.2499977350235,-18.124998927116398,-16.2499977350235,-18.124998927116398,-17.187498331069946,0.9375005960464478,-16.25,-18.125,-17.1875,0.9375
qwen25_72b,52,valenced_opposite::epistemic::004,valenced_opposite,epistemic,valenced,opposite,0.0,preference_control,-14.5,-16.25,-14.499996662139893,-16.249998450279236,-14.499996662139893,-16.249998450279236,-15.374997556209564,0.8750008940696716,-14.5,-16.25,-15.375,0.875
qwen25_72b,52,valenced_opposite::epistemic::004,valenced_opposite,epistemic,valenced,opposite,0.2,preference_control,-10.625,-11.75,-10.624971151351929,-11.74998903274536,-10.624971151351929,-11.74998903274536,-11.187480092048643,0.5625089406967163,-10.625,-11.75,-11.1875,0.5625
qwen25_72b,52,valenced_opposite::epistemic::004,valenced_opposite,epistemic,valenced,opposite,0.4,preference_control,-5.0,-5.125,-4.9932861328125,-5.119049072265625,-4.9932861328125,-5.119049072265625,-5.056167602539063,0.0628814697265625,-5.0,-5.125,-5.0625,0.0625
qwen25_72b,52,valenced_opposite::epistemic::004,valenced_opposite,epistemic,valenced,opposite,0.6,preference_control,0.0,0.0,0.0,0.0,0.0,0.0,0.0,0.0,0.0,0.0,0.0,0.0
qwen25_72b,52,valenced_opposite::epistemic::004,valenced_opposite,epistemic,valenced,opposite,0.8,preference_control,4.5,3.5,4.48895263671875,3.50146484375,4.48895263671875,3.50146484375,3.995208740234375,0.493743896484375,4.5,3.5,4.0,0.5
qwen25_72b,52,valenced_opposite::epistemic::004,valenced_opposite,epistemic,valenced,opposite,1.0,preference_control,7.75,5.5,7.749563217163086,5.49591064453125,7.749563217163086,5.49591064453125,6.622736930847168,1.126826286315918,7.75,5.5,6.625,1.125
qwen25_72b,52,valenced_opposite::epistemic::005,valenced_opposite,epistemic,valenced,opposite,-1.0,preference_control,-7.625,-6.5,-7.622517824172974,-6.490599989891052,-7.622517824172974,-6.490599989891052,-7.056558907032013,-0.5659589171409607,-7.625,-6.5,-7.0625,-0.5625
qwen25_72b,52,valenced_opposite::epistemic::005,valenced_opposite,epistemic,valenced,opposite,-0.8,preference_control,-8.75,-7.625,-8.749460458755493,-7.622663974761963,-8.749460458755493,-7.622663974761963,-8.186062216758728,-0.5633982419967651,-8.75,-7.625,-8.1875,-0.5625
qwen25_72b,52,valenced_opposite::epistemic::005,valenced_opposite,epistemic,valenced,opposite,-0.6,preference_control,-9.625,-8.5,-9.624866127967834,-8.499201655387878,-9.624866127967834,-8.499201655387878,-9.062033891677856,-0.562832236289978,-9.625,-8.5,-9.0625,-0.5625
qwen25_72b,52,valenced_opposite::epistemic::005,valenced_opposite,epistemic,valenced,opposite,-0.4,preference_control,-10.125,-9.0,-10.12494730949402,-8.999656438827515,-10.12494730949402,-8.999656438827515,-9.562301874160768,-0.562645435333252,-10.125,-9.0,-9.5625,-0.5625
qwen25_72b,52,valenced_opposite::epistemic::005,valenced_opposite,epistemic,valenced,opposite,-0.2,preference_control,-10.0,-8.75,-9.99994957447052,-8.749700546264648,-9.99994957447052,-8.749700546264648,-9.374825060367584,-0.6251245141029358,-10.0,-8.75,-9.375,-0.625
qwen25_72b,52,valenced_opposite::epistemic::005,valenced_opposite,epistemic,valenced,opposite,0.0,preference_control,-8.875,-7.25,-8.874855875968933,-7.249091982841492,-8.874855875968933,-7.249091982841492,-8.061973929405212,-0.8128819465637207,-8.875,-7.25,-8.0625,-0.8125
qwen25_72b,52,valenced_opposite::epistemic::005,valenced_opposite,epistemic,valenced,opposite,0.2,preference_control,-5.5,-4.0,-5.495909094810486,-4.012695074081421,-5.495909094810486,-4.012695074081421,-4.754302084445953,-0.7416070103645325,-5.5,-4.0,-4.75,-0.75
qwen25_72b,52,valenced_opposite::epistemic::005,valenced_opposite,epistemic,valenced,opposite,0.4,preference_control,-0.5,0.0,-0.4980452060699463,3.5762786865234375e-07,-0.4980452060699463,3.5762786865234375e-07,-0.2490224242210388,-0.2490227818489074,-0.5,0.0,-0.25,-0.25
qwen25_72b,52,valenced_opposite::epistemic::005,valenced_opposite,epistemic,valenced,opposite,0.6,preference_control,4.5,3.25,4.488892555236816,3.243164658546448,4.488892555236816,3.243164658546448,3.866028606891632,0.6228639483451843,4.5,3.25,3.875,0.625
qwen25_72b,52,valenced_opposite::epistemic::005,valenced_opposite,epistemic,valenced,opposite,0.8,preference_control,9.25,5.25,9.24988615512848,5.244690895080566,9.24988615512848,5.244690895080566,7.247288525104523,2.0025976300239563,9.25,5.25,7.25,2.0
qwen25_72b,52,valenced_opposite::epistemic::005,valenced_opposite,epistemic,valenced,opposite,1.0,preference_control,12.125,5.5,12.124994158744812,5.495850920677185,12.124994158744812,5.495850920677185,8.810422539710999,3.314571619033813,12.125,5.5,8.8125,3.3125
qwen25_72b,52,valenced_opposite::epistemic::006,valenced_opposite,epistemic,valenced,opposite,-1.0,preference_control,-11.75,-10.375,-11.749926805496216,-10.374821186065674,-11.749926805496216,-10.374821186065674,-11.062373995780945,-0.687552809715271,-11.75,-10.375,-11.0625,-0.6875
qwen25_72b,52,valenced_opposite::epistemic::006,valenced_opposite,epistemic,valenced,opposite,-0.8,preference_control,-12.625,-11.25,-12.624966502189636,-11.249927043914797,-12.624966502189636,-11.249927043914797,-11.937446773052216,-0.6875197291374207,-12.625,-11.25,-11.9375,-0.6875
qwen25_72b,52,valenced_opposite::epistemic::006,valenced_opposite,epistemic,valenced,opposite,-0.6,preference_control,-13.0,-11.875,-12.999977350234984,-11.874968647956848,-12.999977350234984,-11.874968647956848,-12.437472999095917,-0.5625043511390686,-13.0,-11.875,-12.4375,-0.5625
qwen25_72b,52,valenced_opposite::epistemic::006,valenced_opposite,epistemic,valenced,opposite,-0.4,preference_control,-12.25,-12.0,-12.249953627586365,-11.999978065490724,-12.249953627586365,-11.999978065490724,-12.124965846538544,-0.124987781047821,-12.25,-12.0,-12.125,-0.125
qwen25_72b,52,valenced_opposite::epistemic::006,valenced_opposite,epistemic,valenced,opposite,-0.2,preference_control,-10.375,-11.125,-10.37489891052246,-11.124968767166138,-10.37489891052246,-11.124968767166138,-10.7499338388443,0.3750349283218384,-10.375,-11.125,-10.75,0.375
qwen25_72b,52,valenced_opposite::epistemic::006,valenced_opposite,epistemic,valenced,opposite,0.0,preference_control,-7.25,-9.375,-7.249167323112488,-9.37488603591919,-7.249167323112488,-9.37488603591919,-8.312026679515839,1.0628593564033508,-7.25,-9.375,-8.3125,1.0625
qwen25_72b,52,valenced_opposite::epistemic::006,valenced_opposite,epistemic,valenced,opposite,0.2,preference_control,-2.0,-5.5,-1.99695348739624,-5.495769143104553,-1.99695348739624,-5.495769143104553,-3.7463613152503967,1.7494078278541565,-2.0,-5.5,-3.75,1.75
qwen25_72b,52,valenced_opposite::epistemic::006,valenced_opposite,epistemic,valenced,opposite,0.4,preference_control,2.5,-1.25,2.496772766113281,-1.2519190311431885,2.496772766113281,-1.2519190311431885,0.6224268674850464,1.8743458986282349,2.5,-1.25,0.625,1.875
qwen25_72b,52,valenced_opposite::epistemic::006,valenced_opposite,epistemic,valenced,opposite,0.6,preference_control,6.5,2.125,6.497062683105469,2.129429817199707,6.497062683105469,2.129429817199707,4.313246250152588,2.183816432952881,6.5,2.125,4.3125,2.1875
qwen25_72b,52,valenced_opposite::epistemic::006,valenced_opposite,epistemic,valenced,opposite,0.8,preference_control,9.125,4.375,9.123441696166992,4.389179944992065,9.123441696166992,4.389179944992065,6.756310820579529,2.3671308755874634,9.125,4.375,6.75,2.375
qwen25_72b,52,valenced_opposite::epistemic::006,valenced_opposite,epistemic,valenced,opposite,1.0,preference_control,10.75,5.375,10.748258590698242,5.366771936416626,10.748258590698242,5.366771936416626,8.057515263557434,2.690743327140808,10.75,5.375,8.0625,2.6875
qwen25_72b,52,valenced_opposite::epistemic::007,valenced_opposite,epistemic,valenced,opposite,-1.0,preference_control,-8.375,-0.625,-8.48895263671875,-0.8749994039535522,-8.48895263671875,-0.8749994039535522,-4.681976020336151,-3.806976616382599,-8.375,-0.625,-4.5,-3.875
qwen25_72b,52,valenced_opposite::epistemic::007,valenced_opposite,epistemic,valenced,opposite,-0.8,preference_control,-9.0,-0.75,-9.120513916015623,-0.6249994039535522,-9.120513916015623,-0.6249994039535522,-4.872756659984589,-4.247757256031036,-9.0,-0.75,-4.875,-4.125
qwen25_72b,52,valenced_opposite::epistemic::007,valenced_opposite,epistemic,valenced,opposite,-0.6,preference_control,-9.25,-1.0,-9.24811553955078,-1.1249994039535522,-9.24811553955078,-1.1249994039535522,-5.186557471752167,-4.061558067798615,-9.25,-1.0,-5.125,-4.125
qwen25_72b,52,valenced_opposite::epistemic::007,valenced_opposite,epistemic,valenced,opposite,-0.4,preference_control,-9.0,-1.0,-9.374256134033203,-1.1249994039535522,-9.374256134033203,-1.1249994039535522,-5.249627768993378,-4.124628365039825,-9.0,-1.0,-5.0,-4.0
qwen25_72b,52,valenced_opposite::epistemic::007,valenced_opposite,epistemic,valenced,opposite,-0.2,preference_control,-8.125,-0.5,-8.62448501586914,-0.7460931539535522,-8.62448501586914,-0.7460931539535522,-4.685289084911346,-3.939195930957794,-8.125,-0.5,-4.3125,-3.8125
qwen25_72b,52,valenced_opposite::epistemic::007,valenced_opposite,epistemic,valenced,opposite,0.0,preference_control,-6.25,0.375,-6.372848510742188,0.5039068460464478,-6.372848510742188,0.5039068460464478,-2.93447083234787,-3.4383776783943176,-6.25,0.375,-2.9375,-3.3125
qwen25_72b,52,valenced_opposite::epistemic::007,valenced_opposite,epistemic,valenced,opposite,0.2,preference_control,-1.0,3.5,-1.3720703125,3.256836533546448,-1.3720703125,3.256836533546448,0.942383110523224,-2.314453423023224,-1.0,3.5,1.25,-2.25
qwen25_72b,52,valenced_opposite::epistemic::007,valenced_opposite,epistemic,valenced,opposite,0.4,preference_control,4.0,7.25,4.0090333223342896,7.009644150733948,4.0090333223342896,7.009644150733948,5.509338736534119,-1.500305414199829,4.0,7.25,5.625,-1.625
qwen25_72b,52,valenced_opposite::epistemic::007,valenced_opposite,epistemic,valenced,opposite,0.6,preference_control,7.625,10.125,7.623184323310852,10.117310285568236,7.623184323310852,10.117310285568236,8.870247304439545,-1.2470629811286926,7.625,10.125,8.875,-1.25
qwen25_72b,52,valenced_opposite::epistemic::007,valenced_opposite,epistemic,valenced,opposite,0.8,preference_control,9.875,11.375,9.624130606651306,11.245362758636476,9.624130606651306,11.245362758636476,10.43474668264389,-0.8106160759925842,9.875,11.375,10.625,-0.75
qwen25_72b,52,valenced_opposite::epistemic::007,valenced_opposite,epistemic,valenced,opposite,1.0,preference_control,11.25,11.25,10.999356746673584,10.99536669254303,10.999356746673584,10.99536669254303,10.997361719608309,0.001995027065277,11.25,11.25,11.25,0.0
qwen25_72b,52,valenced_opposite::epistemic::008,valenced_opposite,epistemic,valenced,opposite,-1.0,preference_control,-8.125,-10.875,-8.194422364234924,-10.91792368888855,-8.194422364234924,-10.91792368888855,-9.556173026561735,1.3617506623268127,-8.125,-10.875,-9.5,1.375
qwen25_72b,52,valenced_opposite::epistemic::008,valenced_opposite,epistemic,valenced,opposite,-0.8,preference_control,-8.5,-11.875,-8.578861355781555,-11.908672571182253,-8.578861355781555,-11.908672571182253,-10.243766963481905,1.664905607700348,-8.5,-11.875,-10.1875,1.6875
qwen25_72b,52,valenced_opposite::epistemic::008,valenced_opposite,epistemic,valenced,opposite,-0.6,preference_control,-9.375,-12.75,-9.463773846626282,-12.779777884483336,-9.463773846626282,-12.779777884483336,-11.12177586555481,1.6580020189285278,-9.375,-12.75,-11.0625,1.6875
qwen25_72b,52,valenced_opposite::epistemic::008,valenced_opposite,epistemic,valenced,opposite,-0.4,preference_control,-9.375,-12.5,-9.444735288619995,-12.514153361320496,-9.444735288619995,-12.514153361320496,-10.979444324970244,1.5347090363502502,-9.375,-12.5,-10.9375,1.5625
qwen25_72b,52,valenced_opposite::epistemic::008,valenced_opposite,epistemic,valenced,opposite,-0.2,preference_control,-9.0,-11.875,-9.048457503318788,-11.881703734397888,-9.048457503318788,-11.881703734397888,-10.465080618858336,1.4166231155395508,-9.0,-11.875,-10.4375,1.4375
qwen25_72b,52,valenced_opposite::epistemic::008,valenced_opposite,epistemic,valenced,opposite,0.0,preference_control,-7.25,-10.0,-7.2697941064834595,-10.003552913665771,-7.2697941064834595,-10.003552913665771,-8.636673510074615,1.366879403591156,-7.25,-10.0,-8.625,1.375
qwen25_72b,52,valenced_opposite::epistemic::008,valenced_opposite,epistemic,valenced,opposite,0.2,preference_control,-2.75,-6.0,-2.753295540809632,-5.9990293979644775,-2.753295540809632,-5.9990293979644775,-4.376162469387054,1.622866928577423,-2.75,-6.0,-4.375,1.625
qwen25_72b,52,valenced_opposite::epistemic::008,valenced_opposite,epistemic,valenced,opposite,0.4,preference_control,2.0,-1.5,1.9974939823150637,-1.5026605129241943,1.9974939823150637,-1.5026605129241943,0.2474167346954345,1.750077247619629,2.0,-1.5,0.25,1.75
qwen25_72b,52,valenced_opposite::epistemic::008,valenced_opposite,epistemic,valenced,opposite,0.6,preference_control,5.75,1.75,5.746595621109009,1.7536135911941528,5.746595621109009,1.7536135911941528,3.750104606151581,1.996491014957428,5.75,1.75,3.75,2.0
qwen25_72b,52,valenced_opposite::epistemic::008,valenced_opposite,epistemic,valenced,opposite,0.8,preference_control,8.5,4.25,8.499656915664673,4.235684156417847,8.499656915664673,4.235684156417847,6.36767053604126,2.131986379623413,8.5,4.25,6.375,2.125
qwen25_72b,52,valenced_opposite::epistemic::008,valenced_opposite,epistemic,valenced,opposite,1.0,preference_control,10.25,5.5,10.249855637550354,5.49575674533844,10.249855637550354,5.49575674533844,7.872806191444397,2.377049446105957,10.25,5.5,7.875,2.375
qwen25_72b,52,valenced_opposite::epistemic::009,valenced_opposite,epistemic,valenced,opposite,-1.0,preference_control,-4.375,2.5,-4.2625732421875,2.751953125,-4.2625732421875,2.751953125,-0.75531005859375,-3.50726318359375,-4.375,2.5,-0.9375,-3.4375
qwen25_72b,52,valenced_opposite::epistemic::009,valenced_opposite,epistemic,valenced,opposite,-0.8,preference_control,-4.375,2.375,-4.3602294921875,2.62060546875,-4.3602294921875,2.62060546875,-0.86981201171875,-3.49041748046875,-4.375,2.375,-1.0,-3.375
qwen25_72b,52,valenced_opposite::epistemic::009,valenced_opposite,epistemic,valenced,opposite,-0.6,preference_control,-4.125,2.375,-3.8681640625,2.50732421875,-3.8681640625,2.50732421875,-0.680419921875,-3.187744140625,-4.125,2.375,-0.875,-3.25
qwen25_72b,52,valenced_opposite::epistemic::009,valenced_opposite,epistemic,valenced,opposite,-0.4,preference_control,-3.25,2.375,-3.257568359375,2.37451171875,-3.257568359375,2.37451171875,-0.4415283203125,-2.8160400390625,-3.25,2.375,-0.4375,-2.8125
qwen25_72b,52,valenced_opposite::epistemic::009,valenced_opposite,epistemic,valenced,opposite,-0.2,preference_control,-2.375,2.375,-2.24267578125,2.3759765625,-2.24267578125,2.3759765625,0.066650390625,-2.309326171875,-2.375,2.375,0.0,-2.375
qwen25_72b,52,valenced_opposite::epistemic::009,valenced_opposite,epistemic,valenced,opposite,0.0,preference_control,-0.375,2.625,-0.375,2.74853515625,-0.375,2.74853515625,1.186767578125,-1.561767578125,-0.375,2.625,1.125,-1.5
qwen25_72b,52,valenced_opposite::epistemic::009,valenced_opposite,epistemic,valenced,opposite,0.2,preference_control,2.75,4.25,2.6171875,4.235107421875,2.6171875,4.235107421875,3.4261474609375,-0.8089599609375,2.75,4.25,3.5,-0.75
qwen25_72b,52,valenced_opposite::epistemic::009,valenced_opposite,epistemic,valenced,opposite,0.4,preference_control,5.75,6.0,5.621353149414063,6.122589111328125,5.621353149414063,6.122589111328125,5.871971130371094,-0.2506179809570312,5.75,6.0,5.875,-0.125
qwen25_72b,52,valenced_opposite::epistemic::009,valenced_opposite,epistemic,valenced,opposite,0.6,preference_control,8.625,7.5,8.874842643737793,7.374294281005859,8.874842643737793,7.374294281005859,8.124568462371826,0.7502741813659668,8.625,7.5,8.0625,0.5625
qwen25_72b,52,valenced_opposite::epistemic::009,valenced_opposite,epistemic,valenced,opposite,0.8,preference_control,10.75,8.25,10.7499680519104,7.999624252319336,10.7499680519104,7.999624252319336,9.374796152114868,1.3751718997955322,10.75,8.25,9.5,1.25
qwen25_72b,52,valenced_opposite::epistemic::009,valenced_opposite,epistemic,valenced,opposite,1.0,preference_control,11.25,7.875,11.374979496002195,7.874593734741211,11.374979496002195,7.874593734741211,9.624786615371704,1.7501928806304932,11.25,7.875,9.5625,1.6875
qwen25_72b,52,valenced_opposite::epistemic::010,valenced_opposite,epistemic,valenced,opposite,-1.0,preference_control,-13.5,-12.75,-13.499998211860657,-12.74999475479126,-13.499998211860657,-12.74999475479126,-13.124996483325958,-0.3750017285346985,-13.5,-12.75,-13.125,-0.375
qwen25_72b,52,valenced_opposite::epistemic::010,valenced_opposite,epistemic,valenced,opposite,-0.8,preference_control,-14.25,-13.5,-14.499999284744264,-13.624996781349182,-14.499999284744264,-13.624996781349182,-14.062498033046722,-0.4375012516975403,-14.25,-13.5,-13.875,-0.375
qwen25_72b,52,valenced_opposite::epistemic::010,valenced_opposite,epistemic,valenced,opposite,-0.6,preference_control,-14.375,-14.375,-14.249999165534971,-14.37499725818634,-14.249999165534971,-14.37499725818634,-14.312498211860657,0.0624990463256835,-14.375,-14.375,-14.375,0.0
qwen25_72b,52,valenced_opposite::epistemic::010,valenced_opposite,epistemic,valenced,opposite,-0.4,preference_control,-13.5,-13.875,-13.249997973442078,-13.999996662139893,-13.249997973442078,-13.999996662139893,-13.624997317790983,0.3749993443489074,-13.5,-13.875,-13.6875,0.1875
qwen25_72b,52,valenced_opposite::epistemic::010,valenced_opposite,epistemic,valenced,opposite,-0.2,preference_control,-12.0,-12.5,-11.999993443489076,-12.249993205070496,-11.999993443489076,-12.249993205070496,-12.124993324279783,0.1249998807907104,-12.0,-12.5,-12.25,0.25
qwen25_72b,52,valenced_opposite::epistemic::010,valenced_opposite,epistemic,valenced,opposite,0.0,preference_control,-9.25,-10.25,-9.499924778938292,-10.499970316886902,-9.499924778938292,-10.499970316886902,-9.999947547912598,0.5000227689743042,-9.25,-10.25,-9.75,0.5
qwen25_72b,52,valenced_opposite::epistemic::010,valenced_opposite,epistemic,valenced,opposite,0.2,preference_control,-5.0,-5.75,-4.993285655975342,-5.746824026107788,-4.993285655975342,-5.746824026107788,-5.370054841041565,0.3767691850662231,-5.0,-5.75,-5.375,0.375
qwen25_72b,52,valenced_opposite::epistemic::010,valenced_opposite,epistemic,valenced,opposite,0.4,preference_control,0.75,-1.25,0.4980475902557373,-1.5019513368606567,0.4980475902557373,-1.5019513368606567,-0.5019518733024597,0.999999463558197,0.75,-1.25,-0.25,1.0
qwen25_72b,52,valenced_opposite::epistemic::010,valenced_opposite,epistemic,valenced,opposite,0.6,preference_control,5.25,2.5,4.993286848068237,2.243653893470764,4.993286848068237,2.243653893470764,3.6184703707695007,1.3748164772987366,5.25,2.5,3.875,1.375
qwen25_72b,52,valenced_opposite::epistemic::010,valenced_opposite,epistemic,valenced,opposite,0.8,preference_control,8.5,5.25,8.749840497970581,5.244752287864685,8.749840497970581,5.244752287864685,6.997296392917633,1.752544105052948,8.5,5.25,6.875,1.625
qwen25_72b,52,valenced_opposite::epistemic::010,valenced_opposite,epistemic,valenced,opposite,1.0,preference_control,11.125,7.0,10.999982237815855,6.9990822076797485,10.999982237815855,6.9990822076797485,8.999532222747803,2.000450015068054,11.125,7.0,9.0625,2.0625
qwen25_72b,52,valenced_opposite::epistemic::011,valenced_opposite,epistemic,valenced,opposite,-1.0,preference_control,-8.25,-5.125,-8.249097108840942,-5.118073105812073,-8.249097108840942,-5.118073105812073,-6.683585107326508,-1.5655120015144348,-8.25,-5.125,-6.6875,-1.5625
qwen25_72b,52,valenced_opposite::epistemic::011,valenced_opposite,epistemic,valenced,opposite,-0.8,preference_control,-8.875,-5.75,-8.874415397644043,-5.746582508087158,-8.874415397644043,-5.746582508087158,-7.310498952865601,-1.5639164447784424,-8.875,-5.75,-7.3125,-1.5625
qwen25_72b,52,valenced_opposite::epistemic::011,valenced_opposite,epistemic,valenced,opposite,-0.6,preference_control,-8.75,-6.125,-8.749532580375671,-6.122726798057556,-8.749532580375671,-6.122726798057556,-7.436129689216614,-1.3134028911590576,-8.75,-6.125,-7.4375,-1.3125
qwen25_72b,52,valenced_opposite::epistemic::011,valenced_opposite,epistemic,valenced,opposite,-0.4,preference_control,-8.125,-6.0,-8.12442147731781,-5.997467398643494,-8.12442147731781,-5.997467398643494,-7.060944437980652,-1.0634770393371582,-8.125,-6.0,-7.0625,-1.0625
qwen25_72b,52,valenced_opposite::epistemic::011,valenced_opposite,epistemic,valenced,opposite,-0.2,preference_control,-5.75,-4.875,-5.746430516242981,-4.867309927940369,-5.746430516242981,-4.867309927940369,-5.306870222091675,-0.4395602941513061,-5.75,-4.875,-5.3125,-0.4375
qwen25_72b,52,valenced_opposite::epistemic::011,valenced_opposite,epistemic,valenced,opposite,0.0,preference_control,-1.0,-3.0,-0.9980475902557372,-2.9980472326278687,-0.9980475902557372,-2.9980472326278687,-1.998047411441803,0.9999998211860656,-1.0,-3.0,-2.0,1.0
qwen25_72b,52,valenced_opposite::epistemic::011,valenced_opposite,epistemic,valenced,opposite,0.2,preference_control,5.25,0.75,5.244750022888184,0.7539058923721313,5.244750022888184,0.7539058923721313,2.999327957630157,2.245422065258026,5.25,0.75,3.0,2.25
qwen25_72b,52,valenced_opposite::epistemic::011,valenced_opposite,epistemic,valenced,opposite,0.4,preference_control,10.75,5.25,10.749977231025696,5.244750618934631,10.749977231025696,5.244750618934631,7.997363924980164,2.752613306045532,10.75,5.25,8.0,2.75
qwen25_72b,52,valenced_opposite::epistemic::011,valenced_opposite,epistemic,valenced,opposite,0.6,preference_control,15.875,8.25,15.874999046325684,8.249736428260803,15.874999046325684,8.249736428260803,12.062367737293243,3.81263130903244,15.875,8.25,12.0625,3.8125
qwen25_72b,52,valenced_opposite::epistemic::011,valenced_opposite,epistemic,valenced,opposite,0.8,preference_control,18.125,11.0,18.124999284744263,10.999982237815855,18.124999284744263,10.999982237815855,14.56249076128006,3.562508523464203,18.125,11.0,14.5625,3.5625
qwen25_72b,52,valenced_opposite::epistemic::011,valenced_opposite,epistemic,valenced,opposite,1.0,preference_control,18.5,12.0,18.499999284744263,11.999992847442629,18.499999284744263,11.999992847442629,15.249996066093445,3.250003218650818,18.5,12.0,15.25,3.25
qwen25_72b,52,valenced_opposite::epistemic::012,valenced_opposite,epistemic,valenced,opposite,-1.0,preference_control,-10.875,-10.125,-10.99977684020996,-10.24970006942749,-10.99977684020996,-10.24970006942749,-10.624738454818726,-0.3750383853912353,-10.875,-10.125,-10.5,-0.375
qwen25_72b,52,valenced_opposite::epistemic::012,valenced_opposite,epistemic,valenced,opposite,-0.8,preference_control,-11.875,-11.25,-11.874903798103333,-11.124858260154724,-11.874903798103333,-11.124858260154724,-11.499881029129028,-0.3750227689743042,-11.875,-11.25,-11.5625,-0.3125
qwen25_72b,52,valenced_opposite::epistemic::012,valenced_opposite,epistemic,valenced,opposite,-0.6,preference_control,-12.5,-12.0,-12.499961972236632,-12.374940037727356,-12.499961972236632,-12.374940037727356,-12.437451004981996,-0.0625109672546386,-12.5,-12.0,-12.25,-0.25
qwen25_72b,52,valenced_opposite::epistemic::012,valenced_opposite,epistemic,valenced,opposite,-0.4,preference_control,-12.375,-12.625,-12.24997067451477,-12.74996542930603,-12.24997067451477,-12.74996542930603,-12.4999680519104,0.2499973773956298,-12.375,-12.625,-12.5,0.125
qwen25_72b,52,valenced_opposite::epistemic::012,valenced_opposite,epistemic,valenced,opposite,-0.2,preference_control,-11.25,-11.375,-11.24996554851532,-11.374935746192932,-11.24996554851532,-11.374935746192932,-11.312450647354126,0.0624850988388061,-11.25,-11.375,-11.3125,0.0625
qwen25_72b,52,valenced_opposite::epistemic::012,valenced_opposite,epistemic,valenced,opposite,0.0,preference_control,-8.75,-9.75,-8.749804258346558,-9.874870777130129,-8.749804258346558,-9.874870777130129,-9.312337517738342,0.5625332593917847,-8.75,-9.75,-9.25,0.5
qwen25_72b,52,valenced_opposite::epistemic::012,valenced_opposite,epistemic,valenced,opposite,0.2,preference_control,-4.0,-5.75,-4.235655784606934,-5.871886491775513,-4.235655784606934,-5.871886491775513,-5.053771138191223,0.8181153535842896,-4.0,-5.75,-4.875,0.875
qwen25_72b,52,valenced_opposite::epistemic::012,valenced_opposite,epistemic,valenced,opposite,0.4,preference_control,0.0,-1.75,1.1920928955078125e-06,-1.7529290914535522,1.1920928955078125e-06,-1.7529290914535522,-0.8764639496803284,0.8764651417732239,0.0,-1.75,-0.875,0.875
qwen25_72b,52,valenced_opposite::epistemic::012,valenced_opposite,epistemic,valenced,opposite,0.6,preference_control,4.375,1.75,4.488648653030396,1.7529301643371582,4.488648653030396,1.7529301643371582,3.120789408683777,1.3678592443466189,4.375,1.75,3.0625,1.3125
qwen25_72b,52,valenced_opposite::epistemic::012,valenced_opposite,epistemic,valenced,opposite,0.8,preference_control,8.25,4.375,8.374575853347778,4.488647818565369,8.374575853347778,4.488647818565369,6.4316118359565735,1.9429640173912048,8.25,4.375,6.3125,1.9375
qwen25_72b,52,valenced_opposite::epistemic::012,valenced_opposite,epistemic,valenced,opposite,1.0,preference_control,10.5,5.625,10.374822854995728,5.746628046035767,10.374822854995728,5.746628046035767,8.060725450515747,2.3140974044799805,10.5,5.625,8.0625,2.4375
qwen25_72b,52,valenced_opposite::epistemic::013,valenced_opposite,epistemic,valenced,opposite,-1.0,preference_control,-7.875,1.0,-7.870606064796448,0.9999996423721312,-7.870606064796448,0.9999996423721312,-3.435303211212158,-4.4353028535842896,-7.875,1.0,-3.4375,-4.4375
qwen25_72b,52,valenced_opposite::epistemic::013,valenced_opposite,epistemic,valenced,opposite,-0.8,preference_control,-8.375,0.5,-8.363830804824829,0.4999998807907104,-8.363830804824829,0.4999998807907104,-3.9319154620170593,-4.43191534280777,-8.375,0.5,-3.9375,-4.4375
qwen25_72b,52,valenced_opposite::epistemic::013,valenced_opposite,epistemic,valenced,opposite,-0.6,preference_control,-8.75,0.0,-8.746063232421875,0.0,-8.746063232421875,0.0,-4.3730316162109375,-4.3730316162109375,-8.75,0.0,-4.375,-4.375
qwen25_72b,52,valenced_opposite::epistemic::013,valenced_opposite,epistemic,valenced,opposite,-0.4,preference_control,-8.25,-0.5,-8.247329711914062,-0.5019530057907104,-8.247329711914062,-0.5019530057907104,-4.3746413588523865,-3.872688353061676,-8.25,-0.5,-4.375,-3.875
qwen25_72b,52,valenced_opposite::epistemic::013,valenced_opposite,epistemic,valenced,opposite,-0.2,preference_control,-6.75,-0.5,-6.74639892578125,-0.5019530057907104,-6.74639892578125,-0.5019530057907104,-3.62417596578598,-3.1222229599952698,-6.75,-0.5,-3.625,-3.125
qwen25_72b,52,valenced_opposite::epistemic::013,valenced_opposite,epistemic,valenced,opposite,0.0,preference_control,-4.25,0.375,-4.2635498046875,0.3750001192092895,-4.2635498046875,0.3750001192092895,-1.9442748427391048,-2.3192749619483948,-4.25,0.375,-1.9375,-2.3125
qwen25_72b,52,valenced_opposite::epistemic::013,valenced_opposite,epistemic,valenced,opposite,0.2,preference_control,0.125,2.375,0.125,2.378418207168579,0.125,2.378418207168579,1.2517091035842896,-1.1267091035842896,0.125,2.375,1.25,-1.125
qwen25_72b,52,valenced_opposite::epistemic::013,valenced_opposite,epistemic,valenced,opposite,0.4,preference_control,5.125,5.375,5.118927001953125,5.370239973068237,5.118927001953125,5.370239973068237,5.244583487510681,-0.1256564855575561,5.125,5.375,5.25,-0.125
qwen25_72b,52,valenced_opposite::epistemic::013,valenced_opposite,epistemic,valenced,opposite,0.6,preference_control,9.0,7.25,8.999856948852539,7.249242067337036,8.999856948852539,7.249242067337036,8.124549508094788,0.8753074407577515,9.0,7.25,8.125,0.875
qwen25_72b,52,valenced_opposite::epistemic::013,valenced_opposite,epistemic,valenced,opposite,0.8,preference_control,11.25,7.5,11.249978065490724,7.499413847923279,11.249978065490724,7.499413847923279,9.374695956707,1.875282108783722,11.25,7.5,9.375,1.875
qwen25_72b,52,valenced_opposite::epistemic::013,valenced_opposite,epistemic,valenced,opposite,1.0,preference_control,12.0,6.5,11.999985098838806,6.49846076965332,11.999985098838806,6.49846076965332,9.249222934246063,2.750762164592743,12.0,6.5,9.25,2.75
qwen25_72b,52,valenced_opposite::epistemic::014,valenced_opposite,epistemic,valenced,opposite,-1.0,preference_control,-8.25,-10.625,-8.249733567237854,-10.624974370002748,-8.249733567237854,-10.624974370002748,-9.4373539686203,1.1876204013824463,-8.25,-10.625,-9.4375,1.1875
qwen25_72b,52,valenced_opposite::epistemic::014,valenced_opposite,epistemic,valenced,opposite,-0.8,preference_control,-9.125,-11.625,-9.124890089035034,-11.624990820884705,-9.124890089035034,-11.624990820884705,-10.37494045495987,1.2500503659248352,-9.125,-11.625,-10.375,1.25
qwen25_72b,52,valenced_opposite::epistemic::014,valenced_opposite,epistemic,valenced,opposite,-0.6,preference_control,-9.75,-12.25,-9.74994134902954,-12.249995231628418,-9.74994134902954,-12.249995231628418,-10.99996829032898,1.2500269412994385,-9.75,-12.25,-11.0,1.25
qwen25_72b,52,valenced_opposite::epistemic::014,valenced_opposite,epistemic,valenced,opposite,-0.4,preference_control,-10.125,-12.375,-10.12495982646942,-12.374995827674866,-10.12495982646942,-12.374995827674866,-11.249977827072144,1.1250180006027222,-10.125,-12.375,-11.25,1.125
qwen25_72b,52,valenced_opposite::epistemic::014,valenced_opposite,epistemic,valenced,opposite,-0.2,preference_control,-9.5,-11.375,-9.499925136566162,-11.374988317489624,-9.499925136566162,-11.374988317489624,-10.437456727027891,0.937531590461731,-9.5,-11.375,-10.4375,0.9375
qwen25_72b,52,valenced_opposite::epistemic::014,valenced_opposite,epistemic,valenced,opposite,0.0,preference_control,-8.25,-10.0,-8.249738693237305,-9.999954462051392,-8.249738693237305,-9.999954462051392,-9.124846577644348,0.8751078844070435,-8.25,-10.0,-9.125,0.875
qwen25_72b,52,valenced_opposite::epistemic::014,valenced_opposite,epistemic,valenced,opposite,0.2,preference_control,-5.25,-7.25,-5.24475085735321,-7.249290227890015,-5.24475085735321,-7.249290227890015,-6.2470205426216125,1.002269685268402,-5.25,-7.25,-6.25,1.0
qwen25_72b,52,valenced_opposite::epistemic::014,valenced_opposite,epistemic,valenced,opposite,0.4,preference_control,-1.25,-3.75,-1.248046875,-3.7424315214157104,-1.248046875,-3.7424315214157104,-2.4952391982078552,1.2471923232078552,-1.25,-3.75,-2.5,1.25
qwen25_72b,52,valenced_opposite::epistemic::014,valenced_opposite,epistemic,valenced,opposite,0.6,preference_control,2.0,-0.75,1.998046875,-0.75390625,1.998046875,-0.75390625,0.6220703125,1.3759765625,2.0,-0.75,0.625,1.375
qwen25_72b,52,valenced_opposite::epistemic::014,valenced_opposite,epistemic,valenced,opposite,0.8,preference_control,5.0,2.0,4.9932861328125,1.998046875,4.9932861328125,1.998046875,3.49566650390625,1.49761962890625,5.0,2.0,3.5,1.5
qwen25_72b,52,valenced_opposite::epistemic::014,valenced_opposite,epistemic,valenced,opposite,1.0,preference_control,7.5,3.25,7.499446868896484,3.2431640625,7.499446868896484,3.2431640625,5.371305465698242,2.128141403198242,7.5,3.25,5.375,2.125
qwen25_72b,52,valenced_opposite::epistemic::015,valenced_opposite,epistemic,valenced,opposite,-1.0,preference_control,-12.25,-10.625,-12.249966382980348,-10.624951958656313,-12.249966382980348,-10.624951958656313,-11.437459170818329,-0.8125072121620178,-12.25,-10.625,-11.4375,-0.8125
qwen25_72b,52,valenced_opposite::epistemic::015,valenced_opposite,epistemic,valenced,opposite,-0.8,preference_control,-13.0,-11.25,-12.999988317489624,-11.24997365474701,-12.999988317489624,-11.24997365474701,-12.124980986118317,-0.8750073313713074,-13.0,-11.25,-12.125,-0.875
qwen25_72b,52,valenced_opposite::epistemic::015,valenced_opposite,epistemic,valenced,opposite,-0.6,preference_control,-13.5,-11.125,-13.499994397163391,-11.12497580051422,-13.499994397163391,-11.12497580051422,-12.312485098838806,-1.187509298324585,-13.5,-11.125,-12.3125,-1.1875
qwen25_72b,52,valenced_opposite::epistemic::015,valenced_opposite,epistemic,valenced,opposite,-0.4,preference_control,-13.0,-10.875,-12.99999475479126,-10.87497341632843,-12.99999475479126,-10.87497341632843,-11.937484085559843,-1.0625106692314148,-13.0,-10.875,-11.9375,-1.0625
qwen25_72b,52,valenced_opposite::epistemic::015,valenced_opposite,epistemic,valenced,opposite,-0.2,preference_control,-12.25,-9.875,-12.249992370605469,-9.874940037727356,-12.249992370605469,-9.874940037727356,-11.062466204166412,-1.1875261664390564,-12.25,-9.875,-11.0625,-1.1875
qwen25_72b,52,valenced_opposite::epistemic::015,valenced_opposite,epistemic,valenced,opposite,0.0,preference_control,-10.25,-8.375,-10.24996042251587,-8.374757885932922,-10.24996042251587,-8.374757885932922,-9.312359154224396,-0.9376012682914734,-10.25,-8.375,-9.3125,-0.9375
qwen25_72b,52,valenced_opposite::epistemic::015,valenced_opposite,epistemic,valenced,opposite,0.2,preference_control,-5.75,-6.375,-5.746809363365173,-6.373289227485657,-5.746809363365173,-6.373289227485657,-6.060049295425415,0.3132399320602417,-5.75,-6.375,-6.0625,0.3125
qwen25_72b,52,valenced_opposite::epistemic::015,valenced_opposite,epistemic,valenced,opposite,0.4,preference_control,-1.25,-4.125,-1.2480454444885254,-4.1402575969696045,-1.2480454444885254,-4.1402575969696045,-2.694151520729065,1.4461060762405396,-1.25,-4.125,-2.6875,1.4375
qwen25_72b,52,valenced_opposite::epistemic::015,valenced_opposite,epistemic,valenced,opposite,0.6,preference_control,2.25,-2.625,2.2436532974243164,-2.617675304412842,2.2436532974243164,-2.617675304412842,-0.1870110034942627,2.430664300918579,2.25,-2.625,-0.1875,2.4375
qwen25_72b,52,valenced_opposite::epistemic::015,valenced_opposite,epistemic,valenced,opposite,0.8,preference_control,5.0,-1.5,4.993256211280823,-1.501952886581421,4.993256211280823,-1.501952886581421,1.745651662349701,3.247604548931122,5.0,-1.5,1.75,3.25
qwen25_72b,52,valenced_opposite::epistemic::015,valenced_opposite,epistemic,valenced,opposite,1.0,preference_control,6.75,-1.25,6.748810410499573,-1.2480467557907104,6.748810410499573,-1.2480467557907104,2.750381827354431,3.9984285831451416,6.75,-1.25,2.75,4.0
qwen25_72b,52,valenced_opposite::epistemic::016,valenced_opposite,epistemic,valenced,opposite,-1.0,preference_control,-10.5,-7.5,-10.49989366531372,-7.499439239501953,-10.49989366531372,-7.499439239501953,-8.999666452407837,-1.5002272129058838,-10.5,-7.5,-9.0,-1.5
qwen25_72b,52,valenced_opposite::epistemic::016,valenced_opposite,epistemic,valenced,opposite,-0.8,preference_control,-11.5,-7.875,-11.499932289123535,-7.874610900878906,-11.499932289123535,-7.874610900878906,-9.68727159500122,-1.8126606941223145,-11.5,-7.875,-9.6875,-1.8125
qwen25_72b,52,valenced_opposite::epistemic::016,valenced_opposite,epistemic,valenced,opposite,-0.6,preference_control,-11.75,-8.5,-11.7499361038208,-8.499789237976074,-11.7499361038208,-8.499789237976074,-10.124862670898438,-1.6250734329223633,-11.75,-8.5,-10.125,-1.625
qwen25_72b,52,valenced_opposite::epistemic::016,valenced_opposite,epistemic,valenced,opposite,-0.4,preference_control,-11.375,-8.75,-11.374944925308228,-8.749835014343262,-11.374944925308228,-8.749835014343262,-10.062389969825745,-1.312554955482483,-11.375,-8.75,-10.0625,-1.3125
qwen25_72b,52,valenced_opposite::epistemic::016,valenced_opposite,epistemic,valenced,opposite,-0.2,preference_control,-10.25,-8.0,-10.249921798706056,-7.999654769897461,-10.249921798706056,-7.999654769897461,-9.124788284301758,-1.1251335144042969,-10.25,-8.0,-9.125,-1.125
qwen25_72b,52,valenced_opposite::epistemic::016,valenced_opposite,epistemic,valenced,opposite,0.0,preference_control,-8.5,-7.125,-8.49975872039795,-7.124183535575867,-8.49975872039795,-7.124183535575867,-7.811971127986908,-0.6877875924110413,-8.5,-7.125,-7.8125,-0.6875
qwen25_72b,52,valenced_opposite::epistemic::016,valenced_opposite,epistemic,valenced,opposite,0.2,preference_control,-4.625,-4.75,-4.615234375,-4.7413939237594604,-4.615234375,-4.7413939237594604,-4.67831414937973,0.0630797743797302,-4.625,-4.75,-4.6875,0.0625
qwen25_72b,52,valenced_opposite::epistemic::016,valenced_opposite,epistemic,valenced,opposite,0.4,preference_control,0.25,-1.5,0.2500001192092895,-1.5019530057907104,0.2500001192092895,-1.5019530057907104,-0.6259764432907104,0.8759765625,0.25,-1.5,-0.625,0.875
qwen25_72b,52,valenced_opposite::epistemic::016,valenced_opposite,epistemic,valenced,opposite,0.6,preference_control,3.5,2.0,3.5014649629592896,1.998047113418579,3.5014649629592896,1.998047113418579,2.7497560381889343,0.7517089247703552,3.5,2.0,2.75,0.75
qwen25_72b,52,valenced_opposite::epistemic::016,valenced_opposite,epistemic,valenced,opposite,0.8,preference_control,5.75,4.375,5.746811032295227,4.362488031387329,5.746811032295227,4.362488031387329,5.054649531841278,0.692161500453949,5.75,4.375,5.0625,0.6875
qwen25_72b,52,valenced_opposite::epistemic::016,valenced_opposite,epistemic,valenced,opposite,1.0,preference_control,7.75,6.0,7.749565362930298,5.997513175010681,7.749565362930298,5.997513175010681,6.8735392689704895,0.8760260939598083,7.75,6.0,6.875,0.875
qwen25_72b,52,valenced_opposite::epistemic::017,valenced_opposite,epistemic,valenced,opposite,-1.0,preference_control,-14.375,-9.875,-14.373947143554688,-9.873519897460938,-14.373947143554688,-9.873519897460938,-12.123733520507812,-2.250213623046875,-14.375,-9.875,-12.125,-2.25
qwen25_72b,52,valenced_opposite::epistemic::017,valenced_opposite,epistemic,valenced,opposite,-0.8,preference_control,-15.5,-11.25,-15.499547958374023,-11.249244689941406,-15.499547958374023,-11.249244689941406,-13.374396324157717,-2.1251516342163086,-15.5,-11.25,-13.375,-2.125
qwen25_72b,52,valenced_opposite::epistemic::017,valenced_opposite,epistemic,valenced,opposite,-0.6,preference_control,-16.0,-12.0,-15.999626159667969,-11.999595642089844,-15.999626159667969,-11.999595642089844,-13.999610900878906,-2.0000152587890625,-16.0,-12.0,-14.0,-2.0
qwen25_72b,52,valenced_opposite::epistemic::017,valenced_opposite,epistemic,valenced,opposite,-0.4,preference_control,-15.625,-12.75,-15.62466049194336,-12.749715805053713,-15.62466049194336,-12.749715805053713,-14.187188148498535,-1.4374723434448242,-15.625,-12.75,-14.1875,-1.4375
qwen25_72b,52,valenced_opposite::epistemic::017,valenced_opposite,epistemic,valenced,opposite,-0.2,preference_control,-14.625,-11.375,-14.624711990356444,-11.374715805053713,-14.624711990356444,-11.374715805053713,-12.999713897705078,-1.6249980926513672,-14.625,-11.375,-13.0,-1.625
qwen25_72b,52,valenced_opposite::epistemic::017,valenced_opposite,epistemic,valenced,opposite,0.0,preference_control,-12.0,-8.375,-11.999666213989258,-8.37445068359375,-11.999666213989258,-8.37445068359375,-10.187058448791504,-1.812607765197754,-12.0,-8.375,-10.1875,-1.8125
qwen25_72b,52,valenced_opposite::epistemic::017,valenced_opposite,epistemic,valenced,opposite,0.2,preference_control,-7.25,-3.75,-7.24896240234375,-3.757568359375,-7.24896240234375,-3.757568359375,-5.503265380859375,-1.745697021484375,-7.25,-3.75,-5.5,-1.75
qwen25_72b,52,valenced_opposite::epistemic::017,valenced_opposite,epistemic,valenced,opposite,0.4,preference_control,-1.5,2.0,-1.5009765625,1.998046875,-1.5009765625,1.998046875,0.24853515625,-1.74951171875,-1.5,2.0,0.25,-1.75
qwen25_72b,52,valenced_opposite::epistemic::017,valenced_opposite,epistemic,valenced,opposite,0.6,preference_control,4.25,7.625,4.23583984375,7.624507904052734,4.23583984375,7.624507904052734,5.930173873901367,-1.6943340301513672,4.25,7.625,5.9375,-1.6875
qwen25_72b,52,valenced_opposite::epistemic::017,valenced_opposite,epistemic,valenced,opposite,0.8,preference_control,10.0,11.625,9.999953985214232,11.624989986419678,9.999953985214232,11.624989986419678,10.812471985816956,-0.8125180006027222,10.0,11.625,10.8125,-0.8125
qwen25_72b,52,valenced_opposite::epistemic::017,valenced_opposite,epistemic,valenced,opposite,1.0,preference_control,15.75,13.5,15.749999642372131,13.499998092651367,15.749999642372131,13.499998092651367,14.62499886751175,1.125000774860382,15.75,13.5,14.625,1.125
qwen25_72b,52,valenced_opposite::epistemic::018,valenced_opposite,epistemic,valenced,opposite,-1.0,preference_control,-11.75,-3.625,-11.76799190044403,-3.626954674720764,-11.76799190044403,-3.626954674720764,-7.697473287582397,-4.070518612861633,-11.75,-3.625,-7.6875,-4.0625
qwen25_72b,52,valenced_opposite::epistemic::018,valenced_opposite,epistemic,valenced,opposite,-0.8,preference_control,-12.625,-4.0,-12.633520245552065,-4.006836295127869,-12.633520245552065,-4.006836295127869,-8.320178270339966,-4.313341975212097,-12.625,-4.0,-8.3125,-4.3125
qwen25_72b,52,valenced_opposite::epistemic::018,valenced_opposite,epistemic,valenced,opposite,-0.6,preference_control,-13.0,-3.75,-13.00242280960083,-3.7421875,-13.00242280960083,-3.7421875,-8.372305154800415,-4.630117654800415,-13.0,-3.75,-8.375,-4.625
qwen25_72b,52,valenced_opposite::epistemic::018,valenced_opposite,epistemic,valenced,opposite,-0.4,preference_control,-12.125,-2.875,-12.125863552093506,-2.8759764432907104,-12.125863552093506,-2.8759764432907104,-7.500919997692108,-4.624943554401398,-12.125,-2.875,-7.5,-4.625
qwen25_72b,52,valenced_opposite::epistemic::018,valenced_opposite,epistemic,valenced,opposite,-0.2,preference_control,-10.5,-1.25,-10.500165939331056,-1.2480467557907104,-10.500165939331056,-1.2480467557907104,-5.874106347560883,-4.626059591770172,-10.5,-1.25,-5.875,-4.625
qwen25_72b,52,valenced_opposite::epistemic::018,valenced_opposite,epistemic,valenced,opposite,0.0,preference_control,-7.5,1.0,-7.4994423389434814,0.9980469942092896,-7.4994423389434814,0.9980469942092896,-3.250697672367096,-4.2487446665763855,-7.5,1.0,-3.25,-4.25
qwen25_72b,52,valenced_opposite::epistemic::018,valenced_opposite,epistemic,valenced,opposite,0.2,preference_control,-2.0,3.125,-1.998051404953003,3.1235352754592896,-1.998051404953003,3.1235352754592896,0.5627419352531433,-2.5607933402061462,-2.0,3.125,0.5625,-2.5625
qwen25_72b,52,valenced_opposite::epistemic::018,valenced_opposite,epistemic,valenced,opposite,0.4,preference_control,2.75,5.25,2.75048828125,5.2650147676467896,2.75048828125,5.2650147676467896,4.007751524448395,-1.2572632431983948,2.75,5.25,4.0,-1.25
qwen25_72b,52,valenced_opposite::epistemic::018,valenced_opposite,epistemic,valenced,opposite,0.6,preference_control,6.0,7.5,5.997513055801392,7.496963620185852,5.997513055801392,7.496963620185852,6.747238337993622,-0.7497252821922302,6.0,7.5,6.75,-0.75
qwen25_72b,52,valenced_opposite::epistemic::018,valenced_opposite,epistemic,valenced,opposite,0.8,preference_control,8.0,8.5,7.999656915664673,8.498626828193665,7.999656915664673,8.498626828193665,8.249141871929169,-0.2494849562644958,8.0,8.5,8.25,-0.25
qwen25_72b,52,valenced_opposite::epistemic::018,valenced_opposite,epistemic,valenced,opposite,1.0,preference_control,9.75,9.0,9.749934315681458,8.999324917793274,9.749934315681458,8.999324917793274,9.374629616737366,0.3753046989440918,9.75,9.0,9.375,0.375
qwen25_72b,52,valenced_opposite::epistemic::019,valenced_opposite,epistemic,valenced,opposite,-1.0,preference_control,-7.625,-4.875,-7.6254881620407104,-4.8808592557907104,-7.6254881620407104,-4.8808592557907104,-6.2531737089157104,-1.372314453125,-7.625,-4.875,-6.25,-1.375
qwen25_72b,52,valenced_opposite::epistemic::019,valenced_opposite,epistemic,valenced,opposite,-0.8,preference_control,-8.125,-5.25,-8.11267077922821,-5.2529295682907104,-8.11267077922821,-5.2529295682907104,-6.6828001737594604,-1.42987060546875,-8.125,-5.25,-6.6875,-1.4375
qwen25_72b,52,valenced_opposite::epistemic::019,valenced_opposite,epistemic,valenced,opposite,-0.6,preference_control,-8.125,-5.375,-8.119049072265625,-5.360107421875,-8.119049072265625,-5.360107421875,-6.7395782470703125,-1.3794708251953125,-8.125,-5.375,-6.75,-1.375
qwen25_72b,52,valenced_opposite::epistemic::019,valenced_opposite,epistemic,valenced,opposite,-0.4,preference_control,-7.625,-4.875,-7.620819091796875,-4.8698729276657104,-7.620819091796875,-4.8698729276657104,-6.245346009731293,-1.3754730820655825,-7.625,-4.875,-6.25,-1.375
qwen25_72b,52,valenced_opposite::epistemic::019,valenced_opposite,epistemic,valenced,opposite,-0.2,preference_control,-6.75,-3.875,-6.7464752197265625,-3.87890625,-6.7464752197265625,-3.87890625,-5.312690734863281,-1.4337844848632812,-6.75,-3.875,-5.3125,-1.4375
qwen25_72b,52,valenced_opposite::epistemic::019,valenced_opposite,epistemic,valenced,opposite,0.0,preference_control,-5.125,-2.25,-5.11688232421875,-2.248046875,-5.11688232421875,-2.248046875,-3.682464599609375,-1.434417724609375,-5.125,-2.25,-3.6875,-1.4375
qwen25_72b,52,valenced_opposite::epistemic::019,valenced_opposite,epistemic,valenced,opposite,0.2,preference_control,-1.125,0.375,-1.123046875,0.375,-1.123046875,0.375,-0.3740234375,-0.7490234375,-1.125,0.375,-0.375,-0.75
qwen25_72b,52,valenced_opposite::epistemic::019,valenced_opposite,epistemic,valenced,opposite,0.4,preference_control,4.125,3.125,4.1400146484375,3.126953125,4.1400146484375,3.126953125,3.63348388671875,0.50653076171875,4.125,3.125,3.625,0.5
qwen25_72b,52,valenced_opposite::epistemic::019,valenced_opposite,epistemic,valenced,opposite,0.6,preference_control,10.0,5.5,9.999921321868896,5.4957275390625,9.999921321868896,5.4957275390625,7.747824430465698,2.2520968914031982,10.0,5.5,7.75,2.25
qwen25_72b,52,valenced_opposite::epistemic::019,valenced_opposite,epistemic,valenced,opposite,0.8,preference_control,15.125,7.75,15.124983191490172,7.749488830566406,15.124983191490172,7.749488830566406,11.43723601102829,3.687747180461884,15.125,7.75,11.4375,3.6875
qwen25_72b,52,valenced_opposite::epistemic::019,valenced_opposite,epistemic,valenced,opposite,1.0,preference_control,16.75,9.375,16.749985098838806,9.37487816810608,16.749985098838806,9.37487816810608,13.062431633472444,3.687553465366364,16.75,9.375,13.0625,3.6875
qwen25_72b,52,valenced_opposite::utilitarian::000,valenced_opposite,utilitarian,valenced,opposite,-1.0,preference_control,-11.375,-14.375,-11.124217867851256,-14.374545335769652,-11.124217867851256,-14.374545335769652,-12.749381601810455,1.625163733959198,-11.375,-14.375,-12.875,1.5
qwen25_72b,52,valenced_opposite::utilitarian::000,valenced_opposite,utilitarian,valenced,opposite,-0.8,preference_control,-11.875,-15.375,-11.874755263328552,-15.249858617782593,-11.874755263328552,-15.249858617782593,-13.562306940555573,1.6875516772270205,-11.875,-15.375,-13.625,1.75
qwen25_72b,52,valenced_opposite::utilitarian::000,valenced_opposite,utilitarian,valenced,opposite,-0.6,preference_control,-11.75,-15.75,-11.499860763549805,-15.874951601028442,-11.499860763549805,-15.874951601028442,-13.687406182289124,2.187545418739319,-11.75,-15.75,-13.75,2.0
qwen25_72b,52,valenced_opposite::utilitarian::000,valenced_opposite,utilitarian,valenced,opposite,-0.4,preference_control,-10.875,-15.75,-11.124913573265076,-15.624979853630066,-11.124913573265076,-15.624979853630066,-13.37494671344757,2.250033140182495,-10.875,-15.75,-13.3125,2.4375
qwen25_72b,52,valenced_opposite::utilitarian::000,valenced_opposite,utilitarian,valenced,opposite,-0.2,preference_control,-9.25,-14.25,-9.124811887741089,-14.37498426437378,-9.124811887741089,-14.37498426437378,-11.749898076057434,2.625086188316345,-9.25,-14.25,-11.75,2.5
qwen25_72b,52,valenced_opposite::utilitarian::000,valenced_opposite,utilitarian,valenced,opposite,0.0,preference_control,-6.0,-11.75,-6.247989058494568,-11.49997103214264,-6.247989058494568,-11.49997103214264,-8.873980045318604,2.625990986824036,-6.0,-11.75,-8.875,2.875
qwen25_72b,52,valenced_opposite::utilitarian::000,valenced_opposite,utilitarian,valenced,opposite,0.2,preference_control,0.0,-5.75,1.8596649169921875e-05,-5.7467604875564575,1.8596649169921875e-05,-5.7467604875564575,-2.873370945453644,2.8733895421028137,0.0,-5.75,-2.875,2.875
qwen25_72b,52,valenced_opposite::utilitarian::000,valenced_opposite,utilitarian,valenced,opposite,0.4,preference_control,7.5,0.5,7.624144554138184,0.5019583702087402,7.624144554138184,0.5019583702087402,4.063051462173462,3.5610930919647217,7.5,0.5,4.0,3.5
qwen25_72b,52,valenced_opposite::utilitarian::000,valenced_opposite,utilitarian,valenced,opposite,0.6,preference_control,14.25,6.125,14.24987506866455,6.3726441860198975,14.24987506866455,6.3726441860198975,10.311259627342224,3.938615441322327,14.25,6.125,10.1875,4.0625
qwen25_72b,52,valenced_opposite::utilitarian::000,valenced_opposite,utilitarian,valenced,opposite,0.8,preference_control,17.625,9.75,17.875181198120117,9.624593138694763,17.875181198120117,9.624593138694763,13.74988716840744,4.125294029712677,17.625,9.75,13.6875,3.9375
qwen25_72b,52,valenced_opposite::utilitarian::000,valenced_opposite,utilitarian,valenced,opposite,1.0,preference_control,18.625,10.625,18.751543045043945,10.749722719192505,18.751543045043945,10.749722719192505,14.750632882118223,4.00091016292572,18.625,10.625,14.625,4.0
qwen25_72b,52,valenced_opposite::utilitarian::001,valenced_opposite,utilitarian,valenced,opposite,-1.0,preference_control,-6.875,-3.125,-6.861816644668579,-3.1406251192092896,-6.861816644668579,-3.1406251192092896,-5.001220881938934,-1.8605957627296448,-6.875,-3.125,-5.0,-1.875
qwen25_72b,52,valenced_opposite::utilitarian::001,valenced_opposite,utilitarian,valenced,opposite,-0.8,preference_control,-6.625,-3.25,-6.627685785293579,-3.2500001192092896,-6.627685785293579,-3.2500001192092896,-4.938842952251434,-1.6888428330421448,-6.625,-3.25,-4.9375,-1.6875
qwen25_72b,52,valenced_opposite::utilitarian::001,valenced_opposite,utilitarian,valenced,opposite,-0.6,preference_control,-5.375,-3.0,-5.364990472793579,-3.0000001192092896,-5.364990472793579,-3.0000001192092896,-4.182495296001434,-1.1824951767921448,-5.375,-3.0,-4.1875,-1.1875
qwen25_72b,52,valenced_opposite::utilitarian::001,valenced_opposite,utilitarian,valenced,opposite,-0.4,preference_control,-3.75,-2.5,-3.751709222793579,-2.5019532442092896,-3.751709222793579,-2.5019532442092896,-3.1268312335014343,-0.6248779892921448,-3.75,-2.5,-3.125,-0.625
qwen25_72b,52,valenced_opposite::utilitarian::001,valenced_opposite,utilitarian,valenced,opposite,-0.2,preference_control,-1.625,-1.375,-1.6259766817092896,-1.3730469942092896,-1.6259766817092896,-1.3730469942092896,-1.4995118379592896,-0.12646484375,-1.625,-1.375,-1.5,-0.125
qwen25_72b,52,valenced_opposite::utilitarian::001,valenced_opposite,utilitarian,valenced,opposite,0.0,preference_control,0.875,0.375,0.8789061307907104,0.3789061307907104,0.8789061307907104,0.3789061307907104,0.6289061307907104,0.25,0.875,0.375,0.625,0.25
qwen25_72b,52,valenced_opposite::utilitarian::001,valenced_opposite,utilitarian,valenced,opposite,0.2,preference_control,4.75,2.5,4.7352904081344604,2.498046875,4.7352904081344604,2.498046875,3.6166686415672302,1.1186217665672302,4.75,2.5,3.625,1.125
qwen25_72b,52,valenced_opposite::utilitarian::001,valenced_opposite,utilitarian,valenced,opposite,0.4,preference_control,8.75,4.375,8.746978759765625,4.3753663301467896,8.746978759765625,4.3753663301467896,6.561172544956207,2.1858062148094177,8.75,4.375,6.5625,2.1875
qwen25_72b,52,valenced_opposite::utilitarian::001,valenced_opposite,utilitarian,valenced,opposite,0.6,preference_control,12.375,5.375,12.373031616210938,5.363464593887329,12.373031616210938,5.363464593887329,8.868248105049133,3.504783511161804,12.375,5.375,8.875,3.5
qwen25_72b,52,valenced_opposite::utilitarian::001,valenced_opposite,utilitarian,valenced,opposite,0.8,preference_control,14.25,5.5,14.24848198890686,5.492218375205994,14.24848198890686,5.492218375205994,9.870350182056429,4.378131806850433,14.25,5.5,9.875,4.375
qwen25_72b,52,valenced_opposite::utilitarian::001,valenced_opposite,utilitarian,valenced,opposite,1.0,preference_control,15.125,4.75,15.123055219650269,4.73883068561554,15.123055219650269,4.73883068561554,9.930942952632904,5.1921122670173645,15.125,4.75,9.9375,5.1875
qwen25_72b,52,valenced_opposite::utilitarian::002,valenced_opposite,utilitarian,valenced,opposite,-1.0,preference_control,-7.625,-5.75,-7.62005615234375,-5.76220703125,-7.62005615234375,-5.76220703125,-6.691131591796875,-0.928924560546875,-7.625,-5.75,-6.6875,-0.9375
qwen25_72b,52,valenced_opposite::utilitarian::002,valenced_opposite,utilitarian,valenced,opposite,-0.8,preference_control,-8.0,-6.125,-7.997421264648437,-6.114013671875,-7.997421264648437,-6.114013671875,-7.055717468261719,-0.9417037963867188,-8.0,-6.125,-7.0625,-0.9375
qwen25_72b,52,valenced_opposite::utilitarian::002,valenced_opposite,utilitarian,valenced,opposite,-0.6,preference_control,-7.875,-6.625,-7.873603820800781,-6.6199951171875,-7.873603820800781,-6.6199951171875,-7.246799468994141,-0.6268043518066406,-7.875,-6.625,-7.25,-0.625
qwen25_72b,52,valenced_opposite::utilitarian::002,valenced_opposite,utilitarian,valenced,opposite,-0.4,preference_control,-7.25,-6.75,-7.248542785644531,-6.7470245361328125,-7.248542785644531,-6.7470245361328125,-6.997783660888672,-0.2507591247558594,-7.25,-6.75,-7.0,-0.25
qwen25_72b,52,valenced_opposite::utilitarian::002,valenced_opposite,utilitarian,valenced,opposite,-0.2,preference_control,-6.5,-5.75,-6.4980010986328125,-5.74530029296875,-6.4980010986328125,-5.74530029296875,-6.121650695800781,-0.3763504028320312,-6.5,-5.75,-6.125,-0.375
qwen25_72b,52,valenced_opposite::utilitarian::002,valenced_opposite,utilitarian,valenced,opposite,0.0,preference_control,-4.625,-4.125,-4.61474609375,-4.1387939453125,-4.61474609375,-4.1387939453125,-4.37677001953125,-0.23797607421875,-4.625,-4.125,-4.375,-0.25
qwen25_72b,52,valenced_opposite::utilitarian::002,valenced_opposite,utilitarian,valenced,opposite,0.2,preference_control,-1.25,-0.125,-1.248046875,-0.125,-1.248046875,-0.125,-0.6865234375,-0.5615234375,-1.25,-0.125,-0.6875,-0.5625
qwen25_72b,52,valenced_opposite::utilitarian::002,valenced_opposite,utilitarian,valenced,opposite,0.4,preference_control,2.875,3.5,2.881591796875,3.499267578125,2.881591796875,3.499267578125,3.1904296875,-0.308837890625,2.875,3.5,3.1875,-0.3125
qwen25_72b,52,valenced_opposite::utilitarian::002,valenced_opposite,utilitarian,valenced,opposite,0.6,preference_control,6.5,5.5,6.4979400634765625,5.494598388671875,6.4979400634765625,5.494598388671875,5.996269226074219,0.5016708374023438,6.5,5.5,6.0,0.5
qwen25_72b,52,valenced_opposite::utilitarian::002,valenced_opposite,utilitarian,valenced,opposite,0.8,preference_control,9.625,6.5,9.624597549438477,6.497573852539063,9.624597549438477,6.497573852539063,8.06108570098877,1.563511848449707,9.625,6.5,8.0625,1.5625
qwen25_72b,52,valenced_opposite::utilitarian::002,valenced_opposite,utilitarian,valenced,opposite,1.0,preference_control,12.25,6.625,12.24961280822754,6.62286376953125,12.24961280822754,6.62286376953125,9.436238288879396,2.8133745193481445,12.25,6.625,9.4375,2.8125
qwen25_72b,52,valenced_opposite::utilitarian::003,valenced_opposite,utilitarian,valenced,opposite,-1.0,preference_control,-8.625,-11.875,-8.62145984172821,-11.873619198799132,-8.62145984172821,-11.873619198799132,-10.247539520263672,1.6260796785354614,-8.625,-11.875,-10.25,1.625
qwen25_72b,52,valenced_opposite::utilitarian::003,valenced_opposite,utilitarian,valenced,opposite,-0.8,preference_control,-9.0,-12.0,-8.998573184013367,-11.998908996582031,-8.998573184013367,-11.998908996582031,-10.4987410902977,1.5001679062843325,-9.0,-12.0,-10.5,1.5
qwen25_72b,52,valenced_opposite::utilitarian::003,valenced_opposite,utilitarian,valenced,opposite,-0.6,preference_control,-8.625,-11.875,-8.624221801757812,-11.87442398071289,-8.624221801757812,-11.87442398071289,-10.249322891235352,1.625101089477539,-8.625,-11.875,-10.25,1.625
qwen25_72b,52,valenced_opposite::utilitarian::003,valenced_opposite,utilitarian,valenced,opposite,-0.4,preference_control,-7.5,-10.25,-7.499000549316406,-10.24942398071289,-7.499000549316406,-10.24942398071289,-8.874212265014648,1.3752117156982422,-7.5,-10.25,-8.875,1.375
qwen25_72b,52,valenced_opposite::utilitarian::003,valenced_opposite,utilitarian,valenced,opposite,-0.2,preference_control,-5.75,-7.375,-5.746261596679688,-7.373374938964844,-5.746261596679688,-7.373374938964844,-6.559818267822266,0.8135566711425781,-5.75,-7.375,-6.5625,0.8125
qwen25_72b,52,valenced_opposite::utilitarian::003,valenced_opposite,utilitarian,valenced,opposite,0.0,preference_control,-3.375,-3.5,-3.37060546875,-3.497314453125,-3.37060546875,-3.497314453125,-3.4339599609375,0.0633544921875,-3.375,-3.5,-3.4375,0.0625
qwen25_72b,52,valenced_opposite::utilitarian::003,valenced_opposite,utilitarian,valenced,opposite,0.2,preference_control,0.0,1.0,1.1920928955078125e-07,0.998046875,1.1920928955078125e-07,0.998046875,0.4990234971046448,-0.4990233778953552,0.0,1.0,0.5,-0.5
qwen25_72b,52,valenced_opposite::utilitarian::003,valenced_opposite,utilitarian,valenced,opposite,0.4,preference_control,3.5,3.75,3.5048829317092896,3.745361328125,3.5048829317092896,3.745361328125,3.6251221299171448,-0.1202391982078552,3.5,3.75,3.625,-0.125
qwen25_72b,52,valenced_opposite::utilitarian::003,valenced_opposite,utilitarian,valenced,opposite,0.6,preference_control,6.625,5.5,6.617737054824829,5.48992931842804,6.617737054824829,5.48992931842804,6.053833186626434,0.5639038681983948,6.625,5.5,6.0625,0.5625
qwen25_72b,52,valenced_opposite::utilitarian::003,valenced_opposite,utilitarian,valenced,opposite,0.8,preference_control,9.5,6.0,9.495850086212158,5.9928895235061646,9.495850086212158,5.9928895235061646,7.744369804859161,1.7514802813529968,9.5,6.0,7.75,1.75
qwen25_72b,52,valenced_opposite::utilitarian::003,valenced_opposite,utilitarian,valenced,opposite,1.0,preference_control,11.25,6.25,11.245911121368408,6.243439197540283,11.245911121368408,6.243439197540283,8.744675159454346,2.5012359619140625,11.25,6.25,8.75,2.5
qwen25_72b,52,valenced_opposite::utilitarian::004,valenced_opposite,utilitarian,valenced,opposite,-1.0,preference_control,-4.75,-3.25,-4.739640593528748,-3.252644419670105,-4.739640593528748,-3.252644419670105,-3.9961425065994254,-0.7434980869293213,-4.75,-3.25,-4.0,-0.75
qwen25_72b,52,valenced_opposite::utilitarian::004,valenced_opposite,utilitarian,valenced,opposite,-0.8,preference_control,-5.375,-3.5,-5.370087146759033,-3.507464289665222,-5.370087146759033,-3.507464289665222,-4.438775718212128,-0.9313114285469056,-5.375,-3.5,-4.4375,-0.9375
qwen25_72b,52,valenced_opposite::utilitarian::004,valenced_opposite,utilitarian,valenced,opposite,-0.6,preference_control,-5.375,-4.0,-5.370314598083496,-4.0104416608810425,-5.370314598083496,-4.0104416608810425,-4.690378129482269,-0.6799364686012268,-5.375,-4.0,-4.6875,-0.6875
qwen25_72b,52,valenced_opposite::utilitarian::004,valenced_opposite,utilitarian,valenced,opposite,-0.4,preference_control,-5.25,-4.0,-5.2447415590286255,-4.0123642683029175,-5.2447415590286255,-4.0123642683029175,-4.628552913665772,-0.616188645362854,-5.25,-4.0,-4.625,-0.625
qwen25_72b,52,valenced_opposite::utilitarian::004,valenced_opposite,utilitarian,valenced,opposite,-0.2,preference_control,-4.5,-3.0,-4.488958358764648,-2.9978127479553223,-4.488958358764648,-2.9978127479553223,-3.743385553359986,-0.7455728054046631,-4.5,-3.0,-3.75,-0.75
qwen25_72b,52,valenced_opposite::utilitarian::004,valenced_opposite,utilitarian,valenced,opposite,0.0,preference_control,-3.0,-1.25,-2.998292326927185,-1.2480504512786863,-2.998292326927185,-1.2480504512786863,-2.123171389102936,-0.8751209378242493,-3.0,-1.25,-2.125,-0.875
qwen25_72b,52,valenced_opposite::utilitarian::004,valenced_opposite,utilitarian,valenced,opposite,0.2,preference_control,0.5,1.75,0.4980471134185791,1.7539058923721311,0.4980471134185791,1.7539058923721311,1.1259765028953552,-0.6279293894767761,0.5,1.75,1.125,-0.625
qwen25_72b,52,valenced_opposite::utilitarian::004,valenced_opposite,utilitarian,valenced,opposite,0.4,preference_control,4.25,5.25,4.235840320587158,5.244751334190369,4.235840320587158,5.244751334190369,4.740295827388763,-0.5044555068016052,4.25,5.25,4.75,-0.5
qwen25_72b,52,valenced_opposite::utilitarian::004,valenced_opposite,utilitarian,valenced,opposite,0.6,preference_control,8.625,8.25,8.624820470809937,8.24973750114441,8.624820470809937,8.24973750114441,8.437278985977173,0.1875414848327636,8.625,8.25,8.4375,0.1875
qwen25_72b,52,valenced_opposite::utilitarian::004,valenced_opposite,utilitarian,valenced,opposite,0.8,preference_control,13.75,10.0,13.750000476837158,9.99995458126068,13.750000476837158,9.99995458126068,11.87497752904892,1.8750229477882383,13.75,10.0,11.875,1.875
qwen25_72b,52,valenced_opposite::utilitarian::004,valenced_opposite,utilitarian,valenced,opposite,1.0,preference_control,16.5,10.25,16.500003695487976,10.24996554851532,16.500003695487976,10.24996554851532,13.374984622001648,3.125019073486328,16.5,10.25,13.375,3.125
qwen25_72b,52,valenced_opposite::utilitarian::005,valenced_opposite,utilitarian,valenced,opposite,-1.0,preference_control,-8.375,-10.5,-8.249181151390076,-10.49963104724884,-8.249181151390076,-10.49963104724884,-9.374406099319458,1.1252249479293823,-8.375,-10.5,-9.4375,1.0625
qwen25_72b,52,valenced_opposite::utilitarian::005,valenced_opposite,utilitarian,valenced,opposite,-0.8,preference_control,-8.625,-11.0,-8.374550104141235,-10.999834299087524,-8.374550104141235,-10.999834299087524,-9.68719220161438,1.3126420974731443,-8.625,-11.0,-9.8125,1.1875
qwen25_72b,52,valenced_opposite::utilitarian::005,valenced_opposite,utilitarian,valenced,opposite,-0.6,preference_control,-8.125,-11.75,-7.874502778053284,-11.74995481967926,-7.874502778053284,-11.74995481967926,-9.812228798866272,1.9377260208129885,-8.125,-11.75,-9.9375,1.8125
qwen25_72b,52,valenced_opposite::utilitarian::005,valenced_opposite,utilitarian,valenced,opposite,-0.4,preference_control,-7.25,-11.75,-6.999006152153015,-11.49996817111969,-6.999006152153015,-11.49996817111969,-9.249487161636353,2.2504810094833374,-7.25,-11.75,-9.5,2.25
qwen25_72b,52,valenced_opposite::utilitarian::005,valenced_opposite,utilitarian,valenced,opposite,-0.2,preference_control,-5.125,-10.5,-5.11890721321106,-10.624961733818054,-5.11890721321106,-10.624961733818054,-7.871934473514557,2.7530272603034973,-5.125,-10.5,-7.8125,2.6875
qwen25_72b,52,valenced_opposite::utilitarian::005,valenced_opposite,utilitarian,valenced,opposite,0.0,preference_control,-2.125,-8.125,-2.242655873298645,-7.999632954597473,-2.242655873298645,-7.999632954597473,-5.121144413948059,2.878488540649414,-2.125,-8.125,-5.125,3.0
qwen25_72b,52,valenced_opposite::utilitarian::005,valenced_opposite,utilitarian,valenced,opposite,0.2,preference_control,2.375,-3.25,2.375508666038513,-3.242428660392761,2.375508666038513,-3.242428660392761,-0.433459997177124,2.808968663215637,2.375,-3.25,-0.4375,2.8125
qwen25_72b,52,valenced_opposite::utilitarian::005,valenced_opposite,utilitarian,valenced,opposite,0.4,preference_control,8.0,1.75,7.621328115463257,1.50097918510437,7.621328115463257,1.50097918510437,4.5611536502838135,3.060174465179444,8.0,1.75,4.875,3.125
qwen25_72b,52,valenced_opposite::utilitarian::005,valenced_opposite,utilitarian,valenced,opposite,0.6,preference_control,12.625,5.375,13.122613906860352,5.739994287490845,13.122613906860352,5.739994287490845,9.431304097175598,3.6913098096847534,12.625,5.375,9.0,3.625
qwen25_72b,52,valenced_opposite::utilitarian::005,valenced_opposite,utilitarian,valenced,opposite,0.8,preference_control,15.125,7.875,15.121414184570312,7.991949319839477,15.121414184570312,7.991949319839477,11.556681752204897,3.564732432365417,15.125,7.875,11.5,3.625
qwen25_72b,52,valenced_opposite::utilitarian::005,valenced_opposite,utilitarian,valenced,opposite,1.0,preference_control,15.25,8.75,15.37057876586914,8.863715648651123,15.37057876586914,8.863715648651123,12.117147207260132,3.253431558609009,15.25,8.75,12.0,3.25
qwen25_72b,52,valenced_opposite::utilitarian::006,valenced_opposite,utilitarian,valenced,opposite,-1.0,preference_control,-12.0,-5.25,-11.99816870689392,-5.258909463882446,-11.99816870689392,-5.258909463882446,-8.628539085388184,-3.3696296215057373,-12.0,-5.25,-8.625,-3.375
qwen25_72b,52,valenced_opposite::utilitarian::006,valenced_opposite,utilitarian,valenced,opposite,-0.8,preference_control,-12.375,-5.5,-12.374536275863647,-5.489073753356934,-12.374536275863647,-5.489073753356934,-8.93180501461029,-3.442731261253357,-12.375,-5.5,-8.9375,-3.4375
qwen25_72b,52,valenced_opposite::utilitarian::006,valenced_opposite,utilitarian,valenced,opposite,-0.6,preference_control,-12.0,-5.75,-11.999894380569458,-5.744780898094177,-11.999894380569458,-5.744780898094177,-8.872337639331818,-3.1275567412376404,-12.0,-5.75,-8.875,-3.125
qwen25_72b,52,valenced_opposite::utilitarian::006,valenced_opposite,utilitarian,valenced,opposite,-0.4,preference_control,-10.875,-5.875,-10.874944686889648,-5.871474862098694,-10.874944686889648,-5.871474862098694,-8.373209774494171,-2.5017349123954773,-10.875,-5.875,-8.375,-2.5
qwen25_72b,52,valenced_opposite::utilitarian::006,valenced_opposite,utilitarian,valenced,opposite,-0.2,preference_control,-8.875,-5.625,-8.874840378761292,-5.621032357215881,-8.874840378761292,-5.621032357215881,-7.247936367988586,-1.626904010772705,-8.875,-5.625,-7.25,-1.625
qwen25_72b,52,valenced_opposite::utilitarian::006,valenced_opposite,utilitarian,valenced,opposite,0.0,preference_control,-6.125,-4.75,-6.122787117958069,-4.741088390350342,-6.122787117958069,-4.741088390350342,-5.431937754154205,-0.6908493638038635,-6.125,-4.75,-5.4375,-0.6875
qwen25_72b,52,valenced_opposite::utilitarian::006,valenced_opposite,utilitarian,valenced,opposite,0.2,preference_control,-1.5,-2.5,-1.5009759664535522,-2.498534083366394,-1.5009759664535522,-2.498534083366394,-1.9997550249099727,0.4987790584564209,-1.5,-2.5,-2.0,0.5
qwen25_72b,52,valenced_opposite::utilitarian::006,valenced_opposite,utilitarian,valenced,opposite,0.4,preference_control,2.0,-0.25,1.998047471046448,-0.2499985694885254,1.998047471046448,-0.2499985694885254,0.8740244507789612,1.1240230202674866,2.0,-0.25,0.875,1.125
qwen25_72b,52,valenced_opposite::utilitarian::006,valenced_opposite,utilitarian,valenced,opposite,0.6,preference_control,4.0,1.25,4.012817978858948,1.2480486631393433,4.012817978858948,1.2480486631393433,2.630433320999145,1.3823846578598022,4.0,1.25,2.625,1.375
qwen25_72b,52,valenced_opposite::utilitarian::006,valenced_opposite,utilitarian,valenced,opposite,0.8,preference_control,6.0,2.0,5.997314810752869,1.9980480670928955,5.997314810752869,1.9980480670928955,3.997681438922882,1.9996333718299864,6.0,2.0,4.0,2.0
qwen25_72b,52,valenced_opposite::utilitarian::006,valenced_opposite,utilitarian,valenced,opposite,1.0,preference_control,7.0,1.25,6.998810291290283,1.2480475902557373,6.998810291290283,1.2480475902557373,4.12342894077301,2.875381350517273,7.0,1.25,4.125,2.875
qwen25_72b,52,valenced_opposite::utilitarian::007,valenced_opposite,utilitarian,valenced,opposite,-1.0,preference_control,-6.875,-6.0,-6.873622179031372,-5.996940851211548,-6.873622179031372,-5.996940851211548,-6.43528151512146,-0.4383406639099121,-6.875,-6.0,-6.4375,-0.4375
qwen25_72b,52,valenced_opposite::utilitarian::007,valenced_opposite,utilitarian,valenced,opposite,-0.8,preference_control,-7.0,-7.0,-6.99900221824646,-6.99896502494812,-6.99900221824646,-6.99896502494812,-6.99898362159729,-1.8596649169921875e-05,-7.0,-7.0,-7.0,0.0
qwen25_72b,52,valenced_opposite::utilitarian::007,valenced_opposite,utilitarian,valenced,opposite,-0.6,preference_control,-6.75,-7.25,-6.748833298683167,-7.249243974685669,-6.748833298683167,-7.249243974685669,-6.999038636684418,0.2502053380012512,-6.75,-7.25,-7.0,0.25
qwen25_72b,52,valenced_opposite::utilitarian::007,valenced_opposite,utilitarian,valenced,opposite,-0.4,preference_control,-4.75,-6.5,-4.741351008415222,-6.498466610908508,-4.741351008415222,-6.498466610908508,-5.619908809661865,0.8785578012466431,-4.75,-6.5,-5.625,0.875
qwen25_72b,52,valenced_opposite::utilitarian::007,valenced_opposite,utilitarian,valenced,opposite,-0.2,preference_control,-2.0,-5.0,-1.998054265975952,-4.993232846260071,-1.998054265975952,-4.993232846260071,-3.4956435561180115,1.497589290142059,-2.0,-5.0,-3.5,1.5
qwen25_72b,52,valenced_opposite::utilitarian::007,valenced_opposite,utilitarian,valenced,opposite,0.0,preference_control,1.0,-3.0,1.0000011920928955,-2.998294949531555,1.0000011920928955,-2.998294949531555,-0.9991468787193298,1.9991480708122251,1.0,-3.0,-1.0,2.0
qwen25_72b,52,valenced_opposite::utilitarian::007,valenced_opposite,utilitarian,valenced,opposite,0.2,preference_control,5.0,0.25,4.993229150772095,0.2499991655349731,4.993229150772095,0.2499991655349731,2.621614158153534,2.371614992618561,5.0,0.25,2.625,2.375
qwen25_72b,52,valenced_opposite::utilitarian::007,valenced_opposite,utilitarian,valenced,opposite,0.4,preference_control,9.375,3.25,9.374895691871645,3.242920517921448,9.374895691871645,3.242920517921448,6.308908104896545,3.0659875869750977,9.375,3.25,6.3125,3.0625
qwen25_72b,52,valenced_opposite::utilitarian::007,valenced_opposite,utilitarian,valenced,opposite,0.6,preference_control,13.125,5.0,13.12503147125244,4.9931347370147705,13.12503147125244,4.9931347370147705,9.059083104133606,4.0659483671188354,13.125,5.0,9.0625,4.0625
qwen25_72b,52,valenced_opposite::utilitarian::007,valenced_opposite,utilitarian,valenced,opposite,0.8,preference_control,14.75,6.0,14.75005841255188,5.997392892837524,14.75005841255188,5.997392892837524,10.373725652694702,4.376332759857178,14.75,6.0,10.375,4.375
qwen25_72b,52,valenced_opposite::utilitarian::007,valenced_opposite,utilitarian,valenced,opposite,1.0,preference_control,15.375,6.25,15.37506866455078,6.247941493988037,15.37506866455078,6.247941493988037,10.81150507926941,4.563563585281372,15.375,6.25,10.8125,4.5625
qwen25_72b,52,valenced_opposite::utilitarian::008,valenced_opposite,utilitarian,valenced,opposite,-1.0,preference_control,-11.25,-8.5,-11.245607852935793,-8.484893083572388,-11.245607852935793,-8.484893083572388,-9.86525046825409,-1.3803573846817017,-11.25,-8.5,-9.875,-1.375
qwen25_72b,52,valenced_opposite::utilitarian::008,valenced_opposite,utilitarian,valenced,opposite,-0.8,preference_control,-12.125,-8.875,-12.123651623725891,-8.895027756690979,-12.123651623725891,-8.895027756690979,-10.509339690208437,-1.614311933517456,-12.125,-8.875,-10.5,-1.625
qwen25_72b,52,valenced_opposite::utilitarian::008,valenced_opposite,utilitarian,valenced,opposite,-0.6,preference_control,-12.125,-9.125,-12.124423742294312,-9.107052445411682,-12.124423742294312,-9.107052445411682,-10.615738093852997,-1.5086856484413147,-12.125,-9.125,-10.625,-1.5
qwen25_72b,52,valenced_opposite::utilitarian::008,valenced_opposite,utilitarian,valenced,opposite,-0.4,preference_control,-11.625,-8.5,-11.624798655509949,-8.492942333221436,-11.624798655509949,-8.492942333221436,-10.058870494365692,-1.5659281611442566,-11.625,-8.5,-10.0625,-1.5625
qwen25_72b,52,valenced_opposite::utilitarian::008,valenced_opposite,utilitarian,valenced,opposite,-0.2,preference_control,-9.625,-6.5,-9.624817728996277,-6.492788791656494,-9.624817728996277,-6.492788791656494,-8.058803260326385,-1.5660144686698914,-9.625,-6.5,-8.0625,-1.5625
qwen25_72b,52,valenced_opposite::utilitarian::008,valenced_opposite,utilitarian,valenced,opposite,0.0,preference_control,-6.0,-3.25,-5.997348427772522,-3.250478982925415,-5.997348427772522,-3.250478982925415,-4.6239137053489685,-1.3734347224235537,-6.0,-3.25,-4.625,-1.375
qwen25_72b,52,valenced_opposite::utilitarian::008,valenced_opposite,utilitarian,valenced,opposite,0.2,preference_control,-1.0,1.0,-0.998033881187439,1.001961588859558,-0.998033881187439,1.001961588859558,0.0019638538360595,-0.9999977350234984,-1.0,1.0,0.0,-1.0
qwen25_72b,52,valenced_opposite::utilitarian::008,valenced_opposite,utilitarian,valenced,opposite,0.4,preference_control,3.0,4.25,2.997817635536194,4.265265464782715,2.997817635536194,4.265265464782715,3.6315415501594543,-0.6337239146232605,3.0,4.25,3.625,-0.625
qwen25_72b,52,valenced_opposite::utilitarian::008,valenced_opposite,utilitarian,valenced,opposite,0.6,preference_control,7.0,6.75,6.998868465423584,6.748023509979248,6.998868465423584,6.748023509979248,6.873445987701416,0.1254224777221679,7.0,6.75,6.875,0.125
qwen25_72b,52,valenced_opposite::utilitarian::008,valenced_opposite,utilitarian,valenced,opposite,0.8,preference_control,9.875,8.0,9.874759197235107,7.999197602272034,9.874759197235107,7.999197602272034,8.93697839975357,0.9377807974815368,9.875,8.0,8.9375,0.9375
qwen25_72b,52,valenced_opposite::utilitarian::008,valenced_opposite,utilitarian,valenced,opposite,1.0,preference_control,11.625,8.5,11.624855756759644,8.49949562549591,11.624855756759644,8.49949562549591,10.062175691127775,1.5626800656318665,11.625,8.5,10.0625,1.5625
qwen25_72b,52,valenced_opposite::utilitarian::009,valenced_opposite,utilitarian,valenced,opposite,-1.0,preference_control,-12.875,-17.0,-12.874977111816406,-17.499913573265076,-12.874977111816406,-17.499913573265076,-15.18744534254074,2.3124682307243347,-12.875,-17.0,-14.9375,2.0625
qwen25_72b,52,valenced_opposite::utilitarian::009,valenced_opposite,utilitarian,valenced,opposite,-0.8,preference_control,-13.625,-17.875,-13.499990701675417,-18.37496840953827,-13.499990701675417,-18.37496840953827,-15.937479555606842,2.437488853931427,-13.625,-17.875,-15.75,2.125
qwen25_72b,52,valenced_opposite::utilitarian::009,valenced_opposite,utilitarian,valenced,opposite,-0.6,preference_control,-13.25,-18.25,-13.249993443489076,-18.749987602233887,-13.249993443489076,-18.749987602233887,-15.99999052286148,2.749997079372406,-13.25,-18.25,-15.75,2.5
qwen25_72b,52,valenced_opposite::utilitarian::009,valenced_opposite,utilitarian,valenced,opposite,-0.4,preference_control,-12.5,-17.875,-12.499992370605469,-18.1249942779541,-12.499992370605469,-18.1249942779541,-15.312493324279783,2.8125009536743164,-12.5,-17.875,-15.1875,2.6875
qwen25_72b,52,valenced_opposite::utilitarian::009,valenced_opposite,utilitarian,valenced,opposite,-0.2,preference_control,-10.5,-15.375,-10.4999680519104,-15.624993443489076,-10.4999680519104,-15.624993443489076,-13.062480747699738,2.562512695789337,-10.5,-15.375,-12.9375,2.4375
qwen25_72b,52,valenced_opposite::utilitarian::009,valenced_opposite,utilitarian,valenced,opposite,0.0,preference_control,-7.75,-11.875,-7.749559283256531,-11.99998426437378,-7.749559283256531,-11.99998426437378,-9.874771773815157,2.1252124905586243,-7.75,-11.875,-9.8125,2.0625
qwen25_72b,52,valenced_opposite::utilitarian::009,valenced_opposite,utilitarian,valenced,opposite,0.2,preference_control,-2.625,-6.25,-2.4990211725234985,-6.498426198959351,-2.4990211725234985,-6.498426198959351,-4.498723685741425,1.999702513217926,-2.625,-6.25,-4.4375,1.8125
qwen25_72b,52,valenced_opposite::utilitarian::009,valenced_opposite,utilitarian,valenced,opposite,0.4,preference_control,2.875,-1.375,2.8818389177322388,-1.246091604232788,2.8818389177322388,-1.246091604232788,0.8178736567497253,2.063965260982513,2.875,-1.375,0.75,2.125
qwen25_72b,52,valenced_opposite::utilitarian::009,valenced_opposite,utilitarian,valenced,opposite,0.6,preference_control,7.75,3.875,7.873967409133911,3.867557644844055,7.873967409133911,3.867557644844055,5.870762526988983,2.003204882144928,7.75,3.875,5.8125,1.9375
qwen25_72b,52,valenced_opposite::utilitarian::009,valenced_opposite,utilitarian,valenced,opposite,0.8,preference_control,11.625,7.5,11.62416446208954,7.6230785846710205,11.62416446208954,7.6230785846710205,9.62362152338028,2.000542938709259,11.625,7.5,9.5625,2.0625
qwen25_72b,52,valenced_opposite::utilitarian::009,valenced_opposite,utilitarian,valenced,opposite,1.0,preference_control,13.625,9.5,13.24864625930786,9.248107671737673,13.24864625930786,9.248107671737673,11.248376965522766,2.000269293785095,13.625,9.5,11.5625,2.0625
qwen25_72b,52,valenced_opposite::utilitarian::010,valenced_opposite,utilitarian,valenced,opposite,-1.0,preference_control,-11.0,-3.75,-10.999951124191284,-3.75732421875,-10.999951124191284,-3.75732421875,-7.378637671470642,-3.621313452720642,-11.0,-3.75,-7.375,-3.625
qwen25_72b,52,valenced_opposite::utilitarian::010,valenced_opposite,utilitarian,valenced,opposite,-0.8,preference_control,-11.25,-3.75,-11.249953746795654,-3.75732421875,-11.249953746795654,-3.75732421875,-7.503638982772827,-3.746314764022827,-11.25,-3.75,-7.5,-3.75
qwen25_72b,52,valenced_opposite::utilitarian::010,valenced_opposite,utilitarian,valenced,opposite,-0.6,preference_control,-11.0,-3.25,-10.999949216842651,-3.242431640625,-10.999949216842651,-3.242431640625,-7.121190428733826,-3.8787587881088257,-11.0,-3.25,-7.125,-3.875
qwen25_72b,52,valenced_opposite::utilitarian::010,valenced_opposite,utilitarian,valenced,opposite,-0.4,preference_control,-9.75,-2.5,-9.749885082244871,-2.49853515625,-9.749885082244871,-2.49853515625,-6.1242101192474365,-3.625674962997437,-9.75,-2.5,-6.125,-3.625
qwen25_72b,52,valenced_opposite::utilitarian::010,valenced_opposite,utilitarian,valenced,opposite,-0.2,preference_control,-7.125,-0.75,-7.124065399169922,-0.75390625,-7.124065399169922,-0.75390625,-3.938985824584961,-3.185079574584961,-7.125,-0.75,-3.9375,-3.1875
qwen25_72b,52,valenced_opposite::utilitarian::010,valenced_opposite,utilitarian,valenced,opposite,0.0,preference_control,-3.25,1.25,-3.242919921875,1.248046875,-3.242919921875,1.248046875,-0.9974365234375,-2.2454833984375,-3.25,1.25,-1.0,-2.25
qwen25_72b,52,valenced_opposite::utilitarian::010,valenced_opposite,utilitarian,valenced,opposite,0.2,preference_control,2.5,3.5,2.4990234375,3.50146484375,2.4990234375,3.50146484375,3.000244140625,-0.501220703125,2.5,3.5,3.0,-0.5
qwen25_72b,52,valenced_opposite::utilitarian::010,valenced_opposite,utilitarian,valenced,opposite,0.4,preference_control,6.75,5.25,6.748832702636719,5.2447509765625,6.748832702636719,5.2447509765625,5.996791839599609,0.7520408630371094,6.75,5.25,6.0,0.75
qwen25_72b,52,valenced_opposite::utilitarian::010,valenced_opposite,utilitarian,valenced,opposite,0.6,preference_control,10.0,6.0,9.99995470046997,5.997528076171875,9.99995470046997,5.997528076171875,7.998741388320923,2.001213312149048,10.0,6.0,8.0,2.0
qwen25_72b,52,valenced_opposite::utilitarian::010,valenced_opposite,utilitarian,valenced,opposite,0.8,preference_control,11.75,6.5,11.74999213218689,6.498497009277344,11.74999213218689,6.498497009277344,9.124244570732117,2.625747561454773,11.75,6.5,9.125,2.625
qwen25_72b,52,valenced_opposite::utilitarian::010,valenced_opposite,utilitarian,valenced,opposite,1.0,preference_control,13.5,7.0,13.499998569488524,6.999088287353516,13.499998569488524,6.999088287353516,10.24954342842102,3.250455141067505,13.5,7.0,10.25,3.25
qwen25_72b,52,valenced_opposite::utilitarian::011,valenced_opposite,utilitarian,valenced,opposite,-1.0,preference_control,-2.75,3.5,-2.7421875,3.5,-2.7421875,3.5,0.37890625,-3.12109375,-2.75,3.5,0.375,-3.125
qwen25_72b,52,valenced_opposite::utilitarian::011,valenced_opposite,utilitarian,valenced,opposite,-0.8,preference_control,-2.875,3.625,-2.876953125,3.623046875,-2.876953125,3.623046875,0.373046875,-3.25,-2.875,3.625,0.375,-3.25
qwen25_72b,52,valenced_opposite::utilitarian::011,valenced_opposite,utilitarian,valenced,opposite,-0.6,preference_control,-2.625,3.75,-2.6201171875,3.7421875,-2.6201171875,3.7421875,0.56103515625,-3.18115234375,-2.625,3.75,0.5625,-3.1875
qwen25_72b,52,valenced_opposite::utilitarian::011,valenced_opposite,utilitarian,valenced,opposite,-0.4,preference_control,-2.0,3.625,-2.0029296875,3.61767578125,-2.0029296875,3.61767578125,0.807373046875,-2.810302734375,-2.0,3.625,0.8125,-2.8125
qwen25_72b,52,valenced_opposite::utilitarian::011,valenced_opposite,utilitarian,valenced,opposite,-0.2,preference_control,-0.75,3.625,-0.74609375,3.62548828125,-0.74609375,3.62548828125,1.439697265625,-2.185791015625,-0.75,3.625,1.4375,-2.1875
qwen25_72b,52,valenced_opposite::utilitarian::011,valenced_opposite,utilitarian,valenced,opposite,0.0,preference_control,1.125,3.875,1.12890625,3.878662109375,1.12890625,3.878662109375,2.5037841796875,-1.3748779296875,1.125,3.875,2.5,-1.375
qwen25_72b,52,valenced_opposite::utilitarian::011,valenced_opposite,utilitarian,valenced,opposite,0.2,preference_control,4.0,4.125,4.0107421875,4.137939453125,4.0107421875,4.137939453125,4.0743408203125,-0.0635986328125,4.0,4.125,4.0625,-0.0625
qwen25_72b,52,valenced_opposite::utilitarian::011,valenced_opposite,utilitarian,valenced,opposite,0.4,preference_control,6.5,4.625,6.498306274414063,4.61444091796875,6.498306274414063,4.61444091796875,5.556373596191406,0.9419326782226562,6.5,4.625,5.5625,0.9375
qwen25_72b,52,valenced_opposite::utilitarian::011,valenced_opposite,utilitarian,valenced,opposite,0.6,preference_control,8.0,4.625,7.999610900878906,4.6148681640625,7.999610900878906,4.6148681640625,6.307239532470703,1.6923713684082031,8.0,4.625,6.3125,1.6875
qwen25_72b,52,valenced_opposite::utilitarian::011,valenced_opposite,utilitarian,valenced,opposite,0.8,preference_control,8.75,3.625,8.749814987182617,3.6295166015625,8.749814987182617,3.6295166015625,6.189665794372559,2.5601491928100586,8.75,3.625,6.1875,2.5625
qwen25_72b,52,valenced_opposite::utilitarian::011,valenced_opposite,utilitarian,valenced,opposite,1.0,preference_control,9.75,2.25,9.749919414520264,2.24267578125,9.749919414520264,2.24267578125,5.996297597885132,3.753621816635132,9.75,2.25,6.0,3.75
qwen25_72b,52,valenced_opposite::utilitarian::012,valenced_opposite,utilitarian,valenced,opposite,-1.0,preference_control,-8.375,-2.625,-8.249685645103455,-2.500489592552185,-8.249685645103455,-2.500489592552185,-5.37508761882782,-2.8745980262756348,-8.375,-2.625,-5.5,-2.875
qwen25_72b,52,valenced_opposite::utilitarian::012,valenced_opposite,utilitarian,valenced,opposite,-0.8,preference_control,-8.5,-2.875,-8.374746322631836,-2.870605707168579,-8.374746322631836,-2.870605707168579,-5.622676014900208,-2.7520703077316284,-8.5,-2.875,-5.6875,-2.8125
qwen25_72b,52,valenced_opposite::utilitarian::012,valenced_opposite,utilitarian,valenced,opposite,-0.6,preference_control,-8.25,-2.875,-8.249723315238953,-2.873046278953552,-8.249723315238953,-2.873046278953552,-5.561384797096252,-2.6883385181427,-8.25,-2.875,-5.5625,-2.6875
qwen25_72b,52,valenced_opposite::utilitarian::012,valenced_opposite,utilitarian,valenced,opposite,-0.4,preference_control,-7.75,-2.75,-7.624499082565308,-2.625975489616394,-7.624499082565308,-2.625975489616394,-5.125237286090851,-2.499261796474457,-7.75,-2.75,-5.25,-2.5
qwen25_72b,52,valenced_opposite::utilitarian::012,valenced_opposite,utilitarian,valenced,opposite,-0.2,preference_control,-6.5,-2.0,-6.498487710952759,-1.992186427116394,-6.498487710952759,-1.992186427116394,-4.245337069034576,-2.2531506419181824,-6.5,-2.0,-4.25,-2.25
qwen25_72b,52,valenced_opposite::utilitarian::012,valenced_opposite,utilitarian,valenced,opposite,0.0,preference_control,-4.5,-1.0,-4.488950729370117,-1.0039052963256836,-4.488950729370117,-1.0039052963256836,-2.7464280128479004,-1.7425227165222168,-4.5,-1.0,-2.75,-1.75
qwen25_72b,52,valenced_opposite::utilitarian::012,valenced_opposite,utilitarian,valenced,opposite,0.2,preference_control,-0.75,0.75,-0.9999983310699464,0.9980478286743164,-0.9999983310699464,0.9980478286743164,-0.0009752511978149,-0.9990230798721312,-0.75,0.75,0.0,-0.75
qwen25_72b,52,valenced_opposite::utilitarian::012,valenced_opposite,utilitarian,valenced,opposite,0.4,preference_control,2.75,3.0,2.7504897117614746,2.997803330421448,2.7504897117614746,2.997803330421448,2.874146521091461,-0.1236568093299865,2.75,3.0,2.875,-0.125
qwen25_72b,52,valenced_opposite::utilitarian::012,valenced_opposite,utilitarian,valenced,opposite,0.6,preference_control,6.25,4.5,6.248032808303833,4.488708853721619,6.248032808303833,4.488708853721619,5.368370831012726,0.8796619772911072,6.25,4.5,5.375,0.875
qwen25_72b,52,valenced_opposite::utilitarian::012,valenced_opposite,utilitarian,valenced,opposite,0.8,preference_control,8.0,5.25,7.999640464782715,4.993133902549744,7.999640464782715,4.993133902549744,6.496387183666229,1.5032532811164856,8.0,5.25,6.625,1.375
qwen25_72b,52,valenced_opposite::utilitarian::012,valenced_opposite,utilitarian,valenced,opposite,1.0,preference_control,9.25,5.5,9.249892830848694,5.495849967002869,9.249892830848694,5.495849967002869,7.372871398925781,1.8770214319229128,9.25,5.5,7.375,1.875
qwen25_72b,52,valenced_opposite::utilitarian::013,valenced_opposite,utilitarian,valenced,opposite,-1.0,preference_control,-7.25,-8.125,-7.246782064437866,-8.124281883239746,-7.246782064437866,-8.124281883239746,-7.685531973838806,0.4387499094009399,-7.25,-8.125,-7.6875,0.4375
qwen25_72b,52,valenced_opposite::utilitarian::013,valenced_opposite,utilitarian,valenced,opposite,-0.8,preference_control,-7.75,-9.25,-7.748706817626953,-9.249781370162964,-7.748706817626953,-9.249781370162964,-8.499244093894958,0.7505372762680054,-7.75,-9.25,-8.5,0.75
qwen25_72b,52,valenced_opposite::utilitarian::013,valenced_opposite,utilitarian,valenced,opposite,-0.6,preference_control,-7.375,-9.875,-7.374143004417419,-9.874901175498962,-7.374143004417419,-9.874901175498962,-8.624522089958191,1.2503790855407717,-7.375,-9.875,-8.625,1.25
qwen25_72b,52,valenced_opposite::utilitarian::013,valenced_opposite,utilitarian,valenced,opposite,-0.4,preference_control,-6.5,-10.125,-6.4984012842178345,-10.124945878982544,-6.4984012842178345,-10.124945878982544,-8.31167358160019,1.8132722973823547,-6.5,-10.125,-8.3125,1.8125
qwen25_72b,52,valenced_opposite::utilitarian::013,valenced_opposite,utilitarian,valenced,opposite,-0.2,preference_control,-4.75,-8.5,-4.741328835487366,-8.499773979187012,-4.741328835487366,-8.499773979187012,-6.620551407337189,1.879222571849823,-4.75,-8.5,-6.625,1.875
qwen25_72b,52,valenced_opposite::utilitarian::013,valenced_opposite,utilitarian,valenced,opposite,0.0,preference_control,-1.75,-6.0,-1.75390362739563,-5.997483015060425,-1.75390362739563,-5.997483015060425,-3.8756933212280273,2.121789693832397,-1.75,-6.0,-3.875,2.125
qwen25_72b,52,valenced_opposite::utilitarian::013,valenced_opposite,utilitarian,valenced,opposite,0.2,preference_control,2.75,-1.25,2.750246644020081,-1.248047113418579,2.750246644020081,-1.248047113418579,0.7510997653007507,1.9991468787193296,2.75,-1.25,0.75,2.0
qwen25_72b,52,valenced_opposite::utilitarian::013,valenced_opposite,utilitarian,valenced,opposite,0.4,preference_control,6.75,3.0,6.74870502948761,2.9978026151657104,6.74870502948761,2.9978026151657104,4.87325382232666,1.8754512071609497,6.75,3.0,4.875,1.875
qwen25_72b,52,valenced_opposite::utilitarian::013,valenced_opposite,utilitarian,valenced,opposite,0.6,preference_control,10.0,6.125,9.999897837638857,6.1225128173828125,9.999897837638857,6.1225128173828125,8.061205327510834,1.9386925101280208,10.0,6.125,8.0625,1.9375
qwen25_72b,52,valenced_opposite::utilitarian::013,valenced_opposite,utilitarian,valenced,opposite,0.8,preference_control,12.625,8.25,12.624946236610413,8.249507904052734,12.624946236610413,8.249507904052734,10.437227070331572,2.187719166278839,12.625,8.25,10.4375,2.1875
qwen25_72b,52,valenced_opposite::utilitarian::013,valenced_opposite,utilitarian,valenced,opposite,1.0,preference_control,14.5,9.375,14.49995470046997,9.374774932861328,14.49995470046997,9.374774932861328,11.93736481666565,2.5625898838043213,14.5,9.375,11.9375,2.5625
qwen25_72b,52,valenced_opposite::utilitarian::014,valenced_opposite,utilitarian,valenced,opposite,-1.0,preference_control,-7.375,-0.125,-7.371084928512573,-0.1251580715179443,-7.371084928512573,-0.1251580715179443,-3.748121500015259,-3.6229634284973145,-7.375,-0.125,-3.75,-3.625
qwen25_72b,52,valenced_opposite::utilitarian::014,valenced_opposite,utilitarian,valenced,opposite,-0.8,preference_control,-7.75,-0.5,-7.748447418212891,-0.5001581907272339,-7.748447418212891,-0.5001581907272339,-4.124302804470062,-3.624144613742829,-7.75,-0.5,-4.125,-3.625
qwen25_72b,52,valenced_opposite::utilitarian::014,valenced_opposite,utilitarian,valenced,opposite,-0.6,preference_control,-7.75,-0.375,-7.749060273170471,-0.3751591444015503,-7.749060273170471,-0.3751591444015503,-4.062109708786011,-3.686950564384461,-7.75,-0.375,-4.0625,-3.6875
qwen25_72b,52,valenced_opposite::utilitarian::014,valenced_opposite,utilitarian,valenced,opposite,-0.4,preference_control,-7.25,-0.25,-7.249027132987976,-0.2501591444015503,-7.249027132987976,-0.2501591444015503,-3.749593138694763,-3.499433994293213,-7.25,-0.25,-3.75,-3.5
qwen25_72b,52,valenced_opposite::utilitarian::014,valenced_opposite,utilitarian,valenced,opposite,-0.2,preference_control,-5.75,0.0,-5.746530055999756,-0.0001400709152221,-5.746530055999756,-0.0001400709152221,-2.873335063457489,-2.873194992542267,-5.75,0.0,-2.875,-2.875
qwen25_72b,52,valenced_opposite::utilitarian::014,valenced_opposite,utilitarian,valenced,opposite,0.0,preference_control,-3.5,0.5,-3.5008788108825684,0.4979230165481567,-3.5008788108825684,0.4979230165481567,-1.5014778971672058,-1.9994009137153623,-3.5,0.5,-1.5,-2.0
qwen25_72b,52,valenced_opposite::utilitarian::014,valenced_opposite,utilitarian,valenced,opposite,0.2,preference_control,-0.5,1.75,-0.5000276565551758,1.748914361000061,-0.5000276565551758,1.748914361000061,0.6244433522224426,-1.1244710087776184,-0.5,1.75,0.625,-1.125
qwen25_72b,52,valenced_opposite::utilitarian::014,valenced_opposite,utilitarian,valenced,opposite,0.4,preference_control,2.5,2.5,2.497530937194824,2.495997428894043,2.497530937194824,2.495997428894043,2.4967641830444336,0.0007667541503906,2.5,2.5,2.5,0.0
qwen25_72b,52,valenced_opposite::utilitarian::014,valenced_opposite,utilitarian,valenced,opposite,0.6,preference_control,4.75,4.0,4.740522861480713,4.01165246963501,4.740522861480713,4.01165246963501,4.376087665557861,0.3644351959228515,4.75,4.0,4.375,0.375
qwen25_72b,52,valenced_opposite::utilitarian::014,valenced_opposite,utilitarian,valenced,opposite,0.8,preference_control,6.25,5.0,6.247623443603516,4.992556571960449,6.247623443603516,4.992556571960449,5.620090007781982,0.6275334358215332,6.25,5.0,5.625,0.625
qwen25_72b,52,valenced_opposite::utilitarian::014,valenced_opposite,utilitarian,valenced,opposite,1.0,preference_control,7.0,5.0,6.998735785484314,4.992648124694824,6.998735785484314,4.992648124694824,5.995691955089569,1.0030438303947449,7.0,5.0,6.0,1.0
qwen25_72b,52,valenced_opposite::utilitarian::015,valenced_opposite,utilitarian,valenced,opposite,-1.0,preference_control,-6.25,-2.25,-6.246857047080994,-2.2548829317092896,-6.246857047080994,-2.2548829317092896,-4.250869989395142,-1.995987057685852,-6.25,-2.25,-4.25,-2.0
qwen25_72b,52,valenced_opposite::utilitarian::015,valenced_opposite,utilitarian,valenced,opposite,-0.8,preference_control,-5.875,-2.5,-5.871353387832642,-2.4970704317092896,-5.871353387832642,-2.4970704317092896,-4.184211909770966,-1.687141478061676,-5.875,-2.5,-4.1875,-1.6875
qwen25_72b,52,valenced_opposite::utilitarian::015,valenced_opposite,utilitarian,valenced,opposite,-0.6,preference_control,-4.75,-2.0,-4.7410889863967896,-1.996093988418579,-4.7410889863967896,-1.996093988418579,-3.3685914874076843,-1.3724974989891052,-4.75,-2.0,-3.375,-1.375
qwen25_72b,52,valenced_opposite::utilitarian::015,valenced_opposite,utilitarian,valenced,opposite,-0.4,preference_control,-2.75,-1.25,-2.7504884004592896,-1.2480469942092896,-2.7504884004592896,-1.2480469942092896,-1.9992676973342896,-0.751220703125,-2.75,-1.25,-2.0,-0.75
qwen25_72b,52,valenced_opposite::utilitarian::015,valenced_opposite,utilitarian,valenced,opposite,-0.2,preference_control,0.0,0.5,-1.1920928955078125e-07,0.4980467557907104,-1.1920928955078125e-07,0.4980467557907104,0.2490233182907104,-0.2490234375,0.0,0.5,0.25,-0.25
qwen25_72b,52,valenced_opposite::utilitarian::015,valenced_opposite,utilitarian,valenced,opposite,0.0,preference_control,3.0,2.75,2.998291015625,2.7504881620407104,2.998291015625,2.7504881620407104,2.8743895888328552,0.1239014267921447,3.0,2.75,2.875,0.125
qwen25_72b,52,valenced_opposite::utilitarian::015,valenced_opposite,utilitarian,valenced,opposite,0.2,preference_control,7.625,6.0,7.624492645263672,5.9974671602249146,7.624492645263672,5.9974671602249146,6.810979902744293,0.8135127425193787,7.625,6.0,6.8125,0.8125
qwen25_72b,52,valenced_opposite::utilitarian::015,valenced_opposite,utilitarian,valenced,opposite,0.4,preference_control,12.375,8.5,12.374982357025146,8.499748587608337,12.374982357025146,8.499748587608337,10.437365472316742,1.9376168847084043,12.375,8.5,10.4375,1.9375
qwen25_72b,52,valenced_opposite::utilitarian::015,valenced_opposite,utilitarian,valenced,opposite,0.6,preference_control,15.875,10.0,15.874989628791807,9.999922394752502,15.874989628791807,9.999922394752502,12.937456011772156,2.9375336170196533,15.875,10.0,12.9375,2.9375
qwen25_72b,52,valenced_opposite::utilitarian::015,valenced_opposite,utilitarian,valenced,opposite,0.8,preference_control,16.625,10.25,16.624991059303284,10.24993646144867,16.624991059303284,10.24993646144867,13.437463760375977,3.187527298927307,16.625,10.25,13.4375,3.1875
qwen25_72b,52,valenced_opposite::utilitarian::015,valenced_opposite,utilitarian,valenced,opposite,1.0,preference_control,16.0,9.875,15.999991297721865,9.874916195869446,15.999991297721865,9.874916195869446,12.937453746795654,3.0625375509262085,16.0,9.875,12.9375,3.0625
qwen25_72b,52,valenced_opposite::utilitarian::016,valenced_opposite,utilitarian,valenced,opposite,-1.0,preference_control,-7.625,-1.75,-7.6162109375,-1.6328125,-7.6162109375,-1.6328125,-4.62451171875,-2.99169921875,-7.625,-1.75,-4.6875,-2.9375
qwen25_72b,52,valenced_opposite::utilitarian::016,valenced_opposite,utilitarian,valenced,opposite,-0.8,preference_control,-7.25,-1.125,-7.1280517578125,-1.37109375,-7.1280517578125,-1.37109375,-4.24957275390625,-2.87847900390625,-7.25,-1.125,-4.1875,-3.0625
qwen25_72b,52,valenced_opposite::utilitarian::016,valenced_opposite,utilitarian,valenced,opposite,-0.6,preference_control,-6.0,-0.625,-5.886474609375,-0.625,-5.886474609375,-0.625,-3.2557373046875,-2.6307373046875,-6.0,-0.625,-3.3125,-2.6875
qwen25_72b,52,valenced_opposite::utilitarian::016,valenced_opposite,utilitarian,valenced,opposite,-0.4,preference_control,-4.5,0.125,-4.383056640625,0.375,-4.383056640625,0.375,-2.0040283203125,-2.3790283203125,-4.5,0.125,-2.1875,-2.3125
qwen25_72b,52,valenced_opposite::utilitarian::016,valenced_opposite,utilitarian,valenced,opposite,-0.2,preference_control,-2.125,1.5,-2.3681640625,1.626953125,-2.3681640625,1.626953125,-0.37060546875,-1.99755859375,-2.125,1.5,-0.3125,-1.8125
qwen25_72b,52,valenced_opposite::utilitarian::016,valenced_opposite,utilitarian,valenced,opposite,0.0,preference_control,0.125,3.125,0.25,3.2548828125,0.25,3.2548828125,1.75244140625,-1.50244140625,0.125,3.125,1.625,-1.5
qwen25_72b,52,valenced_opposite::utilitarian::016,valenced_opposite,utilitarian,valenced,opposite,0.2,preference_control,4.0,5.5,4.2655029296875,5.61798095703125,4.2655029296875,5.61798095703125,4.941741943359375,-0.676239013671875,4.0,5.5,4.75,-0.75
qwen25_72b,52,valenced_opposite::utilitarian::016,valenced_opposite,utilitarian,valenced,opposite,0.4,preference_control,8.375,8.25,8.374099731445312,8.248512268066406,8.374099731445312,8.248512268066406,8.31130599975586,0.0627937316894531,8.375,8.25,8.3125,0.0625
qwen25_72b,52,valenced_opposite::utilitarian::016,valenced_opposite,utilitarian,valenced,opposite,0.6,preference_control,12.0,10.25,12.12459945678711,10.249263763427734,12.12459945678711,10.249263763427734,11.186931610107422,0.9376678466796876,12.0,10.25,11.125,0.875
qwen25_72b,52,valenced_opposite::utilitarian::016,valenced_opposite,utilitarian,valenced,opposite,0.8,preference_control,13.75,11.25,13.499652862548828,11.249517440795898,13.499652862548828,11.249517440795898,12.374585151672363,1.1250677108764648,13.75,11.25,12.5,1.25
qwen25_72b,52,valenced_opposite::utilitarian::016,valenced_opposite,utilitarian,valenced,opposite,1.0,preference_control,14.375,11.125,14.499698638916016,11.124526977539062,14.499698638916016,11.124526977539062,12.81211280822754,1.6875858306884766,14.375,11.125,12.75,1.625
qwen25_72b,52,valenced_opposite::utilitarian::017,valenced_opposite,utilitarian,valenced,opposite,-1.0,preference_control,-4.625,0.875,-4.626224994659424,0.8730494976043701,-4.626224994659424,0.8730494976043701,-1.8765877485275269,-2.749637246131897,-4.625,0.875,-1.875,-2.75
qwen25_72b,52,valenced_opposite::utilitarian::017,valenced_opposite,utilitarian,valenced,opposite,-0.8,preference_control,-4.0,0.75,-3.994872570037842,0.7500020265579224,-3.994872570037842,0.7500020265579224,-1.6224352717399595,-2.372437298297882,-4.0,0.75,-1.625,-2.375
qwen25_72b,52,valenced_opposite::utilitarian::017,valenced_opposite,utilitarian,valenced,opposite,-0.6,preference_control,-2.625,1.0,-2.6274397373199463,0.998049259185791,-2.6274397373199463,0.998049259185791,-0.8146952390670776,-1.8127444982528689,-2.625,1.0,-0.8125,-1.8125
qwen25_72b,52,valenced_opposite::utilitarian::017,valenced_opposite,utilitarian,valenced,opposite,-0.4,preference_control,-0.625,1.875,-0.6230449676513672,1.8808623552322388,-0.6230449676513672,1.8808623552322388,0.6289086937904358,-1.251953661441803,-0.625,1.875,0.625,-1.25
qwen25_72b,52,valenced_opposite::utilitarian::017,valenced_opposite,utilitarian,valenced,opposite,-0.2,preference_control,2.0,3.25,2.005863308906555,3.254155278205872,2.005863308906555,3.254155278205872,2.6300092935562134,-0.6241459846496582,2.0,3.25,2.625,-0.625
qwen25_72b,52,valenced_opposite::utilitarian::017,valenced_opposite,utilitarian,valenced,opposite,0.0,preference_control,5.125,5.25,5.117072224617004,5.242288827896118,5.117072224617004,5.242288827896118,5.179680526256561,-0.0626083016395568,5.125,5.25,5.1875,-0.0625
qwen25_72b,52,valenced_opposite::utilitarian::017,valenced_opposite,utilitarian,valenced,opposite,0.2,preference_control,8.75,8.0,8.748795628547668,7.998049378395081,8.748795628547668,7.998049378395081,8.373422503471375,0.3753731250762939,8.75,8.0,8.375,0.375
qwen25_72b,52,valenced_opposite::utilitarian::017,valenced_opposite,utilitarian,valenced,opposite,0.4,preference_control,11.625,9.25,11.623818278312685,9.248639464378355,11.623818278312685,9.248639464378355,10.43622887134552,1.187589406967163,11.625,9.25,10.4375,1.1875
qwen25_72b,52,valenced_opposite::utilitarian::017,valenced_opposite,utilitarian,valenced,opposite,0.6,preference_control,13.375,10.25,13.373960256576538,10.249200582504272,13.373960256576538,10.249200582504272,11.811580419540403,1.5623798370361328,13.375,10.25,11.8125,1.5625
qwen25_72b,52,valenced_opposite::utilitarian::017,valenced_opposite,utilitarian,valenced,opposite,0.8,preference_control,14.375,10.625,14.37396764755249,10.624358773231506,14.37396764755249,10.624358773231506,12.499163210391998,1.874804437160492,14.375,10.625,12.5,1.875
qwen25_72b,52,valenced_opposite::utilitarian::017,valenced_opposite,utilitarian,valenced,opposite,1.0,preference_control,14.5,10.375,14.49867033958435,10.374348878860474,14.49867033958435,10.374348878860474,12.436509609222412,2.0621607303619385,14.5,10.375,12.4375,2.0625
qwen25_72b,52,valenced_opposite::utilitarian::018,valenced_opposite,utilitarian,valenced,opposite,-1.0,preference_control,-8.5,-3.75,-8.608397603034973,-3.7617170810699454,-8.608397603034973,-3.7617170810699454,-6.18505734205246,-2.423340260982513,-8.5,-3.75,-6.125,-2.375
qwen25_72b,52,valenced_opposite::utilitarian::018,valenced_opposite,utilitarian,valenced,opposite,-0.8,preference_control,-9.5,-4.125,-9.368834495544434,-4.118162393569946,-9.368834495544434,-4.118162393569946,-6.74349844455719,-2.625336050987244,-9.5,-4.125,-6.8125,-2.6875
qwen25_72b,52,valenced_opposite::utilitarian::018,valenced_opposite,utilitarian,valenced,opposite,-0.6,preference_control,-10.0,-3.875,-9.873565077781675,-4.2480456829071045,-9.873565077781675,-4.2480456829071045,-7.060805380344391,-2.8127596974372864,-10.0,-3.875,-6.9375,-3.0625
qwen25_72b,52,valenced_opposite::utilitarian::018,valenced_opposite,utilitarian,valenced,opposite,-0.4,preference_control,-9.75,-3.75,-9.749619960784912,-4.013182044029236,-9.749619960784912,-4.013182044029236,-6.881401002407074,-2.868218958377838,-9.75,-3.75,-6.75,-3.0
qwen25_72b,52,valenced_opposite::utilitarian::018,valenced_opposite,utilitarian,valenced,opposite,-0.2,preference_control,-9.0,-3.125,-8.999791622161865,-3.122069001197815,-8.999791622161865,-3.122069001197815,-6.06093031167984,-2.938861310482025,-9.0,-3.125,-6.0625,-2.9375
qwen25_72b,52,valenced_opposite::utilitarian::018,valenced_opposite,utilitarian,valenced,opposite,0.0,preference_control,-7.0,-1.875,-6.8738932609558105,-2.0068342685699463,-6.8738932609558105,-2.0068342685699463,-4.440363764762878,-2.433529496192932,-7.0,-1.875,-4.4375,-2.5625
qwen25_72b,52,valenced_opposite::utilitarian::018,valenced_opposite,utilitarian,valenced,opposite,0.2,preference_control,-3.25,0.0,-3.243163466453552,1.1920928955078125e-06,-3.243163466453552,1.1920928955078125e-06,-1.6215811371803284,-1.621582329273224,-3.25,0.0,-1.625,-1.625
qwen25_72b,52,valenced_opposite::utilitarian::018,valenced_opposite,utilitarian,valenced,opposite,0.4,preference_control,0.5,2.125,0.4980477094650268,2.1206068992614746,0.4980477094650268,2.1206068992614746,1.3093273043632507,-0.8112795948982239,0.5,2.125,1.3125,-0.8125
qwen25_72b,52,valenced_opposite::utilitarian::018,valenced_opposite,utilitarian,valenced,opposite,0.6,preference_control,3.5,4.0,3.5012214183807373,4.139650225639343,3.5012214183807373,4.139650225639343,3.82043582201004,-0.319214403629303,3.5,4.0,3.75,-0.25
qwen25_72b,52,valenced_opposite::utilitarian::018,valenced_opposite,utilitarian,valenced,opposite,0.8,preference_control,6.0,5.25,6.247956395149231,5.62115740776062,6.247956395149231,5.62115740776062,5.9345569014549255,0.3133994936943054,6.0,5.25,5.625,0.375
qwen25_72b,52,valenced_opposite::utilitarian::018,valenced_opposite,utilitarian,valenced,opposite,1.0,preference_control,8.625,6.25,8.499730706214905,6.24794352054596,8.499730706214905,6.24794352054596,7.373837113380432,1.1258935928344729,8.625,6.25,7.4375,1.1875
qwen25_72b,52,valenced_opposite::utilitarian::019,valenced_opposite,utilitarian,valenced,opposite,-1.0,preference_control,-5.25,-0.875,-5.261718034744263,-0.8789061307907104,-5.261718034744263,-0.8789061307907104,-3.0703120827674866,-2.191405951976776,-5.25,-0.875,-3.0625,-2.1875
qwen25_72b,52,valenced_opposite::utilitarian::019,valenced_opposite,utilitarian,valenced,opposite,-0.8,preference_control,-4.875,-1.0,-4.886718273162842,-1.0,-4.886718273162842,-1.0,-2.943359136581421,-1.943359136581421,-4.875,-1.0,-2.9375,-1.9375
qwen25_72b,52,valenced_opposite::utilitarian::019,valenced_opposite,utilitarian,valenced,opposite,-0.6,preference_control,-3.75,-1.0,-3.7343746423721313,-0.99609375,-3.7343746423721313,-0.99609375,-2.3652341961860657,-1.3691404461860657,-3.75,-1.0,-2.375,-1.375
qwen25_72b,52,valenced_opposite::utilitarian::019,valenced_opposite,utilitarian,valenced,opposite,-0.4,preference_control,-2.25,-0.5,-2.249999761581421,-0.5,-2.249999761581421,-0.5,-1.3749998807907104,-0.8749998807907104,-2.25,-0.5,-1.375,-0.875
qwen25_72b,52,valenced_opposite::utilitarian::019,valenced_opposite,utilitarian,valenced,opposite,-0.2,preference_control,-0.5,0.0,-0.4999997615814209,0.0,-0.4999997615814209,0.0,-0.2499998807907104,-0.2499998807907104,-0.5,0.0,-0.25,-0.25
qwen25_72b,52,valenced_opposite::utilitarian::019,valenced_opposite,utilitarian,valenced,opposite,0.0,preference_control,1.5,0.75,1.501953363418579,0.748046875,1.501953363418579,0.748046875,1.1250001192092896,0.3769532442092895,1.5,0.75,1.125,0.375
qwen25_72b,52,valenced_opposite::utilitarian::019,valenced_opposite,utilitarian,valenced,opposite,0.2,preference_control,4.25,2.0,4.2578126192092896,1.994140625,4.2578126192092896,1.994140625,3.1259766221046448,1.1318359971046448,4.25,2.0,3.125,1.125
qwen25_72b,52,valenced_opposite::utilitarian::019,valenced_opposite,utilitarian,valenced,opposite,0.4,preference_control,6.875,2.75,6.8736573457717896,2.74951171875,6.8736573457717896,2.74951171875,4.811584532260895,2.0620728135108948,6.875,2.75,4.8125,2.0625
qwen25_72b,52,valenced_opposite::utilitarian::019,valenced_opposite,utilitarian,valenced,opposite,0.6,preference_control,8.375,3.0,8.374628186225891,2.99755859375,8.374628186225891,2.99755859375,5.686093389987946,2.6885347962379456,8.375,3.0,5.6875,2.6875
qwen25_72b,52,valenced_opposite::utilitarian::019,valenced_opposite,utilitarian,valenced,opposite,0.8,preference_control,9.125,2.75,9.124776005744934,2.75,9.124776005744934,2.75,5.937388002872467,3.187388002872467,9.125,2.75,5.9375,3.1875
qwen25_72b,52,valenced_opposite::utilitarian::019,valenced_opposite,utilitarian,valenced,opposite,1.0,preference_control,9.375,2.5,9.374812245368958,2.49853515625,9.374812245368958,2.49853515625,5.936673700809479,3.4381385445594788,9.375,2.5,5.9375,3.4375
