model_name,target_layer,pair_id,pair_class,domain,valence_status,opposition_status,alpha_norm,template_name,first_token_logit_diff_canonical_AB,first_token_logit_diff_canonical_BA,logprob_diff_canonical_AB,logprob_diff_canonical_BA,d_AB,d_BA,semantic_component,position_component,first_token_d_AB,first_token_d_BA,first_token_semantic_component,first_token_position_component
qwen25_14b,28,neutral_nonopposite::neutral::000,neutral_nonopposite,neutral_nonopposite,neutral,nonopposite,-1.0,preference_control,-5.875,-5.75,-5.859375,-5.78125,-5.859375,-5.78125,-5.8203125,-0.0390625,-5.875,-5.75,-5.8125,-0.0625
qwen25_14b,28,neutral_nonopposite::neutral::000,neutral_nonopposite,neutral_nonopposite,neutral,nonopposite,-0.8,preference_control,-6.75,-5.25,-6.734375,-5.234375,-6.734375,-5.234375,-5.984375,-0.75,-6.75,-5.25,-6.0,-0.75
qwen25_14b,28,neutral_nonopposite::neutral::000,neutral_nonopposite,neutral_nonopposite,neutral,nonopposite,-0.6,preference_control,-6.25,-3.25,-6.2626953125,-3.24609375,-6.2626953125,-3.24609375,-4.75439453125,-1.50830078125,-6.25,-3.25,-4.75,-1.5
qwen25_14b,28,neutral_nonopposite::neutral::000,neutral_nonopposite,neutral_nonopposite,neutral,nonopposite,-0.4,preference_control,-5.75,-0.75,-5.746261596679688,-0.74609375,-5.746261596679688,-0.74609375,-3.246177673339844,-2.500083923339844,-5.75,-0.75,-3.25,-2.5
qwen25_14b,28,neutral_nonopposite::neutral::000,neutral_nonopposite,neutral_nonopposite,neutral,nonopposite,-0.2,preference_control,-3.75,0.75,-3.742431640625,0.75390625,-3.742431640625,0.75390625,-1.4942626953125,-2.2481689453125,-3.75,0.75,-1.5,-2.25
qwen25_14b,28,neutral_nonopposite::neutral::000,neutral_nonopposite,neutral_nonopposite,neutral,nonopposite,0.0,preference_control,-0.25,-1.75,-0.25,-1.75390625,-0.25,-1.75390625,-1.001953125,0.751953125,-0.25,-1.75,-1.0,0.75
qwen25_14b,28,neutral_nonopposite::neutral::000,neutral_nonopposite,neutral_nonopposite,neutral,nonopposite,0.2,preference_control,3.0,-5.5,2.998291015625,-5.49591064453125,2.998291015625,-5.49591064453125,-1.248809814453125,4.247100830078125,3.0,-5.5,-1.25,4.25
qwen25_14b,28,neutral_nonopposite::neutral::000,neutral_nonopposite,neutral_nonopposite,neutral,nonopposite,0.4,preference_control,4.75,-8.0,4.74139404296875,-7.999664306640625,4.74139404296875,-7.999664306640625,-1.6291351318359375,6.370529174804688,4.75,-8.0,-1.625,6.375
qwen25_14b,28,neutral_nonopposite::neutral::000,neutral_nonopposite,neutral_nonopposite,neutral,nonopposite,0.6,preference_control,5.5,-10.25,5.49591064453125,-10.249964714050291,5.49591064453125,-10.249964714050291,-2.377027034759521,7.8729376792907715,5.5,-10.25,-2.375,7.875
qwen25_14b,28,neutral_nonopposite::neutral::000,neutral_nonopposite,neutral_nonopposite,neutral,nonopposite,0.8,preference_control,6.5,-11.75,6.498497009277344,-11.7499920129776,6.498497009277344,-11.7499920129776,-2.625747501850128,9.124244511127472,6.5,-11.75,-2.625,9.125
qwen25_14b,28,neutral_nonopposite::neutral::000,neutral_nonopposite,neutral_nonopposite,neutral,nonopposite,1.0,preference_control,6.75,-12.75,6.748825073242188,-12.749996781349182,6.748825073242188,-12.749996781349182,-3.0005858540534973,9.749410927295685,6.75,-12.75,-3.0,9.75
qwen25_14b,28,neutral_nonopposite::neutral::001,neutral_nonopposite,neutral_nonopposite,neutral,nonopposite,-1.0,preference_control,-4.0,8.5,-4.0,8.5068359375,-4.0,8.5068359375,2.25341796875,-6.25341796875,-4.0,8.5,2.25,-6.25
qwen25_14b,28,neutral_nonopposite::neutral::001,neutral_nonopposite,neutral_nonopposite,neutral,nonopposite,-0.8,preference_control,-4.0,5.0,-4.009765625,4.99755859375,-4.009765625,4.99755859375,0.493896484375,-4.503662109375,-4.0,5.0,0.5,-4.5
qwen25_14b,28,neutral_nonopposite::neutral::001,neutral_nonopposite,neutral_nonopposite,neutral,nonopposite,-0.6,preference_control,-1.75,0.75,-1.7490234375,0.75,-1.7490234375,0.75,-0.49951171875,-1.24951171875,-1.75,0.75,-0.5,-1.25
qwen25_14b,28,neutral_nonopposite::neutral::001,neutral_nonopposite,neutral_nonopposite,neutral,nonopposite,-0.4,preference_control,0.75,-2.5,0.75390625,-2.49853515625,0.75390625,-2.49853515625,-0.872314453125,1.626220703125,0.75,-2.5,-0.875,1.625
qwen25_14b,28,neutral_nonopposite::neutral::001,neutral_nonopposite,neutral_nonopposite,neutral,nonopposite,-0.2,preference_control,3.25,-5.0,3.2431640625,-4.99169921875,3.2431640625,-4.99169921875,-0.874267578125,4.117431640625,3.25,-5.0,-0.875,4.125
qwen25_14b,28,neutral_nonopposite::neutral::001,neutral_nonopposite,neutral_nonopposite,neutral,nonopposite,0.0,preference_control,6.75,-6.75,6.748794555664063,-6.7454833984375,6.748794555664063,-6.7454833984375,0.0016555786132812,6.747138977050781,6.75,-6.75,0.0,6.75
qwen25_14b,28,neutral_nonopposite::neutral::001,neutral_nonopposite,neutral_nonopposite,neutral,nonopposite,0.2,preference_control,10.25,-8.0,10.249954223632812,-7.996444702148437,10.249954223632812,-7.996444702148437,1.1267547607421875,9.123199462890623,10.25,-8.0,1.125,9.125
qwen25_14b,28,neutral_nonopposite::neutral::001,neutral_nonopposite,neutral_nonopposite,neutral,nonopposite,0.4,preference_control,12.25,-7.75,12.249990344047546,-7.74884033203125,12.249990344047546,-7.74884033203125,2.250575006008148,9.999415338039398,12.25,-7.75,2.25,10.0
qwen25_14b,28,neutral_nonopposite::neutral::001,neutral_nonopposite,neutral_nonopposite,neutral,nonopposite,0.6,preference_control,13.75,-8.0,13.749990940093994,-7.999454498291016,13.749990940093994,-7.999454498291016,2.8752682209014893,10.874722719192505,13.75,-8.0,2.875,10.875
qwen25_14b,28,neutral_nonopposite::neutral::001,neutral_nonopposite,neutral_nonopposite,neutral,nonopposite,0.8,preference_control,14.75,-8.25,14.749978065490724,-8.249469757080078,14.749978065490724,-8.249469757080078,3.2502541542053223,11.4997239112854,14.75,-8.25,3.25,11.5
qwen25_14b,28,neutral_nonopposite::neutral::001,neutral_nonopposite,neutral_nonopposite,neutral,nonopposite,1.0,preference_control,15.5,-9.25,15.499924778938292,-9.248985290527344,15.499924778938292,-9.248985290527344,3.125469744205475,12.37445503473282,15.5,-9.25,3.125,12.375
qwen25_14b,28,neutral_nonopposite::neutral::002,neutral_nonopposite,neutral_nonopposite,neutral,nonopposite,-1.0,preference_control,-10.875,2.75,-10.86718773841858,2.75,-10.86718773841858,2.75,-4.0585938692092896,-6.8085938692092896,-10.875,2.75,-4.0625,-6.8125
qwen25_14b,28,neutral_nonopposite::neutral::002,neutral_nonopposite,neutral_nonopposite,neutral,nonopposite,-0.8,preference_control,-11.25,3.25,-11.22070324420929,3.2421875,-11.22070324420929,3.2421875,-3.9892578721046448,-7.231445372104645,-11.25,3.25,-4.0,-7.25
qwen25_14b,28,neutral_nonopposite::neutral::002,neutral_nonopposite,neutral_nonopposite,neutral,nonopposite,-0.6,preference_control,-9.625,2.75,-9.64550805091858,2.75390625,-9.64550805091858,2.75390625,-3.4458009004592896,-6.1997071504592896,-9.625,2.75,-3.4375,-6.1875
qwen25_14b,28,neutral_nonopposite::neutral::002,neutral_nonopposite,neutral_nonopposite,neutral,nonopposite,-0.4,preference_control,-7.0,1.5,-7.0063477754592896,1.5,-7.0063477754592896,1.5,-2.7531738877296448,-4.253173887729645,-7.0,1.5,-2.75,-4.25
qwen25_14b,28,neutral_nonopposite::neutral::002,neutral_nonopposite,neutral_nonopposite,neutral,nonopposite,-0.2,preference_control,-4.75,0.0,-4.7393800020217896,0.0,-4.7393800020217896,0.0,-2.3696900010108948,-2.3696900010108948,-4.75,0.0,-2.375,-2.375
qwen25_14b,28,neutral_nonopposite::neutral::002,neutral_nonopposite,neutral_nonopposite,neutral,nonopposite,0.0,preference_control,-2.0,-5.0,-1.9941407442092896,-4.99310302734375,-1.9941407442092896,-4.99310302734375,-3.49362188577652,1.4994811415672302,-2.0,-5.0,-3.5,1.5
qwen25_14b,28,neutral_nonopposite::neutral::002,neutral_nonopposite,neutral_nonopposite,neutral,nonopposite,0.2,preference_control,0.75,-11.25,0.7499998807907104,-11.249958038330078,0.7499998807907104,-11.249958038330078,-5.249979078769684,5.999978959560394,0.75,-11.25,-5.25,6.0
qwen25_14b,28,neutral_nonopposite::neutral::002,neutral_nonopposite,neutral_nonopposite,neutral,nonopposite,0.4,preference_control,2.25,-13.75,2.2553709745407104,-13.749984860420229,2.2553709745407104,-13.749984860420229,-5.747306942939758,8.002677917480469,2.25,-13.75,-5.75,8.0
qwen25_14b,28,neutral_nonopposite::neutral::002,neutral_nonopposite,neutral_nonopposite,neutral,nonopposite,0.6,preference_control,4.0,-15.25,4.011962890625,-15.249988675117493,4.011962890625,-15.249988675117493,-5.619012892246246,9.630975782871246,4.0,-15.25,-5.625,9.625
qwen25_14b,28,neutral_nonopposite::neutral::002,neutral_nonopposite,neutral_nonopposite,neutral,nonopposite,0.8,preference_control,5.25,-16.375,5.244110107421875,-16.374989867210388,5.244110107421875,-16.374989867210388,-5.565439879894257,10.809549987316132,5.25,-16.375,-5.5625,10.8125
qwen25_14b,28,neutral_nonopposite::neutral::002,neutral_nonopposite,neutral_nonopposite,neutral,nonopposite,1.0,preference_control,5.75,-17.5,5.74560546875,-17.49998915195465,5.74560546875,-17.49998915195465,-5.877191841602325,11.622797310352324,5.75,-17.5,-5.875,11.625
qwen25_14b,28,neutral_nonopposite::neutral::003,neutral_nonopposite,neutral_nonopposite,neutral,nonopposite,-1.0,preference_control,9.5,-4.875,9.5625,-4.8125,9.5625,-4.8125,2.375,7.1875,9.5,-4.875,2.3125,7.1875
qwen25_14b,28,neutral_nonopposite::neutral::003,neutral_nonopposite,neutral_nonopposite,neutral,nonopposite,-0.8,preference_control,9.5,-1.5,9.5,-1.5,9.5,-1.5,4.0,5.5,9.5,-1.5,4.0,5.5
qwen25_14b,28,neutral_nonopposite::neutral::003,neutral_nonopposite,neutral_nonopposite,neutral,nonopposite,-0.6,preference_control,10.125,2.0,10.15625,2.0,10.15625,2.0,6.078125,4.078125,10.125,2.0,6.0625,4.0625
qwen25_14b,28,neutral_nonopposite::neutral::003,neutral_nonopposite,neutral_nonopposite,neutral,nonopposite,-0.4,preference_control,10.75,3.0,10.76953125,3.0,10.76953125,3.0,6.884765625,3.884765625,10.75,3.0,6.875,3.875
qwen25_14b,28,neutral_nonopposite::neutral::003,neutral_nonopposite,neutral_nonopposite,neutral,nonopposite,-0.2,preference_control,9.625,3.25,9.61810302734375,3.2529296875,9.61810302734375,3.2529296875,6.435516357421875,3.182586669921875,9.625,3.25,6.4375,3.1875
qwen25_14b,28,neutral_nonopposite::neutral::003,neutral_nonopposite,neutral_nonopposite,neutral,nonopposite,0.0,preference_control,10.5,1.5,10.499958753585815,1.5009765625,10.499958753585815,1.5009765625,6.000467658042908,4.499491095542908,10.5,1.5,6.0,4.5
qwen25_14b,28,neutral_nonopposite::neutral::003,neutral_nonopposite,neutral_nonopposite,neutral,nonopposite,0.2,preference_control,11.5,-4.75,11.499978423118591,-4.740478515625,11.499978423118591,-4.740478515625,3.379749953746796,8.120228469371796,11.5,-4.75,3.375,8.125
qwen25_14b,28,neutral_nonopposite::neutral::003,neutral_nonopposite,neutral_nonopposite,neutral,nonopposite,0.4,preference_control,13.0,-8.0,12.999993681907654,-7.99932861328125,12.999993681907654,-7.99932861328125,2.500332534313202,10.499661147594452,13.0,-8.0,2.5,10.5
qwen25_14b,28,neutral_nonopposite::neutral::003,neutral_nonopposite,neutral_nonopposite,neutral,nonopposite,0.6,preference_control,15.0,-9.25,14.999999046325684,-9.24977970123291,14.999999046325684,-9.24977970123291,2.8751096725463867,12.124889373779297,15.0,-9.25,2.875,12.125
qwen25_14b,28,neutral_nonopposite::neutral::003,neutral_nonopposite,neutral_nonopposite,neutral,nonopposite,0.8,preference_control,16.75,-9.75,16.749999284744263,-9.749817848205566,16.749999284744263,-9.749817848205566,3.500090718269348,13.249908566474916,16.75,-9.75,3.5,13.25
qwen25_14b,28,neutral_nonopposite::neutral::003,neutral_nonopposite,neutral_nonopposite,neutral,nonopposite,1.0,preference_control,18.75,-10.25,18.7499977350235,-10.24953269958496,18.7499977350235,-10.24953269958496,4.250232517719269,14.49976521730423,18.75,-10.25,4.25,14.5
qwen25_14b,28,neutral_nonopposite::neutral::004,neutral_nonopposite,neutral_nonopposite,neutral,nonopposite,-1.0,preference_control,-5.625,-0.5,-5.609375,-0.5,-5.609375,-0.5,-3.0546875,-2.5546875,-5.625,-0.5,-3.0625,-2.5625
qwen25_14b,28,neutral_nonopposite::neutral::004,neutral_nonopposite,neutral_nonopposite,neutral,nonopposite,-0.8,preference_control,-8.0,0.0,-7.970703125,0.0,-7.970703125,0.0,-3.9853515625,-3.9853515625,-8.0,0.0,-4.0,-4.0
qwen25_14b,28,neutral_nonopposite::neutral::004,neutral_nonopposite,neutral_nonopposite,neutral,nonopposite,-0.6,preference_control,-9.75,0.25,-9.7384033203125,0.25,-9.7384033203125,0.25,-4.74420166015625,-4.99420166015625,-9.75,0.25,-4.75,-5.0
qwen25_14b,28,neutral_nonopposite::neutral::004,neutral_nonopposite,neutral_nonopposite,neutral,nonopposite,-0.4,preference_control,-10.0,0.0,-9.99959945678711,0.0,-9.99959945678711,0.0,-4.999799728393555,-4.999799728393555,-10.0,0.0,-5.0,-5.0
qwen25_14b,28,neutral_nonopposite::neutral::004,neutral_nonopposite,neutral_nonopposite,neutral,nonopposite,-0.2,preference_control,-6.75,-1.0,-6.7487640380859375,-0.998046875,-6.7487640380859375,-0.998046875,-3.8734054565429688,-2.8753585815429688,-6.75,-1.0,-3.875,-2.875
qwen25_14b,28,neutral_nonopposite::neutral::004,neutral_nonopposite,neutral_nonopposite,neutral,nonopposite,0.0,preference_control,0.5,-3.25,0.498046875,-3.24267578125,0.498046875,-3.24267578125,-1.372314453125,1.870361328125,0.5,-3.25,-1.375,1.875
qwen25_14b,28,neutral_nonopposite::neutral::004,neutral_nonopposite,neutral_nonopposite,neutral,nonopposite,0.2,preference_control,6.75,-5.0,6.748725891113281,-4.992950439453125,6.748725891113281,-4.992950439453125,0.8778877258300781,5.870838165283203,6.75,-5.0,0.875,5.875
qwen25_14b,28,neutral_nonopposite::neutral::004,neutral_nonopposite,neutral_nonopposite,neutral,nonopposite,0.4,preference_control,8.25,-7.75,8.249679565429688,-7.749547958374023,8.249679565429688,-7.749547958374023,0.250065803527832,7.999613761901855,8.25,-7.75,0.25,8.0
qwen25_14b,28,neutral_nonopposite::neutral::004,neutral_nonopposite,neutral_nonopposite,neutral,nonopposite,0.6,preference_control,10.75,-10.0,10.749942779541016,-9.999951362609863,10.749942779541016,-9.999951362609863,0.3749957084655761,10.37494707107544,10.75,-10.0,0.375,10.375
qwen25_14b,28,neutral_nonopposite::neutral::004,neutral_nonopposite,neutral_nonopposite,neutral,nonopposite,0.8,preference_control,13.25,-11.0,13.2499018907547,-10.999980807304382,13.2499018907547,-10.999980807304382,1.1249605417251587,12.12494134902954,13.25,-11.0,1.125,12.125
qwen25_14b,28,neutral_nonopposite::neutral::004,neutral_nonopposite,neutral_nonopposite,neutral,nonopposite,1.0,preference_control,15.0,-11.0,14.999447703361511,-10.999977469444277,14.999447703361511,-10.999977469444277,1.9997351169586184,12.999712586402891,15.0,-11.0,2.0,13.0
qwen25_14b,28,neutral_nonopposite::neutral::005,neutral_nonopposite,neutral_nonopposite,neutral,nonopposite,-1.0,preference_control,3.625,-6.0,3.625,-6.0,3.625,-6.0,-1.1875,4.8125,3.625,-6.0,-1.1875,4.8125
qwen25_14b,28,neutral_nonopposite::neutral::005,neutral_nonopposite,neutral_nonopposite,neutral,nonopposite,-0.8,preference_control,3.75,-2.75,3.765625,-2.75,3.765625,-2.75,0.5078125,3.2578125,3.75,-2.75,0.5,3.25
qwen25_14b,28,neutral_nonopposite::neutral::005,neutral_nonopposite,neutral_nonopposite,neutral,nonopposite,-0.6,preference_control,4.75,0.0,4.7529296875,0.0,4.7529296875,0.0,2.37646484375,2.37646484375,4.75,0.0,2.375,2.375
qwen25_14b,28,neutral_nonopposite::neutral::005,neutral_nonopposite,neutral_nonopposite,neutral,nonopposite,-0.4,preference_control,6.5,0.75,6.51171875,0.75390625,6.51171875,0.75390625,3.6328125,2.87890625,6.5,0.75,3.625,2.875
qwen25_14b,28,neutral_nonopposite::neutral::005,neutral_nonopposite,neutral_nonopposite,neutral,nonopposite,-0.2,preference_control,7.5,-0.75,7.5006103515625,-0.75390625,7.5006103515625,-0.75390625,3.37335205078125,4.12725830078125,7.5,-0.75,3.375,4.125
qwen25_14b,28,neutral_nonopposite::neutral::005,neutral_nonopposite,neutral_nonopposite,neutral,nonopposite,0.0,preference_control,8.0,-6.25,7.976318359375,-6.243743896484375,7.976318359375,-6.243743896484375,0.8662872314453125,7.110031127929688,8.0,-6.25,0.875,7.125
qwen25_14b,28,neutral_nonopposite::neutral::005,neutral_nonopposite,neutral_nonopposite,neutral,nonopposite,0.2,preference_control,8.25,-11.75,8.2410888671875,-11.746185302734377,8.2410888671875,-11.746185302734377,-1.7525482177734375,9.993637084960938,8.25,-11.75,-1.75,10.0
qwen25_14b,28,neutral_nonopposite::neutral::005,neutral_nonopposite,neutral_nonopposite,neutral,nonopposite,0.4,preference_control,9.25,-13.5,9.247421264648438,-13.49927532672882,9.247421264648438,-13.49927532672882,-2.125927031040192,11.37334829568863,9.25,-13.5,-2.125,11.375
qwen25_14b,28,neutral_nonopposite::neutral::005,neutral_nonopposite,neutral_nonopposite,neutral,nonopposite,0.6,preference_control,10.75,-14.875,10.749061584472656,-14.874762058258057,10.749061584472656,-14.874762058258057,-2.0628502368927,12.811911821365356,10.75,-14.875,-2.0625,12.8125
qwen25_14b,28,neutral_nonopposite::neutral::005,neutral_nonopposite,neutral_nonopposite,neutral,nonopposite,0.8,preference_control,12.0,-16.25,11.999282836914062,-16.249780416488647,11.999282836914062,-16.249780416488647,-2.1252487897872925,14.124531626701357,12.0,-16.25,-2.125,14.125
qwen25_14b,28,neutral_nonopposite::neutral::005,neutral_nonopposite,neutral_nonopposite,neutral,nonopposite,1.0,preference_control,12.75,-17.25,12.748825073242188,-17.24939489364624,12.748825073242188,-17.24939489364624,-2.2502849102020264,14.999109983444214,12.75,-17.25,-2.25,15.0
qwen25_14b,28,neutral_nonopposite::neutral::006,neutral_nonopposite,neutral_nonopposite,neutral,nonopposite,-1.0,preference_control,-4.25,-8.375,-4.2460936307907104,-8.365234375,-4.2460936307907104,-8.365234375,-6.305664002895355,2.0595703721046448,-4.25,-8.375,-6.3125,2.0625
qwen25_14b,28,neutral_nonopposite::neutral::006,neutral_nonopposite,neutral_nonopposite,neutral,nonopposite,-0.8,preference_control,-6.25,-7.5,-6.2412108182907104,-7.5,-6.2412108182907104,-7.5,-6.870605409145355,0.6293945908546448,-6.25,-7.5,-6.875,0.625
qwen25_14b,28,neutral_nonopposite::neutral::006,neutral_nonopposite,neutral_nonopposite,neutral,nonopposite,-0.6,preference_control,-8.25,-7.75,-8.2293701171875,-7.749267578125,-8.2293701171875,-7.749267578125,-7.98931884765625,-0.24005126953125,-8.25,-7.75,-8.0,-0.25
qwen25_14b,28,neutral_nonopposite::neutral::006,neutral_nonopposite,neutral_nonopposite,neutral,nonopposite,-0.4,preference_control,-8.25,-8.75,-8.2197265625,-8.7398681640625,-8.2197265625,-8.7398681640625,-8.47979736328125,0.26007080078125,-8.25,-8.75,-8.5,0.25
qwen25_14b,28,neutral_nonopposite::neutral::006,neutral_nonopposite,neutral_nonopposite,neutral,nonopposite,-0.2,preference_control,-4.0,-7.25,-3.99560546875,-7.26220703125,-3.99560546875,-7.26220703125,-5.62890625,1.63330078125,-4.0,-7.25,-5.625,1.625
qwen25_14b,28,neutral_nonopposite::neutral::006,neutral_nonopposite,neutral_nonopposite,neutral,nonopposite,0.0,preference_control,3.5,-4.25,3.4948729276657104,-4.2548828125,3.4948729276657104,-4.2548828125,-0.3800049424171448,3.8748778700828552,3.5,-4.25,-0.375,3.875
qwen25_14b,28,neutral_nonopposite::neutral::006,neutral_nonopposite,neutral_nonopposite,neutral,nonopposite,0.2,preference_control,9.75,-4.75,9.747970342636108,-4.759765625,9.747970342636108,-4.759765625,2.494102358818054,7.253867983818054,9.75,-4.75,2.5,7.25
qwen25_14b,28,neutral_nonopposite::neutral::006,neutral_nonopposite,neutral_nonopposite,neutral,nonopposite,0.4,preference_control,12.0,-7.0,11.998328685760498,-6.98974609375,11.998328685760498,-6.98974609375,2.504291296005249,9.494037389755247,12.0,-7.0,2.5,9.5
qwen25_14b,28,neutral_nonopposite::neutral::006,neutral_nonopposite,neutral_nonopposite,neutral,nonopposite,0.6,preference_control,13.0,-9.0,12.997878074645996,-9.03076148033142,12.997878074645996,-9.03076148033142,1.983558297157288,11.014319777488708,13.0,-9.0,2.0,11.0
qwen25_14b,28,neutral_nonopposite::neutral::006,neutral_nonopposite,neutral_nonopposite,neutral,nonopposite,0.8,preference_control,14.375,-10.75,14.372176051139832,-10.726683974266052,14.372176051139832,-10.726683974266052,1.8227460384368896,12.549430012702942,14.375,-10.75,1.8125,12.5625
qwen25_14b,28,neutral_nonopposite::neutral::006,neutral_nonopposite,neutral_nonopposite,neutral,nonopposite,1.0,preference_control,14.875,-11.625,14.871794581413267,-11.635008811950684,14.871794581413267,-11.635008811950684,1.6183928847312927,13.253401696681976,14.875,-11.625,1.625,13.25
qwen25_14b,28,neutral_nonopposite::neutral::007,neutral_nonopposite,neutral_nonopposite,neutral,nonopposite,-1.0,preference_control,-3.5,-10.125,-3.484375,-10.140625,-3.484375,-10.140625,-6.8125,3.328125,-3.5,-10.125,-6.8125,3.3125
qwen25_14b,28,neutral_nonopposite::neutral::007,neutral_nonopposite,neutral_nonopposite,neutral,nonopposite,-0.8,preference_control,-3.75,-7.625,-3.75,-7.59375,-3.75,-7.59375,-5.671875,1.921875,-3.75,-7.625,-5.6875,1.9375
qwen25_14b,28,neutral_nonopposite::neutral::007,neutral_nonopposite,neutral_nonopposite,neutral,nonopposite,-0.6,preference_control,-3.75,-5.5,-3.744140625,-5.4921875,-3.744140625,-5.4921875,-4.6181640625,0.8740234375,-3.75,-5.5,-4.625,0.875
qwen25_14b,28,neutral_nonopposite::neutral::007,neutral_nonopposite,neutral_nonopposite,neutral,nonopposite,-0.4,preference_control,-2.75,-4.25,-2.75634765625,-4.259765625,-2.75634765625,-4.259765625,-3.508056640625,0.751708984375,-2.75,-4.25,-3.5,0.75
qwen25_14b,28,neutral_nonopposite::neutral::007,neutral_nonopposite,neutral_nonopposite,neutral,nonopposite,-0.2,preference_control,-1.0,-3.0,-0.998046875,-2.995361328125,-0.998046875,-2.995361328125,-1.9967041015625,0.9986572265625,-1.0,-3.0,-2.0,1.0
qwen25_14b,28,neutral_nonopposite::neutral::007,neutral_nonopposite,neutral_nonopposite,neutral,nonopposite,0.0,preference_control,1.0,-3.0,1.0,-2.99755859375,1.0,-2.99755859375,-0.998779296875,1.998779296875,1.0,-3.0,-1.0,2.0
qwen25_14b,28,neutral_nonopposite::neutral::007,neutral_nonopposite,neutral_nonopposite,neutral,nonopposite,0.2,preference_control,5.0,-4.75,4.9932861328125,-4.74127197265625,4.9932861328125,-4.74127197265625,0.126007080078125,4.867279052734375,5.0,-4.75,0.125,4.875
qwen25_14b,28,neutral_nonopposite::neutral::007,neutral_nonopposite,neutral_nonopposite,neutral,nonopposite,0.4,preference_control,9.25,-6.75,9.249903202056885,-6.748794555664063,9.249903202056885,-6.748794555664063,1.2505543231964111,7.999348878860474,9.25,-6.75,1.25,8.0
qwen25_14b,28,neutral_nonopposite::neutral::007,neutral_nonopposite,neutral_nonopposite,neutral,nonopposite,0.6,preference_control,11.25,-8.25,11.24998652935028,-8.249704360961914,11.24998652935028,-8.249704360961914,1.5001410841941831,9.749845445156096,11.25,-8.25,1.5,9.75
qwen25_14b,28,neutral_nonopposite::neutral::007,neutral_nonopposite,neutral_nonopposite,neutral,nonopposite,0.8,preference_control,12.75,-9.25,12.749996304512024,-9.249876022338867,12.749996304512024,-9.249876022338867,1.7500601410865784,10.999936163425446,12.75,-9.25,1.75,11.0
qwen25_14b,28,neutral_nonopposite::neutral::007,neutral_nonopposite,neutral_nonopposite,neutral,nonopposite,1.0,preference_control,13.25,-9.25,13.249995946884155,-9.249863624572754,13.249995946884155,-9.249863624572754,2.0000661611557007,11.249929785728456,13.25,-9.25,2.0,11.25
qwen25_14b,28,neutral_nonopposite::neutral::008,neutral_nonopposite,neutral_nonopposite,neutral,nonopposite,-1.0,preference_control,-0.875,-6.75,-0.8749996423721313,-6.746092319488525,-0.8749996423721313,-6.746092319488525,-3.810545980930328,2.935546338558197,-0.875,-6.75,-3.8125,2.9375
qwen25_14b,28,neutral_nonopposite::neutral::008,neutral_nonopposite,neutral_nonopposite,neutral,nonopposite,-0.8,preference_control,-2.75,-5.75,-2.7656248807907104,-5.736327052116394,-2.7656248807907104,-5.736327052116394,-4.250975966453552,1.4853510856628418,-2.75,-5.75,-4.25,1.5
qwen25_14b,28,neutral_nonopposite::neutral::008,neutral_nonopposite,neutral_nonopposite,neutral,nonopposite,-0.6,preference_control,-4.5,-4.25,-4.4912108182907104,-4.258300423622131,-4.4912108182907104,-4.258300423622131,-4.374755620956421,-0.1164551973342895,-4.5,-4.25,-4.375,-0.125
qwen25_14b,28,neutral_nonopposite::neutral::008,neutral_nonopposite,neutral_nonopposite,neutral,nonopposite,-0.4,preference_control,-5.0,-2.75,-4.989989995956421,-2.7465819120407104,-4.989989995956421,-2.7465819120407104,-3.8682859539985657,-1.1217040419578552,-5.0,-2.75,-3.875,-1.125
qwen25_14b,28,neutral_nonopposite::neutral::008,neutral_nonopposite,neutral_nonopposite,neutral,nonopposite,-0.2,preference_control,-2.5,-1.25,-2.496093392372132,-1.2480467557907104,-2.496093392372132,-1.2480467557907104,-1.872070074081421,-0.6240233182907104,-2.5,-1.25,-1.875,-0.625
qwen25_14b,28,neutral_nonopposite::neutral::008,neutral_nonopposite,neutral_nonopposite,neutral,nonopposite,0.0,preference_control,1.75,-0.75,1.7529301643371582,-0.75390625,1.7529301643371582,-0.75390625,0.4995119571685791,1.253418207168579,1.75,-0.75,0.5,1.25
qwen25_14b,28,neutral_nonopposite::neutral::008,neutral_nonopposite,neutral_nonopposite,neutral,nonopposite,0.2,preference_control,6.0,-1.5,5.997467875480652,-1.501953125,5.997467875480652,-1.501953125,2.247757375240326,3.749710500240326,6.0,-1.5,2.25,3.75
qwen25_14b,28,neutral_nonopposite::neutral::008,neutral_nonopposite,neutral_nonopposite,neutral,nonopposite,0.4,preference_control,8.25,-3.5,8.249719977378845,-3.50146484375,8.249719977378845,-3.50146484375,2.3741275668144226,5.875592410564423,8.25,-3.5,2.375,5.875
qwen25_14b,28,neutral_nonopposite::neutral::008,neutral_nonopposite,neutral_nonopposite,neutral,nonopposite,0.6,preference_control,10.0,-5.5,9.99995470046997,-5.49591064453125,9.99995470046997,-5.49591064453125,2.2520220279693604,7.74793267250061,10.0,-5.5,2.25,7.75
qwen25_14b,28,neutral_nonopposite::neutral::008,neutral_nonopposite,neutral_nonopposite,neutral,nonopposite,0.8,preference_control,11.75,-6.75,11.750014901161194,-6.748825073242188,11.750014901161194,-6.748825073242188,2.500594913959503,9.24941998720169,11.75,-6.75,2.5,9.25
qwen25_14b,28,neutral_nonopposite::neutral::008,neutral_nonopposite,neutral_nonopposite,neutral,nonopposite,1.0,preference_control,12.0,-7.25,12.000039219856262,-7.249282598495483,12.000039219856262,-7.249282598495483,2.3753783106803894,9.624660909175873,12.0,-7.25,2.375,9.625
qwen25_14b,28,neutral_nonopposite::neutral::009,neutral_nonopposite,neutral_nonopposite,neutral,nonopposite,-1.0,preference_control,0.375,-3.75,0.3750001192092895,-3.7343748807907104,0.3750001192092895,-3.7343748807907104,-1.6796873807907104,2.0546875,0.375,-3.75,-1.6875,2.0625
qwen25_14b,28,neutral_nonopposite::neutral::009,neutral_nonopposite,neutral_nonopposite,neutral,nonopposite,-0.8,preference_control,-3.75,-2.5,-3.75,-2.4999998807907104,-3.75,-2.4999998807907104,-3.1249999403953552,-0.6250000596046448,-3.75,-2.5,-3.125,-0.625
qwen25_14b,28,neutral_nonopposite::neutral::009,neutral_nonopposite,neutral_nonopposite,neutral,nonopposite,-0.6,preference_control,-6.5,-1.5,-6.48828125,-1.50390625,-6.48828125,-1.50390625,-3.99609375,-2.4921875,-6.5,-1.5,-4.0,-2.5
qwen25_14b,28,neutral_nonopposite::neutral::009,neutral_nonopposite,neutral_nonopposite,neutral,nonopposite,-0.4,preference_control,-8.125,0.0,-8.122146606445312,0.0,-8.122146606445312,0.0,-4.061073303222656,-4.061073303222656,-8.125,0.0,-4.0625,-4.0625
qwen25_14b,28,neutral_nonopposite::neutral::009,neutral_nonopposite,neutral_nonopposite,neutral,nonopposite,-0.2,preference_control,-7.5,1.25,-7.499431610107422,1.248046875,-7.499431610107422,1.248046875,-3.125692367553711,-4.373739242553711,-7.5,1.25,-3.125,-4.375
qwen25_14b,28,neutral_nonopposite::neutral::009,neutral_nonopposite,neutral_nonopposite,neutral,nonopposite,0.0,preference_control,-4.75,0.0,-4.74139404296875,0.0,-4.74139404296875,0.0,-2.370697021484375,-2.370697021484375,-4.75,0.0,-2.375,-2.375
qwen25_14b,28,neutral_nonopposite::neutral::009,neutral_nonopposite,neutral_nonopposite,neutral,nonopposite,0.2,preference_control,-1.5,-2.25,-1.501953125,-2.24365234375,-1.501953125,-2.24365234375,-1.872802734375,0.370849609375,-1.5,-2.25,-1.875,0.375
qwen25_14b,28,neutral_nonopposite::neutral::009,neutral_nonopposite,neutral_nonopposite,neutral,nonopposite,0.4,preference_control,1.25,-4.5,1.248046875,-4.4888916015625,1.248046875,-4.4888916015625,-1.62042236328125,2.86846923828125,1.25,-4.5,-1.625,2.875
qwen25_14b,28,neutral_nonopposite::neutral::009,neutral_nonopposite,neutral_nonopposite,neutral,nonopposite,0.6,preference_control,3.25,-6.25,3.2431640625,-6.2479400634765625,3.2431640625,-6.2479400634765625,-1.5023880004882812,4.745552062988281,3.25,-6.25,-1.5,4.75
qwen25_14b,28,neutral_nonopposite::neutral::009,neutral_nonopposite,neutral_nonopposite,neutral,nonopposite,0.8,preference_control,5.25,-7.5,5.24468994140625,-7.499279022216797,5.24468994140625,-7.499279022216797,-1.1272945404052734,6.371984481811523,5.25,-7.5,-1.125,6.375
qwen25_14b,28,neutral_nonopposite::neutral::009,neutral_nonopposite,neutral_nonopposite,neutral,nonopposite,1.0,preference_control,6.75,-8.5,6.7487335205078125,-8.499521255493164,6.7487335205078125,-8.499521255493164,-0.8753938674926758,7.624127388000488,6.75,-8.5,-0.875,7.625
qwen25_14b,28,neutral_nonopposite::neutral::010,neutral_nonopposite,neutral_nonopposite,neutral,nonopposite,-1.0,preference_control,2.75,-7.375,2.75,-7.375,2.75,-7.375,-2.3125,5.0625,2.75,-7.375,-2.3125,5.0625
qwen25_14b,28,neutral_nonopposite::neutral::010,neutral_nonopposite,neutral_nonopposite,neutral,nonopposite,-0.8,preference_control,2.75,-6.125,2.765625,-6.1328125,2.765625,-6.1328125,-1.68359375,4.44921875,2.75,-6.125,-1.6875,4.4375
qwen25_14b,28,neutral_nonopposite::neutral::010,neutral_nonopposite,neutral_nonopposite,neutral,nonopposite,-0.6,preference_control,4.5,-5.5,4.50390625,-5.505859375,4.50390625,-5.505859375,-0.5009765625,5.0048828125,4.5,-5.5,-0.5,5.0
qwen25_14b,28,neutral_nonopposite::neutral::010,neutral_nonopposite,neutral_nonopposite,neutral,nonopposite,-0.4,preference_control,4.75,-6.25,4.73590087890625,-6.2420654296875,4.73590087890625,-6.2420654296875,-0.753082275390625,5.488983154296875,4.75,-6.25,-0.75,5.5
qwen25_14b,28,neutral_nonopposite::neutral::010,neutral_nonopposite,neutral_nonopposite,neutral,nonopposite,-0.2,preference_control,3.5,-8.5,3.50146484375,-8.499597549438477,3.50146484375,-8.499597549438477,-2.4990663528442383,6.000531196594238,3.5,-8.5,-2.5,6.0
qwen25_14b,28,neutral_nonopposite::neutral::010,neutral_nonopposite,neutral_nonopposite,neutral,nonopposite,0.0,preference_control,2.25,-9.75,2.24365234375,-9.749893188476562,2.24365234375,-9.749893188476562,-3.753120422363281,5.996772766113281,2.25,-9.75,-3.75,6.0
qwen25_14b,28,neutral_nonopposite::neutral::010,neutral_nonopposite,neutral_nonopposite,neutral,nonopposite,0.2,preference_control,1.5,-11.75,1.501953125,-11.749961853027344,1.501953125,-11.749961853027344,-5.124004364013672,6.625957489013672,1.5,-11.75,-5.125,6.625
qwen25_14b,28,neutral_nonopposite::neutral::010,neutral_nonopposite,neutral_nonopposite,neutral,nonopposite,0.4,preference_control,1.5,-13.75,1.501953125,-13.749985218048096,1.501953125,-13.749985218048096,-6.124016046524048,7.625969171524048,1.5,-13.75,-6.125,7.625
qwen25_14b,28,neutral_nonopposite::neutral::010,neutral_nonopposite,neutral_nonopposite,neutral,nonopposite,0.6,preference_control,2.25,-14.25,2.24365234375,-14.249988555908203,2.24365234375,-14.249988555908203,-6.003168106079102,8.246820449829102,2.25,-14.25,-6.0,8.25
qwen25_14b,28,neutral_nonopposite::neutral::010,neutral_nonopposite,neutral_nonopposite,neutral,nonopposite,0.8,preference_control,4.0,-13.5,4.0130615234375,-13.499966382980348,4.0130615234375,-13.499966382980348,-4.743452429771423,8.756513953208923,4.0,-13.5,-4.75,8.75
qwen25_14b,28,neutral_nonopposite::neutral::010,neutral_nonopposite,neutral_nonopposite,neutral,nonopposite,1.0,preference_control,5.0,-13.25,4.993255615234375,-13.24986457824707,4.993255615234375,-13.24986457824707,-4.128304481506348,9.121560096740724,5.0,-13.25,-4.125,9.125
qwen25_14b,28,neutral_nonopposite::neutral::011,neutral_nonopposite,neutral_nonopposite,neutral,nonopposite,-1.0,preference_control,8.5,-4.125,8.5,-4.125,8.5,-4.125,2.1875,6.3125,8.5,-4.125,2.1875,6.3125
qwen25_14b,28,neutral_nonopposite::neutral::011,neutral_nonopposite,neutral_nonopposite,neutral,nonopposite,-0.8,preference_control,4.375,-3.25,4.375,-3.21875,4.375,-3.21875,0.578125,3.796875,4.375,-3.25,0.5625,3.8125
qwen25_14b,28,neutral_nonopposite::neutral::011,neutral_nonopposite,neutral_nonopposite,neutral,nonopposite,-0.6,preference_control,2.0,-1.5,2.015625,-1.5,2.015625,-1.5,0.2578125,1.7578125,2.0,-1.5,0.25,1.75
qwen25_14b,28,neutral_nonopposite::neutral::011,neutral_nonopposite,neutral_nonopposite,neutral,nonopposite,-0.4,preference_control,0.75,0.75,0.74609375,0.75,0.74609375,0.75,0.748046875,-0.001953125,0.75,0.75,0.75,0.0
qwen25_14b,28,neutral_nonopposite::neutral::011,neutral_nonopposite,neutral_nonopposite,neutral,nonopposite,-0.2,preference_control,0.5,1.25,0.501953125,1.251953125,0.501953125,1.251953125,0.876953125,-0.375,0.5,1.25,0.875,-0.375
qwen25_14b,28,neutral_nonopposite::neutral::011,neutral_nonopposite,neutral_nonopposite,neutral,nonopposite,0.0,preference_control,1.0,-3.0,1.00390625,-2.998046875,1.00390625,-2.998046875,-0.9970703125,2.0009765625,1.0,-3.0,-1.0,2.0
qwen25_14b,28,neutral_nonopposite::neutral::011,neutral_nonopposite,neutral_nonopposite,neutral,nonopposite,0.2,preference_control,3.0,-6.75,2.994873046875,-6.748748779296875,2.994873046875,-6.748748779296875,-1.8769378662109373,4.8718109130859375,3.0,-6.75,-1.875,4.875
qwen25_14b,28,neutral_nonopposite::neutral::011,neutral_nonopposite,neutral_nonopposite,neutral,nonopposite,0.4,preference_control,5.0,-8.75,4.9920654296875,-8.749824523925781,4.9920654296875,-8.749824523925781,-1.8788795471191408,6.870944976806641,5.0,-8.75,-1.875,6.875
qwen25_14b,28,neutral_nonopposite::neutral::011,neutral_nonopposite,neutral_nonopposite,neutral,nonopposite,0.6,preference_control,6.25,-10.75,6.247604370117188,-10.74996542930603,6.247604370117188,-10.74996542930603,-2.2511805295944214,8.498784899711609,6.25,-10.75,-2.25,8.5
qwen25_14b,28,neutral_nonopposite::neutral::011,neutral_nonopposite,neutral_nonopposite,neutral,nonopposite,0.8,preference_control,7.25,-13.25,7.24884033203125,-13.24998128414154,7.24884033203125,-13.24998128414154,-3.0005704760551453,10.249410808086395,7.25,-13.25,-3.0,10.25
qwen25_14b,28,neutral_nonopposite::neutral::011,neutral_nonopposite,neutral_nonopposite,neutral,nonopposite,1.0,preference_control,7.25,-14.5,7.248359680175781,-14.499924182891846,7.248359680175781,-14.499924182891846,-3.625782251358032,10.874141931533812,7.25,-14.5,-3.625,10.875
qwen25_14b,28,neutral_nonopposite::neutral::012,neutral_nonopposite,neutral_nonopposite,neutral,nonopposite,-1.0,preference_control,11.375,-0.75,11.3125,-0.75,11.3125,-0.75,5.28125,6.03125,11.375,-0.75,5.3125,6.0625
qwen25_14b,28,neutral_nonopposite::neutral::012,neutral_nonopposite,neutral_nonopposite,neutral,nonopposite,-0.8,preference_control,10.375,-1.625,10.375,-1.625,10.375,-1.625,4.375,6.0,10.375,-1.625,4.375,6.0
qwen25_14b,28,neutral_nonopposite::neutral::012,neutral_nonopposite,neutral_nonopposite,neutral,nonopposite,-0.6,preference_control,8.5,-1.5,8.5,-1.5,8.5,-1.5,3.5,5.0,8.5,-1.5,3.5,5.0
qwen25_14b,28,neutral_nonopposite::neutral::012,neutral_nonopposite,neutral_nonopposite,neutral,nonopposite,-0.4,preference_control,4.5,-1.5,4.501953125,-1.5,4.501953125,-1.5,1.5009765625,3.0009765625,4.5,-1.5,1.5,3.0
qwen25_14b,28,neutral_nonopposite::neutral::012,neutral_nonopposite,neutral_nonopposite,neutral,nonopposite,-0.2,preference_control,2.0,-1.75,1.998046875,-1.75,1.998046875,-1.75,0.1240234375,1.8740234375,2.0,-1.75,0.125,1.875
qwen25_14b,28,neutral_nonopposite::neutral::012,neutral_nonopposite,neutral_nonopposite,neutral,nonopposite,0.0,preference_control,3.5,-5.5,3.5013427734375,-5.49542236328125,3.5013427734375,-5.49542236328125,-0.997039794921875,4.498382568359375,3.5,-5.5,-1.0,4.5
qwen25_14b,28,neutral_nonopposite::neutral::012,neutral_nonopposite,neutral_nonopposite,neutral,nonopposite,0.2,preference_control,5.5,-8.75,5.495697021484375,-8.749719619750977,5.495697021484375,-8.749719619750977,-1.6270112991333008,7.122708320617676,5.5,-8.75,-1.625,7.125
qwen25_14b,28,neutral_nonopposite::neutral::012,neutral_nonopposite,neutral_nonopposite,neutral,nonopposite,0.4,preference_control,5.75,-10.0,5.74591064453125,-9.999786376953123,5.74591064453125,-9.999786376953123,-2.126937866210937,7.8728485107421875,5.75,-10.0,-2.125,7.875
qwen25_14b,28,neutral_nonopposite::neutral::012,neutral_nonopposite,neutral_nonopposite,neutral,nonopposite,0.6,preference_control,5.75,-10.75,5.744354248046875,-10.749765396118164,5.744354248046875,-10.749765396118164,-2.5027055740356445,8.24705982208252,5.75,-10.75,-2.5,8.25
qwen25_14b,28,neutral_nonopposite::neutral::012,neutral_nonopposite,neutral_nonopposite,neutral,nonopposite,0.8,preference_control,7.0,-11.25,6.99591064453125,-11.24954605102539,6.99591064453125,-11.24954605102539,-2.1268177032470703,9.12272834777832,7.0,-11.25,-2.125,9.125
qwen25_14b,28,neutral_nonopposite::neutral::012,neutral_nonopposite,neutral_nonopposite,neutral,nonopposite,1.0,preference_control,8.75,-12.25,8.745758056640625,-12.249547958374023,8.745758056640625,-12.249547958374023,-1.7518949508666992,10.497653007507324,8.75,-12.25,-1.75,10.5
qwen25_14b,28,neutral_nonopposite::neutral::013,neutral_nonopposite,neutral_nonopposite,neutral,nonopposite,-1.0,preference_control,-0.75,-0.875,-0.7500001192092896,-0.875,-0.7500001192092896,-0.875,-0.8125000596046448,0.0624999403953552,-0.75,-0.875,-0.8125,0.0625
qwen25_14b,28,neutral_nonopposite::neutral::013,neutral_nonopposite,neutral_nonopposite,neutral,nonopposite,-0.8,preference_control,-2.25,7.75,-2.2578125,7.754150390625,-2.2578125,7.754150390625,2.7481689453125,-5.0059814453125,-2.25,7.75,2.75,-5.0
qwen25_14b,28,neutral_nonopposite::neutral::013,neutral_nonopposite,neutral_nonopposite,neutral,nonopposite,-0.6,preference_control,-2.0,13.875,-2.00390625,13.874811172485352,-2.00390625,13.874811172485352,5.935452461242676,-7.939358711242676,-2.0,13.875,5.9375,-7.9375
qwen25_14b,28,neutral_nonopposite::neutral::013,neutral_nonopposite,neutral_nonopposite,neutral,nonopposite,-0.4,preference_control,-2.25,18.125,-2.25634765625,18.12499797344208,-2.25634765625,18.12499797344208,7.934325158596039,-10.19067281484604,-2.25,18.125,7.9375,-10.1875
qwen25_14b,28,neutral_nonopposite::neutral::013,neutral_nonopposite,neutral_nonopposite,neutral,nonopposite,-0.2,preference_control,-0.25,18.25,-0.25,18.24999976158142,-0.25,18.24999976158142,8.99999988079071,-9.24999988079071,-0.25,18.25,9.0,-9.25
qwen25_14b,28,neutral_nonopposite::neutral::013,neutral_nonopposite,neutral_nonopposite,neutral,nonopposite,0.0,preference_control,4.5,13.25,4.48895263671875,13.24999749660492,4.48895263671875,13.24999749660492,8.869475066661835,-4.380522429943085,4.5,13.25,8.875,-4.375
qwen25_14b,28,neutral_nonopposite::neutral::013,neutral_nonopposite,neutral_nonopposite,neutral,nonopposite,0.2,preference_control,10.5,5.5,10.499972105026243,5.49591064453125,10.499972105026243,5.49591064453125,7.997941374778748,2.5020307302474976,10.5,5.5,8.0,2.5
qwen25_14b,28,neutral_nonopposite::neutral::013,neutral_nonopposite,neutral_nonopposite,neutral,nonopposite,0.4,preference_control,13.5,1.0,13.499998211860657,1.0,13.499998211860657,1.0,7.249999105930328,6.249999105930328,13.5,1.0,7.25,6.25
qwen25_14b,28,neutral_nonopposite::neutral::013,neutral_nonopposite,neutral_nonopposite,neutral,nonopposite,0.6,preference_control,14.25,-1.5,14.249998569488524,-1.5009765625,14.249998569488524,-1.5009765625,6.374511003494263,7.875487565994263,14.25,-1.5,6.375,7.875
qwen25_14b,28,neutral_nonopposite::neutral::013,neutral_nonopposite,neutral_nonopposite,neutral,nonopposite,0.8,preference_control,15.5,-4.0,15.499994397163391,-4.0115966796875,15.499994397163391,-4.0115966796875,5.744198858737946,9.755795538425446,15.5,-4.0,5.75,9.75
qwen25_14b,28,neutral_nonopposite::neutral::013,neutral_nonopposite,neutral_nonopposite,neutral,nonopposite,1.0,preference_control,16.125,-6.0,16.12496328353882,-5.9888917207717896,16.12496328353882,-5.9888917207717896,5.068035781383514,11.056927502155304,16.125,-6.0,5.0625,11.0625
qwen25_14b,28,neutral_nonopposite::neutral::014,neutral_nonopposite,neutral_nonopposite,neutral,nonopposite,-1.0,preference_control,-12.375,-18.5,-12.43750011920929,-18.5234375,-12.43750011920929,-18.5234375,-15.480468809604645,3.0429686903953552,-12.375,-18.5,-15.4375,3.0625
qwen25_14b,28,neutral_nonopposite::neutral::014,neutral_nonopposite,neutral_nonopposite,neutral,nonopposite,-0.8,preference_control,-15.375,-17.25,-15.375,-17.25,-15.375,-17.25,-16.3125,0.9375,-15.375,-17.25,-16.3125,0.9375
qwen25_14b,28,neutral_nonopposite::neutral::014,neutral_nonopposite,neutral_nonopposite,neutral,nonopposite,-0.6,preference_control,-16.875,-15.0,-16.84375,-15.02099609375,-16.84375,-15.02099609375,-15.932373046875,-0.911376953125,-16.875,-15.0,-15.9375,-0.9375
qwen25_14b,28,neutral_nonopposite::neutral::014,neutral_nonopposite,neutral_nonopposite,neutral,nonopposite,-0.4,preference_control,-18.75,-10.75,-18.703125,-10.777099609375,-18.703125,-10.777099609375,-14.7401123046875,-3.9630126953125,-18.75,-10.75,-14.75,-4.0
qwen25_14b,28,neutral_nonopposite::neutral::014,neutral_nonopposite,neutral_nonopposite,neutral,nonopposite,-0.2,preference_control,-16.5,-4.5,-16.56103515625,-4.50048828125,-16.56103515625,-4.50048828125,-10.53076171875,-6.0302734375,-16.5,-4.5,-10.5,-6.0
qwen25_14b,28,neutral_nonopposite::neutral::014,neutral_nonopposite,neutral_nonopposite,neutral,nonopposite,0.0,preference_control,-8.375,1.0,-8.3485107421875,1.001953125,-8.3485107421875,1.001953125,-3.67327880859375,-4.67523193359375,-8.375,1.0,-3.6875,-4.6875
qwen25_14b,28,neutral_nonopposite::neutral::014,neutral_nonopposite,neutral_nonopposite,neutral,nonopposite,0.2,preference_control,1.75,2.25,1.7421875,2.2451171875,1.7421875,2.2451171875,1.99365234375,-0.25146484375,1.75,2.25,2.0,-0.25
qwen25_14b,28,neutral_nonopposite::neutral::014,neutral_nonopposite,neutral_nonopposite,neutral,nonopposite,0.4,preference_control,4.0,1.5,3.998046875,1.4970703125,3.998046875,1.4970703125,2.74755859375,1.25048828125,4.0,1.5,2.75,1.25
qwen25_14b,28,neutral_nonopposite::neutral::014,neutral_nonopposite,neutral_nonopposite,neutral,nonopposite,0.6,preference_control,6.0,-0.25,6.0106201171875,-0.25,6.0106201171875,-0.25,2.88031005859375,3.13031005859375,6.0,-0.25,2.875,3.125
qwen25_14b,28,neutral_nonopposite::neutral::014,neutral_nonopposite,neutral_nonopposite,neutral,nonopposite,0.8,preference_control,8.5,-2.25,8.48870849609375,-2.2490234375,8.48870849609375,-2.2490234375,3.119842529296875,5.368865966796875,8.5,-2.25,3.125,5.375
qwen25_14b,28,neutral_nonopposite::neutral::014,neutral_nonopposite,neutral_nonopposite,neutral,nonopposite,1.0,preference_control,10.25,-4.25,10.23577880859375,-4.2626953125,10.23577880859375,-4.2626953125,2.986541748046875,7.249237060546875,10.25,-4.25,3.0,7.25
qwen25_14b,28,neutral_nonopposite::neutral::015,neutral_nonopposite,neutral_nonopposite,neutral,nonopposite,-1.0,preference_control,2.5,-0.75,2.5,-0.75,2.5,-0.75,0.875,1.625,2.5,-0.75,0.875,1.625
qwen25_14b,28,neutral_nonopposite::neutral::015,neutral_nonopposite,neutral_nonopposite,neutral,nonopposite,-0.8,preference_control,3.25,1.5,3.244140625,1.4970703125,3.244140625,1.4970703125,2.37060546875,0.87353515625,3.25,1.5,2.375,0.875
qwen25_14b,28,neutral_nonopposite::neutral::015,neutral_nonopposite,neutral_nonopposite,neutral,nonopposite,-0.6,preference_control,4.5,3.0,4.4873046875,2.998291015625,4.4873046875,2.998291015625,3.7427978515625,0.7445068359375,4.5,3.0,3.75,0.75
qwen25_14b,28,neutral_nonopposite::neutral::015,neutral_nonopposite,neutral_nonopposite,neutral,nonopposite,-0.4,preference_control,5.75,2.0,5.7468109130859375,1.998046875,5.7468109130859375,1.998046875,3.8724288940429688,1.8743820190429688,5.75,2.0,3.875,1.875
qwen25_14b,28,neutral_nonopposite::neutral::015,neutral_nonopposite,neutral_nonopposite,neutral,nonopposite,-0.2,preference_control,4.75,-4.0,4.74139404296875,-4.0130615234375,4.74139404296875,-4.0130615234375,0.364166259765625,4.377227783203125,4.75,-4.0,0.375,4.375
qwen25_14b,28,neutral_nonopposite::neutral::015,neutral_nonopposite,neutral_nonopposite,neutral,nonopposite,0.0,preference_control,5.0,-11.25,4.9932861328125,-11.249982833862305,4.9932861328125,-11.249982833862305,-3.1283483505249023,8.121634483337402,5.0,-11.25,-3.125,8.125
qwen25_14b,28,neutral_nonopposite::neutral::015,neutral_nonopposite,neutral_nonopposite,neutral,nonopposite,0.2,preference_control,7.25,-14.5,7.249290466308594,-14.4999977350235,7.249290466308594,-14.4999977350235,-3.625353634357453,10.874644100666046,7.25,-14.5,-3.625,10.875
qwen25_14b,28,neutral_nonopposite::neutral::015,neutral_nonopposite,neutral_nonopposite,neutral,nonopposite,0.4,preference_control,7.5,-14.75,7.499446868896484,-14.749997973442078,7.499446868896484,-14.749997973442078,-3.6252755522727966,11.12472242116928,7.5,-14.75,-3.625,11.125
qwen25_14b,28,neutral_nonopposite::neutral::015,neutral_nonopposite,neutral_nonopposite,neutral,nonopposite,0.6,preference_control,8.0,-15.25,7.999664306640625,-15.249996423721312,7.999664306640625,-15.249996423721312,-3.625166058540344,11.62483036518097,8.0,-15.25,-3.625,11.625
qwen25_14b,28,neutral_nonopposite::neutral::015,neutral_nonopposite,neutral_nonopposite,neutral,nonopposite,0.8,preference_control,8.25,-15.5,8.249732971191406,-15.499990463256836,8.249732971191406,-15.499990463256836,-3.625128746032715,11.87486171722412,8.25,-15.5,-3.625,11.875
qwen25_14b,28,neutral_nonopposite::neutral::015,neutral_nonopposite,neutral_nonopposite,neutral,nonopposite,1.0,preference_control,8.5,-16.0,8.499760627746582,-15.999966382980348,8.499760627746582,-15.999966382980348,-3.7501028776168814,12.249863505363464,8.5,-16.0,-3.75,12.25
qwen25_14b,28,neutral_nonopposite::neutral::016,neutral_nonopposite,neutral_nonopposite,neutral,nonopposite,-1.0,preference_control,-0.5,-6.75,-0.5,-6.7578125,-0.5,-6.7578125,-3.62890625,3.12890625,-0.5,-6.75,-3.625,3.125
qwen25_14b,28,neutral_nonopposite::neutral::016,neutral_nonopposite,neutral_nonopposite,neutral,nonopposite,-0.8,preference_control,-0.75,-7.875,-0.75,-7.8662109375,-0.75,-7.8662109375,-4.30810546875,3.55810546875,-0.75,-7.875,-4.3125,3.5625
qwen25_14b,28,neutral_nonopposite::neutral::016,neutral_nonopposite,neutral_nonopposite,neutral,nonopposite,-0.6,preference_control,-1.0,-8.25,-1.0,-8.2275390625,-1.0,-8.2275390625,-4.61376953125,3.61376953125,-1.0,-8.25,-4.625,3.625
qwen25_14b,28,neutral_nonopposite::neutral::016,neutral_nonopposite,neutral_nonopposite,neutral,nonopposite,-0.4,preference_control,-2.0,-8.25,-1.9921875,-8.24267578125,-1.9921875,-8.24267578125,-5.117431640625,3.125244140625,-2.0,-8.25,-5.125,3.125
qwen25_14b,28,neutral_nonopposite::neutral::016,neutral_nonopposite,neutral_nonopposite,neutral,nonopposite,-0.2,preference_control,-3.5,-8.75,-3.49560546875,-8.747833251953125,-3.49560546875,-8.747833251953125,-6.1217193603515625,2.6261138916015625,-3.5,-8.75,-6.125,2.625
qwen25_14b,28,neutral_nonopposite::neutral::016,neutral_nonopposite,neutral_nonopposite,neutral,nonopposite,0.0,preference_control,-3.25,-10.5,-3.24267578125,-10.499869346618652,-3.24267578125,-10.499869346618652,-6.871272563934326,3.628596782684326,-3.25,-10.5,-6.875,3.625
qwen25_14b,28,neutral_nonopposite::neutral::016,neutral_nonopposite,neutral_nonopposite,neutral,nonopposite,0.2,preference_control,-0.75,-12.0,-0.75390625,-11.9999897480011,-0.75390625,-11.9999897480011,-6.376947999000549,5.623041749000549,-0.75,-12.0,-6.375,5.625
qwen25_14b,28,neutral_nonopposite::neutral::016,neutral_nonopposite,neutral_nonopposite,neutral,nonopposite,0.4,preference_control,1.0,-12.5,0.998046875,-12.49999451637268,0.998046875,-12.49999451637268,-5.75097382068634,6.74902069568634,1.0,-12.5,-5.75,6.75
qwen25_14b,28,neutral_nonopposite::neutral::016,neutral_nonopposite,neutral_nonopposite,neutral,nonopposite,0.6,preference_control,2.25,-12.5,2.2431640625,-12.49999499320984,2.2431640625,-12.49999499320984,-5.128415465354919,7.371579527854919,2.25,-12.5,-5.125,7.375
qwen25_14b,28,neutral_nonopposite::neutral::016,neutral_nonopposite,neutral_nonopposite,neutral,nonopposite,0.8,preference_control,3.5,-12.25,3.5010986328125,-12.24999225139618,3.5010986328125,-12.24999225139618,-4.37444680929184,7.87554544210434,3.5,-12.25,-4.375,7.875
qwen25_14b,28,neutral_nonopposite::neutral::016,neutral_nonopposite,neutral_nonopposite,neutral,nonopposite,1.0,preference_control,4.75,-11.25,4.74017333984375,-11.249976992607117,4.74017333984375,-11.249976992607117,-3.254901826381684,7.995075166225433,4.75,-11.25,-3.25,8.0
qwen25_14b,28,neutral_nonopposite::neutral::017,neutral_nonopposite,neutral_nonopposite,neutral,nonopposite,-1.0,preference_control,1.875,-7.875,1.875,-7.8720701932907104,1.875,-7.8720701932907104,-2.9985350966453552,4.873535096645355,1.875,-7.875,-3.0,4.875
qwen25_14b,28,neutral_nonopposite::neutral::017,neutral_nonopposite,neutral_nonopposite,neutral,nonopposite,-0.8,preference_control,1.0,-7.25,1.0,-7.243896484375,1.0,-7.243896484375,-3.1219482421875,4.1219482421875,1.0,-7.25,-3.125,4.125
qwen25_14b,28,neutral_nonopposite::neutral::017,neutral_nonopposite,neutral_nonopposite,neutral,nonopposite,-0.6,preference_control,0.75,-5.75,0.75,-5.73699951171875,0.75,-5.73699951171875,-2.493499755859375,3.243499755859375,0.75,-5.75,-2.5,3.25
qwen25_14b,28,neutral_nonopposite::neutral::017,neutral_nonopposite,neutral_nonopposite,neutral,nonopposite,-0.4,preference_control,2.25,-4.0,2.24658203125,-4.0108642578125,2.24658203125,-4.0108642578125,-0.88214111328125,3.12872314453125,2.25,-4.0,-0.875,3.125
qwen25_14b,28,neutral_nonopposite::neutral::017,neutral_nonopposite,neutral_nonopposite,neutral,nonopposite,-0.2,preference_control,3.75,-4.75,3.7574462890625,-4.7412109375,3.7574462890625,-4.7412109375,-0.49188232421875,4.24932861328125,3.75,-4.75,-0.5,4.25
qwen25_14b,28,neutral_nonopposite::neutral::017,neutral_nonopposite,neutral_nonopposite,neutral,nonopposite,0.0,preference_control,6.0,-7.0,5.9975128173828125,-6.999057769775391,5.9975128173828125,-6.999057769775391,-0.5007724761962891,6.498285293579102,6.0,-7.0,-0.5,6.5
qwen25_14b,28,neutral_nonopposite::neutral::017,neutral_nonopposite,neutral_nonopposite,neutral,nonopposite,0.2,preference_control,8.0,-8.75,7.999662399291992,-8.74983024597168,7.999662399291992,-8.74983024597168,-0.3750839233398437,8.374746322631836,8.0,-8.75,-0.375,8.375
qwen25_14b,28,neutral_nonopposite::neutral::017,neutral_nonopposite,neutral_nonopposite,neutral,nonopposite,0.4,preference_control,7.75,-9.5,7.749567031860352,-9.499917984008787,7.749567031860352,-9.499917984008787,-0.8751754760742188,8.62474250793457,7.75,-9.5,-0.875,8.625
qwen25_14b,28,neutral_nonopposite::neutral::017,neutral_nonopposite,neutral_nonopposite,neutral,nonopposite,0.6,preference_control,7.75,-9.75,7.749567151069641,-9.749933242797852,7.749567151069641,-9.749933242797852,-1.0001830458641052,8.749750196933746,7.75,-9.75,-1.0,8.75
qwen25_14b,28,neutral_nonopposite::neutral::017,neutral_nonopposite,neutral_nonopposite,neutral,nonopposite,0.8,preference_control,8.5,-9.75,8.499791264533997,-9.749927520751951,8.499791264533997,-9.749927520751951,-0.6250681281089783,9.124859392642977,8.5,-9.75,-0.625,9.125
qwen25_14b,28,neutral_nonopposite::neutral::017,neutral_nonopposite,neutral_nonopposite,neutral,nonopposite,1.0,preference_control,9.75,-9.25,9.74992060661316,-9.24985122680664,9.74992060661316,-9.24985122680664,0.2500346899032593,9.4998859167099,9.75,-9.25,0.25,9.5
qwen25_14b,28,neutral_nonopposite::neutral::018,neutral_nonopposite,neutral_nonopposite,neutral,nonopposite,-1.0,preference_control,1.0,-2.875,0.9999996423721312,-2.90625,0.9999996423721312,-2.90625,-0.9531251788139344,1.9531248211860657,1.0,-2.875,-0.9375,1.9375
qwen25_14b,28,neutral_nonopposite::neutral::018,neutral_nonopposite,neutral_nonopposite,neutral,nonopposite,-0.8,preference_control,-0.25,-1.875,-0.25,-1.875,-0.25,-1.875,-1.0625,0.8125,-0.25,-1.875,-1.0625,0.8125
qwen25_14b,28,neutral_nonopposite::neutral::018,neutral_nonopposite,neutral_nonopposite,neutral,nonopposite,-0.6,preference_control,0.0,-1.25,0.0,-1.25,0.0,-1.25,-0.625,0.625,0.0,-1.25,-0.625,0.625
qwen25_14b,28,neutral_nonopposite::neutral::018,neutral_nonopposite,neutral_nonopposite,neutral,nonopposite,-0.4,preference_control,1.5,-1.5,1.4990234375,-1.49609375,1.4990234375,-1.49609375,0.00146484375,1.49755859375,1.5,-1.5,0.0,1.5
qwen25_14b,28,neutral_nonopposite::neutral::018,neutral_nonopposite,neutral_nonopposite,neutral,nonopposite,-0.2,preference_control,4.5,-3.25,4.48876953125,-3.254638671875,4.48876953125,-3.254638671875,0.6170654296875,3.8717041015625,4.5,-3.25,0.625,3.875
qwen25_14b,28,neutral_nonopposite::neutral::018,neutral_nonopposite,neutral_nonopposite,neutral,nonopposite,0.0,preference_control,9.75,-5.0,9.749817848205566,-4.9888916015625,9.749817848205566,-4.9888916015625,2.380463123321533,7.369354724884033,9.75,-5.0,2.375,7.375
qwen25_14b,28,neutral_nonopposite::neutral::018,neutral_nonopposite,neutral_nonopposite,neutral,nonopposite,0.2,preference_control,13.75,-5.75,13.749774932861328,-5.742401123046875,13.749774932861328,-5.742401123046875,4.003686904907227,9.746088027954102,13.75,-5.75,4.0,9.75
qwen25_14b,28,neutral_nonopposite::neutral::018,neutral_nonopposite,neutral_nonopposite,neutral,nonopposite,0.4,preference_control,15.125,-5.75,15.124829292297363,-5.74212646484375,15.124829292297363,-5.74212646484375,4.691351413726807,10.433477878570557,15.125,-5.75,4.6875,10.4375
qwen25_14b,28,neutral_nonopposite::neutral::018,neutral_nonopposite,neutral_nonopposite,neutral,nonopposite,0.6,preference_control,15.125,-5.75,15.124831199645996,-5.7412109375,15.124831199645996,-5.7412109375,4.691810131072998,10.433021068572998,15.125,-5.75,4.6875,10.4375
qwen25_14b,28,neutral_nonopposite::neutral::018,neutral_nonopposite,neutral_nonopposite,neutral,nonopposite,0.8,preference_control,14.75,-5.5,14.74972915649414,-5.4908447265625,14.74972915649414,-5.4908447265625,4.62944221496582,10.12028694152832,14.75,-5.5,4.625,10.125
qwen25_14b,28,neutral_nonopposite::neutral::018,neutral_nonopposite,neutral_nonopposite,neutral,nonopposite,1.0,preference_control,15.375,-5.75,15.374439239501951,-5.7419434785842896,15.374439239501951,-5.7419434785842896,4.816247880458832,10.55819135904312,15.375,-5.75,4.8125,10.5625
qwen25_14b,28,neutral_nonopposite::neutral::019,neutral_nonopposite,neutral_nonopposite,neutral,nonopposite,-1.0,preference_control,-2.5,-2.75,-2.484374761581421,-2.75,-2.484374761581421,-2.75,-2.6171873807907104,0.1328126192092895,-2.5,-2.75,-2.625,0.125
qwen25_14b,28,neutral_nonopposite::neutral::019,neutral_nonopposite,neutral_nonopposite,neutral,nonopposite,-0.8,preference_control,-5.25,0.25,-5.2499998807907104,0.25,-5.2499998807907104,0.25,-2.4999999403953552,-2.7499999403953552,-5.25,0.25,-2.5,-2.75
qwen25_14b,28,neutral_nonopposite::neutral::019,neutral_nonopposite,neutral_nonopposite,neutral,nonopposite,-0.6,preference_control,-6.0,1.5,-6.0045166015625,1.5,-6.0045166015625,1.5,-2.25225830078125,-3.75225830078125,-6.0,1.5,-2.25,-3.75
qwen25_14b,28,neutral_nonopposite::neutral::019,neutral_nonopposite,neutral_nonopposite,neutral,nonopposite,-0.4,preference_control,-4.5,1.5,-4.488037109375,1.49609375,-4.488037109375,1.49609375,-1.4959716796875,-2.9920654296875,-4.5,1.5,-1.5,-3.0
qwen25_14b,28,neutral_nonopposite::neutral::019,neutral_nonopposite,neutral_nonopposite,neutral,nonopposite,-0.2,preference_control,-0.5,-2.25,-0.4980467557907104,-2.2431640625,-0.4980467557907104,-2.2431640625,-1.3706054091453552,0.8725586533546448,-0.5,-2.25,-1.375,0.875
qwen25_14b,28,neutral_nonopposite::neutral::019,neutral_nonopposite,neutral_nonopposite,neutral,nonopposite,0.0,preference_control,5.0,-7.75,4.99322521686554,-7.749523162841797,4.99322521686554,-7.749523162841797,-1.3781489729881289,6.371374189853668,5.0,-7.75,-1.375,6.375
qwen25_14b,28,neutral_nonopposite::neutral::019,neutral_nonopposite,neutral_nonopposite,neutral,nonopposite,0.2,preference_control,8.75,-12.0,8.749816179275513,-11.999983429908752,8.749816179275513,-11.999983429908752,-1.62508362531662,10.374899804592133,8.75,-12.0,-1.625,10.375
qwen25_14b,28,neutral_nonopposite::neutral::019,neutral_nonopposite,neutral_nonopposite,neutral,nonopposite,0.4,preference_control,9.5,-12.0,9.499909162521362,-11.999988675117493,9.499909162521362,-11.999988675117493,-1.2500397562980652,10.749948918819427,9.5,-12.0,-1.25,10.75
qwen25_14b,28,neutral_nonopposite::neutral::019,neutral_nonopposite,neutral_nonopposite,neutral,nonopposite,0.6,preference_control,10.0,-11.25,9.999943137168884,-11.2499817609787,9.999943137168884,-11.2499817609787,-0.6250193119049072,10.624962449073792,10.0,-11.25,-0.625,10.625
qwen25_14b,28,neutral_nonopposite::neutral::019,neutral_nonopposite,neutral_nonopposite,neutral,nonopposite,0.8,preference_control,10.0,-11.0,9.999931931495668,-10.999976754188538,9.999931931495668,-10.999976754188538,-0.5000224113464355,10.499954342842102,10.0,-11.0,-0.5,10.5
qwen25_14b,28,neutral_nonopposite::neutral::019,neutral_nonopposite,neutral_nonopposite,neutral,nonopposite,1.0,preference_control,10.25,-11.0,10.249866366386414,-10.999955415725708,10.249866366386414,-10.999955415725708,-0.3750445246696472,10.62491089105606,10.25,-11.0,-0.375,10.625
qwen25_14b,28,neutral_nonopposite::neutral::020,neutral_nonopposite,neutral_nonopposite,neutral,nonopposite,-1.0,preference_control,3.25,-6.0,3.25,-6.03125,3.25,-6.03125,-1.390625,4.640625,3.25,-6.0,-1.375,4.625
qwen25_14b,28,neutral_nonopposite::neutral::020,neutral_nonopposite,neutral_nonopposite,neutral,nonopposite,-0.8,preference_control,1.5,-3.625,1.5,-3.625,1.5,-3.625,-1.0625,2.5625,1.5,-3.625,-1.0625,2.5625
qwen25_14b,28,neutral_nonopposite::neutral::020,neutral_nonopposite,neutral_nonopposite,neutral,nonopposite,-0.6,preference_control,0.75,-0.75,0.75,-0.7421875,0.75,-0.7421875,0.00390625,0.74609375,0.75,-0.75,0.0,0.75
qwen25_14b,28,neutral_nonopposite::neutral::020,neutral_nonopposite,neutral_nonopposite,neutral,nonopposite,-0.4,preference_control,0.5,2.0,0.5,1.9951171875,0.5,1.9951171875,1.24755859375,-0.74755859375,0.5,2.0,1.25,-0.75
qwen25_14b,28,neutral_nonopposite::neutral::020,neutral_nonopposite,neutral_nonopposite,neutral,nonopposite,-0.2,preference_control,-0.5,1.0,-0.501953125,1.0,-0.501953125,1.0,0.2490234375,-0.7509765625,-0.5,1.0,0.25,-0.75
qwen25_14b,28,neutral_nonopposite::neutral::020,neutral_nonopposite,neutral_nonopposite,neutral,nonopposite,0.0,preference_control,0.5,-2.25,0.501953125,-2.2431640625,0.501953125,-2.2431640625,-0.87060546875,1.37255859375,0.5,-2.25,-0.875,1.375
qwen25_14b,28,neutral_nonopposite::neutral::020,neutral_nonopposite,neutral_nonopposite,neutral,nonopposite,0.2,preference_control,3.75,-5.5,3.7578125,-5.49566650390625,3.7578125,-5.49566650390625,-0.868927001953125,4.626739501953125,3.75,-5.5,-0.875,4.625
qwen25_14b,28,neutral_nonopposite::neutral::020,neutral_nonopposite,neutral_nonopposite,neutral,nonopposite,0.4,preference_control,6.5,-7.75,6.498458862304688,-7.74932861328125,6.498458862304688,-7.74932861328125,-0.6254348754882812,7.123893737792969,6.5,-7.75,-0.625,7.125
qwen25_14b,28,neutral_nonopposite::neutral::020,neutral_nonopposite,neutral_nonopposite,neutral,nonopposite,0.6,preference_control,8.25,-10.0,8.24972152709961,-9.999813079833984,8.24972152709961,-9.999813079833984,-0.8750457763671875,9.124767303466797,8.25,-10.0,-0.875,9.125
qwen25_14b,28,neutral_nonopposite::neutral::020,neutral_nonopposite,neutral_nonopposite,neutral,nonopposite,0.8,preference_control,9.25,-11.5,9.249882221221924,-11.499884605407717,9.249882221221924,-11.499884605407717,-1.1250011920928955,10.37488341331482,9.25,-11.5,-1.125,10.375
qwen25_14b,28,neutral_nonopposite::neutral::020,neutral_nonopposite,neutral_nonopposite,neutral,nonopposite,1.0,preference_control,9.5,-12.75,9.499866485595703,-12.749866485595703,9.499866485595703,-12.749866485595703,-1.625,11.124866485595703,9.5,-12.75,-1.625,11.125
qwen25_14b,28,neutral_nonopposite::neutral::021,neutral_nonopposite,neutral_nonopposite,neutral,nonopposite,-1.0,preference_control,1.875,2.875,1.875,2.875,1.875,2.875,2.375,-0.5,1.875,2.875,2.375,-0.5
qwen25_14b,28,neutral_nonopposite::neutral::021,neutral_nonopposite,neutral_nonopposite,neutral,nonopposite,-0.8,preference_control,1.375,5.5,1.375,5.484375,1.375,5.484375,3.4296875,-2.0546875,1.375,5.5,3.4375,-2.0625
qwen25_14b,28,neutral_nonopposite::neutral::021,neutral_nonopposite,neutral_nonopposite,neutral,nonopposite,-0.6,preference_control,1.25,6.5,1.25,6.48828125,1.25,6.48828125,3.869140625,-2.619140625,1.25,6.5,3.875,-2.625
qwen25_14b,28,neutral_nonopposite::neutral::021,neutral_nonopposite,neutral_nonopposite,neutral,nonopposite,-0.4,preference_control,0.25,7.0,0.25,6.992218017578125,0.25,6.992218017578125,3.6211090087890634,-3.3711090087890625,0.25,7.0,3.625,-3.375
qwen25_14b,28,neutral_nonopposite::neutral::021,neutral_nonopposite,neutral_nonopposite,neutral,nonopposite,-0.2,preference_control,0.25,5.75,0.25,5.74676513671875,0.25,5.74676513671875,2.998382568359375,-2.748382568359375,0.25,5.75,3.0,-2.75
qwen25_14b,28,neutral_nonopposite::neutral::021,neutral_nonopposite,neutral_nonopposite,neutral,nonopposite,0.0,preference_control,1.5,1.5,1.5009765625,1.5009765625,1.5009765625,1.5009765625,1.5009765625,0.0,1.5,1.5,1.5,0.0
qwen25_14b,28,neutral_nonopposite::neutral::021,neutral_nonopposite,neutral_nonopposite,neutral,nonopposite,0.2,preference_control,4.25,-3.75,4.23577880859375,-3.7423095703125,4.23577880859375,-3.7423095703125,0.246734619140625,3.989044189453125,4.25,-3.75,0.25,4.0
qwen25_14b,28,neutral_nonopposite::neutral::021,neutral_nonopposite,neutral_nonopposite,neutral,nonopposite,0.4,preference_control,6.75,-6.5,6.748817443847656,-6.498466491699219,6.748817443847656,-6.498466491699219,0.1251754760742187,6.6236419677734375,6.75,-6.5,0.125,6.625
qwen25_14b,28,neutral_nonopposite::neutral::021,neutral_nonopposite,neutral_nonopposite,neutral,nonopposite,0.6,preference_control,8.75,-8.5,8.749833106994629,-8.499773979187012,8.749833106994629,-8.499773979187012,0.1250295639038086,8.62480354309082,8.75,-8.5,0.125,8.625
qwen25_14b,28,neutral_nonopposite::neutral::021,neutral_nonopposite,neutral_nonopposite,neutral,nonopposite,0.8,preference_control,10.0,-10.0,9.999926567077637,-9.999914646148682,9.999926567077637,-9.999914646148682,5.960464477539063e-06,9.99992060661316,10.0,-10.0,0.0,10.0
qwen25_14b,28,neutral_nonopposite::neutral::021,neutral_nonopposite,neutral_nonopposite,neutral,nonopposite,1.0,preference_control,10.75,-10.75,10.74985408782959,-10.749878406524658,10.74985408782959,-10.749878406524658,-1.2159347534179688e-05,10.749866247177124,10.75,-10.75,0.0,10.75
qwen25_14b,28,neutral_nonopposite::neutral::022,neutral_nonopposite,neutral_nonopposite,neutral,nonopposite,-1.0,preference_control,3.375,-2.0,3.375,-2.03125,3.375,-2.03125,0.671875,2.703125,3.375,-2.0,0.6875,2.6875
qwen25_14b,28,neutral_nonopposite::neutral::022,neutral_nonopposite,neutral_nonopposite,neutral,nonopposite,-0.8,preference_control,3.75,-2.5,3.75,-2.5,3.75,-2.5,0.625,3.125,3.75,-2.5,0.625,3.125
qwen25_14b,28,neutral_nonopposite::neutral::022,neutral_nonopposite,neutral_nonopposite,neutral,nonopposite,-0.6,preference_control,5.0,-5.0,5.0,-5.0,5.0,-5.0,0.0,5.0,5.0,-5.0,0.0,5.0
qwen25_14b,28,neutral_nonopposite::neutral::022,neutral_nonopposite,neutral_nonopposite,neutral,nonopposite,-0.4,preference_control,5.75,-7.0,5.75,-6.99444580078125,5.75,-6.99444580078125,-0.622222900390625,6.372222900390625,5.75,-7.0,-0.625,6.375
qwen25_14b,28,neutral_nonopposite::neutral::022,neutral_nonopposite,neutral_nonopposite,neutral,nonopposite,-0.2,preference_control,2.75,-9.75,2.74658203125,-9.74992609024048,2.74658203125,-9.74992609024048,-3.5016720294952397,6.248254060745239,2.75,-9.75,-3.5,6.25
qwen25_14b,28,neutral_nonopposite::neutral::022,neutral_nonopposite,neutral_nonopposite,neutral,nonopposite,0.0,preference_control,2.0,-12.25,1.99609375,-12.249990582466124,1.99609375,-12.249990582466124,-5.126948416233063,7.123042166233063,2.0,-12.25,-5.125,7.125
qwen25_14b,28,neutral_nonopposite::neutral::022,neutral_nonopposite,neutral_nonopposite,neutral,nonopposite,0.2,preference_control,3.75,-12.5,3.7569580078125,-12.49999213218689,3.7569580078125,-12.49999213218689,-4.371517062187195,8.128475069999695,3.75,-12.5,-4.375,8.125
qwen25_14b,28,neutral_nonopposite::neutral::022,neutral_nonopposite,neutral_nonopposite,neutral,nonopposite,0.4,preference_control,5.5,-12.25,5.494964599609375,-12.249991416931152,5.494964599609375,-12.249991416931152,-3.3775134086608887,8.872478008270264,5.5,-12.25,-3.375,8.875
qwen25_14b,28,neutral_nonopposite::neutral::022,neutral_nonopposite,neutral_nonopposite,neutral,nonopposite,0.6,preference_control,7.25,-11.75,7.248542785644531,-11.749987125396729,7.248542785644531,-11.749987125396729,-2.250722169876098,9.49926495552063,7.25,-11.75,-2.25,9.5
qwen25_14b,28,neutral_nonopposite::neutral::022,neutral_nonopposite,neutral_nonopposite,neutral,nonopposite,0.8,preference_control,8.25,-11.75,8.248992919921875,-11.74998164176941,8.248992919921875,-11.74998164176941,-1.750494360923767,9.999487280845642,8.25,-11.75,-1.75,10.0
qwen25_14b,28,neutral_nonopposite::neutral::022,neutral_nonopposite,neutral_nonopposite,neutral,nonopposite,1.0,preference_control,9.5,-11.25,9.498703002929688,-11.249961614608765,9.498703002929688,-11.249961614608765,-0.8756293058395386,10.374332308769226,9.5,-11.25,-0.875,10.375
qwen25_14b,28,neutral_nonopposite::neutral::023,neutral_nonopposite,neutral_nonopposite,neutral,nonopposite,-1.0,preference_control,7.0,3.75,7.0,3.75,7.0,3.75,5.375,1.625,7.0,3.75,5.375,1.625
qwen25_14b,28,neutral_nonopposite::neutral::023,neutral_nonopposite,neutral_nonopposite,neutral,nonopposite,-0.8,preference_control,4.5,4.625,4.509765625,4.62109375,4.509765625,4.62109375,4.5654296875,-0.0556640625,4.5,4.625,4.5625,-0.0625
qwen25_14b,28,neutral_nonopposite::neutral::023,neutral_nonopposite,neutral_nonopposite,neutral,nonopposite,-0.6,preference_control,0.25,6.0,0.25,5.997344970703125,0.25,5.997344970703125,3.1236724853515625,-2.8736724853515625,0.25,6.0,3.125,-2.875
qwen25_14b,28,neutral_nonopposite::neutral::023,neutral_nonopposite,neutral_nonopposite,neutral,nonopposite,-0.4,preference_control,-2.5,6.5,-2.4990234375,6.498481750488281,-2.4990234375,6.498481750488281,1.9997291564941408,-4.498752593994141,-2.5,6.5,2.0,-4.5
qwen25_14b,28,neutral_nonopposite::neutral::023,neutral_nonopposite,neutral_nonopposite,neutral,nonopposite,-0.2,preference_control,-1.5,4.5,-1.501953125,4.48895263671875,-1.501953125,4.48895263671875,1.493499755859375,-2.995452880859375,-1.5,4.5,1.5,-3.0
qwen25_14b,28,neutral_nonopposite::neutral::023,neutral_nonopposite,neutral_nonopposite,neutral,nonopposite,0.0,preference_control,3.0,1.25,2.998291015625,1.248046875,2.998291015625,1.248046875,2.1231689453125,0.8751220703125,3.0,1.25,2.125,0.875
qwen25_14b,28,neutral_nonopposite::neutral::023,neutral_nonopposite,neutral_nonopposite,neutral,nonopposite,0.2,preference_control,6.75,-2.75,6.748497009277344,-2.75048828125,6.748497009277344,-2.75048828125,1.999004364013672,4.749492645263672,6.75,-2.75,2.0,4.75
qwen25_14b,28,neutral_nonopposite::neutral::023,neutral_nonopposite,neutral_nonopposite,neutral,nonopposite,0.4,preference_control,9.5,-5.25,9.499015808105469,-5.2447509765625,9.499015808105469,-5.2447509765625,2.1271324157714844,7.371883392333984,9.5,-5.25,2.125,7.375
qwen25_14b,28,neutral_nonopposite::neutral::023,neutral_nonopposite,neutral_nonopposite,neutral,nonopposite,0.6,preference_control,11.25,-6.75,11.246810913085938,-6.748809814453125,11.246810913085938,-6.748809814453125,2.2490005493164062,8.997810363769531,11.25,-6.75,2.25,9.0
qwen25_14b,28,neutral_nonopposite::neutral::023,neutral_nonopposite,neutral_nonopposite,neutral,nonopposite,0.8,preference_control,12.75,-6.75,12.73895263671875,-6.7487335205078125,12.73895263671875,-6.7487335205078125,2.9951095581054688,9.74384307861328,12.75,-6.75,3.0,9.75
qwen25_14b,28,neutral_nonopposite::neutral::023,neutral_nonopposite,neutral_nonopposite,neutral,nonopposite,1.0,preference_control,13.25,-7.0,13.22021484375,-6.998825073242188,13.22021484375,-6.998825073242188,3.1106948852539062,10.109519958496094,13.25,-7.0,3.125,10.125
qwen25_14b,28,neutral_nonopposite::neutral::024,neutral_nonopposite,neutral_nonopposite,neutral,nonopposite,-1.0,preference_control,-0.5,2.5,-0.5,2.5,-0.5,2.5,1.0,-1.5,-0.5,2.5,1.0,-1.5
qwen25_14b,28,neutral_nonopposite::neutral::024,neutral_nonopposite,neutral_nonopposite,neutral,nonopposite,-0.8,preference_control,-2.75,4.0,-2.7421875,3.9892578125,-2.7421875,3.9892578125,0.62353515625,-3.36572265625,-2.75,4.0,0.625,-3.375
qwen25_14b,28,neutral_nonopposite::neutral::024,neutral_nonopposite,neutral_nonopposite,neutral,nonopposite,-0.6,preference_control,-5.25,4.75,-5.23468017578125,4.76220703125,-5.23468017578125,4.76220703125,-0.236236572265625,-4.998443603515625,-5.25,4.75,-0.25,-5.0
qwen25_14b,28,neutral_nonopposite::neutral::024,neutral_nonopposite,neutral_nonopposite,neutral,nonopposite,-0.4,preference_control,-7.0,5.5,-6.9986419677734375,5.495819091796875,-6.9986419677734375,5.495819091796875,-0.7514114379882812,-6.247230529785156,-7.0,5.5,-0.75,-6.25
qwen25_14b,28,neutral_nonopposite::neutral::024,neutral_nonopposite,neutral_nonopposite,neutral,nonopposite,-0.2,preference_control,-7.0,4.25,-6.9988861083984375,4.23577880859375,-6.9988861083984375,4.23577880859375,-1.3815536499023438,-5.617332458496094,-7.0,4.25,-1.375,-5.625
qwen25_14b,28,neutral_nonopposite::neutral::024,neutral_nonopposite,neutral_nonopposite,neutral,nonopposite,0.0,preference_control,-3.75,1.25,-3.7576904296875,1.248046875,-3.7576904296875,1.248046875,-1.25482177734375,-2.50286865234375,-3.75,1.25,-1.25,-2.5
qwen25_14b,28,neutral_nonopposite::neutral::024,neutral_nonopposite,neutral_nonopposite,neutral,nonopposite,0.2,preference_control,0.25,-2.75,0.25,-2.75,0.25,-2.75,-1.25,1.5,0.25,-2.75,-1.25,1.5
qwen25_14b,28,neutral_nonopposite::neutral::024,neutral_nonopposite,neutral_nonopposite,neutral,nonopposite,0.4,preference_control,3.25,-5.25,3.25634765625,-5.24383544921875,3.25634765625,-5.24383544921875,-0.993743896484375,4.250091552734375,3.25,-5.25,-1.0,4.25
qwen25_14b,28,neutral_nonopposite::neutral::024,neutral_nonopposite,neutral_nonopposite,neutral,nonopposite,0.6,preference_control,5.75,-6.75,5.74432373046875,-6.747650146484375,5.74432373046875,-6.747650146484375,-0.5016632080078125,6.2459869384765625,5.75,-6.75,-0.5,6.25
qwen25_14b,28,neutral_nonopposite::neutral::024,neutral_nonopposite,neutral_nonopposite,neutral,nonopposite,0.8,preference_control,7.0,-7.75,6.996597290039063,-7.747634887695312,6.996597290039063,-7.747634887695312,-0.375518798828125,7.3721160888671875,7.0,-7.75,-0.375,7.375
qwen25_14b,28,neutral_nonopposite::neutral::024,neutral_nonopposite,neutral_nonopposite,neutral,nonopposite,1.0,preference_control,7.0,-8.25,6.995880126953125,-8.24725341796875,6.995880126953125,-8.24725341796875,-0.6256866455078125,7.6215667724609375,7.0,-8.25,-0.625,7.625
qwen25_14b,28,neutral_opposite::neutral::000,neutral_opposite,neutral_opposite,neutral,opposite,-1.0,preference_control,3.25,-4.0,3.2187503576278687,-4.0,3.2187503576278687,-4.0,-0.3906248211860657,3.6093751788139343,3.25,-4.0,-0.375,3.625
qwen25_14b,28,neutral_opposite::neutral::000,neutral_opposite,neutral_opposite,neutral,opposite,-0.8,preference_control,1.875,-2.75,1.8750001192092896,-2.75,1.8750001192092896,-2.75,-0.4374999403953552,2.3125000596046448,1.875,-2.75,-0.4375,2.3125
qwen25_14b,28,neutral_opposite::neutral::000,neutral_opposite,neutral_opposite,neutral,opposite,-0.6,preference_control,-0.125,-2.5,-0.125,-2.46875,-0.125,-2.46875,-1.296875,1.171875,-0.125,-2.5,-1.3125,1.1875
qwen25_14b,28,neutral_opposite::neutral::000,neutral_opposite,neutral_opposite,neutral,opposite,-0.4,preference_control,-1.375,-2.75,-1.375,-2.75,-1.375,-2.75,-2.0625,0.6875,-1.375,-2.75,-2.0625,0.6875
qwen25_14b,28,neutral_opposite::neutral::000,neutral_opposite,neutral_opposite,neutral,opposite,-0.2,preference_control,-0.75,0.875,-0.75,0.8906251192092896,-0.75,0.8906251192092896,0.0703125596046447,-0.8203125596046448,-0.75,0.875,0.0625,-0.8125
qwen25_14b,28,neutral_opposite::neutral::000,neutral_opposite,neutral_opposite,neutral,opposite,0.0,preference_control,1.75,5.125,1.7578125,5.1328126192092896,1.7578125,5.1328126192092896,3.4453125596046448,-1.6875000596046448,1.75,5.125,3.4375,-1.6875
qwen25_14b,28,neutral_opposite::neutral::000,neutral_opposite,neutral_opposite,neutral,opposite,0.2,preference_control,4.25,4.0,4.23828125,4.0,4.23828125,4.0,4.119140625,0.119140625,4.25,4.0,4.125,0.125
qwen25_14b,28,neutral_opposite::neutral::000,neutral_opposite,neutral_opposite,neutral,opposite,0.4,preference_control,5.25,0.75,5.265625,0.75,5.265625,0.75,3.0078125,2.2578125,5.25,0.75,3.0,2.25
qwen25_14b,28,neutral_opposite::neutral::000,neutral_opposite,neutral_opposite,neutral,opposite,0.6,preference_control,6.0,-1.75,5.99609375,-1.75,5.99609375,-1.75,2.123046875,3.873046875,6.0,-1.75,2.125,3.875
qwen25_14b,28,neutral_opposite::neutral::000,neutral_opposite,neutral_opposite,neutral,opposite,0.8,preference_control,6.25,-2.75,6.24609375,-2.74560546875,6.24609375,-2.74560546875,1.750244140625,4.495849609375,6.25,-2.75,1.75,4.5
qwen25_14b,28,neutral_opposite::neutral::000,neutral_opposite,neutral_opposite,neutral,opposite,1.0,preference_control,5.75,-3.75,5.74609375,-3.756103515625,5.74609375,-3.756103515625,0.9949951171875,4.7510986328125,5.75,-3.75,1.0,4.75
qwen25_14b,28,neutral_opposite::neutral::001,neutral_opposite,neutral_opposite,neutral,opposite,-1.0,preference_control,-3.625,-9.25,-3.625000238418579,-9.24999988079071,-3.625000238418579,-9.24999988079071,-6.437500059604645,2.8124998211860657,-3.625,-9.25,-6.4375,2.8125
qwen25_14b,28,neutral_opposite::neutral::001,neutral_opposite,neutral_opposite,neutral,opposite,-0.8,preference_control,-5.625,-7.375,-5.609375,-7.34375,-5.609375,-7.34375,-6.4765625,0.8671875,-5.625,-7.375,-6.5,0.875
qwen25_14b,28,neutral_opposite::neutral::001,neutral_opposite,neutral_opposite,neutral,opposite,-0.6,preference_control,-7.75,-3.875,-7.718750238418579,-3.8593751192092896,-7.718750238418579,-3.8593751192092896,-5.789062678813934,-1.9296875596046448,-7.75,-3.875,-5.8125,-1.9375
qwen25_14b,28,neutral_opposite::neutral::001,neutral_opposite,neutral_opposite,neutral,opposite,-0.4,preference_control,-8.75,-0.5,-8.75000011920929,-0.5000001192092896,-8.75000011920929,-0.5000001192092896,-4.6250001192092896,-4.125,-8.75,-0.5,-4.625,-4.125
qwen25_14b,28,neutral_opposite::neutral::001,neutral_opposite,neutral_opposite,neutral,opposite,-0.2,preference_control,-7.25,2.875,-7.2656251192092896,2.906249642372132,-7.2656251192092896,2.906249642372132,-2.179687738418579,-5.0859373807907104,-7.25,2.875,-2.1875,-5.0625
qwen25_14b,28,neutral_opposite::neutral::001,neutral_opposite,neutral_opposite,neutral,opposite,0.0,preference_control,-2.125,5.0,-2.1250001192092896,4.992187261581421,-2.1250001192092896,4.992187261581421,1.4335935711860657,-3.5585936903953552,-2.125,5.0,1.4375,-3.5625
qwen25_14b,28,neutral_opposite::neutral::001,neutral_opposite,neutral_opposite,neutral,opposite,0.2,preference_control,4.5,2.25,4.4863280057907104,2.255859017372132,4.4863280057907104,2.255859017372132,3.371093511581421,1.1152344942092896,4.5,2.25,3.375,1.125
qwen25_14b,28,neutral_opposite::neutral::001,neutral_opposite,neutral_opposite,neutral,opposite,0.4,preference_control,7.5,-1.75,7.5136717557907104,-1.7441412210464478,7.5136717557907104,-1.7441412210464478,2.884765267372132,4.628906488418579,7.5,-1.75,2.875,4.625
qwen25_14b,28,neutral_opposite::neutral::001,neutral_opposite,neutral_opposite,neutral,opposite,0.6,preference_control,9.5,-4.75,9.51367163658142,-4.763428807258606,9.51367163658142,-4.763428807258606,2.3751214146614075,7.138550221920013,9.5,-4.75,2.375,7.125
qwen25_14b,28,neutral_opposite::neutral::001,neutral_opposite,neutral_opposite,neutral,opposite,0.8,preference_control,10.625,-7.0,10.60839831829071,-6.987795948982239,10.60839831829071,-6.987795948982239,1.810301184654236,8.798097133636475,10.625,-7.0,1.8125,8.8125
qwen25_14b,28,neutral_opposite::neutral::001,neutral_opposite,neutral_opposite,neutral,opposite,1.0,preference_control,11.5,-7.5,11.49804663658142,-7.4853599071502686,11.49804663658142,-7.4853599071502686,2.006343364715576,9.491703271865845,11.5,-7.5,2.0,9.5
qwen25_14b,28,neutral_opposite::neutral::002,neutral_opposite,neutral_opposite,neutral,opposite,-1.0,preference_control,8.875,-4.375,9.25000524520874,-4.222652792930603,9.25000524520874,-4.222652792930603,2.5136762261390686,6.736329019069672,8.875,-4.375,2.25,6.625
qwen25_14b,28,neutral_opposite::neutral::002,neutral_opposite,neutral_opposite,neutral,opposite,-0.8,preference_control,6.375,-2.0,7.015625596046448,-1.7539020776748655,7.015625596046448,-1.7539020776748655,2.630861759185791,4.384763836860657,6.375,-2.0,2.1875,4.1875
qwen25_14b,28,neutral_opposite::neutral::002,neutral_opposite,neutral_opposite,neutral,opposite,-0.6,preference_control,6.125,0.5,6.4843751192092896,0.2343776226043701,6.4843751192092896,0.2343776226043701,3.35937637090683,3.12499874830246,6.125,0.5,3.3125,2.8125
qwen25_14b,28,neutral_opposite::neutral::002,neutral_opposite,neutral_opposite,neutral,opposite,-0.4,preference_control,7.625,1.25,7.6375732421875,1.4511728286743164,7.6375732421875,1.4511728286743164,4.544373035430908,3.093200206756592,7.625,1.25,4.4375,3.1875
qwen25_14b,28,neutral_opposite::neutral::002,neutral_opposite,neutral_opposite,neutral,opposite,-0.2,preference_control,7.875,1.5,8.40380859375,1.7255864143371582,8.40380859375,1.7255864143371582,5.064697504043579,3.339111089706421,7.875,1.5,4.6875,3.1875
qwen25_14b,28,neutral_opposite::neutral::002,neutral_opposite,neutral_opposite,neutral,opposite,0.0,preference_control,8.125,-1.0,8.480712890625,-0.904296875,8.480712890625,-0.904296875,3.7882080078125,4.6925048828125,8.125,-1.0,3.5625,4.5625
qwen25_14b,28,neutral_opposite::neutral::002,neutral_opposite,neutral_opposite,neutral,opposite,0.2,preference_control,9.0,-5.5,8.9957275390625,-5.48596179485321,8.9957275390625,-5.48596179485321,1.7548828721046448,7.240844666957855,9.0,-5.5,1.75,7.25
qwen25_14b,28,neutral_opposite::neutral::002,neutral_opposite,neutral_opposite,neutral,opposite,0.4,preference_control,9.75,-9.25,9.499359130859377,-9.248947024345398,9.499359130859377,-9.248947024345398,0.1252060532569885,9.374153077602386,9.75,-9.25,0.25,9.5
qwen25_14b,28,neutral_opposite::neutral::002,neutral_opposite,neutral_opposite,neutral,opposite,0.6,preference_control,10.75,-11.0,10.749860882759094,-10.99988579750061,10.749860882759094,-10.99988579750061,-0.125012457370758,10.874873340129852,10.75,-11.0,-0.125,10.875
qwen25_14b,28,neutral_opposite::neutral::002,neutral_opposite,neutral_opposite,neutral,opposite,0.8,preference_control,11.875,-11.75,12.12489366531372,-11.749963998794556,12.12489366531372,-11.749963998794556,0.1874648332595825,11.937428832054138,11.875,-11.75,0.0625,11.8125
qwen25_14b,28,neutral_opposite::neutral::002,neutral_opposite,neutral_opposite,neutral,opposite,1.0,preference_control,12.125,-11.5,12.249868273735046,-11.499974370002748,12.249868273735046,-11.499974370002748,0.3749469518661499,11.874921321868896,12.125,-11.5,0.3125,11.8125
qwen25_14b,28,neutral_opposite::neutral::003,neutral_opposite,neutral_opposite,neutral,opposite,-1.0,preference_control,3.125,-13.8125,3.125,-13.8125,3.125,-13.8125,-5.34375,8.46875,3.125,-13.8125,-5.34375,8.46875
qwen25_14b,28,neutral_opposite::neutral::003,neutral_opposite,neutral_opposite,neutral,opposite,-0.8,preference_control,-1.625,-9.0,-1.625,-9.0,-1.625,-9.0,-5.3125,3.6875,-1.625,-9.0,-5.3125,3.6875
qwen25_14b,28,neutral_opposite::neutral::003,neutral_opposite,neutral_opposite,neutral,opposite,-0.6,preference_control,-6.375,-4.875,-6.375,-4.875,-6.375,-4.875,-5.625,-0.75,-6.375,-4.875,-5.625,-0.75
qwen25_14b,28,neutral_opposite::neutral::003,neutral_opposite,neutral_opposite,neutral,opposite,-0.4,preference_control,-9.625,-2.75,-9.65625011920929,-2.75,-9.65625011920929,-2.75,-6.203125059604645,-3.4531250596046448,-9.625,-2.75,-6.1875,-3.4375
qwen25_14b,28,neutral_opposite::neutral::003,neutral_opposite,neutral_opposite,neutral,opposite,-0.2,preference_control,-11.125,-2.25,-11.14062511920929,-2.25,-11.14062511920929,-2.25,-6.695312559604645,-4.445312559604645,-11.125,-2.25,-6.6875,-4.4375
qwen25_14b,28,neutral_opposite::neutral::003,neutral_opposite,neutral_opposite,neutral,opposite,0.0,preference_control,-8.875,-2.875,-8.880859375,-2.875,-8.880859375,-2.875,-5.8779296875,-3.0029296875,-8.875,-2.875,-5.875,-3.0
qwen25_14b,28,neutral_opposite::neutral::003,neutral_opposite,neutral_opposite,neutral,opposite,0.2,preference_control,-3.5,-1.5,-3.4921875,-1.501953125,-3.4921875,-1.501953125,-2.4970703125,-0.9951171875,-3.5,-1.5,-2.5,-1.0
qwen25_14b,28,neutral_opposite::neutral::003,neutral_opposite,neutral_opposite,neutral,opposite,0.4,preference_control,0.75,-1.75,0.74609375,-1.7470703125,0.74609375,-1.7470703125,-0.50048828125,1.24658203125,0.75,-1.75,-0.5,1.25
qwen25_14b,28,neutral_opposite::neutral::003,neutral_opposite,neutral_opposite,neutral,opposite,0.6,preference_control,4.75,-3.5,4.74169921875,-3.50732421875,4.74169921875,-3.50732421875,0.6171875,4.12451171875,4.75,-3.5,0.625,4.125
qwen25_14b,28,neutral_opposite::neutral::003,neutral_opposite,neutral_opposite,neutral,opposite,0.8,preference_control,7.0,-5.25,7.011962890625,-5.240234375,7.011962890625,-5.240234375,0.8858642578125,6.1260986328125,7.0,-5.25,0.875,6.125
qwen25_14b,28,neutral_opposite::neutral::003,neutral_opposite,neutral_opposite,neutral,opposite,1.0,preference_control,7.25,-6.0,7.257080078125,-5.9906005859375,7.257080078125,-5.9906005859375,0.63323974609375,6.62384033203125,7.25,-6.0,0.625,6.625
qwen25_14b,28,neutral_opposite::neutral::004,neutral_opposite,neutral_opposite,neutral,opposite,-1.0,preference_control,12.25,-4.5,12.246444702148438,-4.490234375,12.246444702148438,-4.490234375,3.8781051635742183,8.368339538574219,12.25,-4.5,3.875,8.375
qwen25_14b,28,neutral_opposite::neutral::004,neutral_opposite,neutral_opposite,neutral,opposite,-0.8,preference_control,12.0,-3.5,11.998855590820312,-3.494140625,11.998855590820312,-3.494140625,4.252357482910156,7.746498107910156,12.0,-3.5,4.25,7.75
qwen25_14b,28,neutral_opposite::neutral::004,neutral_opposite,neutral_opposite,neutral,opposite,-0.6,preference_control,11.0,-2.25,10.999263763427734,-2.24853515625,10.999263763427734,-2.24853515625,4.375364303588867,6.623899459838867,11.0,-2.25,4.375,6.625
qwen25_14b,28,neutral_opposite::neutral::004,neutral_opposite,neutral_opposite,neutral,opposite,-0.4,preference_control,8.0,-0.25,7.998497009277344,-0.25,7.998497009277344,-0.25,3.874248504638672,4.124248504638672,8.0,-0.25,3.875,4.125
qwen25_14b,28,neutral_opposite::neutral::004,neutral_opposite,neutral_opposite,neutral,opposite,-0.2,preference_control,2.75,1.5,2.74462890625,1.4990234375,2.74462890625,1.4990234375,2.121826171875,0.622802734375,2.75,1.5,2.125,0.625
qwen25_14b,28,neutral_opposite::neutral::004,neutral_opposite,neutral_opposite,neutral,opposite,0.0,preference_control,1.25,0.0,1.251953125,0.0,1.251953125,0.0,0.6259765625,0.6259765625,1.25,0.0,0.625,0.625
qwen25_14b,28,neutral_opposite::neutral::004,neutral_opposite,neutral_opposite,neutral,opposite,0.2,preference_control,4.0,-3.75,4.0126953125,-3.7548828125,4.0126953125,-3.7548828125,0.12890625,3.8837890625,4.0,-3.75,0.125,3.875
qwen25_14b,28,neutral_opposite::neutral::004,neutral_opposite,neutral_opposite,neutral,opposite,0.4,preference_control,7.75,-7.75,7.749279022216797,-7.748649597167969,7.749279022216797,-7.748649597167969,0.000314712524414,7.748964309692383,7.75,-7.75,0.0,7.75
qwen25_14b,28,neutral_opposite::neutral::004,neutral_opposite,neutral_opposite,neutral,opposite,0.6,preference_control,10.0,-10.25,9.99978733062744,-10.249628067016602,9.99978733062744,-10.249628067016602,-0.12492036819458,10.12470769882202,10.0,-10.25,-0.125,10.125
qwen25_14b,28,neutral_opposite::neutral::004,neutral_opposite,neutral_opposite,neutral,opposite,0.8,preference_control,11.25,-11.25,11.249860763549805,-11.249725341796877,11.249860763549805,-11.249725341796877,6.771087646484375e-05,11.24979305267334,11.25,-11.25,0.0,11.25
qwen25_14b,28,neutral_opposite::neutral::004,neutral_opposite,neutral_opposite,neutral,opposite,1.0,preference_control,11.5,-11.25,11.499783515930176,-11.249650955200195,11.499783515930176,-11.249650955200195,0.1250662803649902,11.374717235565186,11.5,-11.25,0.125,11.375
qwen25_14b,28,neutral_opposite::neutral::005,neutral_opposite,neutral_opposite,neutral,opposite,-1.0,preference_control,-13.5,-0.875,-13.500000357627869,-0.8750002384185791,-13.500000357627869,-0.8750002384185791,-7.187500298023224,-6.312500059604645,-13.5,-0.875,-7.1875,-6.3125
qwen25_14b,28,neutral_opposite::neutral::005,neutral_opposite,neutral_opposite,neutral,opposite,-0.8,preference_control,-16.4375,4.25,-16.42187523841858,4.2539061307907104,-16.42187523841858,4.2539061307907104,-6.083984553813934,-10.337890684604645,-16.4375,4.25,-6.09375,-10.34375
qwen25_14b,28,neutral_opposite::neutral::005,neutral_opposite,neutral_opposite,neutral,opposite,-0.6,preference_control,-17.125,9.0,-17.09375011920929,9.02050769329071,-17.09375011920929,9.02050769329071,-4.0366212129592896,-13.05712890625,-17.125,9.0,-4.0625,-13.0625
qwen25_14b,28,neutral_opposite::neutral::005,neutral_opposite,neutral_opposite,neutral,opposite,-0.4,preference_control,-15.3125,12.875,-15.30859375,12.87097156047821,-15.30859375,12.87097156047821,-1.2188110947608948,-14.089782655239103,-15.3125,12.875,-1.21875,-14.09375
qwen25_14b,28,neutral_opposite::neutral::005,neutral_opposite,neutral_opposite,neutral,opposite,-0.2,preference_control,-11.875,13.875,-11.8525390625,13.874080419540403,-11.8525390625,13.874080419540403,1.0107706785202026,-12.863309741020204,-11.875,13.875,1.0,-12.875
qwen25_14b,28,neutral_opposite::neutral::005,neutral_opposite,neutral_opposite,neutral,opposite,0.0,preference_control,-5.875,7.5,-5.86962890625,7.498924136161804,-5.86962890625,7.498924136161804,0.8146476149559021,-6.684276521205902,-5.875,7.5,0.8125,-6.6875
qwen25_14b,28,neutral_opposite::neutral::005,neutral_opposite,neutral_opposite,neutral,opposite,0.2,preference_control,-2.25,1.25,-2.24755859375,1.2460936307907104,-2.24755859375,1.2460936307907104,-0.5007324814796448,-1.7468261122703552,-2.25,1.25,-0.5,-1.75
qwen25_14b,28,neutral_opposite::neutral::005,neutral_opposite,neutral_opposite,neutral,opposite,0.4,preference_control,-0.75,-2.5,-0.75,-2.5014649629592896,-0.75,-2.5014649629592896,-1.6257324814796448,0.8757324814796448,-0.75,-2.5,-1.625,0.875
qwen25_14b,28,neutral_opposite::neutral::005,neutral_opposite,neutral_opposite,neutral,opposite,0.6,preference_control,1.0,-5.75,0.998046875,-5.7637940645217896,0.998046875,-5.7637940645217896,-2.3828735947608948,3.3809204697608948,1.0,-5.75,-2.375,3.375
qwen25_14b,28,neutral_opposite::neutral::005,neutral_opposite,neutral_opposite,neutral,opposite,0.8,preference_control,2.25,-8.0,2.2578125,-7.9814453125,2.2578125,-7.9814453125,-2.86181640625,5.11962890625,2.25,-8.0,-2.875,5.125
qwen25_14b,28,neutral_opposite::neutral::005,neutral_opposite,neutral_opposite,neutral,opposite,1.0,preference_control,3.5,-8.25,3.4990233182907104,-8.27392578125,3.4990233182907104,-8.27392578125,-2.3874512314796448,5.886474549770355,3.5,-8.25,-2.375,5.875
qwen25_14b,28,neutral_opposite::neutral::006,neutral_opposite,neutral_opposite,neutral,opposite,-1.0,preference_control,-6.4375,-10.375,-6.437500596046448,-10.406250596046448,-6.437500596046448,-10.406250596046448,-8.421875596046448,1.984375,-6.4375,-10.375,-8.40625,1.96875
qwen25_14b,28,neutral_opposite::neutral::006,neutral_opposite,neutral_opposite,neutral,opposite,-0.8,preference_control,-9.875,-8.125,-9.906250357627869,-8.093750476837158,-9.906250357627869,-8.093750476837158,-9.000000417232513,-0.9062499403953552,-9.875,-8.125,-9.0,-0.875
qwen25_14b,28,neutral_opposite::neutral::006,neutral_opposite,neutral_opposite,neutral,opposite,-0.6,preference_control,-14.375,-6.0,-14.36718773841858,-6.031250834465027,-14.36718773841858,-6.031250834465027,-10.199219286441805,-4.167968451976776,-14.375,-6.0,-10.1875,-4.1875
qwen25_14b,28,neutral_opposite::neutral::006,neutral_opposite,neutral_opposite,neutral,opposite,-0.4,preference_control,-18.8125,-4.625,-18.81250035762787,-4.625001192092896,-18.81250035762787,-4.625001192092896,-11.718750774860382,-7.093749582767487,-18.8125,-4.625,-11.71875,-7.09375
qwen25_14b,28,neutral_opposite::neutral::006,neutral_opposite,neutral_opposite,neutral,opposite,-0.2,preference_control,-17.0,-4.25,-17.00781285762787,-4.250000953674316,-17.00781285762787,-4.250000953674316,-10.628906905651093,-6.378905951976776,-17.0,-4.25,-10.625,-6.375
qwen25_14b,28,neutral_opposite::neutral::006,neutral_opposite,neutral_opposite,neutral,opposite,0.0,preference_control,-9.125,-3.125,-9.13281261920929,-3.1093753576278687,-9.13281261920929,-3.1093753576278687,-6.121093988418579,-3.0117186307907104,-9.125,-3.125,-6.125,-3.0
qwen25_14b,28,neutral_opposite::neutral::006,neutral_opposite,neutral_opposite,neutral,opposite,0.2,preference_control,-0.25,-4.0,-0.25,-3.999023914337158,-0.25,-3.999023914337158,-2.124511957168579,1.874511957168579,-0.25,-4.0,-2.125,1.875
qwen25_14b,28,neutral_opposite::neutral::006,neutral_opposite,neutral_opposite,neutral,opposite,0.4,preference_control,3.5,-7.25,3.50048828125,-7.261719226837158,3.50048828125,-7.261719226837158,-1.880615472793579,5.381103754043579,3.5,-7.25,-1.875,5.375
qwen25_14b,28,neutral_opposite::neutral::006,neutral_opposite,neutral_opposite,neutral,opposite,0.6,preference_control,6.0,-9.625,6.00830078125,-9.606567740440369,6.00830078125,-9.606567740440369,-1.7991334795951843,7.807434260845184,6.0,-9.625,-1.8125,7.8125
qwen25_14b,28,neutral_opposite::neutral::006,neutral_opposite,neutral_opposite,neutral,opposite,0.8,preference_control,7.25,-11.0,7.24005126953125,-10.98181176185608,7.24005126953125,-10.98181176185608,-1.8708802461624143,9.110931515693665,7.25,-11.0,-1.875,9.125
qwen25_14b,28,neutral_opposite::neutral::006,neutral_opposite,neutral_opposite,neutral,opposite,1.0,preference_control,7.5,-10.625,7.492279171943664,-10.649414539337158,7.492279171943664,-10.649414539337158,-1.5785676836967468,9.070846855640411,7.5,-10.625,-1.5625,9.0625
qwen25_14b,28,neutral_opposite::neutral::007,neutral_opposite,neutral_opposite,neutral,opposite,-1.0,preference_control,-1.125,-0.25,-1.125000238418579,-0.2500001192092895,-1.125000238418579,-0.2500001192092895,-0.6875001788139343,-0.4375000596046448,-1.125,-0.25,-0.6875,-0.4375
qwen25_14b,28,neutral_opposite::neutral::007,neutral_opposite,neutral_opposite,neutral,opposite,-0.8,preference_control,-4.375,1.5,-4.3750001192092896,1.4999998807907104,-4.3750001192092896,1.4999998807907104,-1.4375001192092896,-2.9375,-4.375,1.5,-1.4375,-2.9375
qwen25_14b,28,neutral_opposite::neutral::007,neutral_opposite,neutral_opposite,neutral,opposite,-0.6,preference_control,-9.5,3.375,-9.50000011920929,3.4062498807907104,-9.50000011920929,3.4062498807907104,-3.0468751192092896,-6.453125,-9.5,3.375,-3.0625,-6.4375
qwen25_14b,28,neutral_opposite::neutral::007,neutral_opposite,neutral_opposite,neutral,opposite,-0.4,preference_control,-13.5,4.125,-13.453125,4.125,-13.453125,4.125,-4.6640625,-8.7890625,-13.5,4.125,-4.6875,-8.8125
qwen25_14b,28,neutral_opposite::neutral::007,neutral_opposite,neutral_opposite,neutral,opposite,-0.2,preference_control,-12.625,3.75,-12.65625,3.7421875,-12.65625,3.7421875,-4.45703125,-8.19921875,-12.625,3.75,-4.4375,-8.1875
qwen25_14b,28,neutral_opposite::neutral::007,neutral_opposite,neutral_opposite,neutral,opposite,0.0,preference_control,-7.625,0.625,-7.6015625,0.6328125,-7.6015625,0.6328125,-3.484375,-4.1171875,-7.625,0.625,-3.5,-4.125
qwen25_14b,28,neutral_opposite::neutral::007,neutral_opposite,neutral_opposite,neutral,opposite,0.2,preference_control,-0.75,-3.25,-0.75,-3.2490234375,-0.75,-3.2490234375,-1.99951171875,1.24951171875,-0.75,-3.25,-2.0,1.25
qwen25_14b,28,neutral_opposite::neutral::007,neutral_opposite,neutral_opposite,neutral,opposite,0.4,preference_control,4.0,-5.0,3.9980469942092896,-5.0048828125,3.9980469942092896,-5.0048828125,-0.5034179091453552,4.501464903354645,4.0,-5.0,-0.5,4.5
qwen25_14b,28,neutral_opposite::neutral::007,neutral_opposite,neutral_opposite,neutral,opposite,0.6,preference_control,8.5,-7.25,8.497635245323181,-7.246780395507812,8.497635245323181,-7.246780395507812,0.6254274249076843,7.872207820415497,8.5,-7.25,0.625,7.875
qwen25_14b,28,neutral_opposite::neutral::007,neutral_opposite,neutral_opposite,neutral,opposite,0.8,preference_control,11.0,-8.25,10.999123334884644,-8.247802734375,10.999123334884644,-8.247802734375,1.3756603002548218,9.623463034629822,11.0,-8.25,1.375,9.625
qwen25_14b,28,neutral_opposite::neutral::007,neutral_opposite,neutral_opposite,neutral,opposite,1.0,preference_control,10.875,-9.0,10.873520493507383,-8.997390747070312,10.873520493507383,-8.997390747070312,0.9380648732185364,9.935455620288849,10.875,-9.0,0.9375,9.9375
qwen25_14b,28,neutral_opposite::neutral::008,neutral_opposite,neutral_opposite,neutral,opposite,-1.0,preference_control,0.375,-15.125,0.375,-15.15625,0.375,-15.15625,-7.390625,7.765625,0.375,-15.125,-7.375,7.75
qwen25_14b,28,neutral_opposite::neutral::008,neutral_opposite,neutral_opposite,neutral,opposite,-0.8,preference_control,-5.625,-14.125,-5.609375,-14.109375,-5.609375,-14.109375,-9.859375,4.25,-5.625,-14.125,-9.875,4.25
qwen25_14b,28,neutral_opposite::neutral::008,neutral_opposite,neutral_opposite,neutral,opposite,-0.6,preference_control,-11.0,-13.75,-10.970703125,-13.796875,-10.970703125,-13.796875,-12.3837890625,1.4130859375,-11.0,-13.75,-12.375,1.375
qwen25_14b,28,neutral_opposite::neutral::008,neutral_opposite,neutral_opposite,neutral,opposite,-0.4,preference_control,-13.125,-12.5,-13.152099609375,-12.484375,-13.152099609375,-12.484375,-12.8182373046875,-0.3338623046875,-13.125,-12.5,-12.8125,-0.3125
qwen25_14b,28,neutral_opposite::neutral::008,neutral_opposite,neutral_opposite,neutral,opposite,-0.2,preference_control,-11.0,-7.375,-10.99114990234375,-7.3876953125,-10.99114990234375,-7.3876953125,-9.189422607421877,-1.801727294921875,-11.0,-7.375,-9.1875,-1.8125
qwen25_14b,28,neutral_opposite::neutral::008,neutral_opposite,neutral_opposite,neutral,opposite,0.0,preference_control,-5.125,-1.25,-5.1331787109375,-1.25,-5.1331787109375,-1.25,-3.19158935546875,-1.94158935546875,-5.125,-1.25,-3.1875,-1.9375
qwen25_14b,28,neutral_opposite::neutral::008,neutral_opposite,neutral_opposite,neutral,opposite,0.2,preference_control,2.0,1.0,1.9970703125,1.0,1.9970703125,1.0,1.49853515625,0.49853515625,2.0,1.0,1.5,0.5
qwen25_14b,28,neutral_opposite::neutral::008,neutral_opposite,neutral_opposite,neutral,opposite,0.4,preference_control,6.0,0.75,5.9958497285842896,0.751953125,5.9958497285842896,0.751953125,3.3739014267921448,2.6219483017921448,6.0,0.75,3.375,2.625
qwen25_14b,28,neutral_opposite::neutral::008,neutral_opposite,neutral_opposite,neutral,opposite,0.6,preference_control,10.25,-0.75,10.249887585639954,-0.751953125,10.249887585639954,-0.751953125,4.748967230319977,5.500920355319977,10.25,-0.75,4.75,5.5
qwen25_14b,28,neutral_opposite::neutral::008,neutral_opposite,neutral_opposite,neutral,opposite,0.8,preference_control,13.75,-2.0,13.74992549419403,-1.9970703125,13.74992549419403,-1.9970703125,5.876427590847015,7.873497903347015,13.75,-2.0,5.875,7.875
qwen25_14b,28,neutral_opposite::neutral::008,neutral_opposite,neutral_opposite,neutral,opposite,1.0,preference_control,15.125,-3.0,15.124794006347656,-2.99609375,15.124794006347656,-2.99609375,6.064350128173828,9.060443878173828,15.125,-3.0,6.0625,9.0625
qwen25_14b,28,neutral_opposite::neutral::009,neutral_opposite,neutral_opposite,neutral,opposite,-1.0,preference_control,-5.75,-10.375,-5.74609375,-10.37109375,-5.74609375,-10.37109375,-8.05859375,2.3125,-5.75,-10.375,-8.0625,2.3125
qwen25_14b,28,neutral_opposite::neutral::009,neutral_opposite,neutral_opposite,neutral,opposite,-0.8,preference_control,-8.375,-9.0,-8.3740234375,-9.001953125,-8.3740234375,-9.001953125,-8.68798828125,0.31396484375,-8.375,-9.0,-8.6875,0.3125
qwen25_14b,28,neutral_opposite::neutral::009,neutral_opposite,neutral_opposite,neutral,opposite,-0.6,preference_control,-11.0,-8.5,-11.024169921875,-8.5029296875,-11.024169921875,-8.5029296875,-9.7635498046875,-1.2606201171875,-11.0,-8.5,-9.75,-1.25
qwen25_14b,28,neutral_opposite::neutral::009,neutral_opposite,neutral_opposite,neutral,opposite,-0.4,preference_control,-12.375,-8.5,-12.36993408203125,-8.4737548828125,-12.36993408203125,-8.4737548828125,-10.421844482421877,-1.948089599609375,-12.375,-8.5,-10.4375,-1.9375
qwen25_14b,28,neutral_opposite::neutral::009,neutral_opposite,neutral_opposite,neutral,opposite,-0.2,preference_control,-9.75,-8.25,-9.749282836914062,-8.248565673828125,-9.749282836914062,-8.248565673828125,-8.998924255371094,-0.7503585815429688,-9.75,-8.25,-9.0,-0.75
qwen25_14b,28,neutral_opposite::neutral::009,neutral_opposite,neutral_opposite,neutral,opposite,0.0,preference_control,-2.75,-8.0,-2.75048828125,-7.999654769897461,-2.75048828125,-7.999654769897461,-5.3750715255737305,2.6245832443237305,-2.75,-8.0,-5.375,2.625
qwen25_14b,28,neutral_opposite::neutral::009,neutral_opposite,neutral_opposite,neutral,opposite,0.2,preference_control,4.75,-7.5,4.74139404296875,-7.499439239501953,4.74139404296875,-7.499439239501953,-1.3790225982666016,6.120416641235352,4.75,-7.5,-1.375,6.125
qwen25_14b,28,neutral_opposite::neutral::009,neutral_opposite,neutral_opposite,neutral,opposite,0.4,preference_control,8.5,-6.25,8.499795913696289,-6.248054504394531,8.499795913696289,-6.248054504394531,1.125870704650879,7.37392520904541,8.5,-6.25,1.125,7.375
qwen25_14b,28,neutral_opposite::neutral::009,neutral_opposite,neutral_opposite,neutral,opposite,0.6,preference_control,10.25,-5.0,10.249963283538818,-4.99322509765625,10.249963283538818,-4.99322509765625,2.628369092941284,7.621594190597534,10.25,-5.0,2.625,7.625
qwen25_14b,28,neutral_opposite::neutral::009,neutral_opposite,neutral_opposite,neutral,opposite,0.8,preference_control,11.25,-5.0,11.24998378753662,-4.9931640625,11.24998378753662,-4.9931640625,3.1284098625183105,8.12157392501831,11.25,-5.0,3.125,8.125
qwen25_14b,28,neutral_opposite::neutral::009,neutral_opposite,neutral_opposite,neutral,opposite,1.0,preference_control,11.5,-5.25,11.499980449676514,-5.244415283203125,11.499980449676514,-5.244415283203125,3.1277825832366943,8.37219786643982,11.5,-5.25,3.125,8.375
qwen25_14b,28,neutral_opposite::neutral::010,neutral_opposite,neutral_opposite,neutral,opposite,-1.0,preference_control,-1.0,-9.25,-0.998046875,-9.249397277832031,-0.998046875,-9.249397277832031,-5.123722076416016,4.125675201416016,-1.0,-9.25,-5.125,4.125
qwen25_14b,28,neutral_opposite::neutral::010,neutral_opposite,neutral_opposite,neutral,opposite,-0.8,preference_control,-4.5,-8.0,-4.4886474609375,-7.999462127685547,-4.4886474609375,-7.999462127685547,-6.244054794311523,1.7554073333740234,-4.5,-8.0,-6.25,1.75
qwen25_14b,28,neutral_opposite::neutral::010,neutral_opposite,neutral_opposite,neutral,opposite,-0.6,preference_control,-8.0,-7.0,-7.999643325805664,-6.999031066894531,-7.999643325805664,-6.999031066894531,-7.499337196350098,-0.5003061294555664,-8.0,-7.0,-7.5,-0.5
qwen25_14b,28,neutral_opposite::neutral::010,neutral_opposite,neutral_opposite,neutral,opposite,-0.4,preference_control,-10.25,-5.0,-10.24994444847107,-4.993194580078125,-10.24994444847107,-4.993194580078125,-7.621569514274597,-2.628374934196472,-10.25,-5.0,-7.625,-2.625
qwen25_14b,28,neutral_opposite::neutral::010,neutral_opposite,neutral_opposite,neutral,opposite,-0.2,preference_control,-10.5,-2.25,-10.499905109405518,-2.2431640625,-10.499905109405518,-2.2431640625,-6.371534585952759,-4.128370523452759,-10.5,-2.25,-6.375,-4.125
qwen25_14b,28,neutral_opposite::neutral::010,neutral_opposite,neutral_opposite,neutral,opposite,0.0,preference_control,-9.0,-2.25,-8.999706268310547,-2.2421875,-8.999706268310547,-2.2421875,-5.620946884155273,-3.378759384155273,-9.0,-2.25,-5.625,-3.375
qwen25_14b,28,neutral_opposite::neutral::010,neutral_opposite,neutral_opposite,neutral,opposite,0.2,preference_control,-5.5,-5.0,-5.495361328125,-4.992767333984375,-5.495361328125,-4.992767333984375,-5.244064331054688,-0.2512969970703125,-5.5,-5.0,-5.25,-0.25
qwen25_14b,28,neutral_opposite::neutral::010,neutral_opposite,neutral_opposite,neutral,opposite,0.4,preference_control,-4.5,-6.75,-4.48828125,-6.748664855957031,-4.48828125,-6.748664855957031,-5.618473052978516,1.1301918029785156,-4.5,-6.75,-5.625,1.125
qwen25_14b,28,neutral_opposite::neutral::010,neutral_opposite,neutral_opposite,neutral,opposite,0.6,preference_control,-4.75,-8.0,-4.7408447265625,-7.999576568603516,-4.7408447265625,-7.999576568603516,-6.370210647583008,1.6293659210205078,-4.75,-8.0,-6.375,1.625
qwen25_14b,28,neutral_opposite::neutral::010,neutral_opposite,neutral_opposite,neutral,opposite,0.8,preference_control,-4.0,-9.5,-4.0120849609375,-9.499872207641602,-4.0120849609375,-9.499872207641602,-6.755978584289551,2.743893623352051,-4.0,-9.5,-6.75,2.75
qwen25_14b,28,neutral_opposite::neutral::010,neutral_opposite,neutral_opposite,neutral,opposite,1.0,preference_control,-2.75,-9.5,-2.748046875,-9.49982738494873,-2.748046875,-9.49982738494873,-6.123937129974365,3.375890254974365,-2.75,-9.5,-6.125,3.375
qwen25_14b,28,neutral_opposite::neutral::011,neutral_opposite,neutral_opposite,neutral,opposite,-1.0,preference_control,3.0,13.75,3.00439453125,13.749715805053713,3.00439453125,13.749715805053713,8.377055168151855,-5.372660636901856,3.0,13.75,8.375,-5.375
qwen25_14b,28,neutral_opposite::neutral::011,neutral_opposite,neutral_opposite,neutral,opposite,-0.8,preference_control,1.25,12.625,1.251953125,12.624977707862854,1.251953125,12.624977707862854,6.938465416431427,-5.686512291431427,1.25,12.625,6.9375,-5.6875
qwen25_14b,28,neutral_opposite::neutral::011,neutral_opposite,neutral_opposite,neutral,opposite,-0.6,preference_control,0.25,10.5,0.25,10.499964475631714,0.25,10.499964475631714,5.374982237815857,-5.124982237815857,0.25,10.5,5.375,-5.125
qwen25_14b,28,neutral_opposite::neutral::011,neutral_opposite,neutral_opposite,neutral,opposite,-0.4,preference_control,-0.75,9.0,-0.751953125,8.999857902526855,-0.751953125,8.999857902526855,4.123952388763428,-4.875905513763428,-0.75,9.0,4.125,-4.875
qwen25_14b,28,neutral_opposite::neutral::011,neutral_opposite,neutral_opposite,neutral,opposite,-0.2,preference_control,-1.75,5.25,-1.7509765625,5.244659423828125,-1.7509765625,5.244659423828125,1.7468414306640625,-3.4978179931640625,-1.75,5.25,1.75,-3.5
qwen25_14b,28,neutral_opposite::neutral::011,neutral_opposite,neutral_opposite,neutral,opposite,0.0,preference_control,-1.75,0.5,-1.74609375,0.498046875,-1.74609375,0.498046875,-0.6240234375,-1.1220703125,-1.75,0.5,-0.625,-1.125
qwen25_14b,28,neutral_opposite::neutral::011,neutral_opposite,neutral_opposite,neutral,opposite,0.2,preference_control,-1.5,-5.25,-1.501953125,-5.2650146484375,-1.501953125,-5.2650146484375,-3.38348388671875,1.88153076171875,-1.5,-5.25,-3.375,1.875
qwen25_14b,28,neutral_opposite::neutral::011,neutral_opposite,neutral_opposite,neutral,opposite,0.4,preference_control,-0.5,-8.0,-0.5,-7.992950439453125,-0.5,-7.992950439453125,-4.2464752197265625,3.7464752197265625,-0.5,-8.0,-4.25,3.75
qwen25_14b,28,neutral_opposite::neutral::011,neutral_opposite,neutral_opposite,neutral,opposite,0.6,preference_control,1.5,-9.75,1.5,-9.748016357421877,1.5,-9.748016357421877,-4.1240081787109375,5.6240081787109375,1.5,-9.75,-4.125,5.625
qwen25_14b,28,neutral_opposite::neutral::011,neutral_opposite,neutral_opposite,neutral,opposite,0.8,preference_control,2.75,-9.75,2.74951171875,-9.748016357421877,2.74951171875,-9.748016357421877,-3.499252319335937,6.2487640380859375,2.75,-9.75,-3.5,6.25
qwen25_14b,28,neutral_opposite::neutral::011,neutral_opposite,neutral_opposite,neutral,opposite,1.0,preference_control,3.0,-9.0,2.9970703125,-8.99578857421875,2.9970703125,-8.99578857421875,-2.999359130859375,5.996429443359375,3.0,-9.0,-3.0,6.0
qwen25_14b,28,neutral_opposite::neutral::012,neutral_opposite,neutral_opposite,neutral,opposite,-1.0,preference_control,6.875,-5.875,6.890625,-5.875,6.890625,-5.875,0.5078125,6.3828125,6.875,-5.875,0.5,6.375
qwen25_14b,28,neutral_opposite::neutral::012,neutral_opposite,neutral_opposite,neutral,opposite,-0.8,preference_control,4.75,-1.875,4.765625,-1.890625,4.765625,-1.890625,1.4375,3.328125,4.75,-1.875,1.4375,3.3125
qwen25_14b,28,neutral_opposite::neutral::012,neutral_opposite,neutral_opposite,neutral,opposite,-0.6,preference_control,2.25,1.5,2.2578125,1.5,2.2578125,1.5,1.87890625,0.37890625,2.25,1.5,1.875,0.375
qwen25_14b,28,neutral_opposite::neutral::012,neutral_opposite,neutral_opposite,neutral,opposite,-0.4,preference_control,0.0,1.25,0.0,1.25,0.0,1.25,0.625,-0.625,0.0,1.25,0.625,-0.625
qwen25_14b,28,neutral_opposite::neutral::012,neutral_opposite,neutral_opposite,neutral,opposite,-0.2,preference_control,-0.75,-1.0,-0.748046875,-0.998046875,-0.748046875,-0.998046875,-0.873046875,0.125,-0.75,-1.0,-0.875,0.125
qwen25_14b,28,neutral_opposite::neutral::012,neutral_opposite,neutral_opposite,neutral,opposite,0.0,preference_control,0.0,-2.0,0.0,-1.998046875,0.0,-1.998046875,-0.9990234375,0.9990234375,0.0,-2.0,-1.0,1.0
qwen25_14b,28,neutral_opposite::neutral::012,neutral_opposite,neutral_opposite,neutral,opposite,0.2,preference_control,1.25,0.25,1.248046875,0.25,1.248046875,0.25,0.7490234375,0.4990234375,1.25,0.25,0.75,0.5
qwen25_14b,28,neutral_opposite::neutral::012,neutral_opposite,neutral_opposite,neutral,opposite,0.4,preference_control,3.75,2.5,3.742431640625,2.4990234375,3.742431640625,2.4990234375,3.1207275390625,0.6217041015625,3.75,2.5,3.125,0.625
qwen25_14b,28,neutral_opposite::neutral::012,neutral_opposite,neutral_opposite,neutral,opposite,0.6,preference_control,6.75,3.5,6.748825073242188,3.50146484375,6.748825073242188,3.50146484375,5.125144958496094,1.6236801147460938,6.75,3.5,5.125,1.625
qwen25_14b,28,neutral_opposite::neutral::012,neutral_opposite,neutral_opposite,neutral,opposite,0.8,preference_control,8.75,2.75,8.749839782714844,2.75048828125,8.749839782714844,2.75048828125,5.750164031982422,2.999675750732422,8.75,2.75,5.75,3.0
qwen25_14b,28,neutral_opposite::neutral::012,neutral_opposite,neutral_opposite,neutral,opposite,1.0,preference_control,9.0,0.5,8.999841690063477,0.498046875,8.999841690063477,0.498046875,4.748944282531738,4.250897407531738,9.0,0.5,4.75,4.25
qwen25_14b,28,neutral_opposite::neutral::013,neutral_opposite,neutral_opposite,neutral,opposite,-1.0,preference_control,-7.0,-13.75,-7.062470555305481,-13.750343799591064,-7.062470555305481,-13.750343799591064,-10.406407177448273,3.343936622142792,-7.0,-13.75,-10.375,3.375
qwen25_14b,28,neutral_opposite::neutral::013,neutral_opposite,neutral_opposite,neutral,opposite,-0.8,preference_control,-11.125,-13.125,-11.062492489814758,-13.187564492225649,-11.062492489814758,-13.187564492225649,-12.125028491020204,1.0625360012054443,-11.125,-13.125,-12.125,1.0
qwen25_14b,28,neutral_opposite::neutral::013,neutral_opposite,neutral_opposite,neutral,opposite,-0.6,preference_control,-15.5,-11.625,-15.546874165534971,-11.562505960464478,-15.546874165534971,-11.562505960464478,-13.554690062999724,-1.992184102535248,-15.5,-11.625,-13.5625,-1.9375
qwen25_14b,28,neutral_opposite::neutral::013,neutral_opposite,neutral_opposite,neutral,opposite,-0.4,preference_control,-17.8125,-8.375,-17.81640613079071,-8.406250834465027,-17.81640613079071,-8.406250834465027,-13.111328482627869,-4.705077648162842,-17.8125,-8.375,-13.09375,-4.71875
qwen25_14b,28,neutral_opposite::neutral::013,neutral_opposite,neutral_opposite,neutral,opposite,-0.2,preference_control,-18.0,-4.625,-17.939697265625,-4.617187738418579,-17.939697265625,-4.617187738418579,-11.27844250202179,-6.66125476360321,-18.0,-4.625,-11.3125,-6.6875
qwen25_14b,28,neutral_opposite::neutral::013,neutral_opposite,neutral_opposite,neutral,opposite,0.0,preference_control,-14.875,-2.125,-14.888427734375,-2.130859375,-14.888427734375,-2.130859375,-8.5096435546875,-6.3787841796875,-14.875,-2.125,-8.5,-6.375
qwen25_14b,28,neutral_opposite::neutral::013,neutral_opposite,neutral_opposite,neutral,opposite,0.2,preference_control,-2.25,-1.25,-2.251953125,-1.25390625,-2.251953125,-1.25390625,-1.7529296875,-0.4990234375,-2.25,-1.25,-1.75,-0.5
qwen25_14b,28,neutral_opposite::neutral::013,neutral_opposite,neutral_opposite,neutral,opposite,0.4,preference_control,7.0,-4.25,6.998077392578125,-4.26513671875,6.998077392578125,-4.26513671875,1.3664703369140625,5.631607055664063,7.0,-4.25,1.375,5.625
qwen25_14b,28,neutral_opposite::neutral::013,neutral_opposite,neutral_opposite,neutral,opposite,0.6,preference_control,12.5,-9.5,12.49982738494873,-9.499595642089844,12.49982738494873,-9.499595642089844,1.5001158714294434,10.999711513519289,12.5,-9.5,1.5,11.0
qwen25_14b,28,neutral_opposite::neutral::013,neutral_opposite,neutral_opposite,neutral,opposite,0.8,preference_control,15.25,-13.25,15.249900698661804,-13.249750137329102,15.249900698661804,-13.249750137329102,1.000075280666351,14.249825417995453,15.25,-13.25,1.0,14.25
qwen25_14b,28,neutral_opposite::neutral::013,neutral_opposite,neutral_opposite,neutral,opposite,1.0,preference_control,16.0,-14.125,15.99984049797058,-14.124540448188782,15.99984049797058,-14.124540448188782,0.9376500248908995,15.06219047307968,16.0,-14.125,0.9375,15.0625
qwen25_14b,28,neutral_opposite::neutral::014,neutral_opposite,neutral_opposite,neutral,opposite,-1.0,preference_control,14.5,-17.25,14.500030040740969,-17.25781238079071,14.500030040740969,-17.25781238079071,-1.3788911700248718,15.87892121076584,14.5,-17.25,-1.375,15.875
qwen25_14b,28,neutral_opposite::neutral::014,neutral_opposite,neutral_opposite,neutral,opposite,-0.8,preference_control,8.125,-16.875,8.101562857627869,-16.921875,8.101562857627869,-16.921875,-4.410156071186066,12.511718928813934,8.125,-16.875,-4.375,12.5
qwen25_14b,28,neutral_opposite::neutral::014,neutral_opposite,neutral_opposite,neutral,opposite,-0.6,preference_control,2.25,-17.0,2.2578125,-16.958984375,2.2578125,-16.958984375,-7.3505859375,9.6083984375,2.25,-17.0,-7.375,9.625
qwen25_14b,28,neutral_opposite::neutral::014,neutral_opposite,neutral_opposite,neutral,opposite,-0.4,preference_control,-2.75,-14.875,-2.75,-14.90576171875,-2.75,-14.90576171875,-8.827880859375,6.077880859375,-2.75,-14.875,-8.8125,6.0625
qwen25_14b,28,neutral_opposite::neutral::014,neutral_opposite,neutral_opposite,neutral,opposite,-0.2,preference_control,-7.0,-8.5,-6.99761962890625,-8.498146057128906,-6.99761962890625,-8.498146057128906,-7.747882843017578,0.7502632141113281,-7.0,-8.5,-7.75,0.75
qwen25_14b,28,neutral_opposite::neutral::014,neutral_opposite,neutral_opposite,neutral,opposite,0.0,preference_control,-5.25,-3.5,-5.24273681640625,-3.498046875,-5.24273681640625,-3.498046875,-4.370391845703125,-0.872344970703125,-5.25,-3.5,-4.375,-0.875
qwen25_14b,28,neutral_opposite::neutral::014,neutral_opposite,neutral_opposite,neutral,opposite,0.2,preference_control,1.5,0.0,1.5,0.0,1.5,0.0,0.75,0.75,1.5,0.0,0.75,0.75
qwen25_14b,28,neutral_opposite::neutral::014,neutral_opposite,neutral_opposite,neutral,opposite,0.4,preference_control,6.75,0.5,6.74017333984375,0.5,6.74017333984375,0.5,3.620086669921875,3.120086669921875,6.75,0.5,3.625,3.125
qwen25_14b,28,neutral_opposite::neutral::014,neutral_opposite,neutral_opposite,neutral,opposite,0.6,preference_control,11.75,-1.25,11.74847424030304,-1.251953125,11.74847424030304,-1.251953125,5.24826055765152,6.50021368265152,11.75,-1.25,5.25,6.5
qwen25_14b,28,neutral_opposite::neutral::014,neutral_opposite,neutral_opposite,neutral,opposite,0.8,preference_control,14.0,-3.25,13.999439358711244,-3.24267578125,13.999439358711244,-3.24267578125,5.378381788730621,8.621057569980621,14.0,-3.25,5.375,8.625
qwen25_14b,28,neutral_opposite::neutral::014,neutral_opposite,neutral_opposite,neutral,opposite,1.0,preference_control,13.5,-3.5,13.499789357185364,-3.5008544921875,13.499789357185364,-3.5008544921875,4.999467432498932,8.500321924686432,13.5,-3.5,5.0,8.5
qwen25_14b,28,neutral_opposite::neutral::015,neutral_opposite,neutral_opposite,neutral,opposite,-1.0,preference_control,1.75,-5.625,1.7421875,-5.62158203125,1.7421875,-5.62158203125,-1.939697265625,3.681884765625,1.75,-5.625,-1.9375,3.6875
qwen25_14b,28,neutral_opposite::neutral::015,neutral_opposite,neutral_opposite,neutral,opposite,-0.8,preference_control,-1.0,-6.375,-0.998046875,-6.3681640625,-0.998046875,-6.3681640625,-3.68310546875,2.68505859375,-1.0,-6.375,-3.6875,2.6875
qwen25_14b,28,neutral_opposite::neutral::015,neutral_opposite,neutral_opposite,neutral,opposite,-0.6,preference_control,-4.75,-8.0,-4.7401123046875,-7.992828369140625,-4.7401123046875,-7.992828369140625,-6.366470336914063,1.6263580322265625,-4.75,-8.0,-6.375,1.625
qwen25_14b,28,neutral_opposite::neutral::015,neutral_opposite,neutral_opposite,neutral,opposite,-0.4,preference_control,-8.0,-8.75,-7.999172210693359,-8.747894287109375,-7.999172210693359,-8.747894287109375,-8.373533248901367,0.3743610382080078,-8.0,-8.75,-8.375,0.375
qwen25_14b,28,neutral_opposite::neutral::015,neutral_opposite,neutral_opposite,neutral,opposite,-0.2,preference_control,-8.0,-7.375,-7.998992919921875,-7.371307373046875,-7.998992919921875,-7.371307373046875,-7.685150146484375,-0.3138427734375,-8.0,-7.375,-7.6875,-0.3125
qwen25_14b,28,neutral_opposite::neutral::015,neutral_opposite,neutral_opposite,neutral,opposite,0.0,preference_control,-4.25,-4.5,-4.26318359375,-4.511962890625,-4.26318359375,-4.511962890625,-4.3875732421875,0.1243896484375,-4.25,-4.5,-4.375,0.125
qwen25_14b,28,neutral_opposite::neutral::015,neutral_opposite,neutral_opposite,neutral,opposite,0.2,preference_control,3.0,-1.75,3.0029296875,-1.7509765625,3.0029296875,-1.7509765625,0.6259765625,2.376953125,3.0,-1.75,0.625,2.375
qwen25_14b,28,neutral_opposite::neutral::015,neutral_opposite,neutral_opposite,neutral,opposite,0.4,preference_control,7.5,-1.75,7.513671875,-1.7470703125,7.513671875,-1.7470703125,2.88330078125,4.63037109375,7.5,-1.75,2.875,4.625
qwen25_14b,28,neutral_opposite::neutral::015,neutral_opposite,neutral_opposite,neutral,opposite,0.6,preference_control,8.75,-3.25,8.7315673828125,-3.257568359375,8.7315673828125,-3.257568359375,2.73699951171875,5.99456787109375,8.75,-3.25,2.75,6.0
qwen25_14b,28,neutral_opposite::neutral::015,neutral_opposite,neutral_opposite,neutral,opposite,0.8,preference_control,9.0,-4.25,8.993072509765625,-4.2354736328125,8.993072509765625,-4.2354736328125,2.3787994384765625,6.614273071289063,9.0,-4.25,2.375,6.625
qwen25_14b,28,neutral_opposite::neutral::015,neutral_opposite,neutral_opposite,neutral,opposite,1.0,preference_control,9.0,-5.0,8.994354248046875,-4.99310302734375,8.994354248046875,-4.99310302734375,2.0006256103515625,6.9937286376953125,9.0,-5.0,2.0,7.0
qwen25_14b,28,neutral_opposite::neutral::016,neutral_opposite,neutral_opposite,neutral,opposite,-1.0,preference_control,2.875,-11.625,2.875,-11.64062511920929,2.875,-11.64062511920929,-4.382812559604645,7.257812559604645,2.875,-11.625,-4.375,7.25
qwen25_14b,28,neutral_opposite::neutral::016,neutral_opposite,neutral_opposite,neutral,opposite,-0.8,preference_control,-2.0,-8.625,-1.96875,-8.6015625,-1.96875,-8.6015625,-5.28515625,3.31640625,-2.0,-8.625,-5.3125,3.3125
qwen25_14b,28,neutral_opposite::neutral::016,neutral_opposite,neutral_opposite,neutral,opposite,-0.6,preference_control,-8.875,-4.0,-8.88427734375,-3.9970703125,-8.88427734375,-3.9970703125,-6.440673828125,-2.443603515625,-8.875,-4.0,-6.4375,-2.4375
qwen25_14b,28,neutral_opposite::neutral::016,neutral_opposite,neutral_opposite,neutral,opposite,-0.4,preference_control,-12.75,0.25,-12.749698638916016,0.25,-12.749698638916016,0.25,-6.249849319458008,-6.499849319458008,-12.75,0.25,-6.25,-6.5
qwen25_14b,28,neutral_opposite::neutral::016,neutral_opposite,neutral_opposite,neutral,opposite,-0.2,preference_control,-13.75,1.5,-13.74993896484375,1.5009765625,-13.74993896484375,1.5009765625,-6.124481201171875,-7.625457763671875,-13.75,1.5,-6.125,-7.625
qwen25_14b,28,neutral_opposite::neutral::016,neutral_opposite,neutral_opposite,neutral,opposite,0.0,preference_control,-9.5,0.25,-9.499900341033936,0.25,-9.499900341033936,0.25,-4.624950170516968,-4.874950170516968,-9.5,0.25,-4.625,-4.875
qwen25_14b,28,neutral_opposite::neutral::016,neutral_opposite,neutral_opposite,neutral,opposite,0.2,preference_control,-2.25,-2.75,-2.24365234375,-2.75048828125,-2.24365234375,-2.75048828125,-2.4970703125,0.25341796875,-2.25,-2.75,-2.5,0.25
qwen25_14b,28,neutral_opposite::neutral::016,neutral_opposite,neutral_opposite,neutral,opposite,0.4,preference_control,4.0,-5.75,4.0126953125,-5.746795654296875,4.0126953125,-5.746795654296875,-0.8670501708984375,4.8797454833984375,4.0,-5.75,-0.875,4.875
qwen25_14b,28,neutral_opposite::neutral::016,neutral_opposite,neutral_opposite,neutral,opposite,0.6,preference_control,8.75,-8.5,8.749504089355469,-8.499783515930176,8.749504089355469,-8.499783515930176,0.1248602867126464,8.624643802642822,8.75,-8.5,0.125,8.625
qwen25_14b,28,neutral_opposite::neutral::016,neutral_opposite,neutral_opposite,neutral,opposite,0.8,preference_control,10.5,-10.0,10.499635457992554,-9.999932765960692,10.499635457992554,-9.999932765960692,0.2498513460159301,10.249784111976624,10.5,-10.0,0.25,10.25
qwen25_14b,28,neutral_opposite::neutral::016,neutral_opposite,neutral_opposite,neutral,opposite,1.0,preference_control,10.75,-10.25,10.749544858932495,-10.249918937683104,10.749544858932495,-10.249918937683104,0.2498129606246948,10.4997318983078,10.75,-10.25,0.25,10.5
qwen25_14b,28,neutral_opposite::neutral::017,neutral_opposite,neutral_opposite,neutral,opposite,-1.0,preference_control,-4.125,1.875,-4.115234375,1.876953125,-4.115234375,1.876953125,-1.119140625,-2.99609375,-4.125,1.875,-1.125,-3.0
qwen25_14b,28,neutral_opposite::neutral::017,neutral_opposite,neutral_opposite,neutral,opposite,-0.8,preference_control,-9.25,4.125,-9.239501953125,4.1337890625,-9.239501953125,4.1337890625,-2.5528564453125,-6.6866455078125,-9.25,4.125,-2.5625,-6.6875
qwen25_14b,28,neutral_opposite::neutral::017,neutral_opposite,neutral_opposite,neutral,opposite,-0.6,preference_control,-13.0,8.375,-12.99578857421875,8.37447738647461,-12.99578857421875,8.37447738647461,-2.3106555938720703,-10.68513298034668,-13.0,8.375,-2.3125,-10.6875
qwen25_14b,28,neutral_opposite::neutral::017,neutral_opposite,neutral_opposite,neutral,opposite,-0.4,preference_control,-14.75,10.0,-14.74658203125,9.999038696289062,-14.74658203125,9.999038696289062,-2.3737716674804688,-12.372810363769531,-14.75,10.0,-2.375,-12.375
qwen25_14b,28,neutral_opposite::neutral::017,neutral_opposite,neutral_opposite,neutral,opposite,-0.2,preference_control,-14.5,9.125,-14.496002197265623,9.123527526855469,-14.496002197265623,9.123527526855469,-2.686237335205078,-11.809764862060549,-14.5,9.125,-2.6875,-11.8125
qwen25_14b,28,neutral_opposite::neutral::017,neutral_opposite,neutral_opposite,neutral,opposite,0.0,preference_control,-9.5,4.5,-9.496719360351562,4.4876708984375,-9.496719360351562,4.4876708984375,-2.5045242309570312,-6.992195129394531,-9.5,4.5,-2.5,-7.0
qwen25_14b,28,neutral_opposite::neutral::017,neutral_opposite,neutral_opposite,neutral,opposite,0.2,preference_control,0.5,-4.25,0.5,-4.23516845703125,0.5,-4.23516845703125,-1.867584228515625,2.367584228515625,0.5,-4.25,-1.875,2.375
qwen25_14b,28,neutral_opposite::neutral::017,neutral_opposite,neutral_opposite,neutral,opposite,0.4,preference_control,7.25,-8.75,7.248085021972656,-8.749641418457031,7.248085021972656,-8.749641418457031,-0.7507781982421875,7.998863220214844,7.25,-8.75,-0.75,8.0
qwen25_14b,28,neutral_opposite::neutral::017,neutral_opposite,neutral_opposite,neutral,opposite,0.6,preference_control,11.75,-9.75,11.749069213867188,-9.749834060668944,11.749069213867188,-9.749834060668944,0.9996175765991212,10.749451637268066,11.75,-9.75,1.0,10.75
qwen25_14b,28,neutral_opposite::neutral::017,neutral_opposite,neutral_opposite,neutral,opposite,0.8,preference_control,13.25,-9.25,13.247512817382812,-9.249802589416504,13.247512817382812,-9.249802589416504,1.9988551139831543,11.248657703399658,13.25,-9.25,2.0,11.25
qwen25_14b,28,neutral_opposite::neutral::017,neutral_opposite,neutral_opposite,neutral,opposite,1.0,preference_control,13.75,-8.25,13.7432861328125,-8.249530792236328,13.7432861328125,-8.249530792236328,2.746877670288086,10.996408462524414,13.75,-8.25,2.75,11.0
qwen25_14b,28,neutral_opposite::neutral::018,neutral_opposite,neutral_opposite,neutral,opposite,-1.0,preference_control,-13.875,-0.5,-13.867340087890623,-0.5,-13.867340087890623,-0.5,-7.1836700439453125,-6.6836700439453125,-13.875,-0.5,-7.1875,-6.6875
qwen25_14b,28,neutral_opposite::neutral::018,neutral_opposite,neutral_opposite,neutral,opposite,-0.8,preference_control,-17.125,4.625,-17.123001098632812,4.62548828125,-17.123001098632812,4.62548828125,-6.248756408691406,-10.874244689941406,-17.125,4.625,-6.25,-10.875
qwen25_14b,28,neutral_opposite::neutral::018,neutral_opposite,neutral_opposite,neutral,opposite,-0.6,preference_control,-20.625,7.75,-20.623825073242188,7.748931884765625,-20.623825073242188,7.748931884765625,-6.437446594238281,-14.186378479003906,-20.625,7.75,-6.4375,-14.1875
qwen25_14b,28,neutral_opposite::neutral::018,neutral_opposite,neutral_opposite,neutral,opposite,-0.4,preference_control,-21.5,9.25,-21.498497009277344,9.24944305419922,-21.498497009277344,9.24944305419922,-6.124526977539063,-15.37397003173828,-21.5,9.25,-6.125,-15.375
qwen25_14b,28,neutral_opposite::neutral::018,neutral_opposite,neutral_opposite,neutral,opposite,-0.2,preference_control,-18.0,9.75,-17.998497009277344,9.749662399291992,-17.998497009277344,9.749662399291992,-4.124417304992676,-13.874079704284668,-18.0,9.75,-4.125,-13.875
qwen25_14b,28,neutral_opposite::neutral::018,neutral_opposite,neutral_opposite,neutral,opposite,0.0,preference_control,-10.0,5.75,-9.999517440795898,5.746597290039063,-9.999517440795898,5.746597290039063,-2.126460075378418,-7.87305736541748,-10.0,5.75,-2.125,-7.875
qwen25_14b,28,neutral_opposite::neutral::018,neutral_opposite,neutral_opposite,neutral,opposite,0.2,preference_control,-1.0,-1.0,-0.998046875,-1.0,-0.998046875,-1.0,-0.9990234375,0.0009765625,-1.0,-1.0,-1.0,0.0
qwen25_14b,28,neutral_opposite::neutral::018,neutral_opposite,neutral_opposite,neutral,opposite,0.4,preference_control,2.75,-5.5,2.75048828125,-5.495880126953125,2.75048828125,-5.495880126953125,-1.3726959228515625,4.1231842041015625,2.75,-5.5,-1.375,4.125
qwen25_14b,28,neutral_opposite::neutral::018,neutral_opposite,neutral_opposite,neutral,opposite,0.6,preference_control,4.0,-8.0,4.0130615234375,-7.999650955200195,4.0130615234375,-7.999650955200195,-1.993294715881348,6.006356239318848,4.0,-8.0,-2.0,6.0
qwen25_14b,28,neutral_opposite::neutral::018,neutral_opposite,neutral_opposite,neutral,opposite,0.8,preference_control,4.5,-9.25,4.4888916015625,-9.249889373779297,4.4888916015625,-9.249889373779297,-2.3804988861083984,6.869390487670898,4.5,-9.25,-2.375,6.875
qwen25_14b,28,neutral_opposite::neutral::018,neutral_opposite,neutral_opposite,neutral,opposite,1.0,preference_control,4.75,-9.5,4.7413330078125,-9.49988842010498,4.7413330078125,-9.49988842010498,-2.37927770614624,7.12061071395874,4.75,-9.5,-2.375,7.125
qwen25_14b,28,neutral_opposite::neutral::019,neutral_opposite,neutral_opposite,neutral,opposite,-1.0,preference_control,7.125,-8.0,7.1328125,-7.96875,7.1328125,-7.96875,-0.41796875,7.55078125,7.125,-8.0,-0.4375,7.5625
qwen25_14b,28,neutral_opposite::neutral::019,neutral_opposite,neutral_opposite,neutral,opposite,-0.8,preference_control,6.125,-4.0,6.12890625,-3.9892578125,6.12890625,-3.9892578125,1.06982421875,5.05908203125,6.125,-4.0,1.0625,5.0625
qwen25_14b,28,neutral_opposite::neutral::019,neutral_opposite,neutral_opposite,neutral,opposite,-0.6,preference_control,5.375,1.0,5.376953125,1.001953125,5.376953125,1.001953125,3.189453125,2.1875,5.375,1.0,3.1875,2.1875
qwen25_14b,28,neutral_opposite::neutral::019,neutral_opposite,neutral_opposite,neutral,opposite,-0.4,preference_control,2.75,5.75,2.7451171875,5.746124267578125,2.7451171875,5.746124267578125,4.245620727539063,-1.5005035400390625,2.75,5.75,4.25,-1.5
qwen25_14b,28,neutral_opposite::neutral::019,neutral_opposite,neutral_opposite,neutral,opposite,-0.2,preference_control,1.75,6.75,1.7470703125,6.74822998046875,1.7470703125,6.74822998046875,4.247650146484375,-2.500579833984375,1.75,6.75,4.25,-2.5
qwen25_14b,28,neutral_opposite::neutral::019,neutral_opposite,neutral_opposite,neutral,opposite,0.0,preference_control,4.0,4.25,4.0072021484375,4.234619140625,4.0072021484375,4.234619140625,4.12091064453125,-0.11370849609375,4.0,4.25,4.125,-0.125
qwen25_14b,28,neutral_opposite::neutral::019,neutral_opposite,neutral_opposite,neutral,opposite,0.2,preference_control,6.25,1.0,6.242645263671875,0.998046875,6.242645263671875,0.998046875,3.6203460693359375,2.622299194335937,6.25,1.0,3.625,2.625
qwen25_14b,28,neutral_opposite::neutral::019,neutral_opposite,neutral_opposite,neutral,opposite,0.4,preference_control,7.25,-1.75,7.246063232421875,-1.7529296875,7.246063232421875,-1.7529296875,2.746566772460937,4.4994964599609375,7.25,-1.75,2.75,4.5
qwen25_14b,28,neutral_opposite::neutral::019,neutral_opposite,neutral_opposite,neutral,opposite,0.6,preference_control,8.25,-5.0,8.248542785644531,-4.993133544921875,8.248542785644531,-4.993133544921875,1.627704620361328,6.620838165283203,8.25,-5.0,1.625,6.625
qwen25_14b,28,neutral_opposite::neutral::019,neutral_opposite,neutral_opposite,neutral,opposite,0.8,preference_control,9.25,-6.25,9.249332427978516,-6.24798583984375,9.249332427978516,-6.24798583984375,1.5006732940673828,7.748659133911133,9.25,-6.25,1.5,7.75
qwen25_14b,28,neutral_opposite::neutral::019,neutral_opposite,neutral_opposite,neutral,opposite,1.0,preference_control,9.5,-5.75,9.49935531616211,-5.746597290039063,9.49935531616211,-5.746597290039063,1.8763790130615237,7.622976303100586,9.5,-5.75,1.875,7.625
qwen25_14b,28,neutral_opposite::neutral::020,neutral_opposite,neutral_opposite,neutral,opposite,-1.0,preference_control,-7.75,-6.875,-7.7734375,-6.86328125,-7.7734375,-6.86328125,-7.318359375,-0.455078125,-7.75,-6.875,-7.3125,-0.4375
qwen25_14b,28,neutral_opposite::neutral::020,neutral_opposite,neutral_opposite,neutral,opposite,-0.8,preference_control,-9.0,-3.75,-8.9755859375,-3.740234375,-8.9755859375,-3.740234375,-6.35791015625,-2.61767578125,-9.0,-3.75,-6.375,-2.625
qwen25_14b,28,neutral_opposite::neutral::020,neutral_opposite,neutral_opposite,neutral,opposite,-0.6,preference_control,-10.125,0.25,-10.10791015625,0.25,-10.10791015625,0.25,-4.928955078125,-5.178955078125,-10.125,0.25,-4.9375,-5.1875
qwen25_14b,28,neutral_opposite::neutral::020,neutral_opposite,neutral_opposite,neutral,opposite,-0.4,preference_control,-10.625,3.5,-10.622604370117188,3.499267578125,-10.622604370117188,3.499267578125,-3.5616683959960938,-7.060935974121094,-10.625,3.5,-3.5625,-7.0625
qwen25_14b,28,neutral_opposite::neutral::020,neutral_opposite,neutral_opposite,neutral,opposite,-0.2,preference_control,-10.375,5.0,-10.37430191040039,4.99053955078125,-10.37430191040039,4.99053955078125,-2.6918811798095703,-7.68242073059082,-10.375,5.0,-2.6875,-7.6875
qwen25_14b,28,neutral_opposite::neutral::020,neutral_opposite,neutral_opposite,neutral,opposite,0.0,preference_control,-7.75,5.0,-7.7485198974609375,4.9910888671875,-7.7485198974609375,4.9910888671875,-1.3787155151367188,-6.369804382324219,-7.75,5.0,-1.375,-6.375
qwen25_14b,28,neutral_opposite::neutral::020,neutral_opposite,neutral_opposite,neutral,opposite,0.2,preference_control,-1.25,3.75,-1.248046875,3.7576904296875,-1.248046875,3.7576904296875,1.25482177734375,-2.50286865234375,-1.25,3.75,1.25,-2.5
qwen25_14b,28,neutral_opposite::neutral::020,neutral_opposite,neutral_opposite,neutral,opposite,0.4,preference_control,2.75,2.25,2.750244140625,2.2431640625,2.750244140625,2.2431640625,2.4967041015625,0.2535400390625,2.75,2.25,2.5,0.25
qwen25_14b,28,neutral_opposite::neutral::020,neutral_opposite,neutral_opposite,neutral,opposite,0.6,preference_control,5.25,0.5,5.244659423828125,0.498046875,5.244659423828125,0.498046875,2.8713531494140625,2.3733062744140625,5.25,0.5,2.875,2.375
qwen25_14b,28,neutral_opposite::neutral::020,neutral_opposite,neutral_opposite,neutral,opposite,0.8,preference_control,6.5,-1.0,6.498435974121094,-0.998046875,6.498435974121094,-0.998046875,2.750194549560547,3.748241424560547,6.5,-1.0,2.75,3.75
qwen25_14b,28,neutral_opposite::neutral::020,neutral_opposite,neutral_opposite,neutral,opposite,1.0,preference_control,6.0,-2.5,5.997360229492188,-2.49853515625,5.997360229492188,-2.49853515625,1.7494125366210938,4.247947692871094,6.0,-2.5,1.75,4.25
qwen25_14b,28,neutral_opposite::neutral::021,neutral_opposite,neutral_opposite,neutral,opposite,-1.0,preference_control,6.75,-5.75,6.7343751192092896,-5.749998927116394,6.7343751192092896,-5.749998927116394,0.4921880960464477,6.242187023162842,6.75,-5.75,0.5,6.25
qwen25_14b,28,neutral_opposite::neutral::021,neutral_opposite,neutral_opposite,neutral,opposite,-0.8,preference_control,1.75,-8.625,1.75,-8.656249523162842,1.75,-8.656249523162842,-3.453124761581421,5.203124761581421,1.75,-8.625,-3.4375,5.1875
qwen25_14b,28,neutral_opposite::neutral::021,neutral_opposite,neutral_opposite,neutral,opposite,-0.6,preference_control,-3.75,-11.25,-3.765625,-11.26562476158142,-3.765625,-11.26562476158142,-7.5156248807907104,3.7499998807907104,-3.75,-11.25,-7.5,3.75
qwen25_14b,28,neutral_opposite::neutral::021,neutral_opposite,neutral_opposite,neutral,opposite,-0.4,preference_control,-5.75,-12.375,-5.75,-12.39062488079071,-5.75,-12.39062488079071,-9.070312440395355,3.3203124403953552,-5.75,-12.375,-9.0625,3.3125
qwen25_14b,28,neutral_opposite::neutral::021,neutral_opposite,neutral_opposite,neutral,opposite,-0.2,preference_control,-2.75,-11.375,-2.7578125,-11.400390625,-2.7578125,-11.400390625,-7.0791015625,4.3212890625,-2.75,-11.375,-7.0625,4.3125
qwen25_14b,28,neutral_opposite::neutral::021,neutral_opposite,neutral_opposite,neutral,opposite,0.0,preference_control,2.625,-7.5,2.62890625,-7.4921875,2.62890625,-7.4921875,-2.431640625,5.060546875,2.625,-7.5,-2.4375,5.0625
qwen25_14b,28,neutral_opposite::neutral::021,neutral_opposite,neutral_opposite,neutral,opposite,0.2,preference_control,9.125,-3.0,9.1142578125,-3.0,9.1142578125,-3.0,3.05712890625,6.05712890625,9.125,-3.0,3.0625,6.0625
qwen25_14b,28,neutral_opposite::neutral::021,neutral_opposite,neutral_opposite,neutral,opposite,0.4,preference_control,12.75,-1.5,12.746505737304688,-1.5,12.746505737304688,-1.5,5.623252868652344,7.123252868652344,12.75,-1.5,5.625,7.125
qwen25_14b,28,neutral_opposite::neutral::021,neutral_opposite,neutral_opposite,neutral,opposite,0.6,preference_control,15.625,-1.25,15.623809933662416,-1.2421875,15.623809933662416,-1.2421875,7.190811216831207,8.432998716831207,15.625,-1.25,7.1875,8.4375
qwen25_14b,28,neutral_opposite::neutral::021,neutral_opposite,neutral_opposite,neutral,opposite,0.8,preference_control,16.25,-1.25,16.24908459186554,-1.25,16.24908459186554,-1.25,7.49954229593277,8.74954229593277,16.25,-1.25,7.5,8.75
qwen25_14b,28,neutral_opposite::neutral::021,neutral_opposite,neutral_opposite,neutral,opposite,1.0,preference_control,15.5,-0.25,15.498062252998352,-0.25,15.498062252998352,-0.25,7.624031126499176,7.874031126499176,15.5,-0.25,7.625,7.875
qwen25_14b,28,neutral_opposite::neutral::022,neutral_opposite,neutral_opposite,neutral,opposite,-1.0,preference_control,3.5,-11.5,3.5029296875,-11.53125,3.5029296875,-11.53125,-4.01416015625,7.51708984375,3.5,-11.5,-4.0,7.5
qwen25_14b,28,neutral_opposite::neutral::022,neutral_opposite,neutral_opposite,neutral,opposite,-0.8,preference_control,1.25,-13.75,1.25,-13.734375,1.25,-13.734375,-6.2421875,7.4921875,1.25,-13.75,-6.25,7.5
qwen25_14b,28,neutral_opposite::neutral::022,neutral_opposite,neutral_opposite,neutral,opposite,-0.6,preference_control,-2.75,-15.75,-2.7490234375,-15.740234375,-2.7490234375,-15.740234375,-9.24462890625,6.49560546875,-2.75,-15.75,-9.25,6.5
qwen25_14b,28,neutral_opposite::neutral::022,neutral_opposite,neutral_opposite,neutral,opposite,-0.4,preference_control,-6.75,-17.25,-6.7484130859375,-17.233642578125,-6.7484130859375,-17.233642578125,-11.99102783203125,5.24261474609375,-6.75,-17.25,-12.0,5.25
qwen25_14b,28,neutral_opposite::neutral::022,neutral_opposite,neutral_opposite,neutral,opposite,-0.2,preference_control,-7.5,-16.75,-7.499275207519531,-16.747634887695312,-7.499275207519531,-16.747634887695312,-12.123455047607422,4.624179840087891,-7.5,-16.75,-12.125,4.625
qwen25_14b,28,neutral_opposite::neutral::022,neutral_opposite,neutral_opposite,neutral,opposite,0.0,preference_control,-6.5,-12.625,-6.498405456542969,-12.62432861328125,-6.498405456542969,-12.62432861328125,-9.56136703491211,3.0629615783691406,-6.5,-12.625,-9.5625,3.0625
qwen25_14b,28,neutral_opposite::neutral::022,neutral_opposite,neutral_opposite,neutral,opposite,0.2,preference_control,-6.25,-7.0,-6.247894287109375,-6.998794555664063,-6.247894287109375,-6.998794555664063,-6.623344421386719,0.3754501342773437,-6.25,-7.0,-6.625,0.375
qwen25_14b,28,neutral_opposite::neutral::022,neutral_opposite,neutral_opposite,neutral,opposite,0.4,preference_control,-6.25,-6.25,-6.247314453125,-6.2480010986328125,-6.247314453125,-6.2480010986328125,-6.247657775878906,0.0003433227539062,-6.25,-6.25,-6.25,0.0
qwen25_14b,28,neutral_opposite::neutral::022,neutral_opposite,neutral_opposite,neutral,opposite,0.6,preference_control,-6.25,-6.75,-6.247604370117188,-6.748802185058594,-6.247604370117188,-6.748802185058594,-6.498203277587891,0.2505989074707031,-6.25,-6.75,-6.5,0.25
qwen25_14b,28,neutral_opposite::neutral::022,neutral_opposite,neutral_opposite,neutral,opposite,0.8,preference_control,-5.5,-7.5,-5.49517822265625,-7.499431610107422,-5.49517822265625,-7.499431610107422,-6.497304916381836,1.002126693725586,-5.5,-7.5,-6.5,1.0
qwen25_14b,28,neutral_opposite::neutral::022,neutral_opposite,neutral_opposite,neutral,opposite,1.0,preference_control,-3.75,-8.25,-3.7569580078125,-8.249717712402344,-3.7569580078125,-8.249717712402344,-6.003337860107422,2.246379852294922,-3.75,-8.25,-6.0,2.25
qwen25_14b,28,neutral_opposite::neutral::023,neutral_opposite,neutral_opposite,neutral,opposite,-1.0,preference_control,6.5,14.375,6.490234375,14.404296875,6.490234375,14.404296875,10.447265625,-3.95703125,6.5,14.375,10.4375,-3.9375
qwen25_14b,28,neutral_opposite::neutral::023,neutral_opposite,neutral_opposite,neutral,opposite,-0.8,preference_control,6.125,16.875,6.120361328125,16.86553955078125,6.120361328125,16.86553955078125,11.492950439453123,-5.372589111328125,6.125,16.875,11.5,-5.375
qwen25_14b,28,neutral_opposite::neutral::023,neutral_opposite,neutral_opposite,neutral,opposite,-0.6,preference_control,6.75,19.25,6.7484130859375,19.246826171875,6.7484130859375,19.246826171875,12.99761962890625,-6.24920654296875,6.75,19.25,13.0,-6.25
qwen25_14b,28,neutral_opposite::neutral::023,neutral_opposite,neutral_opposite,neutral,opposite,-0.4,preference_control,6.25,19.625,6.246597290039063,19.623321533203125,6.246597290039063,19.623321533203125,12.934959411621094,-6.688362121582031,6.25,19.625,12.9375,-6.6875
qwen25_14b,28,neutral_opposite::neutral::023,neutral_opposite,neutral_opposite,neutral,opposite,-0.2,preference_control,3.25,16.375,3.252685546875,16.36492919921875,3.252685546875,16.36492919921875,9.808807373046877,-6.556121826171875,3.25,16.375,9.8125,-6.5625
qwen25_14b,28,neutral_opposite::neutral::023,neutral_opposite,neutral_opposite,neutral,opposite,0.0,preference_control,0.0,7.25,0.0,7.23974609375,0.0,7.23974609375,3.619873046875,-3.619873046875,0.0,7.25,3.625,-3.625
qwen25_14b,28,neutral_opposite::neutral::023,neutral_opposite,neutral_opposite,neutral,opposite,0.2,preference_control,-1.0,-0.75,-1.001953125,-0.75,-1.001953125,-0.75,-0.8759765625,-0.1259765625,-1.0,-0.75,-0.875,-0.125
qwen25_14b,28,neutral_opposite::neutral::023,neutral_opposite,neutral_opposite,neutral,opposite,0.4,preference_control,0.75,-4.5,0.75,-4.5048828125,0.75,-4.5048828125,-1.87744140625,2.62744140625,0.75,-4.5,-1.875,2.625
qwen25_14b,28,neutral_opposite::neutral::023,neutral_opposite,neutral_opposite,neutral,opposite,0.6,preference_control,3.25,-6.5,3.256591796875,-6.489990234375,3.256591796875,-6.489990234375,-1.61669921875,4.873291015625,3.25,-6.5,-1.625,4.875
qwen25_14b,28,neutral_opposite::neutral::023,neutral_opposite,neutral_opposite,neutral,opposite,0.8,preference_control,5.5,-7.5,5.49462890625,-7.4932861328125,5.49462890625,-7.4932861328125,-0.99932861328125,6.49395751953125,5.5,-7.5,-1.0,6.5
qwen25_14b,28,neutral_opposite::neutral::023,neutral_opposite,neutral_opposite,neutral,opposite,1.0,preference_control,6.5,-7.75,6.497482299804688,-7.743988037109375,6.497482299804688,-7.743988037109375,-0.6232528686523438,7.120735168457031,6.5,-7.75,-0.625,7.125
qwen25_14b,28,valenced_nonopposite::affective::000,valenced_nonopposite,affective,valenced,nonopposite,-1.0,preference_control,-24.625,-28.875,-24.6248060464859,-28.910154581069943,-24.6248060464859,-28.910154581069943,-26.767480313777924,2.1426742672920227,-24.625,-28.875,-26.75,2.125
qwen25_14b,28,valenced_nonopposite::affective::000,valenced_nonopposite,affective,valenced,nonopposite,-0.8,preference_control,-27.75,-33.25,-27.749999403953552,-33.24748158454895,-27.749999403953552,-33.24748158454895,-30.49874049425125,2.748741090297699,-27.75,-33.25,-30.5,2.75
qwen25_14b,28,valenced_nonopposite::affective::000,valenced_nonopposite,affective,valenced,nonopposite,-0.6,preference_control,-29.625,-35.25,-29.62499988079071,-35.24999499320984,-29.62499988079071,-35.24999499320984,-32.437497437000275,2.812497556209564,-29.625,-35.25,-32.4375,2.8125
qwen25_14b,28,valenced_nonopposite::affective::000,valenced_nonopposite,affective,valenced,nonopposite,-0.4,preference_control,-30.0,-34.9375,-30.0,-34.99999964237213,-30.0,-34.99999964237213,-32.499999821186066,2.4999998211860657,-30.0,-34.9375,-32.46875,2.46875
qwen25_14b,28,valenced_nonopposite::affective::000,valenced_nonopposite,affective,valenced,nonopposite,-0.2,preference_control,-27.875,-31.25,-27.87499988079071,-31.249999046325684,-27.87499988079071,-31.249999046325684,-29.5624994635582,1.6874995827674866,-27.875,-31.25,-29.5625,1.6875
qwen25_14b,28,valenced_nonopposite::affective::000,valenced_nonopposite,affective,valenced,nonopposite,0.0,preference_control,-21.75,-22.0,-21.74999976158142,-21.999996423721317,-21.74999976158142,-21.999996423721317,-21.874998092651367,0.1249983310699462,-21.75,-22.0,-21.875,0.125
qwen25_14b,28,valenced_nonopposite::affective::000,valenced_nonopposite,affective,valenced,nonopposite,0.2,preference_control,-8.5,-10.25,-8.499786853790283,-10.249958157539368,-8.499786853790283,-10.249958157539368,-9.374872505664824,0.8750856518745422,-8.5,-10.25,-9.375,0.875
qwen25_14b,28,valenced_nonopposite::affective::000,valenced_nonopposite,affective,valenced,nonopposite,0.4,preference_control,-1.5,-7.25,-1.501952886581421,-7.249286651611328,-1.501952886581421,-7.249286651611328,-4.375619769096375,2.8736668825149536,-1.5,-7.25,-4.375,2.875
qwen25_14b,28,valenced_nonopposite::affective::000,valenced_nonopposite,affective,valenced,nonopposite,0.6,preference_control,4.0,-6.5,4.0130616426467896,-6.498497009277344,4.0130616426467896,-6.498497009277344,-1.242717683315277,5.255779325962067,4.0,-6.5,-1.25,5.25
qwen25_14b,28,valenced_nonopposite::affective::000,valenced_nonopposite,affective,valenced,nonopposite,0.8,preference_control,6.5,-6.0,6.498497009277344,-5.997528076171875,6.498497009277344,-5.997528076171875,0.2504844665527344,6.248012542724609,6.5,-6.0,0.25,6.25
qwen25_14b,28,valenced_nonopposite::affective::000,valenced_nonopposite,affective,valenced,nonopposite,1.0,preference_control,7.5,-5.75,7.499446868896484,-5.746826171875,7.499446868896484,-5.746826171875,0.8763103485107422,6.623136520385742,7.5,-5.75,0.875,6.625
qwen25_14b,28,valenced_nonopposite::affective::001,valenced_nonopposite,affective,valenced,nonopposite,-1.0,preference_control,-10.25,-16.3125,-10.265625,-16.3125,-10.265625,-16.3125,-13.2890625,3.0234375,-10.25,-16.3125,-13.28125,3.03125
qwen25_14b,28,valenced_nonopposite::affective::001,valenced_nonopposite,affective,valenced,nonopposite,-0.8,preference_control,-13.625,-15.6875,-13.62054443359375,-15.6875,-13.62054443359375,-15.6875,-14.654022216796877,1.033477783203125,-13.625,-15.6875,-14.65625,1.03125
qwen25_14b,28,valenced_nonopposite::affective::001,valenced_nonopposite,affective,valenced,nonopposite,-0.6,preference_control,-15.875,-15.625,-15.874927043914797,-15.65625,-15.874927043914797,-15.65625,-15.765588521957396,-0.1093385219573974,-15.875,-15.625,-15.75,-0.125
qwen25_14b,28,valenced_nonopposite::affective::001,valenced_nonopposite,affective,valenced,nonopposite,-0.4,preference_control,-16.625,-12.125,-16.62492036819458,-12.09375,-16.62492036819458,-12.09375,-14.35933518409729,-2.26558518409729,-16.625,-12.125,-14.375,-2.25
qwen25_14b,28,valenced_nonopposite::affective::001,valenced_nonopposite,affective,valenced,nonopposite,-0.2,preference_control,-14.0,-4.375,-13.999919414520264,-4.375,-13.999919414520264,-4.375,-9.187459707260132,-4.812459707260132,-14.0,-4.375,-9.1875,-4.8125
qwen25_14b,28,valenced_nonopposite::affective::001,valenced_nonopposite,affective,valenced,nonopposite,0.0,preference_control,-8.0,1.5,-7.999515533447266,1.50390625,-7.999515533447266,1.50390625,-3.247804641723633,-4.751710891723633,-8.0,1.5,-3.25,-4.75
qwen25_14b,28,valenced_nonopposite::affective::001,valenced_nonopposite,affective,valenced,nonopposite,0.2,preference_control,2.25,5.5,2.2431640625,5.493804931640625,2.2431640625,5.493804931640625,3.868484497070313,-1.6253204345703125,2.25,5.5,3.875,-1.625
qwen25_14b,28,valenced_nonopposite::affective::001,valenced_nonopposite,affective,valenced,nonopposite,0.4,preference_control,10.5,6.5,10.499970197677612,6.4984283447265625,10.499970197677612,6.4984283447265625,8.499199271202087,2.000770926475525,10.5,6.5,8.5,2.0
qwen25_14b,28,valenced_nonopposite::affective::001,valenced_nonopposite,affective,valenced,nonopposite,0.6,preference_control,14.5,6.0,14.499998807907104,5.9975128173828125,14.499998807907104,5.9975128173828125,10.248755812644958,4.251242995262146,14.5,6.0,10.25,4.25
qwen25_14b,28,valenced_nonopposite::affective::001,valenced_nonopposite,affective,valenced,nonopposite,0.8,preference_control,15.5,5.0,15.499999165534971,4.9932861328125,15.499999165534971,4.9932861328125,10.246642649173737,5.253356516361237,15.5,5.0,10.25,5.25
qwen25_14b,28,valenced_nonopposite::affective::001,valenced_nonopposite,affective,valenced,nonopposite,1.0,preference_control,15.0,3.75,14.999998927116394,3.7423095703125,14.999998927116394,3.7423095703125,9.371154248714449,5.628844678401947,15.0,3.75,9.375,5.625
qwen25_14b,28,valenced_nonopposite::affective::002,valenced_nonopposite,affective,valenced,nonopposite,-1.0,preference_control,-12.875,-23.6875,-12.873261213302612,-23.625,-12.873261213302612,-23.625,-18.249130606651303,5.375869393348694,-12.875,-23.6875,-18.28125,5.40625
qwen25_14b,28,valenced_nonopposite::affective::002,valenced_nonopposite,affective,valenced,nonopposite,-0.8,preference_control,-17.0,-23.125,-16.999990701675415,-23.16406238079071,-16.999990701675415,-23.16406238079071,-20.082026541233063,3.082035839557648,-17.0,-23.125,-20.0625,3.0625
qwen25_14b,28,valenced_nonopposite::affective::002,valenced_nonopposite,affective,valenced,nonopposite,-0.6,preference_control,-20.25,-20.75,-20.249995946884155,-20.71923828125,-20.249995946884155,-20.71923828125,-20.48461711406708,0.2346211671829223,-20.25,-20.75,-20.5,0.25
qwen25_14b,28,valenced_nonopposite::affective::002,valenced_nonopposite,affective,valenced,nonopposite,-0.4,preference_control,-17.625,-16.625,-17.624993205070496,-16.613831043243408,-17.624993205070496,-16.613831043243408,-17.119412124156952,-0.5055810809135437,-17.625,-16.625,-17.125,-0.5
qwen25_14b,28,valenced_nonopposite::affective::002,valenced_nonopposite,affective,valenced,nonopposite,-0.2,preference_control,-7.25,-0.5,-7.249276638031006,-0.5000042915344238,-7.249276638031006,-0.5000042915344238,-3.874640464782715,-3.374636173248291,-7.25,-0.5,-3.875,-3.375
qwen25_14b,28,valenced_nonopposite::affective::002,valenced_nonopposite,affective,valenced,nonopposite,0.0,preference_control,4.0,8.5,4.012882351875305,8.499659299850464,4.012882351875305,8.499659299850464,6.2562708258628845,-2.24338847398758,4.0,8.5,6.25,-2.25
qwen25_14b,28,valenced_nonopposite::affective::002,valenced_nonopposite,affective,valenced,nonopposite,0.2,preference_control,12.0,8.25,11.999966740608215,8.24972140789032,11.999966740608215,8.24972140789032,10.124844074249268,1.875122666358948,12.0,8.25,10.125,1.875
qwen25_14b,28,valenced_nonopposite::affective::002,valenced_nonopposite,affective,valenced,nonopposite,0.4,preference_control,15.25,5.75,15.249984741210938,5.746808767318726,15.249984741210938,5.746808767318726,10.498396754264832,4.751587986946106,15.25,5.75,10.5,4.75
qwen25_14b,28,valenced_nonopposite::affective::002,valenced_nonopposite,affective,valenced,nonopposite,0.6,preference_control,18.25,3.25,18.24998819828033,3.243161678314209,18.24998819828033,3.243161678314209,10.746574938297272,7.503413259983063,18.25,3.25,10.75,7.5
qwen25_14b,28,valenced_nonopposite::affective::002,valenced_nonopposite,affective,valenced,nonopposite,0.8,preference_control,19.375,2.0,19.3749942779541,1.9980442523956297,19.3749942779541,1.9980442523956297,10.686519265174866,8.688475012779236,19.375,2.0,10.6875,8.6875
qwen25_14b,28,valenced_nonopposite::affective::002,valenced_nonopposite,affective,valenced,nonopposite,1.0,preference_control,19.25,0.5,19.24999797344208,0.4980447292327881,19.24999797344208,0.4980447292327881,9.874021351337433,9.375976622104645,19.25,0.5,9.875,9.375
qwen25_14b,28,valenced_nonopposite::affective::003,valenced_nonopposite,affective,valenced,nonopposite,-1.0,preference_control,-14.5625,-23.6875,-14.5546875,-23.6484375,-14.5546875,-23.6484375,-19.1015625,4.546875,-14.5625,-23.6875,-19.125,4.5625
qwen25_14b,28,valenced_nonopposite::affective::003,valenced_nonopposite,affective,valenced,nonopposite,-0.8,preference_control,-20.625,-23.6875,-20.61846923828125,-23.70703125,-20.61846923828125,-23.70703125,-22.162750244140625,1.544281005859375,-20.625,-23.6875,-22.15625,1.53125
qwen25_14b,28,valenced_nonopposite::affective::003,valenced_nonopposite,affective,valenced,nonopposite,-0.6,preference_control,-24.8125,-22.6875,-24.874812126159668,-22.673828125,-24.874812126159668,-22.673828125,-23.774320125579838,-1.100492000579834,-24.8125,-22.6875,-23.75,-1.0625
qwen25_14b,28,valenced_nonopposite::affective::003,valenced_nonopposite,affective,valenced,nonopposite,-0.4,preference_control,-22.375,-17.4375,-22.374515414237976,-17.38671875,-22.374515414237976,-17.38671875,-19.880617082118988,-2.493898332118988,-22.375,-17.4375,-19.90625,-2.46875
qwen25_14b,28,valenced_nonopposite::affective::003,valenced_nonopposite,affective,valenced,nonopposite,-0.2,preference_control,-14.25,-9.5,-14.23876941204071,-9.46875,-14.23876941204071,-9.46875,-11.853759706020355,-2.3850097060203552,-14.25,-9.5,-11.875,-2.375
qwen25_14b,28,valenced_nonopposite::affective::003,valenced_nonopposite,affective,valenced,nonopposite,0.0,preference_control,-2.5,-2.75,-2.4921873807907104,-2.75,-2.4921873807907104,-2.75,-2.6210936903953552,0.1289063096046447,-2.5,-2.75,-2.625,0.125
qwen25_14b,28,valenced_nonopposite::affective::003,valenced_nonopposite,affective,valenced,nonopposite,0.2,preference_control,5.0,2.5,4.9926759004592896,2.5048828125,4.9926759004592896,2.5048828125,3.7487793564796448,1.2438965439796448,5.0,2.5,3.75,1.25
qwen25_14b,28,valenced_nonopposite::affective::003,valenced_nonopposite,affective,valenced,nonopposite,0.4,preference_control,10.0,3.5,9.999950647354126,3.5013427734375,9.999950647354126,3.5013427734375,6.750646710395813,3.249303936958313,10.0,3.5,6.75,3.25
qwen25_14b,28,valenced_nonopposite::affective::003,valenced_nonopposite,affective,valenced,nonopposite,0.6,preference_control,13.75,4.25,13.750001788139343,4.2358399629592896,13.750001788139343,4.2358399629592896,8.992920875549316,4.757080912590027,13.75,4.25,9.0,4.75
qwen25_14b,28,valenced_nonopposite::affective::003,valenced_nonopposite,affective,valenced,nonopposite,0.8,preference_control,16.375,5.0,16.375008583068848,4.9932862520217896,16.375008583068848,4.9932862520217896,10.68414741754532,5.690861165523529,16.375,5.0,10.6875,5.6875
qwen25_14b,28,valenced_nonopposite::affective::003,valenced_nonopposite,affective,valenced,nonopposite,1.0,preference_control,17.375,4.25,17.37503159046173,4.235840082168579,17.37503159046173,4.235840082168579,10.805435836315157,6.569595754146576,17.375,4.25,10.8125,6.5625
qwen25_14b,28,valenced_nonopposite::affective::004,valenced_nonopposite,affective,valenced,nonopposite,-1.0,preference_control,6.875,-19.1875,6.890629291534424,-19.187537670135494,6.890629291534424,-19.187537670135494,-6.148454189300537,13.03908348083496,6.875,-19.1875,-6.15625,13.03125
qwen25_14b,28,valenced_nonopposite::affective::004,valenced_nonopposite,affective,valenced,nonopposite,-0.8,preference_control,3.5,-19.6875,3.50000274181366,-19.718775749206543,3.50000274181366,-19.718775749206543,-8.109386503696442,11.6093892455101,3.5,-19.6875,-8.09375,11.59375
qwen25_14b,28,valenced_nonopposite::affective::004,valenced_nonopposite,affective,valenced,nonopposite,-0.6,preference_control,0.375,-21.1875,0.3749982118606567,-21.250022053718567,0.3749982118606567,-21.250022053718567,-10.437511920928957,10.812510132789612,0.375,-21.1875,-10.40625,10.78125
qwen25_14b,28,valenced_nonopposite::affective::004,valenced_nonopposite,affective,valenced,nonopposite,-0.4,preference_control,2.125,-19.625,2.121091604232788,-19.67970097064972,2.121091604232788,-19.67970097064972,-8.779304683208466,10.900396287441254,2.125,-19.625,-8.75,10.875
qwen25_14b,28,valenced_nonopposite::affective::004,valenced_nonopposite,affective,valenced,nonopposite,-0.2,preference_control,7.75,-12.625,7.751708030700684,-12.61719286441803,7.751708030700684,-12.61719286441803,-2.432742416858673,10.184450447559357,7.75,-12.625,-2.4375,10.1875
qwen25_14b,28,valenced_nonopposite::affective::004,valenced_nonopposite,affective,valenced,nonopposite,0.0,preference_control,14.125,-1.0,14.123061656951904,-1.0000015497207642,14.123061656951904,-1.0000015497207642,6.56153005361557,7.561531603336334,14.125,-1.0,6.5625,7.5625
qwen25_14b,28,valenced_nonopposite::affective::004,valenced_nonopposite,affective,valenced,nonopposite,0.2,preference_control,15.375,7.0,15.374933242797852,6.997085094451904,15.374933242797852,6.997085094451904,11.186009168624878,4.188924074172974,15.375,7.0,11.1875,4.1875
qwen25_14b,28,valenced_nonopposite::affective::004,valenced_nonopposite,affective,valenced,nonopposite,0.4,preference_control,15.125,6.0,15.124996304512024,5.997482061386108,15.124996304512024,5.997482061386108,10.561239182949066,4.563757121562958,15.125,6.0,10.5625,4.5625
qwen25_14b,28,valenced_nonopposite::affective::004,valenced_nonopposite,affective,valenced,nonopposite,0.6,preference_control,14.75,4.0,14.74999749660492,4.013061285018921,14.74999749660492,4.013061285018921,9.38152939081192,5.368468105792999,14.75,4.0,9.375,5.375
qwen25_14b,28,valenced_nonopposite::affective::004,valenced_nonopposite,affective,valenced,nonopposite,0.8,preference_control,14.75,2.75,14.74999749660492,2.750487923622132,14.74999749660492,2.750487923622132,8.750242710113525,5.999754786491394,14.75,2.75,8.75,6.0
qwen25_14b,28,valenced_nonopposite::affective::004,valenced_nonopposite,affective,valenced,nonopposite,1.0,preference_control,14.0,2.0,13.999996066093445,1.9980463981628416,13.999996066093445,1.9980463981628416,7.999021232128143,6.0009748339653015,14.0,2.0,8.0,6.0
qwen25_14b,28,valenced_nonopposite::affective::005,valenced_nonopposite,affective,valenced,nonopposite,-1.0,preference_control,-12.25,-20.5,-12.25,-20.499999403953552,-12.25,-20.499999403953552,-16.374999701976776,4.124999701976776,-12.25,-20.5,-16.375,4.125
qwen25_14b,28,valenced_nonopposite::affective::005,valenced_nonopposite,affective,valenced,nonopposite,-0.8,preference_control,-17.125,-19.375,-17.109375,-19.32543921470642,-17.109375,-19.32543921470642,-18.21740710735321,1.1080321073532104,-17.125,-19.375,-18.25,1.125
qwen25_14b,28,valenced_nonopposite::affective::005,valenced_nonopposite,affective,valenced,nonopposite,-0.6,preference_control,-20.125,-19.75,-20.11639404296875,-19.749290347099304,-20.11639404296875,-19.749290347099304,-19.932842195034027,-0.1835518479347229,-20.125,-19.75,-19.9375,-0.1875
qwen25_14b,28,valenced_nonopposite::affective::005,valenced_nonopposite,affective,valenced,nonopposite,-0.4,preference_control,-21.25,-20.25,-21.249191284179688,-20.249736666679382,-21.249191284179688,-20.249736666679382,-20.74946397542953,-0.4997273087501526,-21.25,-20.25,-20.75,-0.5
qwen25_14b,28,valenced_nonopposite::affective::005,valenced_nonopposite,affective,valenced,nonopposite,-0.2,preference_control,-19.0,-18.875,-18.999521136283875,-18.874815583229065,-18.999521136283875,-18.874815583229065,-18.93716835975647,-0.0623527765274047,-19.0,-18.875,-18.9375,-0.0625
qwen25_14b,28,valenced_nonopposite::affective::005,valenced_nonopposite,affective,valenced,nonopposite,0.0,preference_control,-12.875,-15.375,-12.874140977859495,-15.374809741973875,-12.874140977859495,-15.374809741973875,-14.124475359916689,1.25033438205719,-12.875,-15.375,-14.125,1.25
qwen25_14b,28,valenced_nonopposite::affective::005,valenced_nonopposite,affective,valenced,nonopposite,0.2,preference_control,-1.25,-7.25,-1.2460914850234983,-7.249140739440918,-1.2460914850234983,-7.249140739440918,-4.247616112232208,3.0015246272087097,-1.25,-7.25,-4.25,3.0
qwen25_14b,28,valenced_nonopposite::affective::005,valenced_nonopposite,affective,valenced,nonopposite,0.4,preference_control,5.25,-3.25,5.2447532415390015,-3.243161082267761,5.2447532415390015,-3.243161082267761,1.00079607963562,4.243957161903381,5.25,-3.25,1.0,4.25
qwen25_14b,28,valenced_nonopposite::affective::005,valenced_nonopposite,affective,valenced,nonopposite,0.6,preference_control,8.0,-2.75,7.999666452407837,-2.750486731529236,7.999666452407837,-2.750486731529236,2.6245898604393005,5.375076591968536,8.0,-2.75,2.625,5.375
qwen25_14b,28,valenced_nonopposite::affective::005,valenced_nonopposite,affective,valenced,nonopposite,0.8,preference_control,9.25,-3.0,9.249907970428469,-2.9982895851135254,9.249907970428469,-2.9982895851135254,3.1258091926574707,6.124098777770996,9.25,-3.0,3.125,6.125
qwen25_14b,28,valenced_nonopposite::affective::005,valenced_nonopposite,affective,valenced,nonopposite,1.0,preference_control,9.75,-3.0,9.74995481967926,-2.998287916183472,9.74995481967926,-2.998287916183472,3.3758334517478943,6.374121367931366,9.75,-3.0,3.375,6.375
qwen25_14b,28,valenced_nonopposite::affective::006,valenced_nonopposite,affective,valenced,nonopposite,-1.0,preference_control,-16.125,-28.75,-16.124616026878357,-28.79893124103546,-16.124616026878357,-28.79893124103546,-22.46177363395691,6.337157607078552,-16.125,-28.75,-22.4375,6.3125
qwen25_14b,28,valenced_nonopposite::affective::006,valenced_nonopposite,affective,valenced,nonopposite,-0.8,preference_control,-21.625,-30.125,-21.625006914138797,-30.1151282787323,-21.625006914138797,-30.1151282787323,-25.870067596435547,4.245060682296753,-21.625,-30.125,-25.875,4.25
qwen25_14b,28,valenced_nonopposite::affective::006,valenced_nonopposite,affective,valenced,nonopposite,-0.6,preference_control,-24.375,-29.25,-24.375014185905457,-29.249770760536197,-24.375014185905457,-29.249770760536197,-26.812392473220825,2.4373782873153687,-24.375,-29.25,-26.8125,2.4375
qwen25_14b,28,valenced_nonopposite::affective::006,valenced_nonopposite,affective,valenced,nonopposite,-0.4,preference_control,-25.0,-26.9375,-25.000027179718018,-26.999301314353943,-25.000027179718018,-26.999301314353943,-25.99966424703598,0.9996370673179626,-25.0,-26.9375,-25.96875,0.96875
qwen25_14b,28,valenced_nonopposite::affective::006,valenced_nonopposite,affective,valenced,nonopposite,-0.2,preference_control,-21.125,-19.625,-21.125011086463928,-19.613654613494877,-21.125011086463928,-19.613654613494877,-20.3693328499794,-0.7556782364845276,-21.125,-19.625,-20.375,-0.75
qwen25_14b,28,valenced_nonopposite::affective::006,valenced_nonopposite,affective,valenced,nonopposite,0.0,preference_control,-11.75,-7.875,-11.7499440908432,-7.871602058410644,-11.7499440908432,-7.871602058410644,-9.810773074626924,-1.939171016216278,-11.75,-7.875,-9.8125,-1.9375
qwen25_14b,28,valenced_nonopposite::affective::006,valenced_nonopposite,affective,valenced,nonopposite,0.2,preference_control,-0.75,0.5,-0.7539061307907104,0.4980437755584717,-0.7539061307907104,0.4980437755584717,-0.1279311776161193,-0.6259749531745911,-0.75,0.5,-0.125,-0.625
qwen25_14b,28,valenced_nonopposite::affective::006,valenced_nonopposite,affective,valenced,nonopposite,0.4,preference_control,4.0,0.5,4.0130616426467896,0.4980467557907104,4.0130616426467896,0.4980467557907104,2.25555419921875,1.7575074434280396,4.0,0.5,2.25,1.75
qwen25_14b,28,valenced_nonopposite::affective::006,valenced_nonopposite,affective,valenced,nonopposite,0.6,preference_control,7.0,-1.0,6.999088525772095,-1.0,6.999088525772095,-1.0,2.999544262886048,3.999544262886048,7.0,-1.0,3.0,4.0
qwen25_14b,28,valenced_nonopposite::affective::006,valenced_nonopposite,affective,valenced,nonopposite,0.8,preference_control,9.25,-2.5,9.24990439414978,-2.4990234375,9.24990439414978,-2.4990234375,3.37544047832489,5.87446391582489,9.25,-2.5,3.375,5.875
qwen25_14b,28,valenced_nonopposite::affective::006,valenced_nonopposite,affective,valenced,nonopposite,1.0,preference_control,10.75,-3.75,10.749979376792908,-3.742431640625,10.749979376792908,-3.742431640625,3.503773868083954,7.246205508708954,10.75,-3.75,3.5,7.25
qwen25_14b,28,valenced_nonopposite::affective::007,valenced_nonopposite,affective,valenced,nonopposite,-1.0,preference_control,-20.0,-26.5625,-20.25000667572021,-26.74610638618469,-20.25000667572021,-26.74610638618469,-23.498056530952454,3.2480498552322388,-20.0,-26.5625,-23.28125,3.28125
qwen25_14b,28,valenced_nonopposite::affective::007,valenced_nonopposite,affective,valenced,nonopposite,-0.8,preference_control,-22.875,-27.75,-23.01174020767212,-27.85632705688477,-23.01174020767212,-27.85632705688477,-25.43403363227844,2.4222934246063232,-22.875,-27.75,-25.3125,2.4375
qwen25_14b,28,valenced_nonopposite::affective::007,valenced_nonopposite,affective,valenced,nonopposite,-0.6,preference_control,-24.25,-28.5,-25.60939943790436,-28.87429165840149,-25.60939943790436,-28.87429165840149,-27.241845548152924,1.6324461102485657,-24.25,-28.5,-26.375,2.125
qwen25_14b,28,valenced_nonopposite::affective::007,valenced_nonopposite,affective,valenced,nonopposite,-0.4,preference_control,-22.5,-27.625,-24.16406786441803,-27.374035239219666,-24.16406786441803,-27.374035239219666,-25.769051551818848,1.604983687400818,-22.5,-27.625,-25.0625,2.5625
qwen25_14b,28,valenced_nonopposite::affective::007,valenced_nonopposite,affective,valenced,nonopposite,-0.2,preference_control,-18.875,-20.5,-18.13130021095276,-20.246673822402958,-18.13130021095276,-20.246673822402958,-19.188987016677856,1.0576868057250977,-18.875,-20.5,-19.6875,0.8125
qwen25_14b,28,valenced_nonopposite::affective::007,valenced_nonopposite,affective,valenced,nonopposite,0.0,preference_control,-2.5,0.0,-1.8518069982528689,-0.4316407442092895,-1.8518069982528689,-0.4316407442092895,-1.141723871231079,-0.7100831270217896,-2.5,0.0,-1.25,-1.25
qwen25_14b,28,valenced_nonopposite::affective::007,valenced_nonopposite,affective,valenced,nonopposite,0.2,preference_control,9.25,7.75,9.249753952026367,7.749370574951172,9.249753952026367,7.749370574951172,8.49956226348877,0.7501916885375977,9.25,7.75,8.5,0.75
qwen25_14b,28,valenced_nonopposite::affective::007,valenced_nonopposite,affective,valenced,nonopposite,0.4,preference_control,11.625,6.5,11.624652862548828,6.4976348876953125,11.624652862548828,6.4976348876953125,9.06114387512207,2.563508987426758,11.625,6.5,9.0625,2.5625
qwen25_14b,28,valenced_nonopposite::affective::007,valenced_nonopposite,affective,valenced,nonopposite,0.6,preference_control,14.375,4.25,14.124662399291992,4.012451171875,14.124662399291992,4.012451171875,9.068556785583496,5.056105613708496,14.375,4.25,9.3125,5.0625
qwen25_14b,28,valenced_nonopposite::affective::007,valenced_nonopposite,affective,valenced,nonopposite,0.8,preference_control,16.5,1.25,16.49973738193512,1.3388671875,16.49973738193512,1.3388671875,8.91930228471756,7.58043509721756,16.5,1.25,8.875,7.625
qwen25_14b,28,valenced_nonopposite::affective::007,valenced_nonopposite,affective,valenced,nonopposite,1.0,preference_control,17.75,-1.75,17.749884366989136,-1.712890625,17.749884366989136,-1.712890625,8.018496870994568,9.731387495994568,17.75,-1.75,8.0,9.75
qwen25_14b,28,valenced_nonopposite::affective::008,valenced_nonopposite,affective,valenced,nonopposite,-1.0,preference_control,-23.5,-28.0625,-23.49999499320984,-28.124871253967285,-23.49999499320984,-28.124871253967285,-25.81243312358856,2.312438130378723,-23.5,-28.0625,-25.78125,2.28125
qwen25_14b,28,valenced_nonopposite::affective::008,valenced_nonopposite,affective,valenced,nonopposite,-0.8,preference_control,-25.75,-27.625,-25.74999797344208,-27.62499845027924,-25.74999797344208,-27.62499845027924,-26.687498211860657,0.9375002384185792,-25.75,-27.625,-26.6875,0.9375
qwen25_14b,28,valenced_nonopposite::affective::008,valenced_nonopposite,affective,valenced,nonopposite,-0.6,preference_control,-25.75,-24.875,-25.749998569488525,-24.87499976158142,-25.749998569488525,-24.87499976158142,-25.312499165534973,-0.4374994039535522,-25.75,-24.875,-25.3125,-0.4375
qwen25_14b,28,valenced_nonopposite::affective::008,valenced_nonopposite,affective,valenced,nonopposite,-0.4,preference_control,-24.125,-22.75,-24.124998927116398,-22.74999976158142,-24.124998927116398,-22.74999976158142,-23.437499344348907,-0.6874995827674866,-24.125,-22.75,-23.4375,-0.6875
qwen25_14b,28,valenced_nonopposite::affective::008,valenced_nonopposite,affective,valenced,nonopposite,-0.2,preference_control,-17.375,-21.5,-17.374999403953552,-21.49999976158142,-17.374999403953552,-21.49999976158142,-19.437499582767487,2.0625001788139343,-17.375,-21.5,-19.4375,2.0625
qwen25_14b,28,valenced_nonopposite::affective::008,valenced_nonopposite,affective,valenced,nonopposite,0.0,preference_control,-5.5,-18.125,-5.49591064453125,-18.12499964237213,-5.49591064453125,-18.12499964237213,-11.81045514345169,6.314544498920441,-5.5,-18.125,-11.8125,6.3125
qwen25_14b,28,valenced_nonopposite::affective::008,valenced_nonopposite,affective,valenced,nonopposite,0.2,preference_control,5.0,-7.75,4.9932862520217896,-7.749566197395325,4.9932862520217896,-7.749566197395325,-1.3781399726867676,6.371426224708557,5.0,-7.75,-1.375,6.375
qwen25_14b,28,valenced_nonopposite::affective::008,valenced_nonopposite,affective,valenced,nonopposite,0.4,preference_control,8.75,-1.5,8.749841809272766,-1.501948356628418,8.749841809272766,-1.501948356628418,3.623946726322174,5.125895082950592,8.75,-1.5,3.625,5.125
qwen25_14b,28,valenced_nonopposite::affective::008,valenced_nonopposite,affective,valenced,nonopposite,0.6,preference_control,10.75,0.25,10.74997866153717,0.2500102519989013,10.74997866153717,0.2500102519989013,5.499994456768036,5.249984204769135,10.75,0.25,5.5,5.25
qwen25_14b,28,valenced_nonopposite::affective::008,valenced_nonopposite,affective,valenced,nonopposite,0.8,preference_control,12.25,1.0,12.249995350837708,1.000010371208191,12.249995350837708,1.000010371208191,6.625002861022949,5.624992489814758,12.25,1.0,6.625,5.625
qwen25_14b,28,valenced_nonopposite::affective::008,valenced_nonopposite,affective,valenced,nonopposite,1.0,preference_control,12.25,1.75,12.249995589256288,1.7539145946502686,12.249995589256288,1.7539145946502686,7.001955091953278,5.248040497303009,12.25,1.75,7.0,5.25
qwen25_14b,28,valenced_nonopposite::affective::009,valenced_nonopposite,affective,valenced,nonopposite,-1.0,preference_control,20.125,0.75,20.123048305511475,0.7500002384185791,20.123048305511475,0.7500002384185791,10.436524271965029,9.686524033546448,20.125,0.75,10.4375,9.6875
qwen25_14b,28,valenced_nonopposite::affective::009,valenced_nonopposite,affective,valenced,nonopposite,-0.8,preference_control,19.375,0.25,19.35961961746216,0.25,19.35961961746216,0.25,9.80480980873108,9.55480980873108,19.375,0.25,9.8125,9.5625
qwen25_14b,28,valenced_nonopposite::affective::009,valenced_nonopposite,affective,valenced,nonopposite,-0.6,preference_control,19.0,-2.25,18.99973690509796,-2.2568359375,18.99973690509796,-2.2568359375,8.37145048379898,10.62828642129898,19.0,-2.25,8.375,10.625
qwen25_14b,28,valenced_nonopposite::affective::009,valenced_nonopposite,affective,valenced,nonopposite,-0.4,preference_control,19.125,-3.25,19.12499713897705,-3.2431640625,19.12499713897705,-3.2431640625,7.940916538238525,11.184080600738524,19.125,-3.25,7.9375,11.1875
qwen25_14b,28,valenced_nonopposite::affective::009,valenced_nonopposite,affective,valenced,nonopposite,-0.2,preference_control,17.75,-2.25,17.74999976158142,-2.24365234375,17.74999976158142,-2.24365234375,7.7531737089157104,9.99682605266571,17.75,-2.25,7.75,10.0
qwen25_14b,28,valenced_nonopposite::affective::009,valenced_nonopposite,affective,valenced,nonopposite,0.0,preference_control,14.25,-1.0,14.249999284744264,-1.0,14.249999284744264,-1.0,6.624999642372131,7.624999642372131,14.25,-1.0,6.625,7.625
qwen25_14b,28,valenced_nonopposite::affective::009,valenced_nonopposite,affective,valenced,nonopposite,0.2,preference_control,10.25,1.0,10.249964475631714,1.0,10.249964475631714,1.0,5.624982237815857,4.624982237815857,10.25,1.0,5.625,4.625
qwen25_14b,28,valenced_nonopposite::affective::009,valenced_nonopposite,affective,valenced,nonopposite,0.4,preference_control,9.5,2.25,9.499925136566162,2.24365234375,9.499925136566162,2.24365234375,5.871788740158081,3.628136396408081,9.5,2.25,5.875,3.625
qwen25_14b,28,valenced_nonopposite::affective::009,valenced_nonopposite,affective,valenced,nonopposite,0.6,preference_control,10.5,1.0,10.499972462654114,1.0,10.499972462654114,1.0,5.749986231327057,4.749986231327057,10.5,1.0,5.75,4.75
qwen25_14b,28,valenced_nonopposite::affective::009,valenced_nonopposite,affective,valenced,nonopposite,0.8,preference_control,11.5,0.0,11.499990105628967,0.0,11.499990105628967,0.0,5.749995052814484,5.749995052814484,11.5,0.0,5.75,5.75
qwen25_14b,28,valenced_nonopposite::affective::009,valenced_nonopposite,affective,valenced,nonopposite,1.0,preference_control,11.25,-1.0,11.249990940093994,-0.9999997615814208,11.249990940093994,-0.9999997615814208,5.124995589256287,6.124995350837708,11.25,-1.0,5.125,6.125
qwen25_14b,28,valenced_nonopposite::affective::010,valenced_nonopposite,affective,valenced,nonopposite,-1.0,preference_control,-12.125,-12.125,-12.09375,-12.124991655349731,-12.09375,-12.124991655349731,-12.109370827674866,0.0156208276748657,-12.125,-12.125,-12.125,0.0
qwen25_14b,28,valenced_nonopposite::affective::010,valenced_nonopposite,affective,valenced,nonopposite,-0.8,preference_control,-23.25,-12.125,-23.24903106689453,-12.119131207466124,-23.24903106689453,-12.119131207466124,-17.68408113718033,-5.564949929714203,-23.25,-12.125,-17.6875,-5.5625
qwen25_14b,28,valenced_nonopposite::affective::010,valenced_nonopposite,affective,valenced,nonopposite,-0.6,preference_control,-27.125,-13.0,-27.12499988079071,-12.996790647506714,-27.12499988079071,-12.996790647506714,-20.060895264148712,-7.064104616641998,-27.125,-13.0,-20.0625,-7.0625
qwen25_14b,28,valenced_nonopposite::affective::010,valenced_nonopposite,affective,valenced,nonopposite,-0.4,preference_control,-25.125,-13.5,-25.12499976158142,-13.499995708465576,-25.12499976158142,-13.499995708465576,-19.3124977350235,-5.812502026557922,-25.125,-13.5,-19.3125,-5.8125
qwen25_14b,28,valenced_nonopposite::affective::010,valenced_nonopposite,affective,valenced,nonopposite,-0.2,preference_control,-16.25,-10.25,-16.24999725818634,-10.249963402748108,-16.24999725818634,-10.249963402748108,-13.249980330467224,-3.000016927719116,-16.25,-10.25,-13.25,-3.0
qwen25_14b,28,valenced_nonopposite::affective::010,valenced_nonopposite,affective,valenced,nonopposite,0.0,preference_control,-4.25,-3.0,-4.235534429550171,-2.9982903003692627,-4.235534429550171,-2.9982903003692627,-3.616912364959717,-0.6186220645904541,-4.25,-3.0,-3.625,-0.625
qwen25_14b,28,valenced_nonopposite::affective::010,valenced_nonopposite,affective,valenced,nonopposite,0.2,preference_control,5.25,1.25,5.244507312774658,1.248047113418579,5.244507312774658,1.248047113418579,3.2462772130966187,1.99823009967804,5.25,1.25,3.25,2.0
qwen25_14b,28,valenced_nonopposite::affective::010,valenced_nonopposite,affective,valenced,nonopposite,0.4,preference_control,10.0,2.0,9.999947667121887,1.998046875,9.999947667121887,1.998046875,5.998997271060944,4.000950396060944,10.0,2.0,6.0,4.0
qwen25_14b,28,valenced_nonopposite::affective::010,valenced_nonopposite,affective,valenced,nonopposite,0.6,preference_control,15.25,2.0,15.249999284744264,1.998046875,15.249999284744264,1.998046875,8.624023079872131,6.625976204872131,15.25,2.0,8.625,6.625
qwen25_14b,28,valenced_nonopposite::affective::010,valenced_nonopposite,affective,valenced,nonopposite,0.8,preference_control,18.125,1.0,18.12499976158142,1.0,18.12499976158142,1.0,9.56249988079071,8.56249988079071,18.125,1.0,9.5625,8.5625
qwen25_14b,28,valenced_nonopposite::affective::010,valenced_nonopposite,affective,valenced,nonopposite,1.0,preference_control,17.875,-0.25,17.87499988079071,-0.25,17.87499988079071,-0.25,8.812499940395355,9.062499940395355,17.875,-0.25,8.8125,9.0625
qwen25_14b,28,valenced_nonopposite::affective::011,valenced_nonopposite,affective,valenced,nonopposite,-1.0,preference_control,2.625,-23.6875,2.624987959861756,-23.71875786781311,2.624987959861756,-23.71875786781311,-10.546884953975676,13.171872913837433,2.625,-23.6875,-10.53125,13.15625
qwen25_14b,28,valenced_nonopposite::affective::011,valenced_nonopposite,affective,valenced,nonopposite,-0.8,preference_control,0.125,-25.5625,0.1249785423278808,-25.515636801719666,0.1249785423278808,-25.515636801719666,-12.695329129695892,12.820307672023771,0.125,-25.5625,-12.71875,12.84375
qwen25_14b,28,valenced_nonopposite::affective::011,valenced_nonopposite,affective,valenced,nonopposite,-0.6,preference_control,-0.5,-25.5625,-0.5000262260437012,-25.507824182510376,-0.5000262260437012,-25.507824182510376,-13.00392520427704,12.503898978233336,-0.5,-25.5625,-13.03125,12.53125
qwen25_14b,28,valenced_nonopposite::affective::011,valenced_nonopposite,affective,valenced,nonopposite,-0.4,preference_control,2.125,-23.0,2.1327909231185918,-22.99472677707672,2.1327909231185918,-22.99472677707672,-10.430967926979063,12.563758850097656,2.125,-23.0,-10.4375,12.5625
qwen25_14b,28,valenced_nonopposite::affective::011,valenced_nonopposite,affective,valenced,nonopposite,-0.2,preference_control,7.0,-15.25,6.992168545722961,-15.229737997055054,6.992168545722961,-15.229737997055054,-4.118784725666046,11.110953271389008,7.0,-15.25,-4.125,11.125
qwen25_14b,28,valenced_nonopposite::affective::011,valenced_nonopposite,affective,valenced,nonopposite,0.0,preference_control,11.125,-0.75,11.10411810874939,-0.7460942268371582,11.10411810874939,-0.7460942268371582,5.179011940956116,5.925106167793274,11.125,-0.75,5.1875,5.9375
qwen25_14b,28,valenced_nonopposite::affective::011,valenced_nonopposite,affective,valenced,nonopposite,0.2,preference_control,12.625,3.75,12.624552488327026,3.7578123807907104,12.624552488327026,3.7578123807907104,8.191182434558868,4.433370053768158,12.625,3.75,8.1875,4.4375
qwen25_14b,28,valenced_nonopposite::affective::011,valenced_nonopposite,affective,valenced,nonopposite,0.4,preference_control,14.25,3.25,14.249994397163391,3.2431640625,14.249994397163391,3.2431640625,8.746579229831696,5.503415167331696,14.25,3.25,8.75,5.5
qwen25_14b,28,valenced_nonopposite::affective::011,valenced_nonopposite,affective,valenced,nonopposite,0.6,preference_control,15.75,3.0,15.75,2.998291015625,15.75,2.998291015625,9.3741455078125,6.3758544921875,15.75,3.0,9.375,6.375
qwen25_14b,28,valenced_nonopposite::affective::011,valenced_nonopposite,affective,valenced,nonopposite,0.8,preference_control,17.5,2.25,17.500000834465027,2.24365234375,17.500000834465027,2.24365234375,9.871826589107512,7.628174245357513,17.5,2.25,9.875,7.625
qwen25_14b,28,valenced_nonopposite::affective::011,valenced_nonopposite,affective,valenced,nonopposite,1.0,preference_control,17.75,1.75,17.75000536441803,1.753906488418579,17.75000536441803,1.753906488418579,9.751955926418304,7.998049437999725,17.75,1.75,9.75,8.0
qwen25_14b,28,valenced_nonopposite::affective::012,valenced_nonopposite,affective,valenced,nonopposite,-1.0,preference_control,-2.125,-25.4375,-2.124967217445373,-25.423433303833008,-2.124967217445373,-25.423433303833008,-13.77420026063919,11.649233043193815,-2.125,-25.4375,-13.78125,11.65625
qwen25_14b,28,valenced_nonopposite::affective::012,valenced_nonopposite,affective,valenced,nonopposite,-0.8,preference_control,-8.375,-20.75,-8.37261962890625,-20.743967175483704,-8.37261962890625,-20.743967175483704,-14.558293402194977,6.185673773288727,-8.375,-20.75,-14.5625,6.1875
qwen25_14b,28,valenced_nonopposite::affective::012,valenced_nonopposite,affective,valenced,nonopposite,-0.6,preference_control,-9.75,-11.5,-9.748802185058594,-11.497732281684875,-9.748802185058594,-11.497732281684875,-10.623267233371736,0.8744650483131409,-9.75,-11.5,-10.625,0.875
qwen25_14b,28,valenced_nonopposite::affective::012,valenced_nonopposite,affective,valenced,nonopposite,-0.4,preference_control,-5.875,-2.25,-5.889635801315308,-2.246097445487976,-5.889635801315308,-2.246097445487976,-4.067866623401642,-1.8217691779136655,-5.875,-2.25,-4.0625,-1.8125
qwen25_14b,28,valenced_nonopposite::affective::012,valenced_nonopposite,affective,valenced,nonopposite,-0.2,preference_control,3.75,6.75,3.750992178916931,6.73749303817749,3.750992178916931,6.73749303817749,5.244242608547211,-1.4932504296302795,3.75,6.75,5.25,-1.5
qwen25_14b,28,valenced_nonopposite::affective::012,valenced_nonopposite,affective,valenced,nonopposite,0.0,preference_control,12.875,11.625,12.874231696128843,11.6245014667511,12.874231696128843,11.6245014667511,12.249366581439972,0.6248651146888733,12.875,11.625,12.25,0.625
qwen25_14b,28,valenced_nonopposite::affective::012,valenced_nonopposite,affective,valenced,nonopposite,0.2,preference_control,20.375,10.5,20.37512767314911,10.49968647956848,20.37512767314911,10.49968647956848,15.437407076358795,4.937720596790314,20.375,10.5,15.4375,4.9375
qwen25_14b,28,valenced_nonopposite::affective::012,valenced_nonopposite,affective,valenced,nonopposite,0.4,preference_control,20.875,8.5,20.875027894973755,8.499357461929321,20.875027894973755,8.499357461929321,14.687192678451538,6.187835216522217,20.875,8.5,14.6875,6.1875
qwen25_14b,28,valenced_nonopposite::affective::012,valenced_nonopposite,affective,valenced,nonopposite,0.6,preference_control,22.625,7.25,22.62500047683716,7.24873673915863,22.62500047683716,7.24873673915863,14.936868607997894,7.688131868839264,22.625,7.25,14.9375,7.6875
qwen25_14b,28,valenced_nonopposite::affective::012,valenced_nonopposite,affective,valenced,nonopposite,0.8,preference_control,23.875,6.0,23.87495422363281,5.99709153175354,23.87495422363281,5.99709153175354,14.936022877693176,8.938931345939636,23.875,6.0,14.9375,8.9375
qwen25_14b,28,valenced_nonopposite::affective::012,valenced_nonopposite,affective,valenced,nonopposite,1.0,preference_control,24.6875,4.75,24.74996292591095,4.74103569984436,24.74996292591095,4.74103569984436,14.745499312877657,10.004463613033296,24.6875,4.75,14.71875,9.96875
qwen25_14b,28,valenced_nonopposite::affective::013,valenced_nonopposite,affective,valenced,nonopposite,-1.0,preference_control,-12.75,-24.4375,-12.744174003601074,-24.52880859375,-12.744174003601074,-24.52880859375,-18.636491298675537,5.892317295074463,-12.75,-24.4375,-18.59375,5.84375
qwen25_14b,28,valenced_nonopposite::affective::013,valenced_nonopposite,affective,valenced,nonopposite,-0.8,preference_control,-17.625,-25.125,-17.625330924987793,-25.14892578125,-17.625330924987793,-25.14892578125,-21.387128353118896,3.761797428131104,-17.625,-25.125,-21.375,3.75
qwen25_14b,28,valenced_nonopposite::affective::013,valenced_nonopposite,affective,valenced,nonopposite,-0.6,preference_control,-20.375,-24.875,-20.375750303268436,-24.895248413085938,-20.375750303268436,-24.895248413085938,-22.635499358177185,2.2597490549087524,-20.375,-24.875,-22.625,2.25
qwen25_14b,28,valenced_nonopposite::affective::013,valenced_nonopposite,affective,valenced,nonopposite,-0.4,preference_control,-19.25,-23.625,-19.250768661499023,-23.63804864883423,-19.250768661499023,-23.63804864883423,-21.444408655166622,2.1936399936676025,-19.25,-23.625,-21.4375,2.1875
qwen25_14b,28,valenced_nonopposite::affective::013,valenced_nonopposite,affective,valenced,nonopposite,-0.2,preference_control,-16.25,-20.25,-16.25063705444336,-20.25907516479492,-16.25063705444336,-20.25907516479492,-18.25485610961914,2.004219055175781,-16.25,-20.25,-18.25,2.0
qwen25_14b,28,valenced_nonopposite::affective::013,valenced_nonopposite,affective,valenced,nonopposite,0.0,preference_control,-11.0,-11.5,-11.021244049072266,-11.497249603271484,-11.021244049072266,-11.497249603271484,-11.259246826171877,0.2380027770996093,-11.0,-11.5,-11.25,0.25
qwen25_14b,28,valenced_nonopposite::affective::013,valenced_nonopposite,affective,valenced,nonopposite,0.2,preference_control,-1.75,0.25,-1.7470860481262207,0.2499940395355224,-1.7470860481262207,0.2499940395355224,-0.7485460042953491,-0.9985400438308716,-1.75,0.25,-0.75,-1.0
qwen25_14b,28,valenced_nonopposite::affective::013,valenced_nonopposite,affective,valenced,nonopposite,0.4,preference_control,4.75,2.25,4.741269826889038,2.243651509284973,4.741269826889038,2.243651509284973,3.4924606680870056,1.2488091588020325,4.75,2.25,3.5,1.25
qwen25_14b,28,valenced_nonopposite::affective::013,valenced_nonopposite,affective,valenced,nonopposite,0.6,preference_control,8.25,3.0,8.24973726272583,2.998290657997132,8.24973726272583,2.998290657997132,5.624013960361481,2.6257233023643494,8.25,3.0,5.625,2.625
qwen25_14b,28,valenced_nonopposite::affective::013,valenced_nonopposite,affective,valenced,nonopposite,0.8,preference_control,10.0,4.0,9.999953627586365,4.01306140422821,9.999953627586365,4.01306140422821,7.006507515907288,2.993446111679077,10.0,4.0,7.0,3.0
qwen25_14b,28,valenced_nonopposite::affective::013,valenced_nonopposite,affective,valenced,nonopposite,1.0,preference_control,10.5,3.5,10.499971747398376,3.5014647245407104,10.499971747398376,3.5014647245407104,7.000718235969544,3.499253511428833,10.5,3.5,7.0,3.5
qwen25_14b,28,valenced_nonopposite::affective::014,valenced_nonopposite,affective,valenced,nonopposite,-1.0,preference_control,-4.125,-17.3125,-4.132811546325684,-17.271484851837158,-4.132811546325684,-17.271484851837158,-10.70214819908142,6.569336652755737,-4.125,-17.3125,-10.71875,6.59375
qwen25_14b,28,valenced_nonopposite::affective::014,valenced_nonopposite,affective,valenced,nonopposite,-0.8,preference_control,-8.5,-14.6875,-8.486888766288757,-14.687499403953552,-8.486888766288757,-14.687499403953552,-11.587194085121157,3.100305318832397,-8.5,-14.6875,-11.59375,3.09375
qwen25_14b,28,valenced_nonopposite::affective::014,valenced_nonopposite,affective,valenced,nonopposite,-0.6,preference_control,-14.125,-11.875,-14.125125885009766,-11.90234375,-14.125125885009766,-11.90234375,-13.013734817504885,-1.1113910675048828,-14.125,-11.875,-13.0,-1.125
qwen25_14b,28,valenced_nonopposite::affective::014,valenced_nonopposite,affective,valenced,nonopposite,-0.4,preference_control,-16.125,-5.125,-16.125152111053467,-5.110595703125,-16.125152111053467,-5.110595703125,-10.617873907089232,-5.507278203964233,-16.125,-5.125,-10.625,-5.5
qwen25_14b,28,valenced_nonopposite::affective::014,valenced_nonopposite,affective,valenced,nonopposite,-0.2,preference_control,-13.875,2.5,-13.875031232833862,2.496581792831421,-13.875031232833862,2.496581792831421,-5.689224720001221,-8.185806512832642,-13.875,2.5,-5.6875,-8.1875
qwen25_14b,28,valenced_nonopposite::affective::014,valenced_nonopposite,affective,valenced,nonopposite,0.0,preference_control,-5.75,7.0,-5.746812462806702,6.998862504959106,-5.746812462806702,6.998862504959106,0.6260250210762024,-6.372837483882904,-5.75,7.0,0.625,-6.375
qwen25_14b,28,valenced_nonopposite::affective::014,valenced_nonopposite,affective,valenced,nonopposite,0.2,preference_control,6.0,9.75,5.997527837753296,9.749934077262878,5.997527837753296,9.749934077262878,7.873730957508087,-1.8762031197547917,6.0,9.75,7.875,-1.875
qwen25_14b,28,valenced_nonopposite::affective::014,valenced_nonopposite,affective,valenced,nonopposite,0.4,preference_control,11.25,8.5,11.249986171722412,8.49979317188263,11.249986171722412,8.49979317188263,9.87488967180252,1.3750964999198914,11.25,8.5,9.875,1.375
qwen25_14b,28,valenced_nonopposite::affective::014,valenced_nonopposite,affective,valenced,nonopposite,0.6,preference_control,13.75,7.75,13.749997854232788,7.74956738948822,13.749997854232788,7.74956738948822,10.749782621860504,3.000215232372284,13.75,7.75,10.75,3.0
qwen25_14b,28,valenced_nonopposite::affective::014,valenced_nonopposite,affective,valenced,nonopposite,0.8,preference_control,15.125,6.25,15.124997854232788,6.248068451881409,15.124997854232788,6.248068451881409,10.686533153057098,4.43846470117569,15.125,6.25,10.6875,4.4375
qwen25_14b,28,valenced_nonopposite::affective::014,valenced_nonopposite,affective,valenced,nonopposite,1.0,preference_control,15.25,4.5,15.249997854232788,4.48894989490509,15.249997854232788,4.48894989490509,9.86947387456894,5.380523979663849,15.25,4.5,9.875,5.375
qwen25_14b,28,valenced_nonopposite::affective::015,valenced_nonopposite,affective,valenced,nonopposite,-1.0,preference_control,11.875,-20.6875,11.875007271766664,-20.62499296665192,11.875007271766664,-20.62499296665192,-4.374992847442627,16.25000011920929,11.875,-20.6875,-4.40625,16.28125
qwen25_14b,28,valenced_nonopposite::affective::015,valenced_nonopposite,affective,valenced,nonopposite,-0.8,preference_control,9.0,-21.9375,9.000004053115845,-21.906246066093445,9.000004053115845,-21.906246066093445,-6.4531210064888,15.453125059604645,9.0,-21.9375,-6.46875,15.46875
qwen25_14b,28,valenced_nonopposite::affective::015,valenced_nonopposite,affective,valenced,nonopposite,-0.6,preference_control,6.625,-22.5625,6.640629887580872,-22.54687190055847,6.640629887580872,-22.54687190055847,-7.9531210064888,14.593750894069672,6.625,-22.5625,-7.96875,14.59375
qwen25_14b,28,valenced_nonopposite::affective::015,valenced_nonopposite,affective,valenced,nonopposite,-0.4,preference_control,6.25,-20.0,6.265634059906006,-20.02734100818634,6.265634059906006,-20.02734100818634,-6.880853474140167,13.146487534046171,6.25,-20.0,-6.875,13.125
qwen25_14b,28,valenced_nonopposite::affective::015,valenced_nonopposite,affective,valenced,nonopposite,-0.2,preference_control,6.25,-9.5,6.257829427719116,-9.48241376876831,6.257829427719116,-9.48241376876831,-1.6122921705245972,7.870121598243713,6.25,-9.5,-1.625,7.875
qwen25_14b,28,valenced_nonopposite::affective::015,valenced_nonopposite,affective,valenced,nonopposite,0.0,preference_control,11.375,5.0,11.369901061058044,4.985669136047363,11.369901061058044,4.985669136047363,8.177785098552704,3.192115962505341,11.375,5.0,8.1875,3.1875
qwen25_14b,28,valenced_nonopposite::affective::015,valenced_nonopposite,affective,valenced,nonopposite,0.2,preference_control,17.375,12.75,17.37485909461975,12.750211238861084,17.37485909461975,12.750211238861084,15.062535166740416,2.312323927879333,17.375,12.75,15.0625,2.3125
qwen25_14b,28,valenced_nonopposite::affective::015,valenced_nonopposite,affective,valenced,nonopposite,0.4,preference_control,18.0,12.75,17.999999284744263,12.750185012817385,17.999999284744263,12.750185012817385,15.375092148780825,2.62490713596344,18.0,12.75,15.375,2.625
qwen25_14b,28,valenced_nonopposite::affective::015,valenced_nonopposite,affective,valenced,nonopposite,0.6,preference_control,18.375,12.5,18.37501585483551,12.500036835670471,18.37501585483551,12.500036835670471,15.43752634525299,2.9374895095825195,18.375,12.5,15.4375,2.9375
qwen25_14b,28,valenced_nonopposite::affective::015,valenced_nonopposite,affective,valenced,nonopposite,0.8,preference_control,19.125,11.5,19.125153183937076,11.50003707408905,19.125153183937076,11.50003707408905,15.312595129013062,3.8125580549240112,19.125,11.5,15.3125,3.8125
qwen25_14b,28,valenced_nonopposite::affective::015,valenced_nonopposite,affective,valenced,nonopposite,1.0,preference_control,17.75,8.75,17.750808596611023,8.749903678894043,17.750808596611023,8.749903678894043,13.250356137752531,4.50045245885849,17.75,8.75,13.25,4.5
qwen25_14b,28,valenced_nonopposite::affective::016,valenced_nonopposite,affective,valenced,nonopposite,-1.0,preference_control,-9.375,-23.5,-9.38285768032074,-23.49097323417664,-9.38285768032074,-23.49097323417664,-16.436915457248688,7.054057776927948,-9.375,-23.5,-16.4375,7.0625
qwen25_14b,28,valenced_nonopposite::affective::016,valenced_nonopposite,affective,valenced,nonopposite,-0.8,preference_control,-13.625,-23.5625,-13.595861315727234,-23.62453317642212,-13.595861315727234,-23.62453317642212,-18.61019724607468,5.014335930347443,-13.625,-23.5625,-18.59375,4.96875
qwen25_14b,28,valenced_nonopposite::affective::016,valenced_nonopposite,affective,valenced,nonopposite,-0.6,preference_control,-15.25,-22.6875,-15.232974886894226,-22.74973714351654,-15.232974886894226,-22.74973714351654,-18.991356015205383,3.758381128311157,-15.25,-22.6875,-18.96875,3.71875
qwen25_14b,28,valenced_nonopposite::affective::016,valenced_nonopposite,affective,valenced,nonopposite,-0.4,preference_control,-14.0,-19.0,-14.002639651298525,-18.99944496154785,-14.002639651298525,-18.99944496154785,-16.501042306423187,2.4984026551246643,-14.0,-19.0,-16.5,2.5
qwen25_14b,28,valenced_nonopposite::affective::016,valenced_nonopposite,affective,valenced,nonopposite,-0.2,preference_control,-9.625,-10.5,-9.601898074150084,-10.495543479919434,-9.601898074150084,-10.495543479919434,-10.04872077703476,0.4468227028846741,-9.625,-10.5,-10.0625,0.4375
qwen25_14b,28,valenced_nonopposite::affective::016,valenced_nonopposite,affective,valenced,nonopposite,0.0,preference_control,-4.5,-3.75,-4.484433054924011,-3.746580958366394,-4.484433054924011,-3.746580958366394,-4.115507006645203,-0.3689260482788086,-4.5,-3.75,-4.125,-0.375
qwen25_14b,28,valenced_nonopposite::affective::016,valenced_nonopposite,affective,valenced,nonopposite,0.2,preference_control,4.25,1.25,4.246089100837708,1.248048186302185,4.246089100837708,1.248048186302185,2.7470686435699463,1.4990204572677612,4.25,1.25,2.75,1.5
qwen25_14b,28,valenced_nonopposite::affective::016,valenced_nonopposite,affective,valenced,nonopposite,0.4,preference_control,8.5,1.5,8.49957013130188,1.5019569396972656,8.49957013130188,1.5019569396972656,5.000763535499573,3.498806595802307,8.5,1.5,5.0,3.5
qwen25_14b,28,valenced_nonopposite::affective::016,valenced_nonopposite,affective,valenced,nonopposite,0.6,preference_control,12.0,1.0,11.99998950958252,1.0000066757202148,11.99998950958252,1.0000066757202148,6.499998092651367,5.499991416931152,12.0,1.0,6.5,5.5
qwen25_14b,28,valenced_nonopposite::affective::016,valenced_nonopposite,affective,valenced,nonopposite,0.8,preference_control,14.5,0.0,14.499999046325684,7.748603820800781e-06,14.499999046325684,7.748603820800781e-06,7.250003397464752,7.249995648860931,14.5,0.0,7.25,7.25
qwen25_14b,28,valenced_nonopposite::affective::016,valenced_nonopposite,affective,valenced,nonopposite,1.0,preference_control,15.875,-0.5,15.874999642372131,-0.4980338811874389,15.874999642372131,-0.4980338811874389,7.688482880592346,8.186516761779785,15.875,-0.5,7.6875,8.1875
qwen25_14b,28,valenced_nonopposite::affective::017,valenced_nonopposite,affective,valenced,nonopposite,-1.0,preference_control,-18.0,-26.8125,-17.999579787254333,-26.87473225593567,-17.999579787254333,-26.87473225593567,-22.437156021595,4.437576234340668,-18.0,-26.8125,-22.40625,4.40625
qwen25_14b,28,valenced_nonopposite::affective::017,valenced_nonopposite,affective,valenced,nonopposite,-0.8,preference_control,-21.0,-26.6875,-20.99998152256012,-26.749942421913147,-20.99998152256012,-26.749942421913147,-23.874961972236637,2.8749804496765137,-21.0,-26.6875,-23.84375,2.84375
qwen25_14b,28,valenced_nonopposite::affective::017,valenced_nonopposite,affective,valenced,nonopposite,-0.6,preference_control,-23.125,-27.0,-23.125224828720093,-26.99996066093445,-23.125224828720093,-26.99996066093445,-25.06259274482727,1.9373679161071775,-23.125,-27.0,-25.0625,1.9375
qwen25_14b,28,valenced_nonopposite::affective::017,valenced_nonopposite,affective,valenced,nonopposite,-0.4,preference_control,-22.875,-26.875,-22.87507283687592,-26.87491261959076,-22.87507283687592,-26.87491261959076,-24.874992728233337,1.9999198913574217,-22.875,-26.875,-24.875,2.0
qwen25_14b,28,valenced_nonopposite::affective::017,valenced_nonopposite,affective,valenced,nonopposite,-0.2,preference_control,-18.875,-23.5,-18.871989369392395,-23.49933350086212,-18.871989369392395,-23.49933350086212,-21.18566143512726,2.3136720657348637,-18.875,-23.5,-21.1875,2.3125
qwen25_14b,28,valenced_nonopposite::affective::017,valenced_nonopposite,affective,valenced,nonopposite,0.0,preference_control,-10.375,-10.875,-10.343749165534971,-10.86971950531006,-10.343749165534971,-10.86971950531006,-10.606734335422516,0.2629851698875427,-10.375,-10.875,-10.625,0.25
qwen25_14b,28,valenced_nonopposite::affective::017,valenced_nonopposite,affective,valenced,nonopposite,0.2,preference_control,2.5,3.5,2.5053718090057373,3.501220703125,2.5053718090057373,3.501220703125,3.0032962560653687,-0.4979244470596313,2.5,3.5,3.0,-0.5
qwen25_14b,28,valenced_nonopposite::affective::017,valenced_nonopposite,affective,valenced,nonopposite,0.4,preference_control,8.25,5.5,8.249552488327026,5.495911002159119,8.249552488327026,5.495911002159119,6.8727317452430725,1.376820743083954,8.25,5.5,6.875,1.375
qwen25_14b,28,valenced_nonopposite::affective::017,valenced_nonopposite,affective,valenced,nonopposite,0.6,preference_control,12.5,4.0,12.49998939037323,4.013062596321106,12.49998939037323,4.013062596321106,8.256525993347168,4.243463397026062,12.5,4.0,8.25,4.25
qwen25_14b,28,valenced_nonopposite::affective::017,valenced_nonopposite,affective,valenced,nonopposite,0.8,preference_control,14.25,2.5,14.249997973442078,2.499025344848633,14.249997973442078,2.499025344848633,8.374511659145355,5.875486314296722,14.25,2.5,8.375,5.875
qwen25_14b,28,valenced_nonopposite::affective::017,valenced_nonopposite,affective,valenced,nonopposite,1.0,preference_control,14.5,1.75,14.500002145767212,1.7539143562316897,14.500002145767212,1.7539143562316897,8.12695825099945,6.373043894767761,14.5,1.75,8.125,6.375
qwen25_14b,28,valenced_nonopposite::affective::018,valenced_nonopposite,affective,valenced,nonopposite,-1.0,preference_control,-28.875,-30.25,-28.874996066093445,-30.218015789985657,-28.874996066093445,-30.218015789985657,-29.54650592803955,0.671509861946106,-28.875,-30.25,-29.5625,0.6875
qwen25_14b,28,valenced_nonopposite::affective::018,valenced_nonopposite,affective,valenced,nonopposite,-0.8,preference_control,-33.625,-28.375,-33.50000035762787,-28.37483036518097,-33.50000035762787,-28.37483036518097,-30.93741536140442,-2.5625849962234497,-33.625,-28.375,-31.0,-2.625
qwen25_14b,28,valenced_nonopposite::affective::018,valenced_nonopposite,affective,valenced,nonopposite,-0.6,preference_control,-36.125,-26.75,-36.00000035762787,-26.749998331069943,-36.00000035762787,-26.749998331069943,-31.374999344348907,-4.625001013278961,-36.125,-26.75,-31.4375,-4.6875
qwen25_14b,28,valenced_nonopposite::affective::018,valenced_nonopposite,affective,valenced,nonopposite,-0.4,preference_control,-35.5,-25.625,-35.50000023841858,-25.624999165534973,-35.50000023841858,-25.624999165534973,-30.562499701976776,-4.937500536441803,-35.5,-25.625,-30.5625,-4.9375
qwen25_14b,28,valenced_nonopposite::affective::018,valenced_nonopposite,affective,valenced,nonopposite,-0.2,preference_control,-29.25,-22.125,-29.25000011920929,-22.124998569488525,-29.25000011920929,-22.124998569488525,-25.687499344348907,-3.562500774860382,-29.25,-22.125,-25.6875,-3.5625
qwen25_14b,28,valenced_nonopposite::affective::018,valenced_nonopposite,affective,valenced,nonopposite,0.0,preference_control,-13.625,-13.25,-13.62499475479126,-13.249993920326231,-13.62499475479126,-13.249993920326231,-13.437494337558746,-0.1875004172325134,-13.625,-13.25,-13.4375,-0.1875
qwen25_14b,28,valenced_nonopposite::affective::018,valenced_nonopposite,affective,valenced,nonopposite,0.2,preference_control,1.75,0.25,1.7539154291152954,0.2500201463699341,1.7539154291152954,0.2500201463699341,1.0019677877426147,0.7519476413726807,1.75,0.25,1.0,0.75
qwen25_14b,28,valenced_nonopposite::affective::018,valenced_nonopposite,affective,valenced,nonopposite,0.4,preference_control,7.0,3.25,6.999071478843689,3.243182063102722,6.999071478843689,3.243182063102722,5.121126770973206,1.8779447078704836,7.0,3.25,5.125,1.875
qwen25_14b,28,valenced_nonopposite::affective::018,valenced_nonopposite,affective,valenced,nonopposite,0.6,preference_control,10.25,3.25,10.249966025352478,3.2431834936141968,10.249966025352478,3.2431834936141968,6.746574759483337,3.5033912658691406,10.25,3.25,6.75,3.5
qwen25_14b,28,valenced_nonopposite::affective::018,valenced_nonopposite,affective,valenced,nonopposite,0.8,preference_control,11.875,3.0,11.874996304512024,2.998310089111328,11.874996304512024,2.998310089111328,7.436653196811676,4.438343107700348,11.875,3.0,7.4375,4.4375
qwen25_14b,28,valenced_nonopposite::affective::018,valenced_nonopposite,affective,valenced,nonopposite,1.0,preference_control,11.875,2.25,11.875001549720764,2.2436739206314087,11.875001549720764,2.2436739206314087,7.059337735176086,4.815663814544678,11.875,2.25,7.0625,4.8125
qwen25_14b,28,valenced_nonopposite::affective::019,valenced_nonopposite,affective,valenced,nonopposite,-1.0,preference_control,-16.0,-26.625,-15.999174237251282,-26.66795289516449,-15.999174237251282,-26.66795289516449,-21.33356356620789,5.334389328956604,-16.0,-26.625,-21.3125,5.3125
qwen25_14b,28,valenced_nonopposite::affective::019,valenced_nonopposite,affective,valenced,nonopposite,-0.8,preference_control,-18.25,-26.875,-18.24997842311859,-26.93406450748444,-18.24997842311859,-26.93406450748444,-22.592021465301517,4.342043042182922,-18.25,-26.875,-22.5625,4.3125
qwen25_14b,28,valenced_nonopposite::affective::019,valenced_nonopposite,affective,valenced,nonopposite,-0.6,preference_control,-21.25,-26.625,-21.249983191490173,-26.622106790542603,-21.249983191490173,-26.622106790542603,-23.936044991016388,2.6860617995262146,-21.25,-26.625,-23.9375,2.6875
qwen25_14b,28,valenced_nonopposite::affective::019,valenced_nonopposite,affective,valenced,nonopposite,-0.4,preference_control,-21.0,-23.375,-20.999964475631717,-23.33674430847168,-20.999964475631717,-23.33674430847168,-22.168354392051697,1.168389916419983,-21.0,-23.375,-22.1875,1.1875
qwen25_14b,28,valenced_nonopposite::affective::019,valenced_nonopposite,affective,valenced,nonopposite,-0.2,preference_control,-13.0,-8.5,-12.999678611755373,-8.494829177856445,-12.999678611755373,-8.494829177856445,-10.747253894805908,-2.252424716949463,-13.0,-8.5,-10.75,-2.25
qwen25_14b,28,valenced_nonopposite::affective::019,valenced_nonopposite,affective,valenced,nonopposite,0.0,preference_control,-1.75,4.5,-1.7467403411865234,4.485637664794922,-1.7467403411865234,4.485637664794922,1.3694486618041992,-3.1161890029907227,-1.75,4.5,1.375,-3.125
qwen25_14b,28,valenced_nonopposite::affective::019,valenced_nonopposite,affective,valenced,nonopposite,0.2,preference_control,8.25,7.0,8.24969482421875,6.999146461486816,8.24969482421875,6.999146461486816,7.624420642852783,0.6252741813659668,8.25,7.0,7.625,0.625
qwen25_14b,28,valenced_nonopposite::affective::019,valenced_nonopposite,affective,valenced,nonopposite,0.4,preference_control,12.5,5.75,12.500059485435486,5.74685263633728,12.500059485435486,5.74685263633728,9.123456060886385,3.376603424549103,12.5,5.75,9.125,3.375
qwen25_14b,28,valenced_nonopposite::affective::019,valenced_nonopposite,affective,valenced,nonopposite,0.6,preference_control,14.625,4.25,14.62501621246338,4.235859632492065,14.62501621246338,4.235859632492065,9.430437922477722,5.194578289985657,14.625,4.25,9.4375,5.1875
qwen25_14b,28,valenced_nonopposite::affective::019,valenced_nonopposite,affective,valenced,nonopposite,0.8,preference_control,16.375,2.25,16.375009298324585,2.243660688400269,16.375009298324585,2.243660688400269,9.309334993362429,7.065674304962158,16.375,2.25,9.3125,7.0625
qwen25_14b,28,valenced_nonopposite::affective::019,valenced_nonopposite,affective,valenced,nonopposite,1.0,preference_control,17.125,0.0,17.125008940696716,6.079673767089844e-06,17.125008940696716,6.079673767089844e-06,8.562507510185242,8.562501430511475,17.125,0.0,8.5625,8.5625
qwen25_14b,28,valenced_nonopposite::deontic::000,valenced_nonopposite,deontic,valenced,nonopposite,-1.0,preference_control,-12.375,-19.5,-12.373863816261292,-19.49633550643921,-12.373863816261292,-19.49633550643921,-15.93509966135025,3.5612358450889587,-12.375,-19.5,-15.9375,3.5625
qwen25_14b,28,valenced_nonopposite::deontic::000,valenced_nonopposite,deontic,valenced,nonopposite,-0.8,preference_control,-18.625,-18.625,-18.62491130828857,-18.61735761165619,-18.62491130828857,-18.61735761165619,-18.62113445997238,-0.0037768483161926,-18.625,-18.625,-18.625,0.0
qwen25_14b,28,valenced_nonopposite::deontic::000,valenced_nonopposite,deontic,valenced,nonopposite,-0.6,preference_control,-22.125,-19.5,-22.125197410583496,-19.462016224861145,-22.125197410583496,-19.462016224861145,-20.79360681772232,-1.3315905928611755,-22.125,-19.5,-20.8125,-1.3125
qwen25_14b,28,valenced_nonopposite::deontic::000,valenced_nonopposite,deontic,valenced,nonopposite,-0.4,preference_control,-23.125,-20.5,-23.12513756752014,-20.437805652618408,-23.12513756752014,-20.437805652618408,-21.781471610069275,-1.3436659574508667,-23.125,-20.5,-21.8125,-1.3125
qwen25_14b,28,valenced_nonopposite::deontic::000,valenced_nonopposite,deontic,valenced,nonopposite,-0.2,preference_control,-20.0,-16.375,-20.000135898590088,-16.436973452568054,-20.000135898590088,-16.436973452568054,-18.21855467557907,-1.7815812230110168,-20.0,-16.375,-18.1875,-1.8125
qwen25_14b,28,valenced_nonopposite::deontic::000,valenced_nonopposite,deontic,valenced,nonopposite,0.0,preference_control,-11.25,-3.5,-11.24970018863678,-3.495055913925171,-11.24970018863678,-3.495055913925171,-7.372378051280975,-3.877322137355805,-11.25,-3.5,-7.375,-3.875
qwen25_14b,28,valenced_nonopposite::deontic::000,valenced_nonopposite,deontic,valenced,nonopposite,0.2,preference_control,-0.25,5.75,-0.2500534057617187,5.738286018371582,-0.2500534057617187,5.738286018371582,2.744116306304932,-2.9941697120666504,-0.25,5.75,2.75,-3.0
qwen25_14b,28,valenced_nonopposite::deontic::000,valenced_nonopposite,deontic,valenced,nonopposite,0.4,preference_control,5.0,6.75,4.993212103843689,6.748204469680786,4.993212103843689,6.748204469680786,5.8707082867622375,-0.8774961829185486,5.0,6.75,5.875,-0.875
qwen25_14b,28,valenced_nonopposite::deontic::000,valenced_nonopposite,deontic,valenced,nonopposite,0.6,preference_control,8.5,6.5,8.49977993965149,6.498409628868103,8.49977993965149,6.498409628868103,7.499094784259796,1.0006851553916931,8.5,6.5,7.5,1.0
qwen25_14b,28,valenced_nonopposite::deontic::000,valenced_nonopposite,deontic,valenced,nonopposite,0.8,preference_control,10.0,6.75,9.999943971633911,6.748843312263489,9.999943971633911,6.748843312263489,8.3743936419487,1.6255503296852112,10.0,6.75,8.375,1.625
qwen25_14b,28,valenced_nonopposite::deontic::000,valenced_nonopposite,deontic,valenced,nonopposite,1.0,preference_control,11.25,6.75,11.249985218048096,6.74885106086731,11.249985218048096,6.74885106086731,8.999418139457703,2.250567078590393,11.25,6.75,9.0,2.25
qwen25_14b,28,valenced_nonopposite::deontic::001,valenced_nonopposite,deontic,valenced,nonopposite,-1.0,preference_control,2.125,-5.0,2.125,-4.999992728233337,2.125,-4.999992728233337,-1.4374963641166687,3.5624963641166687,2.125,-5.0,-1.4375,3.5625
qwen25_14b,28,valenced_nonopposite::deontic::001,valenced_nonopposite,deontic,valenced,nonopposite,-0.8,preference_control,-2.125,-3.0,-2.1259765625,-3.007810115814209,-2.1259765625,-3.007810115814209,-2.5668933391571045,0.4409167766571045,-2.125,-3.0,-2.5625,0.4375
qwen25_14b,28,valenced_nonopposite::deontic::001,valenced_nonopposite,deontic,valenced,nonopposite,-0.6,preference_control,-4.5,-2.25,-4.5048828125,-2.242187023162842,-4.5048828125,-2.242187023162842,-3.373534917831421,-1.131347894668579,-4.5,-2.25,-3.375,-1.125
qwen25_14b,28,valenced_nonopposite::deontic::001,valenced_nonopposite,deontic,valenced,nonopposite,-0.4,preference_control,-2.25,1.0,-2.255859375,1.003906488418579,-2.255859375,1.003906488418579,-0.6259764432907104,-1.6298829317092896,-2.25,1.0,-0.625,-1.625
qwen25_14b,28,valenced_nonopposite::deontic::001,valenced_nonopposite,deontic,valenced,nonopposite,-0.2,preference_control,3.0,5.0,3.004638671875,5.0010987520217896,3.004638671875,5.0010987520217896,4.002868711948395,-0.9982300400733948,3.0,5.0,4.0,-1.0
qwen25_14b,28,valenced_nonopposite::deontic::001,valenced_nonopposite,deontic,valenced,nonopposite,0.0,preference_control,7.75,8.75,7.749488830566406,8.749130368232727,7.749488830566406,8.749130368232727,8.249309599399567,-0.4998207688331604,7.75,8.75,8.25,-0.5
qwen25_14b,28,valenced_nonopposite::deontic::001,valenced_nonopposite,deontic,valenced,nonopposite,0.2,preference_control,10.5,10.5,10.499955415725708,10.499927043914797,10.499955415725708,10.499927043914797,10.499941229820251,1.4185905456542969e-05,10.5,10.5,10.5,0.0
qwen25_14b,28,valenced_nonopposite::deontic::001,valenced_nonopposite,deontic,valenced,nonopposite,0.4,preference_control,10.75,10.0,10.74997615814209,9.99994969367981,10.74997615814209,9.99994969367981,10.37496292591095,0.3750132322311401,10.75,10.0,10.375,0.375
qwen25_14b,28,valenced_nonopposite::deontic::001,valenced_nonopposite,deontic,valenced,nonopposite,0.6,preference_control,11.0,8.5,10.999983191490172,8.499795913696289,10.999983191490172,8.499795913696289,9.749889552593231,1.250093638896942,11.0,8.5,9.75,1.25
qwen25_14b,28,valenced_nonopposite::deontic::001,valenced_nonopposite,deontic,valenced,nonopposite,0.8,preference_control,11.25,6.5,11.24998700618744,6.498497128486633,11.24998700618744,6.498497128486633,8.874242067337036,2.375744938850403,11.25,6.5,8.875,2.375
qwen25_14b,28,valenced_nonopposite::deontic::001,valenced_nonopposite,deontic,valenced,nonopposite,1.0,preference_control,11.0,4.5,10.999983429908752,4.48895275592804,10.999983429908752,4.48895275592804,7.744468092918396,3.2555153369903564,11.0,4.5,7.75,3.25
qwen25_14b,28,valenced_nonopposite::deontic::002,valenced_nonopposite,deontic,valenced,nonopposite,-1.0,preference_control,-16.125,-20.1875,-16.124625325202942,-20.23436999320984,-16.124625325202942,-20.23436999320984,-18.17949765920639,2.0548723340034485,-16.125,-20.1875,-18.15625,2.03125
qwen25_14b,28,valenced_nonopposite::deontic::002,valenced_nonopposite,deontic,valenced,nonopposite,-0.8,preference_control,-19.5,-20.4375,-19.499789476394653,-20.431639552116398,-19.499789476394653,-20.431639552116398,-19.965714514255524,0.4659250378608703,-19.5,-20.4375,-19.96875,0.46875
qwen25_14b,28,valenced_nonopposite::deontic::002,valenced_nonopposite,deontic,valenced,nonopposite,-0.6,preference_control,-23.25,-20.25,-23.249945163726807,-20.22009217739105,-23.249945163726807,-20.22009217739105,-21.73501867055893,-1.5149264931678772,-23.25,-20.25,-21.75,-1.5
qwen25_14b,28,valenced_nonopposite::deontic::002,valenced_nonopposite,deontic,valenced,nonopposite,-0.4,preference_control,-25.5,-19.125,-25.499995350837708,-19.12387752532959,-25.499995350837708,-19.12387752532959,-22.31193643808365,-3.188058912754059,-25.5,-19.125,-22.3125,-3.1875
qwen25_14b,28,valenced_nonopposite::deontic::002,valenced_nonopposite,deontic,valenced,nonopposite,-0.2,preference_control,-23.25,-15.125,-23.24999845027924,-15.124911308288574,-23.24999845027924,-15.124911308288574,-19.187454879283905,-4.062543570995331,-23.25,-15.125,-19.1875,-4.0625
qwen25_14b,28,valenced_nonopposite::deontic::002,valenced_nonopposite,deontic,valenced,nonopposite,0.0,preference_control,-14.5,-7.0,-14.499997973442078,-6.999044179916382,-14.499997973442078,-6.999044179916382,-10.74952107667923,-3.750476896762848,-14.5,-7.0,-10.75,-3.75
qwen25_14b,28,valenced_nonopposite::deontic::002,valenced_nonopposite,deontic,valenced,nonopposite,0.2,preference_control,-0.25,-0.25,-0.2499961853027343,-0.2499399185180664,-0.2499961853027343,-0.2499399185180664,-0.2499680519104004,-2.813339233398437e-05,-0.25,-0.25,-0.25,0.0
qwen25_14b,28,valenced_nonopposite::deontic::002,valenced_nonopposite,deontic,valenced,nonopposite,0.4,preference_control,6.75,2.25,6.7488380670547485,2.2437045574188232,6.7488380670547485,2.2437045574188232,4.496271312236786,2.252566754817962,6.75,2.25,4.5,2.25
qwen25_14b,28,valenced_nonopposite::deontic::002,valenced_nonopposite,deontic,valenced,nonopposite,0.6,preference_control,10.5,2.75,10.499980926513672,2.750598907470703,10.499980926513672,2.750598907470703,6.625289916992188,3.874691009521485,10.5,2.75,6.625,3.875
qwen25_14b,28,valenced_nonopposite::deontic::002,valenced_nonopposite,deontic,valenced,nonopposite,0.8,preference_control,12.25,3.0,12.250015258789062,2.9986801147460938,12.250015258789062,2.9986801147460938,7.624347686767578,4.625667572021484,12.25,3.0,7.625,4.625
qwen25_14b,28,valenced_nonopposite::deontic::002,valenced_nonopposite,deontic,valenced,nonopposite,1.0,preference_control,12.5,3.25,12.500067830085754,3.244697570800781,12.500067830085754,3.244697570800781,7.872382700443268,4.627685129642487,12.5,3.25,7.875,4.625
qwen25_14b,28,valenced_nonopposite::deontic::003,valenced_nonopposite,deontic,valenced,nonopposite,-1.0,preference_control,-6.125,-4.0,-6.1273193359375,-3.999997019767761,-6.1273193359375,-3.999997019767761,-5.063658177852631,-1.0636611580848694,-6.125,-4.0,-5.0625,-1.0625
qwen25_14b,28,valenced_nonopposite::deontic::003,valenced_nonopposite,deontic,valenced,nonopposite,-0.8,preference_control,-8.875,-0.875,-8.86639404296875,-0.8437479734420776,-8.86639404296875,-0.8437479734420776,-4.855071008205414,-4.011323034763336,-8.875,-0.875,-4.875,-4.0
qwen25_14b,28,valenced_nonopposite::deontic::003,valenced_nonopposite,deontic,valenced,nonopposite,-0.6,preference_control,-9.375,2.25,-9.372406005859377,2.2500020265579224,-9.372406005859377,2.2500020265579224,-3.5612019896507263,-5.811204016208649,-9.375,2.25,-3.5625,-5.8125
qwen25_14b,28,valenced_nonopposite::deontic::003,valenced_nonopposite,deontic,valenced,nonopposite,-0.4,preference_control,-8.875,3.875,-8.871063232421875,3.878909349441528,-8.871063232421875,3.878909349441528,-2.4960769414901733,-6.374986290931702,-8.875,3.875,-2.5,-6.375
qwen25_14b,28,valenced_nonopposite::deontic::003,valenced_nonopposite,deontic,valenced,nonopposite,-0.2,preference_control,-9.25,4.875,-9.248031497001648,4.862794876098633,-9.248031497001648,4.862794876098633,-2.192618310451508,-7.05541318655014,-9.25,4.875,-2.1875,-7.0625
qwen25_14b,28,valenced_nonopposite::deontic::003,valenced_nonopposite,deontic,valenced,nonopposite,0.0,preference_control,-7.75,5.875,-7.748123049736023,5.871827483177185,-7.748123049736023,5.871827483177185,-0.938147783279419,-6.809975266456604,-7.75,5.875,-0.9375,-6.8125
qwen25_14b,28,valenced_nonopposite::deontic::003,valenced_nonopposite,deontic,valenced,nonopposite,0.2,preference_control,-2.25,6.5,-2.2426756620407104,6.497773051261902,-2.2426756620407104,6.497773051261902,2.127548694610596,-4.370224356651306,-2.25,6.5,2.125,-4.375
qwen25_14b,28,valenced_nonopposite::deontic::003,valenced_nonopposite,deontic,valenced,nonopposite,0.4,preference_control,1.0,6.5,1.0000001192092896,6.498459339141846,1.0000001192092896,6.498459339141846,3.749229729175568,-2.749229609966278,1.0,6.5,3.75,-2.75
qwen25_14b,28,valenced_nonopposite::deontic::003,valenced_nonopposite,deontic,valenced,nonopposite,0.6,preference_control,3.25,6.5,3.243164300918579,6.498497247695923,3.243164300918579,6.498497247695923,4.870830774307251,-1.627666473388672,3.25,6.5,4.875,-1.625
qwen25_14b,28,valenced_nonopposite::deontic::003,valenced_nonopposite,deontic,valenced,nonopposite,0.8,preference_control,5.0,5.75,4.993286490440369,5.746826410293579,4.993286490440369,5.746826410293579,5.370056450366974,-0.3767699599266052,5.0,5.75,5.375,-0.375
qwen25_14b,28,valenced_nonopposite::deontic::003,valenced_nonopposite,deontic,valenced,nonopposite,1.0,preference_control,6.25,5.0,6.2480703592300415,4.993286728858948,6.2480703592300415,4.993286728858948,5.620678544044495,0.6273918151855469,6.25,5.0,5.625,0.625
qwen25_14b,28,valenced_nonopposite::deontic::004,valenced_nonopposite,deontic,valenced,nonopposite,-1.0,preference_control,-12.5,-30.625,-12.499995827674866,-30.62495303153992,-12.499995827674866,-30.62495303153992,-21.56247442960739,9.062478601932526,-12.5,-30.625,-21.5625,9.0625
qwen25_14b,28,valenced_nonopposite::deontic::004,valenced_nonopposite,deontic,valenced,nonopposite,-0.8,preference_control,-15.125,-28.9375,-15.124999523162842,-28.99999725818634,-15.124999523162842,-28.99999725818634,-22.06249839067459,6.937498867511749,-15.125,-28.9375,-22.03125,6.90625
qwen25_14b,28,valenced_nonopposite::deontic::004,valenced_nonopposite,deontic,valenced,nonopposite,-0.6,preference_control,-16.875,-26.25,-16.87499976158142,-26.24999797344208,-16.87499976158142,-26.24999797344208,-21.56249886751175,4.687499105930328,-16.875,-26.25,-21.5625,4.6875
qwen25_14b,28,valenced_nonopposite::deontic::004,valenced_nonopposite,deontic,valenced,nonopposite,-0.4,preference_control,-17.5,-23.375,-17.5,-23.374971866607662,-17.5,-23.374971866607662,-20.437485933303837,2.937485933303833,-17.5,-23.375,-20.4375,2.9375
qwen25_14b,28,valenced_nonopposite::deontic::004,valenced_nonopposite,deontic,valenced,nonopposite,-0.2,preference_control,-16.125,-18.0,-16.125,-17.999316692352295,-16.125,-17.999316692352295,-17.062158346176147,0.9371583461761476,-16.125,-18.0,-17.0625,0.9375
qwen25_14b,28,valenced_nonopposite::deontic::004,valenced_nonopposite,deontic,valenced,nonopposite,0.0,preference_control,-11.25,-9.375,-11.249984622001648,-9.372268438339232,-11.249984622001648,-9.372268438339232,-10.31112653017044,-0.9388580918312072,-11.25,-9.375,-10.3125,-0.9375
qwen25_14b,28,valenced_nonopposite::deontic::004,valenced_nonopposite,deontic,valenced,nonopposite,0.2,preference_control,-1.0,-0.5,-0.9999992847442628,-0.4999996423721313,-0.9999992847442628,-0.4999996423721313,-0.749999463558197,-0.2499998211860656,-1.0,-0.5,-0.75,-0.25
qwen25_14b,28,valenced_nonopposite::deontic::004,valenced_nonopposite,deontic,valenced,nonopposite,0.4,preference_control,3.75,1.75,3.742310285568237,1.752929925918579,3.742310285568237,1.752929925918579,2.747620105743408,0.9946901798248292,3.75,1.75,2.75,1.0
qwen25_14b,28,valenced_nonopposite::deontic::004,valenced_nonopposite,deontic,valenced,nonopposite,0.6,preference_control,6.5,1.75,6.498482823371887,1.7539063692092896,6.498482823371887,1.7539063692092896,4.126194596290588,2.372288227081299,6.5,1.75,4.125,2.375
qwen25_14b,28,valenced_nonopposite::deontic::004,valenced_nonopposite,deontic,valenced,nonopposite,0.8,preference_control,8.25,2.5,8.24972915649414,2.4990235567092896,8.24972915649414,2.4990235567092896,5.374376356601715,2.875352799892425,8.25,2.5,5.375,2.875
qwen25_14b,28,valenced_nonopposite::deontic::004,valenced_nonopposite,deontic,valenced,nonopposite,1.0,preference_control,8.75,3.0,8.749833226203918,2.998291492462158,8.749833226203918,2.998291492462158,5.874062359333038,2.87577086687088,8.75,3.0,5.875,2.875
qwen25_14b,28,valenced_nonopposite::deontic::005,valenced_nonopposite,deontic,valenced,nonopposite,-1.0,preference_control,-5.0,-18.875,-4.992190718650818,-18.975341200828552,-4.992190718650818,-18.975341200828552,-11.983765959739683,6.991575241088867,-5.0,-18.875,-11.9375,6.9375
qwen25_14b,28,valenced_nonopposite::deontic::005,valenced_nonopposite,deontic,valenced,nonopposite,-0.8,preference_control,-10.25,-18.8125,-10.274444341659546,-18.86157178878784,-10.274444341659546,-18.86157178878784,-14.568008065223694,4.293563723564148,-10.25,-18.8125,-14.53125,4.28125
qwen25_14b,28,valenced_nonopposite::deontic::005,valenced_nonopposite,deontic,valenced,nonopposite,-0.6,preference_control,-14.0,-17.75,-13.99162781238556,-17.744048237800598,-13.99162781238556,-17.744048237800598,-15.86783802509308,1.8762102127075195,-14.0,-17.75,-15.875,1.875
qwen25_14b,28,valenced_nonopposite::deontic::005,valenced_nonopposite,deontic,valenced,nonopposite,-0.4,preference_control,-13.75,-14.75,-13.74512791633606,-14.744383931159971,-13.74512791633606,-14.744383931159971,-14.244755923748016,0.4996280074119568,-13.75,-14.75,-14.25,0.5
qwen25_14b,28,valenced_nonopposite::deontic::005,valenced_nonopposite,deontic,valenced,nonopposite,-0.2,preference_control,-10.0,-9.0,-9.98658800125122,-9.000126361846924,-9.98658800125122,-9.000126361846924,-9.493357181549072,-0.4932308197021484,-10.0,-9.0,-9.5,-0.5
qwen25_14b,28,valenced_nonopposite::deontic::005,valenced_nonopposite,deontic,valenced,nonopposite,0.0,preference_control,-4.5,0.125,-4.51520049571991,0.1249983310699462,-4.51520049571991,0.1249983310699462,-2.1951010823249817,-2.320099413394928,-4.5,0.125,-2.1875,-2.3125
qwen25_14b,28,valenced_nonopposite::deontic::005,valenced_nonopposite,deontic,valenced,nonopposite,0.2,preference_control,3.25,6.25,3.2529367208480835,6.24475622177124,3.2529367208480835,6.24475622177124,4.748846471309662,-1.4959097504615784,3.25,6.25,4.75,-1.5
qwen25_14b,28,valenced_nonopposite::deontic::005,valenced_nonopposite,deontic,valenced,nonopposite,0.4,preference_control,6.75,5.75,6.748767614364624,5.746650815010071,6.748767614364624,5.746650815010071,6.247709214687347,0.5010583996772766,6.75,5.75,6.25,0.5
qwen25_14b,28,valenced_nonopposite::deontic::005,valenced_nonopposite,deontic,valenced,nonopposite,0.6,preference_control,8.5,4.25,8.499820709228516,4.235782265663147,8.499820709228516,4.235782265663147,6.367801487445831,2.1320192217826843,8.5,4.25,6.375,2.125
qwen25_14b,28,valenced_nonopposite::deontic::005,valenced_nonopposite,deontic,valenced,nonopposite,0.8,preference_control,9.5,3.25,9.4999577999115,3.243165373802185,9.4999577999115,3.243165373802185,6.371561586856842,3.128396213054657,9.5,3.25,6.375,3.125
qwen25_14b,28,valenced_nonopposite::deontic::005,valenced_nonopposite,deontic,valenced,nonopposite,1.0,preference_control,9.25,2.25,9.249967336654665,2.243652820587158,9.249967336654665,2.243652820587158,5.746810078620911,3.5031572580337524,9.25,2.25,5.75,3.5
qwen25_14b,28,valenced_nonopposite::deontic::006,valenced_nonopposite,deontic,valenced,nonopposite,-1.0,preference_control,-11.125,-24.84375,-11.122104167938232,-24.820281267166138,-11.122104167938232,-24.820281267166138,-17.971192717552185,6.849088549613953,-11.125,-24.84375,-17.984375,6.859375
qwen25_14b,28,valenced_nonopposite::deontic::006,valenced_nonopposite,deontic,valenced,nonopposite,-0.8,preference_control,-15.375,-25.625,-15.374808311462402,-25.60351252555847,-15.374808311462402,-25.60351252555847,-20.48916041851044,5.114352107048035,-15.375,-25.625,-20.5,5.125
qwen25_14b,28,valenced_nonopposite::deontic::006,valenced_nonopposite,deontic,valenced,nonopposite,-0.6,preference_control,-19.75,-26.4375,-19.749866127967834,-26.460938811302185,-19.749866127967834,-26.460938811302185,-23.10540246963501,3.3555363416671757,-19.75,-26.4375,-23.09375,3.34375
qwen25_14b,28,valenced_nonopposite::deontic::006,valenced_nonopposite,deontic,valenced,nonopposite,-0.4,preference_control,-23.4375,-26.90625,-23.499603629112244,-26.925307154655457,-23.499603629112244,-26.925307154655457,-25.21245539188385,1.7128517627716064,-23.4375,-26.90625,-25.171875,1.734375
qwen25_14b,28,valenced_nonopposite::deontic::006,valenced_nonopposite,deontic,valenced,nonopposite,-0.2,preference_control,-19.125,-25.4375,-19.12290668487549,-25.407349228858948,-19.12290668487549,-25.407349228858948,-22.265127956867214,3.1422212719917297,-19.125,-25.4375,-22.28125,3.15625
qwen25_14b,28,valenced_nonopposite::deontic::006,valenced_nonopposite,deontic,valenced,nonopposite,0.0,preference_control,-8.25,-15.375,-8.238316535949707,-15.374039769172668,-8.238316535949707,-15.374039769172668,-11.806178152561188,3.5678616166114807,-8.25,-15.375,-11.8125,3.5625
qwen25_14b,28,valenced_nonopposite::deontic::006,valenced_nonopposite,deontic,valenced,nonopposite,0.2,preference_control,3.5,-1.25,3.505367159843445,-1.2480472326278689,3.505367159843445,-1.2480472326278689,1.128659963607788,2.3767071962356567,3.5,-1.25,1.125,2.375
qwen25_14b,28,valenced_nonopposite::deontic::006,valenced_nonopposite,deontic,valenced,nonopposite,0.4,preference_control,10.5,0.0,10.49989402294159,-2.384185791015625e-07,10.49989402294159,-2.384185791015625e-07,5.249946892261505,5.249947130680084,10.5,0.0,5.25,5.25
qwen25_14b,28,valenced_nonopposite::deontic::006,valenced_nonopposite,deontic,valenced,nonopposite,0.6,preference_control,14.375,-0.75,14.374995589256288,-0.7539063692092896,14.374995589256288,-0.7539063692092896,6.8105446100234985,7.564450979232788,14.375,-0.75,6.8125,7.5625
qwen25_14b,28,valenced_nonopposite::deontic::006,valenced_nonopposite,deontic,valenced,nonopposite,0.8,preference_control,16.0,-1.25,15.999999523162842,-1.248046875,15.999999523162842,-1.248046875,7.375976324081421,8.624023199081421,16.0,-1.25,7.375,8.625
qwen25_14b,28,valenced_nonopposite::deontic::006,valenced_nonopposite,deontic,valenced,nonopposite,1.0,preference_control,15.125,-1.75,15.124999523162842,-1.75390625,15.124999523162842,-1.75390625,6.685546636581421,8.439452886581421,15.125,-1.75,6.6875,8.4375
qwen25_14b,28,valenced_nonopposite::deontic::007,valenced_nonopposite,deontic,valenced,nonopposite,-1.0,preference_control,13.625,-5.5,13.68752145767212,-5.531237244606018,13.68752145767212,-5.531237244606018,4.0781421065330505,9.609379351139069,13.625,-5.5,4.0625,9.5625
qwen25_14b,28,valenced_nonopposite::deontic::007,valenced_nonopposite,deontic,valenced,nonopposite,-0.8,preference_control,12.0,-1.375,12.015652537345886,-1.3749852180480957,12.015652537345886,-1.3749852180480957,5.320333659648895,6.695318877696991,12.0,-1.375,5.3125,6.6875
qwen25_14b,28,valenced_nonopposite::deontic::007,valenced_nonopposite,deontic,valenced,nonopposite,-0.6,preference_control,11.625,1.5,11.61134147644043,1.5000102519989014,11.61134147644043,1.5000102519989014,6.5556758642196655,5.055665612220764,11.625,1.5,6.5625,5.0625
qwen25_14b,28,valenced_nonopposite::deontic::007,valenced_nonopposite,deontic,valenced,nonopposite,-0.4,preference_control,12.25,4.125,12.27835178375244,4.093774437904358,12.27835178375244,4.093774437904358,8.1860631108284,4.092288672924042,12.25,4.125,8.1875,4.0625
qwen25_14b,28,valenced_nonopposite::deontic::007,valenced_nonopposite,deontic,valenced,nonopposite,-0.2,preference_control,12.625,9.0,12.623570442199709,8.988308787345886,12.623570442199709,8.988308787345886,10.805939614772797,1.8176308274269104,12.625,9.0,10.8125,1.8125
qwen25_14b,28,valenced_nonopposite::deontic::007,valenced_nonopposite,deontic,valenced,nonopposite,0.0,preference_control,12.875,11.5,12.862095832824709,11.4811372756958,12.862095832824709,11.4811372756958,12.171616554260254,0.6904792785644531,12.875,11.5,12.1875,0.6875
qwen25_14b,28,valenced_nonopposite::deontic::007,valenced_nonopposite,deontic,valenced,nonopposite,0.2,preference_control,10.75,7.75,10.746731638908386,7.742283344268799,10.746731638908386,7.742283344268799,9.244507491588593,1.5022241473197937,10.75,7.75,9.25,1.5
qwen25_14b,28,valenced_nonopposite::deontic::007,valenced_nonopposite,deontic,valenced,nonopposite,0.4,preference_control,10.0,3.25,9.998539924621582,3.252781391143799,9.998539924621582,3.252781391143799,6.62566065788269,3.372879266738892,10.0,3.25,6.625,3.375
qwen25_14b,28,valenced_nonopposite::deontic::007,valenced_nonopposite,deontic,valenced,nonopposite,0.6,preference_control,10.25,0.0,10.248992443084717,7.486343383789062e-05,10.248992443084717,7.486343383789062e-05,5.124533653259277,5.12445878982544,10.25,0.0,5.125,5.125
qwen25_14b,28,valenced_nonopposite::deontic::007,valenced_nonopposite,deontic,valenced,nonopposite,0.8,preference_control,10.75,-2.5,10.749131202697754,-2.496995449066162,10.749131202697754,-2.496995449066162,4.126067876815796,6.623063325881958,10.75,-2.5,4.125,6.625
qwen25_14b,28,valenced_nonopposite::deontic::007,valenced_nonopposite,deontic,valenced,nonopposite,1.0,preference_control,11.25,-3.5,11.249351501464844,-3.500291347503662,11.249351501464844,-3.500291347503662,3.874530076980591,7.374821424484253,11.25,-3.5,3.875,7.375
qwen25_14b,28,valenced_nonopposite::deontic::008,valenced_nonopposite,deontic,valenced,nonopposite,-1.0,preference_control,-23.0,-26.4375,-23.001097440719604,-26.43353247642517,-23.001097440719604,-26.43353247642517,-24.717314958572388,1.7162175178527832,-23.0,-26.4375,-24.71875,1.71875
qwen25_14b,28,valenced_nonopposite::deontic::008,valenced_nonopposite,deontic,valenced,nonopposite,-0.8,preference_control,-27.375,-23.375,-27.377750515937805,-23.347854375839237,-27.377750515937805,-23.347854375839237,-25.36280244588852,-2.014948070049286,-27.375,-23.375,-25.375,-2.0
qwen25_14b,28,valenced_nonopposite::deontic::008,valenced_nonopposite,deontic,valenced,nonopposite,-0.6,preference_control,-28.5,-15.375,-28.509694814682007,-15.378241539001465,-28.509694814682007,-15.378241539001465,-21.943968176841736,-6.565726637840271,-28.5,-15.375,-21.9375,-6.5625
qwen25_14b,28,valenced_nonopposite::deontic::008,valenced_nonopposite,deontic,valenced,nonopposite,-0.4,preference_control,-26.875,-7.875,-26.901102423667908,-7.874483942985535,-26.901102423667908,-7.874483942985535,-17.38779318332672,-9.513309240341188,-26.875,-7.875,-17.375,-9.5
qwen25_14b,28,valenced_nonopposite::deontic::008,valenced_nonopposite,deontic,valenced,nonopposite,-0.2,preference_control,-23.125,-4.25,-23.15108859539032,-4.239761233329773,-23.15108859539032,-4.239761233329773,-13.695424914360046,-9.455663681030272,-23.125,-4.25,-13.6875,-9.4375
qwen25_14b,28,valenced_nonopposite::deontic::008,valenced_nonopposite,deontic,valenced,nonopposite,0.0,preference_control,-14.625,-1.5,-14.625171184539797,-1.503678321838379,-14.625171184539797,-1.503678321838379,-8.064424753189087,-6.560746431350708,-14.625,-1.5,-8.0625,-6.5625
qwen25_14b,28,valenced_nonopposite::deontic::008,valenced_nonopposite,deontic,valenced,nonopposite,0.2,preference_control,-3.5,1.75,-3.501229405403137,1.7539139986038208,-3.501229405403137,1.7539139986038208,-0.8736577033996582,-2.627571702003479,-3.5,1.75,-0.875,-2.625
qwen25_14b,28,valenced_nonopposite::deontic::008,valenced_nonopposite,deontic,valenced,nonopposite,0.4,preference_control,2.0,3.75,1.9981268644332888,3.75707745552063,1.9981268644332888,3.75707745552063,2.8776021599769592,-0.8794752955436707,2.0,3.75,2.875,-0.875
qwen25_14b,28,valenced_nonopposite::deontic::008,valenced_nonopposite,deontic,valenced,nonopposite,0.6,preference_control,5.25,3.5,5.244880676269531,3.501463532447815,5.244880676269531,3.501463532447815,4.373172104358673,0.8717085719108582,5.25,3.5,4.375,0.875
qwen25_14b,28,valenced_nonopposite::deontic::008,valenced_nonopposite,deontic,valenced,nonopposite,0.8,preference_control,6.75,2.25,6.748970031738281,2.243651390075684,6.748970031738281,2.243651390075684,4.496310710906982,2.252659320831299,6.75,2.25,4.5,2.25
qwen25_14b,28,valenced_nonopposite::deontic::008,valenced_nonopposite,deontic,valenced,nonopposite,1.0,preference_control,7.0,0.75,6.999198079109192,0.7539056539535522,6.999198079109192,0.7539056539535522,3.876551866531372,3.12264621257782,7.0,0.75,3.875,3.125
qwen25_14b,28,valenced_nonopposite::deontic::009,valenced_nonopposite,deontic,valenced,nonopposite,-1.0,preference_control,-6.5,-23.3125,-6.497030735015869,-23.331477165222168,-6.497030735015869,-23.331477165222168,-14.91425395011902,8.41722321510315,-6.5,-23.3125,-14.90625,8.40625
qwen25_14b,28,valenced_nonopposite::deontic::009,valenced_nonopposite,deontic,valenced,nonopposite,-0.8,preference_control,-8.0,-24.25,-7.999856948852539,-24.203816175460812,-7.999856948852539,-24.203816175460812,-16.101836562156677,8.101979613304138,-8.0,-24.25,-16.125,8.125
qwen25_14b,28,valenced_nonopposite::deontic::009,valenced_nonopposite,deontic,valenced,nonopposite,-0.6,preference_control,-10.25,-24.9375,-10.252420783042908,-25.008559703826904,-10.252420783042908,-25.008559703826904,-17.630490243434906,7.378069460391998,-10.25,-24.9375,-17.59375,7.34375
qwen25_14b,28,valenced_nonopposite::deontic::009,valenced_nonopposite,deontic,valenced,nonopposite,-0.4,preference_control,-11.75,-24.5,-11.754078269004822,-24.50509023666382,-11.754078269004822,-24.50509023666382,-18.12958425283432,6.375505983829498,-11.75,-24.5,-18.125,6.375
qwen25_14b,28,valenced_nonopposite::deontic::009,valenced_nonopposite,deontic,valenced,nonopposite,-0.2,preference_control,-9.5,-21.25,-9.500832080841064,-21.25113868713379,-9.500832080841064,-21.25113868713379,-15.375985383987429,5.875153303146362,-9.5,-21.25,-15.375,5.875
qwen25_14b,28,valenced_nonopposite::deontic::009,valenced_nonopposite,deontic,valenced,nonopposite,0.0,preference_control,-2.75,-9.0,-2.750823974609375,-8.99998664855957,-2.750823974609375,-8.99998664855957,-5.875405311584473,3.1245813369750977,-2.75,-9.0,-5.875,3.125
qwen25_14b,28,valenced_nonopposite::deontic::009,valenced_nonopposite,deontic,valenced,nonopposite,0.2,preference_control,3.0,4.0,2.997379302978516,4.012903213500977,2.997379302978516,4.012903213500977,3.505141258239746,-0.5077619552612305,3.0,4.0,3.5,-0.5
qwen25_14b,28,valenced_nonopposite::deontic::009,valenced_nonopposite,deontic,valenced,nonopposite,0.4,preference_control,4.5,5.25,4.488399505615234,5.244592666625977,4.488399505615234,5.244592666625977,4.8664960861206055,-0.3780965805053711,4.5,5.25,4.875,-0.375
qwen25_14b,28,valenced_nonopposite::deontic::009,valenced_nonopposite,deontic,valenced,nonopposite,0.6,preference_control,5.0,4.0,4.99299430847168,4.012725830078125,4.99299430847168,4.012725830078125,4.502860069274902,0.4901342391967773,5.0,4.0,4.5,0.5
qwen25_14b,28,valenced_nonopposite::deontic::009,valenced_nonopposite,deontic,valenced,nonopposite,0.8,preference_control,5.5,2.5,5.495676040649414,2.4985923767089844,5.495676040649414,2.4985923767089844,3.997134208679199,1.4985418319702148,5.5,2.5,4.0,1.5
qwen25_14b,28,valenced_nonopposite::deontic::009,valenced_nonopposite,deontic,valenced,nonopposite,1.0,preference_control,5.75,2.0,5.746591567993164,1.9974937438964844,5.746591567993164,1.9974937438964844,3.872042655944824,1.87454891204834,5.75,2.0,3.875,1.875
qwen25_14b,28,valenced_nonopposite::deontic::010,valenced_nonopposite,deontic,valenced,nonopposite,-1.0,preference_control,-5.125,-14.875,-5.114990234375,-14.9140625,-5.114990234375,-14.9140625,-10.0145263671875,4.8995361328125,-5.125,-14.875,-10.0,4.875
qwen25_14b,28,valenced_nonopposite::deontic::010,valenced_nonopposite,deontic,valenced,nonopposite,-0.8,preference_control,-7.25,-12.625,-7.249031066894531,-12.609375,-7.249031066894531,-12.609375,-9.929203033447266,2.6801719665527344,-7.25,-12.625,-9.9375,2.6875
qwen25_14b,28,valenced_nonopposite::deontic::010,valenced_nonopposite,deontic,valenced,nonopposite,-0.6,preference_control,-8.875,-8.25,-8.874618530273438,-8.28125,-8.874618530273438,-8.28125,-8.577934265136719,-0.2966842651367187,-8.875,-8.25,-8.5625,-0.3125
qwen25_14b,28,valenced_nonopposite::deontic::010,valenced_nonopposite,deontic,valenced,nonopposite,-0.4,preference_control,-7.75,-3.75,-7.749130249023437,-3.7490234375,-7.749130249023437,-3.7490234375,-5.749076843261719,-2.0000534057617188,-7.75,-3.75,-5.75,-2.0
qwen25_14b,28,valenced_nonopposite::deontic::010,valenced_nonopposite,deontic,valenced,nonopposite,-0.2,preference_control,-2.5,1.0,-2.498046875,0.998046875,-2.498046875,0.998046875,-0.75,-1.748046875,-2.5,1.0,-0.75,-1.75
qwen25_14b,28,valenced_nonopposite::deontic::010,valenced_nonopposite,deontic,valenced,nonopposite,0.0,preference_control,4.25,5.25,4.23565673828125,5.243804931640625,4.23565673828125,5.243804931640625,4.7397308349609375,-0.5040740966796875,4.25,5.25,4.75,-0.5
qwen25_14b,28,valenced_nonopposite::deontic::010,valenced_nonopposite,deontic,valenced,nonopposite,0.2,preference_control,10.5,7.25,10.499966382980348,7.2492523193359375,10.499966382980348,7.2492523193359375,8.874609351158142,1.6253570318222046,10.5,7.25,8.875,1.625
qwen25_14b,28,valenced_nonopposite::deontic::010,valenced_nonopposite,deontic,valenced,nonopposite,0.4,preference_control,13.5,5.5,13.499997854232788,5.495880126953125,13.499997854232788,5.495880126953125,9.497938990592957,4.002058863639832,13.5,5.5,9.5,4.0
qwen25_14b,28,valenced_nonopposite::deontic::010,valenced_nonopposite,deontic,valenced,nonopposite,0.6,preference_control,15.5,2.75,15.499999403953552,2.75048828125,15.499999403953552,2.75048828125,9.125243842601776,6.374755561351776,15.5,2.75,9.125,6.375
qwen25_14b,28,valenced_nonopposite::deontic::010,valenced_nonopposite,deontic,valenced,nonopposite,0.8,preference_control,15.75,0.25,15.749999523162842,0.25,15.749999523162842,0.25,7.999999761581421,7.749999761581421,15.75,0.25,8.0,7.75
qwen25_14b,28,valenced_nonopposite::deontic::010,valenced_nonopposite,deontic,valenced,nonopposite,1.0,preference_control,14.0,-1.25,13.999998927116394,-1.248046875,13.999998927116394,-1.248046875,6.375976026058197,7.624022901058197,14.0,-1.25,6.375,7.625
qwen25_14b,28,valenced_nonopposite::deontic::011,valenced_nonopposite,deontic,valenced,nonopposite,-1.0,preference_control,-22.0,-23.0625,-21.99710261821747,-23.04882764816284,-21.99710261821747,-23.04882764816284,-22.522965133190155,0.5258625149726868,-22.0,-23.0625,-22.53125,0.53125
qwen25_14b,28,valenced_nonopposite::deontic::011,valenced_nonopposite,deontic,valenced,nonopposite,-0.8,preference_control,-26.5625,-23.25,-26.6247992515564,-23.245238780975345,-26.6247992515564,-23.245238780975345,-24.93501901626587,-1.6897802352905271,-26.5625,-23.25,-24.90625,-1.65625
qwen25_14b,28,valenced_nonopposite::deontic::011,valenced_nonopposite,deontic,valenced,nonopposite,-0.6,preference_control,-30.625,-23.0,-30.62466275691986,-22.999709725379944,-30.62466275691986,-22.999709725379944,-26.812186241149902,-3.8124765157699594,-30.625,-23.0,-26.8125,-3.8125
qwen25_14b,28,valenced_nonopposite::deontic::011,valenced_nonopposite,deontic,valenced,nonopposite,-0.4,preference_control,-31.3125,-21.5,-31.374287247657776,-21.49681055545807,-31.374287247657776,-21.49681055545807,-26.43554890155792,-4.9387383460998535,-31.3125,-21.5,-26.40625,-4.90625
qwen25_14b,28,valenced_nonopposite::deontic::011,valenced_nonopposite,deontic,valenced,nonopposite,-0.2,preference_control,-26.375,-13.25,-26.36083984375,-13.226439952850342,-26.36083984375,-13.226439952850342,-19.79363989830017,-6.567199945449829,-26.375,-13.25,-19.8125,-6.5625
qwen25_14b,28,valenced_nonopposite::deontic::011,valenced_nonopposite,deontic,valenced,nonopposite,0.0,preference_control,-12.25,2.0,-12.232420563697817,1.9941411018371584,-12.232420563697817,1.9941411018371584,-5.119139730930328,-7.113280832767487,-12.25,2.0,-5.125,-7.125
qwen25_14b,28,valenced_nonopposite::deontic::011,valenced_nonopposite,deontic,valenced,nonopposite,0.2,preference_control,1.0,11.375,1.0039095878601074,11.374766945838928,1.0039095878601074,11.374766945838928,6.189338266849518,-5.18542867898941,1.0,11.375,6.1875,-5.1875
qwen25_14b,28,valenced_nonopposite::deontic::011,valenced_nonopposite,deontic,valenced,nonopposite,0.4,preference_control,8.75,11.125,8.74971878528595,11.124974608421326,8.74971878528595,11.124974608421326,9.937346696853638,-1.187627911567688,8.75,11.125,9.9375,-1.1875
qwen25_14b,28,valenced_nonopposite::deontic::011,valenced_nonopposite,deontic,valenced,nonopposite,0.6,preference_control,12.75,8.5,12.749998331069946,8.49979567527771,12.749998331069946,8.49979567527771,10.624897003173828,2.125101327896118,12.75,8.5,10.625,2.125
qwen25_14b,28,valenced_nonopposite::deontic::011,valenced_nonopposite,deontic,valenced,nonopposite,0.8,preference_control,13.75,6.5,13.750000834465029,6.498497724533081,13.750000834465029,6.498497724533081,10.124249279499054,3.625751554965973,13.75,6.5,10.125,3.625
qwen25_14b,28,valenced_nonopposite::deontic::011,valenced_nonopposite,deontic,valenced,nonopposite,1.0,preference_control,13.625,3.5,13.625000596046448,3.501465439796448,13.625000596046448,3.501465439796448,8.563233017921448,5.061767578125,13.625,3.5,8.5625,5.0625
qwen25_14b,28,valenced_nonopposite::deontic::012,valenced_nonopposite,deontic,valenced,nonopposite,-1.0,preference_control,8.125,-16.75,8.096542239189148,-17.09180223941803,8.096542239189148,-17.09180223941803,-4.497630000114441,12.594172239303589,8.125,-16.75,-4.3125,12.4375
qwen25_14b,28,valenced_nonopposite::deontic::012,valenced_nonopposite,deontic,valenced,nonopposite,-0.8,preference_control,3.875,-16.125,3.8784124851226807,-16.199954628944397,3.8784124851226807,-16.199954628944397,-6.160771071910858,10.03918355703354,3.875,-16.125,-6.125,10.0
qwen25_14b,28,valenced_nonopposite::deontic::012,valenced_nonopposite,deontic,valenced,nonopposite,-0.6,preference_control,-1.75,-17.0,-1.7500014305114746,-16.970033764839172,-1.7500014305114746,-16.970033764839172,-9.360017597675323,7.610016167163849,-1.75,-17.0,-9.375,7.625
qwen25_14b,28,valenced_nonopposite::deontic::012,valenced_nonopposite,deontic,valenced,nonopposite,-0.4,preference_control,-6.0,-16.0,-5.99644660949707,-16.047608733177185,-5.99644660949707,-16.047608733177185,-11.022027671337128,5.025581061840057,-6.0,-16.0,-11.0,5.0
qwen25_14b,28,valenced_nonopposite::deontic::012,valenced_nonopposite,deontic,valenced,nonopposite,-0.2,preference_control,-4.0,-10.125,-4.010988712310791,-10.167298078536987,-4.010988712310791,-10.167298078536987,-7.089143395423889,3.078154683113098,-4.0,-10.125,-7.0625,3.0625
qwen25_14b,28,valenced_nonopposite::deontic::012,valenced_nonopposite,deontic,valenced,nonopposite,0.0,preference_control,1.75,3.5,1.7480453252792358,3.47412109375,1.7480453252792358,3.47412109375,2.611083209514618,-0.8630378842353821,1.75,3.5,2.625,-0.875
qwen25_14b,28,valenced_nonopposite::deontic::012,valenced_nonopposite,deontic,valenced,nonopposite,0.2,preference_control,7.5,11.5,7.499274134635925,11.495919227600098,7.499274134635925,11.495919227600098,9.497596681118011,-1.9983225464820864,7.5,11.5,9.5,-2.0
qwen25_14b,28,valenced_nonopposite::deontic::012,valenced_nonopposite,deontic,valenced,nonopposite,0.4,preference_control,9.0,12.5,8.999863743782043,12.499882221221924,8.999863743782043,12.499882221221924,10.749872982501984,-1.7500092387199402,9.0,12.5,10.75,-1.75
qwen25_14b,28,valenced_nonopposite::deontic::012,valenced_nonopposite,deontic,valenced,nonopposite,0.6,preference_control,10.0,11.0,9.999952912330627,10.999966859817505,9.999952912330627,10.999966859817505,10.499959886074066,-0.5000069737434387,10.0,11.0,10.5,-0.5
qwen25_14b,28,valenced_nonopposite::deontic::012,valenced_nonopposite,deontic,valenced,nonopposite,0.8,preference_control,9.5,9.0,9.499921560287476,8.999825596809387,9.499921560287476,8.999825596809387,9.249873578548431,0.2500479817390442,9.5,9.0,9.25,0.25
qwen25_14b,28,valenced_nonopposite::deontic::012,valenced_nonopposite,deontic,valenced,nonopposite,1.0,preference_control,8.5,7.25,8.499746561050415,7.248847723007202,8.499746561050415,7.248847723007202,7.874297142028809,0.6254494190216064,8.5,7.25,7.875,0.625
qwen25_14b,28,valenced_nonopposite::deontic::013,valenced_nonopposite,deontic,valenced,nonopposite,-1.0,preference_control,-11.875,-20.3125,-11.859404921531675,-20.29683291912079,-11.859404921531675,-20.29683291912079,-16.078118920326233,4.218713998794556,-11.875,-20.3125,-16.09375,4.21875
qwen25_14b,28,valenced_nonopposite::deontic::013,valenced_nonopposite,deontic,valenced,nonopposite,-0.8,preference_control,-13.5,-20.4375,-13.51587426662445,-20.39452064037323,-13.51587426662445,-20.39452064037323,-16.95519745349884,3.4393231868743896,-13.5,-20.4375,-16.96875,3.46875
qwen25_14b,28,valenced_nonopposite::deontic::013,valenced_nonopposite,deontic,valenced,nonopposite,-0.6,preference_control,-15.125,-20.5,-15.172534346580504,-20.527339696884155,-15.172534346580504,-20.527339696884155,-17.84993702173233,2.677402675151825,-15.125,-20.5,-17.8125,2.6875
qwen25_14b,28,valenced_nonopposite::deontic::013,valenced_nonopposite,deontic,valenced,nonopposite,-0.4,preference_control,-15.5,-20.1875,-15.519837856292725,-20.14257574081421,-15.519837856292725,-20.14257574081421,-17.831206798553467,2.311368942260742,-15.5,-20.1875,-17.84375,2.34375
qwen25_14b,28,valenced_nonopposite::deontic::013,valenced_nonopposite,deontic,valenced,nonopposite,-0.2,preference_control,-14.5,-17.875,-14.472679257392883,-17.88671588897705,-14.472679257392883,-17.88671588897705,-16.179697573184967,1.7070183157920835,-14.5,-17.875,-16.1875,1.6875
qwen25_14b,28,valenced_nonopposite::deontic::013,valenced_nonopposite,deontic,valenced,nonopposite,0.0,preference_control,-11.25,-9.625,-11.281254649162292,-9.65233850479126,-11.281254649162292,-9.65233850479126,-10.466796576976776,-0.8144580721855164,-11.25,-9.625,-10.4375,-0.8125
qwen25_14b,28,valenced_nonopposite::deontic::013,valenced_nonopposite,deontic,valenced,nonopposite,0.2,preference_control,-3.25,1.75,-3.250978827476501,1.7490370273590088,-3.250978827476501,1.7490370273590088,-0.7509709000587463,-2.500007927417755,-3.25,1.75,-0.75,-2.5
qwen25_14b,28,valenced_nonopposite::deontic::013,valenced_nonopposite,deontic,valenced,nonopposite,0.4,preference_control,2.0,4.25,1.994142174720764,4.235242605209351,1.994142174720764,4.235242605209351,3.1146923899650574,-1.1205502152442932,2.0,4.25,3.125,-1.125
qwen25_14b,28,valenced_nonopposite::deontic::013,valenced_nonopposite,deontic,valenced,nonopposite,0.6,preference_control,4.75,4.0,4.741212606430054,4.013071656227112,4.741212606430054,4.013071656227112,4.377142131328583,0.3640704751014709,4.75,4.0,4.375,0.375
qwen25_14b,28,valenced_nonopposite::deontic::013,valenced_nonopposite,deontic,valenced,nonopposite,0.8,preference_control,6.25,4.25,6.248058080673218,4.235856533050537,6.248058080673218,4.235856533050537,5.241957306861877,1.0061007738113403,6.25,4.25,5.25,1.0
qwen25_14b,28,valenced_nonopposite::deontic::013,valenced_nonopposite,deontic,valenced,nonopposite,1.0,preference_control,6.75,4.25,6.748823404312134,4.235885143280029,6.748823404312134,4.235885143280029,5.4923542737960815,1.2564691305160522,6.75,4.25,5.5,1.25
qwen25_14b,28,valenced_nonopposite::deontic::014,valenced_nonopposite,deontic,valenced,nonopposite,-1.0,preference_control,-1.25,-12.125,-1.253785252571106,-12.116299748420715,-1.253785252571106,-12.116299748420715,-6.685042500495911,5.431257247924805,-1.25,-12.125,-6.6875,5.4375
qwen25_14b,28,valenced_nonopposite::deontic::014,valenced_nonopposite,deontic,valenced,nonopposite,-0.8,preference_control,-6.75,-9.75,-6.763574123382568,-9.745868682861328,-6.763574123382568,-9.745868682861328,-8.254721403121948,1.49114727973938,-6.75,-9.75,-8.25,1.5
qwen25_14b,28,valenced_nonopposite::deontic::014,valenced_nonopposite,deontic,valenced,nonopposite,-0.6,preference_control,-11.5,-11.375,-11.492186784744264,-11.366326570510864,-11.492186784744264,-11.366326570510864,-11.429256677627563,-0.0629301071166992,-11.5,-11.375,-11.4375,-0.0625
qwen25_14b,28,valenced_nonopposite::deontic::014,valenced_nonopposite,deontic,valenced,nonopposite,-0.4,preference_control,-12.875,-14.125,-12.855712294578552,-14.116273999214172,-12.855712294578552,-14.116273999214172,-13.485993146896362,0.6302808523178101,-12.875,-14.125,-13.5,0.625
qwen25_14b,28,valenced_nonopposite::deontic::014,valenced_nonopposite,deontic,valenced,nonopposite,-0.2,preference_control,-10.625,-10.125,-10.637945175170898,-10.105470061302183,-10.637945175170898,-10.105470061302183,-10.371707618236542,-0.2662375569343567,-10.625,-10.125,-10.375,-0.25
qwen25_14b,28,valenced_nonopposite::deontic::014,valenced_nonopposite,deontic,valenced,nonopposite,0.0,preference_control,-4.75,-3.0,-4.762710690498352,-2.9946298599243164,-4.762710690498352,-2.9946298599243164,-3.8786702752113342,-0.8840404152870178,-4.75,-3.0,-3.875,-0.875
qwen25_14b,28,valenced_nonopposite::deontic::014,valenced_nonopposite,deontic,valenced,nonopposite,0.2,preference_control,1.25,1.75,1.2519452571868896,1.7519525289535522,1.2519452571868896,1.7519525289535522,1.501948893070221,-0.2500036358833313,1.25,1.75,1.5,-0.25
qwen25_14b,28,valenced_nonopposite::deontic::014,valenced_nonopposite,deontic,valenced,nonopposite,0.4,preference_control,5.5,1.25,5.487485647201538,1.2519526481628418,5.487485647201538,1.2519526481628418,3.36971914768219,2.117766499519348,5.5,1.25,3.375,2.125
qwen25_14b,28,valenced_nonopposite::deontic::014,valenced_nonopposite,deontic,valenced,nonopposite,0.6,preference_control,8.75,-0.75,8.7496178150177,-0.7500003576278687,8.7496178150177,-0.7500003576278687,3.999808728694916,4.749809086322784,8.75,-0.75,4.0,4.75
qwen25_14b,28,valenced_nonopposite::deontic::014,valenced_nonopposite,deontic,valenced,nonopposite,0.8,preference_control,11.0,-3.0,10.999956488609314,-2.998047113418579,10.999956488609314,-2.998047113418579,4.000954687595367,6.9990018010139465,11.0,-3.0,4.0,7.0
qwen25_14b,28,valenced_nonopposite::deontic::014,valenced_nonopposite,deontic,valenced,nonopposite,1.0,preference_control,12.25,-4.5,12.24998676776886,-4.4888916015625,12.24998676776886,-4.4888916015625,3.88054758310318,8.36943918466568,12.25,-4.5,3.875,8.375
qwen25_14b,28,valenced_nonopposite::deontic::015,valenced_nonopposite,deontic,valenced,nonopposite,-1.0,preference_control,-2.875,-15.875,-2.875110030174256,-15.894533157348633,-2.875110030174256,-15.894533157348633,-9.384821593761444,6.509711563587189,-2.875,-15.875,-9.375,6.5
qwen25_14b,28,valenced_nonopposite::deontic::015,valenced_nonopposite,deontic,valenced,nonopposite,-0.8,preference_control,-10.625,-12.875,-10.644691109657288,-12.847656607627869,-10.644691109657288,-12.847656607627869,-11.746173858642578,1.1014827489852903,-10.625,-12.875,-11.75,1.125
qwen25_14b,28,valenced_nonopposite::deontic::015,valenced_nonopposite,deontic,valenced,nonopposite,-0.6,preference_control,-20.0,-10.375,-19.98143029212952,-10.35449230670929,-19.98143029212952,-10.35449230670929,-15.167961299419405,-4.8134689927101135,-20.0,-10.375,-15.1875,-4.8125
qwen25_14b,28,valenced_nonopposite::deontic::015,valenced_nonopposite,deontic,valenced,nonopposite,-0.4,preference_control,-21.125,-4.25,-21.119848370552063,-4.2607421875,-21.119848370552063,-4.2607421875,-12.690295279026031,-8.429553091526031,-21.125,-4.25,-12.6875,-8.4375
qwen25_14b,28,valenced_nonopposite::deontic::015,valenced_nonopposite,deontic,valenced,nonopposite,-0.2,preference_control,-13.5,4.0,-13.492041110992432,4.0063475370407104,-13.492041110992432,4.0063475370407104,-4.742846786975861,-8.749194324016571,-13.5,4.0,-4.75,-8.75
qwen25_14b,28,valenced_nonopposite::deontic::015,valenced_nonopposite,deontic,valenced,nonopposite,0.0,preference_control,-1.75,9.0,-1.7470998764038086,8.995727300643921,-1.7470998764038086,8.995727300643921,3.624313712120056,-5.371413588523865,-1.75,9.0,3.625,-5.375
qwen25_14b,28,valenced_nonopposite::deontic::015,valenced_nonopposite,deontic,valenced,nonopposite,0.2,preference_control,7.5,9.75,7.499338030815124,9.749377965927124,7.499338030815124,9.749377965927124,8.624357998371124,-1.1250199675559998,7.5,9.75,8.625,-1.125
qwen25_14b,28,valenced_nonopposite::deontic::015,valenced_nonopposite,deontic,valenced,nonopposite,0.4,preference_control,11.5,10.75,11.499929428100586,10.749950647354126,11.499929428100586,10.749950647354126,11.124940037727356,0.37498939037323,11.5,10.75,11.125,0.375
qwen25_14b,28,valenced_nonopposite::deontic::015,valenced_nonopposite,deontic,valenced,nonopposite,0.6,preference_control,13.75,11.25,13.749887347221376,11.24998688697815,13.749887347221376,11.24998688697815,12.499937117099762,1.2499502301216123,13.75,11.25,12.5,1.25
qwen25_14b,28,valenced_nonopposite::deontic::015,valenced_nonopposite,deontic,valenced,nonopposite,0.8,preference_control,14.75,10.5,14.749959588050842,10.499972939491272,14.749959588050842,10.499972939491272,12.624966263771055,2.124993324279785,14.75,10.5,12.625,2.125
qwen25_14b,28,valenced_nonopposite::deontic::015,valenced_nonopposite,deontic,valenced,nonopposite,1.0,preference_control,14.25,9.5,14.250032782554626,9.499926328659058,14.250032782554626,9.499926328659058,11.874979555606842,2.3750532269477844,14.25,9.5,11.875,2.375
qwen25_14b,28,valenced_nonopposite::deontic::016,valenced_nonopposite,deontic,valenced,nonopposite,-1.0,preference_control,-10.25,-24.25,-10.73437523841858,-24.15625011920929,-10.73437523841858,-24.15625011920929,-17.445312678813934,6.710937440395355,-10.25,-24.25,-17.25,7.0
qwen25_14b,28,valenced_nonopposite::deontic::016,valenced_nonopposite,deontic,valenced,nonopposite,-0.8,preference_control,-17.0,-27.34375,-17.27343773841858,-27.28125023841858,-17.27343773841858,-27.28125023841858,-22.27734398841858,5.00390625,-17.0,-27.34375,-22.171875,5.171875
qwen25_14b,28,valenced_nonopposite::deontic::016,valenced_nonopposite,deontic,valenced,nonopposite,-0.6,preference_control,-20.1875,-28.9375,-20.04199314117432,-29.24316442012787,-20.04199314117432,-29.24316442012787,-24.642578780651093,4.600585639476776,-20.1875,-28.9375,-24.5625,4.375
qwen25_14b,28,valenced_nonopposite::deontic::016,valenced_nonopposite,deontic,valenced,nonopposite,-0.4,preference_control,-20.875,-29.6875,-20.99313461780548,-29.746490597724915,-20.99313461780548,-29.746490597724915,-25.3698126077652,4.376677989959717,-20.875,-29.6875,-25.28125,4.40625
qwen25_14b,28,valenced_nonopposite::deontic::016,valenced_nonopposite,deontic,valenced,nonopposite,-0.2,preference_control,-19.875,-29.125,-19.123138666152958,-28.748397946357727,-19.123138666152958,-28.748397946357727,-23.93576830625534,4.8126296401023865,-19.875,-29.125,-24.5,4.625
qwen25_14b,28,valenced_nonopposite::deontic::016,valenced_nonopposite,deontic,valenced,nonopposite,0.0,preference_control,-10.0,-21.75,-9.873252868652344,-22.1233674287796,-9.873252868652344,-22.1233674287796,-15.998310148715971,6.125057280063629,-10.0,-21.75,-15.875,5.875
qwen25_14b,28,valenced_nonopposite::deontic::016,valenced_nonopposite,deontic,valenced,nonopposite,0.2,preference_control,2.75,0.5,2.763671636581421,0.5859371423721313,2.763671636581421,0.5859371423721313,1.674804389476776,1.0888672471046448,2.75,0.5,1.625,1.125
qwen25_14b,28,valenced_nonopposite::deontic::016,valenced_nonopposite,deontic,valenced,nonopposite,0.4,preference_control,9.0,4.5,8.99989926815033,4.485839366912842,8.99989926815033,4.485839366912842,6.742869317531586,2.257029950618744,9.0,4.5,6.75,2.25
qwen25_14b,28,valenced_nonopposite::deontic::016,valenced_nonopposite,deontic,valenced,nonopposite,0.6,preference_control,12.25,3.25,12.249995946884155,3.232665657997132,12.249995946884155,3.232665657997132,7.741330802440643,4.508665144443512,12.25,3.25,7.75,4.5
qwen25_14b,28,valenced_nonopposite::deontic::016,valenced_nonopposite,deontic,valenced,nonopposite,0.8,preference_control,13.25,1.25,13.249998331069946,1.1874998807907104,13.249998331069946,1.1874998807907104,7.218749105930328,6.031249225139618,13.25,1.25,7.25,6.0
qwen25_14b,28,valenced_nonopposite::deontic::016,valenced_nonopposite,deontic,valenced,nonopposite,1.0,preference_control,13.25,-0.75,13.249998331069946,-0.9257813692092896,13.249998331069946,-0.9257813692092896,6.162108480930328,7.087889850139618,13.25,-0.75,6.25,7.0
qwen25_14b,28,valenced_nonopposite::deontic::017,valenced_nonopposite,deontic,valenced,nonopposite,-1.0,preference_control,-14.5,-28.125,-14.523205161094666,-28.12440276145935,-14.523205161094666,-28.12440276145935,-21.323803961277008,6.800598800182343,-14.5,-28.125,-21.3125,6.8125
qwen25_14b,28,valenced_nonopposite::deontic::017,valenced_nonopposite,deontic,valenced,nonopposite,-0.8,preference_control,-17.75,-27.0,-17.74438238143921,-26.995943069458008,-17.74438238143921,-26.995943069458008,-22.37016272544861,4.625780344009399,-17.75,-27.0,-22.375,4.625
qwen25_14b,28,valenced_nonopposite::deontic::017,valenced_nonopposite,deontic,valenced,nonopposite,-0.6,preference_control,-20.125,-26.1875,-20.12501704692841,-26.226685643196102,-20.12501704692841,-26.226685643196102,-23.175851345062256,3.05083429813385,-20.125,-26.1875,-23.15625,3.03125
qwen25_14b,28,valenced_nonopposite::deontic::017,valenced_nonopposite,deontic,valenced,nonopposite,-0.4,preference_control,-20.25,-24.0,-20.250089645385746,-24.024414658546448,-20.250089645385746,-24.024414658546448,-22.13725215196609,1.8871625065803528,-20.25,-24.0,-22.125,1.875
qwen25_14b,28,valenced_nonopposite::deontic::017,valenced_nonopposite,deontic,valenced,nonopposite,-0.2,preference_control,-16.125,-16.75,-16.1219322681427,-16.742189407348633,-16.1219322681427,-16.742189407348633,-16.432060837745667,0.3101285696029663,-16.125,-16.75,-16.4375,0.3125
qwen25_14b,28,valenced_nonopposite::deontic::017,valenced_nonopposite,deontic,valenced,nonopposite,0.0,preference_control,-6.625,0.5,-6.636725664138794,0.5,-6.636725664138794,0.5,-3.068362832069397,-3.568362832069397,-6.625,0.5,-3.0625,-3.5625
qwen25_14b,28,valenced_nonopposite::deontic::017,valenced_nonopposite,deontic,valenced,nonopposite,0.2,preference_control,3.5,9.0,3.499511957168579,8.998588681221008,3.499511957168579,8.998588681221008,6.249050319194794,-2.7495383620262146,3.5,9.0,6.25,-2.75
qwen25_14b,28,valenced_nonopposite::deontic::017,valenced_nonopposite,deontic,valenced,nonopposite,0.4,preference_control,8.25,7.0,8.248749613761902,6.998817443847656,8.248749613761902,6.998817443847656,7.623783528804779,0.6249660849571228,8.25,7.0,7.625,0.625
qwen25_14b,28,valenced_nonopposite::deontic::017,valenced_nonopposite,deontic,valenced,nonopposite,0.6,preference_control,11.75,3.75,11.749974846839905,3.7421875,11.749974846839905,3.7421875,7.746081173419952,4.003893673419952,11.75,3.75,7.75,4.0
qwen25_14b,28,valenced_nonopposite::deontic::017,valenced_nonopposite,deontic,valenced,nonopposite,0.8,preference_control,14.375,1.75,14.375000834465029,1.7539063692092896,14.375000834465029,1.7539063692092896,8.064453601837158,6.310547232627869,14.375,1.75,8.0625,6.3125
qwen25_14b,28,valenced_nonopposite::deontic::017,valenced_nonopposite,deontic,valenced,nonopposite,1.0,preference_control,15.125,0.5,15.125005602836609,0.4980472326278686,15.125005602836609,0.4980472326278686,7.811526417732239,7.31347918510437,15.125,0.5,7.8125,7.3125
qwen25_14b,28,valenced_nonopposite::deontic::018,valenced_nonopposite,deontic,valenced,nonopposite,-1.0,preference_control,-8.0,-21.875,-7.976199269294739,-21.839641213417053,-7.976199269294739,-21.839641213417053,-14.907920241355896,6.931720972061157,-8.0,-21.875,-14.9375,6.9375
qwen25_14b,28,valenced_nonopposite::deontic::018,valenced_nonopposite,deontic,valenced,nonopposite,-0.8,preference_control,-11.375,-20.1875,-11.375000953674316,-20.17181825637817,-11.375000953674316,-20.17181825637817,-15.773409605026243,4.398408651351929,-11.375,-20.1875,-15.78125,4.40625
qwen25_14b,28,valenced_nonopposite::deontic::018,valenced_nonopposite,deontic,valenced,nonopposite,-0.6,preference_control,-14.5,-19.5625,-14.49951195716858,-19.541011214256287,-14.49951195716858,-19.541011214256287,-17.020261585712433,2.5207496285438538,-14.5,-19.5625,-17.03125,2.53125
qwen25_14b,28,valenced_nonopposite::deontic::018,valenced_nonopposite,deontic,valenced,nonopposite,-0.4,preference_control,-14.25,-20.5,-14.24548351764679,-20.522948384284973,-14.24548351764679,-20.522948384284973,-17.38421595096588,3.138732433319092,-14.25,-20.5,-17.375,3.125
qwen25_14b,28,valenced_nonopposite::deontic::018,valenced_nonopposite,deontic,valenced,nonopposite,-0.2,preference_control,-5.5,-19.0625,-5.4970703125,-19.02343738079071,-5.4970703125,-19.02343738079071,-12.260253846645355,6.763183534145355,-5.5,-19.0625,-12.28125,6.78125
qwen25_14b,28,valenced_nonopposite::deontic::018,valenced_nonopposite,deontic,valenced,nonopposite,0.0,preference_control,2.25,-5.25,2.2490234375,-5.259765386581421,2.2490234375,-5.259765386581421,-1.5053709745407104,3.7543944120407104,2.25,-5.25,-1.5,3.75
qwen25_14b,28,valenced_nonopposite::deontic::018,valenced_nonopposite,deontic,valenced,nonopposite,0.2,preference_control,8.0,1.75,7.999536514282227,1.751953125,7.999536514282227,1.751953125,4.875744819641113,3.1237916946411133,8.0,1.75,4.875,3.125
qwen25_14b,28,valenced_nonopposite::deontic::018,valenced_nonopposite,deontic,valenced,nonopposite,0.4,preference_control,8.25,2.5,8.249734878540039,2.498046875,8.249734878540039,2.498046875,5.37389087677002,2.8758440017700195,8.25,2.5,5.375,2.875
qwen25_14b,28,valenced_nonopposite::deontic::018,valenced_nonopposite,deontic,valenced,nonopposite,0.6,preference_control,9.5,2.0,9.499925017356873,1.998046875,9.499925017356873,1.998046875,5.748985946178436,3.750939071178436,9.5,2.0,5.75,3.75
qwen25_14b,28,valenced_nonopposite::deontic::018,valenced_nonopposite,deontic,valenced,nonopposite,0.8,preference_control,10.5,0.5,10.499972343444824,0.498046875,10.499972343444824,0.498046875,5.499009609222412,5.000962734222412,10.5,0.5,5.5,5.0
qwen25_14b,28,valenced_nonopposite::deontic::018,valenced_nonopposite,deontic,valenced,nonopposite,1.0,preference_control,11.75,-0.75,11.74999225139618,-0.75390625,11.74999225139618,-0.75390625,5.49804300069809,6.25194925069809,11.75,-0.75,5.5,6.25
qwen25_14b,28,valenced_nonopposite::deontic::019,valenced_nonopposite,deontic,valenced,nonopposite,-1.0,preference_control,4.5,-5.75,4.492188096046448,-5.7470691204071045,4.492188096046448,-5.7470691204071045,-0.6274405121803284,5.119628608226776,4.5,-5.75,-0.625,5.125
qwen25_14b,28,valenced_nonopposite::deontic::019,valenced_nonopposite,deontic,valenced,nonopposite,-0.8,preference_control,-0.25,0.75,-0.2500003576278686,0.7500016689300537,-0.2500003576278686,0.7500016689300537,0.2500006556510925,-0.5000010132789612,-0.25,0.75,0.25,-0.5
qwen25_14b,28,valenced_nonopposite::deontic::019,valenced_nonopposite,deontic,valenced,nonopposite,-0.6,preference_control,-2.5,4.5,-2.5039063692092896,4.488893985748291,-2.5039063692092896,4.488893985748291,0.9924938082695008,-3.4964001774787903,-2.5,4.5,1.0,-3.5
qwen25_14b,28,valenced_nonopposite::deontic::019,valenced_nonopposite,deontic,valenced,nonopposite,-0.4,preference_control,-0.75,6.75,-0.7539061307907104,6.748563051223755,-0.7539061307907104,6.748563051223755,2.997328460216522,-3.7512345910072327,-0.75,6.75,3.0,-3.75
qwen25_14b,28,valenced_nonopposite::deontic::019,valenced_nonopposite,deontic,valenced,nonopposite,-0.2,preference_control,1.875,10.25,1.876953363418579,10.249849438667296,1.876953363418579,10.249849438667296,6.063401401042938,-4.186448037624359,1.875,10.25,6.0625,-4.1875
qwen25_14b,28,valenced_nonopposite::deontic::019,valenced_nonopposite,deontic,valenced,nonopposite,0.0,preference_control,4.125,12.25,4.135010361671448,12.249961972236632,4.135010361671448,12.249961972236632,8.19248616695404,-4.057475805282593,4.125,12.25,8.1875,-4.0625
qwen25_14b,28,valenced_nonopposite::deontic::019,valenced_nonopposite,deontic,valenced,nonopposite,0.2,preference_control,6.0,10.75,5.997101783752441,10.74997627735138,5.997101783752441,10.74997627735138,8.37353903055191,-2.376437246799469,6.0,10.75,8.375,-2.375
qwen25_14b,28,valenced_nonopposite::deontic::019,valenced_nonopposite,deontic,valenced,nonopposite,0.4,preference_control,7.0,9.25,6.999070763587952,9.249908685684204,6.999070763587952,9.249908685684204,8.124489724636078,-1.1254189610481262,7.0,9.25,8.125,-1.125
qwen25_14b,28,valenced_nonopposite::deontic::019,valenced_nonopposite,deontic,valenced,nonopposite,0.6,preference_control,8.25,7.25,8.249738693237305,7.249299764633179,8.249738693237305,7.249299764633179,7.749519228935242,0.500219464302063,8.25,7.25,7.75,0.5
qwen25_14b,28,valenced_nonopposite::deontic::019,valenced_nonopposite,deontic,valenced,nonopposite,0.8,preference_control,9.5,5.25,9.499926805496216,5.244772553443909,9.499926805496216,5.244772553443909,7.372349679470062,2.1275771260261536,9.5,5.25,7.375,2.125
qwen25_14b,28,valenced_nonopposite::deontic::019,valenced_nonopposite,deontic,valenced,nonopposite,1.0,preference_control,9.75,3.25,9.74994158744812,3.243185877799988,9.74994158744812,3.243185877799988,6.496563732624054,3.253377854824066,9.75,3.25,6.5,3.25
qwen25_14b,28,valenced_nonopposite::epistemic::000,valenced_nonopposite,epistemic,valenced,nonopposite,-1.0,preference_control,-16.625,-26.0,-16.624990582466125,-25.999996662139893,-16.624990582466125,-25.999996662139893,-21.31249362230301,4.687503039836884,-16.625,-26.0,-21.3125,4.6875
qwen25_14b,28,valenced_nonopposite::epistemic::000,valenced_nonopposite,epistemic,valenced,nonopposite,-0.8,preference_control,-18.375,-27.875,-18.37499618530273,-27.87499952316284,-18.37499618530273,-27.87499952316284,-23.124997854232788,4.750001668930054,-18.375,-27.875,-23.125,4.75
qwen25_14b,28,valenced_nonopposite::epistemic::000,valenced_nonopposite,epistemic,valenced,nonopposite,-0.6,preference_control,-21.0,-29.25,-20.999998927116398,-29.24999976158142,-20.999998927116398,-29.24999976158142,-25.124999344348907,4.125000417232513,-21.0,-29.25,-25.125,4.125
qwen25_14b,28,valenced_nonopposite::epistemic::000,valenced_nonopposite,epistemic,valenced,nonopposite,-0.4,preference_control,-24.125,-30.625,-24.124999403953552,-30.62499976158142,-24.124999403953552,-30.62499976158142,-27.374999582767487,3.2500001788139343,-24.125,-30.625,-27.375,3.25
qwen25_14b,28,valenced_nonopposite::epistemic::000,valenced_nonopposite,epistemic,valenced,nonopposite,-0.2,preference_control,-24.875,-31.875,-24.87499952316284,-31.87499988079071,-24.87499952316284,-31.87499988079071,-28.374999701976776,3.5000001788139343,-24.875,-31.875,-28.375,3.5
qwen25_14b,28,valenced_nonopposite::epistemic::000,valenced_nonopposite,epistemic,valenced,nonopposite,0.0,preference_control,-22.125,-29.125,-22.124999403953552,-29.12499988079071,-22.124999403953552,-29.12499988079071,-25.62499964237213,3.500000238418579,-22.125,-29.125,-25.625,3.5
qwen25_14b,28,valenced_nonopposite::epistemic::000,valenced_nonopposite,epistemic,valenced,nonopposite,0.2,preference_control,-12.5,-8.25,-12.49999475479126,-8.249734878540039,-12.49999475479126,-8.249734878540039,-10.37486481666565,-2.1251299381256104,-12.5,-8.25,-10.375,-2.125
qwen25_14b,28,valenced_nonopposite::epistemic::000,valenced_nonopposite,epistemic,valenced,nonopposite,0.4,preference_control,-2.5,1.5,-2.4990233182907104,1.501953125,-2.4990233182907104,1.501953125,-0.4985350966453552,-2.0004882216453552,-2.5,1.5,-0.5,-2.0
qwen25_14b,28,valenced_nonopposite::epistemic::000,valenced_nonopposite,epistemic,valenced,nonopposite,0.6,preference_control,4.0,4.25,4.0130616426467896,4.23583984375,4.0130616426467896,4.23583984375,4.124450743198395,-0.1113891005516052,4.0,4.25,4.125,-0.125
qwen25_14b,28,valenced_nonopposite::epistemic::000,valenced_nonopposite,epistemic,valenced,nonopposite,0.8,preference_control,7.75,5.75,7.7495691776275635,5.746826171875,7.7495691776275635,5.746826171875,6.748197674751282,1.0013715028762815,7.75,5.75,6.75,1.0
qwen25_14b,28,valenced_nonopposite::epistemic::000,valenced_nonopposite,epistemic,valenced,nonopposite,1.0,preference_control,9.75,6.25,9.749941945075989,6.248069763183594,9.749941945075989,6.248069763183594,7.999005854129791,1.7509360909461975,9.75,6.25,8.0,1.75
qwen25_14b,28,valenced_nonopposite::epistemic::001,valenced_nonopposite,epistemic,valenced,nonopposite,-1.0,preference_control,-19.5,-32.0,-19.499999403953552,-31.99999976158142,-19.499999403953552,-31.99999976158142,-25.749999582767487,6.250000178813934,-19.5,-32.0,-25.75,6.25
qwen25_14b,28,valenced_nonopposite::epistemic::001,valenced_nonopposite,epistemic,valenced,nonopposite,-0.8,preference_control,-22.5,-33.875,-22.49999964237213,-33.99999988079071,-22.49999964237213,-33.99999988079071,-28.24999976158142,5.7500001192092896,-22.5,-33.875,-28.1875,5.6875
qwen25_14b,28,valenced_nonopposite::epistemic::001,valenced_nonopposite,epistemic,valenced,nonopposite,-0.6,preference_control,-26.125,-35.75,-26.12499964237213,-35.74999988079071,-26.12499964237213,-35.74999988079071,-30.93749976158142,4.8125001192092896,-26.125,-35.75,-30.9375,4.8125
qwen25_14b,28,valenced_nonopposite::epistemic::001,valenced_nonopposite,epistemic,valenced,nonopposite,-0.4,preference_control,-29.5,-37.75,-29.49999964237213,-37.75,-29.49999964237213,-37.75,-33.624999821186066,4.125000178813934,-29.5,-37.75,-33.625,4.125
qwen25_14b,28,valenced_nonopposite::epistemic::001,valenced_nonopposite,epistemic,valenced,nonopposite,-0.2,preference_control,-30.5,-36.375,-30.49999964237213,-36.5,-30.49999964237213,-36.5,-33.499999821186066,3.0000001788139343,-30.5,-36.375,-33.4375,2.9375
qwen25_14b,28,valenced_nonopposite::epistemic::001,valenced_nonopposite,epistemic,valenced,nonopposite,0.0,preference_control,-29.0,-31.25,-28.99999952316284,-31.25,-28.99999952316284,-31.25,-30.12499976158142,1.125000238418579,-29.0,-31.25,-30.125,1.125
qwen25_14b,28,valenced_nonopposite::epistemic::001,valenced_nonopposite,epistemic,valenced,nonopposite,0.2,preference_control,-19.0,-19.0,-18.99999964237213,-18.99999976158142,-18.99999964237213,-18.99999976158142,-18.999999701976776,5.960464477539064e-08,-19.0,-19.0,-19.0,0.0
qwen25_14b,28,valenced_nonopposite::epistemic::001,valenced_nonopposite,epistemic,valenced,nonopposite,0.4,preference_control,-6.0,-8.25,-5.998496770858765,-8.249796271324158,-5.998496770858765,-8.249796271324158,-7.124146521091461,1.1256497502326963,-6.0,-8.25,-7.125,1.125
qwen25_14b,28,valenced_nonopposite::epistemic::001,valenced_nonopposite,epistemic,valenced,nonopposite,0.6,preference_control,2.0,-4.25,1.787109613418579,-4.238952279090881,1.787109613418579,-4.238952279090881,-1.2259213328361511,3.0130309462547302,2.0,-4.25,-1.125,3.125
qwen25_14b,28,valenced_nonopposite::epistemic::001,valenced_nonopposite,epistemic,valenced,nonopposite,0.8,preference_control,7.0,-1.75,7.249088525772095,-1.787109136581421,7.249088525772095,-1.787109136581421,2.730989694595337,4.518098831176758,7.0,-1.75,2.625,4.375
qwen25_14b,28,valenced_nonopposite::epistemic::001,valenced_nonopposite,epistemic,valenced,nonopposite,1.0,preference_control,10.5,1.0,10.499973177909853,0.6601563692092896,10.499973177909853,0.6601563692092896,5.58006477355957,4.919908404350281,10.5,1.0,5.75,4.75
qwen25_14b,28,valenced_nonopposite::epistemic::002,valenced_nonopposite,epistemic,valenced,nonopposite,-1.0,preference_control,-2.0,-7.375,-2.0048828125,-7.373046875,-2.0048828125,-7.373046875,-4.68896484375,2.68408203125,-2.0,-7.375,-4.6875,2.6875
qwen25_14b,28,valenced_nonopposite::epistemic::002,valenced_nonopposite,epistemic,valenced,nonopposite,-0.8,preference_control,-5.5,-8.875,-5.48809814453125,-8.869354248046875,-5.48809814453125,-8.869354248046875,-7.178726196289063,1.6906280517578125,-5.5,-8.875,-7.1875,1.6875
qwen25_14b,28,valenced_nonopposite::epistemic::002,valenced_nonopposite,epistemic,valenced,nonopposite,-0.6,preference_control,-8.875,-10.625,-8.873077392578125,-10.62261962890625,-8.873077392578125,-10.62261962890625,-9.747848510742188,0.8747711181640625,-8.875,-10.625,-9.75,0.875
qwen25_14b,28,valenced_nonopposite::epistemic::002,valenced_nonopposite,epistemic,valenced,nonopposite,-0.4,preference_control,-10.375,-11.0,-10.374191284179688,-10.998397827148438,-10.374191284179688,-10.998397827148438,-10.686294555664062,0.312103271484375,-10.375,-11.0,-10.6875,0.3125
qwen25_14b,28,valenced_nonopposite::epistemic::002,valenced_nonopposite,epistemic,valenced,nonopposite,-0.2,preference_control,-8.5,-10.0,-8.499298095703125,-9.996322631835938,-8.499298095703125,-9.996322631835938,-9.247810363769531,0.7485122680664062,-8.5,-10.0,-9.25,0.75
qwen25_14b,28,valenced_nonopposite::epistemic::002,valenced_nonopposite,epistemic,valenced,nonopposite,0.0,preference_control,-2.75,-5.0,-2.74951171875,-5.007568359375,-2.74951171875,-5.007568359375,-3.8785400390625,1.1290283203125,-2.75,-5.0,-3.875,1.125
qwen25_14b,28,valenced_nonopposite::epistemic::002,valenced_nonopposite,epistemic,valenced,nonopposite,0.2,preference_control,6.5,2.25,6.498451232910156,2.25390625,6.498451232910156,2.25390625,4.376178741455078,2.122272491455078,6.5,2.25,4.375,2.125
qwen25_14b,28,valenced_nonopposite::epistemic::002,valenced_nonopposite,epistemic,valenced,nonopposite,0.4,preference_control,9.25,4.75,9.249895095825195,4.74127197265625,9.249895095825195,4.74127197265625,6.995583534240723,2.2543115615844727,9.25,4.75,7.0,2.25
qwen25_14b,28,valenced_nonopposite::epistemic::002,valenced_nonopposite,epistemic,valenced,nonopposite,0.6,preference_control,10.25,4.75,10.249961614608765,4.74139404296875,10.249961614608765,4.74139404296875,7.495677828788757,2.7542837858200078,10.25,4.75,7.5,2.75
qwen25_14b,28,valenced_nonopposite::epistemic::002,valenced_nonopposite,epistemic,valenced,nonopposite,0.8,preference_control,10.25,4.25,10.24996304512024,4.23583984375,10.24996304512024,4.23583984375,7.24290144443512,3.00706160068512,10.25,4.25,7.25,3.0
qwen25_14b,28,valenced_nonopposite::epistemic::002,valenced_nonopposite,epistemic,valenced,nonopposite,1.0,preference_control,10.5,3.75,10.49997091293335,3.742431640625,10.49997091293335,3.742431640625,7.121201276779175,3.378769636154175,10.5,3.75,7.125,3.375
qwen25_14b,28,valenced_nonopposite::epistemic::003,valenced_nonopposite,epistemic,valenced,nonopposite,-1.0,preference_control,-19.625,-26.25,-19.62499988079071,-26.249947428703308,-19.62499988079071,-26.249947428703308,-22.93747365474701,3.312473773956299,-19.625,-26.25,-22.9375,3.3125
qwen25_14b,28,valenced_nonopposite::epistemic::003,valenced_nonopposite,epistemic,valenced,nonopposite,-0.8,preference_control,-21.125,-24.25,-21.12499988079071,-24.24999761581421,-21.12499988079071,-24.24999761581421,-22.68749874830246,1.5624988675117493,-21.125,-24.25,-22.6875,1.5625
qwen25_14b,28,valenced_nonopposite::epistemic::003,valenced_nonopposite,epistemic,valenced,nonopposite,-0.6,preference_control,-22.75,-24.375,-22.74999988079071,-24.374998927116398,-22.74999988079071,-24.374998927116398,-23.562499403953552,0.8124995231628418,-22.75,-24.375,-23.5625,0.8125
qwen25_14b,28,valenced_nonopposite::epistemic::003,valenced_nonopposite,epistemic,valenced,nonopposite,-0.4,preference_control,-22.75,-25.75,-22.75,-25.749999284744263,-22.75,-25.749999284744263,-24.24999964237213,1.4999996423721311,-22.75,-25.75,-24.25,1.5
qwen25_14b,28,valenced_nonopposite::epistemic::003,valenced_nonopposite,epistemic,valenced,nonopposite,-0.2,preference_control,-21.875,-24.75,-21.875,-24.74999964237213,-21.875,-24.74999964237213,-23.312499821186066,1.4374998211860657,-21.875,-24.75,-23.3125,1.4375
qwen25_14b,28,valenced_nonopposite::epistemic::003,valenced_nonopposite,epistemic,valenced,nonopposite,0.0,preference_control,-16.5,-17.75,-16.49999964237213,-17.749999523162842,-16.49999964237213,-17.749999523162842,-17.124999582767487,0.6249999403953552,-16.5,-17.75,-17.125,0.625
qwen25_14b,28,valenced_nonopposite::epistemic::003,valenced_nonopposite,epistemic,valenced,nonopposite,0.2,preference_control,-4.0,-3.75,-4.013061285018921,-3.742308616638184,-4.013061285018921,-3.742308616638184,-3.877684950828552,-0.1353763341903686,-4.0,-3.75,-3.875,-0.125
qwen25_14b,28,valenced_nonopposite::epistemic::003,valenced_nonopposite,epistemic,valenced,nonopposite,0.4,preference_control,5.0,0.0,4.993286371231079,1.5497207641601562e-06,4.993286371231079,1.5497207641601562e-06,2.4966439604759216,2.496642410755157,5.0,0.0,2.5,2.5
qwen25_14b,28,valenced_nonopposite::epistemic::003,valenced_nonopposite,epistemic,valenced,nonopposite,0.6,preference_control,10.0,0.5,9.999947667121887,0.4980484247207641,9.999947667121887,0.4980484247207641,5.248998045921326,4.7509496212005615,10.0,0.5,5.25,4.75
qwen25_14b,28,valenced_nonopposite::epistemic::003,valenced_nonopposite,epistemic,valenced,nonopposite,0.8,preference_control,13.25,0.0,13.24998903274536,1.1920928955078125e-06,13.24998903274536,1.1920928955078125e-06,6.624995112419128,6.624993920326233,13.25,0.0,6.625,6.625
qwen25_14b,28,valenced_nonopposite::epistemic::003,valenced_nonopposite,epistemic,valenced,nonopposite,1.0,preference_control,14.25,-1.0,14.249987959861755,-0.9999990463256836,14.249987959861755,-0.9999990463256836,6.624994456768036,7.624993503093719,14.25,-1.0,6.625,7.625
qwen25_14b,28,valenced_nonopposite::epistemic::004,valenced_nonopposite,epistemic,valenced,nonopposite,-1.0,preference_control,-16.625,-21.625,-16.624999046325684,-21.62465476989746,-16.624999046325684,-21.62465476989746,-19.12482690811157,2.4998278617858887,-16.625,-21.625,-19.125,2.5
qwen25_14b,28,valenced_nonopposite::epistemic::004,valenced_nonopposite,epistemic,valenced,nonopposite,-0.8,preference_control,-18.0,-22.875,-17.999999284744263,-22.87498164176941,-17.999999284744263,-22.87498164176941,-20.43749046325684,2.437491178512573,-18.0,-22.875,-20.4375,2.4375
qwen25_14b,28,valenced_nonopposite::epistemic::004,valenced_nonopposite,epistemic,valenced,nonopposite,-0.6,preference_control,-19.375,-21.875,-19.374999403953552,-21.874995827674866,-19.374999403953552,-21.874995827674866,-20.62499761581421,1.2499982118606567,-19.375,-21.875,-20.625,1.25
qwen25_14b,28,valenced_nonopposite::epistemic::004,valenced_nonopposite,epistemic,valenced,nonopposite,-0.4,preference_control,-19.75,-20.25,-19.74999952316284,-20.24999868869781,-19.74999952316284,-20.24999868869781,-19.99999910593033,0.2499995827674865,-19.75,-20.25,-20.0,0.25
qwen25_14b,28,valenced_nonopposite::epistemic::004,valenced_nonopposite,epistemic,valenced,nonopposite,-0.2,preference_control,-18.5,-17.5,-18.49999964237213,-17.499998807907104,-18.49999964237213,-17.499998807907104,-17.999999225139618,-0.5000004172325134,-18.5,-17.5,-18.0,-0.5
qwen25_14b,28,valenced_nonopposite::epistemic::004,valenced_nonopposite,epistemic,valenced,nonopposite,0.0,preference_control,-13.25,-12.0,-13.249998092651367,-11.999966144561768,-13.249998092651367,-11.999966144561768,-12.624982118606567,-0.6250159740447998,-13.25,-12.0,-12.625,-0.625
qwen25_14b,28,valenced_nonopposite::epistemic::004,valenced_nonopposite,epistemic,valenced,nonopposite,0.2,preference_control,-2.75,0.5,-2.750487923622132,0.5019532442092896,-2.750487923622132,0.5019532442092896,-1.124267339706421,-1.6262205839157104,-2.75,0.5,-1.125,-1.625
qwen25_14b,28,valenced_nonopposite::epistemic::004,valenced_nonopposite,epistemic,valenced,nonopposite,0.4,preference_control,3.0,5.25,2.9982928037643437,5.2447510957717896,2.9982928037643437,5.2447510957717896,4.121521949768066,-1.1232291460037231,3.0,5.25,4.125,-1.125
qwen25_14b,28,valenced_nonopposite::epistemic::004,valenced_nonopposite,epistemic,valenced,nonopposite,0.6,preference_control,6.5,6.25,6.498507261276245,6.248069882392883,6.498507261276245,6.248069882392883,6.373288571834564,0.1252186894416809,6.5,6.25,6.375,0.125
qwen25_14b,28,valenced_nonopposite::epistemic::004,valenced_nonopposite,epistemic,valenced,nonopposite,0.8,preference_control,9.25,7.25,9.24997854232788,7.2492910623550415,9.24997854232788,7.2492910623550415,8.249634802341461,1.0003437399864197,9.25,7.25,8.25,1.0
qwen25_14b,28,valenced_nonopposite::epistemic::004,valenced_nonopposite,epistemic,valenced,nonopposite,1.0,preference_control,11.5,7.75,11.500420808792114,7.749575138092041,11.500420808792114,7.749575138092041,9.624997973442078,1.8754228353500368,11.5,7.75,9.625,1.875
qwen25_14b,28,valenced_nonopposite::epistemic::005,valenced_nonopposite,epistemic,valenced,nonopposite,-1.0,preference_control,-18.75,-28.75,-18.75,-28.749997854232788,-18.75,-28.749997854232788,-23.749998927116398,4.999998927116394,-18.75,-28.75,-23.75,5.0
qwen25_14b,28,valenced_nonopposite::epistemic::005,valenced_nonopposite,epistemic,valenced,nonopposite,-0.8,preference_control,-21.125,-28.375,-21.125001311302185,-28.374998569488525,-21.125001311302185,-28.374998569488525,-24.749999940395355,3.62499862909317,-21.125,-28.375,-24.75,3.625
qwen25_14b,28,valenced_nonopposite::epistemic::005,valenced_nonopposite,epistemic,valenced,nonopposite,-0.6,preference_control,-22.375,-28.625,-22.37500309944153,-28.624999165534973,-22.37500309944153,-28.624999165534973,-25.50000113248825,3.1249980330467224,-22.375,-28.625,-25.5,3.125
qwen25_14b,28,valenced_nonopposite::epistemic::005,valenced_nonopposite,epistemic,valenced,nonopposite,-0.4,preference_control,-22.5,-27.375,-22.500011086463928,-27.374999165534973,-22.500011086463928,-27.374999165534973,-24.93750512599945,2.4374940395355225,-22.5,-27.375,-24.9375,2.4375
qwen25_14b,28,valenced_nonopposite::epistemic::005,valenced_nonopposite,epistemic,valenced,nonopposite,-0.2,preference_control,-20.625,-22.75,-20.625027775764465,-22.74999845027924,-20.625027775764465,-22.74999845027924,-21.68751311302185,1.0624853372573853,-20.625,-22.75,-21.6875,1.0625
qwen25_14b,28,valenced_nonopposite::epistemic::005,valenced_nonopposite,epistemic,valenced,nonopposite,0.0,preference_control,-16.5,-7.25,-16.50002086162567,-7.249267101287842,-16.50002086162567,-7.249267101287842,-11.874643981456757,-4.625376880168915,-16.5,-7.25,-11.875,-4.625
qwen25_14b,28,valenced_nonopposite::epistemic::005,valenced_nonopposite,epistemic,valenced,nonopposite,0.2,preference_control,-6.75,1.75,-6.748833060264587,1.7539069652557373,-6.748833060264587,1.7539069652557373,-2.497463047504425,-4.251370012760162,-6.75,1.75,-2.5,-4.25
qwen25_14b,28,valenced_nonopposite::epistemic::005,valenced_nonopposite,epistemic,valenced,nonopposite,0.4,preference_control,0.5,3.75,0.4980472326278686,3.742432713508606,0.4980472326278686,3.742432713508606,2.1202399730682373,-1.6221927404403689,0.5,3.75,2.125,-1.625
qwen25_14b,28,valenced_nonopposite::epistemic::005,valenced_nonopposite,epistemic,valenced,nonopposite,0.6,preference_control,4.25,4.25,4.235840201377869,4.235841035842896,4.235840201377869,4.235841035842896,4.235840618610382,-4.172325134277344e-07,4.25,4.25,4.25,0.0
qwen25_14b,28,valenced_nonopposite::epistemic::005,valenced_nonopposite,epistemic,valenced,nonopposite,0.8,preference_control,7.0,3.75,6.999089002609253,3.742434024810791,6.999089002609253,3.742434024810791,5.370761513710022,1.628327488899231,7.0,3.75,5.375,1.625
qwen25_14b,28,valenced_nonopposite::epistemic::005,valenced_nonopposite,epistemic,valenced,nonopposite,1.0,preference_control,9.0,3.25,8.999881029129028,3.243166446685791,8.999881029129028,3.243166446685791,6.12152373790741,2.8783572912216187,9.0,3.25,6.125,2.875
qwen25_14b,28,valenced_nonopposite::epistemic::006,valenced_nonopposite,epistemic,valenced,nonopposite,-1.0,preference_control,-17.375,-26.125,-17.374991416931152,-26.12339222431183,-17.374991416931152,-26.12339222431183,-21.74919182062149,4.374200403690338,-17.375,-26.125,-21.75,4.375
qwen25_14b,28,valenced_nonopposite::epistemic::006,valenced_nonopposite,epistemic,valenced,nonopposite,-0.8,preference_control,-18.875,-27.25,-18.87499368190765,-27.249950766563416,-18.87499368190765,-27.249950766563416,-23.06247222423553,4.187478542327881,-18.875,-27.25,-23.0625,4.1875
qwen25_14b,28,valenced_nonopposite::epistemic::006,valenced_nonopposite,epistemic,valenced,nonopposite,-0.6,preference_control,-21.25,-27.125,-21.249995708465576,-27.12498962879181,-21.249995708465576,-27.12498962879181,-24.187492668628693,2.9374969601631165,-21.25,-27.125,-24.1875,2.9375
qwen25_14b,28,valenced_nonopposite::epistemic::006,valenced_nonopposite,epistemic,valenced,nonopposite,-0.4,preference_control,-21.75,-24.625,-21.749996423721317,-24.624992847442627,-21.749996423721317,-24.624992847442627,-23.18749463558197,1.4374982118606567,-21.75,-24.625,-23.1875,1.4375
qwen25_14b,28,valenced_nonopposite::epistemic::006,valenced_nonopposite,epistemic,valenced,nonopposite,-0.2,preference_control,-19.625,-16.375,-19.62499618530273,-16.374977707862854,-19.62499618530273,-16.374977707862854,-17.999986946582794,-1.6250092387199402,-19.625,-16.375,-18.0,-1.625
qwen25_14b,28,valenced_nonopposite::epistemic::006,valenced_nonopposite,epistemic,valenced,nonopposite,0.0,preference_control,-14.0,-4.75,-13.999994158744812,-4.764033079147339,-13.999994158744812,-4.764033079147339,-9.382013618946075,-4.617980539798737,-14.0,-4.75,-9.375,-4.625
qwen25_14b,28,valenced_nonopposite::epistemic::006,valenced_nonopposite,epistemic,valenced,nonopposite,0.2,preference_control,-4.5,4.0,-4.488214731216431,4.009773135185242,-4.488214731216431,4.009773135185242,-0.2392207980155944,-4.248993933200836,-4.5,4.0,-0.25,-4.25
qwen25_14b,28,valenced_nonopposite::epistemic::006,valenced_nonopposite,epistemic,valenced,nonopposite,0.4,preference_control,0.25,1.75,0.2500084638595581,1.7441483736038208,0.2500084638595581,1.7441483736038208,0.9970784187316896,-0.7470699548721313,0.25,1.75,1.0,-0.75
qwen25_14b,28,valenced_nonopposite::epistemic::006,valenced_nonopposite,epistemic,valenced,nonopposite,0.6,preference_control,2.25,-0.75,2.255878210067749,-0.7499908208847046,2.255878210067749,-0.7499908208847046,0.7529436945915222,1.5029345154762268,2.25,-0.75,0.75,1.5
qwen25_14b,28,valenced_nonopposite::epistemic::006,valenced_nonopposite,epistemic,valenced,nonopposite,0.8,preference_control,4.25,-1.75,4.263225555419922,-1.7490100860595703,4.263225555419922,-1.7490100860595703,1.2571077346801758,3.006117820739746,4.25,-1.75,1.25,3.0
qwen25_14b,28,valenced_nonopposite::epistemic::006,valenced_nonopposite,epistemic,valenced,nonopposite,1.0,preference_control,6.0,-1.5,5.994993567466736,-1.498030662536621,5.994993567466736,-1.498030662536621,2.2484814524650574,3.7465121150016794,6.0,-1.5,2.25,3.75
qwen25_14b,28,valenced_nonopposite::epistemic::007,valenced_nonopposite,epistemic,valenced,nonopposite,-1.0,preference_control,-26.0,-31.0625,-26.00000107288361,-31.00000834465027,-26.00000107288361,-31.00000834465027,-28.500004708766937,2.5000036358833317,-26.0,-31.0625,-28.53125,2.53125
qwen25_14b,28,valenced_nonopposite::epistemic::007,valenced_nonopposite,epistemic,valenced,nonopposite,-0.8,preference_control,-27.875,-31.625,-27.875001311302185,-31.62500548362732,-27.875001311302185,-31.62500548362732,-29.750003397464752,1.8750020861625671,-27.875,-31.625,-29.75,1.875
qwen25_14b,28,valenced_nonopposite::epistemic::007,valenced_nonopposite,epistemic,valenced,nonopposite,-0.6,preference_control,-30.625,-33.5,-30.62500238418579,-33.5000034570694,-30.62500238418579,-33.5000034570694,-32.062502920627594,1.437500536441803,-30.625,-33.5,-32.0625,1.4375
qwen25_14b,28,valenced_nonopposite::epistemic::007,valenced_nonopposite,epistemic,valenced,nonopposite,-0.4,preference_control,-32.125,-34.4375,-32.000003695487976,-34.50000190734863,-32.000003695487976,-34.50000190734863,-33.250002801418304,1.2499991059303284,-32.125,-34.4375,-33.28125,1.15625
qwen25_14b,28,valenced_nonopposite::epistemic::007,valenced_nonopposite,epistemic,valenced,nonopposite,-0.2,preference_control,-31.0,-33.5,-31.00000262260437,-33.50000095367432,-31.00000262260437,-33.50000095367432,-32.25000178813934,1.2499991655349731,-31.0,-33.5,-32.25,1.25
qwen25_14b,28,valenced_nonopposite::epistemic::007,valenced_nonopposite,epistemic,valenced,nonopposite,0.0,preference_control,-25.375,-29.25,-25.375003695487976,-29.25000250339508,-25.375003695487976,-29.25000250339508,-27.31250309944153,1.937499403953552,-25.375,-29.25,-27.3125,1.9375
qwen25_14b,28,valenced_nonopposite::epistemic::007,valenced_nonopposite,epistemic,valenced,nonopposite,0.2,preference_control,-14.25,-12.75,-14.25000274181366,-12.749999523162842,-14.25000274181366,-12.749999523162842,-13.50000113248825,-0.7500016093254089,-14.25,-12.75,-13.5,-0.75
qwen25_14b,28,valenced_nonopposite::epistemic::007,valenced_nonopposite,epistemic,valenced,nonopposite,0.4,preference_control,-5.75,-3.0,-5.746827006340027,-2.9982926845550537,-5.746827006340027,-2.9982926845550537,-4.37255984544754,-1.3742671608924866,-5.75,-3.0,-4.375,-1.375
qwen25_14b,28,valenced_nonopposite::epistemic::007,valenced_nonopposite,epistemic,valenced,nonopposite,0.6,preference_control,-0.75,-0.75,-0.7539068460464478,-0.7539083957672119,-0.7539068460464478,-0.7539083957672119,-0.7539076209068298,7.748603820800781e-07,-0.75,-0.75,-0.75,0.0
qwen25_14b,28,valenced_nonopposite::epistemic::007,valenced_nonopposite,epistemic,valenced,nonopposite,0.8,preference_control,1.75,-0.25,1.7539058923721311,-0.250002384185791,1.7539058923721311,-0.250002384185791,0.7519517540931702,1.0019541382789612,1.75,-0.25,0.75,1.0
qwen25_14b,28,valenced_nonopposite::epistemic::007,valenced_nonopposite,epistemic,valenced,nonopposite,1.0,preference_control,3.0,0.25,2.998289704322815,0.2499967813491821,2.998289704322815,0.2499967813491821,1.6241432428359983,1.3741464614868164,3.0,0.25,1.625,1.375
qwen25_14b,28,valenced_nonopposite::epistemic::008,valenced_nonopposite,epistemic,valenced,nonopposite,-1.0,preference_control,-9.0,-12.0,-8.99976921081543,-11.994673252105711,-8.99976921081543,-11.994673252105711,-10.497221231460571,1.4974520206451416,-9.0,-12.0,-10.5,1.5
qwen25_14b,28,valenced_nonopposite::epistemic::008,valenced_nonopposite,epistemic,valenced,nonopposite,-0.8,preference_control,-14.125,-9.25,-14.12505292892456,-9.249191045761108,-14.12505292892456,-9.249191045761108,-11.687121987342834,-2.437930941581726,-14.125,-9.25,-11.6875,-2.4375
qwen25_14b,28,valenced_nonopposite::epistemic::008,valenced_nonopposite,epistemic,valenced,nonopposite,-0.6,preference_control,-18.0,-9.25,-18.00012171268463,-9.249908447265623,-18.00012171268463,-9.249908447265623,-13.625015079975128,-4.375106632709503,-18.0,-9.25,-13.625,-4.375
qwen25_14b,28,valenced_nonopposite::epistemic::008,valenced_nonopposite,epistemic,valenced,nonopposite,-0.4,preference_control,-17.625,-9.0,-17.625108122825623,-8.999884128570557,-17.625108122825623,-8.999884128570557,-13.31249612569809,-4.312611997127533,-17.625,-9.0,-13.3125,-4.3125
qwen25_14b,28,valenced_nonopposite::epistemic::008,valenced_nonopposite,epistemic,valenced,nonopposite,-0.2,preference_control,-11.5,-4.25,-11.500012159347534,-4.2358478307724,-11.500012159347534,-4.2358478307724,-7.867929995059967,-3.632082164287567,-11.5,-4.25,-7.875,-3.625
qwen25_14b,28,valenced_nonopposite::epistemic::008,valenced_nonopposite,epistemic,valenced,nonopposite,0.0,preference_control,-3.25,1.0,-3.2431737184524536,0.9999938011169434,-3.2431737184524536,0.9999938011169434,-1.1215899586677551,-2.1215837597846985,-3.25,1.0,-1.125,-2.125
qwen25_14b,28,valenced_nonopposite::epistemic::008,valenced_nonopposite,epistemic,valenced,nonopposite,0.2,preference_control,5.0,4.5,4.993278980255127,4.488943696022034,4.993278980255127,4.488943696022034,4.74111133813858,0.2521676421165466,5.0,4.5,4.75,0.25
qwen25_14b,28,valenced_nonopposite::epistemic::008,valenced_nonopposite,epistemic,valenced,nonopposite,0.4,preference_control,7.75,4.25,7.749557375907898,4.235819458961487,7.749557375907898,4.235819458961487,5.992688417434692,1.7568689584732056,7.75,4.25,6.0,1.75
qwen25_14b,28,valenced_nonopposite::epistemic::008,valenced_nonopposite,epistemic,valenced,nonopposite,0.6,preference_control,9.0,2.5,8.999861598014832,2.4989792108535767,8.999861598014832,2.4989792108535767,5.749420404434204,3.2504411935806274,9.0,2.5,5.75,3.25
qwen25_14b,28,valenced_nonopposite::epistemic::008,valenced_nonopposite,epistemic,valenced,nonopposite,0.8,preference_control,10.25,0.5,10.24994444847107,0.497951865196228,10.24994444847107,0.497951865196228,5.373948156833649,4.875996291637421,10.25,0.5,5.375,4.875
qwen25_14b,28,valenced_nonopposite::epistemic::008,valenced_nonopposite,epistemic,valenced,nonopposite,1.0,preference_control,11.5,-0.25,11.499989986419678,-0.250200867652893,11.499989986419678,-0.250200867652893,5.624894559383392,5.875095427036285,11.5,-0.25,5.625,5.875
qwen25_14b,28,valenced_nonopposite::epistemic::009,valenced_nonopposite,epistemic,valenced,nonopposite,-1.0,preference_control,-4.75,-13.625,-4.741393685340881,-13.62231421470642,-4.741393685340881,-13.62231421470642,-9.181853950023651,4.44046026468277,-4.75,-13.625,-9.1875,4.4375
qwen25_14b,28,valenced_nonopposite::epistemic::009,valenced_nonopposite,epistemic,valenced,nonopposite,-0.8,preference_control,-9.5,-13.875,-9.499923825263975,-13.874953985214232,-9.499923825263975,-13.874953985214232,-11.687438905239103,2.187515079975128,-9.5,-13.875,-11.6875,2.1875
qwen25_14b,28,valenced_nonopposite::epistemic::009,valenced_nonopposite,epistemic,valenced,nonopposite,-0.6,preference_control,-11.75,-14.5,-11.749991178512571,-14.4999977350235,-11.749991178512571,-14.4999977350235,-13.124994456768036,1.3750032782554626,-11.75,-14.5,-13.125,1.375
qwen25_14b,28,valenced_nonopposite::epistemic::009,valenced_nonopposite,epistemic,valenced,nonopposite,-0.4,preference_control,-12.0,-15.5,-11.999992847442629,-15.499999165534971,-11.999992847442629,-15.499999165534971,-13.7499960064888,1.750003159046173,-12.0,-15.5,-13.75,1.75
qwen25_14b,28,valenced_nonopposite::epistemic::009,valenced_nonopposite,epistemic,valenced,nonopposite,-0.2,preference_control,-11.0,-14.75,-10.999982357025146,-14.749998807907104,-10.999982357025146,-14.749998807907104,-12.874990582466124,1.875008225440979,-11.0,-14.75,-12.875,1.875
qwen25_14b,28,valenced_nonopposite::epistemic::009,valenced_nonopposite,epistemic,valenced,nonopposite,0.0,preference_control,-8.25,-11.0,-8.249738454818726,-10.999982595443726,-8.249738454818726,-10.999982595443726,-9.624860525131226,1.3751220703125,-8.25,-11.0,-9.625,1.375
qwen25_14b,28,valenced_nonopposite::epistemic::009,valenced_nonopposite,epistemic,valenced,nonopposite,0.2,preference_control,-1.75,-4.0,-1.7539058923721311,-4.013060927391052,-1.7539058923721311,-4.013060927391052,-2.883483409881592,1.1295775175094604,-1.75,-4.0,-2.875,1.125
qwen25_14b,28,valenced_nonopposite::epistemic::009,valenced_nonopposite,epistemic,valenced,nonopposite,0.4,preference_control,2.0,-0.75,1.998047471046448,-0.753905177116394,1.998047471046448,-0.753905177116394,0.6220711469650269,1.375976324081421,2.0,-0.75,0.625,1.375
qwen25_14b,28,valenced_nonopposite::epistemic::009,valenced_nonopposite,epistemic,valenced,nonopposite,0.6,preference_control,3.0,-2.0,2.998291850090027,-1.9980460405349727,2.998291850090027,-1.9980460405349727,0.5001229047775269,2.4981689453125,3.0,-2.0,0.5,2.5
qwen25_14b,28,valenced_nonopposite::epistemic::009,valenced_nonopposite,epistemic,valenced,nonopposite,0.8,preference_control,3.5,-3.5,3.5014666318893437,-3.5014641284942627,3.5014666318893437,-3.5014641284942627,1.2516975402832031e-06,3.501465380191803,3.5,-3.5,0.0,3.5
qwen25_14b,28,valenced_nonopposite::epistemic::009,valenced_nonopposite,epistemic,valenced,nonopposite,1.0,preference_control,4.25,-5.0,4.235842704772949,-4.993285655975342,4.235842704772949,-4.993285655975342,-0.3787214756011963,4.6145641803741455,4.25,-5.0,-0.375,4.625
qwen25_14b,28,valenced_nonopposite::epistemic::010,valenced_nonopposite,epistemic,valenced,nonopposite,-1.0,preference_control,-17.75,-12.75,-17.749969959259033,-12.749412536621094,-17.749969959259033,-12.749412536621094,-15.249691247940063,-2.5002787113189697,-17.75,-12.75,-15.25,-2.5
qwen25_14b,28,valenced_nonopposite::epistemic::010,valenced_nonopposite,epistemic,valenced,nonopposite,-0.8,preference_control,-20.5,-14.5,-20.499988555908203,-14.499918460845947,-20.499988555908203,-14.499918460845947,-17.499953508377075,-3.000035047531128,-20.5,-14.5,-17.5,-3.0
qwen25_14b,28,valenced_nonopposite::epistemic::010,valenced_nonopposite,epistemic,valenced,nonopposite,-0.6,preference_control,-22.25,-16.375,-22.24999248981476,-16.374985456466675,-22.24999248981476,-16.374985456466675,-19.31248897314072,-2.9375035166740417,-22.25,-16.375,-19.3125,-2.9375
qwen25_14b,28,valenced_nonopposite::epistemic::010,valenced_nonopposite,epistemic,valenced,nonopposite,-0.4,preference_control,-23.25,-16.25,-23.24999368190765,-16.24999177455902,-23.24999368190765,-16.24999177455902,-19.749992728233337,-3.5000009536743164,-23.25,-16.25,-19.75,-3.5
qwen25_14b,28,valenced_nonopposite::epistemic::010,valenced_nonopposite,epistemic,valenced,nonopposite,-0.2,preference_control,-22.5,-11.25,-22.4999942779541,-11.24996829032898,-22.4999942779541,-11.24996829032898,-16.87498128414154,-5.625012993812561,-22.5,-11.25,-16.875,-5.625
qwen25_14b,28,valenced_nonopposite::epistemic::010,valenced_nonopposite,epistemic,valenced,nonopposite,0.0,preference_control,-19.25,-1.25,-19.249993801116943,-1.248046875,-19.249993801116943,-1.248046875,-10.249020338058472,-9.000973463058472,-19.25,-1.25,-10.25,-9.0
qwen25_14b,28,valenced_nonopposite::epistemic::010,valenced_nonopposite,epistemic,valenced,nonopposite,0.2,preference_control,-9.25,6.75,-9.249897480010986,6.748817443847656,-9.249897480010986,6.748817443847656,-1.250540018081665,-7.999357461929321,-9.25,6.75,-1.25,-8.0
qwen25_14b,28,valenced_nonopposite::epistemic::010,valenced_nonopposite,epistemic,valenced,nonopposite,0.4,preference_control,0.0,7.25,0.0,7.249286651611328,0.0,7.249286651611328,3.624643325805664,-3.624643325805664,0.0,7.25,3.625,-3.625
qwen25_14b,28,valenced_nonopposite::epistemic::010,valenced_nonopposite,epistemic,valenced,nonopposite,0.6,preference_control,3.75,6.5,3.742431640625,6.498497009277344,3.742431640625,6.498497009277344,5.120464324951172,-1.378032684326172,3.75,6.5,5.125,-1.375
qwen25_14b,28,valenced_nonopposite::epistemic::010,valenced_nonopposite,epistemic,valenced,nonopposite,0.8,preference_control,5.75,6.25,5.746826171875,6.248069763183594,5.746826171875,6.248069763183594,5.997447967529297,-0.2506217956542969,5.75,6.25,6.0,-0.25
qwen25_14b,28,valenced_nonopposite::epistemic::010,valenced_nonopposite,epistemic,valenced,nonopposite,1.0,preference_control,6.25,6.0,6.248069763183594,5.997528076171875,6.248069763183594,5.997528076171875,6.122798919677734,0.1252708435058593,6.25,6.0,6.125,0.125
qwen25_14b,28,valenced_nonopposite::epistemic::011,valenced_nonopposite,epistemic,valenced,nonopposite,-1.0,preference_control,-8.875,-13.625,-8.874431729316711,-13.625249862670898,-8.874431729316711,-13.625249862670898,-11.249840795993803,2.375409066677093,-8.875,-13.625,-11.25,2.375
qwen25_14b,28,valenced_nonopposite::epistemic::011,valenced_nonopposite,epistemic,valenced,nonopposite,-0.8,preference_control,-14.5,-16.0,-14.499990105628967,-16.015706062316895,-14.499990105628967,-16.015706062316895,-15.257848083972933,0.7578579783439636,-14.5,-16.0,-15.25,0.75
qwen25_14b,28,valenced_nonopposite::epistemic::011,valenced_nonopposite,epistemic,valenced,nonopposite,-0.6,preference_control,-19.625,-17.875,-19.62500047683716,-17.859391927719116,-19.62500047683716,-17.859391927719116,-18.742196202278137,-0.882804274559021,-19.625,-17.875,-18.75,-0.875
qwen25_14b,28,valenced_nonopposite::epistemic::011,valenced_nonopposite,epistemic,valenced,nonopposite,-0.4,preference_control,-23.25,-16.375,-23.250006079673767,-16.327398777008057,-23.250006079673767,-16.327398777008057,-19.788702428340912,-3.4613036513328552,-23.25,-16.375,-19.8125,-3.4375
qwen25_14b,28,valenced_nonopposite::epistemic::011,valenced_nonopposite,epistemic,valenced,nonopposite,-0.2,preference_control,-22.625,-12.75,-22.62500643730164,-12.772220730781555,-22.62500643730164,-12.772220730781555,-17.698613584041595,-4.92639285326004,-22.625,-12.75,-17.6875,-4.9375
qwen25_14b,28,valenced_nonopposite::epistemic::011,valenced_nonopposite,epistemic,valenced,nonopposite,0.0,preference_control,-14.375,-4.125,-14.374998807907104,-4.117678284645081,-14.374998807907104,-4.117678284645081,-9.246338546276093,-5.128660261631012,-14.375,-4.125,-9.25,-5.125
qwen25_14b,28,valenced_nonopposite::epistemic::011,valenced_nonopposite,epistemic,valenced,nonopposite,0.2,preference_control,-2.0,2.75,-1.9980478286743164,2.7504866123199463,-1.9980478286743164,2.7504866123199463,0.3762193918228149,-2.374267220497132,-2.0,2.75,0.375,-2.375
qwen25_14b,28,valenced_nonopposite::epistemic::011,valenced_nonopposite,epistemic,valenced,nonopposite,0.4,preference_control,1.0,4.0,0.999998927116394,4.013059139251709,0.999998927116394,4.013059139251709,2.5065290331840515,-1.5065301060676577,1.0,4.0,2.5,-1.5
qwen25_14b,28,valenced_nonopposite::epistemic::011,valenced_nonopposite,epistemic,valenced,nonopposite,0.6,preference_control,3.0,2.75,2.9982895851135254,2.7504857778549194,2.9982895851135254,2.7504857778549194,2.8743876814842224,0.1239019036293029,3.0,2.75,2.875,0.125
qwen25_14b,28,valenced_nonopposite::epistemic::011,valenced_nonopposite,epistemic,valenced,nonopposite,0.8,preference_control,4.25,1.75,4.23583722114563,1.7539021968841553,4.23583722114563,1.7539021968841553,2.9948697090148926,1.2409675121307373,4.25,1.75,3.0,1.25
qwen25_14b,28,valenced_nonopposite::epistemic::011,valenced_nonopposite,epistemic,valenced,nonopposite,1.0,preference_control,4.75,0.0,4.741389632225037,-5.960464477539063e-06,4.741389632225037,-5.960464477539063e-06,2.3706918358802795,2.370697796344757,4.75,0.0,2.375,2.375
qwen25_14b,28,valenced_nonopposite::epistemic::012,valenced_nonopposite,epistemic,valenced,nonopposite,-1.0,preference_control,-16.75,-23.25,-16.749995946884155,-23.24999725818634,-16.749995946884155,-23.24999725818634,-19.999996602535248,3.2500006556510925,-16.75,-23.25,-20.0,3.25
qwen25_14b,28,valenced_nonopposite::epistemic::012,valenced_nonopposite,epistemic,valenced,nonopposite,-0.8,preference_control,-20.625,-24.75,-20.62499713897705,-24.749998331069943,-20.62499713897705,-24.749998331069943,-22.6874977350235,2.062500596046448,-20.625,-24.75,-22.6875,2.0625
qwen25_14b,28,valenced_nonopposite::epistemic::012,valenced_nonopposite,epistemic,valenced,nonopposite,-0.6,preference_control,-22.75,-25.875,-22.749997854232788,-25.87499868869781,-22.749997854232788,-25.87499868869781,-24.3124982714653,1.5625004172325134,-22.75,-25.875,-24.3125,1.5625
qwen25_14b,28,valenced_nonopposite::epistemic::012,valenced_nonopposite,epistemic,valenced,nonopposite,-0.4,preference_control,-23.5,-26.625,-23.49999749660492,-26.624999046325684,-23.49999749660492,-26.624999046325684,-25.0624982714653,1.562500774860382,-23.5,-26.625,-25.0625,1.5625
qwen25_14b,28,valenced_nonopposite::epistemic::012,valenced_nonopposite,epistemic,valenced,nonopposite,-0.2,preference_control,-23.125,-26.25,-23.124996781349186,-26.249999284744263,-23.124996781349186,-26.249999284744263,-24.68749803304672,1.5625012516975405,-23.125,-26.25,-24.6875,1.5625
qwen25_14b,28,valenced_nonopposite::epistemic::012,valenced_nonopposite,epistemic,valenced,nonopposite,0.0,preference_control,-20.0,-20.875,-19.99999499320984,-20.874998569488525,-19.99999499320984,-20.874998569488525,-20.437496781349186,0.4375017881393432,-20.0,-20.875,-20.4375,0.4375
qwen25_14b,28,valenced_nonopposite::epistemic::012,valenced_nonopposite,epistemic,valenced,nonopposite,0.2,preference_control,-10.75,-8.25,-10.749969363212584,-8.249736785888672,-10.749969363212584,-8.249736785888672,-9.499853074550629,-1.2501162886619568,-10.75,-8.25,-9.5,-1.25
qwen25_14b,28,valenced_nonopposite::epistemic::012,valenced_nonopposite,epistemic,valenced,nonopposite,0.4,preference_control,-0.75,-0.75,-0.7539002895355225,-0.7539061307907104,-0.7539002895355225,-0.7539061307907104,-0.7539032101631165,2.9206275939941406e-06,-0.75,-0.75,-0.75,0.0
qwen25_14b,28,valenced_nonopposite::epistemic::012,valenced_nonopposite,epistemic,valenced,nonopposite,0.6,preference_control,5.5,0.75,5.49591863155365,0.7539066076278687,5.49591863155365,0.7539066076278687,3.1249126195907597,2.37100601196289,5.5,0.75,3.125,2.375
qwen25_14b,28,valenced_nonopposite::epistemic::012,valenced_nonopposite,epistemic,valenced,nonopposite,0.8,preference_control,8.25,0.25,8.249753475189209,0.2500009536743164,8.249753475189209,0.2500009536743164,4.249877214431763,3.9998762607574463,8.25,0.25,4.25,4.0
qwen25_14b,28,valenced_nonopposite::epistemic::012,valenced_nonopposite,epistemic,valenced,nonopposite,1.0,preference_control,10.0,-0.5,9.999983668327332,-0.4980447292327881,9.999983668327332,-0.4980447292327881,4.750969469547272,5.24901419878006,10.0,-0.5,4.75,5.25
qwen25_14b,28,valenced_nonopposite::epistemic::013,valenced_nonopposite,epistemic,valenced,nonopposite,-1.0,preference_control,-18.375,-24.0625,-18.374954104423523,-24.1247740983963,-18.374954104423523,-24.1247740983963,-21.249864101409912,2.874909996986389,-18.375,-24.0625,-21.21875,2.84375
qwen25_14b,28,valenced_nonopposite::epistemic::013,valenced_nonopposite,epistemic,valenced,nonopposite,-0.8,preference_control,-20.25,-23.9375,-20.24995422363281,-23.99990713596344,-20.24995422363281,-23.99990713596344,-22.12493067979813,1.8749764561653135,-20.25,-23.9375,-22.09375,1.84375
qwen25_14b,28,valenced_nonopposite::epistemic::013,valenced_nonopposite,epistemic,valenced,nonopposite,-0.6,preference_control,-22.0,-23.8125,-21.999972105026245,-23.87494027614593,-21.999972105026245,-23.87494027614593,-22.93745619058609,0.937484085559845,-22.0,-23.8125,-22.90625,0.90625
qwen25_14b,28,valenced_nonopposite::epistemic::013,valenced_nonopposite,epistemic,valenced,nonopposite,-0.4,preference_control,-22.0,-23.625,-21.999971389770508,-23.62495481967926,-21.999971389770508,-23.62495481967926,-22.812463104724884,0.8124917149543762,-22.0,-23.625,-22.8125,0.8125
qwen25_14b,28,valenced_nonopposite::epistemic::013,valenced_nonopposite,epistemic,valenced,nonopposite,-0.2,preference_control,-18.75,-19.75,-18.74998104572296,-19.74990451335907,-18.74998104572296,-19.74990451335907,-19.249942779541016,0.4999617338180542,-18.75,-19.75,-19.25,0.5
qwen25_14b,28,valenced_nonopposite::epistemic::013,valenced_nonopposite,epistemic,valenced,nonopposite,0.0,preference_control,-11.25,-10.5,-11.249970197677612,-10.499658942222595,-11.249970197677612,-10.499658942222595,-10.874814569950104,-0.3751556277275085,-11.25,-10.5,-10.875,-0.375
qwen25_14b,28,valenced_nonopposite::epistemic::013,valenced_nonopposite,epistemic,valenced,nonopposite,0.2,preference_control,0.0,2.0,0.0,2.006835699081421,0.0,2.006835699081421,1.0034178495407104,-1.0034178495407104,0.0,2.0,1.0,-1.0
qwen25_14b,28,valenced_nonopposite::epistemic::013,valenced_nonopposite,epistemic,valenced,nonopposite,0.4,preference_control,6.25,6.25,6.248016357421875,6.247710824012756,6.248016357421875,6.247710824012756,6.247863590717316,0.0001527667045593,6.25,6.25,6.25,0.0
qwen25_14b,28,valenced_nonopposite::epistemic::013,valenced_nonopposite,epistemic,valenced,nonopposite,0.6,preference_control,8.25,7.5,8.249717593193054,7.499415874481201,8.249717593193054,7.499415874481201,7.874566733837128,0.3751508593559265,8.25,7.5,7.875,0.375
qwen25_14b,28,valenced_nonopposite::epistemic::013,valenced_nonopposite,epistemic,valenced,nonopposite,0.8,preference_control,9.75,7.0,9.74993121623993,6.999034523963928,9.74993121623993,6.999034523963928,8.374482870101929,1.3754483461380005,9.75,7.0,8.375,1.375
qwen25_14b,28,valenced_nonopposite::epistemic::013,valenced_nonopposite,epistemic,valenced,nonopposite,1.0,preference_control,11.0,6.75,10.999975204467772,6.748702764511108,10.999975204467772,6.748702764511108,8.874338984489441,2.1256362199783325,11.0,6.75,8.875,2.125
qwen25_14b,28,valenced_nonopposite::epistemic::014,valenced_nonopposite,epistemic,valenced,nonopposite,-1.0,preference_control,-17.375,-29.75,-17.374998688697815,-29.74999690055847,-17.374998688697815,-29.74999690055847,-23.562497794628143,6.187499105930328,-17.375,-29.75,-23.5625,6.1875
qwen25_14b,28,valenced_nonopposite::epistemic::014,valenced_nonopposite,epistemic,valenced,nonopposite,-0.8,preference_control,-20.625,-28.625,-20.62499976158142,-28.62499952316284,-20.62499976158142,-28.62499952316284,-24.62499964237213,3.9999998807907104,-20.625,-28.625,-24.625,4.0
qwen25_14b,28,valenced_nonopposite::epistemic::014,valenced_nonopposite,epistemic,valenced,nonopposite,-0.6,preference_control,-24.625,-28.5,-24.62500786781311,-28.499999403953552,-24.62500786781311,-28.499999403953552,-26.56250363588333,1.937495768070221,-24.625,-28.5,-26.5625,1.9375
qwen25_14b,28,valenced_nonopposite::epistemic::014,valenced_nonopposite,epistemic,valenced,nonopposite,-0.4,preference_control,-26.5,-26.875,-26.500045657157894,-26.87499964237213,-26.500045657157894,-26.87499964237213,-26.68752264976501,0.1874769926071167,-26.5,-26.875,-26.6875,0.1875
qwen25_14b,28,valenced_nonopposite::epistemic::014,valenced_nonopposite,epistemic,valenced,nonopposite,-0.2,preference_control,-24.625,-20.375,-24.625015139579773,-20.374999403953552,-24.625015139579773,-20.374999403953552,-22.500007271766663,-2.1250078678131104,-24.625,-20.375,-22.5,-2.125
qwen25_14b,28,valenced_nonopposite::epistemic::014,valenced_nonopposite,epistemic,valenced,nonopposite,0.0,preference_control,-19.125,-11.0,-19.12499964237213,-10.999982953071594,-19.12499964237213,-10.999982953071594,-15.062491297721865,-4.0625083446502686,-19.125,-11.0,-15.0625,-4.0625
qwen25_14b,28,valenced_nonopposite::epistemic::014,valenced_nonopposite,epistemic,valenced,nonopposite,0.2,preference_control,-9.0,0.75,-8.999876022338867,0.75390625,-8.999876022338867,0.75390625,-4.122984886169434,-4.876891136169434,-9.0,0.75,-4.125,-4.875
qwen25_14b,28,valenced_nonopposite::epistemic::014,valenced_nonopposite,epistemic,valenced,nonopposite,0.4,preference_control,0.0,5.5,0.0,5.49591064453125,0.0,5.49591064453125,2.747955322265625,-2.747955322265625,0.0,5.5,2.75,-2.75
qwen25_14b,28,valenced_nonopposite::epistemic::014,valenced_nonopposite,epistemic,valenced,nonopposite,0.6,preference_control,5.75,9.25,5.7468109130859375,9.2499041557312,5.7468109130859375,9.2499041557312,7.498357534408569,-1.7515466213226318,5.75,9.25,7.5,-1.75
qwen25_14b,28,valenced_nonopposite::epistemic::014,valenced_nonopposite,epistemic,valenced,nonopposite,0.8,preference_control,9.25,11.5,9.24990177154541,11.499989867210388,9.24990177154541,11.499989867210388,10.3749458193779,-1.125044047832489,9.25,11.5,10.375,-1.125
qwen25_14b,28,valenced_nonopposite::epistemic::014,valenced_nonopposite,epistemic,valenced,nonopposite,1.0,preference_control,10.75,12.75,10.749976754188538,12.74999701976776,10.749976754188538,12.74999701976776,11.74998688697815,-1.0000101327896118,10.75,12.75,11.75,-1.0
qwen25_14b,28,valenced_nonopposite::epistemic::015,valenced_nonopposite,epistemic,valenced,nonopposite,-1.0,preference_control,-11.25,-18.875,-11.258595943450928,-18.86816418170929,-11.258595943450928,-18.86816418170929,-15.063380062580109,3.804784119129181,-11.25,-18.875,-15.0625,3.8125
qwen25_14b,28,valenced_nonopposite::epistemic::015,valenced_nonopposite,epistemic,valenced,nonopposite,-0.8,preference_control,-14.5,-16.25,-14.50068211555481,-16.249929904937744,-14.50068211555481,-16.249929904937744,-15.375306010246277,0.8746238946914673,-14.5,-16.25,-15.375,0.875
qwen25_14b,28,valenced_nonopposite::epistemic::015,valenced_nonopposite,epistemic,valenced,nonopposite,-0.6,preference_control,-16.75,-16.25,-16.750027418136597,-16.249993801116943,-16.750027418136597,-16.249993801116943,-16.50001060962677,-0.2500168085098266,-16.75,-16.25,-16.5,-0.25
qwen25_14b,28,valenced_nonopposite::epistemic::015,valenced_nonopposite,epistemic,valenced,nonopposite,-0.4,preference_control,-17.625,-16.375,-17.624982953071594,-16.374994158744812,-17.624982953071594,-16.374994158744812,-16.999988555908203,-0.6249943971633911,-17.625,-16.375,-17.0,-0.625
qwen25_14b,28,valenced_nonopposite::epistemic::015,valenced_nonopposite,epistemic,valenced,nonopposite,-0.2,preference_control,-15.75,-16.125,-15.7499817609787,-16.124996542930603,-15.7499817609787,-16.124996542930603,-15.93748915195465,0.1875073909759521,-15.75,-16.125,-15.9375,0.1875
qwen25_14b,28,valenced_nonopposite::epistemic::015,valenced_nonopposite,epistemic,valenced,nonopposite,0.0,preference_control,-11.25,-11.0,-11.249968767166138,-10.999980330467224,-11.249968767166138,-10.999980330467224,-11.12497454881668,-0.1249942183494567,-11.25,-11.0,-11.125,-0.125
qwen25_14b,28,valenced_nonopposite::epistemic::015,valenced_nonopposite,epistemic,valenced,nonopposite,0.2,preference_control,-1.25,0.0,-1.248046875,0.0,-1.248046875,0.0,-0.6240234375,-0.6240234375,-1.25,0.0,-0.625,-0.625
qwen25_14b,28,valenced_nonopposite::epistemic::015,valenced_nonopposite,epistemic,valenced,nonopposite,0.4,preference_control,5.0,5.0,4.9932862520217896,4.9932861328125,4.9932862520217896,4.9932861328125,4.993286192417145,5.960464477539064e-08,5.0,5.0,5.0,0.0
qwen25_14b,28,valenced_nonopposite::epistemic::015,valenced_nonopposite,epistemic,valenced,nonopposite,0.6,preference_control,7.25,6.5,7.249290585517883,6.498497009277344,7.249290585517883,6.498497009277344,6.8738937973976135,0.3753967881202698,7.25,6.5,6.875,0.375
qwen25_14b,28,valenced_nonopposite::epistemic::015,valenced_nonopposite,epistemic,valenced,nonopposite,0.8,preference_control,8.75,6.5,8.749840021133423,6.498497009277344,8.749840021133423,6.498497009277344,7.624168515205383,1.1256715059280396,8.75,6.5,7.625,1.125
qwen25_14b,28,valenced_nonopposite::epistemic::015,valenced_nonopposite,epistemic,valenced,nonopposite,1.0,preference_control,10.0,6.25,9.999953985214232,6.248069763183594,9.999953985214232,6.248069763183594,8.124011874198914,1.87594211101532,10.0,6.25,8.125,1.875
qwen25_14b,28,valenced_nonopposite::epistemic::016,valenced_nonopposite,epistemic,valenced,nonopposite,-1.0,preference_control,-16.375,-26.125,-16.374980092048645,-26.12482237815857,-16.374980092048645,-26.12482237815857,-21.249901235103607,4.874921143054962,-16.375,-26.125,-21.25,4.875
qwen25_14b,28,valenced_nonopposite::epistemic::016,valenced_nonopposite,epistemic,valenced,nonopposite,-0.8,preference_control,-20.0,-27.5,-19.999980568885803,-27.499985456466675,-19.999980568885803,-27.499985456466675,-23.74998301267624,3.750002443790436,-20.0,-27.5,-23.75,3.75
qwen25_14b,28,valenced_nonopposite::epistemic::016,valenced_nonopposite,epistemic,valenced,nonopposite,-0.6,preference_control,-23.5,-27.5,-23.49998140335083,-27.49999368190765,-23.49998140335083,-27.49999368190765,-25.49998754262924,2.000006139278412,-23.5,-27.5,-25.5,2.0
qwen25_14b,28,valenced_nonopposite::epistemic::016,valenced_nonopposite,epistemic,valenced,nonopposite,-0.4,preference_control,-24.875,-26.75,-24.874988794326782,-26.74999499320984,-24.874988794326782,-26.74999499320984,-25.81249189376831,0.9375030994415284,-24.875,-26.75,-25.8125,0.9375
qwen25_14b,28,valenced_nonopposite::epistemic::016,valenced_nonopposite,epistemic,valenced,nonopposite,-0.2,preference_control,-23.625,-24.75,-23.624993801116943,-24.74999749660492,-23.624993801116943,-24.74999749660492,-24.18749564886093,0.562501847743988,-23.625,-24.75,-24.1875,0.5625
qwen25_14b,28,valenced_nonopposite::epistemic::016,valenced_nonopposite,epistemic,valenced,nonopposite,0.0,preference_control,-19.125,-14.75,-19.12499713897705,-14.7499977350235,-19.12499713897705,-14.7499977350235,-16.937497437000275,-2.187499701976776,-19.125,-14.75,-16.9375,-2.1875
qwen25_14b,28,valenced_nonopposite::epistemic::016,valenced_nonopposite,epistemic,valenced,nonopposite,0.2,preference_control,-4.75,0.25,-4.741393566131592,0.250004768371582,-4.741393566131592,0.250004768371582,-2.245694398880005,-2.495699167251587,-4.75,0.25,-2.25,-2.5
qwen25_14b,28,valenced_nonopposite::epistemic::016,valenced_nonopposite,epistemic,valenced,nonopposite,0.4,preference_control,3.25,3.0,3.243164539337158,2.998293280601501,3.243164539337158,2.998293280601501,3.12072890996933,0.1224356293678283,3.25,3.0,3.125,0.125
qwen25_14b,28,valenced_nonopposite::epistemic::016,valenced_nonopposite,epistemic,valenced,nonopposite,0.6,preference_control,5.5,3.75,5.495849967002869,3.742310643196106,5.495849967002869,3.742310643196106,4.619080305099487,0.8767696619033813,5.5,3.75,4.625,0.875
qwen25_14b,28,valenced_nonopposite::epistemic::016,valenced_nonopposite,epistemic,valenced,nonopposite,0.8,preference_control,6.75,3.75,6.748794913291931,3.742310643196106,6.748794913291931,3.742310643196106,5.2455527782440186,1.5032421350479126,6.75,3.75,5.25,1.5
qwen25_14b,28,valenced_nonopposite::epistemic::016,valenced_nonopposite,epistemic,valenced,nonopposite,1.0,preference_control,6.0,3.25,5.997498154640198,3.2431658506393437,5.997498154640198,3.2431658506393437,4.6203320026397705,1.3771661520004272,6.0,3.25,4.625,1.375
qwen25_14b,28,valenced_nonopposite::epistemic::017,valenced_nonopposite,epistemic,valenced,nonopposite,-1.0,preference_control,-20.5,-30.625,-20.49999499320984,-30.624990940093998,-20.49999499320984,-30.624990940093998,-25.56249296665192,5.062497973442078,-20.5,-30.625,-25.5625,5.0625
qwen25_14b,28,valenced_nonopposite::epistemic::017,valenced_nonopposite,epistemic,valenced,nonopposite,-0.8,preference_control,-23.25,-32.5,-23.24999725818634,-32.49999499320984,-23.24999725818634,-32.49999499320984,-27.87499612569809,4.624998867511749,-23.25,-32.5,-27.875,4.625
qwen25_14b,28,valenced_nonopposite::epistemic::017,valenced_nonopposite,epistemic,valenced,nonopposite,-0.6,preference_control,-26.0,-33.625,-25.999998807907104,-33.49999821186066,-25.999998807907104,-33.49999821186066,-29.74999850988388,3.749999701976776,-26.0,-33.625,-29.8125,3.8125
qwen25_14b,28,valenced_nonopposite::epistemic::017,valenced_nonopposite,epistemic,valenced,nonopposite,-0.4,preference_control,-27.0,-33.75,-26.99999952316284,-33.74999916553497,-26.99999952316284,-33.74999916553497,-30.374999344348907,3.3749998211860657,-27.0,-33.75,-30.375,3.375
qwen25_14b,28,valenced_nonopposite::epistemic::017,valenced_nonopposite,epistemic,valenced,nonopposite,-0.2,preference_control,-26.625,-31.125,-26.62499964237213,-31.124999403953552,-26.62499964237213,-31.124999403953552,-28.87499952316284,2.2499998807907104,-26.625,-31.125,-28.875,2.25
qwen25_14b,28,valenced_nonopposite::epistemic::017,valenced_nonopposite,epistemic,valenced,nonopposite,0.0,preference_control,-22.5,-24.75,-22.49999988079071,-24.74999976158142,-22.49999988079071,-24.74999976158142,-23.624999821186066,1.1249999403953552,-22.5,-24.75,-23.625,1.125
qwen25_14b,28,valenced_nonopposite::epistemic::017,valenced_nonopposite,epistemic,valenced,nonopposite,0.2,preference_control,-11.25,-6.0,-11.24998700618744,-5.997528076171875,-11.24998700618744,-5.997528076171875,-8.623757541179657,-2.626229465007782,-11.25,-6.0,-8.625,-2.625
qwen25_14b,28,valenced_nonopposite::epistemic::017,valenced_nonopposite,epistemic,valenced,nonopposite,0.4,preference_control,1.25,3.0,1.248046875,2.998291015625,1.248046875,2.998291015625,2.1231689453125,-0.8751220703125,1.25,3.0,2.125,-0.875
qwen25_14b,28,valenced_nonopposite::epistemic::017,valenced_nonopposite,epistemic,valenced,nonopposite,0.6,preference_control,8.75,6.75,8.749841690063477,6.748832702636719,8.749841690063477,6.748832702636719,7.749337196350098,1.000504493713379,8.75,6.75,7.75,1.0
qwen25_14b,28,valenced_nonopposite::epistemic::017,valenced_nonopposite,epistemic,valenced,nonopposite,0.8,preference_control,12.75,8.75,12.74999713897705,8.749841690063477,12.74999713897705,8.749841690063477,10.749919414520264,2.000077724456787,12.75,8.75,10.75,2.0
qwen25_14b,28,valenced_nonopposite::epistemic::017,valenced_nonopposite,epistemic,valenced,nonopposite,1.0,preference_control,14.75,10.0,14.749999642372131,9.999953269958496,14.749999642372131,9.999953269958496,12.374976456165314,2.3750231862068176,14.75,10.0,12.375,2.375
qwen25_14b,28,valenced_nonopposite::epistemic::019,valenced_nonopposite,epistemic,valenced,nonopposite,-1.0,preference_control,-11.25,-30.6875,-11.249985218048096,-30.75003397464752,-11.249985218048096,-30.75003397464752,-21.00000959634781,9.750024378299711,-11.25,-30.6875,-20.96875,9.71875
qwen25_14b,28,valenced_nonopposite::epistemic::019,valenced_nonopposite,epistemic,valenced,nonopposite,-0.8,preference_control,-15.375,-30.9375,-15.374998927116394,-31.00004744529724,-15.374998927116394,-31.00004744529724,-23.187523186206818,7.812524259090424,-15.375,-30.9375,-23.15625,7.78125
qwen25_14b,28,valenced_nonopposite::epistemic::019,valenced_nonopposite,epistemic,valenced,nonopposite,-0.6,preference_control,-22.875,-32.5,-22.875003576278687,-32.5000913143158,-22.875003576278687,-32.5000913143158,-27.68754744529724,4.812543869018555,-22.875,-32.5,-27.6875,4.8125
qwen25_14b,28,valenced_nonopposite::epistemic::019,valenced_nonopposite,epistemic,valenced,nonopposite,-0.4,preference_control,-30.125,-33.5,-30.125007033348083,-33.500033378601074,-30.125007033348083,-33.500033378601074,-31.81252020597458,1.6875131726264954,-30.125,-33.5,-31.8125,1.6875
qwen25_14b,28,valenced_nonopposite::epistemic::019,valenced_nonopposite,epistemic,valenced,nonopposite,-0.2,preference_control,-30.9375,-32.9375,-31.000001192092896,-33.000011801719666,-31.000001192092896,-33.000011801719666,-32.00000649690628,1.000005304813385,-30.9375,-32.9375,-31.9375,1.0
qwen25_14b,28,valenced_nonopposite::epistemic::019,valenced_nonopposite,epistemic,valenced,nonopposite,0.0,preference_control,-23.625,-26.25,-23.62499845027924,-26.24993574619293,-23.62499845027924,-26.24993574619293,-24.937467098236084,1.312468647956848,-23.625,-26.25,-24.9375,1.3125
qwen25_14b,28,valenced_nonopposite::epistemic::019,valenced_nonopposite,epistemic,valenced,nonopposite,0.2,preference_control,-5.25,-5.25,-5.2447497844696045,-5.244568109512329,-5.2447497844696045,-5.244568109512329,-5.244658946990967,-9.083747863769533e-05,-5.25,-5.25,-5.25,0.0
qwen25_14b,28,valenced_nonopposite::epistemic::019,valenced_nonopposite,epistemic,valenced,nonopposite,0.4,preference_control,4.5,0.75,4.48895800113678,0.7539057731628418,4.48895800113678,0.7539057731628418,2.621431887149811,1.867526113986969,4.5,0.75,2.625,1.875
qwen25_14b,28,valenced_nonopposite::epistemic::019,valenced_nonopposite,epistemic,valenced,nonopposite,0.6,preference_control,8.25,1.25,8.249760150909424,1.2480465173721311,8.249760150909424,1.2480465173721311,4.748903334140778,3.5008568167686462,8.25,1.25,4.75,3.5
qwen25_14b,28,valenced_nonopposite::epistemic::019,valenced_nonopposite,epistemic,valenced,nonopposite,0.8,preference_control,10.25,0.75,10.249994039535522,0.7539058923721313,10.249994039535522,0.7539058923721313,5.501949965953827,4.748044073581696,10.25,0.75,5.5,4.75
qwen25_14b,28,valenced_nonopposite::epistemic::019,valenced_nonopposite,epistemic,valenced,nonopposite,1.0,preference_control,10.25,0.5,10.249984860420229,0.4980466365814209,10.249984860420229,0.4980466365814209,5.374015748500824,4.875969111919403,10.25,0.5,5.375,4.875
qwen25_14b,28,valenced_nonopposite::utilitarian::000,valenced_nonopposite,utilitarian,valenced,nonopposite,-1.0,preference_control,-12.0,-23.25,-11.994177341461182,-23.249656558036804,-11.994177341461182,-23.249656558036804,-17.621916949748993,5.627739608287811,-12.0,-23.25,-17.625,5.625
qwen25_14b,28,valenced_nonopposite::utilitarian::000,valenced_nonopposite,utilitarian,valenced,nonopposite,-0.8,preference_control,-15.875,-22.625,-15.874745726585388,-22.62497913837433,-15.874745726585388,-22.62497913837433,-19.24986243247986,3.37511670589447,-15.875,-22.625,-19.25,3.375
qwen25_14b,28,valenced_nonopposite::utilitarian::000,valenced_nonopposite,utilitarian,valenced,nonopposite,-0.6,preference_control,-17.875,-21.75,-17.874971866607666,-21.749986052513123,-17.874971866607666,-21.749986052513123,-19.812478959560394,1.9375070929527285,-17.875,-21.75,-19.8125,1.9375
qwen25_14b,28,valenced_nonopposite::utilitarian::000,valenced_nonopposite,utilitarian,valenced,nonopposite,-0.4,preference_control,-16.875,-21.5,-16.87486171722412,-21.49999237060547,-16.87486171722412,-21.49999237060547,-19.187427043914795,2.312565326690674,-16.875,-21.5,-19.1875,2.3125
qwen25_14b,28,valenced_nonopposite::utilitarian::000,valenced_nonopposite,utilitarian,valenced,nonopposite,-0.2,preference_control,-14.25,-20.125,-14.24955701828003,-20.12499415874481,-14.24955701828003,-20.12499415874481,-17.18727558851242,2.937718570232392,-14.25,-20.125,-17.1875,2.9375
qwen25_14b,28,valenced_nonopposite::utilitarian::000,valenced_nonopposite,utilitarian,valenced,nonopposite,0.0,preference_control,-7.375,-13.375,-7.373023271560669,-13.374969840049744,-7.373023271560669,-13.374969840049744,-10.373996555805206,3.0009732842445374,-7.375,-13.375,-10.375,3.0
qwen25_14b,28,valenced_nonopposite::utilitarian::000,valenced_nonopposite,utilitarian,valenced,nonopposite,0.2,preference_control,2.5,-0.75,2.4985567331314087,-0.7397027015686035,2.4985567331314087,-0.7397027015686035,0.8794270157814026,1.619129717350006,2.5,-0.75,0.875,1.625
qwen25_14b,28,valenced_nonopposite::utilitarian::000,valenced_nonopposite,utilitarian,valenced,nonopposite,0.4,preference_control,7.75,2.5,7.749683618545532,2.5781407356262207,7.749683618545532,2.5781407356262207,5.1639121770858765,2.585771441459656,7.75,2.5,5.125,2.625
qwen25_14b,28,valenced_nonopposite::utilitarian::000,valenced_nonopposite,utilitarian,valenced,nonopposite,0.6,preference_control,11.25,3.0,11.250537991523744,3.046877384185791,11.250537991523744,3.046877384185791,7.148707687854767,4.101830303668976,11.25,3.0,7.125,4.125
qwen25_14b,28,valenced_nonopposite::utilitarian::000,valenced_nonopposite,utilitarian,valenced,nonopposite,0.8,preference_control,13.5,3.25,13.50116515159607,3.272950291633606,13.50116515159607,3.272950291633606,8.387057721614838,5.114107429981232,13.5,3.25,8.375,5.125
qwen25_14b,28,valenced_nonopposite::utilitarian::000,valenced_nonopposite,utilitarian,valenced,nonopposite,1.0,preference_control,13.5,3.25,13.504088640213013,3.266358494758606,13.504088640213013,3.266358494758606,8.38522356748581,5.118865072727203,13.5,3.25,8.375,5.125
qwen25_14b,28,valenced_nonopposite::utilitarian::001,valenced_nonopposite,utilitarian,valenced,nonopposite,-1.0,preference_control,-21.125,-30.0,-21.124247550964355,-29.99879479408264,-21.124247550964355,-29.99879479408264,-25.5615211725235,4.437273621559143,-21.125,-30.0,-25.5625,4.4375
qwen25_14b,28,valenced_nonopposite::utilitarian::001,valenced_nonopposite,utilitarian,valenced,nonopposite,-0.8,preference_control,-23.625,-29.1875,-23.625089645385746,-29.24978458881378,-23.625089645385746,-29.24978458881378,-26.43743711709976,2.81234747171402,-23.625,-29.1875,-26.40625,2.78125
qwen25_14b,28,valenced_nonopposite::utilitarian::001,valenced_nonopposite,utilitarian,valenced,nonopposite,-0.6,preference_control,-26.125,-28.375,-26.125195384025574,-28.374248385429382,-26.125195384025574,-28.374248385429382,-27.24972188472748,1.1245265007019043,-26.125,-28.375,-27.25,1.125
qwen25_14b,28,valenced_nonopposite::utilitarian::001,valenced_nonopposite,utilitarian,valenced,nonopposite,-0.4,preference_control,-24.75,-26.625,-24.75010979175568,-26.62290906906128,-24.75010979175568,-26.62290906906128,-25.68650943040848,0.9363996386528016,-24.75,-26.625,-25.6875,0.9375
qwen25_14b,28,valenced_nonopposite::utilitarian::001,valenced_nonopposite,utilitarian,valenced,nonopposite,-0.2,preference_control,-16.125,-21.25,-16.12506937980652,-21.247405886650085,-16.12506937980652,-21.247405886650085,-18.686237633228306,2.5611682534217834,-16.125,-21.25,-18.6875,2.5625
qwen25_14b,28,valenced_nonopposite::utilitarian::001,valenced_nonopposite,utilitarian,valenced,nonopposite,0.0,preference_control,-4.5,-5.75,-4.488742828369141,-5.7451475858688354,-4.488742828369141,-5.7451475858688354,-5.116945207118988,0.6282023787498474,-4.5,-5.75,-5.125,0.625
qwen25_14b,28,valenced_nonopposite::utilitarian::001,valenced_nonopposite,utilitarian,valenced,nonopposite,0.2,preference_control,6.75,3.25,6.74861741065979,3.242431879043579,6.74861741065979,3.242431879043579,4.995524644851685,1.7530927658081057,6.75,3.25,5.0,1.75
qwen25_14b,28,valenced_nonopposite::utilitarian::001,valenced_nonopposite,utilitarian,valenced,nonopposite,0.4,preference_control,12.25,6.0,12.249970436096191,5.9974366426467896,12.249970436096191,5.9974366426467896,9.12370353937149,3.126266896724701,12.25,6.0,9.125,3.125
qwen25_14b,28,valenced_nonopposite::utilitarian::001,valenced_nonopposite,utilitarian,valenced,nonopposite,0.6,preference_control,13.75,6.0,13.749982237815855,5.99749767780304,13.749982237815855,5.99749767780304,9.873739957809448,3.8762422800064087,13.75,6.0,9.875,3.875
qwen25_14b,28,valenced_nonopposite::utilitarian::001,valenced_nonopposite,utilitarian,valenced,nonopposite,0.8,preference_control,14.25,5.25,14.249980449676514,5.244751214981079,14.249980449676514,5.244751214981079,9.747365832328796,4.502614617347717,14.25,5.25,9.75,4.5
qwen25_14b,28,valenced_nonopposite::utilitarian::001,valenced_nonopposite,utilitarian,valenced,nonopposite,1.0,preference_control,14.125,4.25,14.124970197677612,4.235840201377869,14.124970197677612,4.235840201377869,9.18040519952774,4.944564998149872,14.125,4.25,9.1875,4.9375
qwen25_14b,28,valenced_nonopposite::utilitarian::002,valenced_nonopposite,utilitarian,valenced,nonopposite,-1.0,preference_control,-18.0,-22.375,-17.999964118003845,-22.374618887901303,-17.999964118003845,-22.374618887901303,-20.187291502952576,2.1873273849487305,-18.0,-22.375,-20.1875,2.1875
qwen25_14b,28,valenced_nonopposite::utilitarian::002,valenced_nonopposite,utilitarian,valenced,nonopposite,-0.8,preference_control,-19.625,-22.125,-19.624982237815857,-22.12488663196564,-19.624982237815857,-22.12488663196564,-20.874934434890747,1.24995219707489,-19.625,-22.125,-20.875,1.25
qwen25_14b,28,valenced_nonopposite::utilitarian::002,valenced_nonopposite,utilitarian,valenced,nonopposite,-0.6,preference_control,-22.0,-24.25,-21.999988317489624,-24.249975204467773,-21.999988317489624,-24.249975204467773,-23.1249817609787,1.1249934434890747,-22.0,-24.25,-23.125,1.125
qwen25_14b,28,valenced_nonopposite::utilitarian::002,valenced_nonopposite,utilitarian,valenced,nonopposite,-0.4,preference_control,-24.625,-27.25,-24.624993443489075,-27.24998712539673,-24.624993443489075,-27.24998712539673,-25.9374902844429,1.312496840953827,-24.625,-27.25,-25.9375,1.3125
qwen25_14b,28,valenced_nonopposite::utilitarian::002,valenced_nonopposite,utilitarian,valenced,nonopposite,-0.2,preference_control,-21.375,-25.75,-21.37497222423553,-25.74992275238037,-21.37497222423553,-25.74992275238037,-23.562447488307956,2.187475264072418,-21.375,-25.75,-23.5625,2.1875
qwen25_14b,28,valenced_nonopposite::utilitarian::002,valenced_nonopposite,utilitarian,valenced,nonopposite,0.0,preference_control,-8.625,-8.5,-8.619991064071655,-8.499228715896606,-8.619991064071655,-8.499228715896606,-8.55960988998413,-0.0603811740875244,-8.625,-8.5,-8.5625,-0.0625
qwen25_14b,28,valenced_nonopposite::utilitarian::002,valenced_nonopposite,utilitarian,valenced,nonopposite,0.2,preference_control,4.5,3.75,4.51526951789856,3.7575701475143433,4.51526951789856,3.7575701475143433,4.136419832706451,0.3788496851921081,4.5,3.75,4.125,0.375
qwen25_14b,28,valenced_nonopposite::utilitarian::002,valenced_nonopposite,utilitarian,valenced,nonopposite,0.4,preference_control,13.5,6.25,13.499988913536072,6.248071551322937,13.499988913536072,6.248071551322937,9.874030232429504,3.625958681106568,13.5,6.25,9.875,3.625
qwen25_14b,28,valenced_nonopposite::utilitarian::002,valenced_nonopposite,utilitarian,valenced,nonopposite,0.6,preference_control,15.75,5.25,15.750012397766112,5.244753956794739,15.750012397766112,5.244753956794739,10.497383177280426,5.252629220485687,15.75,5.25,10.5,5.25
qwen25_14b,28,valenced_nonopposite::utilitarian::002,valenced_nonopposite,utilitarian,valenced,nonopposite,0.8,preference_control,15.625,3.0,15.625019788742064,2.9982956647872925,15.625019788742064,2.9982956647872925,9.31165772676468,6.3133620619773865,15.625,3.0,9.3125,6.3125
qwen25_14b,28,valenced_nonopposite::utilitarian::002,valenced_nonopposite,utilitarian,valenced,nonopposite,1.0,preference_control,15.25,1.25,15.250017881393433,1.2480545043945312,15.250017881393433,1.2480545043945312,8.249036192893982,7.000981688499451,15.25,1.25,8.25,7.0
qwen25_14b,28,valenced_nonopposite::utilitarian::003,valenced_nonopposite,utilitarian,valenced,nonopposite,-1.0,preference_control,-7.25,-4.75,-7.24835205078125,-4.765625953674316,-7.24835205078125,-4.765625953674316,-6.006989002227783,-1.2413630485534668,-7.25,-4.75,-6.0,-1.25
qwen25_14b,28,valenced_nonopposite::utilitarian::003,valenced_nonopposite,utilitarian,valenced,nonopposite,-0.8,preference_control,-8.75,-2.625,-8.749624252319336,-2.624999761581421,-8.749624252319336,-2.624999761581421,-5.687312006950378,-3.062312245368957,-8.75,-2.625,-5.6875,-3.0625
qwen25_14b,28,valenced_nonopposite::utilitarian::003,valenced_nonopposite,utilitarian,valenced,nonopposite,-0.6,preference_control,-10.25,-1.0,-10.249792098999023,-0.9999994039535522,-10.249792098999023,-0.9999994039535522,-5.624895751476288,-4.624896347522736,-10.25,-1.0,-5.625,-4.625
qwen25_14b,28,valenced_nonopposite::utilitarian::003,valenced_nonopposite,utilitarian,valenced,nonopposite,-0.4,preference_control,-10.0,2.0,-9.99923324584961,2.001953601837158,-9.99923324584961,2.001953601837158,-3.9986398220062256,-6.000593423843384,-10.0,2.0,-4.0,-6.0
qwen25_14b,28,valenced_nonopposite::utilitarian::003,valenced_nonopposite,utilitarian,valenced,nonopposite,-0.2,preference_control,-7.375,9.125,-7.3721160888671875,9.119080424308777,-7.3721160888671875,9.119080424308777,0.8734821677207947,-8.245598256587982,-7.375,9.125,0.875,-8.25
qwen25_14b,28,valenced_nonopposite::utilitarian::003,valenced_nonopposite,utilitarian,valenced,nonopposite,0.0,preference_control,-1.25,10.375,-1.248046875,10.3734210729599,-1.248046875,10.3734210729599,4.56268709897995,-5.81073397397995,-1.25,10.375,4.5625,-5.8125
qwen25_14b,28,valenced_nonopposite::utilitarian::003,valenced_nonopposite,utilitarian,valenced,nonopposite,0.2,preference_control,5.75,9.5,5.745758056640625,9.499488830566406,5.745758056640625,9.499488830566406,7.622623443603516,-1.8768653869628904,5.75,9.5,7.625,-1.875
qwen25_14b,28,valenced_nonopposite::utilitarian::003,valenced_nonopposite,utilitarian,valenced,nonopposite,0.4,preference_control,8.25,8.75,8.249492645263672,8.749683380126953,8.249492645263672,8.749683380126953,8.499588012695312,-0.2500953674316406,8.25,8.75,8.5,-0.25
qwen25_14b,28,valenced_nonopposite::utilitarian::003,valenced_nonopposite,utilitarian,valenced,nonopposite,0.6,preference_control,8.75,7.5,8.749717712402344,7.499286651611328,8.749717712402344,7.499286651611328,8.124502182006836,0.6252155303955078,8.75,7.5,8.125,0.625
qwen25_14b,28,valenced_nonopposite::utilitarian::003,valenced_nonopposite,utilitarian,valenced,nonopposite,0.8,preference_control,8.75,5.0,8.749756813049316,4.993072509765625,8.749756813049316,4.993072509765625,6.871414661407471,1.8783421516418457,8.75,5.0,6.875,1.875
qwen25_14b,28,valenced_nonopposite::utilitarian::003,valenced_nonopposite,utilitarian,valenced,nonopposite,1.0,preference_control,8.0,2.25,7.999601364135742,2.2431640625,7.999601364135742,2.2431640625,5.121382713317871,2.878218650817871,8.0,2.25,5.125,2.875
qwen25_14b,28,valenced_nonopposite::utilitarian::004,valenced_nonopposite,utilitarian,valenced,nonopposite,-1.0,preference_control,-3.5,-16.5,-3.5000009536743164,-16.54882848262787,-3.5000009536743164,-16.54882848262787,-10.024414718151093,6.524413764476776,-3.5,-16.5,-10.0,6.5
qwen25_14b,28,valenced_nonopposite::utilitarian::004,valenced_nonopposite,utilitarian,valenced,nonopposite,-0.8,preference_control,-6.25,-14.75,-6.234376668930054,-14.728516101837158,-6.234376668930054,-14.728516101837158,-10.481446385383606,4.247069716453552,-6.25,-14.75,-10.5,4.25
qwen25_14b,28,valenced_nonopposite::utilitarian::004,valenced_nonopposite,utilitarian,valenced,nonopposite,-0.6,preference_control,-11.375,-13.125,-11.397461891174316,-13.154297709465029,-11.397461891174316,-13.154297709465029,-12.275879800319672,0.8784179091453552,-11.375,-13.125,-12.25,0.875
qwen25_14b,28,valenced_nonopposite::utilitarian::004,valenced_nonopposite,utilitarian,valenced,nonopposite,-0.4,preference_control,-14.625,-13.0,-14.648438215255736,-12.974610209465029,-14.648438215255736,-12.974610209465029,-13.811524212360382,-0.8369140028953552,-14.625,-13.0,-13.8125,-0.8125
qwen25_14b,28,valenced_nonopposite::utilitarian::004,valenced_nonopposite,utilitarian,valenced,nonopposite,-0.2,preference_control,-13.0,-9.75,-12.969239354133606,-9.738282442092896,-12.969239354133606,-9.738282442092896,-11.35376089811325,-1.6154784560203552,-13.0,-9.75,-11.375,-1.625
qwen25_14b,28,valenced_nonopposite::utilitarian::004,valenced_nonopposite,utilitarian,valenced,nonopposite,0.0,preference_control,-5.75,-1.5,-5.734681844711304,-1.4980484247207642,-5.734681844711304,-1.4980484247207642,-3.616365134716034,-2.1183167099952698,-5.75,-1.5,-3.625,-2.125
qwen25_14b,28,valenced_nonopposite::utilitarian::004,valenced_nonopposite,utilitarian,valenced,nonopposite,0.2,preference_control,5.75,6.75,5.74679434299469,6.7485949993133545,5.74679434299469,6.7485949993133545,6.247694671154022,-0.5009003281593323,5.75,6.75,6.25,-0.5
qwen25_14b,28,valenced_nonopposite::utilitarian::004,valenced_nonopposite,utilitarian,valenced,nonopposite,0.4,preference_control,10.75,6.25,10.749976992607117,6.248030185699463,10.749976992607117,6.248030185699463,8.49900358915329,2.250973403453827,10.75,6.25,8.5,2.25
qwen25_14b,28,valenced_nonopposite::utilitarian::004,valenced_nonopposite,utilitarian,valenced,nonopposite,0.6,preference_control,12.5,5.75,12.499995827674866,5.746809363365173,12.499995827674866,5.746809363365173,9.12340259552002,3.376593232154846,12.5,5.75,9.125,3.375
qwen25_14b,28,valenced_nonopposite::utilitarian::004,valenced_nonopposite,utilitarian,valenced,nonopposite,0.8,preference_control,14.0,5.75,13.999998927116394,5.746809005737305,13.999998927116394,5.746809005737305,9.87340396642685,4.126594960689545,14.0,5.75,9.875,4.125
qwen25_14b,28,valenced_nonopposite::utilitarian::004,valenced_nonopposite,utilitarian,valenced,nonopposite,1.0,preference_control,14.25,5.25,14.249999165534971,5.244748830795288,14.249999165534971,5.244748830795288,9.74737399816513,4.5026251673698425,14.25,5.25,9.75,4.5
qwen25_14b,28,valenced_nonopposite::utilitarian::005,valenced_nonopposite,utilitarian,valenced,nonopposite,-1.0,preference_control,-7.25,-12.25,-7.249239683151245,-12.248573899269104,-7.249239683151245,-12.248573899269104,-9.748906791210176,2.499667108058929,-7.25,-12.25,-9.75,2.5
qwen25_14b,28,valenced_nonopposite::utilitarian::005,valenced_nonopposite,utilitarian,valenced,nonopposite,-0.8,preference_control,-10.25,-11.0,-10.24996292591095,-10.999683856964111,-10.24996292591095,-10.999683856964111,-10.62482339143753,0.3748604655265808,-10.25,-11.0,-10.625,0.375
qwen25_14b,28,valenced_nonopposite::utilitarian::005,valenced_nonopposite,utilitarian,valenced,nonopposite,-0.6,preference_control,-13.75,-12.5,-13.749998331069946,-12.499957919120789,-13.749998331069946,-12.499957919120789,-13.124978125095367,-0.6250202059745789,-13.75,-12.5,-13.125,-0.625
qwen25_14b,28,valenced_nonopposite::utilitarian::005,valenced_nonopposite,utilitarian,valenced,nonopposite,-0.4,preference_control,-15.5,-15.75,-15.499999523162842,-15.749971508979796,-15.499999523162842,-15.749971508979796,-15.62498551607132,0.1249859929084777,-15.5,-15.75,-15.625,0.125
qwen25_14b,28,valenced_nonopposite::utilitarian::005,valenced_nonopposite,utilitarian,valenced,nonopposite,-0.2,preference_control,-12.5,-12.625,-12.499995708465576,-12.62495768070221,-12.499995708465576,-12.62495768070221,-12.562476694583893,0.0624809861183166,-12.5,-12.625,-12.5625,0.0625
qwen25_14b,28,valenced_nonopposite::utilitarian::005,valenced_nonopposite,utilitarian,valenced,nonopposite,0.0,preference_control,-5.25,-3.25,-5.24475085735321,-3.24267578125,-5.24475085735321,-3.24267578125,-4.243713319301605,-1.0010375380516052,-5.25,-3.25,-4.25,-1.0
qwen25_14b,28,valenced_nonopposite::utilitarian::005,valenced_nonopposite,utilitarian,valenced,nonopposite,0.2,preference_control,2.5,2.0,2.4985355138778687,1.9970703125,2.4985355138778687,1.9970703125,2.2478029131889343,0.2507326006889343,2.5,2.0,2.25,0.25
qwen25_14b,28,valenced_nonopposite::utilitarian::005,valenced_nonopposite,utilitarian,valenced,nonopposite,0.4,preference_control,5.0,1.0,4.993011474609375,1.0,4.993011474609375,1.0,2.9965057373046875,1.9965057373046875,5.0,1.0,3.0,2.0
qwen25_14b,28,valenced_nonopposite::utilitarian::005,valenced_nonopposite,utilitarian,valenced,nonopposite,0.6,preference_control,6.5,-1.25,6.498336434364319,-1.248046875,6.498336434364319,-1.248046875,2.6251447796821594,3.87319165468216,6.5,-1.25,2.625,3.875
qwen25_14b,28,valenced_nonopposite::utilitarian::005,valenced_nonopposite,utilitarian,valenced,nonopposite,0.8,preference_control,8.75,-3.25,8.749679327011108,-3.2431641817092896,8.749679327011108,-3.2431641817092896,2.753257572650909,5.996421754360199,8.75,-3.25,2.75,6.0
qwen25_14b,28,valenced_nonopposite::utilitarian::005,valenced_nonopposite,utilitarian,valenced,nonopposite,1.0,preference_control,10.5,-4.5,10.4998437166214,-4.48895275592804,10.4998437166214,-4.48895275592804,3.00544548034668,7.494398236274719,10.5,-4.5,3.0,7.5
qwen25_14b,28,valenced_nonopposite::utilitarian::006,valenced_nonopposite,utilitarian,valenced,nonopposite,-1.0,preference_control,-17.375,-25.3125,-17.374995708465576,-25.3749840259552,-17.374995708465576,-25.3749840259552,-21.374989867210388,3.999994158744812,-17.375,-25.3125,-21.34375,3.96875
qwen25_14b,28,valenced_nonopposite::utilitarian::006,valenced_nonopposite,utilitarian,valenced,nonopposite,-0.8,preference_control,-21.0,-27.375,-20.99999845027924,-27.37499737739563,-20.99999845027924,-27.37499737739563,-24.187497913837436,3.187499463558197,-21.0,-27.375,-24.1875,3.1875
qwen25_14b,28,valenced_nonopposite::utilitarian::006,valenced_nonopposite,utilitarian,valenced,nonopposite,-0.6,preference_control,-25.125,-29.9375,-25.12499952316284,-29.999999284744263,-25.12499952316284,-29.999999284744263,-27.562499403953552,2.4374998807907104,-25.125,-29.9375,-27.53125,2.40625
qwen25_14b,28,valenced_nonopposite::utilitarian::006,valenced_nonopposite,utilitarian,valenced,nonopposite,-0.4,preference_control,-27.75,-30.75,-27.75,-30.749999165534973,-27.75,-30.749999165534973,-29.249999582767487,1.4999995827674866,-27.75,-30.75,-29.25,1.5
qwen25_14b,28,valenced_nonopposite::utilitarian::006,valenced_nonopposite,utilitarian,valenced,nonopposite,-0.2,preference_control,-24.0,-21.25,-23.99999988079071,-21.24999845027924,-23.99999988079071,-21.24999845027924,-22.624999165534973,-1.3750007152557373,-24.0,-21.25,-22.625,-1.375
qwen25_14b,28,valenced_nonopposite::utilitarian::006,valenced_nonopposite,utilitarian,valenced,nonopposite,0.0,preference_control,-13.25,-3.25,-13.249996185302734,-3.243163466453552,-13.249996185302734,-3.243163466453552,-8.246579825878143,-5.003416359424591,-13.25,-3.25,-8.25,-5.0
qwen25_14b,28,valenced_nonopposite::utilitarian::006,valenced_nonopposite,utilitarian,valenced,nonopposite,0.2,preference_control,0.75,6.25,0.75390625,6.248016953468323,0.75390625,6.248016953468323,3.5009616017341614,-2.7470553517341614,0.75,6.25,3.5,-2.75
qwen25_14b,28,valenced_nonopposite::utilitarian::006,valenced_nonopposite,utilitarian,valenced,nonopposite,0.4,preference_control,6.25,6.25,6.2480316162109375,6.248047471046448,6.2480316162109375,6.248047471046448,6.248039543628693,-7.927417755126953e-06,6.25,6.25,6.25,0.0
qwen25_14b,28,valenced_nonopposite::utilitarian::006,valenced_nonopposite,utilitarian,valenced,nonopposite,0.6,preference_control,9.0,5.25,8.999858856201172,5.244751334190369,8.999858856201172,5.244751334190369,7.12230509519577,1.8775537610054016,9.0,5.25,7.125,1.875
qwen25_14b,28,valenced_nonopposite::utilitarian::006,valenced_nonopposite,utilitarian,valenced,nonopposite,0.8,preference_control,10.5,4.0,10.499964237213137,4.0130616426467896,10.499964237213137,4.0130616426467896,7.256512939929962,3.2434512972831726,10.5,4.0,7.25,3.25
qwen25_14b,28,valenced_nonopposite::utilitarian::006,valenced_nonopposite,utilitarian,valenced,nonopposite,1.0,preference_control,10.75,3.0,10.749973177909853,2.9982911348342896,10.749973177909853,2.9982911348342896,6.87413215637207,3.8758410215377808,10.75,3.0,6.875,3.875
qwen25_14b,28,valenced_nonopposite::utilitarian::007,valenced_nonopposite,utilitarian,valenced,nonopposite,-1.0,preference_control,-14.875,-13.125,-14.874876022338867,-13.121185183525084,-14.874876022338867,-13.121185183525084,-13.998030602931976,-0.8768454194068909,-14.875,-13.125,-14.0,-0.875
qwen25_14b,28,valenced_nonopposite::utilitarian::007,valenced_nonopposite,utilitarian,valenced,nonopposite,-0.8,preference_control,-17.125,-10.0,-17.125011444091797,-9.97275722026825,-17.125011444091797,-9.97275722026825,-13.548884332180023,-3.5761271119117737,-17.125,-10.0,-13.5625,-3.5625
qwen25_14b,28,valenced_nonopposite::utilitarian::007,valenced_nonopposite,utilitarian,valenced,nonopposite,-0.6,preference_control,-19.125,-7.25,-19.125368118286133,-7.259873867034912,-19.125368118286133,-7.259873867034912,-13.192620992660522,-5.93274712562561,-19.125,-7.25,-13.1875,-5.9375
qwen25_14b,28,valenced_nonopposite::utilitarian::007,valenced_nonopposite,utilitarian,valenced,nonopposite,-0.4,preference_control,-18.375,-5.625,-18.37501049041748,-5.621116876602173,-18.37501049041748,-5.621116876602173,-11.998063683509828,-6.376946806907654,-18.375,-5.625,-12.0,-6.375
qwen25_14b,28,valenced_nonopposite::utilitarian::007,valenced_nonopposite,utilitarian,valenced,nonopposite,-0.2,preference_control,-14.5,-1.625,-14.500000476837158,-1.6328165531158447,-14.500000476837158,-1.6328165531158447,-8.066408514976501,-6.433591961860657,-14.5,-1.625,-8.0625,-6.4375
qwen25_14b,28,valenced_nonopposite::utilitarian::007,valenced_nonopposite,utilitarian,valenced,nonopposite,0.0,preference_control,-4.0,3.25,-4.012941360473633,3.247069001197815,-4.012941360473633,3.247069001197815,-0.3829361796379089,-3.630005180835724,-4.0,3.25,-0.375,-3.625
qwen25_14b,28,valenced_nonopposite::utilitarian::007,valenced_nonopposite,utilitarian,valenced,nonopposite,0.2,preference_control,3.75,6.0,3.742309093475342,5.99735951423645,3.742309093475342,5.99735951423645,4.869834303855896,-1.1275252103805542,3.75,6.0,4.875,-1.125
qwen25_14b,28,valenced_nonopposite::utilitarian::007,valenced_nonopposite,utilitarian,valenced,nonopposite,0.4,preference_control,5.75,6.0,5.746825933456421,5.997497320175171,5.746825933456421,5.997497320175171,5.872161626815796,-0.125335693359375,5.75,6.0,5.875,-0.125
qwen25_14b,28,valenced_nonopposite::utilitarian::007,valenced_nonopposite,utilitarian,valenced,nonopposite,0.6,preference_control,7.0,5.5,6.999088287353516,5.49591052532196,6.999088287353516,5.49591052532196,6.247499406337738,0.7515888810157776,7.0,5.5,6.25,0.75
qwen25_14b,28,valenced_nonopposite::utilitarian::007,valenced_nonopposite,utilitarian,valenced,nonopposite,0.8,preference_control,7.5,5.25,7.499447345733643,5.24475085735321,7.499447345733643,5.24475085735321,6.3720991015434265,1.127348244190216,7.5,5.25,6.375,1.125
qwen25_14b,28,valenced_nonopposite::utilitarian::007,valenced_nonopposite,utilitarian,valenced,nonopposite,1.0,preference_control,8.25,4.75,8.249741196632385,4.7413939237594604,8.249741196632385,4.7413939237594604,6.495567560195923,1.7541736364364624,8.25,4.75,6.5,1.75
qwen25_14b,28,valenced_nonopposite::utilitarian::008,valenced_nonopposite,utilitarian,valenced,nonopposite,-1.0,preference_control,-16.375,-19.75,-16.375054240226746,-19.75649929046631,-16.375054240226746,-19.75649929046631,-18.065776765346527,1.6907225251197815,-16.375,-19.75,-18.0625,1.6875
qwen25_14b,28,valenced_nonopposite::utilitarian::008,valenced_nonopposite,utilitarian,valenced,nonopposite,-0.8,preference_control,-18.125,-19.9375,-18.12526130676269,-20.012502908706665,-18.12526130676269,-20.012502908706665,-19.06888210773468,0.9436208009719848,-18.125,-19.9375,-19.03125,0.90625
qwen25_14b,28,valenced_nonopposite::utilitarian::008,valenced_nonopposite,utilitarian,valenced,nonopposite,-0.6,preference_control,-19.875,-21.1875,-19.876922369003296,-21.253780484199524,-19.876922369003296,-21.253780484199524,-20.56535142660141,0.688429057598114,-19.875,-21.1875,-20.53125,0.65625
qwen25_14b,28,valenced_nonopposite::utilitarian::008,valenced_nonopposite,utilitarian,valenced,nonopposite,-0.4,preference_control,-21.125,-21.125,-21.1274493932724,-21.120898127555847,-21.1274493932724,-21.120898127555847,-21.124173760414124,-0.0032756328582763,-21.125,-21.125,-21.125,0.0
qwen25_14b,28,valenced_nonopposite::utilitarian::008,valenced_nonopposite,utilitarian,valenced,nonopposite,-0.2,preference_control,-19.125,-12.875,-19.12518787384033,-12.865456700325012,-19.12518787384033,-12.865456700325012,-15.995322287082672,-3.12986558675766,-19.125,-12.875,-16.0,-3.125
qwen25_14b,28,valenced_nonopposite::utilitarian::008,valenced_nonopposite,utilitarian,valenced,nonopposite,0.0,preference_control,-11.875,-0.5,-11.872157216072084,-0.4960741996765136,-11.872157216072084,-0.4960741996765136,-6.184115707874298,-5.688041508197784,-11.875,-0.5,-6.1875,-5.6875
qwen25_14b,28,valenced_nonopposite::utilitarian::008,valenced_nonopposite,utilitarian,valenced,nonopposite,0.2,preference_control,0.5,7.25,0.5019543170928955,7.248632431030273,0.5019543170928955,7.248632431030273,3.875293374061585,-3.373339056968689,0.5,7.25,3.875,-3.375
qwen25_14b,28,valenced_nonopposite::utilitarian::008,valenced_nonopposite,utilitarian,valenced,nonopposite,0.4,preference_control,6.75,9.75,6.748770356178284,9.749831318855286,6.748770356178284,9.749831318855286,8.249300837516785,-1.500530481338501,6.75,9.75,8.25,-1.5
qwen25_14b,28,valenced_nonopposite::utilitarian::008,valenced_nonopposite,utilitarian,valenced,nonopposite,0.6,preference_control,11.0,10.25,11.000240802764893,10.249926567077637,11.000240802764893,10.249926567077637,10.625083684921265,0.3751571178436279,11.0,10.25,10.625,0.375
qwen25_14b,28,valenced_nonopposite::utilitarian::008,valenced_nonopposite,utilitarian,valenced,nonopposite,0.8,preference_control,12.75,9.5,12.757651686668396,9.49990963935852,12.757651686668396,9.49990963935852,11.128780663013458,1.6288710236549375,12.75,9.5,11.125,1.625
qwen25_14b,28,valenced_nonopposite::utilitarian::008,valenced_nonopposite,utilitarian,valenced,nonopposite,1.0,preference_control,13.375,8.0,13.40514600276947,7.999654412269592,13.40514600276947,7.999654412269592,10.702400207519531,2.702745795249939,13.375,8.0,10.6875,2.6875
qwen25_14b,28,valenced_nonopposite::utilitarian::009,valenced_nonopposite,utilitarian,valenced,nonopposite,-1.0,preference_control,-23.125,-25.625,-23.1198410987854,-25.624401092529297,-23.1198410987854,-25.624401092529297,-24.37212109565735,1.2522799968719482,-23.125,-25.625,-24.375,1.25
qwen25_14b,28,valenced_nonopposite::utilitarian::009,valenced_nonopposite,utilitarian,valenced,nonopposite,-0.8,preference_control,-25.4375,-25.5625,-25.49587893486023,-25.62469482421875,-25.49587893486023,-25.62469482421875,-25.56028687953949,0.0644079446792602,-25.4375,-25.5625,-25.5,0.0625
qwen25_14b,28,valenced_nonopposite::utilitarian::009,valenced_nonopposite,utilitarian,valenced,nonopposite,-0.6,preference_control,-28.125,-24.875,-28.123565435409542,-24.874900341033936,-28.123565435409542,-24.874900341033936,-26.49923288822174,-1.6243325471878052,-28.125,-24.875,-26.5,-1.625
qwen25_14b,28,valenced_nonopposite::utilitarian::009,valenced_nonopposite,utilitarian,valenced,nonopposite,-0.4,preference_control,-25.5,-23.75,-25.49947345256805,-23.749771118164062,-25.49947345256805,-23.749771118164062,-24.62462228536606,-0.8748511672019958,-25.5,-23.75,-24.625,-0.875
qwen25_14b,28,valenced_nonopposite::utilitarian::009,valenced_nonopposite,utilitarian,valenced,nonopposite,-0.2,preference_control,-15.875,-21.0,-15.87097156047821,-20.99845123291016,-15.87097156047821,-20.99845123291016,-18.434711396694183,2.563739836215973,-15.875,-21.0,-18.4375,2.5625
qwen25_14b,28,valenced_nonopposite::utilitarian::009,valenced_nonopposite,utilitarian,valenced,nonopposite,0.0,preference_control,-3.25,-8.875,-3.2529295682907104,-8.843994140625,-3.2529295682907104,-8.843994140625,-6.048461854457855,2.7955322861671448,-3.25,-8.875,-6.0625,2.8125
qwen25_14b,28,valenced_nonopposite::utilitarian::009,valenced_nonopposite,utilitarian,valenced,nonopposite,0.2,preference_control,9.25,4.5,9.24829113483429,4.5057373046875,9.24829113483429,4.5057373046875,6.877014219760895,2.3712769150733948,9.25,4.5,6.875,2.375
qwen25_14b,28,valenced_nonopposite::utilitarian::009,valenced_nonopposite,utilitarian,valenced,nonopposite,0.4,preference_control,15.875,5.75,15.8749498128891,5.74560546875,15.8749498128891,5.74560546875,10.81027764081955,5.06467217206955,15.875,5.75,10.8125,5.0625
qwen25_14b,28,valenced_nonopposite::utilitarian::009,valenced_nonopposite,utilitarian,valenced,nonopposite,0.6,preference_control,17.375,4.75,17.37496054172516,4.7412109375,17.37496054172516,4.7412109375,11.05808573961258,6.316874802112579,17.375,4.75,11.0625,6.3125
qwen25_14b,28,valenced_nonopposite::utilitarian::009,valenced_nonopposite,utilitarian,valenced,nonopposite,0.8,preference_control,18.5,3.5,18.499956130981445,3.5013427734375,18.499956130981445,3.5013427734375,11.000649452209473,7.499306678771973,18.5,3.5,11.0,7.5
qwen25_14b,28,valenced_nonopposite::utilitarian::009,valenced_nonopposite,utilitarian,valenced,nonopposite,1.0,preference_control,17.5,3.0,17.49993932247162,2.998046875,17.49993932247162,2.998046875,10.24899309873581,7.250946223735809,17.5,3.0,10.25,7.25
qwen25_14b,28,valenced_nonopposite::utilitarian::010,valenced_nonopposite,utilitarian,valenced,nonopposite,-1.0,preference_control,0.75,-14.125,0.7500283718109131,-14.17184591293335,0.7500283718109131,-14.17184591293335,-6.710908770561218,7.460937142372131,0.75,-14.125,-6.6875,7.4375
qwen25_14b,28,valenced_nonopposite::utilitarian::010,valenced_nonopposite,utilitarian,valenced,nonopposite,-0.8,preference_control,-6.75,-13.75,-6.7362648248672485,-13.76148784160614,-6.7362648248672485,-13.76148784160614,-10.248876333236694,3.512611508369446,-6.75,-13.75,-10.25,3.5
qwen25_14b,28,valenced_nonopposite::utilitarian::010,valenced_nonopposite,utilitarian,valenced,nonopposite,-0.6,preference_control,-10.75,-14.25,-10.731478095054626,-14.259206175804138,-10.731478095054626,-14.259206175804138,-12.495342135429382,1.763864040374756,-10.75,-14.25,-12.5,1.75
qwen25_14b,28,valenced_nonopposite::utilitarian::010,valenced_nonopposite,utilitarian,valenced,nonopposite,-0.4,preference_control,-9.125,-7.5,-9.147867560386658,-7.499881863594055,-9.147867560386658,-7.499881863594055,-8.323874711990356,-0.8239928483963013,-9.125,-7.5,-8.3125,-0.8125
qwen25_14b,28,valenced_nonopposite::utilitarian::010,valenced_nonopposite,utilitarian,valenced,nonopposite,-0.2,preference_control,1.75,5.75,1.7461780309677124,5.746649265289307,1.7461780309677124,5.746649265289307,3.7464136481285095,-2.000235617160797,1.75,5.75,3.75,-2.0
qwen25_14b,28,valenced_nonopposite::utilitarian::010,valenced_nonopposite,utilitarian,valenced,nonopposite,0.0,preference_control,9.5,11.125,9.49643325805664,11.123581886291504,9.49643325805664,11.123581886291504,10.310007572174072,-0.8135743141174316,9.5,11.125,10.3125,-0.8125
qwen25_14b,28,valenced_nonopposite::utilitarian::010,valenced_nonopposite,utilitarian,valenced,nonopposite,0.2,preference_control,10.75,10.5,10.7500581741333,10.499805450439451,10.7500581741333,10.499805450439451,10.624931812286375,0.1251263618469238,10.75,10.5,10.625,0.125
qwen25_14b,28,valenced_nonopposite::utilitarian::010,valenced_nonopposite,utilitarian,valenced,nonopposite,0.4,preference_control,11.0,6.25,11.000190138816832,6.248022437095642,11.000190138816832,6.248022437095642,8.624106287956238,2.376083850860596,11.0,6.25,8.625,2.375
qwen25_14b,28,valenced_nonopposite::utilitarian::010,valenced_nonopposite,utilitarian,valenced,nonopposite,0.6,preference_control,11.0,2.5,11.000068426132202,2.499029278755188,11.000068426132202,2.499029278755188,6.749548852443695,4.250519573688507,11.0,2.5,6.75,4.25
qwen25_14b,28,valenced_nonopposite::utilitarian::010,valenced_nonopposite,utilitarian,valenced,nonopposite,0.8,preference_control,12.25,-0.5,12.250036716461182,-0.4980398416519165,12.250036716461182,-0.4980398416519165,5.875998437404633,6.374038279056549,12.25,-0.5,5.875,6.375
qwen25_14b,28,valenced_nonopposite::utilitarian::010,valenced_nonopposite,utilitarian,valenced,nonopposite,1.0,preference_control,12.0,-2.25,12.0,-2.243642210960388,12.0,-2.243642210960388,4.878178894519806,7.121821105480194,12.0,-2.25,4.875,7.125
qwen25_14b,28,valenced_nonopposite::utilitarian::011,valenced_nonopposite,utilitarian,valenced,nonopposite,-1.0,preference_control,-9.625,-7.125,-9.594718217849731,-7.118250608444214,-9.594718217849731,-7.118250608444214,-8.356484413146973,-1.2382338047027588,-9.625,-7.125,-8.375,-1.25
qwen25_14b,28,valenced_nonopposite::utilitarian::011,valenced_nonopposite,utilitarian,valenced,nonopposite,-0.8,preference_control,-11.25,-5.5,-11.235648512840273,-5.48962128162384,-11.235648512840273,-5.48962128162384,-8.362634897232056,-2.8730136156082158,-11.25,-5.5,-8.375,-2.875
qwen25_14b,28,valenced_nonopposite::utilitarian::011,valenced_nonopposite,utilitarian,valenced,nonopposite,-0.6,preference_control,-14.625,-5.25,-14.62087368965149,-5.264402627944946,-14.62087368965149,-5.264402627944946,-9.942638158798218,-4.678235530853272,-14.625,-5.25,-9.9375,-4.6875
qwen25_14b,28,valenced_nonopposite::utilitarian::011,valenced_nonopposite,utilitarian,valenced,nonopposite,-0.4,preference_control,-18.0,-6.5,-17.999072432518005,-6.487058997154236,-17.999072432518005,-6.487058997154236,-12.24306571483612,-5.756006717681885,-18.0,-6.5,-12.25,-5.75
qwen25_14b,28,valenced_nonopposite::utilitarian::011,valenced_nonopposite,utilitarian,valenced,nonopposite,-0.2,preference_control,-17.75,-6.0,-17.749080657958984,-5.998534083366394,-17.749080657958984,-5.998534083366394,-11.87380737066269,-5.875273287296295,-17.75,-6.0,-11.875,-5.875
qwen25_14b,28,valenced_nonopposite::utilitarian::011,valenced_nonopposite,utilitarian,valenced,nonopposite,0.0,preference_control,-13.75,-1.75,-13.744748711586,-1.7519522905349731,-13.744748711586,-1.7519522905349731,-7.748350501060486,-5.996398210525513,-13.75,-1.75,-7.75,-6.0
qwen25_14b,28,valenced_nonopposite::utilitarian::011,valenced_nonopposite,utilitarian,valenced,nonopposite,0.2,preference_control,-6.25,4.0,-6.262692332267761,3.997559666633606,-6.262692332267761,3.997559666633606,-1.1325663328170776,-5.130125999450684,-6.25,4.0,-1.125,-5.125
qwen25_14b,28,valenced_nonopposite::utilitarian::011,valenced_nonopposite,utilitarian,valenced,nonopposite,0.4,preference_control,-0.5,4.25,-0.4999977350234985,4.244141101837158,-0.4999977350234985,4.244141101837158,1.8720716834068296,-2.3720694184303284,-0.5,4.25,1.875,-2.375
qwen25_14b,28,valenced_nonopposite::utilitarian::011,valenced_nonopposite,utilitarian,valenced,nonopposite,0.6,preference_control,4.0,3.5,3.999024271965027,3.494873285293579,3.999024271965027,3.494873285293579,3.746948778629303,0.2520754933357239,4.0,3.5,3.75,0.25
qwen25_14b,28,valenced_nonopposite::utilitarian::011,valenced_nonopposite,utilitarian,valenced,nonopposite,0.8,preference_control,6.5,3.0,6.496902942657471,2.995849847793579,6.496902942657471,2.995849847793579,4.746376395225525,1.7505265474319458,6.5,3.0,4.75,1.75
qwen25_14b,28,valenced_nonopposite::utilitarian::011,valenced_nonopposite,utilitarian,valenced,nonopposite,1.0,preference_control,8.0,3.0,7.999157309532165,2.9973148107528687,7.999157309532165,2.9973148107528687,5.498236060142517,2.5009212493896484,8.0,3.0,5.5,2.5
qwen25_14b,28,valenced_nonopposite::utilitarian::012,valenced_nonopposite,utilitarian,valenced,nonopposite,-1.0,preference_control,11.3125,6.875,11.500083923339844,7.3611263036727905,11.500083923339844,7.3611263036727905,9.430605113506315,2.0694788098335266,11.3125,6.875,9.09375,2.21875
qwen25_14b,28,valenced_nonopposite::utilitarian::012,valenced_nonopposite,utilitarian,valenced,nonopposite,-0.8,preference_control,9.875,9.875,8.812564373016357,10.242114663124084,8.812564373016357,10.242114663124084,9.52733951807022,-0.7147751450538635,9.875,9.875,9.875,0.0
qwen25_14b,28,valenced_nonopposite::utilitarian::012,valenced_nonopposite,utilitarian,valenced,nonopposite,-0.6,preference_control,4.375,9.875,3.625020384788513,10.488561153411863,3.625020384788513,10.488561153411863,7.056790769100189,-3.431770384311676,4.375,9.875,7.125,-2.75
qwen25_14b,28,valenced_nonopposite::utilitarian::012,valenced_nonopposite,utilitarian,valenced,nonopposite,-0.4,preference_control,1.125,9.375,1.125000238418579,8.968910574913025,1.125000238418579,8.968910574913025,5.046955406665802,-3.921955168247223,1.125,9.375,5.25,-4.125
qwen25_14b,28,valenced_nonopposite::utilitarian::012,valenced_nonopposite,utilitarian,valenced,nonopposite,-0.2,preference_control,3.25,6.75,3.749994993209839,7.625014066696167,3.749994993209839,7.625014066696167,5.687504529953003,-1.937509536743164,3.25,6.75,5.0,-1.75
qwen25_14b,28,valenced_nonopposite::utilitarian::012,valenced_nonopposite,utilitarian,valenced,nonopposite,0.0,preference_control,6.625,4.875,7.140618801116943,5.132812738418579,7.140618801116943,5.132812738418579,6.136715769767761,1.003903031349182,6.625,4.875,5.75,0.875
qwen25_14b,28,valenced_nonopposite::utilitarian::012,valenced_nonopposite,utilitarian,valenced,nonopposite,0.2,preference_control,9.125,4.75,8.899412870407104,4.516112327575684,8.899412870407104,4.516112327575684,6.707762598991394,2.1916502714157104,9.125,4.75,6.9375,2.1875
qwen25_14b,28,valenced_nonopposite::utilitarian::012,valenced_nonopposite,utilitarian,valenced,nonopposite,0.4,preference_control,9.5,2.75,9.49900722503662,2.9799797534942627,9.49900722503662,2.9799797534942627,6.239493489265442,3.259513735771179,9.5,2.75,6.125,3.375
qwen25_14b,28,valenced_nonopposite::utilitarian::012,valenced_nonopposite,utilitarian,valenced,nonopposite,0.6,preference_control,11.0,1.0,11.249973177909853,1.1855459213256836,11.249973177909853,1.1855459213256836,6.217759549617767,5.032213628292084,11.0,1.0,6.0,5.0
qwen25_14b,28,valenced_nonopposite::utilitarian::012,valenced_nonopposite,utilitarian,valenced,nonopposite,0.8,preference_control,12.25,-0.5,12.499993205070496,-0.5859384536743164,12.499993205070496,-0.5859384536743164,5.95702737569809,6.542965829372406,12.25,-0.5,5.875,6.375
qwen25_14b,28,valenced_nonopposite::utilitarian::012,valenced_nonopposite,utilitarian,valenced,nonopposite,1.0,preference_control,13.25,-1.5,13.749996781349182,-1.5429697036743164,13.749996781349182,-1.5429697036743164,6.103513538837433,7.646483242511749,13.25,-1.5,5.875,7.375
qwen25_14b,28,valenced_nonopposite::utilitarian::013,valenced_nonopposite,utilitarian,valenced,nonopposite,-1.0,preference_control,-7.75,-28.0,-7.73437237739563,-28.04589259624481,-7.73437237739563,-28.04589259624481,-17.89013248682022,10.155760109424593,-7.75,-28.0,-17.875,10.125
qwen25_14b,28,valenced_nonopposite::utilitarian::013,valenced_nonopposite,utilitarian,valenced,nonopposite,-0.8,preference_control,-11.5,-29.5,-11.4843727350235,-29.485768675804135,-11.4843727350235,-29.485768675804135,-20.48507070541382,9.00069797039032,-11.5,-29.5,-20.5,9.0
qwen25_14b,28,valenced_nonopposite::utilitarian::013,valenced_nonopposite,utilitarian,valenced,nonopposite,-0.6,preference_control,-14.375,-29.9375,-14.38744831085205,-29.996767163276672,-14.38744831085205,-29.996767163276672,-22.19210773706436,7.804659426212311,-14.375,-29.9375,-22.15625,7.78125
qwen25_14b,28,valenced_nonopposite::utilitarian::013,valenced_nonopposite,utilitarian,valenced,nonopposite,-0.4,preference_control,-16.875,-29.5,-16.87449812889099,-29.49995231628418,-16.87449812889099,-29.49995231628418,-23.187225222587585,6.312727093696594,-16.875,-29.5,-23.1875,6.3125
qwen25_14b,28,valenced_nonopposite::utilitarian::013,valenced_nonopposite,utilitarian,valenced,nonopposite,-0.2,preference_control,-15.25,-22.5,-15.249743819236755,-22.499935388565063,-15.249743819236755,-22.499935388565063,-18.87483960390091,3.625095784664154,-15.25,-22.5,-18.875,3.625
qwen25_14b,28,valenced_nonopposite::utilitarian::013,valenced_nonopposite,utilitarian,valenced,nonopposite,0.0,preference_control,-7.25,-4.25,-7.248555183410644,-4.235348463058472,-7.248555183410644,-4.235348463058472,-5.741951823234558,-1.5066033601760864,-7.25,-4.25,-5.75,-1.5
qwen25_14b,28,valenced_nonopposite::utilitarian::013,valenced_nonopposite,utilitarian,valenced,nonopposite,0.2,preference_control,5.5,5.5,5.495886445045471,5.495885252952576,5.495886445045471,5.495885252952576,5.495885848999023,5.960464477539062e-07,5.5,5.5,5.5,0.0
qwen25_14b,28,valenced_nonopposite::utilitarian::013,valenced_nonopposite,utilitarian,valenced,nonopposite,0.4,preference_control,12.125,7.0,12.1250022649765,6.999088525772095,12.1250022649765,6.999088525772095,9.562045395374298,2.562956869602204,12.125,7.0,9.5625,2.5625
qwen25_14b,28,valenced_nonopposite::utilitarian::013,valenced_nonopposite,utilitarian,valenced,nonopposite,0.6,preference_control,15.0,6.25,15.00002896785736,6.248075008392334,15.00002896785736,6.248075008392334,10.624051988124847,4.375976979732513,15.0,6.25,10.625,4.375
qwen25_14b,28,valenced_nonopposite::utilitarian::013,valenced_nonopposite,utilitarian,valenced,nonopposite,0.8,preference_control,16.25,5.25,16.250060319900513,5.244755744934082,16.250060319900513,5.244755744934082,10.747408032417296,5.502652287483215,16.25,5.25,10.75,5.5
qwen25_14b,28,valenced_nonopposite::utilitarian::013,valenced_nonopposite,utilitarian,valenced,nonopposite,1.0,preference_control,17.375,4.0,17.375069499015808,4.01306688785553,17.375069499015808,4.01306688785553,10.694068193435667,6.681001305580139,17.375,4.0,10.6875,6.6875
qwen25_14b,28,valenced_nonopposite::utilitarian::014,valenced_nonopposite,utilitarian,valenced,nonopposite,-1.0,preference_control,-19.0,-19.1875,-18.999910831451416,-19.226598501205444,-18.999910831451416,-19.226598501205444,-19.11325466632843,0.1133438348770141,-19.0,-19.1875,-19.09375,0.09375
qwen25_14b,28,valenced_nonopposite::utilitarian::014,valenced_nonopposite,utilitarian,valenced,nonopposite,-0.8,preference_control,-21.75,-17.5,-21.74980401992798,-17.54299569129944,-21.74980401992798,-17.54299569129944,-19.64639985561371,-2.10340416431427,-21.75,-17.5,-19.625,-2.125
qwen25_14b,28,valenced_nonopposite::utilitarian::014,valenced_nonopposite,utilitarian,valenced,nonopposite,-0.6,preference_control,-24.4375,-16.375,-24.498058795928955,-16.393576502799988,-24.498058795928955,-16.393576502799988,-20.44581764936447,-4.052241146564484,-24.4375,-16.375,-20.40625,-4.03125
qwen25_14b,28,valenced_nonopposite::utilitarian::014,valenced_nonopposite,utilitarian,valenced,nonopposite,-0.4,preference_control,-23.75,-13.875,-23.744333505630493,-13.859391570091248,-23.744333505630493,-13.859391570091248,-18.80186253786087,-4.942470967769623,-23.75,-13.875,-18.8125,-4.9375
qwen25_14b,28,valenced_nonopposite::utilitarian::014,valenced_nonopposite,utilitarian,valenced,nonopposite,-0.2,preference_control,-18.75,-3.875,-18.74342179298401,-3.878933906555176,-18.74342179298401,-3.878933906555176,-11.311177849769592,-7.432243943214416,-18.75,-3.875,-11.3125,-7.4375
qwen25_14b,28,valenced_nonopposite::utilitarian::014,valenced_nonopposite,utilitarian,valenced,nonopposite,0.0,preference_control,-5.25,3.0,-5.263684868812561,2.9994826316833496,-5.263684868812561,2.9994826316833496,-1.1321011185646055,-4.131583750247955,-5.25,3.0,-1.125,-4.125
qwen25_14b,28,valenced_nonopposite::utilitarian::014,valenced_nonopposite,utilitarian,valenced,nonopposite,0.2,preference_control,4.0,5.5,4.010496020317078,5.491683602333069,4.010496020317078,5.491683602333069,4.751089811325073,-0.7405937910079956,4.0,5.5,4.75,-0.75
qwen25_14b,28,valenced_nonopposite::utilitarian::014,valenced_nonopposite,utilitarian,valenced,nonopposite,0.4,preference_control,5.75,4.25,5.746596932411194,4.2646324634552,5.746596932411194,4.2646324634552,5.005614697933197,0.7409822344779968,5.75,4.25,5.0,0.75
qwen25_14b,28,valenced_nonopposite::utilitarian::014,valenced_nonopposite,utilitarian,valenced,nonopposite,0.6,preference_control,6.0,2.5,5.997484922409058,2.4975297451019287,5.997484922409058,2.4975297451019287,4.247507333755493,1.7499775886535645,6.0,2.5,4.25,1.75
qwen25_14b,28,valenced_nonopposite::utilitarian::014,valenced_nonopposite,utilitarian,valenced,nonopposite,0.8,preference_control,6.0,1.5,5.997482657432556,1.4999375343322754,5.997482657432556,1.4999375343322754,3.748710095882416,2.2487725615501404,6.0,1.5,3.75,2.25
qwen25_14b,28,valenced_nonopposite::utilitarian::014,valenced_nonopposite,utilitarian,valenced,nonopposite,1.0,preference_control,6.25,0.25,6.2479857206344604,0.24981689453125,6.2479857206344604,0.24981689453125,3.2489013075828552,2.999084413051605,6.25,0.25,3.25,3.0
qwen25_14b,28,valenced_nonopposite::utilitarian::015,valenced_nonopposite,utilitarian,valenced,nonopposite,-1.0,preference_control,-24.875,-18.875,-24.874921679496765,-18.845703959465027,-24.874921679496765,-18.845703959465027,-21.860312819480896,-3.014608860015869,-24.875,-18.875,-21.875,-3.0
qwen25_14b,28,valenced_nonopposite::utilitarian::015,valenced_nonopposite,utilitarian,valenced,nonopposite,-0.8,preference_control,-28.5625,-20.875,-28.62498199939728,-20.860291361808777,-28.62498199939728,-20.860291361808777,-24.742636680603027,-3.8823453187942505,-28.5625,-20.875,-24.71875,-3.84375
qwen25_14b,28,valenced_nonopposite::utilitarian::015,valenced_nonopposite,utilitarian,valenced,nonopposite,-0.6,preference_control,-30.625,-21.875,-30.624998211860657,-21.874062418937683,-30.624998211860657,-21.874062418937683,-26.24953031539917,-4.375467896461487,-30.625,-21.875,-26.25,-4.375
qwen25_14b,28,valenced_nonopposite::utilitarian::015,valenced_nonopposite,utilitarian,valenced,nonopposite,-0.4,preference_control,-30.75,-21.375,-30.749998927116398,-21.374950289726257,-30.749998927116398,-21.374950289726257,-26.06247460842133,-4.687524318695068,-30.75,-21.375,-26.0625,-4.6875
qwen25_14b,28,valenced_nonopposite::utilitarian::015,valenced_nonopposite,utilitarian,valenced,nonopposite,-0.2,preference_control,-28.25,-17.75,-28.24999761581421,-17.749977231025696,-28.24999761581421,-17.749977231025696,-22.999987423419952,-5.250010192394257,-28.25,-17.75,-23.0,-5.25
qwen25_14b,28,valenced_nonopposite::utilitarian::015,valenced_nonopposite,utilitarian,valenced,nonopposite,0.0,preference_control,-16.75,-8.25,-16.74999225139618,-8.249696731567383,-16.74999225139618,-8.249696731567383,-12.49984449148178,-4.250147759914398,-16.75,-8.25,-12.5,-4.25
qwen25_14b,28,valenced_nonopposite::utilitarian::015,valenced_nonopposite,utilitarian,valenced,nonopposite,0.2,preference_control,5.25,1.0,5.2447509765625,1.0,5.2447509765625,1.0,3.12237548828125,2.12237548828125,5.25,1.0,3.125,2.125
qwen25_14b,28,valenced_nonopposite::utilitarian::015,valenced_nonopposite,utilitarian,valenced,nonopposite,0.4,preference_control,10.5,2.25,10.499964952468872,2.24365234375,10.499964952468872,2.24365234375,6.371808648109436,4.128156304359436,10.5,2.25,6.375,4.125
qwen25_14b,28,valenced_nonopposite::utilitarian::015,valenced_nonopposite,utilitarian,valenced,nonopposite,0.6,preference_control,12.375,1.25,12.37498652935028,1.248046875,12.37498652935028,1.248046875,6.81151670217514,5.56346982717514,12.375,1.25,6.8125,5.5625
qwen25_14b,28,valenced_nonopposite::utilitarian::015,valenced_nonopposite,utilitarian,valenced,nonopposite,0.8,preference_control,13.125,0.0,13.124988317489624,0.0,13.124988317489624,0.0,6.562494158744812,6.562494158744812,13.125,0.0,6.5625,6.5625
qwen25_14b,28,valenced_nonopposite::utilitarian::015,valenced_nonopposite,utilitarian,valenced,nonopposite,1.0,preference_control,12.875,-0.5,12.874983429908752,-0.498046875,12.874983429908752,-0.498046875,6.188468277454376,6.686515152454376,12.875,-0.5,6.1875,6.6875
qwen25_14b,28,valenced_nonopposite::utilitarian::016,valenced_nonopposite,utilitarian,valenced,nonopposite,-1.0,preference_control,-8.5,-9.375,-8.495147705078125,-9.38671875,-8.495147705078125,-9.38671875,-8.940933227539062,0.4457855224609375,-8.5,-9.375,-8.9375,0.4375
qwen25_14b,28,valenced_nonopposite::utilitarian::016,valenced_nonopposite,utilitarian,valenced,nonopposite,-0.8,preference_control,-13.0,-7.75,-12.999955415725708,-7.743896484375,-12.999955415725708,-7.743896484375,-10.371925950050354,-2.628029465675354,-13.0,-7.75,-10.375,-2.625
qwen25_14b,28,valenced_nonopposite::utilitarian::016,valenced_nonopposite,utilitarian,valenced,nonopposite,-0.6,preference_control,-17.875,-7.0,-17.874995589256287,-6.9986724853515625,-17.874995589256287,-6.9986724853515625,-12.436834037303925,-5.438161551952362,-17.875,-7.0,-12.4375,-5.4375
qwen25_14b,28,valenced_nonopposite::utilitarian::016,valenced_nonopposite,utilitarian,valenced,nonopposite,-0.4,preference_control,-17.625,-5.75,-17.624982714653015,-5.746353149414063,-17.624982714653015,-5.746353149414063,-11.68566793203354,-5.939314782619476,-17.625,-5.75,-11.6875,-5.9375
qwen25_14b,28,valenced_nonopposite::utilitarian::016,valenced_nonopposite,utilitarian,valenced,nonopposite,-0.2,preference_control,-11.125,-2.0,-11.124967575073242,-1.99609375,-11.124967575073242,-1.99609375,-6.560530662536621,-4.564436912536621,-11.125,-2.0,-6.5625,-4.5625
qwen25_14b,28,valenced_nonopposite::utilitarian::016,valenced_nonopposite,utilitarian,valenced,nonopposite,0.0,preference_control,0.25,5.25,0.25,5.24456787109375,0.25,5.24456787109375,2.747283935546875,-2.497283935546875,0.25,5.25,2.75,-2.5
qwen25_14b,28,valenced_nonopposite::utilitarian::016,valenced_nonopposite,utilitarian,valenced,nonopposite,0.2,preference_control,9.5,12.5,9.499921798706056,12.499984383583069,9.499921798706056,12.499984383583069,10.999953091144562,-1.500031292438507,9.5,12.5,11.0,-1.5
qwen25_14b,28,valenced_nonopposite::utilitarian::016,valenced_nonopposite,utilitarian,valenced,nonopposite,0.4,preference_control,11.5,10.0,11.499987959861755,9.999950885772703,11.499987959861755,9.999950885772703,10.74996942281723,0.7500185370445251,11.5,10.0,10.75,0.75
qwen25_14b,28,valenced_nonopposite::utilitarian::016,valenced_nonopposite,utilitarian,valenced,nonopposite,0.6,preference_control,12.75,7.0,12.749995708465576,6.999088287353516,12.749995708465576,6.999088287353516,9.874541997909546,2.8754537105560303,12.75,7.0,9.875,2.875
qwen25_14b,28,valenced_nonopposite::utilitarian::016,valenced_nonopposite,utilitarian,valenced,nonopposite,0.8,preference_control,13.25,5.5,13.24999701976776,5.49591064453125,13.24999701976776,5.49591064453125,9.372953832149506,3.877043187618256,13.25,5.5,9.375,3.875
qwen25_14b,28,valenced_nonopposite::utilitarian::016,valenced_nonopposite,utilitarian,valenced,nonopposite,1.0,preference_control,13.5,3.75,13.499997615814207,3.742431640625,13.499997615814207,3.742431640625,8.621214628219604,4.8787829875946045,13.5,3.75,8.625,4.875
qwen25_14b,28,valenced_nonopposite::utilitarian::017,valenced_nonopposite,utilitarian,valenced,nonopposite,-1.0,preference_control,-15.0,-33.8125,-14.999999642372131,-33.74999988079071,-14.999999642372131,-33.74999988079071,-24.37499976158142,9.37500011920929,-15.0,-33.8125,-24.40625,9.40625
qwen25_14b,28,valenced_nonopposite::utilitarian::017,valenced_nonopposite,utilitarian,valenced,nonopposite,-0.8,preference_control,-20.625,-34.25,-20.62500011920929,-34.25,-20.62500011920929,-34.25,-27.437500059604645,6.812499940395355,-20.625,-34.25,-27.4375,6.8125
qwen25_14b,28,valenced_nonopposite::utilitarian::017,valenced_nonopposite,utilitarian,valenced,nonopposite,-0.6,preference_control,-23.5,-34.0,-23.50000023841858,-34.00000011920929,-23.50000023841858,-34.00000011920929,-28.75000017881393,5.249999940395355,-23.5,-34.0,-28.75,5.25
qwen25_14b,28,valenced_nonopposite::utilitarian::017,valenced_nonopposite,utilitarian,valenced,nonopposite,-0.4,preference_control,-22.875,-33.3125,-22.87500011920929,-33.249998688697815,-22.87500011920929,-33.249998688697815,-28.062499403953552,5.187499284744263,-22.875,-33.3125,-28.09375,5.21875
qwen25_14b,28,valenced_nonopposite::utilitarian::017,valenced_nonopposite,utilitarian,valenced,nonopposite,-0.2,preference_control,-17.125,-30.5625,-17.124999284744263,-30.62496292591095,-17.124999284744263,-30.62496292591095,-23.87498110532761,6.749981820583344,-17.125,-30.5625,-23.84375,6.71875
qwen25_14b,28,valenced_nonopposite::utilitarian::017,valenced_nonopposite,utilitarian,valenced,nonopposite,0.0,preference_control,-4.0,-18.25,-4.013062119483948,-18.24943232536316,-4.013062119483948,-18.24943232536316,-11.131247222423552,7.118185102939606,-4.0,-18.25,-11.125,7.125
qwen25_14b,28,valenced_nonopposite::utilitarian::017,valenced_nonopposite,utilitarian,valenced,nonopposite,0.2,preference_control,8.5,0.25,8.49967110157013,0.2499980926513672,8.49967110157013,0.2499980926513672,4.374834597110748,4.124836504459381,8.5,0.25,4.375,4.125
qwen25_14b,28,valenced_nonopposite::utilitarian::017,valenced_nonopposite,utilitarian,valenced,nonopposite,0.4,preference_control,11.5,3.25,11.499947905540466,3.242917776107788,11.499947905540466,3.242917776107788,7.371432840824127,4.128515064716339,11.5,3.25,7.375,4.125
qwen25_14b,28,valenced_nonopposite::utilitarian::017,valenced_nonopposite,utilitarian,valenced,nonopposite,0.6,preference_control,11.875,1.5,11.874971389770508,1.5019508600234983,11.874971389770508,1.5019508600234983,6.688461124897003,5.186510264873505,11.875,1.5,6.6875,5.1875
qwen25_14b,28,valenced_nonopposite::utilitarian::017,valenced_nonopposite,utilitarian,valenced,nonopposite,0.8,preference_control,13.0,-0.75,12.999982714653015,-0.7539091110229492,12.999982714653015,-0.7539091110229492,6.123036801815033,6.876945912837982,13.0,-0.75,6.125,6.875
qwen25_14b,28,valenced_nonopposite::utilitarian::017,valenced_nonopposite,utilitarian,valenced,nonopposite,1.0,preference_control,12.75,-1.75,12.749980926513672,-1.753908634185791,12.749980926513672,-1.753908634185791,5.49803614616394,7.2519447803497314,12.75,-1.75,5.5,7.25
qwen25_14b,28,valenced_nonopposite::utilitarian::018,valenced_nonopposite,utilitarian,valenced,nonopposite,-1.0,preference_control,-20.375,-23.1875,-20.35705244541168,-23.2439877986908,-20.35705244541168,-23.2439877986908,-21.80052012205124,1.4434676766395569,-20.375,-23.1875,-21.78125,1.40625
qwen25_14b,28,valenced_nonopposite::utilitarian::018,valenced_nonopposite,utilitarian,valenced,nonopposite,-0.8,preference_control,-22.125,-23.875,-22.11132502555847,-23.872573614120483,-22.11132502555847,-23.872573614120483,-22.99194931983948,0.8806242942810059,-22.125,-23.875,-23.0,0.875
qwen25_14b,28,valenced_nonopposite::utilitarian::018,valenced_nonopposite,utilitarian,valenced,nonopposite,-0.6,preference_control,-23.8125,-24.4375,-23.86758136749268,-24.49979197978973,-23.86758136749268,-24.49979197978973,-24.183686673641205,0.316105306148529,-23.8125,-24.4375,-24.125,0.3125
qwen25_14b,28,valenced_nonopposite::utilitarian::018,valenced_nonopposite,utilitarian,valenced,nonopposite,-0.4,preference_control,-24.375,-26.625,-24.37054145336151,-26.62499308586121,-24.37054145336151,-26.62499308586121,-25.49776726961136,1.1272258162498474,-24.375,-26.625,-25.5,1.125
qwen25_14b,28,valenced_nonopposite::utilitarian::018,valenced_nonopposite,utilitarian,valenced,nonopposite,-0.2,preference_control,-23.25,-25.75,-23.248730421066284,-25.74999308586121,-23.248730421066284,-25.74999308586121,-24.499361753463745,1.250631332397461,-23.25,-25.75,-24.5,1.25
qwen25_14b,28,valenced_nonopposite::utilitarian::018,valenced_nonopposite,utilitarian,valenced,nonopposite,0.0,preference_control,-18.375,-14.375,-18.373819828033447,-14.374928832054138,-18.373819828033447,-14.374928832054138,-16.374374330043793,-1.9994454979896543,-18.375,-14.375,-16.375,-2.0
qwen25_14b,28,valenced_nonopposite::utilitarian::018,valenced_nonopposite,utilitarian,valenced,nonopposite,0.2,preference_control,-7.5,3.5,-7.4975669384002686,3.5006104707717896,-7.4975669384002686,3.5006104707717896,-1.9984782338142395,-5.499088704586029,-7.5,3.5,-2.0,-5.5
qwen25_14b,28,valenced_nonopposite::utilitarian::018,valenced_nonopposite,utilitarian,valenced,nonopposite,0.4,preference_control,-0.75,6.25,-0.7519351243972778,6.247894644737244,-0.7519351243972778,6.247894644737244,2.747979760169983,-3.4999148845672607,-0.75,6.25,2.75,-3.5
qwen25_14b,28,valenced_nonopposite::utilitarian::018,valenced_nonopposite,utilitarian,valenced,nonopposite,0.6,preference_control,5.0,5.25,4.990823030471802,5.244660496711731,4.990823030471802,5.244660496711731,5.117741763591766,-0.1269187331199646,5.0,5.25,5.125,-0.125
qwen25_14b,28,valenced_nonopposite::utilitarian::018,valenced_nonopposite,utilitarian,valenced,nonopposite,0.8,preference_control,8.75,4.25,8.74938678741455,4.235785126686096,8.74938678741455,4.235785126686096,6.492585957050324,2.2568008303642277,8.75,4.25,6.5,2.25
qwen25_14b,28,valenced_nonopposite::utilitarian::018,valenced_nonopposite,utilitarian,valenced,nonopposite,1.0,preference_control,10.5,3.25,10.500337600708008,3.243191719055176,10.500337600708008,3.243191719055176,6.871764659881592,3.628572940826416,10.5,3.25,6.875,3.625
qwen25_14b,28,valenced_nonopposite::utilitarian::019,valenced_nonopposite,utilitarian,valenced,nonopposite,-1.0,preference_control,-13.125,-21.5625,-13.124961018562315,-21.55469036102295,-13.124961018562315,-21.55469036102295,-17.339825689792633,4.214864671230316,-13.125,-21.5625,-17.34375,4.21875
qwen25_14b,28,valenced_nonopposite::utilitarian::019,valenced_nonopposite,utilitarian,valenced,nonopposite,-0.8,preference_control,-16.5,-21.6875,-16.499988913536072,-21.69921898841858,-16.499988913536072,-21.69921898841858,-19.099603950977325,2.5996150374412537,-16.5,-21.6875,-19.09375,2.59375
qwen25_14b,28,valenced_nonopposite::utilitarian::019,valenced_nonopposite,utilitarian,valenced,nonopposite,-0.6,preference_control,-20.375,-19.5625,-20.37499713897705,-19.5234375,-20.37499713897705,-19.5234375,-19.949217319488525,-0.4257798194885254,-20.375,-19.5625,-19.96875,-0.40625
qwen25_14b,28,valenced_nonopposite::utilitarian::019,valenced_nonopposite,utilitarian,valenced,nonopposite,-0.4,preference_control,-21.0,-16.875,-20.99999237060547,-16.9140625,-20.99999237060547,-16.9140625,-18.95702743530273,-2.0429649353027344,-21.0,-16.875,-18.9375,-2.0625
qwen25_14b,28,valenced_nonopposite::utilitarian::019,valenced_nonopposite,utilitarian,valenced,nonopposite,-0.2,preference_control,-16.25,-12.375,-16.249970316886902,-12.359375,-16.249970316886902,-12.359375,-14.304672658443453,-1.945297658443451,-16.25,-12.375,-14.3125,-1.9375
qwen25_14b,28,valenced_nonopposite::utilitarian::019,valenced_nonopposite,utilitarian,valenced,nonopposite,0.0,preference_control,-5.75,-3.0,-5.7464752197265625,-3.0078125,-5.7464752197265625,-3.0078125,-4.377143859863281,-1.3693313598632812,-5.75,-3.0,-4.375,-1.375
qwen25_14b,28,valenced_nonopposite::utilitarian::019,valenced_nonopposite,utilitarian,valenced,nonopposite,0.2,preference_control,2.25,4.25,2.2426775693893437,4.265137195587158,2.2426775693893437,4.265137195587158,3.2539073824882507,-1.0112298130989077,2.25,4.25,3.25,-1.0
qwen25_14b,28,valenced_nonopposite::utilitarian::019,valenced_nonopposite,utilitarian,valenced,nonopposite,0.4,preference_control,5.0,5.75,4.993105888366699,5.746508002281189,4.993105888366699,5.746508002281189,5.369806945323944,-0.3767010569572449,5.0,5.75,5.375,-0.375
qwen25_14b,28,valenced_nonopposite::utilitarian::019,valenced_nonopposite,utilitarian,valenced,nonopposite,0.6,preference_control,6.5,5.0,6.498422145843506,4.993134379386902,6.498422145843506,4.993134379386902,5.745778262615204,0.752643883228302,6.5,5.0,5.75,0.75
qwen25_14b,28,valenced_nonopposite::utilitarian::019,valenced_nonopposite,utilitarian,valenced,nonopposite,0.8,preference_control,7.75,4.0,7.749510407447815,4.012939810752869,7.749510407447815,4.012939810752869,5.881225109100342,1.8682852983474727,7.75,4.0,5.875,1.875
qwen25_14b,28,valenced_nonopposite::utilitarian::019,valenced_nonopposite,utilitarian,valenced,nonopposite,1.0,preference_control,8.75,2.75,8.749770402908325,2.750244379043579,8.749770402908325,2.750244379043579,5.750007390975952,2.999763011932373,8.75,2.75,5.75,3.0
qwen25_14b,28,valenced_opposite::affective::000,valenced_opposite,affective,valenced,opposite,-1.0,preference_control,-11.125,-10.375,-11.107421875,-10.359375,-11.107421875,-10.359375,-10.7333984375,-0.3740234375,-11.125,-10.375,-10.75,-0.375
qwen25_14b,28,valenced_opposite::affective::000,valenced_opposite,affective,valenced,opposite,-0.8,preference_control,-13.875,-10.375,-13.85791015625,-10.3984375,-13.85791015625,-10.3984375,-12.128173828125,-1.729736328125,-13.875,-10.375,-12.125,-1.75
qwen25_14b,28,valenced_opposite::affective::000,valenced_opposite,affective,valenced,opposite,-0.6,preference_control,-16.125,-11.875,-16.123458862304688,-11.8671875,-16.123458862304688,-11.8671875,-13.995323181152344,-2.128135681152344,-16.125,-11.875,-14.0,-2.125
qwen25_14b,28,valenced_opposite::affective::000,valenced_opposite,affective,valenced,opposite,-0.4,preference_control,-17.125,-12.75,-17.123985290527344,-12.771728515625,-17.123985290527344,-12.771728515625,-14.947856903076172,-2.176128387451172,-17.125,-12.75,-14.9375,-2.1875
qwen25_14b,28,valenced_opposite::affective::000,valenced_opposite,affective,valenced,opposite,-0.2,preference_control,-16.125,-10.625,-16.118743896484375,-10.593994140625,-16.118743896484375,-10.593994140625,-13.356369018554688,-2.7623748779296875,-16.125,-10.625,-13.375,-2.75
qwen25_14b,28,valenced_opposite::affective::000,valenced_opposite,affective,valenced,opposite,0.0,preference_control,-13.25,-4.625,-13.2783203125,-4.611328125,-13.2783203125,-4.611328125,-8.94482421875,-4.33349609375,-13.25,-4.625,-8.9375,-4.3125
qwen25_14b,28,valenced_opposite::affective::000,valenced_opposite,affective,valenced,opposite,0.2,preference_control,-3.375,2.5,-3.359375,2.49609375,-3.359375,2.49609375,-0.431640625,-2.927734375,-3.375,2.5,-0.4375,-2.9375
qwen25_14b,28,valenced_opposite::affective::000,valenced_opposite,affective,valenced,opposite,0.4,preference_control,6.0,5.5,5.99468994140625,5.495758056640625,5.99468994140625,5.495758056640625,5.7452239990234375,0.2494659423828125,6.0,5.5,5.75,0.25
qwen25_14b,28,valenced_opposite::affective::000,valenced_opposite,affective,valenced,opposite,0.6,preference_control,10.0,7.5,9.99994683265686,7.499439239501953,9.99994683265686,7.499439239501953,8.749693036079407,1.2502537965774536,10.0,7.5,8.75,1.25
qwen25_14b,28,valenced_opposite::affective::000,valenced_opposite,affective,valenced,opposite,0.8,preference_control,12.25,9.25,12.249993205070496,9.249902725219728,12.249993205070496,9.249902725219728,10.749947965145113,1.5000452399253843,12.25,9.25,10.75,1.5
qwen25_14b,28,valenced_opposite::affective::000,valenced_opposite,affective,valenced,opposite,1.0,preference_control,12.75,9.5,12.749996185302734,9.499924659729004,12.749996185302734,9.499924659729004,11.12496042251587,1.6250357627868652,12.75,9.5,11.125,1.625
qwen25_14b,28,valenced_opposite::affective::001,valenced_opposite,affective,valenced,opposite,-1.0,preference_control,-18.0,-26.8125,-17.999979496002197,-26.87442779541016,-17.999979496002197,-26.87442779541016,-22.437203645706177,4.43722414970398,-18.0,-26.8125,-22.40625,4.40625
qwen25_14b,28,valenced_opposite::affective::001,valenced_opposite,affective,valenced,opposite,-0.8,preference_control,-17.75,-26.1875,-17.749996066093445,-26.249879837036133,-17.749996066093445,-26.249879837036133,-21.99993795156479,4.249941885471344,-17.75,-26.1875,-21.96875,4.21875
qwen25_14b,28,valenced_opposite::affective::001,valenced_opposite,affective,valenced,opposite,-0.6,preference_control,-16.0,-25.25,-15.999997973442078,-25.24998962879181,-15.999997973442078,-25.24998962879181,-20.624993801116943,4.624995827674866,-16.0,-25.25,-20.625,4.625
qwen25_14b,28,valenced_opposite::affective::001,valenced_opposite,affective,valenced,opposite,-0.4,preference_control,-13.25,-21.0,-13.249995231628418,-20.99997365474701,-13.249995231628418,-20.99997365474701,-17.124984443187714,3.874989211559296,-13.25,-21.0,-17.125,3.875
qwen25_14b,28,valenced_opposite::affective::001,valenced_opposite,affective,valenced,opposite,-0.2,preference_control,-9.875,-12.375,-9.874930739402773,-12.370818972587584,-9.874930739402773,-12.370818972587584,-11.122874855995178,1.2479441165924072,-9.875,-12.375,-11.125,1.25
qwen25_14b,28,valenced_opposite::affective::001,valenced_opposite,affective,valenced,opposite,0.0,preference_control,-5.25,-3.25,-5.244659185409546,-3.242187023162842,-5.244659185409546,-3.242187023162842,-4.243423104286194,-1.001236081123352,-5.25,-3.25,-4.25,-1.0
qwen25_14b,28,valenced_opposite::affective::001,valenced_opposite,affective,valenced,opposite,0.2,preference_control,8.5,4.0,8.499790072441101,4.012452483177185,8.499790072441101,4.012452483177185,6.256121277809143,2.243668794631958,8.5,4.0,6.25,2.25
qwen25_14b,28,valenced_opposite::affective::001,valenced_opposite,affective,valenced,opposite,0.4,preference_control,16.375,6.5,16.375004410743713,6.498438239097595,16.375004410743713,6.498438239097595,11.436721324920654,4.938283085823059,16.375,6.5,11.4375,4.9375
qwen25_14b,28,valenced_opposite::affective::001,valenced_opposite,affective,valenced,opposite,0.6,preference_control,17.375,7.0,17.37500774860382,6.9990832805633545,17.37500774860382,6.9990832805633545,12.187045514583588,5.187962234020233,17.375,7.0,12.1875,5.1875
qwen25_14b,28,valenced_opposite::affective::001,valenced_opposite,affective,valenced,opposite,0.8,preference_control,16.875,7.25,16.87501811981201,7.249292254447937,16.87501811981201,7.249292254447937,12.062155187129974,4.812862932682037,16.875,7.25,12.0625,4.8125
qwen25_14b,28,valenced_opposite::affective::001,valenced_opposite,affective,valenced,opposite,1.0,preference_control,15.375,6.75,15.375032544136047,6.748836636543274,15.375032544136047,6.748836636543274,11.06193459033966,4.313097953796387,15.375,6.75,11.0625,4.3125
qwen25_14b,28,valenced_opposite::affective::002,valenced_opposite,affective,valenced,opposite,-1.0,preference_control,11.0,-13.375,10.984375953674316,-13.36718213558197,10.984375953674316,-13.36718213558197,-1.191403090953827,12.175779044628143,11.0,-13.375,-1.1875,12.1875
qwen25_14b,28,valenced_opposite::affective::002,valenced_opposite,affective,valenced,opposite,-0.8,preference_control,12.75,-9.25,12.770265102386476,-9.234373927116394,12.770265102386476,-9.234373927116394,1.7679455876350405,11.002319514751434,12.75,-9.25,1.75,11.0
qwen25_14b,28,valenced_opposite::affective::002,valenced_opposite,affective,valenced,opposite,-0.6,preference_control,14.0,-6.875,13.999450206756592,-6.876952886581421,13.999450206756592,-6.876952886581421,3.561248660087585,10.438201546669006,14.0,-6.875,3.5625,10.4375
qwen25_14b,28,valenced_opposite::affective::002,valenced_opposite,affective,valenced,opposite,-0.4,preference_control,17.875,-3.25,17.874974250793457,-3.254882574081421,17.874974250793457,-3.254882574081421,7.310045838356018,10.56492841243744,17.875,-3.25,7.3125,10.5625
qwen25_14b,28,valenced_opposite::affective::002,valenced_opposite,affective,valenced,opposite,-0.2,preference_control,21.375,4.5,21.37502145767212,4.513306975364685,21.37502145767212,4.513306975364685,12.944164216518402,8.430857241153717,21.375,4.5,12.9375,8.4375
qwen25_14b,28,valenced_opposite::affective::002,valenced_opposite,affective,valenced,opposite,0.0,preference_control,21.25,13.875,21.25012576580048,13.874965071678162,21.25012576580048,13.874965071678162,17.56254541873932,3.687580347061157,21.25,13.875,17.5625,3.6875
qwen25_14b,28,valenced_opposite::affective::002,valenced_opposite,affective,valenced,opposite,0.2,preference_control,19.75,12.0,19.75034499168396,12.000081419944763,19.75034499168396,12.000081419944763,15.875213205814362,3.8751317858695984,19.75,12.0,15.875,3.875
qwen25_14b,28,valenced_opposite::affective::002,valenced_opposite,affective,valenced,opposite,0.4,preference_control,18.625,7.5,18.6251802444458,7.4994683265686035,18.6251802444458,7.4994683265686035,13.062324285507202,5.562855958938599,18.625,7.5,13.0625,5.5625
qwen25_14b,28,valenced_opposite::affective::002,valenced_opposite,affective,valenced,opposite,0.6,preference_control,18.25,4.5,18.250155568122864,4.489012002944946,18.250155568122864,4.489012002944946,11.369583785533903,6.880571782588959,18.25,4.5,11.375,6.875
qwen25_14b,28,valenced_opposite::affective::002,valenced_opposite,affective,valenced,opposite,0.8,preference_control,17.375,2.5,17.37520730495453,2.4991108179092407,17.37520730495453,2.4991108179092407,9.937159061431885,7.438048243522644,17.375,2.5,9.9375,7.4375
qwen25_14b,28,valenced_opposite::affective::002,valenced_opposite,affective,valenced,opposite,1.0,preference_control,15.5,1.25,15.500198006629944,1.248192548751831,15.500198006629944,1.248192548751831,8.374195277690887,7.126002728939056,15.5,1.25,8.375,7.125
qwen25_14b,28,valenced_opposite::affective::003,valenced_opposite,affective,valenced,opposite,-1.0,preference_control,-12.125,-26.4375,-12.1080322265625,-26.480085015296936,-12.1080322265625,-26.480085015296936,-19.29405862092972,7.186026394367218,-12.125,-26.4375,-19.28125,7.15625
qwen25_14b,28,valenced_opposite::affective::003,valenced_opposite,affective,valenced,opposite,-0.8,preference_control,-15.375,-24.6875,-15.371490478515623,-24.675289750099186,-15.371490478515623,-24.675289750099186,-20.023390114307404,4.651899635791779,-15.375,-24.6875,-20.03125,4.65625
qwen25_14b,28,valenced_opposite::affective::003,valenced_opposite,affective,valenced,opposite,-0.6,preference_control,-17.625,-20.6875,-17.620819091796875,-20.718748807907104,-17.620819091796875,-20.718748807907104,-19.16978394985199,1.5489648580551147,-17.625,-20.6875,-19.15625,1.53125
qwen25_14b,28,valenced_opposite::affective::003,valenced_opposite,affective,valenced,opposite,-0.4,preference_control,-15.25,-16.9375,-15.247970581054688,-16.87890589237213,-15.247970581054688,-16.87890589237213,-16.06343823671341,0.8154676556587219,-15.25,-16.9375,-16.09375,0.84375
qwen25_14b,28,valenced_opposite::affective::003,valenced_opposite,affective,valenced,opposite,-0.2,preference_control,-11.875,-13.875,-11.87304675579071,-13.812499642372131,-11.87304675579071,-13.812499642372131,-12.84277319908142,0.9697264432907104,-11.875,-13.875,-12.875,1.0
qwen25_14b,28,valenced_opposite::affective::003,valenced_opposite,affective,valenced,opposite,0.0,preference_control,-9.125,-10.0,-9.09472644329071,-10.015624523162842,-9.09472644329071,-10.015624523162842,-9.555175483226776,0.4604490399360657,-9.125,-10.0,-9.5625,0.4375
qwen25_14b,28,valenced_opposite::affective::003,valenced_opposite,affective,valenced,opposite,0.2,preference_control,-0.25,-3.0,-0.2499998807907104,-2.996092438697815,-0.2499998807907104,-2.996092438697815,-1.6230461597442627,1.3730462789535522,-0.25,-3.0,-1.625,1.375
qwen25_14b,28,valenced_opposite::affective::003,valenced_opposite,affective,valenced,opposite,0.4,preference_control,8.25,1.25,8.249613881111145,1.251970291137695,8.249613881111145,1.251970291137695,4.75079208612442,3.498821794986725,8.25,1.25,4.75,3.5
qwen25_14b,28,valenced_opposite::affective::003,valenced_opposite,affective,valenced,opposite,0.6,preference_control,14.875,2.75,14.875005841255188,2.750319480895996,14.875005841255188,2.750319480895996,8.812662661075592,6.062343180179596,14.875,2.75,8.8125,6.0625
qwen25_14b,28,valenced_opposite::affective::003,valenced_opposite,affective,valenced,opposite,0.8,preference_control,17.875,4.0,17.875011920928955,4.01322078704834,17.875011920928955,4.01322078704834,10.944116353988647,6.930895566940308,17.875,4.0,10.9375,6.9375
qwen25_14b,28,valenced_opposite::affective::003,valenced_opposite,affective,valenced,opposite,1.0,preference_control,17.75,4.5,17.75001811981201,4.489076614379883,17.75001811981201,4.489076614379883,11.119547367095947,6.6304707527160645,17.75,4.5,11.125,6.625
qwen25_14b,28,valenced_opposite::affective::004,valenced_opposite,affective,valenced,opposite,-1.0,preference_control,-9.5,-20.625,-9.495517015457152,-20.62482249736786,-9.495517015457152,-20.62482249736786,-15.060169756412506,5.564652740955353,-9.5,-20.625,-15.0625,5.5625
qwen25_14b,28,valenced_opposite::affective::004,valenced_opposite,affective,valenced,opposite,-0.8,preference_control,-12.125,-20.125,-12.124571800231934,-20.124889254570007,-12.124571800231934,-20.124889254570007,-16.12473052740097,4.000158727169037,-12.125,-20.125,-16.125,4.0
qwen25_14b,28,valenced_opposite::affective::004,valenced_opposite,affective,valenced,opposite,-0.6,preference_control,-13.625,-21.0,-13.624842643737791,-20.99967670440674,-13.624842643737791,-20.99967670440674,-17.312259674072266,3.6874170303344727,-13.625,-21.0,-17.3125,3.6875
qwen25_14b,28,valenced_opposite::affective::004,valenced_opposite,affective,valenced,opposite,-0.4,preference_control,-12.5,-20.0,-12.499799132347109,-19.999237418174744,-12.499799132347109,-19.999237418174744,-16.249518275260925,3.7497191429138175,-12.5,-20.0,-16.25,3.75
qwen25_14b,28,valenced_opposite::affective::004,valenced_opposite,affective,valenced,opposite,-0.2,preference_control,-8.875,-15.375,-8.871124625205994,-15.366713881492617,-8.871124625205994,-15.366713881492617,-12.118919253349304,3.2477946281433105,-8.875,-15.375,-12.125,3.25
qwen25_14b,28,valenced_opposite::affective::004,valenced_opposite,affective,valenced,opposite,0.0,preference_control,-1.25,-6.5,-1.253906011581421,-6.503417491912842,-1.253906011581421,-6.503417491912842,-3.8786617517471313,2.6247557401657104,-1.25,-6.5,-3.875,2.625
qwen25_14b,28,valenced_opposite::affective::004,valenced_opposite,affective,valenced,opposite,0.2,preference_control,11.125,2.25,11.124636054039,2.2514641284942627,11.124636054039,2.2514641284942627,6.688050091266632,4.436585962772369,11.125,2.25,6.6875,4.4375
qwen25_14b,28,valenced_opposite::affective::004,valenced_opposite,affective,valenced,opposite,0.4,preference_control,15.25,3.25,15.249995350837708,3.243163585662842,15.249995350837708,3.243163585662842,9.246579468250276,6.003415882587433,15.25,3.25,9.25,6.0
qwen25_14b,28,valenced_opposite::affective::004,valenced_opposite,affective,valenced,opposite,0.6,preference_control,16.25,2.5,16.24999749660492,2.499023079872132,16.24999749660492,2.499023079872132,9.374510288238524,6.875487208366394,16.25,2.5,9.375,6.875
qwen25_14b,28,valenced_opposite::affective::004,valenced_opposite,affective,valenced,opposite,0.8,preference_control,17.25,1.75,17.249998450279236,1.753906011581421,17.249998450279236,1.753906011581421,9.501952230930328,7.7480462193489075,17.25,1.75,9.5,7.75
qwen25_14b,28,valenced_opposite::affective::004,valenced_opposite,affective,valenced,opposite,1.0,preference_control,17.375,2.0,17.3749977350235,1.9980463981628416,17.3749977350235,1.9980463981628416,9.68652206659317,7.688475668430328,17.375,2.0,9.6875,7.6875
qwen25_14b,28,valenced_opposite::affective::005,valenced_opposite,affective,valenced,opposite,-1.0,preference_control,-23.875,-27.5,-23.874794840812683,-27.48547303676605,-23.874794840812683,-27.48547303676605,-25.680133938789368,1.8053390979766848,-23.875,-27.5,-25.6875,1.8125
qwen25_14b,28,valenced_opposite::affective::005,valenced_opposite,affective,valenced,opposite,-0.8,preference_control,-27.0,-24.625,-27.0,-24.624936938285828,-27.0,-24.624936938285828,-25.812468469142917,-1.1875315308570862,-27.0,-24.625,-25.8125,-1.1875
qwen25_14b,28,valenced_opposite::affective::005,valenced_opposite,affective,valenced,opposite,-0.6,preference_control,-28.125,-22.25,-28.125,-22.24999976158142,-28.125,-22.24999976158142,-25.18749988079071,-2.9375001192092896,-28.125,-22.25,-25.1875,-2.9375
qwen25_14b,28,valenced_opposite::affective::005,valenced_opposite,affective,valenced,opposite,-0.4,preference_control,-27.875,-21.5,-27.87499976158142,-21.49999988079071,-27.87499976158142,-21.49999988079071,-24.687499821186066,-3.1874999403953552,-27.875,-21.5,-24.6875,-3.1875
qwen25_14b,28,valenced_opposite::affective::005,valenced_opposite,affective,valenced,opposite,-0.2,preference_control,-22.875,-15.5,-22.87499976158142,-15.499999642372131,-22.87499976158142,-15.499999642372131,-19.187499701976776,-3.6875000596046448,-22.875,-15.5,-19.1875,-3.6875
qwen25_14b,28,valenced_opposite::affective::005,valenced_opposite,affective,valenced,opposite,0.0,preference_control,-10.25,-4.0,-10.24996256828308,-4.013061165809631,-10.24996256828308,-4.013061165809631,-7.131511867046356,-3.118450701236725,-10.25,-4.0,-7.125,-3.125
qwen25_14b,28,valenced_opposite::affective::005,valenced_opposite,affective,valenced,opposite,0.2,preference_control,2.5,3.0,2.499023675918579,2.998291850090027,2.499023675918579,2.998291850090027,2.748657763004303,-0.2496340870857238,2.5,3.0,2.75,-0.25
qwen25_14b,28,valenced_opposite::affective::005,valenced_opposite,affective,valenced,opposite,0.4,preference_control,8.0,4.25,7.999662637710571,4.235840439796448,7.999662637710571,4.235840439796448,6.1177515387535095,1.8819110989570615,8.0,4.25,6.125,1.875
qwen25_14b,28,valenced_opposite::affective::005,valenced_opposite,affective,valenced,opposite,0.6,preference_control,11.5,4.5,11.499988555908203,4.488953113555908,11.499988555908203,4.488953113555908,7.994470834732056,3.5055177211761475,11.5,4.5,8.0,3.5
qwen25_14b,28,valenced_opposite::affective::005,valenced_opposite,affective,valenced,opposite,0.8,preference_control,13.25,5.0,13.24999737739563,4.993286609649658,13.24999737739563,4.993286609649658,9.121641993522644,4.128355383872986,13.25,5.0,9.125,4.125
qwen25_14b,28,valenced_opposite::affective::005,valenced_opposite,affective,valenced,opposite,1.0,preference_control,14.125,4.25,14.12499988079071,4.235840678215027,14.12499988079071,4.235840678215027,9.180420279502869,4.944579601287842,14.125,4.25,9.1875,4.9375
qwen25_14b,28,valenced_opposite::affective::006,valenced_opposite,affective,valenced,opposite,-1.0,preference_control,-14.875,-28.0625,-14.871274709701538,-28.058518528938293,-14.871274709701538,-28.058518528938293,-21.46489661931992,6.593621909618378,-14.875,-28.0625,-21.46875,6.59375
qwen25_14b,28,valenced_opposite::affective::006,valenced_opposite,affective,valenced,opposite,-0.8,preference_control,-18.75,-28.6875,-18.749911904335026,-28.743959665298465,-18.749911904335026,-28.743959665298465,-23.746935784816745,4.99702388048172,-18.75,-28.6875,-23.71875,4.96875
qwen25_14b,28,valenced_opposite::affective::006,valenced_opposite,affective,valenced,opposite,-0.6,preference_control,-23.75,-27.6875,-23.74992287158966,-27.695005655288696,-23.74992287158966,-27.695005655288696,-25.72246426343918,1.9725413918495176,-23.75,-27.6875,-25.71875,1.96875
qwen25_14b,28,valenced_opposite::affective::006,valenced_opposite,affective,valenced,opposite,-0.4,preference_control,-26.75,-24.375,-26.749889373779297,-24.431307554244995,-26.749889373779297,-24.431307554244995,-25.590598464012142,-1.1592909097671509,-26.75,-24.375,-25.5625,-1.1875
qwen25_14b,28,valenced_opposite::affective::006,valenced_opposite,affective,valenced,opposite,-0.2,preference_control,-24.0,-17.0625,-23.99971079826355,-17.04860830307007,-23.99971079826355,-17.04860830307007,-20.52415955066681,-3.4755512475967407,-24.0,-17.0625,-20.53125,-3.46875
qwen25_14b,28,valenced_opposite::affective::006,valenced_opposite,affective,valenced,opposite,0.0,preference_control,-13.375,-1.875,-13.37362253665924,-1.8854807615280151,-13.37362253665924,-1.8854807615280151,-7.629551649093628,-5.744070887565613,-13.375,-1.875,-7.625,-5.75
qwen25_14b,28,valenced_opposite::affective::006,valenced_opposite,affective,valenced,opposite,0.2,preference_control,0.75,3.25,0.749152660369873,3.247739195823669,0.749152660369873,3.247739195823669,1.9984459280967712,-1.2492932677268982,0.75,3.25,2.0,-1.25
qwen25_14b,28,valenced_opposite::affective::006,valenced_opposite,affective,valenced,opposite,0.4,preference_control,6.0,2.0,5.998023986816406,1.998363256454468,5.998023986816406,1.998363256454468,3.998193621635437,1.9998303651809688,6.0,2.0,4.0,2.0
qwen25_14b,28,valenced_opposite::affective::006,valenced_opposite,affective,valenced,opposite,0.6,preference_control,8.5,0.25,8.500061988830566,0.2500704526901245,8.500061988830566,0.2500704526901245,4.3750662207603455,4.124995768070221,8.5,0.25,4.375,4.125
qwen25_14b,28,valenced_opposite::affective::006,valenced_opposite,affective,valenced,opposite,0.8,preference_control,10.25,-1.0,10.250131607055664,-0.9999655485153198,10.250131607055664,-0.9999655485153198,4.625083029270172,5.625048577785492,10.25,-1.0,4.625,5.625
qwen25_14b,28,valenced_opposite::affective::006,valenced_opposite,affective,valenced,opposite,1.0,preference_control,10.5,-2.25,10.500091671943665,-2.2436307668685918,10.500091671943665,-2.2436307668685918,4.128230452537537,6.371861219406128,10.5,-2.25,4.125,6.375
qwen25_14b,28,valenced_opposite::affective::007,valenced_opposite,affective,valenced,opposite,-1.0,preference_control,-25.25,-33.625,-25.3746395111084,-33.94632172584534,-25.3746395111084,-33.94632172584534,-29.660480618476868,4.285841107368469,-25.25,-33.625,-29.4375,4.1875
qwen25_14b,28,valenced_opposite::affective::007,valenced_opposite,affective,valenced,opposite,-0.8,preference_control,-29.375,-36.5,-29.625013828277588,-36.49997341632843,-29.625013828277588,-36.49997341632843,-33.06249362230301,3.437479794025421,-29.375,-36.5,-32.9375,3.5625
qwen25_14b,28,valenced_opposite::affective::007,valenced_opposite,affective,valenced,opposite,-0.6,preference_control,-32.625,-36.375,-32.75000786781311,-36.00000011920929,-32.75000786781311,-36.00000011920929,-34.3750039935112,1.6249961256980896,-32.625,-36.375,-34.5,1.875
qwen25_14b,28,valenced_opposite::affective::007,valenced_opposite,affective,valenced,opposite,-0.4,preference_control,-33.375,-34.125,-33.250003814697266,-34.5,-33.250003814697266,-34.5,-33.87500190734863,0.6249980926513672,-33.375,-34.125,-33.75,0.375
qwen25_14b,28,valenced_opposite::affective::007,valenced_opposite,affective,valenced,opposite,-0.2,preference_control,-28.125,-29.0,-27.750000834465027,-28.49999988079071,-27.750000834465027,-28.49999988079071,-28.12500035762787,0.3749995231628418,-28.125,-29.0,-28.5625,0.4375
qwen25_14b,28,valenced_opposite::affective::007,valenced_opposite,affective,valenced,opposite,0.0,preference_control,-11.375,-18.5,-11.12497580051422,-18.249998211860657,-11.12497580051422,-18.249998211860657,-14.68748700618744,3.5625112056732178,-11.375,-18.5,-14.9375,3.5625
qwen25_14b,28,valenced_opposite::affective::007,valenced_opposite,affective,valenced,opposite,0.2,preference_control,5.25,-4.5,5.24469006061554,-4.23577880859375,5.24469006061554,-4.23577880859375,0.5044556260108948,4.740234434604645,5.25,-4.5,0.375,4.875
qwen25_14b,28,valenced_opposite::affective::007,valenced_opposite,affective,valenced,opposite,0.4,preference_control,11.25,1.5,10.749917149543762,1.998046875,10.749917149543762,1.998046875,6.373982012271881,4.375935137271881,11.25,1.5,6.375,4.875
qwen25_14b,28,valenced_opposite::affective::007,valenced_opposite,affective,valenced,opposite,0.6,preference_control,13.875,2.5,13.999963760375977,2.997802734375,13.999963760375977,2.997802734375,8.498883247375488,5.501080513000488,13.875,2.5,8.1875,5.6875
qwen25_14b,28,valenced_opposite::affective::007,valenced_opposite,affective,valenced,opposite,0.8,preference_control,15.875,2.0,15.499954223632812,1.9980469942092896,15.499954223632812,1.9980469942092896,8.749000608921051,6.7509536147117615,15.875,2.0,8.9375,6.9375
qwen25_14b,28,valenced_opposite::affective::007,valenced_opposite,affective,valenced,opposite,1.0,preference_control,17.125,1.0,16.374964356422424,0.998046875,16.374964356422424,0.998046875,8.686505615711212,7.688458740711212,17.125,1.0,9.0625,8.0625
qwen25_14b,28,valenced_opposite::affective::008,valenced_opposite,affective,valenced,opposite,-1.0,preference_control,-1.75,-11.75,-1.75,-11.75,-1.75,-11.75,-6.75,5.0,-1.75,-11.75,-6.75,5.0
qwen25_14b,28,valenced_opposite::affective::008,valenced_opposite,affective,valenced,opposite,-0.8,preference_control,-2.875,-12.375,-2.875,-12.4375,-2.875,-12.4375,-7.65625,4.78125,-2.875,-12.375,-7.625,4.75
qwen25_14b,28,valenced_opposite::affective::008,valenced_opposite,affective,valenced,opposite,-0.6,preference_control,-4.75,-12.25,-4.7578125,-12.2705078125,-4.7578125,-12.2705078125,-8.51416015625,3.75634765625,-4.75,-12.25,-8.5,3.75
qwen25_14b,28,valenced_opposite::affective::008,valenced_opposite,affective,valenced,opposite,-0.4,preference_control,-6.25,-11.75,-6.24542236328125,-11.746841430664062,-6.24542236328125,-11.746841430664062,-8.996131896972656,2.7507095336914062,-6.25,-11.75,-9.0,2.75
qwen25_14b,28,valenced_opposite::affective::008,valenced_opposite,affective,valenced,opposite,-0.2,preference_control,-5.0,-8.5,-4.98681640625,-8.48797607421875,-4.98681640625,-8.48797607421875,-6.737396240234375,1.750579833984375,-5.0,-8.5,-6.75,1.75
qwen25_14b,28,valenced_opposite::affective::008,valenced_opposite,affective,valenced,opposite,0.0,preference_control,1.25,-1.75,1.25,-1.7509765625,1.25,-1.7509765625,-0.25048828125,1.50048828125,1.25,-1.75,-0.25,1.5
qwen25_14b,28,valenced_opposite::affective::008,valenced_opposite,affective,valenced,opposite,0.2,preference_control,11.75,4.75,11.749969720840454,4.7398681640625,11.749969720840454,4.7398681640625,8.244918942451477,3.505050778388977,11.75,4.75,8.25,3.5
qwen25_14b,28,valenced_opposite::affective::008,valenced_opposite,affective,valenced,opposite,0.4,preference_control,18.25,5.25,18.24999976158142,5.24468994140625,18.24999976158142,5.24468994140625,11.747344851493835,6.5026549100875854,18.25,5.25,11.75,6.5
qwen25_14b,28,valenced_opposite::affective::008,valenced_opposite,affective,valenced,opposite,0.6,preference_control,20.375,4.25,20.375,4.23583984375,20.375,4.23583984375,12.305419921875,8.069580078125,20.375,4.25,12.3125,8.0625
qwen25_14b,28,valenced_opposite::affective::008,valenced_opposite,affective,valenced,opposite,0.8,preference_control,20.75,3.25,20.75,3.2431640625,20.75,3.2431640625,11.99658203125,8.75341796875,20.75,3.25,12.0,8.75
qwen25_14b,28,valenced_opposite::affective::008,valenced_opposite,affective,valenced,opposite,1.0,preference_control,19.875,3.0,19.875,2.998291015625,19.875,2.998291015625,11.4366455078125,8.4383544921875,19.875,3.0,11.4375,8.4375
qwen25_14b,28,valenced_opposite::affective::009,valenced_opposite,affective,valenced,opposite,-1.0,preference_control,-4.0,-16.25,-4.0130615234375,-16.25878882408142,-4.0130615234375,-16.25878882408142,-10.13592517375946,6.12286365032196,-4.0,-16.25,-10.125,6.125
qwen25_14b,28,valenced_opposite::affective::009,valenced_opposite,affective,valenced,opposite,-0.8,preference_control,-6.0,-15.0,-5.997528076171875,-15.012451171875,-5.997528076171875,-15.012451171875,-10.504989624023438,4.5074615478515625,-6.0,-15.0,-10.5,4.5
qwen25_14b,28,valenced_opposite::affective::009,valenced_opposite,affective,valenced,opposite,-0.6,preference_control,-6.75,-14.75,-6.748832702636719,-14.748397827148438,-6.748832702636719,-14.748397827148438,-10.748615264892578,3.9997825622558594,-6.75,-14.75,-10.75,4.0
qwen25_14b,28,valenced_opposite::affective::009,valenced_opposite,affective,valenced,opposite,-0.4,preference_control,-6.0,-13.25,-5.997528076171875,-13.248779296875,-5.997528076171875,-13.248779296875,-9.623153686523438,3.6256256103515625,-6.0,-13.25,-9.625,3.625
qwen25_14b,28,valenced_opposite::affective::009,valenced_opposite,affective,valenced,opposite,-0.2,preference_control,-5.25,-5.5,-5.2447509765625,-5.51257312297821,-5.2447509765625,-5.51257312297821,-5.378662049770355,0.1339110732078552,-5.25,-5.5,-5.375,0.125
qwen25_14b,28,valenced_opposite::affective::009,valenced_opposite,affective,valenced,opposite,0.0,preference_control,0.0,3.75,0.0,3.7567139863967896,0.0,3.7567139863967896,1.8783569931983948,-1.8783569931983948,0.0,3.75,1.875,-1.875
qwen25_14b,28,valenced_opposite::affective::009,valenced_opposite,affective,valenced,opposite,0.2,preference_control,9.25,7.5,9.249903202056885,7.499427795410156,9.249903202056885,7.499427795410156,8.37466549873352,0.8752377033233643,9.25,7.5,8.375,0.875
qwen25_14b,28,valenced_opposite::affective::009,valenced_opposite,affective,valenced,opposite,0.4,preference_control,12.0,4.5,11.999993443489076,4.48895263671875,11.999993443489076,4.48895263671875,8.244473040103912,3.7555204033851615,12.0,4.5,8.25,3.75
qwen25_14b,28,valenced_opposite::affective::009,valenced_opposite,affective,valenced,opposite,0.6,preference_control,13.0,2.0,12.999997615814207,1.998046875,12.999997615814207,1.998046875,7.499022245407104,5.5009753704071045,13.0,2.0,7.5,5.5
qwen25_14b,28,valenced_opposite::affective::009,valenced_opposite,affective,valenced,opposite,0.8,preference_control,13.75,0.75,13.749998807907104,0.75390625,13.749998807907104,0.75390625,7.251952528953552,6.498046278953552,13.75,0.75,7.25,6.5
qwen25_14b,28,valenced_opposite::affective::009,valenced_opposite,affective,valenced,opposite,1.0,preference_control,13.25,-0.25,13.249997973442078,-0.25,13.249997973442078,-0.25,6.499998986721039,6.749998986721039,13.25,-0.25,6.5,6.75
qwen25_14b,28,valenced_opposite::affective::010,valenced_opposite,affective,valenced,opposite,-1.0,preference_control,-15.375,-19.625,-15.374868392944336,-19.6748046875,-15.374868392944336,-19.6748046875,-17.524836540222168,2.149968147277832,-15.375,-19.625,-17.5,2.125
qwen25_14b,28,valenced_opposite::affective::010,valenced_opposite,affective,valenced,opposite,-0.8,preference_control,-20.75,-17.375,-20.749999165534973,-17.3685302734375,-20.749999165534973,-17.3685302734375,-19.05926471948624,-1.6907344460487366,-20.75,-17.375,-19.0625,-1.6875
qwen25_14b,28,valenced_opposite::affective::010,valenced_opposite,affective,valenced,opposite,-0.6,preference_control,-25.125,-17.625,-25.125,-17.624723434448242,-25.125,-17.624723434448242,-21.37486171722412,-3.750138282775879,-25.125,-17.625,-21.375,-3.75
qwen25_14b,28,valenced_opposite::affective::010,valenced_opposite,affective,valenced,opposite,-0.4,preference_control,-27.25,-17.25,-27.24999988079071,-17.249923706054688,-27.24999988079071,-17.249923706054688,-22.2499617934227,-5.000038087368012,-27.25,-17.25,-22.25,-5.0
qwen25_14b,28,valenced_opposite::affective::010,valenced_opposite,affective,valenced,opposite,-0.2,preference_control,-22.0,-10.875,-21.999996304512024,-10.874639511108398,-21.999996304512024,-10.874639511108398,-16.43731790781021,-5.562678396701813,-22.0,-10.875,-16.4375,-5.5625
qwen25_14b,28,valenced_opposite::affective::010,valenced_opposite,affective,valenced,opposite,0.0,preference_control,-5.5,-0.25,-5.495574951171875,-0.25,-5.495574951171875,-0.25,-2.872787475585937,-2.622787475585937,-5.5,-0.25,-2.875,-2.625
qwen25_14b,28,valenced_opposite::affective::010,valenced_opposite,affective,valenced,opposite,0.2,preference_control,8.25,6.5,8.249678015708923,6.4983978271484375,8.249678015708923,6.4983978271484375,7.37403792142868,0.8756400942802429,8.25,6.5,7.375,0.875
qwen25_14b,28,valenced_opposite::affective::010,valenced_opposite,affective,valenced,opposite,0.4,preference_control,13.375,7.0,13.37499713897705,6.999076962471008,13.37499713897705,6.999076962471008,10.18703705072403,3.187960088253021,13.375,7.0,10.1875,3.1875
qwen25_14b,28,valenced_opposite::affective::010,valenced_opposite,affective,valenced,opposite,0.6,preference_control,17.375,7.75,17.375004529953003,7.7495691776275635,17.375004529953003,7.7495691776275635,12.562286853790283,4.81271767616272,17.375,7.75,12.5625,4.8125
qwen25_14b,28,valenced_opposite::affective::010,valenced_opposite,affective,valenced,opposite,0.8,preference_control,18.625,8.25,18.625022053718567,8.249739170074463,18.625022053718567,8.249739170074463,13.437380611896517,5.187641441822052,18.625,8.25,13.4375,5.1875
qwen25_14b,28,valenced_opposite::affective::010,valenced_opposite,affective,valenced,opposite,1.0,preference_control,17.125,7.0,17.125080585479736,6.999088883399963,17.125080585479736,6.999088883399963,12.06208473443985,5.062995851039887,17.125,7.0,12.0625,5.0625
qwen25_14b,28,valenced_opposite::affective::011,valenced_opposite,affective,valenced,opposite,-1.0,preference_control,8.75,-21.0625,8.781255722045898,-21.093733310699463,8.781255722045898,-21.093733310699463,-6.156238794326782,14.93749451637268,8.75,-21.0625,-6.15625,14.90625
qwen25_14b,28,valenced_opposite::affective::011,valenced_opposite,affective,valenced,opposite,-0.8,preference_control,8.5,-17.5,8.500019550323486,-17.499983072280884,8.500019550323486,-17.499983072280884,-4.499981760978699,13.000001311302183,8.5,-17.5,-4.5,13.0
qwen25_14b,28,valenced_opposite::affective::011,valenced_opposite,affective,valenced,opposite,-0.6,preference_control,9.625,-11.5,9.613303899765016,-11.499996066093445,9.613303899765016,-11.499996066093445,-0.9433460831642152,10.55664998292923,9.625,-11.5,-0.9375,10.5625
qwen25_14b,28,valenced_opposite::affective::011,valenced_opposite,affective,valenced,opposite,-0.4,preference_control,15.75,-5.75,15.77344262599945,-5.781249165534973,15.77344262599945,-5.781249165534973,4.996096730232239,10.777345895767212,15.75,-5.75,5.0,10.75
qwen25_14b,28,valenced_opposite::affective::011,valenced_opposite,affective,valenced,opposite,-0.2,preference_control,20.4375,4.25,20.41210699081421,4.250000238418579,20.41210699081421,4.250000238418579,12.331053614616394,8.081053376197815,20.4375,4.25,12.34375,8.09375
qwen25_14b,28,valenced_opposite::affective::011,valenced_opposite,affective,valenced,opposite,0.0,preference_control,22.625,12.25,22.602537274360657,12.2340087890625,22.602537274360657,12.2340087890625,17.41827303171158,5.184264242649078,22.625,12.25,17.4375,5.1875
qwen25_14b,28,valenced_opposite::affective::011,valenced_opposite,affective,valenced,opposite,0.2,preference_control,21.375,12.0,21.37483286857605,11.999831318855286,21.37483286857605,11.999831318855286,16.687332093715668,4.687500774860382,21.375,12.0,16.6875,4.6875
qwen25_14b,28,valenced_opposite::affective::011,valenced_opposite,affective,valenced,opposite,0.4,preference_control,18.875,9.5,18.874999165534973,9.499914765357971,18.874999165534973,9.499914765357971,14.187456965446472,4.687542200088501,18.875,9.5,14.1875,4.6875
qwen25_14b,28,valenced_opposite::affective::011,valenced_opposite,affective,valenced,opposite,0.6,preference_control,19.0,7.25,19.00000417232513,7.249286890029907,19.00000417232513,7.249286890029907,13.12464553117752,5.8753586411476135,19.0,7.25,13.125,5.875
qwen25_14b,28,valenced_opposite::affective::011,valenced_opposite,affective,valenced,opposite,0.8,preference_control,19.375,5.75,19.375004410743717,5.746826410293579,19.375004410743717,5.746826410293579,12.560915410518646,6.814089000225067,19.375,5.75,12.5625,6.8125
qwen25_14b,28,valenced_opposite::affective::011,valenced_opposite,affective,valenced,opposite,1.0,preference_control,18.5,4.0,18.50001037120819,4.013061881065369,18.50001037120819,4.013061881065369,11.25653612613678,7.243474245071411,18.5,4.0,11.25,7.25
qwen25_14b,28,valenced_opposite::affective::012,valenced_opposite,affective,valenced,opposite,-1.0,preference_control,-5.25,-25.5625,-5.23732602596283,-25.568824291229248,-5.23732602596283,-25.568824291229248,-15.40307515859604,10.16574913263321,-5.25,-25.5625,-15.40625,10.15625
qwen25_14b,28,valenced_opposite::affective::012,valenced_opposite,affective,valenced,opposite,-0.8,preference_control,-14.125,-26.25,-14.099140167236328,-26.244049668312076,-14.099140167236328,-26.244049668312076,-20.1715949177742,6.072454750537872,-14.125,-26.25,-20.1875,6.0625
qwen25_14b,28,valenced_opposite::affective::012,valenced_opposite,affective,valenced,opposite,-0.6,preference_control,-17.875,-24.125,-17.863251328468323,-24.123074650764465,-17.863251328468323,-24.123074650764465,-20.993162989616398,3.1299116611480717,-17.875,-24.125,-21.0,3.125
qwen25_14b,28,valenced_opposite::affective::012,valenced_opposite,affective,valenced,opposite,-0.4,preference_control,-15.625,-21.0,-15.604397535324097,-20.998249769210812,-15.604397535324097,-20.998249769210812,-18.301323652267456,2.69692611694336,-15.625,-21.0,-18.3125,2.6875
qwen25_14b,28,valenced_opposite::affective::012,valenced_opposite,affective,valenced,opposite,-0.2,preference_control,-9.75,-17.875,-9.779331922531128,-17.87367022037506,-9.779331922531128,-17.87367022037506,-13.826501071453094,4.047169148921967,-9.75,-17.875,-13.8125,4.0625
qwen25_14b,28,valenced_opposite::affective::012,valenced_opposite,affective,valenced,opposite,0.0,preference_control,-2.125,-13.25,-2.128941416740417,-13.247299671173096,-2.128941416740417,-13.247299671173096,-7.688120543956757,5.559179127216339,-2.125,-13.25,-7.6875,5.5625
qwen25_14b,28,valenced_opposite::affective::012,valenced_opposite,affective,valenced,opposite,0.2,preference_control,5.25,-2.0,5.24120819568634,-1.998081088066101,5.24120819568634,-1.998081088066101,1.6215635538101196,3.6196446418762207,5.25,-2.0,1.625,3.625
qwen25_14b,28,valenced_opposite::affective::012,valenced_opposite,affective,valenced,opposite,0.4,preference_control,9.875,2.5,9.87242078781128,2.4941351413726807,9.87242078781128,2.4941351413726807,6.18327796459198,3.6891428232192993,9.875,2.5,6.1875,3.6875
qwen25_14b,28,valenced_opposite::affective::012,valenced_opposite,affective,valenced,opposite,0.6,preference_control,11.875,2.75,11.87373399734497,2.7436506748199463,11.87373399734497,2.7436506748199463,7.308692336082458,4.565041661262512,11.875,2.75,7.3125,4.5625
qwen25_14b,28,valenced_opposite::affective::012,valenced_opposite,affective,valenced,opposite,0.8,preference_control,12.375,2.5,12.374056696891785,2.500975966453552,12.374056696891785,2.500975966453552,7.4375163316726685,4.936540365219116,12.375,2.5,7.4375,4.9375
qwen25_14b,28,valenced_opposite::affective::012,valenced_opposite,affective,valenced,opposite,1.0,preference_control,12.5,1.75,12.49896275997162,1.7480474710464478,12.49896275997162,1.7480474710464478,7.123505115509033,5.3754576444625854,12.5,1.75,7.125,5.375
qwen25_14b,28,valenced_opposite::affective::013,valenced_opposite,affective,valenced,opposite,-1.0,preference_control,-14.5,-20.5,-14.498715162277222,-20.49117374420166,-14.498715162277222,-20.49117374420166,-17.49494445323944,2.9962292909622192,-14.5,-20.5,-17.5,3.0
qwen25_14b,28,valenced_opposite::affective::013,valenced_opposite,affective,valenced,opposite,-0.8,preference_control,-18.75,-18.5,-18.91010427474976,-18.499753713607788,-18.91010427474976,-18.499753713607788,-18.70492899417877,-0.2051752805709839,-18.75,-18.5,-18.625,-0.125
qwen25_14b,28,valenced_opposite::affective::013,valenced_opposite,affective,valenced,opposite,-0.6,preference_control,-20.125,-16.875,-20.326131224632263,-16.868823528289795,-20.326131224632263,-16.868823528289795,-18.59747737646103,-1.728653848171234,-20.125,-16.875,-18.5,-1.625
qwen25_14b,28,valenced_opposite::affective::013,valenced_opposite,affective,valenced,opposite,-0.4,preference_control,-19.625,-13.875,-19.686984539031982,-13.888967394828796,-19.686984539031982,-13.888967394828796,-16.78797596693039,-2.899008572101593,-19.625,-13.875,-16.75,-2.875
qwen25_14b,28,valenced_opposite::affective::013,valenced_opposite,affective,valenced,opposite,-0.2,preference_control,-16.0,-8.375,-16.011014938354492,-8.397640228271484,-16.011014938354492,-8.397640228271484,-12.204327583312988,-3.806687355041504,-16.0,-8.375,-12.1875,-3.8125
qwen25_14b,28,valenced_opposite::affective::013,valenced_opposite,affective,valenced,opposite,0.0,preference_control,-8.75,-0.25,-8.749930024147034,-0.2500144243240356,-8.749930024147034,-0.2500144243240356,-4.499972224235535,-4.249957799911499,-8.75,-0.25,-4.5,-4.25
qwen25_14b,28,valenced_opposite::affective::013,valenced_opposite,affective,valenced,opposite,0.2,preference_control,2.25,4.5,2.2431567907333374,4.488036632537842,2.2431567907333374,4.488036632537842,3.3655967116355896,-1.1224399209022522,2.25,4.5,3.375,-1.125
qwen25_14b,28,valenced_opposite::affective::013,valenced_opposite,affective,valenced,opposite,0.4,preference_control,6.0,3.5,5.997511029243469,3.5013426542282104,5.997511029243469,3.5013426542282104,4.74942684173584,1.2480841875076294,6.0,3.5,4.75,1.25
qwen25_14b,28,valenced_opposite::affective::013,valenced_opposite,affective,valenced,opposite,0.6,preference_control,7.25,1.5,7.249289751052856,1.501953125,7.249289751052856,1.501953125,4.375621438026428,2.873668313026428,7.25,1.5,4.375,2.875
qwen25_14b,28,valenced_opposite::affective::013,valenced_opposite,affective,valenced,opposite,0.8,preference_control,8.75,-0.5,8.749841332435608,-0.498046875,8.749841332435608,-0.498046875,4.125897228717804,4.623944103717804,8.75,-0.5,4.125,4.625
qwen25_14b,28,valenced_opposite::affective::013,valenced_opposite,affective,valenced,opposite,1.0,preference_control,9.25,-1.75,9.249903917312622,-1.75390625,9.249903917312622,-1.75390625,3.747998833656311,5.501905083656311,9.25,-1.75,3.75,5.5
qwen25_14b,28,valenced_opposite::affective::014,valenced_opposite,affective,valenced,opposite,-1.0,preference_control,-11.625,-21.125,-11.6136474609375,-21.14062511920929,-11.6136474609375,-21.14062511920929,-16.377136290073395,4.763488829135895,-11.625,-21.125,-16.375,4.75
qwen25_14b,28,valenced_opposite::affective::014,valenced_opposite,affective,valenced,opposite,-0.8,preference_control,-16.0,-21.25,-15.999949932098389,-21.2218017578125,-15.999949932098389,-21.2218017578125,-18.610875844955444,2.610925912857056,-16.0,-21.25,-18.625,2.625
qwen25_14b,28,valenced_opposite::affective::014,valenced_opposite,affective,valenced,opposite,-0.6,preference_control,-17.875,-22.5,-17.874976754188538,-22.49853515625,-17.874976754188538,-22.49853515625,-20.18675595521927,2.311779201030731,-17.875,-22.5,-20.1875,2.3125
qwen25_14b,28,valenced_opposite::affective::014,valenced_opposite,affective,valenced,opposite,-0.4,preference_control,-16.0,-23.125,-15.999971389770508,-23.1245539188385,-15.999971389770508,-23.1245539188385,-19.562262654304504,3.5622912645339966,-16.0,-23.125,-19.5625,3.5625
qwen25_14b,28,valenced_opposite::affective::014,valenced_opposite,affective,valenced,opposite,-0.2,preference_control,-8.75,-18.625,-8.749769449234009,-18.62482225894928,-8.749769449234009,-18.62482225894928,-13.687295854091644,4.937526404857636,-8.75,-18.625,-13.6875,4.9375
qwen25_14b,28,valenced_opposite::affective::014,valenced_opposite,affective,valenced,opposite,0.0,preference_control,1.0,-6.25,0.9999997615814208,-6.247910022735596,0.9999997615814208,-6.247910022735596,-2.6239551305770874,3.623954892158508,1.0,-6.25,-2.625,3.625
qwen25_14b,28,valenced_opposite::affective::014,valenced_opposite,affective,valenced,opposite,0.2,preference_control,9.75,2.0,9.749940633773804,1.998046636581421,9.749940633773804,1.998046636581421,5.873993635177612,3.875946998596192,9.75,2.0,5.875,3.875
qwen25_14b,28,valenced_opposite::affective::014,valenced_opposite,affective,valenced,opposite,0.4,preference_control,12.5,2.25,12.499995589256288,2.2436522245407104,12.499995589256288,2.2436522245407104,7.371823906898498,5.128171682357788,12.5,2.25,7.375,5.125
qwen25_14b,28,valenced_opposite::affective::014,valenced_opposite,affective,valenced,opposite,0.6,preference_control,13.5,-0.25,13.4999977350235,-0.2500002384185791,13.4999977350235,-0.2500002384185791,6.62499874830246,6.874998986721039,13.5,-0.25,6.625,6.875
qwen25_14b,28,valenced_opposite::affective::014,valenced_opposite,affective,valenced,opposite,0.8,preference_control,14.125,-3.75,14.124998092651367,-3.742309808731079,14.124998092651367,-3.742309808731079,5.191344141960144,8.933653950691223,14.125,-3.75,5.1875,8.9375
qwen25_14b,28,valenced_opposite::affective::014,valenced_opposite,affective,valenced,opposite,1.0,preference_control,14.125,-5.5,14.12499725818634,-5.495880484580994,14.12499725818634,-5.495880484580994,4.314558386802673,9.810438871383669,14.125,-5.5,4.3125,9.8125
qwen25_14b,28,valenced_opposite::affective::015,valenced_opposite,affective,valenced,opposite,-1.0,preference_control,-23.125,-24.5,-23.124999284744263,-24.499993324279785,-23.124999284744263,-24.499993324279785,-23.812496304512024,0.6874970197677612,-23.125,-24.5,-23.8125,0.6875
qwen25_14b,28,valenced_opposite::affective::015,valenced_opposite,affective,valenced,opposite,-0.8,preference_control,-24.375,-22.625,-24.374998927116398,-22.624999046325684,-24.374998927116398,-22.624999046325684,-23.49999898672104,-0.8749999403953552,-24.375,-22.625,-23.5,-0.875
qwen25_14b,28,valenced_opposite::affective::015,valenced_opposite,affective,valenced,opposite,-0.6,preference_control,-23.625,-20.625,-23.624997854232788,-20.62499976158142,-23.624997854232788,-20.62499976158142,-22.124998807907104,-1.4999990463256836,-23.625,-20.625,-22.125,-1.5
qwen25_14b,28,valenced_opposite::affective::015,valenced_opposite,affective,valenced,opposite,-0.4,preference_control,-20.875,-19.375,-20.87499487400055,-19.37499988079071,-20.87499487400055,-19.37499988079071,-20.12499737739563,-0.7499974966049194,-20.875,-19.375,-20.125,-0.75
qwen25_14b,28,valenced_opposite::affective::015,valenced_opposite,affective,valenced,opposite,-0.2,preference_control,-16.375,-18.25,-16.37499463558197,-18.24999988079071,-16.37499463558197,-18.24999988079071,-17.31249725818634,0.93750262260437,-16.375,-18.25,-17.3125,0.9375
qwen25_14b,28,valenced_opposite::affective::015,valenced_opposite,affective,valenced,opposite,0.0,preference_control,-8.75,-13.75,-8.749836921691895,-13.749995470046995,-8.749836921691895,-13.749995470046995,-11.249916195869446,2.5000792741775517,-8.75,-13.75,-11.25,2.5
qwen25_14b,28,valenced_opposite::affective::015,valenced_opposite,affective,valenced,opposite,0.2,preference_control,1.0,0.0,1.0,1.1920928955078125e-07,1.0,1.1920928955078125e-07,0.5000000596046448,0.4999999403953552,1.0,0.0,0.5,0.5
qwen25_14b,28,valenced_opposite::affective::015,valenced_opposite,affective,valenced,opposite,0.4,preference_control,4.0,4.5,4.0130616426467896,4.488891839981079,4.0130616426467896,4.488891839981079,4.250976741313934,-0.2379150986671447,4.0,4.5,4.25,-0.25
qwen25_14b,28,valenced_opposite::affective::015,valenced_opposite,affective,valenced,opposite,0.6,preference_control,6.0,6.5,5.997497797012329,6.498482584953308,5.997497797012329,6.498482584953308,6.247990190982819,-0.2504923939704895,6.0,6.5,6.25,-0.25
qwen25_14b,28,valenced_opposite::affective::015,valenced_opposite,affective,valenced,opposite,0.8,preference_control,7.25,7.75,7.2492756843566895,7.749562382698059,7.2492756843566895,7.749562382698059,7.499419033527374,-0.2501433491706848,7.25,7.75,7.5,-0.25
qwen25_14b,28,valenced_opposite::affective::015,valenced_opposite,affective,valenced,opposite,1.0,preference_control,8.25,8.0,8.249733924865723,7.999660134315491,8.249733924865723,7.999660134315491,8.124697029590607,0.1250368952751159,8.25,8.0,8.125,0.125
qwen25_14b,28,valenced_opposite::affective::016,valenced_opposite,affective,valenced,opposite,-1.0,preference_control,-5.625,-12.5,-5.636735439300537,-12.47658395767212,-5.636735439300537,-12.47658395767212,-9.056659698486328,3.419924259185791,-5.625,-12.5,-9.0625,3.4375
qwen25_14b,28,valenced_opposite::affective::016,valenced_opposite,affective,valenced,opposite,-0.8,preference_control,-9.0,-7.5,-8.997754693031311,-7.507816195487976,-8.997754693031311,-7.507816195487976,-8.252785444259644,-0.7449692487716675,-9.0,-7.5,-8.25,-0.75
qwen25_14b,28,valenced_opposite::affective::016,valenced_opposite,affective,valenced,opposite,-0.6,preference_control,-12.25,-5.0,-12.249959945678713,-5.001954078674316,-12.249959945678713,-5.001954078674316,-8.625957012176514,-3.624002933502197,-12.25,-5.0,-8.625,-3.625
qwen25_14b,28,valenced_opposite::affective::016,valenced_opposite,affective,valenced,opposite,-0.4,preference_control,-12.375,-2.5,-12.374820709228516,-2.499512314796448,-12.374820709228516,-2.499512314796448,-7.437166512012482,-4.937654197216034,-12.375,-2.5,-7.4375,-4.9375
qwen25_14b,28,valenced_opposite::affective::016,valenced_opposite,affective,valenced,opposite,-0.2,preference_control,-9.375,-0.75,-9.374127507209778,-0.7539064884185791,-9.374127507209778,-0.7539064884185791,-5.0640169978141785,-4.310110509395599,-9.375,-0.75,-5.0625,-4.3125
qwen25_14b,28,valenced_opposite::affective::016,valenced_opposite,affective,valenced,opposite,0.0,preference_control,-3.0,0.0,-2.997314691543579,0.0,-2.997314691543579,0.0,-1.4986573457717896,-1.4986573457717896,-3.0,0.0,-1.5,-1.5
qwen25_14b,28,valenced_opposite::affective::016,valenced_opposite,affective,valenced,opposite,0.2,preference_control,2.25,0.25,2.243164300918579,0.2500003576278686,2.243164300918579,0.2500003576278686,1.246582329273224,0.9965819716453552,2.25,0.25,1.25,1.0
qwen25_14b,28,valenced_opposite::affective::016,valenced_opposite,affective,valenced,opposite,0.4,preference_control,4.0,0.25,4.013065457344055,0.2500004768371582,4.013065457344055,0.2500004768371582,2.1315329670906067,1.8815324902534485,4.0,0.25,2.125,1.875
qwen25_14b,28,valenced_opposite::affective::016,valenced_opposite,affective,valenced,opposite,0.6,preference_control,6.0,0.0,5.997574329376221,1.1920928955078125e-07,5.997574329376221,1.1920928955078125e-07,2.998787224292755,2.9987871050834656,6.0,0.0,3.0,3.0
qwen25_14b,28,valenced_opposite::affective::016,valenced_opposite,affective,valenced,opposite,0.8,preference_control,7.5,-0.75,7.500007629394531,-0.75390625,7.500007629394531,-0.75390625,3.3730506896972656,4.126956939697266,7.5,-0.75,3.375,4.125
qwen25_14b,28,valenced_opposite::affective::016,valenced_opposite,affective,valenced,opposite,1.0,preference_control,7.75,-1.5,7.752086639404297,-1.5019530057907104,7.752086639404297,-1.5019530057907104,3.125066816806793,4.627019822597504,7.75,-1.5,3.125,4.625
qwen25_14b,28,valenced_opposite::affective::017,valenced_opposite,affective,valenced,opposite,-1.0,preference_control,-4.25,-25.8125,-4.25,-25.8203125,-4.25,-25.8203125,-15.03515625,10.78515625,-4.25,-25.8125,-15.03125,10.78125
qwen25_14b,28,valenced_opposite::affective::017,valenced_opposite,affective,valenced,opposite,-0.8,preference_control,-13.375,-26.0,-13.34985363483429,-25.967772603034973,-13.34985363483429,-25.967772603034973,-19.65881311893463,6.308959484100342,-13.375,-26.0,-19.6875,6.3125
qwen25_14b,28,valenced_opposite::affective::017,valenced_opposite,affective,valenced,opposite,-0.6,preference_control,-18.375,-23.375,-18.37498712539673,-23.3740268945694,-18.37498712539673,-23.3740268945694,-20.874507009983063,2.4995198845863342,-18.375,-23.375,-20.875,2.5
qwen25_14b,28,valenced_opposite::affective::017,valenced_opposite,affective,valenced,opposite,-0.4,preference_control,-17.75,-17.25,-17.74999451637268,-17.24983286857605,-17.74999451637268,-17.24983286857605,-17.499913692474365,-0.2500808238983154,-17.75,-17.25,-17.5,-0.25
qwen25_14b,28,valenced_opposite::affective::017,valenced_opposite,affective,valenced,opposite,-0.2,preference_control,-13.0,-5.5,-12.999969601631165,-5.495456695556641,-12.999969601631165,-5.495456695556641,-9.247713148593904,-3.752256453037262,-13.0,-5.5,-9.25,-3.75
qwen25_14b,28,valenced_opposite::affective::017,valenced_opposite,affective,valenced,opposite,0.0,preference_control,-6.25,2.0,-6.2480467557907104,1.998066782951355,-6.2480467557907104,1.998066782951355,-2.1249899864196777,-4.123056769371033,-6.25,2.0,-2.125,-4.125
qwen25_14b,28,valenced_opposite::affective::017,valenced_opposite,affective,valenced,opposite,0.2,preference_control,0.5,5.25,0.498046875,5.244751214981079,0.498046875,5.244751214981079,2.87139904499054,-2.37335216999054,0.5,5.25,2.875,-2.375
qwen25_14b,28,valenced_opposite::affective::017,valenced_opposite,affective,valenced,opposite,0.4,preference_control,4.0,5.0,4.0130615234375,4.9932861328125,4.0130615234375,4.9932861328125,4.503173828125,-0.4901123046875,4.0,5.0,4.5,-0.5
qwen25_14b,28,valenced_opposite::affective::017,valenced_opposite,affective,valenced,opposite,0.6,preference_control,7.0,4.0,6.99908447265625,4.0130615234375,6.99908447265625,4.0130615234375,5.506072998046875,1.493011474609375,7.0,4.0,5.5,1.5
qwen25_14b,28,valenced_opposite::affective::017,valenced_opposite,affective,valenced,opposite,0.8,preference_control,9.5,2.0,9.499922752380373,1.998046875,9.499922752380373,1.998046875,5.7489848136901855,3.7509379386901855,9.5,2.0,5.75,3.75
qwen25_14b,28,valenced_opposite::affective::017,valenced_opposite,affective,valenced,opposite,1.0,preference_control,12.75,0.0,12.749991059303284,0.0,12.749991059303284,0.0,6.374995529651642,6.374995529651642,12.75,0.0,6.375,6.375
qwen25_14b,28,valenced_opposite::affective::018,valenced_opposite,affective,valenced,opposite,-1.0,preference_control,-9.125,-23.6875,-9.093749523162842,-23.750000596046448,-9.093749523162842,-23.750000596046448,-16.421875059604645,7.328125536441803,-9.125,-23.6875,-16.40625,7.28125
qwen25_14b,28,valenced_opposite::affective::018,valenced_opposite,affective,valenced,opposite,-0.8,preference_control,-13.375,-25.0,-13.37499988079071,-25.00000011920929,-13.37499988079071,-25.00000011920929,-19.1875,5.8125001192092896,-13.375,-25.0,-19.1875,5.8125
qwen25_14b,28,valenced_opposite::affective::018,valenced_opposite,affective,valenced,opposite,-0.6,preference_control,-16.5,-27.1875,-16.44189465045929,-27.171875,-16.44189465045929,-27.171875,-21.806884825229645,5.364990174770355,-16.5,-27.1875,-21.84375,5.34375
qwen25_14b,28,valenced_opposite::affective::018,valenced_opposite,affective,valenced,opposite,-0.4,preference_control,-15.25,-27.1875,-15.23291039466858,-27.2305908203125,-15.23291039466858,-27.2305908203125,-21.23175060749054,5.99884021282196,-15.25,-27.1875,-21.21875,5.96875
qwen25_14b,28,valenced_opposite::affective::018,valenced_opposite,affective,valenced,opposite,-0.2,preference_control,-10.0,-24.5,-10.00048851966858,-24.498794555664062,-10.00048851966858,-24.498794555664062,-17.24964153766632,7.249153017997742,-10.0,-24.5,-17.25,7.25
qwen25_14b,28,valenced_opposite::affective::018,valenced_opposite,affective,valenced,opposite,0.0,preference_control,-2.5,-16.25,-2.50390625,-16.24853515625,-2.50390625,-16.24853515625,-9.376220703125,6.872314453125,-2.5,-16.25,-9.375,6.875
qwen25_14b,28,valenced_opposite::affective::018,valenced_opposite,affective,valenced,opposite,0.2,preference_control,5.0,-4.5,5.0126953125,-4.48748779296875,5.0126953125,-4.48748779296875,0.262603759765625,4.750091552734375,5.0,-4.5,0.25,4.75
qwen25_14b,28,valenced_opposite::affective::018,valenced_opposite,affective,valenced,opposite,0.4,preference_control,7.5,-3.25,7.498832702636719,-3.242431640625,7.498832702636719,-3.242431640625,2.12820053100586,5.370632171630859,7.5,-3.25,2.125,5.375
qwen25_14b,28,valenced_opposite::affective::018,valenced_opposite,affective,valenced,opposite,0.6,preference_control,9.5,-3.5,9.499849319458008,-3.501220703125,9.499849319458008,-3.501220703125,2.999314308166504,6.500535011291504,9.5,-3.5,3.0,6.5
qwen25_14b,28,valenced_opposite::affective::018,valenced_opposite,affective,valenced,opposite,0.8,preference_control,11.0,-3.0,10.999947547912598,-2.9980467557907104,10.999947547912598,-2.9980467557907104,4.000950396060944,6.998997151851654,11.0,-3.0,4.0,7.0
qwen25_14b,28,valenced_opposite::affective::018,valenced_opposite,affective,valenced,opposite,1.0,preference_control,12.25,-2.75,12.249972224235536,-2.750243782997132,12.249972224235536,-2.750243782997132,4.749864220619202,7.500108003616333,12.25,-2.75,4.75,7.5
qwen25_14b,28,valenced_opposite::affective::019,valenced_opposite,affective,valenced,opposite,-1.0,preference_control,-17.75,-20.875,-17.739227294921875,-20.9277024269104,-17.739227294921875,-20.9277024269104,-19.333464860916138,1.5942375659942627,-17.75,-20.875,-19.3125,1.5625
qwen25_14b,28,valenced_opposite::affective::019,valenced_opposite,affective,valenced,opposite,-0.8,preference_control,-21.625,-20.375,-21.62417221069336,-20.34007966518402,-21.62417221069336,-20.34007966518402,-20.98212593793869,-0.6420462727546692,-21.625,-20.375,-21.0,-0.625
qwen25_14b,28,valenced_opposite::affective::019,valenced_opposite,affective,valenced,opposite,-0.6,preference_control,-22.75,-20.5,-22.74461841583252,-20.48980295658112,-22.74461841583252,-20.48980295658112,-21.617210686206818,-1.127407729625702,-22.75,-20.5,-21.625,-1.125
qwen25_14b,28,valenced_opposite::affective::019,valenced_opposite,affective,valenced,opposite,-0.4,preference_control,-17.125,-15.125,-17.101548194885254,-15.111314415931702,-17.101548194885254,-15.111314415931702,-16.106431305408478,-0.995116889476776,-17.125,-15.125,-16.125,-1.0
qwen25_14b,28,valenced_opposite::affective::019,valenced_opposite,affective,valenced,opposite,-0.2,preference_control,-6.0,-0.75,-6.010076522827148,-0.7460706233978271,-6.010076522827148,-0.7460706233978271,-3.378073573112488,-2.6320029497146606,-6.0,-0.75,-3.375,-2.625
qwen25_14b,28,valenced_opposite::affective::019,valenced_opposite,affective,valenced,opposite,0.0,preference_control,6.0,7.5,5.994535803794861,7.492523193359375,5.994535803794861,7.492523193359375,6.743529498577118,-0.7489936947822571,6.0,7.5,6.75,-0.75
qwen25_14b,28,valenced_opposite::affective::019,valenced_opposite,affective,valenced,opposite,0.2,preference_control,18.0,8.5,18.000012397766113,8.49926471710205,18.000012397766113,8.49926471710205,13.249638557434082,4.750373840332031,18.0,8.5,13.25,4.75
qwen25_14b,28,valenced_opposite::affective::019,valenced_opposite,affective,valenced,opposite,0.4,preference_control,20.875,7.5,20.875136852264404,7.499327182769775,20.875136852264404,7.499327182769775,14.18723201751709,6.6879048347473145,20.875,7.5,14.1875,6.6875
qwen25_14b,28,valenced_opposite::affective::019,valenced_opposite,affective,valenced,opposite,0.6,preference_control,23.25,5.5,23.250123381614685,5.495888113975525,23.250123381614685,5.495888113975525,14.373005747795103,8.87711763381958,23.25,5.5,14.375,8.875
qwen25_14b,28,valenced_opposite::affective::019,valenced_opposite,affective,valenced,opposite,0.8,preference_control,26.25,3.5,26.250178575515747,3.5014760494232178,26.250178575515747,3.5014760494232178,14.875827312469482,11.374351263046265,26.25,3.5,14.875,11.375
qwen25_14b,28,valenced_opposite::affective::019,valenced_opposite,affective,valenced,opposite,1.0,preference_control,27.0,1.75,27.00026261806488,1.7539360523223877,27.00026261806488,1.7539360523223877,14.377099335193634,12.623163282871246,27.0,1.75,14.375,12.625
qwen25_14b,28,valenced_opposite::deontic::000,valenced_opposite,deontic,valenced,opposite,-1.0,preference_control,-2.875,-20.5,-2.8750405311584477,-20.547202110290527,-2.8750405311584477,-20.547202110290527,-11.711121320724487,8.83608078956604,-2.875,-20.5,-11.6875,8.8125
qwen25_14b,28,valenced_opposite::deontic::000,valenced_opposite,deontic,valenced,opposite,-0.8,preference_control,-4.25,-20.625,-4.250044822692871,-20.562774419784542,-4.250044822692871,-20.562774419784542,-12.406409621238708,8.156364798545837,-4.25,-20.625,-12.4375,8.1875
qwen25_14b,28,valenced_opposite::deontic::000,valenced_opposite,deontic,valenced,opposite,-0.6,preference_control,-3.875,-17.875,-3.859426021575928,-17.820545196533203,-3.859426021575928,-17.820545196533203,-10.839985609054564,6.980559587478638,-3.875,-17.875,-10.875,7.0
qwen25_14b,28,valenced_opposite::deontic::000,valenced_opposite,deontic,valenced,opposite,-0.4,preference_control,-2.0,-14.375,-2.0000784397125244,-14.37518572807312,-2.0000784397125244,-14.37518572807312,-8.187632083892822,6.187553644180298,-2.0,-14.375,-8.1875,6.1875
qwen25_14b,28,valenced_opposite::deontic::000,valenced_opposite,deontic,valenced,opposite,-0.2,preference_control,-2.0,-10.5,-1.9922552108764648,-10.4845529794693,-1.9922552108764648,-10.4845529794693,-6.238404095172882,4.246148884296417,-2.0,-10.5,-6.25,4.25
qwen25_14b,28,valenced_opposite::deontic::000,valenced_opposite,deontic,valenced,opposite,0.0,preference_control,-0.75,-4.875,-0.7461719512939453,-4.890719413757324,-0.7461719512939453,-4.890719413757324,-2.8184456825256348,2.072273731231689,-0.75,-4.875,-2.8125,2.0625
qwen25_14b,28,valenced_opposite::deontic::000,valenced_opposite,deontic,valenced,opposite,0.2,preference_control,3.25,1.0,3.254378914833069,1.0038714408874512,3.254378914833069,1.0038714408874512,2.12912517786026,1.1252537369728088,3.25,1.0,2.125,1.125
qwen25_14b,28,valenced_opposite::deontic::000,valenced_opposite,deontic,valenced,opposite,0.4,preference_control,8.25,4.75,8.249512553215027,4.738775134086609,8.249512553215027,4.738775134086609,6.494143843650818,1.755368709564209,8.25,4.75,6.5,1.75
qwen25_14b,28,valenced_opposite::deontic::000,valenced_opposite,deontic,valenced,opposite,0.6,preference_control,11.5,6.0,11.499904036521912,5.997427701950073,11.499904036521912,5.997427701950073,8.748665869235992,2.751238167285919,11.5,6.0,8.75,2.75
qwen25_14b,28,valenced_opposite::deontic::000,valenced_opposite,deontic,valenced,opposite,0.8,preference_control,12.75,6.25,12.74991512298584,6.248004913330078,12.74991512298584,6.248004913330078,9.49896001815796,3.250955104827881,12.75,6.25,9.5,3.25
qwen25_14b,28,valenced_opposite::deontic::000,valenced_opposite,deontic,valenced,opposite,1.0,preference_control,13.75,6.5,13.749945640563965,6.4984235763549805,13.749945640563965,6.4984235763549805,10.124184608459473,3.625761032104492,13.75,6.5,10.125,3.625
qwen25_14b,28,valenced_opposite::deontic::001,valenced_opposite,deontic,valenced,opposite,-1.0,preference_control,-5.25,-13.25,-5.245844602584839,-13.249906659126282,-5.245844602584839,-13.249906659126282,-9.24787563085556,4.002031028270721,-5.25,-13.25,-9.25,4.0
qwen25_14b,28,valenced_opposite::deontic::001,valenced_opposite,deontic,valenced,opposite,-0.8,preference_control,-7.875,-12.0,-7.871578931808472,-11.999528765678406,-7.871578931808472,-11.999528765678406,-9.93555384874344,2.063974916934967,-7.875,-12.0,-9.9375,2.0625
qwen25_14b,28,valenced_opposite::deontic::001,valenced_opposite,deontic,valenced,opposite,-0.6,preference_control,-10.625,-11.75,-10.624661564826964,-11.747997283935549,-10.624661564826964,-11.747997283935549,-11.186329424381256,0.5616678595542908,-10.625,-11.75,-11.1875,0.5625
qwen25_14b,28,valenced_opposite::deontic::001,valenced_opposite,deontic,valenced,opposite,-0.4,preference_control,-10.625,-12.75,-10.624834537506104,-12.74582290649414,-10.624834537506104,-12.74582290649414,-11.685328722000122,1.0604941844940186,-10.625,-12.75,-11.6875,1.0625
qwen25_14b,28,valenced_opposite::deontic::001,valenced_opposite,deontic,valenced,opposite,-0.2,preference_control,-8.0,-10.75,-7.999263167381287,-10.742117404937744,-7.999263167381287,-10.742117404937744,-9.370690286159515,1.3714271187782288,-8.0,-10.75,-9.375,1.375
qwen25_14b,28,valenced_opposite::deontic::001,valenced_opposite,deontic,valenced,opposite,0.0,preference_control,-2.5,-5.5,-2.496093153953552,-5.488279342651367,-2.496093153953552,-5.488279342651367,-3.99218624830246,1.4960930943489077,-2.5,-5.5,-4.0,1.5
qwen25_14b,28,valenced_opposite::deontic::001,valenced_opposite,deontic,valenced,opposite,0.2,preference_control,7.25,0.75,7.249261021614075,0.7519537210464478,7.249261021614075,0.7519537210464478,4.000607371330261,3.248653650283813,7.25,0.75,4.0,3.25
qwen25_14b,28,valenced_opposite::deontic::001,valenced_opposite,deontic,valenced,opposite,0.4,preference_control,14.625,0.5,14.624999642372131,0.4980469942092895,14.624999642372131,0.4980469942092895,7.5615233182907104,7.063476324081421,14.625,0.5,7.5625,7.0625
qwen25_14b,28,valenced_opposite::deontic::001,valenced_opposite,deontic,valenced,opposite,0.6,preference_control,17.5,-1.75,17.500003218650818,-1.7539061307907104,17.500003218650818,-1.7539061307907104,7.873048543930054,9.626954674720764,17.5,-1.75,7.875,9.625
qwen25_14b,28,valenced_opposite::deontic::001,valenced_opposite,deontic,valenced,opposite,0.8,preference_control,17.875,-3.75,17.875006198883057,-3.7424315214157104,17.875006198883057,-3.7424315214157104,7.066287338733673,10.808718860149384,17.875,-3.75,7.0625,10.8125
qwen25_14b,28,valenced_opposite::deontic::001,valenced_opposite,deontic,valenced,opposite,1.0,preference_control,17.125,-4.25,17.12501096725464,-4.2358397245407104,17.12501096725464,-4.2358397245407104,6.444585621356964,10.680425345897676,17.125,-4.25,6.4375,10.6875
qwen25_14b,28,valenced_opposite::deontic::002,valenced_opposite,deontic,valenced,opposite,-1.0,preference_control,-12.625,-9.125,-12.6328125,-9.140623807907104,-12.6328125,-9.140623807907104,-10.886718153953552,-1.7460943460464478,-12.625,-9.125,-10.875,-1.75
qwen25_14b,28,valenced_opposite::deontic::002,valenced_opposite,deontic,valenced,opposite,-0.8,preference_control,-15.375,-6.75,-15.3828125,-6.734374761581421,-15.3828125,-6.734374761581421,-11.05859363079071,-4.3242188692092896,-15.375,-6.75,-11.0625,-4.3125
qwen25_14b,28,valenced_opposite::deontic::002,valenced_opposite,deontic,valenced,opposite,-0.6,preference_control,-18.0,-4.125,-18.060546875,-4.1171875,-18.060546875,-4.1171875,-11.0888671875,-6.9716796875,-18.0,-4.125,-11.0625,-6.9375
qwen25_14b,28,valenced_opposite::deontic::002,valenced_opposite,deontic,valenced,opposite,-0.4,preference_control,-19.0,-0.125,-18.97607421875,-0.125,-18.97607421875,-0.125,-9.550537109375,-9.425537109375,-19.0,-0.125,-9.5625,-9.4375
qwen25_14b,28,valenced_opposite::deontic::002,valenced_opposite,deontic,valenced,opposite,-0.2,preference_control,-16.625,4.25,-16.6060791015625,4.256103515625,-16.6060791015625,4.256103515625,-6.17498779296875,-10.43109130859375,-16.625,4.25,-6.1875,-10.4375
qwen25_14b,28,valenced_opposite::deontic::002,valenced_opposite,deontic,valenced,opposite,0.0,preference_control,-8.625,7.75,-8.6051025390625,7.749252438545227,-8.6051025390625,7.749252438545227,-0.4279250502586365,-8.177177488803864,-8.625,7.75,-0.4375,-8.1875
qwen25_14b,28,valenced_opposite::deontic::002,valenced_opposite,deontic,valenced,opposite,0.2,preference_control,4.75,9.75,4.741028189659119,9.749912858009338,4.741028189659119,9.749912858009338,7.245470523834228,-2.50444233417511,4.75,9.75,7.25,-2.5
qwen25_14b,28,valenced_opposite::deontic::002,valenced_opposite,deontic,valenced,opposite,0.4,preference_control,10.25,9.75,10.249964475631714,9.749941945075989,10.249964475631714,9.749941945075989,9.999953210353851,0.2500112652778625,10.25,9.75,10.0,0.25
qwen25_14b,28,valenced_opposite::deontic::002,valenced_opposite,deontic,valenced,opposite,0.6,preference_control,12.25,9.25,12.25000810623169,9.249906301498411,12.25000810623169,9.249906301498411,10.749957203865051,1.5000509023666382,12.25,9.25,10.75,1.5
qwen25_14b,28,valenced_opposite::deontic::002,valenced_opposite,deontic,valenced,opposite,0.8,preference_control,13.0,9.25,13.000014543533323,9.249909043312073,13.000014543533323,9.249909043312073,11.1249617934227,1.8750527501106264,13.0,9.25,11.125,1.875
qwen25_14b,28,valenced_opposite::deontic::002,valenced_opposite,deontic,valenced,opposite,1.0,preference_control,13.0,8.75,13.000014662742617,8.749849438667297,13.000014662742617,8.749849438667297,10.874932050704956,2.1250826120376587,13.0,8.75,10.875,2.125
qwen25_14b,28,valenced_opposite::deontic::003,valenced_opposite,deontic,valenced,opposite,-1.0,preference_control,-4.25,-11.75,-4.234375,-11.765625,-4.234375,-11.765625,-8.0,3.765625,-4.25,-11.75,-8.0,3.75
qwen25_14b,28,valenced_opposite::deontic::003,valenced_opposite,deontic,valenced,opposite,-0.8,preference_control,-7.375,-13.375,-7.3515625,-13.328125,-7.3515625,-13.328125,-10.33984375,2.98828125,-7.375,-13.375,-10.375,3.0
qwen25_14b,28,valenced_opposite::deontic::003,valenced_opposite,deontic,valenced,opposite,-0.6,preference_control,-10.875,-14.5,-10.89794921875,-14.4921875,-10.89794921875,-14.4921875,-12.695068359375,1.797119140625,-10.875,-14.5,-12.6875,1.8125
qwen25_14b,28,valenced_opposite::deontic::003,valenced_opposite,deontic,valenced,opposite,-0.4,preference_control,-13.875,-14.875,-13.8681640625,-14.8544921875,-13.8681640625,-14.8544921875,-14.361328125,0.4931640625,-13.875,-14.875,-14.375,0.5
qwen25_14b,28,valenced_opposite::deontic::003,valenced_opposite,deontic,valenced,opposite,-0.2,preference_control,-15.25,-14.375,-15.24658203125,-14.373794555664062,-15.24658203125,-14.373794555664062,-14.810188293457031,-0.4363937377929687,-15.25,-14.375,-14.8125,-0.4375
qwen25_14b,28,valenced_opposite::deontic::003,valenced_opposite,deontic,valenced,opposite,0.0,preference_control,-13.0,-10.125,-12.9976806640625,-10.123519897460938,-12.9976806640625,-10.123519897460938,-11.56060028076172,-1.4370803833007812,-13.0,-10.125,-11.5625,-1.4375
qwen25_14b,28,valenced_opposite::deontic::003,valenced_opposite,deontic,valenced,opposite,0.2,preference_control,-4.5,-2.5,-4.4876708984375,-2.49658203125,-4.4876708984375,-2.49658203125,-3.49212646484375,-0.99554443359375,-4.5,-2.5,-3.5,-1.0
qwen25_14b,28,valenced_opposite::deontic::003,valenced_opposite,deontic,valenced,opposite,0.4,preference_control,3.0,1.0,2.998291015625,0.998046875,2.998291015625,0.998046875,1.9981689453125,1.0001220703125,3.0,1.0,2.0,1.0
qwen25_14b,28,valenced_opposite::deontic::003,valenced_opposite,deontic,valenced,opposite,0.6,preference_control,7.0,2.5,6.99908447265625,2.4990234375,6.99908447265625,2.4990234375,4.749053955078125,2.250030517578125,7.0,2.5,4.75,2.25
qwen25_14b,28,valenced_opposite::deontic::003,valenced_opposite,deontic,valenced,opposite,0.8,preference_control,9.25,4.25,9.249903678894045,4.23583984375,9.249903678894045,4.23583984375,6.7428717613220215,2.507031917572021,9.25,4.25,6.75,2.5
qwen25_14b,28,valenced_opposite::deontic::003,valenced_opposite,deontic,valenced,opposite,1.0,preference_control,10.0,5.0,9.999954462051392,4.9932861328125,9.999954462051392,4.9932861328125,7.496620297431946,2.503334164619446,10.0,5.0,7.5,2.5
qwen25_14b,28,valenced_opposite::deontic::004,valenced_opposite,deontic,valenced,opposite,-1.0,preference_control,-10.125,-14.875,-10.119720339775084,-14.874788761138916,-10.119720339775084,-14.874788761138916,-12.497254550457,2.3775342106819157,-10.125,-14.875,-12.5,2.375
qwen25_14b,28,valenced_opposite::deontic::004,valenced_opposite,deontic,valenced,opposite,-0.8,preference_control,-11.25,-15.0,-11.249648928642271,-14.999950170516968,-11.249648928642271,-14.999950170516968,-13.12479954957962,1.8751506209373476,-11.25,-15.0,-13.125,1.875
qwen25_14b,28,valenced_opposite::deontic::004,valenced_opposite,deontic,valenced,opposite,-0.6,preference_control,-12.5,-16.125,-12.499982714653015,-16.12499487400055,-12.499982714653015,-16.12499487400055,-14.312488794326782,1.812506079673767,-12.5,-16.125,-14.3125,1.8125
qwen25_14b,28,valenced_opposite::deontic::004,valenced_opposite,deontic,valenced,opposite,-0.4,preference_control,-12.75,-17.125,-12.749993681907654,-17.12499713897705,-12.749993681907654,-17.12499713897705,-14.937495410442352,2.1875017285346985,-12.75,-17.125,-14.9375,2.1875
qwen25_14b,28,valenced_opposite::deontic::004,valenced_opposite,deontic,valenced,opposite,-0.2,preference_control,-11.5,-15.875,-11.499984383583069,-15.87498414516449,-11.499984383583069,-15.87498414516449,-13.68748426437378,2.1874998807907104,-11.5,-15.875,-13.6875,2.1875
qwen25_14b,28,valenced_opposite::deontic::004,valenced_opposite,deontic,valenced,opposite,0.0,preference_control,-9.0,-11.75,-8.999857783317566,-11.749903440475464,-8.999857783317566,-11.749903440475464,-10.374880611896517,1.375022828578949,-9.0,-11.75,-10.375,1.375
qwen25_14b,28,valenced_opposite::deontic::004,valenced_opposite,deontic,valenced,opposite,0.2,preference_control,-3.5,-3.75,-3.5014647245407104,-3.7576903104782096,-3.5014647245407104,-3.7576903104782096,-3.629577517509461,0.12811279296875,-3.5,-3.75,-3.625,0.125
qwen25_14b,28,valenced_opposite::deontic::004,valenced_opposite,deontic,valenced,opposite,0.4,preference_control,2.5,-1.0,2.4990235567092896,-0.9980467557907104,2.4990235567092896,-0.9980467557907104,0.7504884004592896,1.74853515625,2.5,-1.0,0.75,1.75
qwen25_14b,28,valenced_opposite::deontic::004,valenced_opposite,deontic,valenced,opposite,0.6,preference_control,6.0,-0.5,5.997360467910767,-0.4980467557907104,5.997360467910767,-0.4980467557907104,2.749656856060028,3.2477036118507385,6.0,-0.5,2.75,3.25
qwen25_14b,28,valenced_opposite::deontic::004,valenced_opposite,deontic,valenced,opposite,0.8,preference_control,7.5,0.25,7.499366879463196,0.2500001192092895,7.499366879463196,0.2500001192092895,3.8746834993362422,3.624683380126953,7.5,0.25,3.875,3.625
qwen25_14b,28,valenced_opposite::deontic::004,valenced_opposite,deontic,valenced,opposite,1.0,preference_control,7.5,0.75,7.499355554580688,0.7539064884185791,7.499355554580688,0.7539064884185791,4.126631021499634,3.3727245330810547,7.5,0.75,4.125,3.375
qwen25_14b,28,valenced_opposite::deontic::005,valenced_opposite,deontic,valenced,opposite,-1.0,preference_control,-9.5,-25.0,-9.49992561340332,-24.999889373779297,-9.49992561340332,-24.999889373779297,-17.24990749359131,7.749981880187988,-9.5,-25.0,-17.25,7.75
qwen25_14b,28,valenced_opposite::deontic::005,valenced_opposite,deontic,valenced,opposite,-0.8,preference_control,-13.75,-25.25,-13.74999976158142,-25.250025629997253,-13.74999976158142,-25.250025629997253,-19.500012695789337,5.750012934207916,-13.75,-25.25,-19.5,5.75
qwen25_14b,28,valenced_opposite::deontic::005,valenced_opposite,deontic,valenced,opposite,-0.6,preference_control,-16.875,-23.125,-16.875003457069397,-23.125033617019653,-16.875003457069397,-23.125033617019653,-20.000018537044525,3.125015079975128,-16.875,-23.125,-20.0,3.125
qwen25_14b,28,valenced_opposite::deontic::005,valenced_opposite,deontic,valenced,opposite,-0.4,preference_control,-18.375,-18.375,-18.37501633167267,-18.375009894371036,-18.37501633167267,-18.375009894371036,-18.37501311302185,-3.2186508178710938e-06,-18.375,-18.375,-18.375,0.0
qwen25_14b,28,valenced_opposite::deontic::005,valenced_opposite,deontic,valenced,opposite,-0.2,preference_control,-16.875,-13.75,-16.875009298324585,-13.749418258666992,-16.875009298324585,-13.749418258666992,-15.312213778495789,-1.5627955198287964,-16.875,-13.75,-15.3125,-1.5625
qwen25_14b,28,valenced_opposite::deontic::005,valenced_opposite,deontic,valenced,opposite,0.0,preference_control,-11.375,-6.5,-11.374971270561218,-6.510377526283264,-11.374971270561218,-6.510377526283264,-8.942674398422241,-2.432296872138977,-11.375,-6.5,-8.9375,-2.4375
qwen25_14b,28,valenced_opposite::deontic::005,valenced_opposite,deontic,valenced,opposite,0.2,preference_control,-2.25,1.5,-2.24267578125,1.4990234375,-2.24267578125,1.4990234375,-0.371826171875,-1.870849609375,-2.25,1.5,-0.375,-1.875
qwen25_14b,28,valenced_opposite::deontic::005,valenced_opposite,deontic,valenced,opposite,0.4,preference_control,2.5,3.75,2.4990234375,3.757080078125,2.4990234375,3.757080078125,3.1280517578125,-0.6290283203125,2.5,3.75,3.125,-0.625
qwen25_14b,28,valenced_opposite::deontic::005,valenced_opposite,deontic,valenced,opposite,0.6,preference_control,5.25,3.5,5.2447510957717896,3.50146484375,5.2447510957717896,3.50146484375,4.373107969760895,0.8716431260108948,5.25,3.5,4.375,0.875
qwen25_14b,28,valenced_opposite::deontic::005,valenced_opposite,deontic,valenced,opposite,0.8,preference_control,7.5,3.5,7.499446988105774,3.50146484375,7.499446988105774,3.50146484375,5.500455915927887,1.998991072177887,7.5,3.5,5.5,2.0
qwen25_14b,28,valenced_opposite::deontic::005,valenced_opposite,deontic,valenced,opposite,1.0,preference_control,8.25,3.25,8.249739050865173,3.2431640625,8.249739050865173,3.2431640625,5.746451556682587,2.5032874941825867,8.25,3.25,5.75,2.5
qwen25_14b,28,valenced_opposite::deontic::006,valenced_opposite,deontic,valenced,opposite,-1.0,preference_control,-25.625,-24.875,-25.62501096725464,-24.853317618370056,-25.62501096725464,-24.853317618370056,-25.239164292812347,-0.3858466744422912,-25.625,-24.875,-25.25,-0.375
qwen25_14b,28,valenced_opposite::deontic::006,valenced_opposite,deontic,valenced,opposite,-0.8,preference_control,-31.125,-21.125,-31.125007033348083,-21.118656754493717,-31.125007033348083,-21.118656754493717,-26.1218318939209,-5.003175139427185,-31.125,-21.125,-26.125,-5.0
qwen25_14b,28,valenced_opposite::deontic::006,valenced_opposite,deontic,valenced,opposite,-0.6,preference_control,-33.875,-17.625,-34.00000214576721,-17.615710854530334,-34.00000214576721,-17.615710854530334,-25.807856500148773,-8.192145645618439,-33.875,-17.625,-25.75,-8.125
qwen25_14b,28,valenced_opposite::deontic::006,valenced_opposite,deontic,valenced,opposite,-0.4,preference_control,-33.1875,-14.875,-33.250004053115845,-14.900545597076416,-33.250004053115845,-14.900545597076416,-24.07527482509613,-9.174729228019714,-33.1875,-14.875,-24.03125,-9.15625
qwen25_14b,28,valenced_opposite::deontic::006,valenced_opposite,deontic,valenced,opposite,-0.2,preference_control,-28.0625,-9.5,-28.12499225139618,-9.484442472457886,-28.12499225139618,-9.484442472457886,-18.804717361927032,-9.320274889469149,-28.0625,-9.5,-18.78125,-9.28125
qwen25_14b,28,valenced_opposite::deontic::006,valenced_opposite,deontic,valenced,opposite,0.0,preference_control,-13.625,-1.25,-13.62472140789032,-1.2480437755584717,-13.62472140789032,-1.2480437755584717,-7.436382591724396,-6.188338816165924,-13.625,-1.25,-7.4375,-6.1875
qwen25_14b,28,valenced_opposite::deontic::006,valenced_opposite,deontic,valenced,opposite,0.2,preference_control,0.0,3.0,1.1920928955078125e-07,2.9978153705596924,1.1920928955078125e-07,2.9978153705596924,1.498907744884491,-1.4989076256752014,0.0,3.0,1.5,-1.5
qwen25_14b,28,valenced_opposite::deontic::006,valenced_opposite,deontic,valenced,opposite,0.4,preference_control,3.75,3.5,3.742310047149658,3.501506328582764,3.742310047149658,3.501506328582764,3.621908187866211,0.1204018592834472,3.75,3.5,3.625,0.125
qwen25_14b,28,valenced_opposite::deontic::006,valenced_opposite,deontic,valenced,opposite,0.6,preference_control,6.5,2.75,6.498498916625977,2.750546455383301,6.498498916625977,2.750546455383301,4.624522686004639,1.873976230621338,6.5,2.75,4.625,1.875
qwen25_14b,28,valenced_opposite::deontic::006,valenced_opposite,deontic,valenced,opposite,0.8,preference_control,8.0,2.0,7.999667286872864,1.998088002204895,7.999667286872864,1.998088002204895,4.998877644538879,3.0007896423339844,8.0,2.0,5.0,3.0
qwen25_14b,28,valenced_opposite::deontic::006,valenced_opposite,deontic,valenced,opposite,1.0,preference_control,8.25,1.5,8.249743342399597,1.5019807815551758,8.249743342399597,1.5019807815551758,4.8758620619773865,3.3738812804222107,8.25,1.5,4.875,3.375
qwen25_14b,28,valenced_opposite::deontic::007,valenced_opposite,deontic,valenced,opposite,-1.0,preference_control,-14.125,-12.125,-14.124982833862305,-12.124422430992126,-14.124982833862305,-12.124422430992126,-13.124702632427216,-1.0002802014350891,-14.125,-12.125,-13.125,-1.0
qwen25_14b,28,valenced_opposite::deontic::007,valenced_opposite,deontic,valenced,opposite,-0.8,preference_control,-17.875,-11.625,-17.87499701976776,-11.62424612045288,-17.87499701976776,-11.62424612045288,-14.74962157011032,-3.12537544965744,-17.875,-11.625,-14.75,-3.125
qwen25_14b,28,valenced_opposite::deontic::007,valenced_opposite,deontic,valenced,opposite,-0.6,preference_control,-20.875,-14.25,-20.87499487400055,-14.249512195587158,-20.87499487400055,-14.249512195587158,-17.562253534793854,-3.312741339206696,-20.875,-14.25,-17.5625,-3.3125
qwen25_14b,28,valenced_opposite::deontic::007,valenced_opposite,deontic,valenced,opposite,-0.4,preference_control,-21.5,-16.75,-21.499968767166138,-16.74971330165863,-21.499968767166138,-16.74971330165863,-19.124841034412384,-2.3751277327537537,-21.5,-16.75,-19.125,-2.375
qwen25_14b,28,valenced_opposite::deontic::007,valenced_opposite,deontic,valenced,opposite,-0.2,preference_control,-17.875,-15.75,-17.874871969223022,-15.74963128566742,-17.874871969223022,-15.74963128566742,-16.81225162744522,-1.0626203417778015,-17.875,-15.75,-16.8125,-1.0625
qwen25_14b,28,valenced_opposite::deontic::007,valenced_opposite,deontic,valenced,opposite,0.0,preference_control,-10.0,-9.25,-9.99913763999939,-9.249441981315613,-9.99913763999939,-9.249441981315613,-9.6242898106575,-0.3748478293418884,-10.0,-9.25,-9.625,-0.375
qwen25_14b,28,valenced_opposite::deontic::007,valenced_opposite,deontic,valenced,opposite,0.2,preference_control,0.0,-2.5,4.76837158203125e-07,-2.498507499694824,4.76837158203125e-07,-2.498507499694824,-1.249253511428833,1.2492539882659912,0.0,-2.5,-1.25,1.25
qwen25_14b,28,valenced_opposite::deontic::007,valenced_opposite,deontic,valenced,opposite,0.4,preference_control,5.0,0.0,4.992859840393066,1.0371208190917969e-05,4.992859840393066,1.0371208190917969e-05,2.4964351058006287,2.4964247345924377,5.0,0.0,2.5,2.5
qwen25_14b,28,valenced_opposite::deontic::007,valenced_opposite,deontic,valenced,opposite,0.6,preference_control,8.25,0.25,8.249441742897034,0.2500083446502685,8.249441742897034,0.2500083446502685,4.249725043773651,3.999716699123383,8.25,0.25,4.25,4.0
qwen25_14b,28,valenced_opposite::deontic::007,valenced_opposite,deontic,valenced,opposite,0.8,preference_control,10.0,0.0,9.999715924263,8.940696716308594e-06,9.999715924263,8.940696716308594e-06,4.999862432479858,4.999853491783142,10.0,0.0,5.0,5.0
qwen25_14b,28,valenced_opposite::deontic::007,valenced_opposite,deontic,valenced,opposite,1.0,preference_control,10.0,0.25,9.99974524974823,0.2500152587890625,9.99974524974823,0.2500152587890625,5.124880254268646,4.874864995479584,10.0,0.25,5.125,4.875
qwen25_14b,28,valenced_opposite::deontic::008,valenced_opposite,deontic,valenced,opposite,-1.0,preference_control,-14.625,-15.0,-14.61971664428711,-14.98187243938446,-14.61971664428711,-14.98187243938446,-14.800794541835783,0.1810778975486755,-14.625,-15.0,-14.8125,0.1875
qwen25_14b,28,valenced_opposite::deontic::008,valenced_opposite,deontic,valenced,opposite,-0.8,preference_control,-18.375,-11.0,-18.370525360107425,-11.03662097454071,-18.370525360107425,-11.03662097454071,-14.703573167324066,-3.666952192783356,-18.375,-11.0,-14.6875,-3.6875
qwen25_14b,28,valenced_opposite::deontic::008,valenced_opposite,deontic,valenced,opposite,-0.6,preference_control,-17.0,-3.25,-17.000885009765625,-3.305908203125,-17.000885009765625,-3.305908203125,-10.153396606445312,-6.8474884033203125,-17.0,-3.25,-10.125,-6.875
qwen25_14b,28,valenced_opposite::deontic::008,valenced_opposite,deontic,valenced,opposite,-0.4,preference_control,-9.25,2.5,-9.251068115234377,2.279296875,-9.251068115234377,2.279296875,-3.4858856201171875,-5.765182495117188,-9.25,2.5,-3.375,-5.875
qwen25_14b,28,valenced_opposite::deontic::008,valenced_opposite,deontic,valenced,opposite,-0.2,preference_control,-1.0,5.375,-1.002231478691101,5.3599853515625,-1.002231478691101,5.3599853515625,2.1788769364356995,-3.1811084151268005,-1.0,5.375,2.1875,-3.1875
qwen25_14b,28,valenced_opposite::deontic::008,valenced_opposite,deontic,valenced,opposite,0.0,preference_control,7.875,8.125,7.8610111474990845,8.121907234191895,7.8610111474990845,8.121907234191895,7.9914591908454895,-0.130448043346405,7.875,8.125,8.0,-0.125
qwen25_14b,28,valenced_opposite::deontic::008,valenced_opposite,deontic,valenced,opposite,0.2,preference_control,13.125,9.0,13.12376344203949,8.99459707736969,13.12376344203949,8.99459707736969,11.05918025970459,2.0645831823349,13.125,9.0,11.0625,2.0625
qwen25_14b,28,valenced_opposite::deontic::008,valenced_opposite,deontic,valenced,opposite,0.4,preference_control,13.25,8.25,13.249969959259031,8.249449968338013,13.249969959259031,8.249449968338013,10.749709963798525,2.5002599954605103,13.25,8.25,10.75,2.5
qwen25_14b,28,valenced_opposite::deontic::008,valenced_opposite,deontic,valenced,opposite,0.6,preference_control,13.75,6.25,13.7499977350235,6.248000502586365,13.7499977350235,6.248000502586365,9.998999118804932,3.750998616218567,13.75,6.25,10.0,3.75
qwen25_14b,28,valenced_opposite::deontic::008,valenced_opposite,deontic,valenced,opposite,0.8,preference_control,15.0,3.75,14.999999523162842,3.742186784744263,14.999999523162842,3.742186784744263,9.371093153953552,5.6289063692092896,15.0,3.75,9.375,5.625
qwen25_14b,28,valenced_opposite::deontic::008,valenced_opposite,deontic,valenced,opposite,1.0,preference_control,15.0,1.75,14.99999976158142,1.753904938697815,14.99999976158142,1.753904938697815,8.376952350139618,6.623047411441803,15.0,1.75,8.375,6.625
qwen25_14b,28,valenced_opposite::deontic::009,valenced_opposite,deontic,valenced,opposite,-1.0,preference_control,-9.0,-22.375,-8.99921464920044,-22.36372578144073,-8.99921464920044,-22.36372578144073,-15.681470215320587,6.682255566120148,-9.0,-22.375,-15.6875,6.6875
qwen25_14b,28,valenced_opposite::deontic::009,valenced_opposite,deontic,valenced,opposite,-0.8,preference_control,-13.625,-24.0,-13.625088453292848,-23.952465534210205,-13.625088453292848,-23.952465534210205,-18.78877699375153,5.163688540458679,-13.625,-24.0,-18.8125,5.1875
qwen25_14b,28,valenced_opposite::deontic::009,valenced_opposite,deontic,valenced,opposite,-0.6,preference_control,-18.5,-25.5,-18.50073003768921,-25.4772367477417,-18.50073003768921,-25.4772367477417,-21.98898339271545,3.488253355026245,-18.5,-25.5,-22.0,3.5
qwen25_14b,28,valenced_opposite::deontic::009,valenced_opposite,deontic,valenced,opposite,-0.4,preference_control,-20.75,-26.5,-20.754143953323364,-26.500490069389343,-20.754143953323364,-26.500490069389343,-23.627317011356357,2.873173058032989,-20.75,-26.5,-23.625,2.875
qwen25_14b,28,valenced_opposite::deontic::009,valenced_opposite,deontic,valenced,opposite,-0.2,preference_control,-21.5,-26.375,-21.50252652168274,-26.375505566596985,-21.50252652168274,-26.375505566596985,-23.939016044139866,2.436489522457123,-21.5,-26.375,-23.9375,2.4375
qwen25_14b,28,valenced_opposite::deontic::009,valenced_opposite,deontic,valenced,opposite,0.0,preference_control,-18.0,-17.0,-18.001519322395325,-16.999857187271118,-18.001519322395325,-16.999857187271118,-17.50068825483322,-0.5008310675621033,-18.0,-17.0,-17.5,-0.5
qwen25_14b,28,valenced_opposite::deontic::009,valenced_opposite,deontic,valenced,opposite,0.2,preference_control,-2.75,-1.25,-2.751201629638672,-1.2480249404907229,-2.751201629638672,-1.2480249404907229,-1.9996132850646973,-0.7515883445739746,-2.75,-1.25,-2.0,-0.75
qwen25_14b,28,valenced_opposite::deontic::009,valenced_opposite,deontic,valenced,opposite,0.4,preference_control,1.25,1.0,1.247606873512268,0.9999016523361206,1.247606873512268,0.9999016523361206,1.1237542629241943,0.1238526105880737,1.25,1.0,1.125,0.125
qwen25_14b,28,valenced_opposite::deontic::009,valenced_opposite,deontic,valenced,opposite,0.6,preference_control,2.25,0.5,2.243309497833252,0.4979205131530761,2.243309497833252,0.4979205131530761,1.370615005493164,0.8726944923400879,2.25,0.5,1.375,0.875
qwen25_14b,28,valenced_opposite::deontic::009,valenced_opposite,deontic,valenced,opposite,0.8,preference_control,3.5,0.0,3.5012009143829346,0.000244140625,3.5012009143829346,0.000244140625,1.7507225275039673,1.7504783868789673,3.5,0.0,1.75,1.75
qwen25_14b,28,valenced_opposite::deontic::009,valenced_opposite,deontic,valenced,opposite,1.0,preference_control,4.5,-0.75,4.488792896270752,-0.7484931945800781,4.488792896270752,-0.7484931945800781,1.870149850845337,2.618643045425415,4.5,-0.75,1.875,2.625
qwen25_14b,28,valenced_opposite::deontic::010,valenced_opposite,deontic,valenced,opposite,-1.0,preference_control,-8.875,-10.5,-8.873046159744263,-10.484373450279236,-8.873046159744263,-10.484373450279236,-9.67870980501175,0.8056636452674866,-8.875,-10.5,-9.6875,0.8125
qwen25_14b,28,valenced_opposite::deontic::010,valenced_opposite,deontic,valenced,opposite,-0.8,preference_control,-10.75,-8.875,-10.747558236122131,-8.859373211860657,-10.747558236122131,-8.859373211860657,-9.803465723991394,-0.9440925121307372,-10.75,-8.875,-9.8125,-0.9375
qwen25_14b,28,valenced_opposite::deontic::010,valenced_opposite,deontic,valenced,opposite,-0.6,preference_control,-10.875,-7.375,-10.87466597557068,-7.374997973442078,-10.87466597557068,-7.374997973442078,-9.124831974506378,-1.7498340010643003,-10.875,-7.375,-9.125,-1.75
qwen25_14b,28,valenced_opposite::deontic::010,valenced_opposite,deontic,valenced,opposite,-0.4,preference_control,-8.375,-4.375,-8.373817205429077,-4.384030342102051,-8.373817205429077,-4.384030342102051,-6.378923773765564,-1.9948934316635127,-8.375,-4.375,-6.375,-2.0
qwen25_14b,28,valenced_opposite::deontic::010,valenced_opposite,deontic,valenced,opposite,-0.2,preference_control,-4.0,0.0,-4.01184070110321,1.430511474609375e-06,-4.01184070110321,1.430511474609375e-06,-2.005919635295868,-2.0059210658073425,-4.0,0.0,-2.0,-2.0
qwen25_14b,28,valenced_opposite::deontic::010,valenced_opposite,deontic,valenced,opposite,0.0,preference_control,2.25,6.5,2.2431641817092896,6.497208476066589,2.2431641817092896,6.497208476066589,4.37018632888794,-2.12702214717865,2.25,6.5,4.375,-2.125
qwen25_14b,28,valenced_opposite::deontic::010,valenced_opposite,deontic,valenced,opposite,0.2,preference_control,7.75,10.75,7.749564051628113,10.749932765960692,7.749564051628113,10.749932765960692,9.249748408794405,-1.5001843571662905,7.75,10.75,9.25,-1.5
qwen25_14b,28,valenced_opposite::deontic::010,valenced_opposite,deontic,valenced,opposite,0.4,preference_control,9.75,9.0,9.749943017959597,8.99985659122467,9.749943017959597,8.99985659122467,9.374899804592133,0.3750432133674621,9.75,9.0,9.375,0.375
qwen25_14b,28,valenced_opposite::deontic::010,valenced_opposite,deontic,valenced,opposite,0.6,preference_control,11.25,7.5,11.249989628791807,7.499443173408508,11.249989628791807,7.499443173408508,9.37471640110016,1.8752732276916504,11.25,7.5,9.375,1.875
qwen25_14b,28,valenced_opposite::deontic::010,valenced_opposite,deontic,valenced,opposite,0.8,preference_control,11.0,5.75,10.999987721443176,5.746826171875,10.999987721443176,5.746826171875,8.373406946659088,2.626580774784088,11.0,5.75,8.375,2.625
qwen25_14b,28,valenced_opposite::deontic::010,valenced_opposite,deontic,valenced,opposite,1.0,preference_control,9.75,3.5,9.749953866004944,3.50146484375,9.749953866004944,3.50146484375,6.625709354877472,3.124244511127472,9.75,3.5,6.625,3.125
qwen25_14b,28,valenced_opposite::deontic::011,valenced_opposite,deontic,valenced,opposite,-1.0,preference_control,-19.125,-20.25,-19.125000596046448,-20.24998426437378,-19.125000596046448,-20.24998426437378,-19.687492430210117,0.5624918341636658,-19.125,-20.25,-19.6875,0.5625
qwen25_14b,28,valenced_opposite::deontic::011,valenced_opposite,deontic,valenced,opposite,-0.8,preference_control,-20.0,-18.625,-20.00000262260437,-18.62499618530273,-20.00000262260437,-18.62499618530273,-19.312499403953552,-0.6875032186508179,-20.0,-18.625,-19.3125,-0.6875
qwen25_14b,28,valenced_opposite::deontic::011,valenced_opposite,deontic,valenced,opposite,-0.6,preference_control,-20.375,-18.125,-20.37500810623169,-18.124998569488525,-20.37500810623169,-18.124998569488525,-19.250003337860107,-1.125004768371582,-20.375,-18.125,-19.25,-1.125
qwen25_14b,28,valenced_opposite::deontic::011,valenced_opposite,deontic,valenced,opposite,-0.4,preference_control,-19.625,-18.75,-19.625011563301086,-18.74999797344208,-19.625011563301086,-18.74999797344208,-19.187504768371586,-0.4375067949295044,-19.625,-18.75,-19.1875,-0.4375
qwen25_14b,28,valenced_opposite::deontic::011,valenced_opposite,deontic,valenced,opposite,-0.2,preference_control,-17.125,-14.75,-17.125001311302185,-14.749988198280334,-17.125001311302185,-14.749988198280334,-15.93749475479126,-1.1875065565109253,-17.125,-14.75,-15.9375,-1.1875
qwen25_14b,28,valenced_opposite::deontic::011,valenced_opposite,deontic,valenced,opposite,0.0,preference_control,-12.25,-7.75,-12.249989986419678,-7.749535799026489,-12.249989986419678,-7.749535799026489,-9.999762892723083,-2.2502270936965942,-12.25,-7.75,-10.0,-2.25
qwen25_14b,28,valenced_opposite::deontic::011,valenced_opposite,deontic,valenced,opposite,0.2,preference_control,-3.25,0.25,-3.242915391921997,0.2500003576278686,-3.242915391921997,0.2500003576278686,-1.4964575171470642,-1.7464578747749329,-3.25,0.25,-1.5,-1.75
qwen25_14b,28,valenced_opposite::deontic::011,valenced_opposite,deontic,valenced,opposite,0.4,preference_control,4.0,2.75,4.013063907623291,2.750488519668579,4.013063907623291,2.750488519668579,3.381776213645935,0.631287693977356,4.0,2.75,3.375,0.625
qwen25_14b,28,valenced_opposite::deontic::011,valenced_opposite,deontic,valenced,opposite,0.6,preference_control,8.0,3.0,7.999663233757019,2.998291254043579,7.999663233757019,2.998291254043579,5.498977243900299,2.50068598985672,8.0,3.0,5.5,2.5
qwen25_14b,28,valenced_opposite::deontic::011,valenced_opposite,deontic,valenced,opposite,0.8,preference_control,9.5,3.0,9.49992537498474,2.9982911348342896,9.49992537498474,2.9982911348342896,6.249108254909515,3.250817120075226,9.5,3.0,6.25,3.25
qwen25_14b,28,valenced_opposite::deontic::011,valenced_opposite,deontic,valenced,opposite,1.0,preference_control,9.75,2.5,9.749942660331726,2.4990234375,9.749942660331726,2.4990234375,6.124483048915863,3.625459611415863,9.75,2.5,6.125,3.625
qwen25_14b,28,valenced_opposite::deontic::012,valenced_opposite,deontic,valenced,opposite,-1.0,preference_control,-13.375,-21.8125,-13.622342586517334,-21.66515684127808,-13.622342586517334,-21.66515684127808,-17.643749713897705,4.021407127380371,-13.375,-21.8125,-17.59375,4.21875
qwen25_14b,28,valenced_opposite::deontic::012,valenced_opposite,deontic,valenced,opposite,-0.8,preference_control,-18.375,-21.5,-18.74913024902344,-21.534717798233032,-18.74913024902344,-21.534717798233032,-20.141924023628235,1.3927937746047974,-18.375,-21.5,-19.9375,1.5625
qwen25_14b,28,valenced_opposite::deontic::012,valenced_opposite,deontic,valenced,opposite,-0.6,preference_control,-21.375,-20.625,-21.74983274936676,-20.46389317512512,-21.74983274936676,-20.46389317512512,-21.10686296224594,-0.6429697871208191,-21.375,-20.625,-21.0,-0.375
qwen25_14b,28,valenced_opposite::deontic::012,valenced_opposite,deontic,valenced,opposite,-0.4,preference_control,-21.25,-17.75,-21.75077974796295,-18.17286467552185,-21.75077974796295,-18.17286467552185,-19.9618222117424,-1.7889575362205503,-21.25,-17.75,-19.5,-1.75
qwen25_14b,28,valenced_opposite::deontic::012,valenced_opposite,deontic,valenced,opposite,-0.2,preference_control,-17.375,-13.5,-17.624572038650513,-13.6445392370224,-17.624572038650513,-13.6445392370224,-15.634555637836456,-1.9900164008140564,-17.375,-13.5,-15.4375,-1.9375
qwen25_14b,28,valenced_opposite::deontic::012,valenced_opposite,deontic,valenced,opposite,0.0,preference_control,-10.875,-2.625,-11.748244047164915,-2.8710988759994507,-11.748244047164915,-2.8710988759994507,-7.309671461582184,-4.438572585582733,-10.875,-2.625,-6.75,-4.125
qwen25_14b,28,valenced_opposite::deontic::012,valenced_opposite,deontic,valenced,opposite,0.2,preference_control,-2.75,3.25,-2.497559666633606,3.250492572784424,-2.497559666633606,3.250492572784424,0.3764664530754089,-2.874026119709015,-2.75,3.25,0.25,-3.0
qwen25_14b,28,valenced_opposite::deontic::012,valenced_opposite,deontic,valenced,opposite,0.4,preference_control,3.25,4.0,2.9982926845550537,4.235421657562256,2.9982926845550537,4.235421657562256,3.616857171058655,-0.6185644865036011,3.25,4.0,3.625,-0.375
qwen25_14b,28,valenced_opposite::deontic::012,valenced_opposite,deontic,valenced,opposite,0.6,preference_control,6.25,4.5,6.498499512672424,4.741400718688965,6.498499512672424,4.741400718688965,5.619950115680695,0.8785493969917297,6.25,4.5,5.375,0.875
qwen25_14b,28,valenced_opposite::deontic::012,valenced_opposite,deontic,valenced,opposite,0.8,preference_control,8.0,4.5,8.249742269515991,4.7413047552108765,8.249742269515991,4.7413047552108765,6.495523512363434,1.7542187571525574,8.0,4.5,6.25,1.75
qwen25_14b,28,valenced_opposite::deontic::012,valenced_opposite,deontic,valenced,opposite,1.0,preference_control,8.0,4.75,8.249741196632385,4.737310886383057,8.249741196632385,4.737310886383057,6.493526041507721,1.7562151551246643,8.0,4.75,6.375,1.625
qwen25_14b,28,valenced_opposite::deontic::013,valenced_opposite,deontic,valenced,opposite,-1.0,preference_control,-14.875,-18.8125,-14.874608755111694,-18.76560854911804,-14.874608755111694,-18.76560854911804,-16.820108652114868,1.9454998970031736,-14.875,-18.8125,-16.84375,1.96875
qwen25_14b,28,valenced_opposite::deontic::013,valenced_opposite,deontic,valenced,opposite,-0.8,preference_control,-17.0,-18.375,-16.999969482421875,-18.33593463897705,-16.999969482421875,-18.33593463897705,-17.667952060699463,0.6679825782775879,-17.0,-18.375,-17.6875,0.6875
qwen25_14b,28,valenced_opposite::deontic::013,valenced_opposite,deontic,valenced,opposite,-0.6,preference_control,-19.0,-18.5625,-19.00006127357483,-18.597411513328552,-19.00006127357483,-18.597411513328552,-18.79873639345169,-0.2013248801231384,-19.0,-18.5625,-18.78125,-0.21875
qwen25_14b,28,valenced_opposite::deontic::013,valenced_opposite,deontic,valenced,opposite,-0.4,preference_control,-19.875,-18.9375,-19.87504410743713,-18.98156702518463,-19.87504410743713,-18.98156702518463,-19.428305566310883,-0.4467385411262512,-19.875,-18.9375,-19.40625,-0.46875
qwen25_14b,28,valenced_opposite::deontic::013,valenced_opposite,deontic,valenced,opposite,-0.2,preference_control,-17.625,-16.875,-17.62499701976776,-16.86614954471588,-17.62499701976776,-16.86614954471588,-17.24557328224182,-0.3794237375259399,-17.625,-16.875,-17.25,-0.375
qwen25_14b,28,valenced_opposite::deontic::013,valenced_opposite,deontic,valenced,opposite,0.0,preference_control,-13.375,-9.75,-13.374866843223572,-9.728271007537842,-13.374866843223572,-9.728271007537842,-11.551568925380709,-1.823297917842865,-13.375,-9.75,-11.5625,-1.8125
qwen25_14b,28,valenced_opposite::deontic::013,valenced_opposite,deontic,valenced,opposite,0.2,preference_control,-4.25,1.75,-4.235046863555908,1.7480469942092896,-4.235046863555908,1.7480469942092896,-1.243499934673309,-2.991546928882599,-4.25,1.75,-1.25,-3.0
qwen25_14b,28,valenced_opposite::deontic::013,valenced_opposite,deontic,valenced,opposite,0.4,preference_control,2.75,3.25,2.749999642372132,3.2431640625,2.749999642372132,3.2431640625,2.9965818524360657,-0.2465822100639343,2.75,3.25,3.0,-0.25
qwen25_14b,28,valenced_opposite::deontic::013,valenced_opposite,deontic,valenced,opposite,0.6,preference_control,6.75,2.25,6.748801827430725,2.2436522245407104,6.748801827430725,2.2436522245407104,4.496227025985718,2.2525748014450078,6.75,2.25,4.5,2.25
qwen25_14b,28,valenced_opposite::deontic::013,valenced_opposite,deontic,valenced,opposite,0.8,preference_control,8.5,1.75,8.499792695045471,1.7539061307907104,8.499792695045471,1.7539061307907104,5.126849412918091,3.3729432821273804,8.5,1.75,5.125,3.375
qwen25_14b,28,valenced_opposite::deontic::013,valenced_opposite,deontic,valenced,opposite,1.0,preference_control,9.0,1.25,8.999874234199524,1.248046636581421,8.999874234199524,1.248046636581421,5.123960435390472,3.875913798809052,9.0,1.25,5.125,3.875
qwen25_14b,28,valenced_opposite::deontic::014,valenced_opposite,deontic,valenced,opposite,-1.0,preference_control,4.375,2.25,4.375001549720764,2.249880075454712,4.375001549720764,2.249880075454712,3.312440812587738,1.062560737133026,4.375,2.25,3.3125,1.0625
qwen25_14b,28,valenced_opposite::deontic::014,valenced_opposite,deontic,valenced,opposite,-0.8,preference_control,0.75,4.0,1.250000238418579,4.015824198722839,1.250000238418579,4.015824198722839,2.632912218570709,-1.38291198015213,0.75,4.0,2.375,-1.625
qwen25_14b,28,valenced_opposite::deontic::014,valenced_opposite,deontic,valenced,opposite,-0.6,preference_control,0.0,2.75,0.250001311302185,2.5079050064086914,0.250001311302185,2.5079050064086914,1.3789531588554382,-1.1289518475532532,0.0,2.75,1.375,-1.375
qwen25_14b,28,valenced_opposite::deontic::014,valenced_opposite,deontic,valenced,opposite,-0.4,preference_control,1.75,1.5,2.007818341255188,1.757870078086853,2.007818341255188,1.757870078086853,1.8828442096710205,0.1249741315841674,1.75,1.5,1.625,0.125
qwen25_14b,28,valenced_opposite::deontic::014,valenced_opposite,deontic,valenced,opposite,-0.2,preference_control,2.25,4.0,2.7500094175338745,4.008504509925842,2.7500094175338745,4.008504509925842,3.3792569637298584,-0.6292475461959839,2.25,4.0,3.125,-0.875
qwen25_14b,28,valenced_opposite::deontic::014,valenced_opposite,deontic,valenced,opposite,0.0,preference_control,2.5,6.5,2.494632124900818,6.498382329940796,2.494632124900818,6.498382329940796,4.496507227420807,-2.001875102519989,2.5,6.5,4.5,-2.0
qwen25_14b,28,valenced_opposite::deontic::014,valenced_opposite,deontic,valenced,opposite,0.2,preference_control,3.0,3.75,2.996825933456421,4.012985587120056,2.996825933456421,4.012985587120056,3.5049057602882385,-0.5080798268318176,3.0,3.75,3.375,-0.375
qwen25_14b,28,valenced_opposite::deontic::014,valenced_opposite,deontic,valenced,opposite,0.4,preference_control,4.5,0.25,4.23577892780304,0.4980515241622925,4.23577892780304,0.4980515241622925,2.366915225982666,1.868863701820373,4.5,0.25,2.375,2.125
qwen25_14b,28,valenced_opposite::deontic::014,valenced_opposite,deontic,valenced,opposite,0.6,preference_control,6.0,-2.5,5.997529029846191,-2.499021291732788,5.997529029846191,-2.499021291732788,1.7492538690567017,4.24827516078949,6.0,-2.5,1.75,4.25
qwen25_14b,28,valenced_opposite::deontic::014,valenced_opposite,deontic,valenced,opposite,0.8,preference_control,6.75,-4.5,6.74883508682251,-4.235837697982788,6.74883508682251,-4.235837697982788,1.2564986944198608,5.492336392402649,6.75,-4.5,1.125,5.625
qwen25_14b,28,valenced_opposite::deontic::014,valenced_opposite,deontic,valenced,opposite,1.0,preference_control,7.5,-6.0,7.499454736709595,-5.746822476387024,7.499454736709595,-5.746822476387024,0.8763161301612854,6.623138606548309,7.5,-6.0,0.75,6.75
qwen25_14b,28,valenced_opposite::deontic::015,valenced_opposite,deontic,valenced,opposite,-1.0,preference_control,-17.125,-28.125,-17.250028014183044,-28.124858617782596,-17.250028014183044,-28.124858617782596,-22.68744331598282,5.437415301799774,-17.125,-28.125,-22.625,5.5
qwen25_14b,28,valenced_opposite::deontic::015,valenced_opposite,deontic,valenced,opposite,-0.8,preference_control,-20.375,-29.25,-20.125043630599976,-29.74990689754486,-20.125043630599976,-29.74990689754486,-24.937475264072415,4.812431633472443,-20.375,-29.25,-24.8125,4.4375
qwen25_14b,28,valenced_opposite::deontic::015,valenced_opposite,deontic,valenced,opposite,-0.6,preference_control,-21.25,-29.1875,-21.50004005432129,-29.74997556209564,-21.50004005432129,-29.74997556209564,-25.625007808208466,4.1249677538871765,-21.25,-29.1875,-25.21875,3.96875
qwen25_14b,28,valenced_opposite::deontic::015,valenced_opposite,deontic,valenced,opposite,-0.4,preference_control,-20.625,-28.6875,-20.87501347064972,-28.749948978424072,-20.87501347064972,-28.749948978424072,-24.812481224536896,3.937467753887177,-20.625,-28.6875,-24.65625,4.03125
qwen25_14b,28,valenced_opposite::deontic::015,valenced_opposite,deontic,valenced,opposite,-0.2,preference_control,-18.75,-26.125,-17.875001430511475,-26.624785661697388,-17.875001430511475,-26.624785661697388,-22.24989354610443,4.3748921155929565,-18.75,-26.125,-22.4375,3.6875
qwen25_14b,28,valenced_opposite::deontic::015,valenced_opposite,deontic,valenced,opposite,0.0,preference_control,-12.75,-17.625,-12.499993562698364,-17.8743714094162,-12.499993562698364,-17.8743714094162,-15.18718248605728,2.687188923358917,-12.75,-17.625,-15.1875,2.4375
qwen25_14b,28,valenced_opposite::deontic::015,valenced_opposite,deontic,valenced,opposite,0.2,preference_control,-3.5,-5.25,-3.5012142658233643,-5.74646270275116,-3.5012142658233643,-5.74646270275116,-4.623838484287262,1.1226242184638977,-3.5,-5.25,-4.375,0.875
qwen25_14b,28,valenced_opposite::deontic::015,valenced_opposite,deontic,valenced,opposite,0.4,preference_control,2.75,-2.0,2.9983015060424805,-2.243651390075684,2.9983015060424805,-2.243651390075684,0.3773250579833984,2.620976448059082,2.75,-2.0,0.375,2.375
qwen25_14b,28,valenced_opposite::deontic::015,valenced_opposite,deontic,valenced,opposite,0.6,preference_control,8.5,-1.0,8.49979817867279,-0.7539068460464478,8.49979817867279,-0.7539068460464478,3.8729456663131714,4.626852512359619,8.5,-1.0,3.75,4.75
qwen25_14b,28,valenced_opposite::deontic::015,valenced_opposite,deontic,valenced,opposite,0.8,preference_control,10.75,-0.25,10.99998426437378,-0.2500016689300537,10.99998426437378,-0.2500016689300537,5.374991297721863,5.6249929666519165,10.75,-0.25,5.25,5.5
qwen25_14b,28,valenced_opposite::deontic::015,valenced_opposite,deontic,valenced,opposite,1.0,preference_control,11.5,0.5,11.749993443489076,0.4980442523956299,11.749993443489076,0.4980442523956299,6.124018847942352,5.625974595546722,11.5,0.5,6.0,5.5
qwen25_14b,28,valenced_opposite::deontic::016,valenced_opposite,deontic,valenced,opposite,-1.0,preference_control,-7.0,-21.125,-7.351562738418579,-21.18748140335083,-7.351562738418579,-21.18748140335083,-14.269522070884705,6.9179593324661255,-7.0,-21.125,-14.0625,7.0625
qwen25_14b,28,valenced_opposite::deontic::016,valenced_opposite,deontic,valenced,opposite,-0.8,preference_control,-8.625,-20.3125,-8.990234732627869,-20.421873331069943,-8.990234732627869,-20.421873331069943,-14.706054031848907,5.715819299221039,-8.625,-20.3125,-14.46875,5.84375
qwen25_14b,28,valenced_opposite::deontic::016,valenced_opposite,deontic,valenced,opposite,-0.6,preference_control,-9.0,-19.125,-8.979126214981079,-19.79687511920929,-8.979126214981079,-19.79687511920929,-14.388000667095184,5.408874452114105,-9.0,-19.125,-14.0625,5.0625
qwen25_14b,28,valenced_opposite::deontic::016,valenced_opposite,deontic,valenced,opposite,-0.4,preference_control,-4.5,-19.125,-5.2246094942092896,-19.73437511920929,-5.2246094942092896,-19.73437511920929,-12.47949230670929,7.2548828125,-4.5,-19.125,-11.8125,7.3125
qwen25_14b,28,valenced_opposite::deontic::016,valenced_opposite,deontic,valenced,opposite,-0.2,preference_control,0.75,-16.75,0.65234375,-17.9287109375,0.65234375,-17.9287109375,-8.63818359375,9.29052734375,0.75,-16.75,-8.0,8.75
qwen25_14b,28,valenced_opposite::deontic::016,valenced_opposite,deontic,valenced,opposite,0.0,preference_control,5.25,-2.0,4.991576910018921,-2.7431640625,4.991576910018921,-2.7431640625,1.1242064237594604,3.867370486259461,5.25,-2.0,1.625,3.625
qwen25_14b,28,valenced_opposite::deontic::016,valenced_opposite,deontic,valenced,opposite,0.2,preference_control,9.75,5.0,9.249886512756348,4.992858409881592,9.249886512756348,4.992858409881592,7.12137246131897,2.128514051437378,9.75,5.0,7.375,2.375
qwen25_14b,28,valenced_opposite::deontic::016,valenced_opposite,deontic,valenced,opposite,0.4,preference_control,12.0,6.0,12.249991536140442,5.997497200965881,12.249991536140442,5.997497200965881,9.123744368553162,3.1262471675872803,12.0,6.0,9.0,3.0
qwen25_14b,28,valenced_opposite::deontic::016,valenced_opposite,deontic,valenced,opposite,0.6,preference_control,13.25,4.5,13.499997854232788,4.488952279090881,13.499997854232788,4.488952279090881,8.994475066661835,4.505522787570953,13.25,4.5,8.875,4.375
qwen25_14b,28,valenced_opposite::deontic::016,valenced_opposite,deontic,valenced,opposite,0.8,preference_control,14.0,2.75,13.999998331069946,2.529540657997132,13.999998331069946,2.529540657997132,8.264769494533539,5.735228836536408,14.0,2.75,8.375,5.625
qwen25_14b,28,valenced_opposite::deontic::016,valenced_opposite,deontic,valenced,opposite,1.0,preference_control,13.25,1.0,13.249997615814207,1.0605467557907104,13.249997615814207,1.0605467557907104,7.15527218580246,6.094725430011749,13.25,1.0,7.125,6.125
qwen25_14b,28,valenced_opposite::deontic::017,valenced_opposite,deontic,valenced,opposite,-1.0,preference_control,-13.375,-20.9375,-13.362865447998049,-20.87891149520874,-13.362865447998049,-20.87891149520874,-17.120888471603394,3.7580230236053462,-13.375,-20.9375,-17.15625,3.78125
qwen25_14b,28,valenced_opposite::deontic::017,valenced_opposite,deontic,valenced,opposite,-0.8,preference_control,-17.0,-14.25,-16.997490882873535,-14.250001072883606,-16.997490882873535,-14.250001072883606,-15.62374597787857,-1.3737449049949646,-17.0,-14.25,-15.625,-1.375
qwen25_14b,28,valenced_opposite::deontic::017,valenced_opposite,deontic,valenced,opposite,-0.6,preference_control,-18.625,-6.875,-18.62345123291016,-6.871093988418579,-18.62345123291016,-6.871093988418579,-12.747272610664368,-5.876178622245789,-18.625,-6.875,-12.75,-5.875
qwen25_14b,28,valenced_opposite::deontic::017,valenced_opposite,deontic,valenced,opposite,-0.4,preference_control,-15.375,-0.5,-15.371116638183594,-0.5000001192092896,-15.371116638183594,-0.5000001192092896,-7.935558378696442,-7.435558259487152,-15.375,-0.5,-7.9375,-7.4375
qwen25_14b,28,valenced_opposite::deontic::017,valenced_opposite,deontic,valenced,opposite,-0.2,preference_control,-5.25,5.125,-5.259779095649719,5.1314697265625,-5.259779095649719,5.1314697265625,-0.0641546845436096,-5.19562441110611,-5.25,5.125,-0.0625,-5.1875
qwen25_14b,28,valenced_opposite::deontic::017,valenced_opposite,deontic,valenced,opposite,0.0,preference_control,4.75,8.25,4.737794399261475,8.248559713363647,4.737794399261475,8.248559713363647,6.493177056312561,-1.7553826570510864,4.75,8.25,6.5,-1.75
qwen25_14b,28,valenced_opposite::deontic::017,valenced_opposite,deontic,valenced,opposite,0.2,preference_control,10.875,9.25,10.873907446861269,9.249808669090273,10.873907446861269,9.249808669090273,10.061858057975767,0.812049388885498,10.875,9.25,10.0625,0.8125
qwen25_14b,28,valenced_opposite::deontic::017,valenced_opposite,deontic,valenced,opposite,0.4,preference_control,13.25,6.75,13.249974608421326,6.748802185058594,13.249974608421326,6.748802185058594,9.99938839673996,3.250586211681366,13.25,6.75,10.0,3.25
qwen25_14b,28,valenced_opposite::deontic::017,valenced_opposite,deontic,valenced,opposite,0.6,preference_control,15.125,4.0,15.124999165534971,4.01306140422821,15.124999165534971,4.01306140422821,9.569030284881592,5.555968880653381,15.125,4.0,9.5625,5.5625
qwen25_14b,28,valenced_opposite::deontic::017,valenced_opposite,deontic,valenced,opposite,0.8,preference_control,16.625,1.25,16.62499976158142,1.2480467557907104,16.62499976158142,1.2480467557907104,8.936523258686066,7.688476502895355,16.625,1.25,8.9375,7.6875
qwen25_14b,28,valenced_opposite::deontic::017,valenced_opposite,deontic,valenced,opposite,1.0,preference_control,16.75,-0.25,16.750000476837158,-0.2500003576278686,16.750000476837158,-0.2500003576278686,8.250000059604645,8.500000417232513,16.75,-0.25,8.25,8.5
qwen25_14b,28,valenced_opposite::deontic::018,valenced_opposite,deontic,valenced,opposite,-1.0,preference_control,-14.625,-22.125,-14.603048086166382,-22.109374403953552,-14.603048086166382,-22.109374403953552,-18.356211245059967,3.753163158893585,-14.625,-22.125,-18.375,3.75
qwen25_14b,28,valenced_opposite::deontic::018,valenced_opposite,deontic,valenced,opposite,-0.8,preference_control,-19.125,-20.1875,-19.116721034049988,-20.171874165534973,-19.116721034049988,-20.171874165534973,-19.64429759979248,0.5275765657424927,-19.125,-20.1875,-19.65625,0.53125
qwen25_14b,28,valenced_opposite::deontic::018,valenced_opposite,deontic,valenced,opposite,-0.6,preference_control,-20.625,-17.375,-20.595702528953552,-17.406248688697815,-20.595702528953552,-17.406248688697815,-19.000975608825684,-1.5947269201278689,-20.625,-17.375,-19.0,-1.625
qwen25_14b,28,valenced_opposite::deontic::018,valenced_opposite,deontic,valenced,opposite,-0.4,preference_control,-17.25,-15.375,-17.29767918586731,-15.328123569488524,-17.29767918586731,-15.328123569488524,-16.312901377677917,-0.984777808189392,-17.25,-15.375,-16.3125,-0.9375
qwen25_14b,28,valenced_opposite::deontic::018,valenced_opposite,deontic,valenced,opposite,-0.2,preference_control,-6.375,-11.5,-6.359379768371582,-11.499999284744264,-6.359379768371582,-11.499999284744264,-8.929689526557922,2.5703097581863403,-6.375,-11.5,-8.9375,2.5625
qwen25_14b,28,valenced_opposite::deontic::018,valenced_opposite,deontic,valenced,opposite,0.0,preference_control,4.5,-2.75,4.490238308906555,-2.753906011581421,4.490238308906555,-2.753906011581421,0.8681661486625671,3.622072160243988,4.5,-2.75,0.875,3.625
qwen25_14b,28,valenced_opposite::deontic::018,valenced_opposite,deontic,valenced,opposite,0.2,preference_control,15.0,3.0,14.99966311454773,3.0034241676330566,14.99966311454773,3.0034241676330566,9.001543641090393,5.998119473457336,15.0,3.0,9.0,6.0
qwen25_14b,28,valenced_opposite::deontic::018,valenced_opposite,deontic,valenced,opposite,0.4,preference_control,17.375,3.5,17.374996185302734,3.501781463623047,17.374996185302734,3.501781463623047,10.43838882446289,6.936607360839844,17.375,3.5,10.4375,6.9375
qwen25_14b,28,valenced_opposite::deontic::018,valenced_opposite,deontic,valenced,opposite,0.6,preference_control,18.5,2.0,18.50000011920929,1.9992141723632808,18.50000011920929,1.9992141723632808,10.249607145786284,8.250392973423004,18.5,2.0,10.25,8.25
qwen25_14b,28,valenced_opposite::deontic::018,valenced_opposite,deontic,valenced,opposite,0.8,preference_control,18.25,0.25,18.25000023841858,0.2502956390380859,18.25000023841858,0.2502956390380859,9.250147938728333,8.999852299690247,18.25,0.25,9.25,9.0
qwen25_14b,28,valenced_opposite::deontic::018,valenced_opposite,deontic,valenced,opposite,1.0,preference_control,18.5,-2.25,18.50000011920929,-2.243627667427063,18.50000011920929,-2.243627667427063,8.128186225891113,10.371813893318176,18.5,-2.25,8.125,10.375
qwen25_14b,28,valenced_opposite::deontic::019,valenced_opposite,deontic,valenced,opposite,-1.0,preference_control,7.625,-0.625,7.623661994934082,-0.6249957084655762,7.623661994934082,-0.6249957084655762,3.499333143234253,4.124328851699829,7.625,-0.625,3.5,4.125
qwen25_14b,28,valenced_opposite::deontic::019,valenced_opposite,deontic,valenced,opposite,-0.8,preference_control,4.75,3.0,4.740224599838257,3.007816791534424,4.740224599838257,3.007816791534424,3.87402069568634,0.8662039041519165,4.75,3.0,3.875,0.875
qwen25_14b,28,valenced_opposite::deontic::019,valenced_opposite,deontic,valenced,opposite,-0.6,preference_control,1.0,5.25,1.0038702487945557,5.243226766586304,1.0038702487945557,5.243226766586304,3.1235485076904297,-2.119678258895874,1.0,5.25,3.125,-2.125
qwen25_14b,28,valenced_opposite::deontic::019,valenced_opposite,deontic,valenced,opposite,-0.4,preference_control,-1.0,4.5,-1.0019649267196655,4.488098859786987,-1.0019649267196655,4.488098859786987,1.7430669665336609,-2.7450318932533264,-1.0,4.5,1.75,-2.75
qwen25_14b,28,valenced_opposite::deontic::019,valenced_opposite,deontic,valenced,opposite,-0.2,preference_control,1.0,4.5,1.0019524097442627,4.48773205280304,1.0019524097442627,4.48773205280304,2.744842231273651,-1.7428898215293884,1.0,4.5,2.75,-1.75
qwen25_14b,28,valenced_opposite::deontic::019,valenced_opposite,deontic,valenced,opposite,0.0,preference_control,4.75,4.75,4.7399901151657104,4.7398682832717896,4.7399901151657104,4.7398682832717896,4.73992919921875,6.091594696044922e-05,4.75,4.75,4.75,0.0
qwen25_14b,28,valenced_opposite::deontic::019,valenced_opposite,deontic,valenced,opposite,0.2,preference_control,10.0,7.0,9.999902248382568,6.998924374580383,9.999902248382568,6.998924374580383,8.499413311481476,1.5004889369010923,10.0,7.0,8.5,1.5
qwen25_14b,28,valenced_opposite::deontic::019,valenced_opposite,deontic,valenced,opposite,0.4,preference_control,11.75,7.0,11.749977469444277,6.999054193496704,11.749977469444277,6.999054193496704,9.37451583147049,2.3754616379737854,11.75,7.0,9.375,2.375
qwen25_14b,28,valenced_opposite::deontic::019,valenced_opposite,deontic,valenced,opposite,0.6,preference_control,12.25,6.0,12.249984979629517,5.9975128173828125,12.249984979629517,5.9975128173828125,9.123748898506165,3.126236081123352,12.25,6.0,9.125,3.125
qwen25_14b,28,valenced_opposite::deontic::019,valenced_opposite,deontic,valenced,opposite,0.8,preference_control,12.25,4.75,12.249984741210938,4.741393685340881,12.249984741210938,4.741393685340881,8.49568921327591,3.754295527935028,12.25,4.75,8.5,3.75
qwen25_14b,28,valenced_opposite::deontic::019,valenced_opposite,deontic,valenced,opposite,1.0,preference_control,11.5,3.5,11.499972581863403,3.501464247703552,11.499972581863403,3.501464247703552,7.500718414783478,3.9992541670799255,11.5,3.5,7.5,4.0
qwen25_14b,28,valenced_opposite::epistemic::000,valenced_opposite,epistemic,valenced,opposite,-1.0,preference_control,-15.875,-13.625,-15.874738693237305,-13.624813079833984,-15.874738693237305,-13.624813079833984,-14.749775886535645,-1.1249628067016602,-15.875,-13.625,-14.75,-1.125
qwen25_14b,28,valenced_opposite::epistemic::000,valenced_opposite,epistemic,valenced,opposite,-0.8,preference_control,-16.75,-13.5,-16.74979591369629,-13.499835014343262,-16.74979591369629,-13.499835014343262,-15.124815464019775,-1.6249804496765137,-16.75,-13.5,-15.125,-1.625
qwen25_14b,28,valenced_opposite::epistemic::000,valenced_opposite,epistemic,valenced,opposite,-0.6,preference_control,-17.375,-13.875,-17.37479591369629,-13.874922275543211,-17.37479591369629,-13.874922275543211,-15.624859094619753,-1.749936819076538,-17.375,-13.875,-15.625,-1.75
qwen25_14b,28,valenced_opposite::epistemic::000,valenced_opposite,epistemic,valenced,opposite,-0.4,preference_control,-17.125,-13.5,-17.124839782714844,-13.499944686889648,-17.124839782714844,-13.499944686889648,-15.312392234802246,-1.8124475479125977,-17.125,-13.5,-15.3125,-1.8125
qwen25_14b,28,valenced_opposite::epistemic::000,valenced_opposite,epistemic,valenced,opposite,-0.2,preference_control,-15.625,-12.125,-15.624922275543211,-12.124964952468872,-15.624922275543211,-12.124964952468872,-13.874943614006042,-1.7499786615371704,-15.625,-12.125,-13.875,-1.75
qwen25_14b,28,valenced_opposite::epistemic::000,valenced_opposite,epistemic,valenced,opposite,0.0,preference_control,-13.0,-9.0,-12.999947547912598,-8.999861717224121,-12.999947547912598,-8.999861717224121,-10.99990463256836,-2.0000429153442383,-13.0,-9.0,-11.0,-2.0
qwen25_14b,28,valenced_opposite::epistemic::000,valenced_opposite,epistemic,valenced,opposite,0.2,preference_control,-6.75,-2.0,-6.748802185058594,-1.998046875,-6.748802185058594,-1.998046875,-4.373424530029297,-2.375377655029297,-6.75,-2.0,-4.375,-2.375
qwen25_14b,28,valenced_opposite::epistemic::000,valenced_opposite,epistemic,valenced,opposite,0.4,preference_control,2.5,2.5,2.4990234375,2.4990234375,2.4990234375,2.4990234375,2.4990234375,0.0,2.5,2.5,2.5,0.0
qwen25_14b,28,valenced_opposite::epistemic::000,valenced_opposite,epistemic,valenced,opposite,0.6,preference_control,7.5,5.5,7.499446868896484,5.49591064453125,7.499446868896484,5.49591064453125,6.497678756713867,1.0017681121826172,7.5,5.5,6.5,1.0
qwen25_14b,28,valenced_opposite::epistemic::000,valenced_opposite,epistemic,valenced,opposite,0.8,preference_control,10.5,7.5,10.499972462654114,7.499446868896484,10.499972462654114,7.499446868896484,8.999709665775299,1.5002627968788147,10.5,7.5,9.0,1.5
qwen25_14b,28,valenced_opposite::epistemic::000,valenced_opposite,epistemic,valenced,opposite,1.0,preference_control,11.5,8.5,11.499989867210388,8.499796867370605,11.499989867210388,8.499796867370605,9.999893367290497,1.5000964999198914,11.5,8.5,10.0,1.5
qwen25_14b,28,valenced_opposite::epistemic::001,valenced_opposite,epistemic,valenced,opposite,-1.0,preference_control,-21.75,-20.125,-21.74997627735138,-20.124990344047543,-21.74997627735138,-20.124990344047543,-20.937483310699463,-0.8124929666519165,-21.75,-20.125,-20.9375,-0.8125
qwen25_14b,28,valenced_opposite::epistemic::001,valenced_opposite,epistemic,valenced,opposite,-0.8,preference_control,-22.875,-19.5,-22.874984622001648,-19.499988913536072,-22.874984622001648,-19.499988913536072,-21.18748676776886,-1.687497854232788,-22.875,-19.5,-21.1875,-1.6875
qwen25_14b,28,valenced_opposite::epistemic::001,valenced_opposite,epistemic,valenced,opposite,-0.6,preference_control,-23.625,-19.625,-23.62499046325684,-19.6249920129776,-23.62499046325684,-19.6249920129776,-21.624991238117214,-1.999999225139618,-23.625,-19.625,-21.625,-2.0
qwen25_14b,28,valenced_opposite::epistemic::001,valenced_opposite,epistemic,valenced,opposite,-0.4,preference_control,-23.5,-19.125,-23.499992609024048,-19.12499618530273,-23.499992609024048,-19.12499618530273,-21.31249439716339,-2.1874982118606567,-23.5,-19.125,-21.3125,-2.1875
qwen25_14b,28,valenced_opposite::epistemic::001,valenced_opposite,epistemic,valenced,opposite,-0.2,preference_control,-22.125,-17.75,-22.124995708465576,-17.749998211860657,-22.124995708465576,-17.749998211860657,-19.93749696016312,-2.18749874830246,-22.125,-17.75,-19.9375,-2.1875
qwen25_14b,28,valenced_opposite::epistemic::001,valenced_opposite,epistemic,valenced,opposite,0.0,preference_control,-18.75,-14.0,-18.74999701976776,-13.999998331069946,-18.74999701976776,-13.999998331069946,-16.374997675418854,-2.3749993443489075,-18.75,-14.0,-16.375,-2.375
qwen25_14b,28,valenced_opposite::epistemic::001,valenced_opposite,epistemic,valenced,opposite,0.2,preference_control,-9.5,-6.25,-9.49992322921753,-6.248069763183594,-9.49992322921753,-6.248069763183594,-7.8739964962005615,-1.6259267330169678,-9.5,-6.25,-7.875,-1.625
qwen25_14b,28,valenced_opposite::epistemic::001,valenced_opposite,epistemic,valenced,opposite,0.4,preference_control,6.0,3.25,5.997528076171875,3.2431640625,5.997528076171875,3.2431640625,4.6203460693359375,1.3771820068359375,6.0,3.25,4.625,1.375
qwen25_14b,28,valenced_opposite::epistemic::001,valenced_opposite,epistemic,valenced,opposite,0.6,preference_control,12.75,10.25,12.74999701976776,10.249964714050291,12.74999701976776,10.249964714050291,11.499980866909029,1.250016152858734,12.75,10.25,11.5,1.25
qwen25_14b,28,valenced_opposite::epistemic::001,valenced_opposite,epistemic,valenced,opposite,0.8,preference_control,15.25,15.0,15.24999976158142,14.999999642372131,15.24999976158142,14.999999642372131,15.124999701976776,0.1250000596046447,15.25,15.0,15.125,0.125
qwen25_14b,28,valenced_opposite::epistemic::001,valenced_opposite,epistemic,valenced,opposite,1.0,preference_control,15.5,16.25,15.49999976158142,16.24999988079071,15.49999976158142,16.24999988079071,15.874999821186066,-0.3750000596046448,15.5,16.25,15.875,-0.375
qwen25_14b,28,valenced_opposite::epistemic::002,valenced_opposite,epistemic,valenced,opposite,-1.0,preference_control,-9.0,-20.5,-8.999834060668945,-20.49997365474701,-8.999834060668945,-20.49997365474701,-14.749903857707976,5.750069797039032,-9.0,-20.5,-14.75,5.75
qwen25_14b,28,valenced_opposite::epistemic::002,valenced_opposite,epistemic,valenced,opposite,-0.8,preference_control,-11.0,-22.25,-10.99995255470276,-22.249984860420227,-10.99995255470276,-22.249984860420227,-16.624968707561493,5.625016152858734,-11.0,-22.25,-16.625,5.625
qwen25_14b,28,valenced_opposite::epistemic::002,valenced_opposite,epistemic,valenced,opposite,-0.6,preference_control,-12.75,-22.75,-12.749977946281431,-22.749988317489624,-12.749977946281431,-22.749988317489624,-17.74998313188553,5.000005185604096,-12.75,-22.75,-17.75,5.0
qwen25_14b,28,valenced_opposite::epistemic::002,valenced_opposite,epistemic,valenced,opposite,-0.4,preference_control,-12.75,-23.125,-12.749976515769958,-23.12499070167541,-12.749976515769958,-23.12499070167541,-17.937483608722687,5.187507092952728,-12.75,-23.125,-17.9375,5.1875
qwen25_14b,28,valenced_opposite::epistemic::002,valenced_opposite,epistemic,valenced,opposite,-0.2,preference_control,-11.25,-22.25,-11.249963283538818,-22.24998998641968,-11.249963283538818,-22.24998998641968,-16.749976634979248,5.50001335144043,-11.25,-22.25,-16.75,5.5
qwen25_14b,28,valenced_opposite::epistemic::002,valenced_opposite,epistemic,valenced,opposite,0.0,preference_control,-7.25,-18.875,-7.249267578125,-18.874977946281437,-7.249267578125,-18.874977946281437,-13.062122762203217,5.8128551840782166,-7.25,-18.875,-13.0625,5.8125
qwen25_14b,28,valenced_opposite::epistemic::002,valenced_opposite,epistemic,valenced,opposite,0.2,preference_control,0.75,-4.0,0.75390625,-4.012939453125,0.75390625,-4.012939453125,-1.6295166015625,2.3834228515625,0.75,-4.0,-1.625,2.375
qwen25_14b,28,valenced_opposite::epistemic::002,valenced_opposite,epistemic,valenced,opposite,0.4,preference_control,7.0,3.0,6.99908447265625,2.998291015625,6.99908447265625,2.998291015625,4.998687744140625,2.000396728515625,7.0,3.0,5.0,2.0
qwen25_14b,28,valenced_opposite::epistemic::002,valenced_opposite,epistemic,valenced,opposite,0.6,preference_control,10.5,5.5,10.499971151351929,5.49591064453125,10.499971151351929,5.49591064453125,7.997940897941589,2.50203025341034,10.5,5.5,8.0,2.5
qwen25_14b,28,valenced_opposite::epistemic::002,valenced_opposite,epistemic,valenced,opposite,0.8,preference_control,12.5,7.0,12.499995589256288,6.999088406562805,12.499995589256288,6.999088406562805,9.749541997909546,2.7504535913467407,12.5,7.0,9.75,2.75
qwen25_14b,28,valenced_opposite::epistemic::002,valenced_opposite,epistemic,valenced,opposite,1.0,preference_control,13.5,8.0,13.499997973442078,7.999664545059204,13.499997973442078,7.999664545059204,10.74983125925064,2.7501667141914368,13.5,8.0,10.75,2.75
qwen25_14b,28,valenced_opposite::epistemic::003,valenced_opposite,epistemic,valenced,opposite,-1.0,preference_control,-11.75,-23.5,-11.74997067451477,-23.499983429908752,-11.74997067451477,-23.499983429908752,-17.62497705221176,5.875006377696991,-11.75,-23.5,-17.625,5.875
qwen25_14b,28,valenced_opposite::epistemic::003,valenced_opposite,epistemic,valenced,opposite,-0.8,preference_control,-12.25,-21.625,-12.249977707862854,-21.624990940093998,-12.249977707862854,-21.624990940093998,-16.937484323978424,4.68750661611557,-12.25,-21.625,-16.9375,4.6875
qwen25_14b,28,valenced_opposite::epistemic::003,valenced_opposite,epistemic,valenced,opposite,-0.6,preference_control,-12.75,-20.5,-12.74998688697815,-20.499993205070496,-12.74998688697815,-20.499993205070496,-16.624990046024323,3.875003159046173,-12.75,-20.5,-16.625,3.875
qwen25_14b,28,valenced_opposite::epistemic::003,valenced_opposite,epistemic,valenced,opposite,-0.4,preference_control,-12.75,-21.5,-12.749988317489624,-21.499995827674866,-12.749988317489624,-21.499995827674866,-17.124992072582245,4.375003755092621,-12.75,-21.5,-17.125,4.375
qwen25_14b,28,valenced_opposite::epistemic::003,valenced_opposite,epistemic,valenced,opposite,-0.2,preference_control,-12.25,-21.875,-12.249990344047546,-21.87499737739563,-12.249990344047546,-21.87499737739563,-17.062493860721588,4.812503516674042,-12.25,-21.875,-17.0625,4.8125
qwen25_14b,28,valenced_opposite::epistemic::003,valenced_opposite,epistemic,valenced,opposite,0.0,preference_control,-10.25,-19.875,-10.249961376190186,-19.87499868869781,-10.249961376190186,-19.87499868869781,-15.062480032444,4.812518656253815,-10.25,-19.875,-15.0625,4.8125
qwen25_14b,28,valenced_opposite::epistemic::003,valenced_opposite,epistemic,valenced,opposite,0.2,preference_control,-3.75,-12.0,-3.742431640625,-11.999993324279783,-3.742431640625,-11.999993324279783,-7.871212482452393,4.128780841827393,-3.75,-12.0,-7.875,4.125
qwen25_14b,28,valenced_opposite::epistemic::003,valenced_opposite,epistemic,valenced,opposite,0.4,preference_control,4.0,-6.5,4.0130615234375,-6.498497009277344,4.0130615234375,-6.498497009277344,-1.242717742919922,5.255779266357422,4.0,-6.5,-1.25,5.25
qwen25_14b,28,valenced_opposite::epistemic::003,valenced_opposite,epistemic,valenced,opposite,0.6,preference_control,7.25,-5.25,7.2492828369140625,-5.2447509765625,7.2492828369140625,-5.2447509765625,1.0022659301757812,6.247016906738281,7.25,-5.25,1.0,6.25
qwen25_14b,28,valenced_opposite::epistemic::003,valenced_opposite,epistemic,valenced,opposite,0.8,preference_control,7.75,-5.25,7.749561309814453,-5.2447509765625,7.749561309814453,-5.2447509765625,1.2524051666259766,6.497156143188477,7.75,-5.25,1.25,6.5
qwen25_14b,28,valenced_opposite::epistemic::003,valenced_opposite,epistemic,valenced,opposite,1.0,preference_control,6.75,-5.0,6.748817443847656,-4.9932861328125,6.748817443847656,-4.9932861328125,0.8777656555175781,5.871051788330078,6.75,-5.0,0.875,5.875
qwen25_14b,28,valenced_opposite::epistemic::004,valenced_opposite,epistemic,valenced,opposite,-1.0,preference_control,-20.125,-21.0,-20.12499952316284,-20.999995470047,-20.12499952316284,-20.999995470047,-20.56249749660492,0.4374979734420776,-20.125,-21.0,-20.5625,0.4375
qwen25_14b,28,valenced_opposite::epistemic::004,valenced_opposite,epistemic,valenced,opposite,-0.8,preference_control,-20.75,-22.375,-20.74999964237213,-22.374998211860657,-20.74999964237213,-22.374998211860657,-21.562498927116398,0.8124992847442627,-20.75,-22.375,-21.5625,0.8125
qwen25_14b,28,valenced_opposite::epistemic::004,valenced_opposite,epistemic,valenced,opposite,-0.6,preference_control,-21.0,-23.625,-20.99999976158142,-23.624999165534973,-20.99999976158142,-23.624999165534973,-22.3124994635582,1.312499701976776,-21.0,-23.625,-22.3125,1.3125
qwen25_14b,28,valenced_opposite::epistemic::004,valenced_opposite,epistemic,valenced,opposite,-0.4,preference_control,-21.0,-23.625,-20.99999976158142,-23.62499952316284,-20.99999976158142,-23.62499952316284,-22.31249964237213,1.3124998807907104,-21.0,-23.625,-22.3125,1.3125
qwen25_14b,28,valenced_opposite::epistemic::004,valenced_opposite,epistemic,valenced,opposite,-0.2,preference_control,-19.5,-22.25,-19.49999976158142,-22.24999964237213,-19.49999976158142,-22.24999964237213,-20.874999701976776,1.3749999403953552,-19.5,-22.25,-20.875,1.375
qwen25_14b,28,valenced_opposite::epistemic::004,valenced_opposite,epistemic,valenced,opposite,0.0,preference_control,-16.5,-19.0,-16.49999976158142,-18.99999988079071,-16.49999976158142,-18.99999988079071,-17.749999821186066,1.2500000596046448,-16.5,-19.0,-17.75,1.25
qwen25_14b,28,valenced_opposite::epistemic::004,valenced_opposite,epistemic,valenced,opposite,0.2,preference_control,-6.5,-7.0,-6.498497009277344,-6.999088287353516,-6.498497009277344,-6.999088287353516,-6.74879264831543,0.2502956390380859,-6.5,-7.0,-6.75,0.25
qwen25_14b,28,valenced_opposite::epistemic::004,valenced_opposite,epistemic,valenced,opposite,0.4,preference_control,3.25,3.25,3.2431640625,3.2431640625,3.2431640625,3.2431640625,3.2431640625,0.0,3.25,3.25,3.25,0.0
qwen25_14b,28,valenced_opposite::epistemic::004,valenced_opposite,epistemic,valenced,opposite,0.6,preference_control,8.75,6.0,8.749841690063477,5.997528076171875,8.749841690063477,5.997528076171875,7.373684883117676,1.3761568069458008,8.75,6.0,7.375,1.375
qwen25_14b,28,valenced_opposite::epistemic::004,valenced_opposite,epistemic,valenced,opposite,0.8,preference_control,11.0,8.0,10.999983191490172,7.999664306640625,10.999983191490172,7.999664306640625,9.4998237490654,1.5001594424247742,11.0,8.0,9.5,1.5
qwen25_14b,28,valenced_opposite::epistemic::004,valenced_opposite,epistemic,valenced,opposite,1.0,preference_control,11.5,8.0,11.4999897480011,7.999664306640625,11.4999897480011,7.999664306640625,9.749827027320862,1.7501627206802368,11.5,8.0,9.75,1.75
qwen25_14b,28,valenced_opposite::epistemic::005,valenced_opposite,epistemic,valenced,opposite,-1.0,preference_control,-13.5,-24.0,-13.499987363815308,-24.00000047683716,-13.499987363815308,-24.00000047683716,-18.749993920326236,5.250006556510925,-13.5,-24.0,-18.75,5.25
qwen25_14b,28,valenced_opposite::epistemic::005,valenced_opposite,epistemic,valenced,opposite,-0.8,preference_control,-15.125,-25.375,-15.124992847442629,-25.37500107288361,-15.124992847442629,-25.37500107288361,-20.24999696016312,5.1250041127204895,-15.125,-25.375,-20.25,5.125
qwen25_14b,28,valenced_opposite::epistemic::005,valenced_opposite,epistemic,valenced,opposite,-0.6,preference_control,-14.75,-26.875,-14.749996900558472,-26.8750022649765,-14.749996900558472,-26.8750022649765,-20.812499582767487,6.062502682209015,-14.75,-26.875,-20.8125,6.0625
qwen25_14b,28,valenced_opposite::epistemic::005,valenced_opposite,epistemic,valenced,opposite,-0.4,preference_control,-13.75,-26.125,-13.749997615814207,-26.12500286102295,-13.749997615814207,-26.12500286102295,-19.93750023841858,6.18750262260437,-13.75,-26.125,-19.9375,6.1875
qwen25_14b,28,valenced_opposite::epistemic::005,valenced_opposite,epistemic,valenced,opposite,-0.2,preference_control,-12.0,-23.0,-11.99999225139618,-23.000001430511475,-11.99999225139618,-23.000001430511475,-17.499996840953827,5.500004589557648,-12.0,-23.0,-17.5,5.5
qwen25_14b,28,valenced_opposite::epistemic::005,valenced_opposite,epistemic,valenced,opposite,0.0,preference_control,-8.75,-16.5,-8.749837756156921,-16.499998450279236,-8.749837756156921,-16.499998450279236,-12.62491810321808,3.875080347061157,-8.75,-16.5,-12.625,3.875
qwen25_14b,28,valenced_opposite::epistemic::005,valenced_opposite,epistemic,valenced,opposite,0.2,preference_control,-2.25,-5.0,-2.2436509132385254,-4.9932861328125,-2.2436509132385254,-4.9932861328125,-3.6184685230255127,1.3748176097869873,-2.25,-5.0,-3.625,1.375
qwen25_14b,28,valenced_opposite::epistemic::005,valenced_opposite,epistemic,valenced,opposite,0.4,preference_control,3.25,-0.25,3.243177652359009,-0.2499997615814209,3.243177652359009,-0.2499997615814209,1.496588945388794,1.7465887069702148,3.25,-0.25,1.5,1.75
qwen25_14b,28,valenced_opposite::epistemic::005,valenced_opposite,epistemic,valenced,opposite,0.6,preference_control,7.25,1.25,7.249325156211853,1.2480472326278689,7.249325156211853,1.2480472326278689,4.248686194419861,3.000638961791992,7.25,1.25,4.25,3.0
qwen25_14b,28,valenced_opposite::epistemic::005,valenced_opposite,epistemic,valenced,opposite,0.8,preference_control,10.75,1.75,10.750066757202148,1.7539066076278689,10.750066757202148,1.7539066076278689,6.2519866824150085,4.49808007478714,10.75,1.75,6.25,4.5
qwen25_14b,28,valenced_opposite::epistemic::005,valenced_opposite,epistemic,valenced,opposite,1.0,preference_control,13.0,2.5,13.000093817710876,2.499024271965027,13.000093817710876,2.499024271965027,7.749559044837952,5.250534772872925,13.0,2.5,7.75,5.25
qwen25_14b,28,valenced_opposite::epistemic::006,valenced_opposite,epistemic,valenced,opposite,-1.0,preference_control,-19.5,-19.0,-19.499977827072144,-19.00026023387909,-19.499977827072144,-19.00026023387909,-19.250119030475616,-0.2498587965965271,-19.5,-19.0,-19.25,-0.25
qwen25_14b,28,valenced_opposite::epistemic::006,valenced_opposite,epistemic,valenced,opposite,-0.8,preference_control,-20.375,-19.375,-20.37498998641968,-19.37512230873108,-20.37498998641968,-19.37512230873108,-19.87505614757538,-0.4999338388442993,-20.375,-19.375,-19.875,-0.5
qwen25_14b,28,valenced_opposite::epistemic::006,valenced_opposite,epistemic,valenced,opposite,-0.6,preference_control,-21.375,-19.375,-21.374996066093445,-19.3750262260437,-21.374996066093445,-19.3750262260437,-20.375011146068573,-0.9999849200248718,-21.375,-19.375,-20.375,-1.0
qwen25_14b,28,valenced_opposite::epistemic::006,valenced_opposite,epistemic,valenced,opposite,-0.4,preference_control,-20.75,-19.5,-20.749996662139893,-19.50000202655792,-20.749996662139893,-19.50000202655792,-20.124999344348907,-0.6249973177909851,-20.75,-19.5,-20.125,-0.625
qwen25_14b,28,valenced_opposite::epistemic::006,valenced_opposite,epistemic,valenced,opposite,-0.2,preference_control,-18.625,-17.125,-18.62499439716339,-17.124996662139893,-18.62499439716339,-17.124996662139893,-17.874995529651642,-0.7499988675117493,-18.625,-17.125,-17.875,-0.75
qwen25_14b,28,valenced_opposite::epistemic::006,valenced_opposite,epistemic,valenced,opposite,0.0,preference_control,-14.375,-11.25,-14.374960064888,-11.2499817609787,-14.374960064888,-11.2499817609787,-12.81247091293335,-1.5624891519546509,-14.375,-11.25,-12.8125,-1.5625
qwen25_14b,28,valenced_opposite::epistemic::006,valenced_opposite,epistemic,valenced,opposite,0.2,preference_control,-5.25,-3.25,-5.24237072467804,-3.2570788860321045,-5.24237072467804,-3.2570788860321045,-4.249724805355072,-0.9926459193229676,-5.25,-3.25,-4.25,-1.0
qwen25_14b,28,valenced_opposite::epistemic::006,valenced_opposite,epistemic,valenced,opposite,0.4,preference_control,4.75,-0.5,4.734375,-0.5019528865814209,4.734375,-0.5019528865814209,2.1162110567092896,2.6181639432907104,4.75,-0.5,2.125,2.625
qwen25_14b,28,valenced_opposite::epistemic::006,valenced_opposite,epistemic,valenced,opposite,0.6,preference_control,8.875,0.0,8.859375,2.384185791015625e-07,8.859375,2.384185791015625e-07,4.4296876192092896,4.4296873807907104,8.875,0.0,4.4375,4.4375
qwen25_14b,28,valenced_opposite::epistemic::006,valenced_opposite,epistemic,valenced,opposite,0.8,preference_control,10.25,-0.25,10.225098013877869,-0.2499997615814209,10.225098013877869,-0.2499997615814209,4.987549126148224,5.237548887729645,10.25,-0.25,5.0,5.25
qwen25_14b,28,valenced_opposite::epistemic::006,valenced_opposite,epistemic,valenced,opposite,1.0,preference_control,10.25,-0.25,10.267578959465029,-0.25,10.267578959465029,-0.25,5.008789479732513,5.258789479732513,10.25,-0.25,5.0,5.25
qwen25_14b,28,valenced_opposite::epistemic::007,valenced_opposite,epistemic,valenced,opposite,-1.0,preference_control,-15.0,-23.5,-14.999977588653564,-23.48134410381317,-14.999977588653564,-23.48134410381317,-19.240660846233368,4.240683257579804,-15.0,-23.5,-19.25,4.25
qwen25_14b,28,valenced_opposite::epistemic::007,valenced_opposite,epistemic,valenced,opposite,-0.8,preference_control,-15.75,-24.25,-15.749985456466677,-24.234506726264957,-15.749985456466677,-24.234506726264957,-19.99224609136581,4.242260634899139,-15.75,-24.25,-20.0,4.25
qwen25_14b,28,valenced_opposite::epistemic::007,valenced_opposite,epistemic,valenced,opposite,-0.6,preference_control,-17.375,-25.875,-17.374992609024048,-25.867537260055546,-17.374992609024048,-25.867537260055546,-21.621264934539795,4.246272325515747,-17.375,-25.875,-21.625,4.25
qwen25_14b,28,valenced_opposite::epistemic::007,valenced_opposite,epistemic,valenced,opposite,-0.4,preference_control,-17.875,-26.5,-17.875003814697266,-26.48818242549896,-17.875003814697266,-26.48818242549896,-22.181593120098118,4.306589305400848,-17.875,-26.5,-22.1875,4.3125
qwen25_14b,28,valenced_opposite::epistemic::007,valenced_opposite,epistemic,valenced,opposite,-0.2,preference_control,-15.375,-24.0,-15.374988317489624,-24.05422008037567,-15.374988317489624,-24.05422008037567,-19.714604198932648,4.339615881443024,-15.375,-24.0,-19.6875,4.3125
qwen25_14b,28,valenced_opposite::epistemic::007,valenced_opposite,epistemic,valenced,opposite,0.0,preference_control,-9.875,-15.5,-9.87480902671814,-15.484378099441528,-9.87480902671814,-15.484378099441528,-12.679593563079834,2.8047845363616943,-9.875,-15.5,-12.6875,2.8125
qwen25_14b,28,valenced_opposite::epistemic::007,valenced_opposite,epistemic,valenced,opposite,0.2,preference_control,-1.25,-1.0,-1.2539091110229492,-0.9921882152557372,-1.2539091110229492,-0.9921882152557372,-1.1230486631393433,-0.1308604478836059,-1.25,-1.0,-1.125,-0.125
qwen25_14b,28,valenced_opposite::epistemic::007,valenced_opposite,epistemic,valenced,opposite,0.4,preference_control,6.5,2.5,6.4977707862854,2.4960925579071045,6.4977707862854,2.4960925579071045,4.496931672096252,2.000839114189148,6.5,2.5,4.5,2.0
qwen25_14b,28,valenced_opposite::epistemic::007,valenced_opposite,epistemic,valenced,opposite,0.6,preference_control,10.0,3.25,9.999820590019226,3.242916941642761,9.999820590019226,3.242916941642761,6.621368765830994,3.3784518241882324,10.0,3.25,6.625,3.375
qwen25_14b,28,valenced_opposite::epistemic::007,valenced_opposite,epistemic,valenced,opposite,0.8,preference_control,11.25,3.0,11.249922633171082,2.998284935951233,11.249922633171082,2.998284935951233,7.124103784561157,4.125818848609924,11.25,3.0,7.125,4.125
qwen25_14b,28,valenced_opposite::epistemic::007,valenced_opposite,epistemic,valenced,opposite,1.0,preference_control,11.125,3.0,11.124954104423525,2.998281478881836,11.124954104423525,2.998281478881836,7.061617791652679,4.063336312770844,11.125,3.0,7.0625,4.0625
qwen25_14b,28,valenced_opposite::epistemic::008,valenced_opposite,epistemic,valenced,opposite,-1.0,preference_control,-19.625,-32.25,-19.251942992210388,-32.25860548019409,-19.251942992210388,-32.25860548019409,-25.75527423620224,6.503331243991852,-19.625,-32.25,-25.9375,6.3125
qwen25_14b,28,valenced_opposite::epistemic::008,valenced_opposite,epistemic,valenced,opposite,-0.8,preference_control,-23.0,-34.5,-23.261713981628414,-34.01104700565338,-23.261713981628414,-34.01104700565338,-28.6363804936409,5.374666512012482,-23.0,-34.5,-28.75,5.75
qwen25_14b,28,valenced_opposite::epistemic::008,valenced_opposite,epistemic,valenced,opposite,-0.6,preference_control,-26.125,-35.625,-26.691405177116398,-35.27978491783142,-26.691405177116398,-35.27978491783142,-30.985595047473907,4.294189870357513,-26.125,-35.625,-30.875,4.75
qwen25_14b,28,valenced_opposite::epistemic::008,valenced_opposite,epistemic,valenced,opposite,-0.4,preference_control,-26.75,-35.875,-27.82421839237213,-35.54858386516571,-27.82421839237213,-35.54858386516571,-31.68640112876892,3.8621827363967896,-26.75,-35.875,-31.3125,4.5625
qwen25_14b,28,valenced_opposite::epistemic::008,valenced_opposite,epistemic,valenced,opposite,-0.2,preference_control,-26.0,-34.75,-27.07421839237213,-34.54858386516571,-27.07421839237213,-34.54858386516571,-30.81140112876892,3.7371827363967896,-26.0,-34.75,-30.375,4.375
qwen25_14b,28,valenced_opposite::epistemic::008,valenced_opposite,epistemic,valenced,opposite,0.0,preference_control,-24.0,-32.125,-24.31640601158142,-31.89819312095642,-24.31640601158142,-31.89819312095642,-28.10729956626892,3.7908935546875,-24.0,-32.125,-28.0625,4.0625
qwen25_14b,28,valenced_opposite::epistemic::008,valenced_opposite,epistemic,valenced,opposite,0.2,preference_control,-11.0,-20.5,-11.386701703071594,-20.506713390350345,-11.386701703071594,-20.506713390350345,-15.946707546710968,4.560005843639374,-11.0,-20.5,-15.75,4.75
qwen25_14b,28,valenced_opposite::epistemic::008,valenced_opposite,epistemic,valenced,opposite,0.4,preference_control,5.25,-1.0,4.990662217140198,-1.1132575273513794,4.990662217140198,-1.1132575273513794,1.9387023448944087,3.051959872245789,5.25,-1.0,2.125,3.125
qwen25_14b,28,valenced_opposite::epistemic::008,valenced_opposite,epistemic,valenced,opposite,0.6,preference_control,13.0,4.75,12.998496294021606,4.491783976554871,12.998496294021606,4.491783976554871,8.745140135288239,4.253356158733368,13.0,4.75,8.875,4.125
qwen25_14b,28,valenced_opposite::epistemic::008,valenced_opposite,epistemic,valenced,opposite,0.8,preference_control,15.25,5.5,15.248835444450378,5.245323777198792,15.248835444450378,5.245323777198792,10.247079610824583,5.0017558336257935,15.25,5.5,10.375,4.875
qwen25_14b,28,valenced_opposite::epistemic::008,valenced_opposite,epistemic,valenced,opposite,1.0,preference_control,16.25,5.25,16.248843908309937,4.993981003761292,16.248843908309937,4.993981003761292,10.621412456035614,5.6274314522743225,16.25,5.25,10.75,5.5
qwen25_14b,28,valenced_opposite::epistemic::009,valenced_opposite,epistemic,valenced,opposite,-1.0,preference_control,0.75,-4.125,0.75,-4.125,0.75,-4.125,-1.6875,2.4375,0.75,-4.125,-1.6875,2.4375
qwen25_14b,28,valenced_opposite::epistemic::009,valenced_opposite,epistemic,valenced,opposite,-0.8,preference_control,-0.75,-3.125,-0.75,-3.1201171875,-0.75,-3.1201171875,-1.93505859375,1.18505859375,-0.75,-3.125,-1.9375,1.1875
qwen25_14b,28,valenced_opposite::epistemic::009,valenced_opposite,epistemic,valenced,opposite,-0.6,preference_control,-3.25,-3.5,-3.2568359375,-3.507080078125,-3.2568359375,-3.507080078125,-3.3819580078125,0.1251220703125,-3.25,-3.5,-3.375,0.125
qwen25_14b,28,valenced_opposite::epistemic::009,valenced_opposite,epistemic,valenced,opposite,-0.4,preference_control,-5.25,-5.0,-5.24395751953125,-4.9859619140625,-5.24395751953125,-4.9859619140625,-5.114959716796875,-0.128997802734375,-5.25,-5.0,-5.125,-0.125
qwen25_14b,28,valenced_opposite::epistemic::009,valenced_opposite,epistemic,valenced,opposite,-0.2,preference_control,-4.75,-4.5,-4.740234375,-4.5130615234375,-4.740234375,-4.5130615234375,-4.62664794921875,-0.11358642578125,-4.75,-4.5,-4.625,-0.125
qwen25_14b,28,valenced_opposite::epistemic::009,valenced_opposite,epistemic,valenced,opposite,0.0,preference_control,-1.25,0.5,-1.25390625,0.5,-1.25390625,0.5,-0.376953125,-0.876953125,-1.25,0.5,-0.375,-0.875
qwen25_14b,28,valenced_opposite::epistemic::009,valenced_opposite,epistemic,valenced,opposite,0.2,preference_control,6.5,6.25,6.498359680175781,6.2478790283203125,6.498359680175781,6.2478790283203125,6.373119354248047,0.1252403259277343,6.5,6.25,6.375,0.125
qwen25_14b,28,valenced_opposite::epistemic::009,valenced_opposite,epistemic,valenced,opposite,0.4,preference_control,10.5,6.5,10.499959230422974,6.49847412109375,10.499959230422974,6.49847412109375,8.499216675758362,2.000742554664612,10.5,6.5,8.5,2.0
qwen25_14b,28,valenced_opposite::epistemic::009,valenced_opposite,epistemic,valenced,opposite,0.6,preference_control,11.5,4.75,11.499982953071594,4.74139404296875,11.499982953071594,4.74139404296875,8.120688498020172,3.379294455051422,11.5,4.75,8.125,3.375
qwen25_14b,28,valenced_opposite::epistemic::009,valenced_opposite,epistemic,valenced,opposite,0.8,preference_control,12.5,3.25,12.499988198280334,3.2431640625,12.499988198280334,3.2431640625,7.871576130390167,4.628412067890167,12.5,3.25,7.875,4.625
qwen25_14b,28,valenced_opposite::epistemic::009,valenced_opposite,epistemic,valenced,opposite,1.0,preference_control,12.75,2.5,12.74998688697815,2.4990234375,12.74998688697815,2.4990234375,7.624505162239075,5.125481724739075,12.75,2.5,7.625,5.125
qwen25_14b,28,valenced_opposite::epistemic::010,valenced_opposite,epistemic,valenced,opposite,-1.0,preference_control,-13.25,-22.125,-13.249998211860657,-22.12497913837433,-13.249998211860657,-22.12497913837433,-17.687488675117493,4.437490463256836,-13.25,-22.125,-17.6875,4.4375
qwen25_14b,28,valenced_opposite::epistemic::010,valenced_opposite,epistemic,valenced,opposite,-0.8,preference_control,-16.75,-23.25,-16.75,-23.24999952316284,-16.75,-23.24999952316284,-19.99999976158142,3.249999761581421,-16.75,-23.25,-20.0,3.25
qwen25_14b,28,valenced_opposite::epistemic::010,valenced_opposite,epistemic,valenced,opposite,-0.6,preference_control,-19.75,-25.125,-19.75,-25.12499976158142,-19.75,-25.12499976158142,-22.43749988079071,2.6874998807907104,-19.75,-25.125,-22.4375,2.6875
qwen25_14b,28,valenced_opposite::epistemic::010,valenced_opposite,epistemic,valenced,opposite,-0.4,preference_control,-21.125,-26.625,-21.125,-26.625,-21.125,-26.625,-23.875,2.75,-21.125,-26.625,-23.875,2.75
qwen25_14b,28,valenced_opposite::epistemic::010,valenced_opposite,epistemic,valenced,opposite,-0.2,preference_control,-19.875,-24.375,-19.875,-24.375,-19.875,-24.375,-22.125,2.25,-19.875,-24.375,-22.125,2.25
qwen25_14b,28,valenced_opposite::epistemic::010,valenced_opposite,epistemic,valenced,opposite,0.0,preference_control,-17.25,-20.5,-17.25,-20.49999988079071,-17.25,-20.49999988079071,-18.874999940395355,1.6249999403953552,-17.25,-20.5,-18.875,1.625
qwen25_14b,28,valenced_opposite::epistemic::010,valenced_opposite,epistemic,valenced,opposite,0.2,preference_control,-10.5,-7.75,-10.499972462654114,-7.749568939208984,-10.499972462654114,-7.749568939208984,-9.124770700931547,-1.3752017617225647,-10.5,-7.75,-9.125,-1.375
qwen25_14b,28,valenced_opposite::epistemic::010,valenced_opposite,epistemic,valenced,opposite,0.4,preference_control,-0.5,-0.75,-0.498046875,-0.7539061307907104,-0.498046875,-0.7539061307907104,-0.6259765028953552,0.1279296278953552,-0.5,-0.75,-0.625,0.125
qwen25_14b,28,valenced_opposite::epistemic::010,valenced_opposite,epistemic,valenced,opposite,0.6,preference_control,6.5,0.0,6.498497009277344,1.1920928955078125e-07,6.498497009277344,1.1920928955078125e-07,3.2492485642433167,3.249248445034027,6.5,0.0,3.25,3.25
qwen25_14b,28,valenced_opposite::epistemic::010,valenced_opposite,epistemic,valenced,opposite,0.8,preference_control,11.0,-0.75,10.999983429908752,-0.75390625,10.999983429908752,-0.75390625,5.123038589954376,5.876944839954376,11.0,-0.75,5.125,5.875
qwen25_14b,28,valenced_opposite::epistemic::010,valenced_opposite,epistemic,valenced,opposite,1.0,preference_control,13.5,-2.25,13.499998688697817,-2.2436522245407104,13.499998688697817,-2.2436522245407104,5.628173232078552,7.871825456619263,13.5,-2.25,5.625,7.875
qwen25_14b,28,valenced_opposite::epistemic::011,valenced_opposite,epistemic,valenced,opposite,-1.0,preference_control,-8.5,-18.25,-8.499796986579895,-18.242202520370483,-8.499796986579895,-18.242202520370483,-13.37099975347519,4.871202766895294,-8.5,-18.25,-13.375,4.875
qwen25_14b,28,valenced_opposite::epistemic::011,valenced_opposite,epistemic,valenced,opposite,-0.8,preference_control,-13.0,-17.25,-12.999998450279236,-17.208012342453003,-12.999998450279236,-17.208012342453003,-15.10400539636612,2.1040069460868835,-13.0,-17.25,-15.125,2.125
qwen25_14b,28,valenced_opposite::epistemic::011,valenced_opposite,epistemic,valenced,opposite,-0.6,preference_control,-16.25,-19.625,-16.250002145767212,-19.623361706733704,-16.250002145767212,-19.623361706733704,-17.936681926250458,1.6866797804832458,-16.25,-19.625,-17.9375,1.6875
qwen25_14b,28,valenced_opposite::epistemic::011,valenced_opposite,epistemic,valenced,opposite,-0.4,preference_control,-18.625,-23.0,-18.62500810623169,-22.998467564582825,-18.62500810623169,-22.998467564582825,-20.811737835407257,2.186729729175568,-18.625,-23.0,-20.8125,2.1875
qwen25_14b,28,valenced_opposite::epistemic::011,valenced_opposite,epistemic,valenced,opposite,-0.2,preference_control,-14.75,-20.375,-14.750003576278688,-20.37292623519897,-14.750003576278688,-20.37292623519897,-17.56146490573883,2.811461329460144,-14.75,-20.375,-17.5625,2.8125
qwen25_14b,28,valenced_opposite::epistemic::011,valenced_opposite,epistemic,valenced,opposite,0.0,preference_control,-3.0,-6.0,-2.998169541358948,-5.994905591011047,-2.998169541358948,-5.994905591011047,-4.496537566184998,1.4983680248260498,-3.0,-6.0,-4.5,1.5
qwen25_14b,28,valenced_opposite::epistemic::011,valenced_opposite,epistemic,valenced,opposite,0.2,preference_control,6.0,6.25,5.999027729034424,6.248059630393982,5.999027729034424,6.248059630393982,6.123543679714203,-0.124515950679779,6.0,6.25,6.125,-0.125
qwen25_14b,28,valenced_opposite::epistemic::011,valenced_opposite,epistemic,valenced,opposite,0.4,preference_control,7.75,6.0,7.763724565505981,5.997525691986084,7.763724565505981,5.997525691986084,6.880625128746033,0.8830994367599487,7.75,6.0,6.875,0.875
qwen25_14b,28,valenced_opposite::epistemic::011,valenced_opposite,epistemic,valenced,opposite,0.6,preference_control,8.5,4.25,8.561802387237549,4.235836625099182,8.561802387237549,4.235836625099182,6.3988195061683655,2.162982881069184,8.5,4.25,6.375,2.125
qwen25_14b,28,valenced_opposite::epistemic::011,valenced_opposite,epistemic,valenced,opposite,0.8,preference_control,9.5,2.5,9.701088905334473,2.499021053314209,9.701088905334473,2.499021053314209,6.100054979324341,3.601033926010132,9.5,2.5,6.0,3.5
qwen25_14b,28,valenced_opposite::epistemic::011,valenced_opposite,epistemic,valenced,opposite,1.0,preference_control,9.25,0.5,9.63661003112793,0.4980486631393432,9.63661003112793,0.4980486631393432,5.0673293471336365,4.569280683994293,9.25,0.5,4.875,4.375
qwen25_14b,28,valenced_opposite::epistemic::012,valenced_opposite,epistemic,valenced,opposite,-1.0,preference_control,-18.125,-22.875,-18.12500023841858,-22.87491512298584,-18.12500023841858,-22.87491512298584,-20.49995768070221,2.3749574422836304,-18.125,-22.875,-20.5,2.375
qwen25_14b,28,valenced_opposite::epistemic::012,valenced_opposite,epistemic,valenced,opposite,-0.8,preference_control,-20.875,-23.75,-20.87500035762787,-23.74997019767761,-20.87500035762787,-23.74997019767761,-22.31248527765274,1.4374849200248718,-20.875,-23.75,-22.3125,1.4375
qwen25_14b,28,valenced_opposite::epistemic::012,valenced_opposite,epistemic,valenced,opposite,-0.6,preference_control,-22.875,-25.625,-22.87500023841858,-25.624961495399475,-22.87500023841858,-25.624961495399475,-24.249980866909027,1.374980628490448,-22.875,-25.625,-24.25,1.375
qwen25_14b,28,valenced_opposite::epistemic::012,valenced_opposite,epistemic,valenced,opposite,-0.4,preference_control,-21.375,-25.25,-21.375,-25.24985682964325,-21.375,-25.24985682964325,-23.312428414821625,1.9374284148216248,-21.375,-25.25,-23.3125,1.9375
qwen25_14b,28,valenced_opposite::epistemic::012,valenced_opposite,epistemic,valenced,opposite,-0.2,preference_control,-17.625,-21.375,-17.62499988079071,-21.372634887695312,-17.62499988079071,-21.372634887695312,-19.49881738424301,1.873817503452301,-17.625,-21.375,-19.5,1.875
qwen25_14b,28,valenced_opposite::epistemic::012,valenced_opposite,epistemic,valenced,opposite,0.0,preference_control,-13.75,-12.0,-13.749998807907104,-11.9864501953125,-13.749998807907104,-11.9864501953125,-12.868224501609802,-0.8817743062973022,-13.75,-12.0,-12.875,-0.875
qwen25_14b,28,valenced_opposite::epistemic::012,valenced_opposite,epistemic,valenced,opposite,0.2,preference_control,-6.25,-5.25,-6.248069643974304,-5.242919921875,-6.248069643974304,-5.242919921875,-5.745494782924652,-0.5025748610496521,-6.25,-5.25,-5.75,-0.5
qwen25_14b,28,valenced_opposite::epistemic::012,valenced_opposite,epistemic,valenced,opposite,0.4,preference_control,1.0,-2.75,1.0000014305114746,-2.750243902206421,1.0000014305114746,-2.750243902206421,-0.8751212358474731,1.875122666358948,1.0,-2.75,-0.875,1.875
qwen25_14b,28,valenced_opposite::epistemic::012,valenced_opposite,epistemic,valenced,opposite,0.6,preference_control,6.75,-1.5,6.748830080032349,-1.5019526481628418,6.748830080032349,-1.5019526481628418,2.6234387159347534,4.125391364097595,6.75,-1.5,2.625,4.125
qwen25_14b,28,valenced_opposite::epistemic::012,valenced_opposite,epistemic,valenced,opposite,0.8,preference_control,10.25,-0.75,10.249971628189089,-0.7539054155349731,10.249971628189089,-0.7539054155349731,4.748033106327057,5.50193852186203,10.25,-0.75,4.75,5.5
qwen25_14b,28,valenced_opposite::epistemic::012,valenced_opposite,epistemic,valenced,opposite,1.0,preference_control,10.25,-1.0,10.249980568885803,-0.9999985694885254,10.249980568885803,-0.9999985694885254,4.624990999698639,5.624989569187164,10.25,-1.0,4.625,5.625
qwen25_14b,28,valenced_opposite::epistemic::013,valenced_opposite,epistemic,valenced,opposite,-1.0,preference_control,-12.375,-24.25,-12.374367594718931,-24.2498083114624,-12.374367594718931,-24.2498083114624,-18.312087953090668,5.937720358371735,-12.375,-24.25,-18.3125,5.9375
qwen25_14b,28,valenced_opposite::epistemic::013,valenced_opposite,epistemic,valenced,opposite,-0.8,preference_control,-13.5,-23.75,-13.499429702758787,-23.749968647956848,-13.499429702758787,-23.749968647956848,-18.62469917535782,5.1252694725990295,-13.5,-23.75,-18.625,5.125
qwen25_14b,28,valenced_opposite::epistemic::013,valenced_opposite,epistemic,valenced,opposite,-0.6,preference_control,-13.75,-23.5,-13.749367594718931,-23.499993205070496,-13.749367594718931,-23.499993205070496,-18.624680399894714,4.875312805175781,-13.75,-23.5,-18.625,4.875
qwen25_14b,28,valenced_opposite::epistemic::013,valenced_opposite,epistemic,valenced,opposite,-0.4,preference_control,-13.125,-21.5,-13.124596953392029,-21.49999511241913,-13.124596953392029,-21.49999511241913,-17.31229603290558,4.18769907951355,-13.125,-21.5,-17.3125,4.1875
qwen25_14b,28,valenced_opposite::epistemic::013,valenced_opposite,epistemic,valenced,opposite,-0.2,preference_control,-10.25,-15.125,-10.24953281879425,-15.124940514564514,-10.24953281879425,-15.124940514564514,-12.687236666679382,2.437703847885132,-10.25,-15.125,-12.6875,2.4375
qwen25_14b,28,valenced_opposite::epistemic::013,valenced_opposite,epistemic,valenced,opposite,0.0,preference_control,-4.5,-2.0,-4.487687587738037,-2.0068299770355225,-4.487687587738037,-2.0068299770355225,-3.24725878238678,-1.240428805351257,-4.5,-2.0,-3.25,-1.25
qwen25_14b,28,valenced_opposite::epistemic::013,valenced_opposite,epistemic,valenced,opposite,0.2,preference_control,4.25,7.125,4.236266613006592,7.122850179672241,4.236266613006592,7.122850179672241,5.6795583963394165,-1.4432917833328247,4.25,7.125,5.6875,-1.4375
qwen25_14b,28,valenced_opposite::epistemic::013,valenced_opposite,epistemic,valenced,opposite,0.4,preference_control,7.5,7.5,7.500377058982849,7.499431133270264,7.500377058982849,7.499431133270264,7.499904096126556,0.0004729628562927,7.5,7.5,7.5,0.0
qwen25_14b,28,valenced_opposite::epistemic::013,valenced_opposite,epistemic,valenced,opposite,0.6,preference_control,8.25,5.75,8.250212907791138,5.746845245361328,8.250212907791138,5.746845245361328,6.998529076576233,1.2516838312149048,8.25,5.75,7.0,1.25
qwen25_14b,28,valenced_opposite::epistemic::013,valenced_opposite,epistemic,valenced,opposite,0.8,preference_control,9.0,4.5,9.000329375267029,4.489002585411072,9.000329375267029,4.489002585411072,6.74466598033905,2.2556633949279785,9.0,4.5,6.75,2.25
qwen25_14b,28,valenced_opposite::epistemic::013,valenced_opposite,epistemic,valenced,opposite,1.0,preference_control,10.25,3.5,10.251322269439695,3.501541495323181,10.251322269439695,3.501541495323181,6.876431882381439,3.374890387058258,10.25,3.5,6.875,3.375
qwen25_14b,28,valenced_opposite::epistemic::014,valenced_opposite,epistemic,valenced,opposite,-1.0,preference_control,-19.0,-30.625,-19.0,-30.625,-19.0,-30.625,-24.8125,5.8125,-19.0,-30.625,-24.8125,5.8125
qwen25_14b,28,valenced_opposite::epistemic::014,valenced_opposite,epistemic,valenced,opposite,-0.8,preference_control,-21.125,-30.25,-21.125000834465027,-30.25,-21.125000834465027,-30.25,-25.687500417232517,4.562499582767487,-21.125,-30.25,-25.6875,4.5625
qwen25_14b,28,valenced_opposite::epistemic::014,valenced_opposite,epistemic,valenced,opposite,-0.6,preference_control,-23.25,-29.75,-23.2500079870224,-29.75000011920929,-23.2500079870224,-29.75000011920929,-26.500004053115845,3.249996066093445,-23.25,-29.75,-26.5,3.25
qwen25_14b,28,valenced_opposite::epistemic::014,valenced_opposite,epistemic,valenced,opposite,-0.4,preference_control,-23.5,-27.875,-23.50001323223114,-27.87500011920929,-23.50001323223114,-27.87500011920929,-25.68750667572021,2.1874934434890747,-23.5,-27.875,-25.6875,2.1875
qwen25_14b,28,valenced_opposite::epistemic::014,valenced_opposite,epistemic,valenced,opposite,-0.2,preference_control,-22.75,-24.875,-22.7500102519989,-24.875,-22.7500102519989,-24.875,-23.81250512599945,1.062494874000549,-22.75,-24.875,-23.8125,1.0625
qwen25_14b,28,valenced_opposite::epistemic::014,valenced_opposite,epistemic,valenced,opposite,0.0,preference_control,-18.375,-19.0,-18.375000834465027,-19.0,-18.375000834465027,-19.0,-18.687500417232517,0.3124995827674866,-18.375,-19.0,-18.6875,0.3125
qwen25_14b,28,valenced_opposite::epistemic::014,valenced_opposite,epistemic,valenced,opposite,0.2,preference_control,-9.0,-2.75,-8.999876976013184,-2.75048828125,-8.999876976013184,-2.75048828125,-5.875182628631592,-3.124694347381592,-9.0,-2.75,-5.875,-3.125
qwen25_14b,28,valenced_opposite::epistemic::014,valenced_opposite,epistemic,valenced,opposite,0.4,preference_control,-1.75,2.25,-1.75390625,2.24365234375,-1.75390625,2.24365234375,0.244873046875,-1.998779296875,-1.75,2.25,0.25,-2.0
qwen25_14b,28,valenced_opposite::epistemic::014,valenced_opposite,epistemic,valenced,opposite,0.6,preference_control,2.25,3.0,2.24365234375,2.998291015625,2.24365234375,2.998291015625,2.6209716796875,-0.3773193359375,2.25,3.0,2.625,-0.375
qwen25_14b,28,valenced_opposite::epistemic::014,valenced_opposite,epistemic,valenced,opposite,0.8,preference_control,5.0,3.0,4.9932861328125,2.9982911348342896,4.9932861328125,2.9982911348342896,3.9957886338233943,0.9974974989891052,5.0,3.0,4.0,1.0
qwen25_14b,28,valenced_opposite::epistemic::014,valenced_opposite,epistemic,valenced,opposite,1.0,preference_control,6.0,3.0,5.997528076171875,2.998291015625,5.997528076171875,2.998291015625,4.4979095458984375,1.4996185302734375,6.0,3.0,4.5,1.5
qwen25_14b,28,valenced_opposite::epistemic::015,valenced_opposite,epistemic,valenced,opposite,-1.0,preference_control,-7.75,-7.25,-7.749690771102905,-7.248351335525513,-7.749690771102905,-7.248351335525513,-7.499021053314209,-0.2506697177886963,-7.75,-7.25,-7.5,-0.25
qwen25_14b,28,valenced_opposite::epistemic::015,valenced_opposite,epistemic,valenced,opposite,-0.8,preference_control,-8.0,-7.0,-7.999686241149902,-6.999038100242615,-7.999686241149902,-6.999038100242615,-7.499362170696258,-0.5003240704536438,-8.0,-7.0,-7.5,-0.5
qwen25_14b,28,valenced_opposite::epistemic::015,valenced_opposite,epistemic,valenced,opposite,-0.6,preference_control,-9.25,-8.75,-9.249911546707152,-8.749840021133423,-9.249911546707152,-8.749840021133423,-8.999875783920288,-0.2500357627868652,-9.25,-8.75,-9.0,-0.25
qwen25_14b,28,valenced_opposite::epistemic::015,valenced_opposite,epistemic,valenced,opposite,-0.4,preference_control,-10.25,-9.75,-10.24996793270111,-9.749939441680908,-10.24996793270111,-9.749939441680908,-9.99995368719101,-0.2500142455101013,-10.25,-9.75,-10.0,-0.25
qwen25_14b,28,valenced_opposite::epistemic::015,valenced_opposite,epistemic,valenced,opposite,-0.2,preference_control,-9.25,-7.5,-9.249903917312622,-7.499446272850037,-9.249903917312622,-7.499446272850037,-8.37467509508133,-0.8752288222312927,-9.25,-7.5,-8.375,-0.875
qwen25_14b,28,valenced_opposite::epistemic::015,valenced_opposite,epistemic,valenced,opposite,0.0,preference_control,-7.25,-5.0,-7.249286651611328,-4.993285894393921,-7.249286651611328,-4.993285894393921,-6.1212862730026245,-1.1280003786087036,-7.25,-5.0,-6.125,-1.125
qwen25_14b,28,valenced_opposite::epistemic::015,valenced_opposite,epistemic,valenced,opposite,0.2,preference_control,-2.5,-3.0,-2.499023079872132,-2.998291015625,-2.499023079872132,-2.998291015625,-2.7486570477485657,0.2496339678764343,-2.5,-3.0,-2.75,0.25
qwen25_14b,28,valenced_opposite::epistemic::015,valenced_opposite,epistemic,valenced,opposite,0.4,preference_control,0.0,-3.5,9.5367431640625e-07,-3.5014649629592896,9.5367431640625e-07,-3.5014649629592896,-1.7507320046424866,1.750732958316803,0.0,-3.5,-1.75,1.75
qwen25_14b,28,valenced_opposite::epistemic::015,valenced_opposite,epistemic,valenced,opposite,0.6,preference_control,2.0,-5.0,1.9980485439300537,-4.993287086486816,1.9980485439300537,-4.993287086486816,-1.4976192712783811,3.495667815208435,2.0,-5.0,-1.5,3.5
qwen25_14b,28,valenced_opposite::epistemic::015,valenced_opposite,epistemic,valenced,opposite,0.8,preference_control,3.25,-6.0,3.2431687116622925,-5.997528910636902,3.2431687116622925,-5.997528910636902,-1.377180099487305,4.620348811149597,3.25,-6.0,-1.375,4.625
qwen25_14b,28,valenced_opposite::epistemic::015,valenced_opposite,epistemic,valenced,opposite,1.0,preference_control,4.0,-6.0,4.013073682785034,-5.997528553009033,4.013073682785034,-5.997528553009033,-0.9922274351119996,5.005301117897034,4.0,-6.0,-1.0,5.0
qwen25_14b,28,valenced_opposite::epistemic::016,valenced_opposite,epistemic,valenced,opposite,-1.0,preference_control,-5.0,-28.875,-4.993292331695557,-28.87472987174988,-4.993292331695557,-28.87472987174988,-16.934011101722717,11.94071877002716,-5.0,-28.875,-16.9375,11.9375
qwen25_14b,28,valenced_opposite::epistemic::016,valenced_opposite,epistemic,valenced,opposite,-0.8,preference_control,-9.0,-31.0,-8.999886155128479,-31.000001788139343,-8.999886155128479,-31.000001788139343,-19.99994397163391,11.000057816505432,-9.0,-31.0,-20.0,11.0
qwen25_14b,28,valenced_opposite::epistemic::016,valenced_opposite,epistemic,valenced,opposite,-0.6,preference_control,-14.75,-32.125,-14.750005602836609,-32.00000011920929,-14.750005602836609,-32.00000011920929,-23.37500286102295,8.62499725818634,-14.75,-32.125,-23.4375,8.6875
qwen25_14b,28,valenced_opposite::epistemic::016,valenced_opposite,epistemic,valenced,opposite,-0.4,preference_control,-19.25,-31.25,-19.25000035762787,-31.24999976158142,-19.25000035762787,-31.24999976158142,-25.250000059604645,5.999999701976776,-19.25,-31.25,-25.25,6.0
qwen25_14b,28,valenced_opposite::epistemic::016,valenced_opposite,epistemic,valenced,opposite,-0.2,preference_control,-19.875,-27.5,-19.87499976158142,-27.49999976158142,-19.87499976158142,-27.49999976158142,-23.68749976158142,3.8125,-19.875,-27.5,-23.6875,3.8125
qwen25_14b,28,valenced_opposite::epistemic::016,valenced_opposite,epistemic,valenced,opposite,0.0,preference_control,-18.375,-23.375,-18.37499976158142,-23.37499988079071,-18.37499976158142,-23.37499988079071,-20.874999821186066,2.5000000596046448,-18.375,-23.375,-20.875,2.5
qwen25_14b,28,valenced_opposite::epistemic::016,valenced_opposite,epistemic,valenced,opposite,0.2,preference_control,-9.75,-12.5,-9.74994158744812,-12.499995946884155,-9.74994158744812,-12.499995946884155,-11.124968767166138,1.3750271797180176,-9.75,-12.5,-11.125,1.375
qwen25_14b,28,valenced_opposite::epistemic::016,valenced_opposite,epistemic,valenced,opposite,0.4,preference_control,3.75,-4.0,3.742431879043579,-4.013061165809631,3.742431879043579,-4.013061165809631,-0.1353146433830261,3.877746522426605,3.75,-4.0,-0.125,3.875
qwen25_14b,28,valenced_opposite::epistemic::016,valenced_opposite,epistemic,valenced,opposite,0.6,preference_control,10.75,-1.5,10.74997591972351,-1.5019527673721311,10.74997591972351,-1.5019527673721311,4.62401157617569,6.125964343547821,10.75,-1.5,4.625,6.125
qwen25_14b,28,valenced_opposite::epistemic::016,valenced_opposite,epistemic,valenced,opposite,0.8,preference_control,12.25,-1.25,12.249993205070496,-1.248046636581421,12.249993205070496,-1.248046636581421,5.500973284244537,6.749019920825958,12.25,-1.25,5.5,6.75
qwen25_14b,28,valenced_opposite::epistemic::016,valenced_opposite,epistemic,valenced,opposite,1.0,preference_control,12.25,-1.5,12.249991655349731,-1.5019530057907104,12.249991655349731,-1.5019530057907104,5.374019324779511,6.875972330570221,12.25,-1.5,5.375,6.875
qwen25_14b,28,valenced_opposite::epistemic::017,valenced_opposite,epistemic,valenced,opposite,-1.0,preference_control,-15.0,-23.25,-14.999995350837708,-23.24996852874756,-14.999995350837708,-23.24996852874756,-19.124981939792637,4.1249865889549255,-15.0,-23.25,-19.125,4.125
qwen25_14b,28,valenced_opposite::epistemic::017,valenced_opposite,epistemic,valenced,opposite,-0.8,preference_control,-17.25,-22.75,-17.249995708465576,-22.749985814094543,-17.249995708465576,-22.749985814094543,-19.99999076128006,2.749995052814484,-17.25,-22.75,-20.0,2.75
qwen25_14b,28,valenced_opposite::epistemic::017,valenced_opposite,epistemic,valenced,opposite,-0.6,preference_control,-20.375,-22.5,-20.37499725818634,-22.499991416931152,-20.37499725818634,-22.499991416931152,-21.437494337558743,1.062497079372406,-20.375,-22.5,-21.4375,1.0625
qwen25_14b,28,valenced_opposite::epistemic::017,valenced_opposite,epistemic,valenced,opposite,-0.4,preference_control,-22.75,-22.25,-22.74999713897705,-22.249995708465576,-22.74999713897705,-22.249995708465576,-22.499996423721317,-0.2500007152557373,-22.75,-22.25,-22.5,-0.25
qwen25_14b,28,valenced_opposite::epistemic::017,valenced_opposite,epistemic,valenced,opposite,-0.2,preference_control,-22.0,-20.125,-21.99999618530273,-20.124995350837708,-21.99999618530273,-20.124995350837708,-21.06249576807022,-0.9375004172325134,-22.0,-20.125,-21.0625,-0.9375
qwen25_14b,28,valenced_opposite::epistemic::017,valenced_opposite,epistemic,valenced,opposite,0.0,preference_control,-19.375,-14.25,-19.37499403953552,-14.249993085861206,-19.37499403953552,-14.249993085861206,-16.812493562698364,-2.562500476837158,-19.375,-14.25,-16.8125,-2.5625
qwen25_14b,28,valenced_opposite::epistemic::017,valenced_opposite,epistemic,valenced,opposite,0.2,preference_control,-9.5,-2.75,-9.499917984008787,-2.75048828125,-9.499917984008787,-2.75048828125,-6.1252031326293945,-3.3747148513793945,-9.5,-2.75,-6.125,-3.375
qwen25_14b,28,valenced_opposite::epistemic::017,valenced_opposite,epistemic,valenced,opposite,0.4,preference_control,2.25,2.75,2.24365234375,2.75048828125,2.24365234375,2.75048828125,2.4970703125,-0.25341796875,2.25,2.75,2.5,-0.25
qwen25_14b,28,valenced_opposite::epistemic::017,valenced_opposite,epistemic,valenced,opposite,0.6,preference_control,7.25,4.75,7.249290466308594,4.74139404296875,7.249290466308594,4.74139404296875,5.995342254638672,1.253948211669922,7.25,4.75,6.0,1.25
qwen25_14b,28,valenced_opposite::epistemic::017,valenced_opposite,epistemic,valenced,opposite,0.8,preference_control,10.0,5.5,9.99995470046997,5.49591064453125,9.99995470046997,5.49591064453125,7.74793267250061,2.2520220279693604,10.0,5.5,7.75,2.25
qwen25_14b,28,valenced_opposite::epistemic::017,valenced_opposite,epistemic,valenced,opposite,1.0,preference_control,10.75,5.75,10.74997854232788,5.746826171875,10.74997854232788,5.746826171875,8.24840235710144,2.5015761852264404,10.75,5.75,8.25,2.5
qwen25_14b,28,valenced_opposite::epistemic::018,valenced_opposite,epistemic,valenced,opposite,-1.0,preference_control,-11.5,-13.875,-11.7890625,-14.0009765625,-11.7890625,-14.0009765625,-12.89501953125,1.10595703125,-11.5,-13.875,-12.6875,1.1875
qwen25_14b,28,valenced_opposite::epistemic::018,valenced_opposite,epistemic,valenced,opposite,-0.8,preference_control,-16.625,-11.875,-17.61444091796875,-11.89935290813446,-17.61444091796875,-11.89935290813446,-14.756896913051603,-2.8575440049171448,-16.625,-11.875,-14.25,-2.375
qwen25_14b,28,valenced_opposite::epistemic::018,valenced_opposite,epistemic,valenced,opposite,-0.6,preference_control,-19.125,-7.875,-21.167755126953125,-7.852033495903015,-21.167755126953125,-7.852033495903015,-14.50989431142807,-6.657860815525055,-19.125,-7.875,-13.5,-5.625
qwen25_14b,28,valenced_opposite::epistemic::018,valenced_opposite,epistemic,valenced,opposite,-0.4,preference_control,-17.75,-3.5,-21.5225830078125,-3.515707015991211,-21.5225830078125,-3.515707015991211,-12.519145011901855,-9.003437995910645,-17.75,-3.5,-10.625,-7.125
qwen25_14b,28,valenced_opposite::epistemic::018,valenced_opposite,epistemic,valenced,opposite,-0.2,preference_control,-14.875,1.5,-15.505264282226562,1.5077927112579346,-15.505264282226562,1.5077927112579346,-6.998735785484314,-8.506528496742249,-14.875,1.5,-6.6875,-8.1875
qwen25_14b,28,valenced_opposite::epistemic::018,valenced_opposite,epistemic,valenced,opposite,0.0,preference_control,-7.0,3.75,-6.997956275939941,3.744135737419128,-6.997956275939941,3.744135737419128,-1.6269102692604065,-5.371046006679535,-7.0,3.75,-1.625,-5.375
qwen25_14b,28,valenced_opposite::epistemic::018,valenced_opposite,epistemic,valenced,opposite,0.2,preference_control,-0.5,4.25,-0.4980478286743164,4.265013694763184,-0.4980478286743164,4.265013694763184,1.8834829330444336,-2.38153076171875,-0.5,4.25,1.875,-2.375
qwen25_14b,28,valenced_opposite::epistemic::018,valenced_opposite,epistemic,valenced,opposite,0.4,preference_control,1.25,3.25,1.248046636581421,3.242675423622132,1.248046636581421,3.242675423622132,2.245361030101776,-0.9973143935203552,1.25,3.25,2.25,-1.0
qwen25_14b,28,valenced_opposite::epistemic::018,valenced_opposite,epistemic,valenced,opposite,0.6,preference_control,3.0,1.5,2.9982908964157104,1.501952886581421,2.9982908964157104,1.501952886581421,2.2501218914985657,0.7481690049171448,3.0,1.5,2.25,0.75
qwen25_14b,28,valenced_opposite::epistemic::018,valenced_opposite,epistemic,valenced,opposite,0.8,preference_control,5.0,-0.5,4.99328601360321,-0.4980472326278686,4.99328601360321,-0.4980472326278686,2.247619390487671,2.74566662311554,5.0,-0.5,2.25,2.75
qwen25_14b,28,valenced_opposite::epistemic::018,valenced_opposite,epistemic,valenced,opposite,1.0,preference_control,5.75,-2.25,5.7468260526657104,-2.2436532974243164,5.7468260526657104,-2.2436532974243164,1.751586377620697,3.995239675045013,5.75,-2.25,1.75,4.0
qwen25_14b,28,valenced_opposite::epistemic::019,valenced_opposite,epistemic,valenced,opposite,-1.0,preference_control,-8.75,-29.0,-8.749817490577698,-28.999646306037903,-8.749817490577698,-28.999646306037903,-18.8747318983078,10.124914407730104,-8.75,-29.0,-18.875,10.125
qwen25_14b,28,valenced_opposite::epistemic::019,valenced_opposite,epistemic,valenced,opposite,-0.8,preference_control,-15.0,-30.625,-14.999989986419678,-30.624956488609318,-14.999989986419678,-30.624956488609318,-22.812473237514496,7.812483251094818,-15.0,-30.625,-22.8125,7.8125
qwen25_14b,28,valenced_opposite::epistemic::019,valenced_opposite,epistemic,valenced,opposite,-0.6,preference_control,-22.0,-32.0625,-22.000003695487976,-32.00011777877808,-22.000003695487976,-32.00011777877808,-27.000060737133023,5.00005704164505,-22.0,-32.0625,-27.03125,5.03125
qwen25_14b,28,valenced_opposite::epistemic::019,valenced_opposite,epistemic,valenced,opposite,-0.4,preference_control,-25.125,-33.125,-25.12501811981201,-33.250131011009216,-25.12501811981201,-33.250131011009216,-29.18757456541061,4.062556445598602,-25.125,-33.125,-29.125,4.0
qwen25_14b,28,valenced_opposite::epistemic::019,valenced_opposite,epistemic,valenced,opposite,-0.2,preference_control,-24.25,-32.0625,-24.250017881393436,-32.000030398368835,-24.250017881393436,-32.000030398368835,-28.12502413988113,3.875006258487701,-24.25,-32.0625,-28.15625,3.90625
qwen25_14b,28,valenced_opposite::epistemic::019,valenced_opposite,epistemic,valenced,opposite,0.0,preference_control,-19.875,-28.5,-19.87500512599945,-28.500022053718567,-19.87500512599945,-28.500022053718567,-24.18751358985901,4.312508463859558,-19.875,-28.5,-24.1875,4.3125
qwen25_14b,28,valenced_opposite::epistemic::019,valenced_opposite,epistemic,valenced,opposite,0.2,preference_control,-9.25,-13.25,-9.249900460243223,-13.249977231025696,-9.249900460243223,-13.249977231025696,-11.24993884563446,2.000038385391236,-9.25,-13.25,-11.25,2.0
qwen25_14b,28,valenced_opposite::epistemic::019,valenced_opposite,epistemic,valenced,opposite,0.4,preference_control,-1.0,-4.0,-1.0,-4.013061165809631,-1.0,-4.013061165809631,-2.506530582904816,1.5065305829048157,-1.0,-4.0,-2.5,1.5
qwen25_14b,28,valenced_opposite::epistemic::019,valenced_opposite,epistemic,valenced,opposite,0.6,preference_control,5.25,-1.75,5.2447509765625,-1.7539058923721311,5.2447509765625,-1.7539058923721311,1.7454225420951843,3.499328434467316,5.25,-1.75,1.75,3.5
qwen25_14b,28,valenced_opposite::epistemic::019,valenced_opposite,epistemic,valenced,opposite,0.8,preference_control,8.25,-1.75,8.249738931655884,-1.7539058923721311,8.249738931655884,-1.7539058923721311,3.247916519641876,5.001822412014008,8.25,-1.75,3.25,5.0
qwen25_14b,28,valenced_opposite::epistemic::019,valenced_opposite,epistemic,valenced,opposite,1.0,preference_control,9.5,-2.25,9.49992549419403,-2.243651509284973,9.49992549419403,-2.243651509284973,3.628136992454529,5.871788501739502,9.5,-2.25,3.625,5.875
qwen25_14b,28,valenced_opposite::utilitarian::000,valenced_opposite,utilitarian,valenced,opposite,-1.0,preference_control,-15.625,-18.625,-15.624573588371277,-18.67089331150055,-15.624573588371277,-18.67089331150055,-17.147733449935913,1.5231598615646362,-15.625,-18.625,-17.125,1.5
qwen25_14b,28,valenced_opposite::utilitarian::000,valenced_opposite,utilitarian,valenced,opposite,-0.8,preference_control,-16.375,-19.375,-16.374799489974976,-19.351558804512024,-16.374799489974976,-19.351558804512024,-17.8631791472435,1.4883796572685242,-16.375,-19.375,-17.875,1.5
qwen25_14b,28,valenced_opposite::utilitarian::000,valenced_opposite,utilitarian,valenced,opposite,-0.6,preference_control,-17.25,-20.5,-17.249938368797302,-20.49878418445587,-17.249938368797302,-20.49878418445587,-18.874361276626587,1.624422907829285,-17.25,-20.5,-18.875,1.625
qwen25_14b,28,valenced_opposite::utilitarian::000,valenced_opposite,utilitarian,valenced,opposite,-0.4,preference_control,-17.5,-21.875,-17.49994170665741,-21.874980330467224,-17.49994170665741,-21.874980330467224,-19.68746101856232,2.1875193119049072,-17.5,-21.875,-19.6875,2.1875
qwen25_14b,28,valenced_opposite::utilitarian::000,valenced_opposite,utilitarian,valenced,opposite,-0.2,preference_control,-16.125,-21.0,-16.12481963634491,-20.999954342842106,-16.12481963634491,-20.999954342842106,-18.562386989593502,2.437567353248596,-16.125,-21.0,-18.5625,2.4375
qwen25_14b,28,valenced_opposite::utilitarian::000,valenced_opposite,utilitarian,valenced,opposite,0.0,preference_control,-13.25,-14.875,-13.249425172805786,-14.874505996704102,-13.249425172805786,-14.874505996704102,-14.061965584754944,0.8125404119491577,-13.25,-14.875,-14.0625,0.8125
qwen25_14b,28,valenced_opposite::utilitarian::000,valenced_opposite,utilitarian,valenced,opposite,0.2,preference_control,-3.0,-3.75,-2.99535596370697,-3.754513382911682,-2.99535596370697,-3.754513382911682,-3.374934673309326,0.3795787096023559,-3.0,-3.75,-3.375,0.375
qwen25_14b,28,valenced_opposite::utilitarian::000,valenced_opposite,utilitarian,valenced,opposite,0.4,preference_control,8.75,2.0,8.749822854995728,1.997075438499451,8.749822854995728,1.997075438499451,5.373449146747589,3.3763737082481384,8.75,2.0,5.375,3.375
qwen25_14b,28,valenced_opposite::utilitarian::000,valenced_opposite,utilitarian,valenced,opposite,0.6,preference_control,15.5,2.25,15.500156879425049,2.243656873703003,15.500156879425049,2.243656873703003,8.871906876564026,6.628250002861023,15.5,2.25,8.875,6.625
qwen25_14b,28,valenced_opposite::utilitarian::000,valenced_opposite,utilitarian,valenced,opposite,0.8,preference_control,18.25,1.5,18.25038230419159,1.501956820487976,18.25038230419159,1.501956820487976,9.876169562339784,8.374212741851807,18.25,1.5,9.875,8.375
qwen25_14b,28,valenced_opposite::utilitarian::000,valenced_opposite,utilitarian,valenced,opposite,1.0,preference_control,18.875,1.5,18.87559509277344,1.5019575357437134,18.87559509277344,1.5019575357437134,10.188776314258575,8.686818778514862,18.875,1.5,10.1875,8.6875
qwen25_14b,28,valenced_opposite::utilitarian::001,valenced_opposite,utilitarian,valenced,opposite,-1.0,preference_control,-18.6875,-19.6875,-19.15722608566284,-19.71484065055847,-19.15722608566284,-19.71484065055847,-19.436033368110657,0.2788072824478149,-18.6875,-19.6875,-19.1875,0.5
qwen25_14b,28,valenced_opposite::utilitarian::001,valenced_opposite,utilitarian,valenced,opposite,-0.8,preference_control,-21.9375,-17.75,-22.36498975753784,-17.802733302116394,-22.36498975753784,-17.802733302116394,-20.08386152982712,-2.281128227710724,-21.9375,-17.75,-19.84375,-2.09375
qwen25_14b,28,valenced_opposite::utilitarian::001,valenced_opposite,utilitarian,valenced,opposite,-0.6,preference_control,-23.3125,-14.875,-23.537291646003723,-14.850096702575684,-23.537291646003723,-14.850096702575684,-19.193694174289703,-4.34359747171402,-23.3125,-14.875,-19.09375,-4.21875
qwen25_14b,28,valenced_opposite::utilitarian::001,valenced_opposite,utilitarian,valenced,opposite,-0.4,preference_control,-21.75,-11.125,-21.86195206642151,-11.10009777545929,-21.86195206642151,-11.10009777545929,-16.4810249209404,-5.38092714548111,-21.75,-11.125,-16.4375,-5.3125
qwen25_14b,28,valenced_opposite::utilitarian::001,valenced_opposite,utilitarian,valenced,opposite,-0.2,preference_control,-14.625,-5.5,-14.659120321273804,-5.484862923622131,-14.659120321273804,-5.484862923622131,-10.071991622447968,-4.587128698825836,-14.625,-5.5,-10.0625,-4.5625
qwen25_14b,28,valenced_opposite::utilitarian::001,valenced_opposite,utilitarian,valenced,opposite,0.0,preference_control,-6.0,0.875,-5.997450113296509,0.8789075613021851,-5.997450113296509,0.8789075613021851,-2.559271275997162,-3.438178837299347,-6.0,0.875,-2.5625,-3.4375
qwen25_14b,28,valenced_opposite::utilitarian::001,valenced_opposite,utilitarian,valenced,opposite,0.2,preference_control,3.25,3.75,3.257297396659851,3.7543963193893433,3.257297396659851,3.7543963193893433,3.505846858024597,-0.2485494613647461,3.25,3.75,3.5,-0.25
qwen25_14b,28,valenced_opposite::utilitarian::001,valenced_opposite,utilitarian,valenced,opposite,0.4,preference_control,7.25,4.5,7.24919056892395,4.488587737083435,7.24919056892395,4.488587737083435,5.868889153003693,1.3803014159202576,7.25,4.5,5.875,1.375
qwen25_14b,28,valenced_opposite::utilitarian::001,valenced_opposite,utilitarian,valenced,opposite,0.6,preference_control,9.0,4.5,8.999810338020325,4.488770961761475,8.999810338020325,4.488770961761475,6.7442906498909,2.255519688129425,9.0,4.5,6.75,2.25
qwen25_14b,28,valenced_opposite::utilitarian::001,valenced_opposite,utilitarian,valenced,opposite,0.8,preference_control,9.0,4.0,8.9998060464859,4.012943029403687,8.9998060464859,4.012943029403687,6.506374537944794,2.493431508541107,9.0,4.0,6.5,2.5
qwen25_14b,28,valenced_opposite::utilitarian::001,valenced_opposite,utilitarian,valenced,opposite,1.0,preference_control,9.5,3.25,9.499880313873293,3.243170738220215,9.499880313873293,3.243170738220215,6.371525526046753,3.128354787826538,9.5,3.25,6.375,3.125
qwen25_14b,28,valenced_opposite::utilitarian::002,valenced_opposite,utilitarian,valenced,opposite,-1.0,preference_control,-16.375,-10.875,-16.374775886535645,-10.875,-16.374775886535645,-10.875,-13.624887943267822,-2.7498879432678223,-16.375,-10.875,-13.625,-2.75
qwen25_14b,28,valenced_opposite::utilitarian::002,valenced_opposite,utilitarian,valenced,opposite,-0.8,preference_control,-19.375,-10.375,-19.37491512298584,-10.390625,-19.37491512298584,-10.390625,-14.88277006149292,-4.49214506149292,-19.375,-10.375,-14.875,-4.5
qwen25_14b,28,valenced_opposite::utilitarian::002,valenced_opposite,utilitarian,valenced,opposite,-0.6,preference_control,-21.75,-8.5,-21.74992561340332,-8.51953125,-21.74992561340332,-8.51953125,-15.13472843170166,-6.61519718170166,-21.75,-8.5,-15.125,-6.625
qwen25_14b,28,valenced_opposite::utilitarian::002,valenced_opposite,utilitarian,valenced,opposite,-0.4,preference_control,-21.875,-5.0,-21.874932765960693,-5.0091552734375,-21.874932765960693,-5.0091552734375,-13.442044019699097,-8.432888746261597,-21.875,-5.0,-13.4375,-8.4375
qwen25_14b,28,valenced_opposite::utilitarian::002,valenced_opposite,utilitarian,valenced,opposite,-0.2,preference_control,-19.125,-1.75,-19.124956369400024,-1.7490234375,-19.124956369400024,-1.7490234375,-10.436989903450012,-8.687966465950012,-19.125,-1.75,-10.4375,-8.6875
qwen25_14b,28,valenced_opposite::utilitarian::002,valenced_opposite,utilitarian,valenced,opposite,0.0,preference_control,-11.875,2.0,-11.87490940093994,1.9970703125,-11.87490940093994,1.9970703125,-4.938919544219971,-6.935989856719971,-11.875,2.0,-4.9375,-6.9375
qwen25_14b,28,valenced_opposite::utilitarian::002,valenced_opposite,utilitarian,valenced,opposite,0.2,preference_control,1.0,5.75,0.998046875,5.746795654296875,0.998046875,5.746795654296875,3.372421264648437,-2.374374389648437,1.0,5.75,3.375,-2.375
qwen25_14b,28,valenced_opposite::utilitarian::002,valenced_opposite,utilitarian,valenced,opposite,0.4,preference_control,7.75,7.0,7.74955940246582,6.999073028564453,7.74955940246582,6.999073028564453,7.374316215515137,0.3752431869506836,7.75,7.0,7.375,0.375
qwen25_14b,28,valenced_opposite::utilitarian::002,valenced_opposite,utilitarian,valenced,opposite,0.6,preference_control,9.5,6.5,9.499919891357422,6.4984893798828125,9.499919891357422,6.4984893798828125,7.999204635620117,1.500715255737305,9.5,6.5,8.0,1.5
qwen25_14b,28,valenced_opposite::utilitarian::002,valenced_opposite,utilitarian,valenced,opposite,0.8,preference_control,10.0,4.5,9.999950885772703,4.48895263671875,9.999950885772703,4.48895263671875,7.244451761245727,2.755499124526977,10.0,4.5,7.25,2.75
qwen25_14b,28,valenced_opposite::utilitarian::002,valenced_opposite,utilitarian,valenced,opposite,1.0,preference_control,9.75,3.0,9.749938488006592,2.998291015625,9.749938488006592,2.998291015625,6.374114751815796,3.375823736190796,9.75,3.0,6.375,3.375
qwen25_14b,28,valenced_opposite::utilitarian::003,valenced_opposite,utilitarian,valenced,opposite,-1.0,preference_control,-7.25,-13.375,-7.25341796875,-13.34765648841858,-7.25341796875,-13.34765648841858,-10.30053722858429,3.0471192598342896,-7.25,-13.375,-10.3125,3.0625
qwen25_14b,28,valenced_opposite::utilitarian::003,valenced_opposite,utilitarian,valenced,opposite,-0.8,preference_control,-9.25,-12.75,-9.246322631835938,-12.757812857627869,-9.246322631835938,-12.757812857627869,-11.002067744731905,1.7557451128959656,-9.25,-12.75,-11.0,1.75
qwen25_14b,28,valenced_opposite::utilitarian::003,valenced_opposite,utilitarian,valenced,opposite,-0.6,preference_control,-11.625,-12.75,-11.624624252319336,-12.757813096046448,-11.624624252319336,-12.757813096046448,-12.191218674182892,0.5665944218635559,-11.625,-12.75,-12.1875,0.5625
qwen25_14b,28,valenced_opposite::utilitarian::003,valenced_opposite,utilitarian,valenced,opposite,-0.4,preference_control,-13.25,-12.875,-13.24972939491272,-12.851563572883606,-13.24972939491272,-12.851563572883606,-13.050646483898165,-0.1990829110145568,-13.25,-12.875,-13.0625,-0.1875
qwen25_14b,28,valenced_opposite::utilitarian::003,valenced_opposite,utilitarian,valenced,opposite,-0.2,preference_control,-12.625,-11.125,-12.624775052070618,-11.14062511920929,-12.624775052070618,-11.14062511920929,-11.882700085639954,-0.7420749664306641,-12.625,-11.125,-11.875,-0.75
qwen25_14b,28,valenced_opposite::utilitarian::003,valenced_opposite,utilitarian,valenced,opposite,0.0,preference_control,-7.0,-7.625,-6.998756408691406,-7.62109375,-6.998756408691406,-7.62109375,-7.309925079345703,0.3111686706542969,-7.0,-7.625,-7.3125,0.3125
qwen25_14b,28,valenced_opposite::utilitarian::003,valenced_opposite,utilitarian,valenced,opposite,0.2,preference_control,4.75,-3.25,4.74090576171875,-3.2451171875,4.74090576171875,-3.2451171875,0.747894287109375,3.993011474609375,4.75,-3.25,0.75,4.0
qwen25_14b,28,valenced_opposite::utilitarian::003,valenced_opposite,utilitarian,valenced,opposite,0.4,preference_control,9.25,-3.25,9.249771118164062,-3.2578125,9.249771118164062,-3.2578125,2.9959793090820312,6.253791809082031,9.25,-3.25,3.0,6.25
qwen25_14b,28,valenced_opposite::utilitarian::003,valenced_opposite,utilitarian,valenced,opposite,0.6,preference_control,10.375,-3.5,10.374865531921388,-3.5013427734375,10.374865531921388,-3.5013427734375,3.436761379241944,6.938104152679443,10.375,-3.5,3.4375,6.9375
qwen25_14b,28,valenced_opposite::utilitarian::003,valenced_opposite,utilitarian,valenced,opposite,0.8,preference_control,10.875,-3.5,10.874879360198976,-3.50146484375,10.874879360198976,-3.50146484375,3.6867072582244873,7.188172101974487,10.875,-3.5,3.6875,7.1875
qwen25_14b,28,valenced_opposite::utilitarian::003,valenced_opposite,utilitarian,valenced,opposite,1.0,preference_control,10.375,-3.5,10.374876022338867,-3.50146484375,10.374876022338867,-3.50146484375,3.4367055892944336,6.938170433044434,10.375,-3.5,3.4375,6.9375
qwen25_14b,28,valenced_opposite::utilitarian::004,valenced_opposite,utilitarian,valenced,opposite,-1.0,preference_control,-16.125,-23.25,-16.49999988079071,-23.500001311302185,-16.49999988079071,-23.500001311302185,-20.000000596046448,3.5000007152557373,-16.125,-23.25,-19.6875,3.5625
qwen25_14b,28,valenced_opposite::utilitarian::004,valenced_opposite,utilitarian,valenced,opposite,-0.8,preference_control,-16.5,-22.5,-16.49999988079071,-22.37500047683716,-16.49999988079071,-22.37500047683716,-19.43750017881393,2.937500298023224,-16.5,-22.5,-19.5,3.0
qwen25_14b,28,valenced_opposite::utilitarian::004,valenced_opposite,utilitarian,valenced,opposite,-0.6,preference_control,-16.375,-23.0,-16.125,-22.62499988079071,-16.125,-22.62499988079071,-19.374999940395355,3.2499999403953552,-16.375,-23.0,-19.6875,3.3125
qwen25_14b,28,valenced_opposite::utilitarian::004,valenced_opposite,utilitarian,valenced,opposite,-0.4,preference_control,-15.125,-22.125,-14.99999976158142,-22.499998211860657,-14.99999976158142,-22.499998211860657,-18.74999898672104,3.749999225139618,-15.125,-22.125,-18.625,3.5
qwen25_14b,28,valenced_opposite::utilitarian::004,valenced_opposite,utilitarian,valenced,opposite,-0.2,preference_control,-12.5,-20.25,-12.499995231628418,-20.12497770786285,-12.499995231628418,-20.12497770786285,-16.312486469745636,3.812491238117218,-12.5,-20.25,-16.375,3.875
qwen25_14b,28,valenced_opposite::utilitarian::004,valenced_opposite,utilitarian,valenced,opposite,0.0,preference_control,-8.0,-13.25,-7.749563455581665,-13.249769449234009,-7.749563455581665,-13.249769449234009,-10.499666452407835,2.750102996826172,-8.0,-13.25,-10.625,2.625
qwen25_14b,28,valenced_opposite::utilitarian::004,valenced_opposite,utilitarian,valenced,opposite,0.2,preference_control,1.25,-1.5,1.5019527673721311,-1.5000009536743164,1.5019527673721311,-1.5000009536743164,0.0009759068489074,1.500976860523224,1.25,-1.5,-0.125,1.375
qwen25_14b,28,valenced_opposite::utilitarian::004,valenced_opposite,utilitarian,valenced,opposite,0.4,preference_control,7.75,1.5,7.7495667934417725,1.5019526481628418,7.7495667934417725,1.5019526481628418,4.625759720802307,3.1238070726394653,7.75,1.5,4.625,3.125
qwen25_14b,28,valenced_opposite::utilitarian::004,valenced_opposite,utilitarian,valenced,opposite,0.6,preference_control,11.75,1.75,11.749992489814758,2.243652105331421,11.749992489814758,2.243652105331421,6.99682229757309,4.753170192241669,11.75,1.75,6.75,5.0
qwen25_14b,28,valenced_opposite::utilitarian::004,valenced_opposite,utilitarian,valenced,opposite,0.8,preference_control,13.625,2.0,13.750002145767212,1.9980467557907104,13.750002145767212,1.9980467557907104,7.874024450778961,5.875977694988251,13.625,2.0,7.8125,5.8125
qwen25_14b,28,valenced_opposite::utilitarian::004,valenced_opposite,utilitarian,valenced,opposite,1.0,preference_control,13.75,2.0,13.625002384185793,1.9980467557907104,13.625002384185793,1.9980467557907104,7.811524569988251,5.81347781419754,13.75,2.0,7.875,5.875
qwen25_14b,28,valenced_opposite::utilitarian::005,valenced_opposite,utilitarian,valenced,opposite,-1.0,preference_control,-10.0,-13.5,-9.99790894985199,-13.477905750274658,-9.99790894985199,-13.477905750274658,-11.737907350063324,1.7399984002113342,-10.0,-13.5,-11.75,1.75
qwen25_14b,28,valenced_opposite::utilitarian::005,valenced_opposite,utilitarian,valenced,opposite,-0.8,preference_control,-11.75,-15.125,-11.74919843673706,-15.120941519737244,-11.74919843673706,-15.120941519737244,-13.435069978237152,1.6858715415000916,-11.75,-15.125,-13.4375,1.6875
qwen25_14b,28,valenced_opposite::utilitarian::005,valenced_opposite,utilitarian,valenced,opposite,-0.6,preference_control,-12.75,-18.125,-12.74945032596588,-18.124744653701782,-12.74945032596588,-18.124744653701782,-15.437097489833832,2.6876471638679504,-12.75,-18.125,-15.4375,2.6875
qwen25_14b,28,valenced_opposite::utilitarian::005,valenced_opposite,utilitarian,valenced,opposite,-0.4,preference_control,-12.5,-20.625,-12.49920129776001,-20.62492978572845,-12.49920129776001,-20.62492978572845,-16.562065541744232,4.062864243984222,-12.5,-20.625,-16.5625,4.0625
qwen25_14b,28,valenced_opposite::utilitarian::005,valenced_opposite,utilitarian,valenced,opposite,-0.2,preference_control,-11.5,-20.125,-11.499364137649536,-20.12484645843506,-11.499364137649536,-20.12484645843506,-15.812105298042296,4.312741160392761,-11.5,-20.125,-15.8125,4.3125
qwen25_14b,28,valenced_opposite::utilitarian::005,valenced_opposite,utilitarian,valenced,opposite,0.0,preference_control,-8.25,-15.75,-8.24923837184906,-15.749343395233154,-8.24923837184906,-15.749343395233154,-11.999290883541107,3.750052511692047,-8.25,-15.75,-12.0,3.75
qwen25_14b,28,valenced_opposite::utilitarian::005,valenced_opposite,utilitarian,valenced,opposite,0.2,preference_control,-0.5,-5.75,-0.499994158744812,-5.744628429412842,-0.499994158744812,-5.744628429412842,-3.122311294078827,2.622317135334015,-0.5,-5.75,-3.125,2.625
qwen25_14b,28,valenced_opposite::utilitarian::005,valenced_opposite,utilitarian,valenced,opposite,0.4,preference_control,6.25,-2.5,6.246550798416138,-2.497557759284973,6.246550798416138,-2.497557759284973,1.8744965195655825,4.372054278850555,6.25,-2.5,1.875,4.375
qwen25_14b,28,valenced_opposite::utilitarian::005,valenced_opposite,utilitarian,valenced,opposite,0.6,preference_control,10.0,-2.75,9.99937903881073,-2.7502427101135254,9.99937903881073,-2.7502427101135254,3.6245681643486014,6.374810874462128,10.0,-2.75,3.625,6.375
qwen25_14b,28,valenced_opposite::utilitarian::005,valenced_opposite,utilitarian,valenced,opposite,0.8,preference_control,13.125,-3.25,13.12567698955536,-3.243162512779236,13.12567698955536,-3.243162512779236,4.9412572383880615,8.184419751167297,13.125,-3.25,4.9375,8.1875
qwen25_14b,28,valenced_opposite::utilitarian::005,valenced_opposite,utilitarian,valenced,opposite,1.0,preference_control,14.5,-3.25,14.503588557243347,-3.243161082267761,14.503588557243347,-3.243161082267761,5.630213737487793,8.873374819755554,14.5,-3.25,5.625,8.875
qwen25_14b,28,valenced_opposite::utilitarian::006,valenced_opposite,utilitarian,valenced,opposite,-1.0,preference_control,-13.625,-15.625,-13.6220703125,-15.578120589256288,-13.6220703125,-15.578120589256288,-14.600095450878143,0.9780251383781432,-13.625,-15.625,-14.625,1.0
qwen25_14b,28,valenced_opposite::utilitarian::006,valenced_opposite,utilitarian,valenced,opposite,-0.8,preference_control,-17.25,-11.6875,-17.201171875,-11.687496185302734,-17.201171875,-11.687496185302734,-14.444334030151367,-2.756837844848633,-17.25,-11.6875,-14.46875,-2.78125
qwen25_14b,28,valenced_opposite::utilitarian::006,valenced_opposite,utilitarian,valenced,opposite,-0.6,preference_control,-21.25,-11.0,-21.249210357666016,-10.999998688697817,-21.249210357666016,-10.999998688697817,-16.124604523181915,-5.1246058344841,-21.25,-11.0,-16.125,-5.125
qwen25_14b,28,valenced_opposite::utilitarian::006,valenced_opposite,utilitarian,valenced,opposite,-0.4,preference_control,-21.125,-14.4375,-21.124069213867188,-14.43749988079071,-21.124069213867188,-14.43749988079071,-17.78078454732895,-3.3432846665382385,-21.125,-14.4375,-17.78125,-3.34375
qwen25_14b,28,valenced_opposite::utilitarian::006,valenced_opposite,utilitarian,valenced,opposite,-0.2,preference_control,-16.75,-14.375,-16.74176025390625,-14.375,-16.74176025390625,-14.375,-15.558380126953123,-1.183380126953125,-16.75,-14.375,-15.5625,-1.1875
qwen25_14b,28,valenced_opposite::utilitarian::006,valenced_opposite,utilitarian,valenced,opposite,0.0,preference_control,-7.625,-7.625,-7.638671875,-7.617187261581421,-7.638671875,-7.617187261581421,-7.6279295682907104,-0.0107423067092895,-7.625,-7.625,-7.625,0.0
qwen25_14b,28,valenced_opposite::utilitarian::006,valenced_opposite,utilitarian,valenced,opposite,0.2,preference_control,3.0,2.0,2.9985355138778687,1.999040126800537,2.9985355138778687,1.999040126800537,2.498787820339203,0.4997476935386657,3.0,2.0,2.5,0.5
qwen25_14b,28,valenced_opposite::utilitarian::006,valenced_opposite,utilitarian,valenced,opposite,0.4,preference_control,7.0,5.25,6.998863697052002,5.242812633514404,6.998863697052002,5.242812633514404,6.120838165283203,0.8780255317687988,7.0,5.25,6.125,0.875
qwen25_14b,28,valenced_opposite::utilitarian::006,valenced_opposite,utilitarian,valenced,opposite,0.6,preference_control,9.0,4.0,8.99985158443451,4.013074517250061,8.99985158443451,4.013074517250061,6.506463050842285,2.493388533592224,9.0,4.0,6.5,2.5
qwen25_14b,28,valenced_opposite::utilitarian::006,valenced_opposite,utilitarian,valenced,opposite,0.8,preference_control,9.75,2.0,9.749933004379272,1.998051643371582,9.749933004379272,1.998051643371582,5.873992323875427,3.875940680503845,9.75,2.0,5.875,3.875
qwen25_14b,28,valenced_opposite::utilitarian::006,valenced_opposite,utilitarian,valenced,opposite,1.0,preference_control,9.75,-0.25,9.749935746192932,-0.2499977350234985,9.749935746192932,-0.2499977350234985,4.749969005584717,4.999966740608215,9.75,-0.25,4.75,5.0
qwen25_14b,28,valenced_opposite::utilitarian::007,valenced_opposite,utilitarian,valenced,opposite,-1.0,preference_control,-6.5,-18.5,-6.494324445724487,-18.49960172176361,-6.494324445724487,-18.49960172176361,-12.496963083744047,6.002638638019562,-6.5,-18.5,-12.5,6.0
qwen25_14b,28,valenced_opposite::utilitarian::007,valenced_opposite,utilitarian,valenced,opposite,-0.8,preference_control,-9.875,-17.875,-9.874929070472716,-17.874996185302734,-9.874929070472716,-17.874996185302734,-13.874962627887726,4.0000335574150085,-9.875,-17.875,-13.875,4.0
qwen25_14b,28,valenced_opposite::utilitarian::007,valenced_opposite,utilitarian,valenced,opposite,-0.6,preference_control,-10.875,-18.125,-10.874940276145937,-18.1250079870224,-10.874940276145937,-18.1250079870224,-14.499974131584167,3.625033855438232,-10.875,-18.125,-14.5,3.625
qwen25_14b,28,valenced_opposite::utilitarian::007,valenced_opposite,utilitarian,valenced,opposite,-0.4,preference_control,-10.5,-18.0,-10.499786734580994,-17.999986171722412,-10.499786734580994,-17.999986171722412,-14.249886453151705,3.750099718570709,-10.5,-18.0,-14.25,3.75
qwen25_14b,28,valenced_opposite::utilitarian::007,valenced_opposite,utilitarian,valenced,opposite,-0.2,preference_control,-7.625,-16.0,-7.623703956604004,-15.999946117401125,-7.623703956604004,-15.999946117401125,-11.811825037002563,4.18812108039856,-7.625,-16.0,-11.8125,4.1875
qwen25_14b,28,valenced_opposite::utilitarian::007,valenced_opposite,utilitarian,valenced,opposite,0.0,preference_control,-1.25,-9.0,-1.251949429512024,-8.999687790870667,-1.251949429512024,-8.999687790870667,-5.125818610191345,3.873869180679321,-1.25,-9.0,-5.125,3.875
qwen25_14b,28,valenced_opposite::utilitarian::007,valenced_opposite,utilitarian,valenced,opposite,0.2,preference_control,6.0,1.0,5.99748694896698,1.0000001192092896,5.99748694896698,1.0000001192092896,3.4987435340881348,2.498743414878845,6.0,1.0,3.5,2.5
qwen25_14b,28,valenced_opposite::utilitarian::007,valenced_opposite,utilitarian,valenced,opposite,0.4,preference_control,8.5,2.25,8.499796867370605,2.243652820587158,8.499796867370605,2.243652820587158,5.371724843978882,3.128072023391724,8.5,2.25,5.375,3.125
qwen25_14b,28,valenced_opposite::utilitarian::007,valenced_opposite,utilitarian,valenced,opposite,0.6,preference_control,10.25,1.75,10.249969363212584,1.7539072036743164,10.249969363212584,1.7539072036743164,6.001938283443451,4.248031079769135,10.25,1.75,6.0,4.25
qwen25_14b,28,valenced_opposite::utilitarian::007,valenced_opposite,utilitarian,valenced,opposite,0.8,preference_control,12.0,1.0,12.000043272972109,1.0000011920928955,12.000043272972109,1.0000011920928955,6.500022232532501,5.500021040439606,12.0,1.0,6.5,5.5
qwen25_14b,28,valenced_opposite::utilitarian::007,valenced_opposite,utilitarian,valenced,opposite,1.0,preference_control,12.25,0.5,12.250453352928162,0.4980484247207641,12.250453352928162,0.4980484247207641,6.374250888824463,5.876202464103699,12.25,0.5,6.375,5.875
qwen25_14b,28,valenced_opposite::utilitarian::008,valenced_opposite,utilitarian,valenced,opposite,-1.0,preference_control,-21.625,-25.375,-21.62504506111145,-25.42356598377228,-21.62504506111145,-25.42356598377228,-23.524305522441864,1.8992604613304136,-21.625,-25.375,-23.5,1.875
qwen25_14b,28,valenced_opposite::utilitarian::008,valenced_opposite,utilitarian,valenced,opposite,-0.8,preference_control,-23.875,-25.25,-23.875057458877563,-25.29858243465424,-23.875057458877563,-25.29858243465424,-24.5868199467659,0.7117624878883362,-23.875,-25.25,-24.5625,0.6875
qwen25_14b,28,valenced_opposite::utilitarian::008,valenced_opposite,utilitarian,valenced,opposite,-0.6,preference_control,-24.375,-26.125,-24.37506413459778,-26.13915777206421,-24.37506413459778,-26.13915777206421,-25.257110953330997,0.8820468187332153,-24.375,-26.125,-25.25,0.875
qwen25_14b,28,valenced_opposite::utilitarian::008,valenced_opposite,utilitarian,valenced,opposite,-0.4,preference_control,-22.875,-27.25,-22.87497365474701,-27.25246560573578,-22.87497365474701,-27.25246560573578,-25.063719630241398,2.1887459754943848,-22.875,-27.25,-25.0625,2.1875
qwen25_14b,28,valenced_opposite::utilitarian::008,valenced_opposite,utilitarian,valenced,opposite,-0.2,preference_control,-19.75,-27.25,-19.749754428863525,-27.250893592834476,-19.749754428863525,-27.250893592834476,-23.500324010849,3.7505695819854736,-19.75,-27.25,-23.5,3.75
qwen25_14b,28,valenced_opposite::utilitarian::008,valenced_opposite,utilitarian,valenced,opposite,0.0,preference_control,-13.125,-15.875,-13.122651815414429,-15.874913573265076,-13.122651815414429,-15.874913573265076,-14.498782694339752,1.3761308789253237,-13.125,-15.875,-14.5,1.375
qwen25_14b,28,valenced_opposite::utilitarian::008,valenced_opposite,utilitarian,valenced,opposite,0.2,preference_control,0.25,0.0,0.2499998807907104,0.0,0.2499998807907104,0.0,0.1249999403953552,0.1249999403953552,0.25,0.0,0.125,0.125
qwen25_14b,28,valenced_opposite::utilitarian::008,valenced_opposite,utilitarian,valenced,opposite,0.4,preference_control,8.25,3.5,8.249504208564758,3.5014649629592896,8.249504208564758,3.5014649629592896,5.875484585762024,2.3740196228027344,8.25,3.5,5.875,2.375
qwen25_14b,28,valenced_opposite::utilitarian::008,valenced_opposite,utilitarian,valenced,opposite,0.6,preference_control,12.5,4.5,12.499985456466677,4.48895275592804,12.499985456466677,4.48895275592804,8.494469106197357,4.005516350269318,12.5,4.5,8.5,4.0
qwen25_14b,28,valenced_opposite::utilitarian::008,valenced_opposite,utilitarian,valenced,opposite,0.8,preference_control,14.875,4.25,14.874994397163391,4.2358399629592896,14.874994397163391,4.2358399629592896,9.55541718006134,5.319577217102051,14.875,4.25,9.5625,5.3125
qwen25_14b,28,valenced_opposite::utilitarian::008,valenced_opposite,utilitarian,valenced,opposite,1.0,preference_control,15.25,4.0,15.249996542930605,4.0130616426467896,15.249996542930605,4.0130616426467896,9.631529092788696,5.618467450141907,15.25,4.0,9.625,5.625
qwen25_14b,28,valenced_opposite::utilitarian::009,valenced_opposite,utilitarian,valenced,opposite,-1.0,preference_control,-16.5,-24.25,-16.49996542930603,-24.249996662139893,-16.49996542930603,-24.249996662139893,-20.37498104572296,3.875015616416931,-16.5,-24.25,-20.375,3.875
qwen25_14b,28,valenced_opposite::utilitarian::009,valenced_opposite,utilitarian,valenced,opposite,-0.8,preference_control,-17.375,-24.5,-17.374980807304382,-24.4999977350235,-17.374980807304382,-24.4999977350235,-20.93748927116394,3.562508463859558,-17.375,-24.5,-20.9375,3.5625
qwen25_14b,28,valenced_opposite::utilitarian::009,valenced_opposite,utilitarian,valenced,opposite,-0.6,preference_control,-19.125,-24.875,-19.124991059303284,-24.874998092651367,-19.124991059303284,-24.874998092651367,-21.999994575977325,2.8750035166740417,-19.125,-24.875,-22.0,2.875
qwen25_14b,28,valenced_opposite::utilitarian::009,valenced_opposite,utilitarian,valenced,opposite,-0.4,preference_control,-20.0,-24.5,-19.999995231628414,-24.49999713897705,-19.999995231628414,-24.49999713897705,-22.24999618530273,2.2500009536743164,-20.0,-24.5,-22.25,2.25
qwen25_14b,28,valenced_opposite::utilitarian::009,valenced_opposite,utilitarian,valenced,opposite,-0.2,preference_control,-15.875,-22.25,-15.874966740608215,-22.24998939037323,-15.874966740608215,-22.24998939037323,-19.062478065490723,3.1875113248825078,-15.875,-22.25,-19.0625,3.1875
qwen25_14b,28,valenced_opposite::utilitarian::009,valenced_opposite,utilitarian,valenced,opposite,0.0,preference_control,-6.5,-15.875,-6.496578097343445,-15.874868631362917,-6.496578097343445,-15.874868631362917,-11.18572336435318,4.689145267009735,-6.5,-15.875,-11.1875,4.6875
qwen25_14b,28,valenced_opposite::utilitarian::009,valenced_opposite,utilitarian,valenced,opposite,0.2,preference_control,8.875,-5.5,8.874545454978943,-5.493893146514893,8.874545454978943,-5.493893146514893,1.6903261542320251,7.184219300746918,8.875,-5.5,1.6875,7.1875
qwen25_14b,28,valenced_opposite::utilitarian::009,valenced_opposite,utilitarian,valenced,opposite,0.4,preference_control,17.5,-1.25,17.499967217445374,-1.2539002895355225,17.499967217445374,-1.2539002895355225,8.123033463954926,9.376933753490448,17.5,-1.25,8.125,9.375
qwen25_14b,28,valenced_opposite::utilitarian::009,valenced_opposite,utilitarian,valenced,opposite,0.6,preference_control,19.5,-0.25,19.499958157539368,-0.2499945163726806,19.499958157539368,-0.2499945163726806,9.624981820583344,9.874976336956024,19.5,-0.25,9.625,9.875
qwen25_14b,28,valenced_opposite::utilitarian::009,valenced_opposite,utilitarian,valenced,opposite,0.8,preference_control,19.0,-0.25,18.999975323677063,-0.249993085861206,18.999975323677063,-0.249993085861206,9.374991118907928,9.624984204769136,19.0,-0.25,9.375,9.625
qwen25_14b,28,valenced_opposite::utilitarian::009,valenced_opposite,utilitarian,valenced,opposite,1.0,preference_control,16.625,0.0,16.62497305870056,7.867813110351562e-06,16.62497305870056,7.867813110351562e-06,8.312490463256836,8.312482595443726,16.625,0.0,8.3125,8.3125
qwen25_14b,28,valenced_opposite::utilitarian::010,valenced_opposite,utilitarian,valenced,opposite,-1.0,preference_control,-6.875,-10.0,-6.8740235567092896,-10.000000715255736,-6.8740235567092896,-10.000000715255736,-8.437012135982513,1.562988579273224,-6.875,-10.0,-8.4375,1.5625
qwen25_14b,28,valenced_opposite::utilitarian::010,valenced_opposite,utilitarian,valenced,opposite,-0.8,preference_control,-9.25,-9.0,-9.22558605670929,-8.984375,-9.22558605670929,-8.984375,-9.104980528354645,-0.1206055283546447,-9.25,-9.0,-9.125,-0.125
qwen25_14b,28,valenced_opposite::utilitarian::010,valenced_opposite,utilitarian,valenced,opposite,-0.6,preference_control,-10.75,-8.75,-10.74096703529358,-8.771483898162842,-10.74096703529358,-8.771483898162842,-9.75622546672821,-0.9847415685653688,-10.75,-8.75,-9.75,-1.0
qwen25_14b,28,valenced_opposite::utilitarian::010,valenced_opposite,utilitarian,valenced,opposite,-0.4,preference_control,-10.25,-4.875,-10.243194818496704,-4.863280177116394,-10.243194818496704,-4.863280177116394,-7.553237497806549,-2.689957320690155,-10.25,-4.875,-7.5625,-2.6875
qwen25_14b,28,valenced_opposite::utilitarian::010,valenced_opposite,utilitarian,valenced,opposite,-0.2,preference_control,-7.375,2.5,-7.3728333711624146,2.501953959465027,-7.3728333711624146,2.501953959465027,-2.435439705848694,-4.937393665313721,-7.375,2.5,-2.4375,-4.9375
qwen25_14b,28,valenced_opposite::utilitarian::010,valenced_opposite,utilitarian,valenced,opposite,0.0,preference_control,-1.25,7.5,-1.2460938692092896,7.494201898574829,-1.2460938692092896,7.494201898574829,3.1240540146827698,-4.370147883892059,-1.25,7.5,3.125,-4.375
qwen25_14b,28,valenced_opposite::utilitarian::010,valenced_opposite,utilitarian,valenced,opposite,0.2,preference_control,4.0,8.5,4.0130615234375,8.499629974365234,4.0130615234375,8.499629974365234,6.256345748901367,-2.243284225463867,4.0,8.5,6.25,-2.25
qwen25_14b,28,valenced_opposite::utilitarian::010,valenced_opposite,utilitarian,valenced,opposite,0.4,preference_control,6.5,7.5,6.4984893798828125,7.499427795410156,6.4984893798828125,7.499427795410156,6.998958587646484,-0.5004692077636719,6.5,7.5,7.0,-0.5
qwen25_14b,28,valenced_opposite::utilitarian::010,valenced_opposite,utilitarian,valenced,opposite,0.6,preference_control,8.5,6.0,8.499794006347656,5.9975128173828125,8.499794006347656,5.9975128173828125,7.248653411865234,1.251140594482422,8.5,6.0,7.25,1.25
qwen25_14b,28,valenced_opposite::utilitarian::010,valenced_opposite,utilitarian,valenced,opposite,0.8,preference_control,9.25,3.75,9.24990177154541,3.7423095703125,9.24990177154541,3.7423095703125,6.496105670928955,2.753796100616455,9.25,3.75,6.5,2.75
qwen25_14b,28,valenced_opposite::utilitarian::010,valenced_opposite,utilitarian,valenced,opposite,1.0,preference_control,9.0,1.75,8.999870300292969,1.75390625,8.999870300292969,1.75390625,5.376888275146484,3.622982025146485,9.0,1.75,5.375,3.625
qwen25_14b,28,valenced_opposite::utilitarian::011,valenced_opposite,utilitarian,valenced,opposite,-1.0,preference_control,4.125,7.5,4.119140625,7.508789300918579,4.119140625,7.508789300918579,5.8139649629592896,-1.6948243379592896,4.125,7.5,5.8125,-1.6875
qwen25_14b,28,valenced_opposite::utilitarian::011,valenced_opposite,utilitarian,valenced,opposite,-0.8,preference_control,3.75,11.625,3.7509765625,11.622146725654602,3.7509765625,11.622146725654602,7.686561644077301,-3.935585081577301,3.75,11.625,7.6875,-3.9375
qwen25_14b,28,valenced_opposite::utilitarian::011,valenced_opposite,utilitarian,valenced,opposite,-0.6,preference_control,1.25,13.25,1.251953125,13.249420166015623,1.251953125,13.249420166015623,7.250686645507812,-5.9987335205078125,1.25,13.25,7.25,-6.0
qwen25_14b,28,valenced_opposite::utilitarian::011,valenced_opposite,utilitarian,valenced,opposite,-0.4,preference_control,-1.5,12.5,-1.501953125,12.499015808105469,-1.501953125,12.499015808105469,5.498531341552734,-7.000484466552734,-1.5,12.5,5.5,-7.0
qwen25_14b,28,valenced_opposite::utilitarian::011,valenced_opposite,utilitarian,valenced,opposite,-0.2,preference_control,-1.25,10.375,-1.25,10.3707275390625,-1.25,10.3707275390625,4.56036376953125,-5.81036376953125,-1.25,10.375,4.5625,-5.8125
qwen25_14b,28,valenced_opposite::utilitarian::011,valenced_opposite,utilitarian,valenced,opposite,0.0,preference_control,2.25,9.25,2.2421875,9.2457275390625,2.2421875,9.2457275390625,5.74395751953125,-3.50177001953125,2.25,9.25,5.75,-3.5
qwen25_14b,28,valenced_opposite::utilitarian::011,valenced_opposite,utilitarian,valenced,opposite,0.2,preference_control,7.5,8.5,7.498504638671875,8.499176025390625,7.498504638671875,8.499176025390625,7.99884033203125,-0.500335693359375,7.5,8.5,8.0,-0.5
qwen25_14b,28,valenced_opposite::utilitarian::011,valenced_opposite,utilitarian,valenced,opposite,0.4,preference_control,9.75,5.5,9.7499098777771,5.49566650390625,9.7499098777771,5.49566650390625,7.622788190841675,2.127121686935425,9.75,5.5,7.625,2.125
qwen25_14b,28,valenced_opposite::utilitarian::011,valenced_opposite,utilitarian,valenced,opposite,0.6,preference_control,11.5,3.75,11.499986290931702,3.7421875,11.499986290931702,3.7421875,7.621086895465851,3.878899395465851,11.5,3.75,7.625,3.875
qwen25_14b,28,valenced_opposite::utilitarian::011,valenced_opposite,utilitarian,valenced,opposite,0.8,preference_control,13.5,3.25,13.499997854232788,3.2431640625,13.499997854232788,3.2431640625,8.371580958366394,5.128416895866394,13.5,3.25,8.375,5.125
qwen25_14b,28,valenced_opposite::utilitarian::011,valenced_opposite,utilitarian,valenced,opposite,1.0,preference_control,14.5,3.75,14.499999046325684,3.7423095703125,14.499999046325684,3.7423095703125,9.121154308319092,5.378844738006592,14.5,3.75,9.125,5.375
qwen25_14b,28,valenced_opposite::utilitarian::012,valenced_opposite,utilitarian,valenced,opposite,-1.0,preference_control,-1.625,-12.875,-1.6249796152114868,-12.87328004837036,-1.6249796152114868,-12.87328004837036,-7.249129831790924,5.624150216579437,-1.625,-12.875,-7.25,5.625
qwen25_14b,28,valenced_opposite::utilitarian::012,valenced_opposite,utilitarian,valenced,opposite,-0.8,preference_control,-2.25,-10.875,-2.246082067489624,-10.871903777122498,-2.246082067489624,-10.871903777122498,-6.558992922306061,4.312910854816437,-2.25,-10.875,-6.5625,4.3125
qwen25_14b,28,valenced_opposite::utilitarian::012,valenced_opposite,utilitarian,valenced,opposite,-0.6,preference_control,-4.25,-11.0,-4.23516309261322,-10.99912691116333,-4.23516309261322,-10.99912691116333,-7.617145001888275,3.381981909275055,-4.25,-11.0,-7.625,3.375
qwen25_14b,28,valenced_opposite::utilitarian::012,valenced_opposite,utilitarian,valenced,opposite,-0.4,preference_control,-6.5,-11.625,-6.498472332954407,-11.624711632728577,-6.498472332954407,-11.624711632728577,-9.061591982841492,2.563119649887085,-6.5,-11.625,-9.0625,2.5625
qwen25_14b,28,valenced_opposite::utilitarian::012,valenced_opposite,utilitarian,valenced,opposite,-0.2,preference_control,-6.25,-9.25,-6.248061180114746,-9.249709129333496,-6.248061180114746,-9.249709129333496,-7.748885154724121,1.500823974609375,-6.25,-9.25,-7.75,1.5
qwen25_14b,28,valenced_opposite::utilitarian::012,valenced_opposite,utilitarian,valenced,opposite,0.0,preference_control,-2.75,-4.75,-2.750487446784973,-4.741150379180908,-2.750487446784973,-4.741150379180908,-3.7458189129829407,0.9953314661979676,-2.75,-4.75,-3.75,1.0
qwen25_14b,28,valenced_opposite::utilitarian::012,valenced_opposite,utilitarian,valenced,opposite,0.2,preference_control,2.75,-2.25,2.750489354133606,-2.2436527013778687,2.750489354133606,-2.2436527013778687,0.2534183263778686,2.4970710277557373,2.75,-2.25,0.25,2.5
qwen25_14b,28,valenced_opposite::utilitarian::012,valenced_opposite,utilitarian,valenced,opposite,0.4,preference_control,6.0,-2.75,5.99751353263855,-2.750488519668579,5.99751353263855,-2.750488519668579,1.6235125064849854,4.3740010261535645,6.0,-2.75,1.625,4.375
qwen25_14b,28,valenced_opposite::utilitarian::012,valenced_opposite,utilitarian,valenced,opposite,0.6,preference_control,8.5,-4.25,8.499791979789734,-4.235840082168579,8.499791979789734,-4.235840082168579,2.1319759488105774,6.3678160309791565,8.5,-4.25,2.125,6.375
qwen25_14b,28,valenced_opposite::utilitarian::012,valenced_opposite,utilitarian,valenced,opposite,0.8,preference_control,9.75,-5.0,9.749939680099487,-4.993286371231079,9.749939680099487,-4.993286371231079,2.378326654434204,7.371613025665283,9.75,-5.0,2.375,7.375
qwen25_14b,28,valenced_opposite::utilitarian::012,valenced_opposite,utilitarian,valenced,opposite,1.0,preference_control,10.0,-4.75,9.999953627586365,-4.741394400596619,9.999953627586365,-4.741394400596619,2.629279613494873,7.370674014091492,10.0,-4.75,2.625,7.375
qwen25_14b,28,valenced_opposite::utilitarian::013,valenced_opposite,utilitarian,valenced,opposite,-1.0,preference_control,-12.125,-22.875,-12.123063325881958,-22.87500762939453,-12.123063325881958,-22.87500762939453,-17.499035477638245,5.375972151756287,-12.125,-22.875,-17.5,5.375
qwen25_14b,28,valenced_opposite::utilitarian::013,valenced_opposite,utilitarian,valenced,opposite,-0.8,preference_control,-12.375,-24.625,-12.374773144721985,-24.62503170967102,-12.374773144721985,-24.62503170967102,-18.499902427196503,6.125129282474518,-12.375,-24.625,-18.5,6.125
qwen25_14b,28,valenced_opposite::utilitarian::013,valenced_opposite,utilitarian,valenced,opposite,-0.6,preference_control,-10.875,-26.75,-10.87494444847107,-26.750032663345337,-10.87494444847107,-26.750032663345337,-18.812488555908203,7.937544107437134,-10.875,-26.75,-18.8125,7.9375
qwen25_14b,28,valenced_opposite::utilitarian::013,valenced_opposite,utilitarian,valenced,opposite,-0.4,preference_control,-8.5,-28.125,-8.499790787696838,-28.12504279613495,-8.499790787696838,-28.12504279613495,-18.312416791915894,9.812626004219055,-8.5,-28.125,-18.3125,9.8125
qwen25_14b,28,valenced_opposite::utilitarian::013,valenced_opposite,utilitarian,valenced,opposite,-0.2,preference_control,-6.5,-26.75,-6.498489737510681,-26.750017285346985,-6.498489737510681,-26.750017285346985,-16.624253511428833,10.125763773918152,-6.5,-26.75,-16.625,10.125
qwen25_14b,28,valenced_opposite::utilitarian::013,valenced_opposite,utilitarian,valenced,opposite,0.0,preference_control,-3.0,-15.75,-2.9982892274856567,-15.749987602233888,-2.9982892274856567,-15.749987602233888,-9.374138414859772,6.375849187374115,-3.0,-15.75,-9.375,6.375
qwen25_14b,28,valenced_opposite::utilitarian::013,valenced_opposite,utilitarian,valenced,opposite,0.2,preference_control,4.25,-0.75,4.2358421087265015,-0.7539061307907104,4.2358421087265015,-0.7539061307907104,1.7409679889678955,2.494874119758606,4.25,-0.75,1.75,2.5
qwen25_14b,28,valenced_opposite::utilitarian::013,valenced_opposite,utilitarian,valenced,opposite,0.4,preference_control,8.25,0.75,8.24973714351654,0.7539063692092896,8.24973714351654,0.7539063692092896,4.501821756362915,3.7479153871536255,8.25,0.75,4.5,3.75
qwen25_14b,28,valenced_opposite::utilitarian::013,valenced_opposite,utilitarian,valenced,opposite,0.6,preference_control,10.25,-0.25,10.249965190887451,-0.25,10.249965190887451,-0.25,4.999982595443726,5.249982595443726,10.25,-0.25,5.0,5.25
qwen25_14b,28,valenced_opposite::utilitarian::013,valenced_opposite,utilitarian,valenced,opposite,0.8,preference_control,11.5,-0.5,11.499991297721865,-0.498046875,11.499991297721865,-0.498046875,5.500972211360931,5.999019086360931,11.5,-0.5,5.5,6.0
qwen25_14b,28,valenced_opposite::utilitarian::013,valenced_opposite,utilitarian,valenced,opposite,1.0,preference_control,12.25,-0.25,12.249996781349182,-0.25,12.249996781349182,-0.25,5.999998390674591,6.249998390674591,12.25,-0.25,6.0,6.25
qwen25_14b,28,valenced_opposite::utilitarian::014,valenced_opposite,utilitarian,valenced,opposite,-1.0,preference_control,-18.5,-19.875,-18.49993205070496,-19.828161478042603,-18.49993205070496,-19.828161478042603,-19.16404676437378,0.6641147136688232,-18.5,-19.875,-19.1875,0.6875
qwen25_14b,28,valenced_opposite::utilitarian::014,valenced_opposite,utilitarian,valenced,opposite,-0.8,preference_control,-22.5,-16.8125,-22.49973940849304,-16.78128719329834,-22.49973940849304,-16.78128719329834,-19.64051330089569,-2.859226107597351,-22.5,-16.8125,-19.65625,-2.84375
qwen25_14b,28,valenced_opposite::utilitarian::014,valenced_opposite,utilitarian,valenced,opposite,-0.6,preference_control,-25.25,-15.8125,-25.24883723258972,-15.812520146369934,-25.24883723258972,-15.812520146369934,-20.530678689479828,-4.718158543109894,-25.25,-15.8125,-20.53125,-4.71875
qwen25_14b,28,valenced_opposite::utilitarian::014,valenced_opposite,utilitarian,valenced,opposite,-0.4,preference_control,-23.375,-14.125,-23.37247967720032,-14.1562682390213,-23.37247967720032,-14.1562682390213,-18.76437395811081,-4.608105719089508,-23.375,-14.125,-18.75,-4.625
qwen25_14b,28,valenced_opposite::utilitarian::014,valenced_opposite,utilitarian,valenced,opposite,-0.2,preference_control,-16.125,-9.75,-16.117780208587646,-9.781273245811462,-16.117780208587646,-9.781273245811462,-12.949526727199554,-3.168253481388092,-16.125,-9.75,-12.9375,-3.1875
qwen25_14b,28,valenced_opposite::utilitarian::014,valenced_opposite,utilitarian,valenced,opposite,0.0,preference_control,-3.25,0.375,-3.246589183807373,0.3749845027923584,-3.246589183807373,0.3749845027923584,-1.435802340507507,-1.8107868432998655,-3.25,0.375,-1.4375,-1.8125
qwen25_14b,28,valenced_opposite::utilitarian::014,valenced_opposite,utilitarian,valenced,opposite,0.2,preference_control,6.0,9.5,5.996104955673218,9.494222402572632,5.996104955673218,9.494222402572632,7.745163679122925,-1.749058723449707,6.0,9.5,7.75,-1.75
qwen25_14b,28,valenced_opposite::utilitarian::014,valenced_opposite,utilitarian,valenced,opposite,0.4,preference_control,6.25,7.25,6.247968435287476,7.248231172561645,6.247968435287476,7.248231172561645,6.7480998039245605,-0.500131368637085,6.25,7.25,6.75,-0.5
qwen25_14b,28,valenced_opposite::utilitarian::014,valenced_opposite,utilitarian,valenced,opposite,0.6,preference_control,6.0,3.5,5.99751091003418,3.501214504241944,5.99751091003418,3.501214504241944,4.7493627071380615,1.2481482028961182,6.0,3.5,4.75,1.25
qwen25_14b,28,valenced_opposite::utilitarian::014,valenced_opposite,utilitarian,valenced,opposite,0.8,preference_control,5.75,1.0,5.7468085289001465,0.9999933242797852,5.7468085289001465,0.9999933242797852,3.373400926589966,2.3734076023101807,5.75,1.0,3.375,2.375
qwen25_14b,28,valenced_opposite::utilitarian::014,valenced_opposite,utilitarian,valenced,opposite,1.0,preference_control,6.25,-0.75,6.248045444488525,-0.7539148330688477,6.248045444488525,-0.7539148330688477,2.747065305709839,3.5009801387786865,6.25,-0.75,2.75,3.5
qwen25_14b,28,valenced_opposite::utilitarian::015,valenced_opposite,utilitarian,valenced,opposite,-1.0,preference_control,-17.5,-23.625,-17.49909508228302,-23.61880600452423,-17.49909508228302,-23.61880600452423,-20.558950543403625,3.059855461120605,-17.5,-23.625,-20.5625,3.0625
qwen25_14b,28,valenced_opposite::utilitarian::015,valenced_opposite,utilitarian,valenced,opposite,-0.8,preference_control,-19.3125,-24.0625,-19.37260317802429,-24.12402439117432,-19.37260317802429,-24.12402439117432,-21.748313784599304,2.375710606575012,-19.3125,-24.0625,-21.6875,2.375
qwen25_14b,28,valenced_opposite::utilitarian::015,valenced_opposite,utilitarian,valenced,opposite,-0.6,preference_control,-21.125,-25.25,-21.12229704856873,-25.24981951713562,-21.12229704856873,-25.24981951713562,-23.186058282852173,2.0637612342834477,-21.125,-25.25,-23.1875,2.0625
qwen25_14b,28,valenced_opposite::utilitarian::015,valenced_opposite,utilitarian,valenced,opposite,-0.4,preference_control,-21.75,-25.8125,-21.7482545375824,-25.874759912490845,-21.7482545375824,-25.874759912490845,-23.81150722503662,2.063252687454224,-21.75,-25.8125,-23.78125,2.03125
qwen25_14b,28,valenced_opposite::utilitarian::015,valenced_opposite,utilitarian,valenced,opposite,-0.2,preference_control,-19.0,-23.625,-18.99655759334564,-23.624037623405457,-18.99655759334564,-23.624037623405457,-21.31029760837555,2.3137400150299072,-19.0,-23.625,-21.3125,2.3125
qwen25_14b,28,valenced_opposite::utilitarian::015,valenced_opposite,utilitarian,valenced,opposite,0.0,preference_control,-8.625,-11.5,-8.617941617965698,-11.496659517288208,-8.617941617965698,-11.496659517288208,-10.057300567626951,1.4393589496612549,-8.625,-11.5,-10.0625,1.4375
qwen25_14b,28,valenced_opposite::utilitarian::015,valenced_opposite,utilitarian,valenced,opposite,0.2,preference_control,4.25,2.75,4.235070109367371,2.748753547668457,4.235070109367371,2.748753547668457,3.491911828517914,0.7431582808494568,4.25,2.75,3.5,0.75
qwen25_14b,28,valenced_opposite::utilitarian::015,valenced_opposite,utilitarian,valenced,opposite,0.4,preference_control,10.875,6.5,10.875022411346436,6.499080657958984,10.875022411346436,6.499080657958984,8.68705153465271,2.1879708766937256,10.875,6.5,8.6875,2.1875
qwen25_14b,28,valenced_opposite::utilitarian::015,valenced_opposite,utilitarian,valenced,opposite,0.6,preference_control,13.375,6.75,13.37598967552185,6.749284863471985,13.37598967552185,6.749284863471985,10.062637269496918,3.313352406024933,13.375,6.75,10.0625,3.3125
qwen25_14b,28,valenced_opposite::utilitarian::015,valenced_opposite,utilitarian,valenced,opposite,0.8,preference_control,14.75,5.5,14.75827968120575,5.496029019355774,14.75827968120575,5.496029019355774,10.127154350280762,4.631125330924988,14.75,5.5,10.125,4.625
qwen25_14b,28,valenced_opposite::utilitarian::015,valenced_opposite,utilitarian,valenced,opposite,1.0,preference_control,14.875,3.5,14.907439827919006,3.501536011695862,14.907439827919006,3.501536011695862,9.204487919807434,5.702951908111572,14.875,3.5,9.1875,5.6875
qwen25_14b,28,valenced_opposite::utilitarian::016,valenced_opposite,utilitarian,valenced,opposite,-1.0,preference_control,-20.0,-20.125,-19.999252319335938,-20.12249755859375,-19.999252319335938,-20.12249755859375,-20.060874938964844,0.0616226196289062,-20.0,-20.125,-20.0625,0.0625
qwen25_14b,28,valenced_opposite::utilitarian::016,valenced_opposite,utilitarian,valenced,opposite,-0.8,preference_control,-22.375,-21.0,-22.37454414367676,-20.998191833496094,-22.37454414367676,-20.998191833496094,-21.686367988586422,-0.688176155090332,-22.375,-21.0,-21.6875,-0.6875
qwen25_14b,28,valenced_opposite::utilitarian::016,valenced_opposite,utilitarian,valenced,opposite,-0.6,preference_control,-24.0,-21.5,-23.99971389770508,-21.498794555664062,-23.99971389770508,-21.498794555664062,-22.74925422668457,-1.2504596710205078,-24.0,-21.5,-22.75,-1.25
qwen25_14b,28,valenced_opposite::utilitarian::016,valenced_opposite,utilitarian,valenced,opposite,-0.4,preference_control,-21.75,-19.5,-21.749719500541687,-19.48095703125,-21.749719500541687,-19.48095703125,-20.615338265895844,-1.1343812346458435,-21.75,-19.5,-20.625,-1.125
qwen25_14b,28,valenced_opposite::utilitarian::016,valenced_opposite,utilitarian,valenced,opposite,-0.2,preference_control,-13.0,-10.25,-12.996398687362673,-10.26953125,-12.996398687362673,-10.26953125,-11.632964968681335,-1.3634337186813354,-13.0,-10.25,-11.625,-1.375
qwen25_14b,28,valenced_opposite::utilitarian::016,valenced_opposite,utilitarian,valenced,opposite,0.0,preference_control,-2.75,3.375,-2.749999403953552,3.380859375,-2.749999403953552,3.380859375,0.3154299855232239,-3.065429389476776,-2.75,3.375,0.3125,-3.0625
qwen25_14b,28,valenced_opposite::utilitarian::016,valenced_opposite,utilitarian,valenced,opposite,0.2,preference_control,7.75,10.75,7.749325275421143,10.74970245361328,7.749325275421143,10.74970245361328,9.249513864517212,-1.5001885890960691,7.75,10.75,9.25,-1.5
qwen25_14b,28,valenced_opposite::utilitarian::016,valenced_opposite,utilitarian,valenced,opposite,0.4,preference_control,12.5,10.0,12.49998700618744,9.999935626983644,12.49998700618744,9.999935626983644,11.24996131658554,1.2500256896018982,12.5,10.0,11.25,1.25
qwen25_14b,28,valenced_opposite::utilitarian::016,valenced_opposite,utilitarian,valenced,opposite,0.6,preference_control,14.0,8.5,13.999995827674866,8.499794006347656,13.999995827674866,8.499794006347656,11.24989491701126,2.7501009106636047,14.0,8.5,11.25,2.75
qwen25_14b,28,valenced_opposite::utilitarian::016,valenced_opposite,utilitarian,valenced,opposite,0.8,preference_control,15.375,7.5,15.3749977350235,7.499446868896484,15.3749977350235,7.499446868896484,11.437222301959991,3.937775433063507,15.375,7.5,11.4375,3.9375
qwen25_14b,28,valenced_opposite::utilitarian::016,valenced_opposite,utilitarian,valenced,opposite,1.0,preference_control,15.25,5.25,15.249998807907104,5.2447509765625,15.249998807907104,5.2447509765625,10.247374892234802,5.002623915672302,15.25,5.25,10.25,5.0
qwen25_14b,28,valenced_opposite::utilitarian::017,valenced_opposite,utilitarian,valenced,opposite,-1.0,preference_control,-18.25,-30.375,-18.249947905540463,-30.38632106781006,-18.249947905540463,-30.38632106781006,-24.318134486675262,6.068186581134796,-18.25,-30.375,-24.3125,6.0625
qwen25_14b,28,valenced_opposite::utilitarian::017,valenced_opposite,utilitarian,valenced,opposite,-0.8,preference_control,-21.0,-30.6875,-20.99996316432953,-30.72775411605835,-20.99996316432953,-30.72775411605835,-25.86385864019394,4.86389547586441,-21.0,-30.6875,-25.84375,4.84375
qwen25_14b,28,valenced_opposite::utilitarian::017,valenced_opposite,utilitarian,valenced,opposite,-0.6,preference_control,-22.625,-29.125,-22.62497448921204,-29.12217330932617,-22.62497448921204,-29.12217330932617,-25.873573899269104,3.248599410057068,-22.625,-29.125,-25.875,3.25
qwen25_14b,28,valenced_opposite::utilitarian::017,valenced_opposite,utilitarian,valenced,opposite,-0.4,preference_control,-19.5,-25.375,-19.4999657869339,-25.351592183113095,-19.4999657869339,-25.351592183113095,-22.4257789850235,2.9258131980896,-19.5,-25.375,-22.4375,2.9375
qwen25_14b,28,valenced_opposite::utilitarian::017,valenced_opposite,utilitarian,valenced,opposite,-0.2,preference_control,-12.125,-14.25,-12.12495243549347,-14.230909943580627,-12.12495243549347,-14.230909943580627,-13.177931189537048,1.052978754043579,-12.125,-14.25,-13.1875,1.0625
qwen25_14b,28,valenced_opposite::utilitarian::017,valenced_opposite,utilitarian,valenced,opposite,0.0,preference_control,-2.25,-2.75,-2.2426624298095703,-2.744811177253723,-2.2426624298095703,-2.744811177253723,-2.4937368035316467,0.2510743737220764,-2.25,-2.75,-2.5,0.25
qwen25_14b,28,valenced_opposite::utilitarian::017,valenced_opposite,utilitarian,valenced,opposite,0.2,preference_control,6.25,2.0,6.247910141944885,1.994933605194092,6.247910141944885,1.994933605194092,4.1214218735694885,2.1264882683753967,6.25,2.0,4.125,2.125
qwen25_14b,28,valenced_opposite::utilitarian::017,valenced_opposite,utilitarian,valenced,opposite,0.4,preference_control,8.5,0.75,8.49982237815857,0.7545959949493408,8.49982237815857,0.7545959949493408,4.627209186553955,3.8726131916046143,8.5,0.75,4.625,3.875
qwen25_14b,28,valenced_opposite::utilitarian::017,valenced_opposite,utilitarian,valenced,opposite,0.6,preference_control,11.0,-1.25,11.000038623809814,-1.2475656270980835,11.000038623809814,-1.2475656270980835,4.8762364983558655,6.123802125453949,11.0,-1.25,4.875,6.125
qwen25_14b,28,valenced_opposite::utilitarian::017,valenced_opposite,utilitarian,valenced,opposite,0.8,preference_control,14.625,-2.25,14.625034093856812,-2.24329137802124,14.625034093856812,-2.24329137802124,6.190871357917786,8.434162735939026,14.625,-2.25,6.1875,8.4375
qwen25_14b,28,valenced_opposite::utilitarian::017,valenced_opposite,utilitarian,valenced,opposite,1.0,preference_control,17.75,-3.5,17.750025868415833,-3.501188397407532,17.750025868415833,-3.501188397407532,7.12441873550415,10.625607132911682,17.75,-3.5,7.125,10.625
qwen25_14b,28,valenced_opposite::utilitarian::018,valenced_opposite,utilitarian,valenced,opposite,-1.0,preference_control,-15.5,-15.25,-15.499982833862305,-15.24915874004364,-15.499982833862305,-15.24915874004364,-15.374570786952972,-0.1254120469093322,-15.5,-15.25,-15.375,-0.125
qwen25_14b,28,valenced_opposite::utilitarian::018,valenced_opposite,utilitarian,valenced,opposite,-0.8,preference_control,-16.375,-14.375,-16.37498438358307,-14.374797344207764,-16.37498438358307,-14.374797344207764,-15.374890863895416,-1.0000935196876526,-16.375,-14.375,-15.375,-1.0
qwen25_14b,28,valenced_opposite::utilitarian::018,valenced_opposite,utilitarian,valenced,opposite,-0.6,preference_control,-17.125,-14.25,-17.124987483024597,-14.249953508377075,-17.124987483024597,-14.249953508377075,-15.687470495700836,-1.437516987323761,-17.125,-14.25,-15.6875,-1.4375
qwen25_14b,28,valenced_opposite::utilitarian::018,valenced_opposite,utilitarian,valenced,opposite,-0.4,preference_control,-17.25,-16.125,-17.249980449676514,-16.124974131584167,-17.249980449676514,-16.124974131584167,-16.68747729063034,-0.5625031590461731,-17.25,-16.125,-16.6875,-0.5625
qwen25_14b,28,valenced_opposite::utilitarian::018,valenced_opposite,utilitarian,valenced,opposite,-0.2,preference_control,-15.375,-15.25,-15.374971389770508,-15.2498939037323,-15.374971389770508,-15.2498939037323,-15.312432646751404,-0.062538743019104,-15.375,-15.25,-15.3125,-0.0625
qwen25_14b,28,valenced_opposite::utilitarian::018,valenced_opposite,utilitarian,valenced,opposite,0.0,preference_control,-11.25,-11.0,-11.24995243549347,-10.99984884262085,-11.24995243549347,-10.99984884262085,-11.12490063905716,-0.1250517964363098,-11.25,-11.0,-11.125,-0.125
qwen25_14b,28,valenced_opposite::utilitarian::018,valenced_opposite,utilitarian,valenced,opposite,0.2,preference_control,-2.5,-2.75,-2.4990063905715942,-2.750239133834839,-2.4990063905715942,-2.750239133834839,-2.624622762203217,0.1256163716316223,-2.5,-2.75,-2.625,0.125
qwen25_14b,28,valenced_opposite::utilitarian::018,valenced_opposite,utilitarian,valenced,opposite,0.4,preference_control,3.75,1.0,3.7423187494277954,1.0000050067901611,3.7423187494277954,1.0000050067901611,2.3711618781089783,1.3711568713188171,3.75,1.0,2.375,1.375
qwen25_14b,28,valenced_opposite::utilitarian::018,valenced_opposite,utilitarian,valenced,opposite,0.6,preference_control,8.75,0.75,8.749818921089172,0.7539083957672119,8.749818921089172,0.7539083957672119,4.751863658428192,3.99795526266098,8.75,0.75,4.75,4.0
qwen25_14b,28,valenced_opposite::utilitarian::018,valenced_opposite,utilitarian,valenced,opposite,0.8,preference_control,10.25,0.5,10.249943017959597,0.4980483055114746,10.249943017959597,0.4980483055114746,5.373995661735535,4.87594735622406,10.25,0.5,5.375,4.875
qwen25_14b,28,valenced_opposite::utilitarian::018,valenced_opposite,utilitarian,valenced,opposite,1.0,preference_control,11.0,0.5,10.999961495399477,0.4980479478836059,10.999961495399477,0.4980479478836059,5.7490047216415405,5.250956773757935,11.0,0.5,5.75,5.25
qwen25_14b,28,valenced_opposite::utilitarian::019,valenced_opposite,utilitarian,valenced,opposite,-1.0,preference_control,-9.25,-15.3125,-9.15722668170929,-14.6874977350235,-9.15722668170929,-14.6874977350235,-11.922362208366394,2.7651355266571045,-9.25,-15.3125,-12.28125,3.03125
qwen25_14b,28,valenced_opposite::utilitarian::019,valenced_opposite,utilitarian,valenced,opposite,-0.8,preference_control,-10.375,-14.5,-10.40039324760437,-13.999998688697817,-10.40039324760437,-13.999998688697817,-12.200195968151093,1.7998027205467224,-10.375,-14.5,-12.4375,2.0625
qwen25_14b,28,valenced_opposite::utilitarian::019,valenced_opposite,utilitarian,valenced,opposite,-0.6,preference_control,-11.0,-11.25,-10.9921977519989,-10.24999749660492,-10.9921977519989,-10.24999749660492,-10.62109762430191,-0.3711001276969909,-11.0,-11.25,-11.125,0.125
qwen25_14b,28,valenced_opposite::utilitarian::019,valenced_opposite,utilitarian,valenced,opposite,-0.4,preference_control,-11.5,-6.375,-11.546878337860107,-6.249998211860657,-11.546878337860107,-6.249998211860657,-8.898438274860382,-2.6484400629997253,-11.5,-6.375,-8.9375,-2.5625
qwen25_14b,28,valenced_opposite::utilitarian::019,valenced_opposite,utilitarian,valenced,opposite,-0.2,preference_control,-7.375,-3.25,-7.562498688697815,-3.374999165534973,-7.562498688697815,-3.374999165534973,-5.468748927116394,-2.093749761581421,-7.375,-3.25,-5.3125,-2.0625
qwen25_14b,28,valenced_opposite::utilitarian::019,valenced_opposite,utilitarian,valenced,opposite,0.0,preference_control,0.375,1.75,0.0312507152557373,1.5156251192092896,0.0312507152557373,1.5156251192092896,0.7734379172325134,-0.7421872019767761,0.375,1.75,1.0625,-0.6875
qwen25_14b,28,valenced_opposite::utilitarian::019,valenced_opposite,utilitarian,valenced,opposite,0.2,preference_control,7.0,5.25,6.763183951377869,5.2448731660842896,6.763183951377869,5.2448731660842896,6.004028558731079,0.7591553926467896,7.0,5.25,6.125,0.875
qwen25_14b,28,valenced_opposite::utilitarian::019,valenced_opposite,utilitarian,valenced,opposite,0.4,preference_control,9.25,5.0,9.494568467140198,4.732666015625,9.494568467140198,4.732666015625,7.113617241382599,2.380951225757599,9.25,5.0,7.125,2.125
qwen25_14b,28,valenced_opposite::utilitarian::019,valenced_opposite,utilitarian,valenced,opposite,0.6,preference_control,11.25,3.0,11.249754309654236,2.997802734375,11.249754309654236,2.997802734375,7.123778522014618,4.125975787639618,11.25,3.0,7.125,4.125
qwen25_14b,28,valenced_opposite::utilitarian::019,valenced_opposite,utilitarian,valenced,opposite,0.8,preference_control,13.0,1.25,13.12493109703064,1.451171875,13.12493109703064,1.451171875,7.28805148601532,5.83687961101532,13.0,1.25,7.125,5.875
qwen25_14b,28,valenced_opposite::utilitarian::019,valenced_opposite,utilitarian,valenced,opposite,1.0,preference_control,13.5,-0.25,13.749922037124634,-0.1328122615814209,13.749922037124634,-0.1328122615814209,6.8085548877716064,6.941367149353027,13.5,-0.25,6.625,6.875
