model_name,target_layer,pair_id,pair_class,domain,valence_status,opposition_status,alpha_norm,template_name,first_token_logit_diff_canonical_AB,first_token_logit_diff_canonical_BA,logprob_diff_canonical_AB,logprob_diff_canonical_BA,d_AB,d_BA,semantic_component,position_component,first_token_d_AB,first_token_d_BA,first_token_semantic_component,first_token_position_component
qwen25_7b,18,neutral_nonopposite::neutral::000,neutral_nonopposite,neutral_nonopposite,neutral,nonopposite,-1.0,preference_control,-3.25,0.5,-3.2431640625,0.498046875,-3.2431640625,0.498046875,-1.37255859375,-1.87060546875,-3.25,0.5,-1.375,-1.875
qwen25_7b,18,neutral_nonopposite::neutral::000,neutral_nonopposite,neutral_nonopposite,neutral,nonopposite,-0.8,preference_control,-2.0,-1.5,-1.998046875,-1.501953125,-1.998046875,-1.501953125,-1.75,-0.248046875,-2.0,-1.5,-1.75,-0.25
qwen25_7b,18,neutral_nonopposite::neutral::000,neutral_nonopposite,neutral_nonopposite,neutral,nonopposite,-0.6,preference_control,0.25,-3.5,0.25,-3.50146484375,0.25,-3.50146484375,-1.625732421875,1.875732421875,0.25,-3.5,-1.625,1.875
qwen25_7b,18,neutral_nonopposite::neutral::000,neutral_nonopposite,neutral_nonopposite,neutral,nonopposite,-0.4,preference_control,3.0,-5.25,2.998291015625,-5.2447509765625,2.998291015625,-5.2447509765625,-1.12322998046875,4.12152099609375,3.0,-5.25,-1.125,4.125
qwen25_7b,18,neutral_nonopposite::neutral::000,neutral_nonopposite,neutral_nonopposite,neutral,nonopposite,-0.2,preference_control,5.5,-6.875,5.49591064453125,-6.873947143554688,5.49591064453125,-6.873947143554688,-0.6890182495117188,6.184928894042969,5.5,-6.875,-0.6875,6.1875
qwen25_7b,18,neutral_nonopposite::neutral::000,neutral_nonopposite,neutral_nonopposite,neutral,nonopposite,0.0,preference_control,7.25,-8.25,7.2492828369140625,-8.24972152709961,7.2492828369140625,-8.24972152709961,-0.5002193450927734,7.749502182006836,7.25,-8.25,-0.5,7.75
qwen25_7b,18,neutral_nonopposite::neutral::000,neutral_nonopposite,neutral_nonopposite,neutral,nonopposite,0.2,preference_control,8.25,-9.5,8.249731063842773,-9.499905586242676,8.249731063842773,-9.499905586242676,-0.6250872611999512,8.874818325042725,8.25,-9.5,-0.625,8.875
qwen25_7b,18,neutral_nonopposite::neutral::000,neutral_nonopposite,neutral_nonopposite,neutral,nonopposite,0.4,preference_control,9.125,-9.875,9.124885082244871,-9.87493085861206,9.124885082244871,-9.87493085861206,-0.3750228881835937,9.499907970428469,9.125,-9.875,-0.375,9.5
qwen25_7b,18,neutral_nonopposite::neutral::000,neutral_nonopposite,neutral_nonopposite,neutral,nonopposite,0.6,preference_control,9.75,-9.375,9.74993658065796,-9.37488889694214,9.74993658065796,-9.37488889694214,0.1875238418579101,9.562412738800049,9.75,-9.375,0.1875,9.5625
qwen25_7b,18,neutral_nonopposite::neutral::000,neutral_nonopposite,neutral_nonopposite,neutral,nonopposite,0.8,preference_control,10.625,-8.375,10.62496852874756,-8.374734878540039,10.62496852874756,-8.374734878540039,1.1251168251037598,9.4998517036438,10.625,-8.375,1.125,9.5
qwen25_7b,18,neutral_nonopposite::neutral::000,neutral_nonopposite,neutral_nonopposite,neutral,nonopposite,1.0,preference_control,11.125,-6.25,11.124972343444824,-6.248016357421875,11.124972343444824,-6.248016357421875,2.4384779930114746,8.68649435043335,11.125,-6.25,2.4375,8.6875
qwen25_7b,18,neutral_nonopposite::neutral::001,neutral_nonopposite,neutral_nonopposite,neutral,nonopposite,-1.0,preference_control,2.0,-1.0,1.9980733394622805,-0.9980258941650392,1.9980733394622805,-0.9980258941650392,0.5000237226486206,1.4980496168136597,2.0,-1.0,0.5,1.5
qwen25_7b,18,neutral_nonopposite::neutral::001,neutral_nonopposite,neutral_nonopposite,neutral,nonopposite,-0.8,preference_control,3.0,-3.25,2.998070359230041,-3.243150472640991,2.998070359230041,-3.243150472640991,-0.1225400567054748,3.1206104159355164,3.0,-3.25,-0.125,3.125
qwen25_7b,18,neutral_nonopposite::neutral::001,neutral_nonopposite,neutral_nonopposite,neutral,nonopposite,-0.6,preference_control,4.25,-5.0,4.235671401023865,-4.993185997009277,4.235671401023865,-4.993185997009277,-0.3787572979927063,4.614428699016571,4.25,-5.0,-0.375,4.625
qwen25_7b,18,neutral_nonopposite::neutral::001,neutral_nonopposite,neutral_nonopposite,neutral,nonopposite,-0.4,preference_control,6.25,-6.625,6.247955560684204,-6.6235833168029785,6.247955560684204,-6.6235833168029785,-0.1878138780593872,6.435769438743591,6.25,-6.625,-0.1875,6.4375
qwen25_7b,18,neutral_nonopposite::neutral::001,neutral_nonopposite,neutral_nonopposite,neutral,nonopposite,-0.2,preference_control,9.0,-8.125,8.9997878074646,-8.12461793422699,8.9997878074646,-8.12461793422699,0.4375849366188049,8.562202870845795,9.0,-8.125,0.4375,8.5625
qwen25_7b,18,neutral_nonopposite::neutral::001,neutral_nonopposite,neutral_nonopposite,neutral,nonopposite,0.0,preference_control,11.5,-8.875,11.499906182289124,-8.874756336212158,11.499906182289124,-8.874756336212158,1.3125749230384829,10.18733125925064,11.5,-8.875,1.3125,10.1875
qwen25_7b,18,neutral_nonopposite::neutral::001,neutral_nonopposite,neutral_nonopposite,neutral,nonopposite,0.2,preference_control,14.375,-10.0,14.374918937683104,-9.999824285507202,14.374918937683104,-9.999824285507202,2.187547326087952,12.187371611595154,14.375,-10.0,2.1875,12.1875
qwen25_7b,18,neutral_nonopposite::neutral::001,neutral_nonopposite,neutral_nonopposite,neutral,nonopposite,0.4,preference_control,15.875,-10.5,15.874878644943236,-10.499871134757996,15.874878644943236,-10.499871134757996,2.687503755092621,13.187374889850616,15.875,-10.5,2.6875,13.1875
qwen25_7b,18,neutral_nonopposite::neutral::001,neutral_nonopposite,neutral_nonopposite,neutral,nonopposite,0.6,preference_control,16.625,-9.875,16.62479829788208,-9.874802470207214,16.62479829788208,-9.874802470207214,3.374997913837433,13.249800384044647,16.625,-9.875,3.375,13.25
qwen25_7b,18,neutral_nonopposite::neutral::001,neutral_nonopposite,neutral_nonopposite,neutral,nonopposite,0.8,preference_control,17.0,-9.125,16.99971103668213,-9.12470316886902,16.99971103668213,-9.12470316886902,3.937503933906555,13.062207102775574,17.0,-9.125,3.9375,13.0625
qwen25_7b,18,neutral_nonopposite::neutral::001,neutral_nonopposite,neutral_nonopposite,neutral,nonopposite,1.0,preference_control,16.25,-6.375,16.24967920780182,-6.372797608375549,16.24967920780182,-6.372797608375549,4.938440799713135,11.311238408088684,16.25,-6.375,4.9375,11.3125
qwen25_7b,18,neutral_nonopposite::neutral::002,neutral_nonopposite,neutral_nonopposite,neutral,nonopposite,-1.0,preference_control,-1.125,-5.125,-1.1230473518371582,-5.118683695793152,-1.1230473518371582,-5.118683695793152,-3.120865523815155,1.9978181719779968,-1.125,-5.125,-3.125,2.0
qwen25_7b,18,neutral_nonopposite::neutral::002,neutral_nonopposite,neutral_nonopposite,neutral,nonopposite,-0.8,preference_control,0.375,-7.125,0.3749996423721313,-7.12398636341095,0.3749996423721313,-7.12398636341095,-3.374493360519409,3.749493002891541,0.375,-7.125,-3.375,3.75
qwen25_7b,18,neutral_nonopposite::neutral::002,neutral_nonopposite,neutral_nonopposite,neutral,nonopposite,-0.6,preference_control,2.5,-9.875,2.497558236122132,-9.874818563461304,2.497558236122132,-9.874818563461304,-3.688630163669586,6.1861883997917175,2.5,-9.875,-3.6875,6.1875
qwen25_7b,18,neutral_nonopposite::neutral::002,neutral_nonopposite,neutral_nonopposite,neutral,nonopposite,-0.4,preference_control,5.25,-13.5,5.2445982694625854,-13.499944686889648,5.2445982694625854,-13.499944686889648,-4.127673208713532,9.372271478176115,5.25,-13.5,-4.125,9.375
qwen25_7b,18,neutral_nonopposite::neutral::002,neutral_nonopposite,neutral_nonopposite,neutral,nonopposite,-0.2,preference_control,7.875,-16.25,7.874555468559265,-16.249974846839905,7.874555468559265,-16.249974846839905,-4.18770968914032,12.062265157699583,7.875,-16.25,-4.1875,12.0625
qwen25_7b,18,neutral_nonopposite::neutral::002,neutral_nonopposite,neutral_nonopposite,neutral,nonopposite,0.0,preference_control,9.5,-18.375,9.499873995780945,-18.37498140335083,9.499873995780945,-18.37498140335083,-4.437553703784943,13.937427699565887,9.5,-18.375,-4.4375,13.9375
qwen25_7b,18,neutral_nonopposite::neutral::002,neutral_nonopposite,neutral_nonopposite,neutral,nonopposite,0.2,preference_control,11.25,-20.875,11.24993121623993,-20.87498104572296,11.24993121623993,-20.87498104572296,-4.812524914741516,16.062456130981445,11.25,-20.875,-4.8125,16.0625
qwen25_7b,18,neutral_nonopposite::neutral::002,neutral_nonopposite,neutral_nonopposite,neutral,nonopposite,0.4,preference_control,11.75,-22.625,11.749910235404968,-22.624982953071594,11.749910235404968,-22.624982953071594,-5.437536358833313,17.18744659423828,11.75,-22.625,-5.4375,17.1875
qwen25_7b,18,neutral_nonopposite::neutral::002,neutral_nonopposite,neutral_nonopposite,neutral,nonopposite,0.6,preference_control,12.125,-23.375,12.124890208244324,-23.37497556209564,12.124890208244324,-23.37497556209564,-5.625042676925659,17.749932885169983,12.125,-23.375,-5.625,17.75
qwen25_7b,18,neutral_nonopposite::neutral::002,neutral_nonopposite,neutral_nonopposite,neutral,nonopposite,0.8,preference_control,11.375,-23.5,11.374815821647644,-23.49996507167816,11.374815821647644,-23.49996507167816,-6.062574625015259,17.437390446662903,11.375,-23.5,-6.0625,17.4375
qwen25_7b,18,neutral_nonopposite::neutral::002,neutral_nonopposite,neutral_nonopposite,neutral,nonopposite,1.0,preference_control,9.5,-21.5,9.499692797660828,-21.49991464614868,9.499692797660828,-21.49991464614868,-6.000110924243927,15.499803721904756,9.5,-21.5,-6.0,15.5
qwen25_7b,18,neutral_nonopposite::neutral::003,neutral_nonopposite,neutral_nonopposite,neutral,nonopposite,-1.0,preference_control,1.125,-4.875,1.125,-4.86309814453125,1.125,-4.86309814453125,-1.869049072265625,2.994049072265625,1.125,-4.875,-1.875,3.0
qwen25_7b,18,neutral_nonopposite::neutral::003,neutral_nonopposite,neutral_nonopposite,neutral,nonopposite,-0.8,preference_control,3.375,-5.25,3.371826171875,-5.243133544921875,3.371826171875,-5.243133544921875,-0.9356536865234376,4.3074798583984375,3.375,-5.25,-0.9375,4.3125
qwen25_7b,18,neutral_nonopposite::neutral::003,neutral_nonopposite,neutral_nonopposite,neutral,nonopposite,-0.6,preference_control,6.0,-5.75,5.99725341796875,-5.746002197265625,5.99725341796875,-5.746002197265625,0.1256256103515625,5.871627807617188,6.0,-5.75,0.125,5.875
qwen25_7b,18,neutral_nonopposite::neutral::003,neutral_nonopposite,neutral_nonopposite,neutral,nonopposite,-0.4,preference_control,8.875,-6.25,8.874753952026367,-6.2474365234375,8.874753952026367,-6.2474365234375,1.3136587142944336,7.561095237731934,8.875,-6.25,1.3125,7.5625
qwen25_7b,18,neutral_nonopposite::neutral::003,neutral_nonopposite,neutral_nonopposite,neutral,nonopposite,-0.2,preference_control,11.5,-6.625,11.499920845031738,-6.6231536865234375,11.499920845031738,-6.6231536865234375,2.4383835792541504,9.061537265777588,11.5,-6.625,2.4375,9.0625
qwen25_7b,18,neutral_nonopposite::neutral::003,neutral_nonopposite,neutral_nonopposite,neutral,nonopposite,0.0,preference_control,13.0,-7.75,12.999953508377075,-7.749290466308594,12.999953508377075,-7.749290466308594,2.6253315210342407,10.374621987342834,13.0,-7.75,2.625,10.375
qwen25_7b,18,neutral_nonopposite::neutral::003,neutral_nonopposite,neutral_nonopposite,neutral,nonopposite,0.2,preference_control,14.25,-9.5,14.249965190887451,-9.499750137329102,14.249965190887451,-9.499750137329102,2.375107526779175,11.874857664108276,14.25,-9.5,2.375,11.875
qwen25_7b,18,neutral_nonopposite::neutral::003,neutral_nonopposite,neutral_nonopposite,neutral,nonopposite,0.4,preference_control,13.125,-10.25,13.12492036819458,-10.249761581420898,13.12492036819458,-10.249761581420898,1.4375793933868408,11.68734097480774,13.125,-10.25,1.4375,11.6875
qwen25_7b,18,neutral_nonopposite::neutral::003,neutral_nonopposite,neutral_nonopposite,neutral,nonopposite,0.6,preference_control,12.5,-10.125,12.49981689453125,-10.124563217163086,12.49981689453125,-10.124563217163086,1.187626838684082,11.312190055847168,12.5,-10.125,1.1875,11.3125
qwen25_7b,18,neutral_nonopposite::neutral::003,neutral_nonopposite,neutral_nonopposite,neutral,nonopposite,0.8,preference_control,12.625,-10.25,12.624723434448242,-10.249267578125,12.624723434448242,-10.249267578125,1.187727928161621,11.43699550628662,12.625,-10.25,1.1875,11.4375
qwen25_7b,18,neutral_nonopposite::neutral::003,neutral_nonopposite,neutral_nonopposite,neutral,nonopposite,1.0,preference_control,12.25,-10.375,12.249812126159668,-10.3740234375,12.249812126159668,-10.3740234375,0.937894344329834,11.311917781829834,12.25,-10.375,0.9375,11.3125
qwen25_7b,18,neutral_nonopposite::neutral::004,neutral_nonopposite,neutral_nonopposite,neutral,nonopposite,-1.0,preference_control,1.0,-2.75,0.9980473518371582,-2.749022603034973,0.9980473518371582,-2.749022603034973,-0.8754876255989075,1.8735349774360657,1.0,-2.75,-0.875,1.875
qwen25_7b,18,neutral_nonopposite::neutral::004,neutral_nonopposite,neutral_nonopposite,neutral,nonopposite,-0.8,preference_control,1.5,-5.125,1.5000003576278689,-5.118590950965881,1.5000003576278689,-5.118590950965881,-1.8092952966690063,3.309295654296875,1.5,-5.125,-1.8125,3.3125
qwen25_7b,18,neutral_nonopposite::neutral::004,neutral_nonopposite,neutral_nonopposite,neutral,nonopposite,-0.6,preference_control,1.75,-7.125,1.7529300451278689,-7.123908877372742,1.7529300451278689,-7.123908877372742,-2.6854894161224365,4.438419461250305,1.75,-7.125,-2.6875,4.4375
qwen25_7b,18,neutral_nonopposite::neutral::004,neutral_nonopposite,neutral_nonopposite,neutral,nonopposite,-0.4,preference_control,3.5,-8.625,3.500122308731079,-8.624534487724304,3.500122308731079,-8.624534487724304,-2.5622060894966125,6.062328398227692,3.5,-8.625,-2.5625,6.0625
qwen25_7b,18,neutral_nonopposite::neutral::004,neutral_nonopposite,neutral_nonopposite,neutral,nonopposite,-0.2,preference_control,6.125,-8.875,6.121597528457642,-8.87461268901825,6.121597528457642,-8.87461268901825,-1.376507580280304,7.498105108737946,6.125,-8.875,-1.375,7.5
qwen25_7b,18,neutral_nonopposite::neutral::004,neutral_nonopposite,neutral_nonopposite,neutral,nonopposite,0.0,preference_control,9.375,-8.875,9.374252557754517,-8.874545931816101,9.374252557754517,-8.874545931816101,0.2498533129692077,9.124399244785309,9.375,-8.875,0.25,9.125
qwen25_7b,18,neutral_nonopposite::neutral::004,neutral_nonopposite,neutral_nonopposite,neutral,nonopposite,0.2,preference_control,12.0,-9.25,11.999435544013975,-9.249591827392578,11.999435544013975,-9.249591827392578,1.3749218583106997,10.624513685703278,12.0,-9.25,1.375,10.625
qwen25_7b,18,neutral_nonopposite::neutral::004,neutral_nonopposite,neutral_nonopposite,neutral,nonopposite,0.4,preference_control,13.75,-9.625,13.7494775056839,-9.62447738647461,13.7494775056839,-9.62447738647461,2.0625000596046448,11.686977446079254,13.75,-9.625,2.0625,11.6875
qwen25_7b,18,neutral_nonopposite::neutral::004,neutral_nonopposite,neutral_nonopposite,neutral,nonopposite,0.6,preference_control,15.625,-9.75,15.624405026435852,-9.749191284179688,15.624405026435852,-9.749191284179688,2.9376068711280823,12.68679815530777,15.625,-9.75,2.9375,12.6875
qwen25_7b,18,neutral_nonopposite::neutral::004,neutral_nonopposite,neutral_nonopposite,neutral,nonopposite,0.8,preference_control,17.0,-9.375,16.99918758869171,-9.374153137207031,16.99918758869171,-9.374153137207031,3.81251722574234,13.186670362949371,17.0,-9.375,3.8125,13.1875
qwen25_7b,18,neutral_nonopposite::neutral::004,neutral_nonopposite,neutral_nonopposite,neutral,nonopposite,1.0,preference_control,18.625,-7.0,18.62382519245148,-6.997848391532898,18.62382519245148,-6.997848391532898,5.8129884004592896,12.810836791992188,18.625,-7.0,5.8125,12.8125
qwen25_7b,18,neutral_nonopposite::neutral::005,neutral_nonopposite,neutral_nonopposite,neutral,nonopposite,-1.0,preference_control,-3.625,6.25,-3.6293962001800537,6.245787501335144,-3.6293962001800537,6.245787501335144,1.3081956505775452,-4.937591850757599,-3.625,6.25,1.3125,-4.9375
qwen25_7b,18,neutral_nonopposite::neutral::005,neutral_nonopposite,neutral_nonopposite,neutral,nonopposite,-0.8,preference_control,-1.25,4.875,-1.2539074420928955,4.866515517234802,-1.2539074420928955,4.866515517234802,1.8063040375709531,-3.060211479663849,-1.25,4.875,1.8125,-3.0625
qwen25_7b,18,neutral_nonopposite::neutral::005,neutral_nonopposite,neutral_nonopposite,neutral,nonopposite,-0.6,preference_control,1.5,2.75,1.4970695972442627,2.749023079872132,1.4970695972442627,2.749023079872132,2.123046338558197,-0.6259767413139343,1.5,2.75,2.125,-0.625
qwen25_7b,18,neutral_nonopposite::neutral::005,neutral_nonopposite,neutral_nonopposite,neutral,nonopposite,-0.4,preference_control,4.375,-0.5,4.361388802528381,-0.5000002384185791,4.361388802528381,-0.5000002384185791,1.930694282054901,2.43069452047348,4.375,-0.5,1.9375,2.4375
qwen25_7b,18,neutral_nonopposite::neutral::005,neutral_nonopposite,neutral_nonopposite,neutral,nonopposite,-0.2,preference_control,6.875,-4.125,6.87377142906189,-4.132568359375,6.87377142906189,-4.132568359375,1.3706015348434448,5.503169894218445,6.875,-4.125,1.375,5.5
qwen25_7b,18,neutral_nonopposite::neutral::005,neutral_nonopposite,neutral_nonopposite,neutral,nonopposite,0.0,preference_control,9.0,-7.125,8.999797582626343,-7.1195068359375,8.999797582626343,-7.1195068359375,0.9401453733444214,8.059652209281921,9.0,-7.125,0.9375,8.0625
qwen25_7b,18,neutral_nonopposite::neutral::005,neutral_nonopposite,neutral_nonopposite,neutral,nonopposite,0.2,preference_control,11.25,-9.875,11.249924898147585,-9.872421264648438,11.249924898147585,-9.872421264648438,0.6887518167495728,10.56117308139801,11.25,-9.875,0.6875,10.5625
qwen25_7b,18,neutral_nonopposite::neutral::005,neutral_nonopposite,neutral_nonopposite,neutral,nonopposite,0.4,preference_control,12.5,-11.375,12.499921679496763,-11.373771667480469,12.499921679496763,-11.373771667480469,0.5630750060081482,11.936846673488615,12.5,-11.375,0.5625,11.9375
qwen25_7b,18,neutral_nonopposite::neutral::005,neutral_nonopposite,neutral_nonopposite,neutral,nonopposite,0.6,preference_control,13.875,-12.5,13.87492311000824,-12.499202847480774,13.87492311000824,-12.499202847480774,0.6878601312637329,13.187062978744509,13.875,-12.5,0.6875,13.1875
qwen25_7b,18,neutral_nonopposite::neutral::005,neutral_nonopposite,neutral_nonopposite,neutral,nonopposite,0.8,preference_control,14.625,-13.875,14.624910235404968,-13.874504208564758,14.624910235404968,-13.874504208564758,0.375203013420105,14.249707221984863,14.625,-13.875,0.375,14.25
qwen25_7b,18,neutral_nonopposite::neutral::005,neutral_nonopposite,neutral_nonopposite,neutral,nonopposite,1.0,preference_control,14.375,-14.375,14.374872088432312,-14.374578833580015,14.374872088432312,-14.374578833580015,0.0001466274261474,14.374725461006165,14.375,-14.375,0.0,14.375
qwen25_7b,18,neutral_nonopposite::neutral::006,neutral_nonopposite,neutral_nonopposite,neutral,nonopposite,-1.0,preference_control,-4.625,-3.875,-4.620349049568176,-3.875365972518921,-4.620349049568176,-3.875365972518921,-4.247857511043549,-0.3724915385246277,-4.625,-3.875,-4.25,-0.375
qwen25_7b,18,neutral_nonopposite::neutral::006,neutral_nonopposite,neutral_nonopposite,neutral,nonopposite,-0.8,preference_control,-3.625,-5.5,-3.622550368309021,-5.490479826927185,-3.622550368309021,-5.490479826927185,-4.556515097618103,0.933964729309082,-3.625,-5.5,-4.5625,0.9375
qwen25_7b,18,neutral_nonopposite::neutral::006,neutral_nonopposite,neutral_nonopposite,neutral,nonopposite,-0.6,preference_control,-2.375,-7.625,-2.3705984354019165,-7.620849251747131,-2.3705984354019165,-7.620849251747131,-4.995723843574524,2.6251254081726074,-2.375,-7.625,-5.0,2.625
qwen25_7b,18,neutral_nonopposite::neutral::006,neutral_nonopposite,neutral_nonopposite,neutral,nonopposite,-0.4,preference_control,0.0,-9.75,5.960464477539063e-06,-9.747740745544434,5.960464477539063e-06,-9.747740745544434,-4.873867392539978,4.873873353004456,0.0,-9.75,-4.875,4.875
qwen25_7b,18,neutral_nonopposite::neutral::006,neutral_nonopposite,neutral_nonopposite,neutral,nonopposite,-0.2,preference_control,3.5,-11.5,3.495365858078003,-11.497785925865172,3.495365858078003,-11.497785925865172,-4.001210033893585,7.496575891971588,3.5,-11.5,-4.0,7.5
qwen25_7b,18,neutral_nonopposite::neutral::006,neutral_nonopposite,neutral_nonopposite,neutral,nonopposite,0.0,preference_control,6.125,-13.375,6.117923617362976,-13.373664140701294,6.117923617362976,-13.373664140701294,-3.627870261669159,9.745793879032137,6.125,-13.375,-3.625,9.75
qwen25_7b,18,neutral_nonopposite::neutral::006,neutral_nonopposite,neutral_nonopposite,neutral,nonopposite,0.2,preference_control,7.625,-15.0,7.619173645973206,-14.999281167984009,7.619173645973206,-14.999281167984009,-3.6900537610054016,11.309227406978607,7.625,-15.0,-3.6875,11.3125
qwen25_7b,18,neutral_nonopposite::neutral::006,neutral_nonopposite,neutral_nonopposite,neutral,nonopposite,0.4,preference_control,9.0,-15.75,8.994051575660706,-15.749556541442873,8.994051575660706,-15.749556541442873,-3.3777524828910828,12.371804058551788,9.0,-15.75,-3.375,12.375
qwen25_7b,18,neutral_nonopposite::neutral::006,neutral_nonopposite,neutral_nonopposite,neutral,nonopposite,0.6,preference_control,9.5,-15.125,9.493348956108091,-15.124721884727478,9.493348956108091,-15.124721884727478,-2.8156864643096924,12.309035420417786,9.5,-15.125,-2.8125,12.3125
qwen25_7b,18,neutral_nonopposite::neutral::006,neutral_nonopposite,neutral_nonopposite,neutral,nonopposite,0.8,preference_control,9.5,-14.125,9.491273283958437,-14.124638438224792,9.491273283958437,-14.124638438224792,-2.3166825771331787,11.807955861091614,9.5,-14.125,-2.3125,11.8125
qwen25_7b,18,neutral_nonopposite::neutral::006,neutral_nonopposite,neutral_nonopposite,neutral,nonopposite,1.0,preference_control,8.75,-11.875,8.737062335014343,-11.873907804489136,8.737062335014343,-11.873907804489136,-1.5684227347373962,10.30548506975174,8.75,-11.875,-1.5625,10.3125
qwen25_7b,18,neutral_nonopposite::neutral::007,neutral_nonopposite,neutral_nonopposite,neutral,nonopposite,-1.0,preference_control,-1.625,-0.25,-1.6240234375,-0.25,-1.6240234375,-0.25,-0.93701171875,-0.68701171875,-1.625,-0.25,-0.9375,-0.6875
qwen25_7b,18,neutral_nonopposite::neutral::007,neutral_nonopposite,neutral_nonopposite,neutral,nonopposite,-0.8,preference_control,-1.0,-2.0,-0.998046875,-1.9970703125,-0.998046875,-1.9970703125,-1.49755859375,0.49951171875,-1.0,-2.0,-1.5,0.5
qwen25_7b,18,neutral_nonopposite::neutral::007,neutral_nonopposite,neutral_nonopposite,neutral,nonopposite,-0.6,preference_control,0.25,-4.0,0.25,-4.0126953125,0.25,-4.0126953125,-1.88134765625,2.13134765625,0.25,-4.0,-1.875,2.125
qwen25_7b,18,neutral_nonopposite::neutral::007,neutral_nonopposite,neutral_nonopposite,neutral,nonopposite,-0.4,preference_control,2.5,-5.5,2.4990234375,-5.495697021484375,2.4990234375,-5.495697021484375,-1.4983367919921875,3.997360229492188,2.5,-5.5,-1.5,4.0
qwen25_7b,18,neutral_nonopposite::neutral::007,neutral_nonopposite,neutral_nonopposite,neutral,nonopposite,-0.2,preference_control,5.25,-6.75,5.2447509765625,-6.748680114746094,5.2447509765625,-6.748680114746094,-0.7519645690917969,5.996715545654297,5.25,-6.75,-0.75,6.0
qwen25_7b,18,neutral_nonopposite::neutral::007,neutral_nonopposite,neutral_nonopposite,neutral,nonopposite,0.0,preference_control,7.25,-8.0,7.249286651611328,-7.999570846557617,7.249286651611328,-7.999570846557617,-0.3751420974731445,7.624428749084473,7.25,-8.0,-0.375,7.625
qwen25_7b,18,neutral_nonopposite::neutral::007,neutral_nonopposite,neutral_nonopposite,neutral,nonopposite,0.2,preference_control,9.5,-10.0,9.49992322921753,-9.999889850616457,9.49992322921753,-9.999889850616457,-0.2499833106994629,9.749906539916992,9.5,-10.0,-0.25,9.75
qwen25_7b,18,neutral_nonopposite::neutral::007,neutral_nonopposite,neutral_nonopposite,neutral,nonopposite,0.4,preference_control,10.75,-12.0,10.749976992607117,-11.99993133544922,10.749976992607117,-11.99993133544922,-0.624977171421051,11.374954164028168,10.75,-12.0,-0.625,11.375
qwen25_7b,18,neutral_nonopposite::neutral::007,neutral_nonopposite,neutral_nonopposite,neutral,nonopposite,0.6,preference_control,11.5,-12.875,11.499987959861755,-12.874913692474363,11.499987959861755,-12.874913692474363,-0.6874628663063049,12.18745082616806,11.5,-12.875,-0.6875,12.1875
qwen25_7b,18,neutral_nonopposite::neutral::007,neutral_nonopposite,neutral_nonopposite,neutral,nonopposite,0.8,preference_control,11.5,-12.875,11.499987125396729,-12.874895572662354,11.499987125396729,-12.874895572662354,-0.6874542236328125,12.18744134902954,11.5,-12.875,-0.6875,12.1875
qwen25_7b,18,neutral_nonopposite::neutral::007,neutral_nonopposite,neutral_nonopposite,neutral,nonopposite,1.0,preference_control,10.75,-11.0,10.749971151351929,-10.99980926513672,10.749971151351929,-10.99980926513672,-0.124919056892395,10.874890208244324,10.75,-11.0,-0.125,10.875
qwen25_7b,18,neutral_nonopposite::neutral::008,neutral_nonopposite,neutral_nonopposite,neutral,nonopposite,-1.0,preference_control,1.625,-1.0,1.624031662940979,-0.9980258941650392,1.624031662940979,-0.9980258941650392,0.3130028843879699,1.311028778553009,1.625,-1.0,0.3125,1.3125
qwen25_7b,18,neutral_nonopposite::neutral::008,neutral_nonopposite,neutral_nonopposite,neutral,nonopposite,-0.8,preference_control,2.5,-1.75,2.4990291595458984,-1.75389564037323,2.4990291595458984,-1.75389564037323,0.3725667595863342,2.126462399959564,2.5,-1.75,0.375,2.125
qwen25_7b,18,neutral_nonopposite::neutral::008,neutral_nonopposite,neutral_nonopposite,neutral,nonopposite,-0.6,preference_control,2.75,-2.5,2.750248908996582,-2.499016046524048,2.750248908996582,-2.499016046524048,0.1256164312362671,2.624632477760315,2.75,-2.5,0.125,2.625
qwen25_7b,18,neutral_nonopposite::neutral::008,neutral_nonopposite,neutral_nonopposite,neutral,nonopposite,-0.4,preference_control,3.625,-2.5,3.629765510559082,-2.499016284942627,3.629765510559082,-2.499016284942627,0.5653746128082275,3.0643908977508545,3.625,-2.5,0.5625,3.0625
qwen25_7b,18,neutral_nonopposite::neutral::008,neutral_nonopposite,neutral_nonopposite,neutral,nonopposite,-0.2,preference_control,4.5,-3.125,4.488834500312805,-3.12890100479126,4.488834500312805,-3.12890100479126,0.6799667477607727,3.808867752552033,4.5,-3.125,0.6875,3.8125
qwen25_7b,18,neutral_nonopposite::neutral::008,neutral_nonopposite,neutral_nonopposite,neutral,nonopposite,0.0,preference_control,5.25,-2.75,5.244694590568543,-2.7504825592041016,5.244694590568543,-2.7504825592041016,1.2471060156822205,3.997588574886322,5.25,-2.75,1.25,4.0
qwen25_7b,18,neutral_nonopposite::neutral::008,neutral_nonopposite,neutral_nonopposite,neutral,nonopposite,0.2,preference_control,6.75,-3.25,6.748790740966797,-3.2431594133377075,6.748790740966797,-3.2431594133377075,1.752815663814545,4.995975077152252,6.75,-3.25,1.75,5.0
qwen25_7b,18,neutral_nonopposite::neutral::008,neutral_nonopposite,neutral_nonopposite,neutral,nonopposite,0.4,preference_control,7.875,-3.25,7.874587535858154,-3.243160367012024,7.874587535858154,-3.243160367012024,2.315713584423065,5.558873951435089,7.875,-3.25,2.3125,5.5625
qwen25_7b,18,neutral_nonopposite::neutral::008,neutral_nonopposite,neutral_nonopposite,neutral,nonopposite,0.6,preference_control,9.125,-4.0,9.12487542629242,-4.013058543205261,9.12487542629242,-4.013058543205261,2.555908441543579,6.56896698474884,9.125,-4.0,2.5625,6.5625
qwen25_7b,18,neutral_nonopposite::neutral::008,neutral_nonopposite,neutral_nonopposite,neutral,nonopposite,0.8,preference_control,9.375,-3.75,9.374902725219728,-3.74230694770813,9.374902725219728,-3.74230694770813,2.8162978887557983,6.558604836463928,9.375,-3.75,2.8125,6.5625
qwen25_7b,18,neutral_nonopposite::neutral::008,neutral_nonopposite,neutral_nonopposite,neutral,nonopposite,1.0,preference_control,9.375,-3.0,9.37489902973175,-2.997800350189209,9.37489902973175,-2.997800350189209,3.1885493397712708,6.18634968996048,9.375,-3.0,3.1875,6.1875
qwen25_7b,18,neutral_nonopposite::neutral::009,neutral_nonopposite,neutral_nonopposite,neutral,nonopposite,-1.0,preference_control,1.625,-3.0,1.6279469728469849,-2.998534321784973,1.6279469728469849,-2.998534321784973,-0.6852936744689941,2.313240647315979,1.625,-3.0,-0.6875,2.3125
qwen25_7b,18,neutral_nonopposite::neutral::009,neutral_nonopposite,neutral_nonopposite,neutral,nonopposite,-0.8,preference_control,2.375,-4.25,2.38233494758606,-4.264525890350342,2.38233494758606,-4.264525890350342,-0.9410954713821412,3.3234304189682007,2.375,-4.25,-0.9375,3.3125
qwen25_7b,18,neutral_nonopposite::neutral::009,neutral_nonopposite,neutral_nonopposite,neutral,nonopposite,-0.6,preference_control,3.625,-5.5,3.623298048973084,-5.495513558387756,3.623298048973084,-5.495513558387756,-0.9361077547073364,4.55940580368042,3.625,-5.5,-0.9375,4.5625
qwen25_7b,18,neutral_nonopposite::neutral::009,neutral_nonopposite,neutral_nonopposite,neutral,nonopposite,-0.4,preference_control,5.0,-6.75,4.988041877746582,-6.748733162879944,4.988041877746582,-6.748733162879944,-0.8803456425666809,5.868387520313263,5.0,-6.75,-0.875,5.875
qwen25_7b,18,neutral_nonopposite::neutral::009,neutral_nonopposite,neutral_nonopposite,neutral,nonopposite,-0.2,preference_control,6.5,-7.875,6.495274186134338,-7.874585866928101,6.495274186134338,-7.874585866928101,-0.6896558403968811,7.18493002653122,6.5,-7.875,-0.6875,7.1875
qwen25_7b,18,neutral_nonopposite::neutral::009,neutral_nonopposite,neutral_nonopposite,neutral,nonopposite,0.0,preference_control,7.75,-9.25,7.747347950935364,-9.249878287315369,7.747347950935364,-9.249878287315369,-0.7512651681900024,8.498613119125366,7.75,-9.25,-0.75,8.5
qwen25_7b,18,neutral_nonopposite::neutral::009,neutral_nonopposite,neutral_nonopposite,neutral,nonopposite,0.2,preference_control,9.5,-11.375,9.498873114585876,-11.374976515769958,9.498873114585876,-11.374976515769958,-0.938051700592041,10.436924815177916,9.5,-11.375,-0.9375,10.4375
qwen25_7b,18,neutral_nonopposite::neutral::009,neutral_nonopposite,neutral_nonopposite,neutral,nonopposite,0.4,preference_control,11.125,-13.0,11.124410390853882,-12.9999920129776,11.124410390853882,-12.9999920129776,-0.9377908110618592,12.06220120191574,11.125,-13.0,-0.9375,12.0625
qwen25_7b,18,neutral_nonopposite::neutral::009,neutral_nonopposite,neutral_nonopposite,neutral,nonopposite,0.6,preference_control,12.0,-13.875,11.999621868133543,-13.874994158744812,11.999621868133543,-13.874994158744812,-0.9376861453056335,12.937308013439178,12.0,-13.875,-0.9375,12.9375
qwen25_7b,18,neutral_nonopposite::neutral::009,neutral_nonopposite,neutral_nonopposite,neutral,nonopposite,0.8,preference_control,12.625,-13.875,12.624651074409485,-13.874993920326231,12.624651074409485,-13.874993920326231,-0.625171422958374,13.24982249736786,12.625,-13.875,-0.625,13.25
qwen25_7b,18,neutral_nonopposite::neutral::009,neutral_nonopposite,neutral_nonopposite,neutral,nonopposite,1.0,preference_control,11.375,-12.875,11.373988270759584,-12.87498915195465,11.373988270759584,-12.87498915195465,-0.7505004405975342,12.124488711357117,11.375,-12.875,-0.75,12.125
qwen25_7b,18,neutral_nonopposite::neutral::010,neutral_nonopposite,neutral_nonopposite,neutral,nonopposite,-1.0,preference_control,-3.375,-5.375,-3.381103515625,-5.3702392578125,-3.381103515625,-5.3702392578125,-4.37567138671875,0.99456787109375,-3.375,-5.375,-4.375,1.0
qwen25_7b,18,neutral_nonopposite::neutral::010,neutral_nonopposite,neutral_nonopposite,neutral,nonopposite,-0.8,preference_control,-2.75,-6.25,-2.74755859375,-6.2480010986328125,-2.74755859375,-6.2480010986328125,-4.497779846191406,1.7502212524414062,-2.75,-6.25,-4.5,1.75
qwen25_7b,18,neutral_nonopposite::neutral::010,neutral_nonopposite,neutral_nonopposite,neutral,nonopposite,-0.6,preference_control,-2.0,-7.0,-1.9970703125,-6.9990081787109375,-1.9970703125,-6.9990081787109375,-4.498039245605469,2.5009689331054688,-2.0,-7.0,-4.5,2.5
qwen25_7b,18,neutral_nonopposite::neutral::010,neutral_nonopposite,neutral_nonopposite,neutral,nonopposite,-0.4,preference_control,0.0,-7.75,0.0,-7.7494964599609375,0.0,-7.7494964599609375,-3.8747482299804688,3.8747482299804688,0.0,-7.75,-3.875,3.875
qwen25_7b,18,neutral_nonopposite::neutral::010,neutral_nonopposite,neutral_nonopposite,neutral,nonopposite,-0.2,preference_control,2.0,-8.0,1.998046875,-7.999599456787109,1.998046875,-7.999599456787109,-3.0007762908935547,4.998823165893555,2.0,-8.0,-3.0,5.0
qwen25_7b,18,neutral_nonopposite::neutral::010,neutral_nonopposite,neutral_nonopposite,neutral,nonopposite,0.0,preference_control,3.75,-8.5,3.7423095703125,-8.499761581420898,3.7423095703125,-8.499761581420898,-2.378726005554199,6.121035575866699,3.75,-8.5,-2.375,6.125
qwen25_7b,18,neutral_nonopposite::neutral::010,neutral_nonopposite,neutral_nonopposite,neutral,nonopposite,0.2,preference_control,5.5,-9.375,5.49591064453125,-9.37488603591919,5.49591064453125,-9.37488603591919,-1.9394876956939695,7.43539834022522,5.5,-9.375,-1.9375,7.4375
qwen25_7b,18,neutral_nonopposite::neutral::010,neutral_nonopposite,neutral_nonopposite,neutral,nonopposite,0.4,preference_control,6.75,-11.0,6.748817443847656,-10.999959230422974,6.748817443847656,-10.999959230422974,-2.1255708932876587,8.874388337135315,6.75,-11.0,-2.125,8.875
qwen25_7b,18,neutral_nonopposite::neutral::010,neutral_nonopposite,neutral_nonopposite,neutral,nonopposite,0.6,preference_control,7.875,-12.0,7.874601364135742,-11.999955415725708,7.874601364135742,-11.999955415725708,-2.062677025794983,9.937278389930723,7.875,-12.0,-2.0625,9.9375
qwen25_7b,18,neutral_nonopposite::neutral::010,neutral_nonopposite,neutral_nonopposite,neutral,nonopposite,0.8,preference_control,9.25,-12.75,9.249865531921388,-12.749940395355225,9.249865531921388,-12.749940395355225,-1.750037431716919,10.999902963638306,9.25,-12.75,-1.75,11.0
qwen25_7b,18,neutral_nonopposite::neutral::010,neutral_nonopposite,neutral_nonopposite,neutral,nonopposite,1.0,preference_control,8.625,-12.0,8.624614715576172,-11.99989128112793,8.624614715576172,-11.99989128112793,-1.687638282775879,10.31225299835205,8.625,-12.0,-1.6875,10.3125
qwen25_7b,18,neutral_nonopposite::neutral::011,neutral_nonopposite,neutral_nonopposite,neutral,nonopposite,-1.0,preference_control,4.5,-2.0,4.487548828125,-1.9970703125,4.487548828125,-1.9970703125,1.2452392578125,3.2423095703125,4.5,-2.0,1.25,3.25
qwen25_7b,18,neutral_nonopposite::neutral::011,neutral_nonopposite,neutral_nonopposite,neutral,nonopposite,-0.8,preference_control,5.375,-4.0,5.369842529296875,-4.0128173828125,5.369842529296875,-4.0128173828125,0.6785125732421875,4.691329956054688,5.375,-4.0,0.6875,4.6875
qwen25_7b,18,neutral_nonopposite::neutral::011,neutral_nonopposite,neutral_nonopposite,neutral,nonopposite,-0.6,preference_control,6.625,-6.875,6.6234130859375,-6.8738861083984375,6.6234130859375,-6.8738861083984375,-0.1252365112304687,6.748649597167969,6.625,-6.875,-0.125,6.75
qwen25_7b,18,neutral_nonopposite::neutral::011,neutral_nonopposite,neutral_nonopposite,neutral,nonopposite,-0.4,preference_control,7.375,-9.0,7.374198913574219,-8.999847412109375,7.374198913574219,-8.999847412109375,-0.8128242492675781,8.187023162841797,7.375,-9.0,-0.8125,8.1875
qwen25_7b,18,neutral_nonopposite::neutral::011,neutral_nonopposite,neutral_nonopposite,neutral,nonopposite,-0.2,preference_control,8.375,-11.25,8.374662399291992,-11.249978184700012,8.374662399291992,-11.249978184700012,-1.43765789270401,9.812320291996002,8.375,-11.25,-1.4375,9.8125
qwen25_7b,18,neutral_nonopposite::neutral::011,neutral_nonopposite,neutral_nonopposite,neutral,nonopposite,0.0,preference_control,10.125,-12.625,10.124907970428469,-12.624992728233336,10.124907970428469,-12.624992728233336,-1.2500423789024353,11.374950349330902,10.125,-12.625,-1.25,11.375
qwen25_7b,18,neutral_nonopposite::neutral::011,neutral_nonopposite,neutral_nonopposite,neutral,nonopposite,0.2,preference_control,12.875,-14.125,12.8749737739563,-14.124997615814207,12.8749737739563,-14.124997615814207,-0.6250119209289551,13.499985694885254,12.875,-14.125,-0.625,13.5
qwen25_7b,18,neutral_nonopposite::neutral::011,neutral_nonopposite,neutral_nonopposite,neutral,nonopposite,0.4,preference_control,14.625,-15.375,14.624983310699465,-15.374997973442078,14.624983310699465,-15.374997973442078,-0.3750073313713074,14.99999064207077,14.625,-15.375,-0.375,15.0
qwen25_7b,18,neutral_nonopposite::neutral::011,neutral_nonopposite,neutral_nonopposite,neutral,nonopposite,0.6,preference_control,14.75,-15.5,14.74998426437378,-15.499991416931152,14.74998426437378,-15.499991416931152,-0.3750035762786865,15.124987840652466,14.75,-15.5,-0.375,15.125
qwen25_7b,18,neutral_nonopposite::neutral::011,neutral_nonopposite,neutral_nonopposite,neutral,nonopposite,0.8,preference_control,14.5,-14.375,14.4999817609787,-14.37496304512024,14.4999817609787,-14.37496304512024,0.0625093579292297,14.437472403049467,14.5,-14.375,0.0625,14.4375
qwen25_7b,18,neutral_nonopposite::neutral::011,neutral_nonopposite,neutral_nonopposite,neutral,nonopposite,1.0,preference_control,13.375,-13.125,13.374979376792908,-13.12466049194336,13.374979376792908,-13.12466049194336,0.1251594424247741,13.249819934368134,13.375,-13.125,0.125,13.25
qwen25_7b,18,neutral_nonopposite::neutral::012,neutral_nonopposite,neutral_nonopposite,neutral,nonopposite,-1.0,preference_control,8.125,-1.25,8.102294921875,-1.251953125,8.102294921875,-1.251953125,3.4251708984375,4.6771240234375,8.125,-1.25,3.4375,4.6875
qwen25_7b,18,neutral_nonopposite::neutral::012,neutral_nonopposite,neutral_nonopposite,neutral,nonopposite,-0.8,preference_control,8.5,-3.875,8.4810791015625,-3.875244140625,8.4810791015625,-3.875244140625,2.30291748046875,6.17816162109375,8.5,-3.875,2.3125,6.1875
qwen25_7b,18,neutral_nonopposite::neutral::012,neutral_nonopposite,neutral_nonopposite,neutral,nonopposite,-0.6,preference_control,8.625,-6.75,8.61334228515625,-6.7574462890625,8.61334228515625,-6.7574462890625,0.927947998046875,7.685394287109375,8.625,-6.75,0.9375,7.6875
qwen25_7b,18,neutral_nonopposite::neutral::012,neutral_nonopposite,neutral_nonopposite,neutral,nonopposite,-0.4,preference_control,8.5,-9.625,8.48944091796875,-9.601806640625,8.48944091796875,-9.601806640625,-0.556182861328125,9.045623779296877,8.5,-9.625,-0.5625,9.0625
qwen25_7b,18,neutral_nonopposite::neutral::012,neutral_nonopposite,neutral_nonopposite,neutral,nonopposite,-0.2,preference_control,8.25,-11.125,8.245147705078125,-11.1051025390625,8.245147705078125,-11.1051025390625,-1.4299774169921875,9.675125122070312,8.25,-11.125,-1.4375,9.6875
qwen25_7b,18,neutral_nonopposite::neutral::012,neutral_nonopposite,neutral_nonopposite,neutral,nonopposite,0.0,preference_control,8.125,-12.75,8.122879028320312,-12.73870849609375,8.122879028320312,-12.73870849609375,-2.3079147338867188,10.430793762207031,8.125,-12.75,-2.3125,10.4375
qwen25_7b,18,neutral_nonopposite::neutral::012,neutral_nonopposite,neutral_nonopposite,neutral,nonopposite,0.2,preference_control,7.5,-13.625,7.498497009277344,-13.61651611328125,7.498497009277344,-13.61651611328125,-3.059009552001953,10.557506561279297,7.5,-13.625,-3.0625,10.5625
qwen25_7b,18,neutral_nonopposite::neutral::012,neutral_nonopposite,neutral_nonopposite,neutral,nonopposite,0.4,preference_control,7.375,-14.5,7.3735504150390625,-14.49267578125,7.3735504150390625,-14.49267578125,-3.5595626831054688,10.933113098144531,7.375,-14.5,-3.5625,10.9375
qwen25_7b,18,neutral_nonopposite::neutral::012,neutral_nonopposite,neutral_nonopposite,neutral,nonopposite,0.6,preference_control,7.25,-14.375,7.248443603515625,-14.36767578125,7.248443603515625,-14.36767578125,-3.5596160888671875,10.808059692382812,7.25,-14.375,-3.5625,10.8125
qwen25_7b,18,neutral_nonopposite::neutral::012,neutral_nonopposite,neutral_nonopposite,neutral,nonopposite,0.8,preference_control,6.875,-14.0,6.872970581054688,-13.9903564453125,6.872970581054688,-13.9903564453125,-3.5586929321289062,10.431663513183594,6.875,-14.0,-3.5625,10.4375
qwen25_7b,18,neutral_nonopposite::neutral::012,neutral_nonopposite,neutral_nonopposite,neutral,nonopposite,1.0,preference_control,6.0,-12.5,5.9964447021484375,-12.4871826171875,5.9964447021484375,-12.4871826171875,-3.2453689575195312,9.241813659667969,6.0,-12.5,-3.25,9.25
qwen25_7b,18,neutral_nonopposite::neutral::013,neutral_nonopposite,neutral_nonopposite,neutral,nonopposite,-1.0,preference_control,1.875,1.0,1.871104717254639,1.0000211000442505,1.871104717254639,1.0000211000442505,1.4355629086494446,0.4355418086051941,1.875,1.0,1.4375,0.4375
qwen25_7b,18,neutral_nonopposite::neutral::013,neutral_nonopposite,neutral_nonopposite,neutral,nonopposite,-0.8,preference_control,3.125,-0.25,3.1284267902374268,-0.249983549118042,3.1284267902374268,-0.249983549118042,1.4392216205596924,1.6892051696777344,3.125,-0.25,1.4375,1.6875
qwen25_7b,18,neutral_nonopposite::neutral::013,neutral_nonopposite,neutral_nonopposite,neutral,nonopposite,-0.6,preference_control,4.625,-1.5,4.615118503570557,-1.5019404888153076,4.615118503570557,-1.5019404888153076,1.5565890073776243,3.058529496192932,4.625,-1.5,1.5625,3.0625
qwen25_7b,18,neutral_nonopposite::neutral::013,neutral_nonopposite,neutral_nonopposite,neutral,nonopposite,-0.4,preference_control,6.375,-3.625,6.373259425163269,-3.623282432556152,6.373259425163269,-3.623282432556152,1.3749884963035583,4.998270928859711,6.375,-3.625,1.375,5.0
qwen25_7b,18,neutral_nonopposite::neutral::013,neutral_nonopposite,neutral_nonopposite,neutral,nonopposite,-0.2,preference_control,8.0,-5.5,7.999643564224243,-5.492302894592285,7.999643564224243,-5.492302894592285,1.253670334815979,6.745973229408264,8.0,-5.5,1.25,6.75
qwen25_7b,18,neutral_nonopposite::neutral::013,neutral_nonopposite,neutral_nonopposite,neutral,nonopposite,0.0,preference_control,9.0,-6.75,8.999860048294067,-6.746624112129211,8.999860048294067,-6.746624112129211,1.126617968082428,7.873242080211639,9.0,-6.75,1.125,7.875
qwen25_7b,18,neutral_nonopposite::neutral::013,neutral_nonopposite,neutral_nonopposite,neutral,nonopposite,0.2,preference_control,10.875,-8.0,10.874974250793455,-7.998013615608215,10.874974250793455,-7.998013615608215,1.4384803175926208,9.436493933200836,10.875,-8.0,1.4375,9.4375
qwen25_7b,18,neutral_nonopposite::neutral::013,neutral_nonopposite,neutral_nonopposite,neutral,nonopposite,0.4,preference_control,11.625,-9.125,11.62498426437378,-9.12283182144165,11.62498426437378,-9.12283182144165,1.2510762214660645,10.373908042907717,11.625,-9.125,1.25,10.375
qwen25_7b,18,neutral_nonopposite::neutral::013,neutral_nonopposite,neutral_nonopposite,neutral,nonopposite,0.6,preference_control,11.75,-9.5,11.74998652935028,-9.496474027633669,11.74998652935028,-9.496474027633669,1.1267562508583069,10.623230278491974,11.75,-9.5,1.125,10.625
qwen25_7b,18,neutral_nonopposite::neutral::013,neutral_nonopposite,neutral_nonopposite,neutral,nonopposite,0.8,preference_control,12.0,-9.375,11.999988675117493,-9.369719862937927,11.999988675117493,-9.369719862937927,1.3151344060897827,10.68485426902771,12.0,-9.375,1.3125,10.6875
qwen25_7b,18,neutral_nonopposite::neutral::013,neutral_nonopposite,neutral_nonopposite,neutral,nonopposite,1.0,preference_control,12.125,-6.625,12.124989867210388,-6.614867568016052,12.124989867210388,-6.614867568016052,2.755061149597168,9.36992871761322,12.125,-6.625,2.75,9.375
qwen25_7b,18,neutral_nonopposite::neutral::014,neutral_nonopposite,neutral_nonopposite,neutral,nonopposite,-1.0,preference_control,-1.5,4.375,-1.5029746294021606,4.380585789680481,-1.5029746294021606,4.380585789680481,1.4388055801391602,-2.941780209541321,-1.5,4.375,1.4375,-2.9375
qwen25_7b,18,neutral_nonopposite::neutral::014,neutral_nonopposite,neutral_nonopposite,neutral,nonopposite,-0.8,preference_control,-0.625,3.0,-0.625008225440979,3.0029152631759644,-0.625008225440979,3.0029152631759644,1.188953518867493,-1.813961744308472,-0.625,3.0,1.1875,-1.8125
qwen25_7b,18,neutral_nonopposite::neutral::014,neutral_nonopposite,neutral_nonopposite,neutral,nonopposite,-0.6,preference_control,0.875,1.75,0.8710933923721313,1.7480411529541016,0.8710933923721313,1.7480411529541016,1.3095672726631165,-0.4384738802909851,0.875,1.75,1.3125,-0.4375
qwen25_7b,18,neutral_nonopposite::neutral::014,neutral_nonopposite,neutral_nonopposite,neutral,nonopposite,-0.4,preference_control,2.5,-0.125,2.4941457509994507,-0.1250028610229492,2.4941457509994507,-0.1250028610229492,1.1845714449882507,1.3095743060112,2.5,-0.125,1.1875,1.3125
qwen25_7b,18,neutral_nonopposite::neutral::014,neutral_nonopposite,neutral_nonopposite,neutral,nonopposite,-0.2,preference_control,5.25,-2.0,5.240908622741699,-1.9941418170928955,5.240908622741699,-1.9941418170928955,1.623383402824402,3.617525219917298,5.25,-2.0,1.625,3.625
qwen25_7b,18,neutral_nonopposite::neutral::014,neutral_nonopposite,neutral_nonopposite,neutral,nonopposite,0.0,preference_control,7.375,-3.375,7.37199592590332,-3.3708499670028687,7.37199592590332,-3.3708499670028687,2.000572979450226,5.371422946453095,7.375,-3.375,2.0,5.375
qwen25_7b,18,neutral_nonopposite::neutral::014,neutral_nonopposite,neutral_nonopposite,neutral,nonopposite,0.2,preference_control,9.0,-5.625,8.998818635940552,-5.62078857421875,8.998818635940552,-5.62078857421875,1.6890150308609009,7.309803605079651,9.0,-5.625,1.6875,7.3125
qwen25_7b,18,neutral_nonopposite::neutral::014,neutral_nonopposite,neutral_nonopposite,neutral,nonopposite,0.4,preference_control,10.25,-7.5,10.24931025505066,-7.499088287353516,10.24931025505066,-7.499088287353516,1.3751109838485718,8.874199271202087,10.25,-7.5,1.375,8.875
qwen25_7b,18,neutral_nonopposite::neutral::014,neutral_nonopposite,neutral_nonopposite,neutral,nonopposite,0.6,preference_control,11.5,-8.75,11.49943995475769,-8.749469876289368,11.49943995475769,-8.749469876289368,1.3749850392341614,10.124454915523527,11.5,-8.75,1.375,10.125
qwen25_7b,18,neutral_nonopposite::neutral::014,neutral_nonopposite,neutral_nonopposite,neutral,nonopposite,0.8,preference_control,11.625,-9.0,11.623886585235596,-8.999344825744629,11.623886585235596,-8.999344825744629,1.3122708797454834,10.311615705490112,11.625,-9.0,1.3125,10.3125
qwen25_7b,18,neutral_nonopposite::neutral::014,neutral_nonopposite,neutral_nonopposite,neutral,nonopposite,1.0,preference_control,11.75,-7.625,11.748535871505736,-7.623734831809998,11.748535871505736,-7.623734831809998,2.06240051984787,9.686135351657867,11.75,-7.625,2.0625,9.6875
qwen25_7b,18,neutral_nonopposite::neutral::015,neutral_nonopposite,neutral_nonopposite,neutral,nonopposite,-1.0,preference_control,1.75,0.25,1.75390625,0.2499998807907104,1.75390625,0.2499998807907104,1.0019530653953552,0.7519531846046448,1.75,0.25,1.0,0.75
qwen25_7b,18,neutral_nonopposite::neutral::015,neutral_nonopposite,neutral_nonopposite,neutral,nonopposite,-0.8,preference_control,2.75,-1.0,2.75048828125,-0.998046875,2.75048828125,-0.998046875,0.876220703125,1.874267578125,2.75,-1.0,0.875,1.875
qwen25_7b,18,neutral_nonopposite::neutral::015,neutral_nonopposite,neutral_nonopposite,neutral,nonopposite,-0.6,preference_control,4.25,-2.25,4.23577880859375,-2.2431640625,4.23577880859375,-2.2431640625,0.996307373046875,3.239471435546875,4.25,-2.25,1.0,3.25
qwen25_7b,18,neutral_nonopposite::neutral::015,neutral_nonopposite,neutral_nonopposite,neutral,nonopposite,-0.4,preference_control,5.75,-3.75,5.746795654296875,-3.7421875,5.746795654296875,-3.7421875,1.0023040771484375,4.7444915771484375,5.75,-3.75,1.0,4.75
qwen25_7b,18,neutral_nonopposite::neutral::015,neutral_nonopposite,neutral_nonopposite,neutral,nonopposite,-0.2,preference_control,7.25,-5.25,7.249263763427734,-5.24462890625,7.249263763427734,-5.24462890625,1.0023174285888672,6.246946334838867,7.25,-5.25,1.0,6.25
qwen25_7b,18,neutral_nonopposite::neutral::015,neutral_nonopposite,neutral_nonopposite,neutral,nonopposite,0.0,preference_control,8.0,-6.75,7.999643325805664,-6.748756408691406,7.999643325805664,-6.748756408691406,0.6254434585571289,7.374199867248535,8.0,-6.75,0.625,7.375
qwen25_7b,18,neutral_nonopposite::neutral::015,neutral_nonopposite,neutral_nonopposite,neutral,nonopposite,0.2,preference_control,8.75,-8.0,8.74981689453125,-7.999593734741211,8.74981689453125,-7.999593734741211,0.3751115798950195,8.37470531463623,8.75,-8.0,0.375,8.375
qwen25_7b,18,neutral_nonopposite::neutral::015,neutral_nonopposite,neutral_nonopposite,neutral,nonopposite,0.4,preference_control,8.75,-9.0,8.749810218811035,-8.999798774719238,8.749810218811035,-8.999798774719238,-0.1249942779541015,8.874804496765137,8.75,-9.0,-0.125,8.875
qwen25_7b,18,neutral_nonopposite::neutral::015,neutral_nonopposite,neutral_nonopposite,neutral,nonopposite,0.6,preference_control,8.25,-9.0,8.249692916870117,-8.999796867370605,8.249692916870117,-8.999796867370605,-0.3750519752502441,8.624744892120361,8.25,-9.0,-0.375,8.625
qwen25_7b,18,neutral_nonopposite::neutral::015,neutral_nonopposite,neutral_nonopposite,neutral,nonopposite,0.8,preference_control,8.5,-8.0,8.499750137329102,-7.999523282051086,8.499750137329102,-7.999523282051086,0.2501134276390075,8.249636709690094,8.5,-8.0,0.25,8.25
qwen25_7b,18,neutral_nonopposite::neutral::015,neutral_nonopposite,neutral_nonopposite,neutral,nonopposite,1.0,preference_control,8.0,-6.0,7.999595522880554,-5.997299432754517,7.999595522880554,-5.997299432754517,1.0011480450630188,6.998447477817535,8.0,-6.0,1.0,7.0
qwen25_7b,18,neutral_nonopposite::neutral::016,neutral_nonopposite,neutral_nonopposite,neutral,nonopposite,-1.0,preference_control,3.625,0.25,3.6263427734375,0.25,3.6263427734375,0.25,1.93817138671875,1.68817138671875,3.625,0.25,1.9375,1.6875
qwen25_7b,18,neutral_nonopposite::neutral::016,neutral_nonopposite,neutral_nonopposite,neutral,nonopposite,-0.8,preference_control,3.5,-1.5,3.49951171875,-1.5,3.49951171875,-1.5,0.999755859375,2.499755859375,3.5,-1.5,1.0,2.5
qwen25_7b,18,neutral_nonopposite::neutral::016,neutral_nonopposite,neutral_nonopposite,neutral,nonopposite,-0.6,preference_control,4.25,-3.5,4.234619140625,-3.5001220703125,4.234619140625,-3.5001220703125,0.36724853515625,3.86737060546875,4.25,-3.5,0.375,3.875
qwen25_7b,18,neutral_nonopposite::neutral::016,neutral_nonopposite,neutral_nonopposite,neutral,nonopposite,-0.4,preference_control,5.25,-5.75,5.243621826171875,-5.745574951171875,5.243621826171875,-5.745574951171875,-0.2509765625,5.494598388671875,5.25,-5.75,-0.25,5.5
qwen25_7b,18,neutral_nonopposite::neutral::016,neutral_nonopposite,neutral_nonopposite,neutral,nonopposite,-0.2,preference_control,6.75,-7.75,6.748092651367188,-7.748817443847656,6.748092651367188,-7.748817443847656,-0.5003623962402344,7.248455047607422,6.75,-7.75,-0.5,7.25
qwen25_7b,18,neutral_nonopposite::neutral::016,neutral_nonopposite,neutral_nonopposite,neutral,nonopposite,0.0,preference_control,8.125,-9.25,8.1239013671875,-9.249149322509766,8.1239013671875,-9.249149322509766,-0.5626239776611328,8.686525344848633,8.125,-9.25,-0.5625,8.6875
qwen25_7b,18,neutral_nonopposite::neutral::016,neutral_nonopposite,neutral_nonopposite,neutral,nonopposite,0.2,preference_control,9.5,-10.875,9.498924255371094,-10.874513626098633,9.498924255371094,-10.874513626098633,-0.6877946853637695,10.186718940734863,9.5,-10.875,-0.6875,10.1875
qwen25_7b,18,neutral_nonopposite::neutral::016,neutral_nonopposite,neutral_nonopposite,neutral,nonopposite,0.4,preference_control,9.25,-12.125,9.248306274414062,-12.124629974365234,9.248306274414062,-12.124629974365234,-1.438161849975586,10.686468124389648,9.25,-12.125,-1.4375,10.6875
qwen25_7b,18,neutral_nonopposite::neutral::016,neutral_nonopposite,neutral_nonopposite,neutral,nonopposite,0.6,preference_control,8.25,-12.375,8.247634887695312,-12.374631881713867,8.247634887695312,-12.374631881713867,-2.0634984970092773,10.31113338470459,8.25,-12.375,-2.0625,10.3125
qwen25_7b,18,neutral_nonopposite::neutral::016,neutral_nonopposite,neutral_nonopposite,neutral,nonopposite,0.8,preference_control,8.125,-12.125,8.122467041015625,-12.124526977539062,8.122467041015625,-12.124526977539062,-2.0010299682617188,10.123497009277344,8.125,-12.125,-2.0,10.125
qwen25_7b,18,neutral_nonopposite::neutral::016,neutral_nonopposite,neutral_nonopposite,neutral,nonopposite,1.0,preference_control,8.125,-10.5,8.121917724609375,-10.49935531616211,8.121917724609375,-10.49935531616211,-1.1887187957763672,9.310636520385742,8.125,-10.5,-1.1875,9.3125
qwen25_7b,18,neutral_nonopposite::neutral::017,neutral_nonopposite,neutral_nonopposite,neutral,nonopposite,-1.0,preference_control,3.5,-3.375,3.5017093420028687,-3.3681615591049194,3.5017093420028687,-3.3681615591049194,0.0667738914489746,3.434935450553894,3.5,-3.375,0.0625,3.4375
qwen25_7b,18,neutral_nonopposite::neutral::017,neutral_nonopposite,neutral_nonopposite,neutral,nonopposite,-0.8,preference_control,3.5,-4.0,3.4982913732528687,-3.9919410943984985,3.4982913732528687,-3.9919410943984985,-0.2468248605728149,3.745116233825684,3.5,-4.0,-0.25,3.75
qwen25_7b,18,neutral_nonopposite::neutral::017,neutral_nonopposite,neutral_nonopposite,neutral,nonopposite,-0.6,preference_control,4.375,-4.75,4.361694693565369,-4.734555959701538,4.361694693565369,-4.734555959701538,-0.1864306330680847,4.548125326633453,4.375,-4.75,-0.1875,4.5625
qwen25_7b,18,neutral_nonopposite::neutral::017,neutral_nonopposite,neutral_nonopposite,neutral,nonopposite,-0.4,preference_control,5.25,-5.0,5.2444764375686646,-4.988584637641907,5.2444764375686646,-4.988584637641907,0.1279458999633789,5.116530537605286,5.25,-5.0,0.125,5.125
qwen25_7b,18,neutral_nonopposite::neutral::017,neutral_nonopposite,neutral_nonopposite,neutral,nonopposite,-0.2,preference_control,6.5,-5.5,6.4984132051467896,-5.493101239204407,6.4984132051467896,-5.493101239204407,0.5026559829711914,5.995757222175598,6.5,-5.5,0.5,6.0
qwen25_7b,18,neutral_nonopposite::neutral::017,neutral_nonopposite,neutral_nonopposite,neutral,nonopposite,0.0,preference_control,7.875,-6.375,7.874590039253235,-6.371946692466736,7.874590039253235,-6.371946692466736,0.7513216733932495,7.123268365859985,7.875,-6.375,0.75,7.125
qwen25_7b,18,neutral_nonopposite::neutral::017,neutral_nonopposite,neutral_nonopposite,neutral,nonopposite,0.2,preference_control,10.125,-8.875,10.124943017959597,-8.874224185943604,10.124943017959597,-8.874224185943604,0.6253594160079956,9.4995836019516,10.125,-8.875,0.625,9.5
qwen25_7b,18,neutral_nonopposite::neutral::017,neutral_nonopposite,neutral_nonopposite,neutral,nonopposite,0.4,preference_control,11.5,-10.75,11.499948978424072,-10.749185800552368,11.499948978424072,-10.749185800552368,0.375381588935852,11.12456738948822,11.5,-10.75,0.375,11.125
qwen25_7b,18,neutral_nonopposite::neutral::017,neutral_nonopposite,neutral_nonopposite,neutral,nonopposite,0.6,preference_control,11.625,-11.25,11.624630331993105,-11.247907757759094,11.624630331993105,-11.247907757759094,0.1883612871170044,11.4362690448761,11.625,-11.25,0.1875,11.4375
qwen25_7b,18,neutral_nonopposite::neutral::017,neutral_nonopposite,neutral_nonopposite,neutral,nonopposite,0.8,preference_control,11.0,-11.125,10.99671983718872,-11.12060296535492,10.99671983718872,-11.12060296535492,-0.0619415640830993,11.05866140127182,11.0,-11.125,-0.0625,11.0625
qwen25_7b,18,neutral_nonopposite::neutral::017,neutral_nonopposite,neutral_nonopposite,neutral,nonopposite,1.0,preference_control,10.375,-9.875,10.370697855949402,-9.867702960968018,10.370697855949402,-9.867702960968018,0.2514974474906921,10.11920040845871,10.375,-9.875,0.25,10.125
qwen25_7b,18,neutral_nonopposite::neutral::018,neutral_nonopposite,neutral_nonopposite,neutral,nonopposite,-1.0,preference_control,-1.25,-2.5,-1.248042106628418,-2.492672920227051,-1.248042106628418,-2.492672920227051,-1.8703575134277344,0.6223154067993164,-1.25,-2.5,-1.875,0.625
qwen25_7b,18,neutral_nonopposite::neutral::018,neutral_nonopposite,neutral_nonopposite,neutral,nonopposite,-0.8,preference_control,0.375,-3.125,0.3750019073486328,-3.1254866123199463,0.3750019073486328,-3.1254866123199463,-1.3752423524856567,1.7502442598342896,0.375,-3.125,-1.375,1.75
qwen25_7b,18,neutral_nonopposite::neutral::018,neutral_nonopposite,neutral_nonopposite,neutral,nonopposite,-0.6,preference_control,2.0,-4.25,1.9970698356628416,-4.264891624450684,1.9970698356628416,-4.264891624450684,-1.133910894393921,3.1309807300567627,2.0,-4.25,-1.125,3.125
qwen25_7b,18,neutral_nonopposite::neutral::018,neutral_nonopposite,neutral_nonopposite,neutral,nonopposite,-0.4,preference_control,4.0,-6.0,3.99926483631134,-5.9957884550094604,3.99926483631134,-5.9957884550094604,-0.99826180934906,4.9975266456604,4.0,-6.0,-1.0,5.0
qwen25_7b,18,neutral_nonopposite::neutral::018,neutral_nonopposite,neutral_nonopposite,neutral,nonopposite,-0.2,preference_control,5.5,-7.75,5.486445784568787,-7.7480788230896,5.486445784568787,-7.7480788230896,-1.1308165192604065,6.617262303829193,5.5,-7.75,-1.125,6.625
qwen25_7b,18,neutral_nonopposite::neutral::018,neutral_nonopposite,neutral_nonopposite,neutral,nonopposite,0.0,preference_control,6.625,-8.75,6.617487549781799,-8.74853789806366,6.617487549781799,-8.74853789806366,-1.0655251741409302,7.6830127239227295,6.625,-8.75,-1.0625,7.6875
qwen25_7b,18,neutral_nonopposite::neutral::018,neutral_nonopposite,neutral_nonopposite,neutral,nonopposite,0.2,preference_control,8.0,-9.5,7.995874643325806,-9.498812913894652,7.995874643325806,-9.498812913894652,-0.7514691352844238,8.74734377861023,8.0,-9.5,-0.75,8.75
qwen25_7b,18,neutral_nonopposite::neutral::018,neutral_nonopposite,neutral_nonopposite,neutral,nonopposite,0.4,preference_control,9.25,-10.25,9.246588587760924,-10.249237537384031,9.246588587760924,-10.249237537384031,-0.501324474811554,9.74791306257248,9.25,-10.25,-0.5,9.75
qwen25_7b,18,neutral_nonopposite::neutral::018,neutral_nonopposite,neutral_nonopposite,neutral,nonopposite,0.6,preference_control,10.25,-11.25,10.24754238128662,-11.24953556060791,10.24754238128662,-11.24953556060791,-0.5009965896606445,10.748538970947266,10.25,-11.25,-0.5,10.75
qwen25_7b,18,neutral_nonopposite::neutral::018,neutral_nonopposite,neutral_nonopposite,neutral,nonopposite,0.8,preference_control,10.875,-11.5,10.872825264930723,-11.499778151512146,10.872825264930723,-11.499778151512146,-0.3134764432907104,11.186301708221436,10.875,-11.5,-0.3125,11.1875
qwen25_7b,18,neutral_nonopposite::neutral::018,neutral_nonopposite,neutral_nonopposite,neutral,nonopposite,1.0,preference_control,10.25,-10.625,10.2277649641037,-10.635724902153015,10.2277649641037,-10.635724902153015,-0.2039799690246582,10.431744933128355,10.25,-10.625,-0.1875,10.4375
qwen25_7b,18,neutral_nonopposite::neutral::019,neutral_nonopposite,neutral_nonopposite,neutral,nonopposite,-1.0,preference_control,-7.0,-6.375,-6.998645544052124,-6.372202754020691,-6.998645544052124,-6.372202754020691,-6.685424149036408,-0.3132213950157165,-7.0,-6.375,-6.6875,-0.3125
qwen25_7b,18,neutral_nonopposite::neutral::019,neutral_nonopposite,neutral_nonopposite,neutral,nonopposite,-0.8,preference_control,-5.5,-6.75,-5.495661973953247,-6.748599648475647,-5.495661973953247,-6.748599648475647,-6.122130811214447,0.6264688372612,-5.5,-6.75,-6.125,0.625
qwen25_7b,18,neutral_nonopposite::neutral::019,neutral_nonopposite,neutral_nonopposite,neutral,nonopposite,-0.6,preference_control,-3.25,-7.5,-3.242669701576233,-7.49936318397522,-3.242669701576233,-7.49936318397522,-5.371016442775726,2.1283467411994934,-3.25,-7.5,-5.375,2.125
qwen25_7b,18,neutral_nonopposite::neutral::019,neutral_nonopposite,neutral_nonopposite,neutral,nonopposite,-0.4,preference_control,-0.5,-8.5,-0.5019433498382568,-8.499748468399048,-0.5019433498382568,-8.499748468399048,-4.500845909118652,3.998902559280396,-0.5,-8.5,-4.5,4.0
qwen25_7b,18,neutral_nonopposite::neutral::019,neutral_nonopposite,neutral_nonopposite,neutral,nonopposite,-0.2,preference_control,2.375,-9.375,2.3789268732070923,-9.374882221221924,2.3789268732070923,-9.374882221221924,-3.497977674007416,5.876904547214508,2.375,-9.375,-3.5,5.875
qwen25_7b,18,neutral_nonopposite::neutral::019,neutral_nonopposite,neutral_nonopposite,neutral,nonopposite,0.0,preference_control,4.375,-10.125,4.362212896347046,-10.124940156936646,4.362212896347046,-10.124940156936646,-2.8813636302948,7.243576526641846,4.375,-10.125,-2.875,7.25
qwen25_7b,18,neutral_nonopposite::neutral::019,neutral_nonopposite,neutral_nonopposite,neutral,nonopposite,0.2,preference_control,6.375,-11.5,6.372978568077087,-11.49997866153717,6.372978568077087,-11.49997866153717,-2.563500046730041,8.936478614807129,6.375,-11.5,-2.5625,8.9375
qwen25_7b,18,neutral_nonopposite::neutral::019,neutral_nonopposite,neutral_nonopposite,neutral,nonopposite,0.4,preference_control,7.625,-13.25,7.624148964881897,-13.249991178512571,7.624148964881897,-13.249991178512571,-2.812921106815338,10.437070071697237,7.625,-13.25,-2.8125,10.4375
qwen25_7b,18,neutral_nonopposite::neutral::019,neutral_nonopposite,neutral_nonopposite,neutral,nonopposite,0.6,preference_control,8.125,-14.375,8.12380564212799,-14.374993085861206,8.12380564212799,-14.374993085861206,-3.125593721866608,11.249399363994598,8.125,-14.375,-3.125,11.25
qwen25_7b,18,neutral_nonopposite::neutral::019,neutral_nonopposite,neutral_nonopposite,neutral,nonopposite,0.8,preference_control,8.625,-15.25,8.622052073478699,-15.249983191490172,8.622052073478699,-15.249983191490172,-3.3139655590057373,11.936017632484436,8.625,-15.25,-3.3125,11.9375
qwen25_7b,18,neutral_nonopposite::neutral::019,neutral_nonopposite,neutral_nonopposite,neutral,nonopposite,1.0,preference_control,7.5,-15.125,7.48682975769043,-15.124858260154724,7.48682975769043,-15.124858260154724,-3.819014251232147,11.305844008922575,7.5,-15.125,-3.8125,11.3125
qwen25_7b,18,neutral_nonopposite::neutral::020,neutral_nonopposite,neutral_nonopposite,neutral,nonopposite,-1.0,preference_control,-1.25,-3.375,-1.248046875,-3.370849370956421,-1.248046875,-3.370849370956421,-2.3094481229782104,1.0614012479782104,-1.25,-3.375,-2.3125,1.0625
qwen25_7b,18,neutral_nonopposite::neutral::020,neutral_nonopposite,neutral_nonopposite,neutral,nonopposite,-0.8,preference_control,0.25,-4.0,0.25,-4.011840581893921,0.25,-4.011840581893921,-1.8809202909469604,2.1309202909469604,0.25,-4.0,-1.875,2.125
qwen25_7b,18,neutral_nonopposite::neutral::020,neutral_nonopposite,neutral_nonopposite,neutral,nonopposite,-0.6,preference_control,2.375,-4.625,2.37841796875,-4.614196538925171,2.37841796875,-4.614196538925171,-1.1178892850875854,3.496307253837585,2.375,-4.625,-1.125,3.5
qwen25_7b,18,neutral_nonopposite::neutral::020,neutral_nonopposite,neutral_nonopposite,neutral,nonopposite,-0.4,preference_control,4.625,-5.125,4.614990234375,-5.117858648300171,4.614990234375,-5.117858648300171,-0.2514342069625854,4.8664244413375854,4.625,-5.125,-0.25,4.875
qwen25_7b,18,neutral_nonopposite::neutral::020,neutral_nonopposite,neutral_nonopposite,neutral,nonopposite,-0.2,preference_control,7.75,-5.625,7.749519348144531,-5.6203001737594604,7.749519348144531,-5.6203001737594604,1.0646095871925354,6.684909760951996,7.75,-5.625,1.0625,6.6875
qwen25_7b,18,neutral_nonopposite::neutral::020,neutral_nonopposite,neutral_nonopposite,neutral,nonopposite,0.0,preference_control,10.625,-6.25,10.624958515167236,-6.2470396757125854,10.624958515167236,-6.2470396757125854,2.188959419727325,8.435999095439911,10.625,-6.25,2.1875,8.4375
qwen25_7b,18,neutral_nonopposite::neutral::020,neutral_nonopposite,neutral_nonopposite,neutral,nonopposite,0.2,preference_control,13.0,-7.0,12.99998903274536,-6.997695803642273,12.99998903274536,-6.997695803642273,3.001146614551544,9.998842418193815,13.0,-7.0,3.0,10.0
qwen25_7b,18,neutral_nonopposite::neutral::020,neutral_nonopposite,neutral_nonopposite,neutral,nonopposite,0.4,preference_control,14.125,-7.875,14.124993324279783,-7.873466372489929,14.124993324279783,-7.873466372489929,3.125763475894928,10.999229848384855,14.125,-7.875,3.125,11.0
qwen25_7b,18,neutral_nonopposite::neutral::020,neutral_nonopposite,neutral_nonopposite,neutral,nonopposite,0.6,preference_control,14.125,-8.625,14.124994039535522,-8.623565554618835,14.124994039535522,-8.623565554618835,2.7507142424583435,11.37427979707718,14.125,-8.625,2.75,11.375
qwen25_7b,18,neutral_nonopposite::neutral::020,neutral_nonopposite,neutral_nonopposite,neutral,nonopposite,0.8,preference_control,13.625,-9.375,13.624990940093994,-9.37352740764618,13.624990940093994,-9.37352740764618,2.1257317662239075,11.499259173870088,13.625,-9.375,2.125,11.5
qwen25_7b,18,neutral_nonopposite::neutral::020,neutral_nonopposite,neutral_nonopposite,neutral,nonopposite,1.0,preference_control,12.5,-10.0,12.499958992004396,-9.998397707939148,12.499958992004396,-9.998397707939148,1.2507806420326233,11.249178349971771,12.5,-10.0,1.25,11.25
qwen25_7b,18,neutral_nonopposite::neutral::021,neutral_nonopposite,neutral_nonopposite,neutral,nonopposite,-1.0,preference_control,5.5,1.75,5.49578857421875,1.7529296875,5.49578857421875,1.7529296875,3.624359130859375,1.871429443359375,5.5,1.75,3.625,1.875
qwen25_7b,18,neutral_nonopposite::neutral::021,neutral_nonopposite,neutral_nonopposite,neutral,nonopposite,-0.8,preference_control,5.5,0.75,5.495819091796875,0.75390625,5.495819091796875,0.75390625,3.124862670898437,2.370956420898437,5.5,0.75,3.125,2.375
qwen25_7b,18,neutral_nonopposite::neutral::021,neutral_nonopposite,neutral_nonopposite,neutral,nonopposite,-0.6,preference_control,5.5,-0.5,5.495849609375,-0.501953125,5.495849609375,-0.501953125,2.4969482421875,2.9989013671875,5.5,-0.5,2.5,3.0
qwen25_7b,18,neutral_nonopposite::neutral::021,neutral_nonopposite,neutral_nonopposite,neutral,nonopposite,-0.4,preference_control,5.75,-1.75,5.7467803955078125,-1.7529296875,5.7467803955078125,-1.7529296875,1.9969253540039065,3.749855041503906,5.75,-1.75,2.0,3.75
qwen25_7b,18,neutral_nonopposite::neutral::021,neutral_nonopposite,neutral_nonopposite,neutral,nonopposite,-0.2,preference_control,6.0,-3.5,5.997482299804688,-3.5009765625,5.997482299804688,-3.5009765625,1.2482528686523438,4.749229431152344,6.0,-3.5,1.25,4.75
qwen25_7b,18,neutral_nonopposite::neutral::021,neutral_nonopposite,neutral_nonopposite,neutral,nonopposite,0.0,preference_control,6.75,-4.75,6.748809814453125,-4.74090576171875,6.748809814453125,-4.74090576171875,1.0039520263671875,5.7448577880859375,6.75,-4.75,1.0,5.75
qwen25_7b,18,neutral_nonopposite::neutral::021,neutral_nonopposite,neutral_nonopposite,neutral,nonopposite,0.2,preference_control,8.25,-6.75,8.249731063842773,-6.748512268066406,8.249731063842773,-6.748512268066406,0.7506093978881836,7.49912166595459,8.25,-6.75,0.75,7.5
qwen25_7b,18,neutral_nonopposite::neutral::021,neutral_nonopposite,neutral_nonopposite,neutral,nonopposite,0.4,preference_control,10.25,-8.0,10.249961853027344,-7.999401092529297,10.249961853027344,-7.999401092529297,1.1252803802490234,9.12468147277832,10.25,-8.0,1.125,9.125
qwen25_7b,18,neutral_nonopposite::neutral::021,neutral_nonopposite,neutral_nonopposite,neutral,nonopposite,0.6,preference_control,11.375,-8.875,11.374985933303831,-8.874515533447266,11.374985933303831,-8.874515533447266,1.2502351999282837,10.12475073337555,11.375,-8.875,1.25,10.125
qwen25_7b,18,neutral_nonopposite::neutral::021,neutral_nonopposite,neutral_nonopposite,neutral,nonopposite,0.8,preference_control,11.875,-8.875,11.874989986419678,-8.87445068359375,11.874989986419678,-8.87445068359375,1.500269651412964,10.374720335006714,11.875,-8.875,1.5,10.375
qwen25_7b,18,neutral_nonopposite::neutral::021,neutral_nonopposite,neutral_nonopposite,neutral,nonopposite,1.0,preference_control,11.375,-8.5,11.374980568885803,-8.49936294555664,11.374980568885803,-8.49936294555664,1.4378088116645813,9.937171757221222,11.375,-8.5,1.4375,9.9375
qwen25_7b,18,neutral_nonopposite::neutral::022,neutral_nonopposite,neutral_nonopposite,neutral,nonopposite,-1.0,preference_control,-9.625,-2.125,-9.623443603515623,-2.1240234375,-9.623443603515623,-2.1240234375,-5.8737335205078125,-3.749710083007813,-9.625,-2.125,-5.875,-3.75
qwen25_7b,18,neutral_nonopposite::neutral::022,neutral_nonopposite,neutral_nonopposite,neutral,nonopposite,-0.8,preference_control,-7.875,-2.875,-7.873939514160156,-2.87939453125,-7.873939514160156,-2.87939453125,-5.376667022705078,-2.497272491455078,-7.875,-2.875,-5.375,-2.5
qwen25_7b,18,neutral_nonopposite::neutral::022,neutral_nonopposite,neutral_nonopposite,neutral,nonopposite,-0.6,preference_control,-4.25,-4.625,-4.23504638671875,-4.61474609375,-4.23504638671875,-4.61474609375,-4.424896240234375,0.189849853515625,-4.25,-4.625,-4.4375,0.1875
qwen25_7b,18,neutral_nonopposite::neutral::022,neutral_nonopposite,neutral_nonopposite,neutral,nonopposite,-0.4,preference_control,-0.5,-7.375,-0.5,-7.374137878417969,-0.5,-7.374137878417969,-3.937068939208984,3.4370689392089844,-0.5,-7.375,-3.9375,3.4375
qwen25_7b,18,neutral_nonopposite::neutral::022,neutral_nonopposite,neutral_nonopposite,neutral,nonopposite,-0.2,preference_control,2.25,-9.875,2.2568359375,-9.874750137329102,2.2568359375,-9.874750137329102,-3.808957099914551,6.065793037414551,2.25,-9.875,-3.8125,6.0625
qwen25_7b,18,neutral_nonopposite::neutral::022,neutral_nonopposite,neutral_nonopposite,neutral,nonopposite,0.0,preference_control,3.75,-11.75,3.756103515625,-11.749805450439451,3.756103515625,-11.749805450439451,-3.9968509674072266,7.752954483032227,3.75,-11.75,-4.0,7.75
qwen25_7b,18,neutral_nonopposite::neutral::022,neutral_nonopposite,neutral_nonopposite,neutral,nonopposite,0.2,preference_control,5.5,-13.625,5.493865966796875,-13.62479019165039,5.493865966796875,-13.62479019165039,-4.065462112426758,9.559328079223633,5.5,-13.625,-4.0625,9.5625
qwen25_7b,18,neutral_nonopposite::neutral::022,neutral_nonopposite,neutral_nonopposite,neutral,nonopposite,0.4,preference_control,7.25,-14.375,7.247482299804687,-14.374755859375,7.247482299804687,-14.374755859375,-3.563636779785156,10.811119079589844,7.25,-14.375,-3.5625,10.8125
qwen25_7b,18,neutral_nonopposite::neutral::022,neutral_nonopposite,neutral_nonopposite,neutral,nonopposite,0.6,preference_control,8.25,-14.25,8.247543334960938,-14.249528884887695,8.247543334960938,-14.249528884887695,-3.000992774963379,11.248536109924316,8.25,-14.25,-3.0,11.25
qwen25_7b,18,neutral_nonopposite::neutral::022,neutral_nonopposite,neutral_nonopposite,neutral,nonopposite,0.8,preference_control,8.375,-13.75,8.36993408203125,-13.74919891357422,8.36993408203125,-13.74919891357422,-2.6896324157714844,11.059566497802734,8.375,-13.75,-2.6875,11.0625
qwen25_7b,18,neutral_nonopposite::neutral::022,neutral_nonopposite,neutral_nonopposite,neutral,nonopposite,1.0,preference_control,7.125,-12.0,7.1163330078125,-11.998435974121094,7.1163330078125,-11.998435974121094,-2.441051483154297,9.557384490966797,7.125,-12.0,-2.4375,9.5625
qwen25_7b,18,neutral_nonopposite::neutral::023,neutral_nonopposite,neutral_nonopposite,neutral,nonopposite,-1.0,preference_control,7.375,-0.5,7.376953125,-0.49609375,7.376953125,-0.49609375,3.4404296875,3.9365234375,7.375,-0.5,3.4375,3.9375
qwen25_7b,18,neutral_nonopposite::neutral::023,neutral_nonopposite,neutral_nonopposite,neutral,nonopposite,-0.8,preference_control,9.25,-2.25,9.25634765625,-2.2509765625,9.25634765625,-2.2509765625,3.502685546875,5.753662109375,9.25,-2.25,3.5,5.75
qwen25_7b,18,neutral_nonopposite::neutral::023,neutral_nonopposite,neutral_nonopposite,neutral,nonopposite,-0.6,preference_control,10.75,-4.75,10.73455810546875,-4.73944091796875,10.73455810546875,-4.73944091796875,2.99755859375,7.73699951171875,10.75,-4.75,3.0,7.75
qwen25_7b,18,neutral_nonopposite::neutral::023,neutral_nonopposite,neutral_nonopposite,neutral,nonopposite,-0.4,preference_control,11.875,-7.875,11.867919921875,-7.874034881591797,11.867919921875,-7.874034881591797,1.9969425201416016,9.870977401733398,11.875,-7.875,2.0,9.875
qwen25_7b,18,neutral_nonopposite::neutral::023,neutral_nonopposite,neutral_nonopposite,neutral,nonopposite,-0.2,preference_control,12.625,-11.25,12.623405456542969,-11.24985408782959,12.623405456542969,-11.24985408782959,0.6867756843566895,11.93662977218628,12.625,-11.25,0.6875,11.9375
qwen25_7b,18,neutral_nonopposite::neutral::023,neutral_nonopposite,neutral_nonopposite,neutral,nonopposite,0.0,preference_control,12.75,-14.25,12.749519348144531,-14.249944925308228,12.749519348144531,-14.249944925308228,-0.7502127885818481,13.49973213672638,12.75,-14.25,-0.75,13.5
qwen25_7b,18,neutral_nonopposite::neutral::023,neutral_nonopposite,neutral_nonopposite,neutral,nonopposite,0.2,preference_control,13.625,-17.0,13.624753952026367,-16.999961614608765,13.624753952026367,-16.999961614608765,-1.6876038312911987,15.312357783317566,13.625,-17.0,-1.6875,15.3125
qwen25_7b,18,neutral_nonopposite::neutral::023,neutral_nonopposite,neutral_nonopposite,neutral,nonopposite,0.4,preference_control,14.5,-18.125,14.499589920043944,-18.12494683265686,14.499589920043944,-18.12494683265686,-1.8126784563064573,16.312268376350403,14.5,-18.125,-1.8125,16.3125
qwen25_7b,18,neutral_nonopposite::neutral::023,neutral_nonopposite,neutral_nonopposite,neutral,nonopposite,0.6,preference_control,14.875,-18.625,14.872833251953123,-18.624927043914795,14.872833251953123,-18.624927043914795,-1.876046895980835,16.74888014793396,14.875,-18.625,-1.875,16.75
qwen25_7b,18,neutral_nonopposite::neutral::023,neutral_nonopposite,neutral_nonopposite,neutral,nonopposite,0.8,preference_control,15.5,-19.75,15.497146606445312,-19.7499361038208,15.497146606445312,-19.7499361038208,-2.126394748687744,17.623541355133057,15.5,-19.75,-2.125,17.625
qwen25_7b,18,neutral_nonopposite::neutral::023,neutral_nonopposite,neutral_nonopposite,neutral,nonopposite,1.0,preference_control,15.375,-19.875,15.3739013671875,-19.87494206428528,15.3739013671875,-19.87494206428528,-2.250520348548889,17.62442171573639,15.375,-19.875,-2.25,17.625
qwen25_7b,18,neutral_nonopposite::neutral::024,neutral_nonopposite,neutral_nonopposite,neutral,nonopposite,-1.0,preference_control,-5.0,-2.375,-5.001708984375,-2.369140625,-5.001708984375,-2.369140625,-3.6854248046875,-1.3162841796875,-5.0,-2.375,-3.6875,-1.3125
qwen25_7b,18,neutral_nonopposite::neutral::024,neutral_nonopposite,neutral_nonopposite,neutral,nonopposite,-0.8,preference_control,-3.625,-3.5,-3.620361328125,-3.50244140625,-3.620361328125,-3.50244140625,-3.5614013671875,-0.0589599609375,-3.625,-3.5,-3.5625,-0.0625
qwen25_7b,18,neutral_nonopposite::neutral::024,neutral_nonopposite,neutral_nonopposite,neutral,nonopposite,-0.6,preference_control,-1.75,-4.875,-1.748046875,-4.8873291015625,-1.748046875,-4.8873291015625,-3.31768798828125,1.56964111328125,-1.75,-4.875,-3.3125,1.5625
qwen25_7b,18,neutral_nonopposite::neutral::024,neutral_nonopposite,neutral_nonopposite,neutral,nonopposite,-0.4,preference_control,1.0,-6.5,1.001953125,-6.4906005859375,1.001953125,-6.4906005859375,-2.74432373046875,3.74627685546875,1.0,-6.5,-2.75,3.75
qwen25_7b,18,neutral_nonopposite::neutral::024,neutral_nonopposite,neutral_nonopposite,neutral,nonopposite,-0.2,preference_control,5.0,-8.625,5.012939453125,-8.62139892578125,5.012939453125,-8.62139892578125,-1.804229736328125,6.817169189453125,5.0,-8.625,-1.8125,6.8125
qwen25_7b,18,neutral_nonopposite::neutral::024,neutral_nonopposite,neutral_nonopposite,neutral,nonopposite,0.0,preference_control,9.125,-9.625,9.123199462890623,-9.622817993164062,9.123199462890623,-9.622817993164062,-0.2498092651367187,9.373008728027344,9.125,-9.625,-0.25,9.375
qwen25_7b,18,neutral_nonopposite::neutral::024,neutral_nonopposite,neutral_nonopposite,neutral,nonopposite,0.2,preference_control,13.375,-10.75,13.374673843383787,-10.7481689453125,13.374673843383787,-10.7481689453125,1.3132524490356443,12.061421394348145,13.375,-10.75,1.3125,12.0625
qwen25_7b,18,neutral_nonopposite::neutral::024,neutral_nonopposite,neutral_nonopposite,neutral,nonopposite,0.4,preference_control,15.75,-12.375,15.749616622924805,-12.372879028320312,15.749616622924805,-12.372879028320312,1.688368797302246,14.06124782562256,15.75,-12.375,1.6875,14.0625
qwen25_7b,18,neutral_nonopposite::neutral::024,neutral_nonopposite,neutral_nonopposite,neutral,nonopposite,0.6,preference_control,17.375,-13.0,17.37424087524414,-12.996307373046877,17.37424087524414,-12.996307373046877,2.188966751098633,15.185274124145508,17.375,-13.0,2.1875,15.1875
qwen25_7b,18,neutral_nonopposite::neutral::024,neutral_nonopposite,neutral_nonopposite,neutral,nonopposite,0.8,preference_control,18.375,-13.375,18.373764038085938,-13.37158203125,18.373764038085938,-13.37158203125,2.5010910034179688,15.872673034667969,18.375,-13.375,2.5,15.875
qwen25_7b,18,neutral_nonopposite::neutral::024,neutral_nonopposite,neutral_nonopposite,neutral,nonopposite,1.0,preference_control,18.125,-12.625,18.123992919921875,-12.621383666992188,18.123992919921875,-12.621383666992188,2.751304626464844,15.372688293457031,18.125,-12.625,2.75,15.375
qwen25_7b,18,neutral_opposite::neutral::000,neutral_opposite,neutral_opposite,neutral,opposite,-1.0,preference_control,1.25,-1.75,1.246092438697815,-1.75586199760437,1.246092438697815,-1.75586199760437,-0.2548847794532776,1.5009772181510923,1.25,-1.75,-0.25,1.5
qwen25_7b,18,neutral_opposite::neutral::000,neutral_opposite,neutral_opposite,neutral,opposite,-0.8,preference_control,1.875,-1.875,1.8691394329071045,-1.8691420555114744,1.8691394329071045,-1.8691420555114744,-1.3113021850585938e-06,1.8691407442092896,1.875,-1.875,0.0,1.875
qwen25_7b,18,neutral_opposite::neutral::000,neutral_opposite,neutral_opposite,neutral,opposite,-0.6,preference_control,2.5,-2.25,2.505858421325684,-2.255860447883606,2.505858421325684,-2.255860447883606,0.1249989867210388,2.3808594346046448,2.5,-2.25,0.125,2.375
qwen25_7b,18,neutral_opposite::neutral::000,neutral_opposite,neutral_opposite,neutral,opposite,-0.4,preference_control,2.75,-2.25,2.742186903953552,-2.244141221046448,2.742186903953552,-2.244141221046448,0.2490228414535522,2.4931640625,2.75,-2.25,0.25,2.5
qwen25_7b,18,neutral_opposite::neutral::000,neutral_opposite,neutral_opposite,neutral,opposite,-0.2,preference_control,3.375,-2.375,3.359374523162842,-2.375000476837158,3.359374523162842,-2.375000476837158,0.4921870231628418,2.8671875,3.375,-2.375,0.5,2.875
qwen25_7b,18,neutral_opposite::neutral::000,neutral_opposite,neutral_opposite,neutral,opposite,0.0,preference_control,4.5,-2.0,4.484374761581421,-2.0000003576278687,4.484374761581421,-2.0000003576278687,1.242187201976776,3.2421875596046448,4.5,-2.0,1.25,3.25
qwen25_7b,18,neutral_opposite::neutral::000,neutral_opposite,neutral_opposite,neutral,opposite,0.2,preference_control,6.125,-1.75,6.132812261581421,-1.7500001192092896,6.132812261581421,-1.7500001192092896,2.1914060711860657,3.9414061903953552,6.125,-1.75,2.1875,3.9375
qwen25_7b,18,neutral_opposite::neutral::000,neutral_opposite,neutral_opposite,neutral,opposite,0.4,preference_control,6.75,-2.0,6.765136480331421,-2.0068360567092896,6.765136480331421,-2.0068360567092896,2.3791502118110657,4.385986268520355,6.75,-2.0,2.375,4.375
qwen25_7b,18,neutral_opposite::neutral::000,neutral_opposite,neutral_opposite,neutral,opposite,0.6,preference_control,6.5,-2.875,6.50183093547821,-2.8779298067092896,6.50183093547821,-2.8779298067092896,1.8119505643844604,4.68988037109375,6.5,-2.875,1.8125,4.6875
qwen25_7b,18,neutral_opposite::neutral::000,neutral_opposite,neutral_opposite,neutral,opposite,0.8,preference_control,5.875,-3.25,5.873291015625,-3.2448731660842896,5.873291015625,-3.2448731660842896,1.3142089247703552,4.559082090854645,5.875,-3.25,1.3125,4.5625
qwen25_7b,18,neutral_opposite::neutral::000,neutral_opposite,neutral_opposite,neutral,opposite,1.0,preference_control,5.5,-3.25,5.5037841796875,-3.254150152206421,5.5037841796875,-3.254150152206421,1.1248170137405396,4.37896716594696,5.5,-3.25,1.125,4.375
qwen25_7b,18,neutral_opposite::neutral::001,neutral_opposite,neutral_opposite,neutral,opposite,-1.0,preference_control,3.25,-7.0,3.250067114830017,-6.996566891670227,3.250067114830017,-6.996566891670227,-1.873249888420105,5.123317003250122,3.25,-7.0,-1.875,5.125
qwen25_7b,18,neutral_opposite::neutral::001,neutral_opposite,neutral_opposite,neutral,opposite,-0.8,preference_control,6.875,-7.125,6.859909534454346,-7.112665295600891,6.859909534454346,-7.112665295600891,-0.1263778805732727,6.986287415027618,6.875,-7.125,-0.125,7.0
qwen25_7b,18,neutral_opposite::neutral::001,neutral_opposite,neutral_opposite,neutral,opposite,-0.6,preference_control,11.25,-7.75,11.245328545570374,-7.744230031967163,11.245328545570374,-7.744230031967163,1.7505492568016052,9.494779288768768,11.25,-7.75,1.75,9.5
qwen25_7b,18,neutral_opposite::neutral::001,neutral_opposite,neutral_opposite,neutral,opposite,-0.4,preference_control,14.5,-8.5,14.497177720069883,-8.496031761169434,14.497177720069883,-8.496031761169434,3.000572979450226,11.49660474061966,14.5,-8.5,3.0,11.5
qwen25_7b,18,neutral_opposite::neutral::001,neutral_opposite,neutral_opposite,neutral,opposite,-0.2,preference_control,16.875,-8.875,16.873657822608948,-8.871186017990112,16.873657822608948,-8.871186017990112,4.001235902309418,12.87242192029953,16.875,-8.875,4.0,12.875
qwen25_7b,18,neutral_opposite::neutral::001,neutral_opposite,neutral_opposite,neutral,opposite,0.0,preference_control,18.875,-9.25,18.874563574790955,-9.24760377407074,18.874563574790955,-9.24760377407074,4.813479900360107,14.061083674430847,18.875,-9.25,4.8125,14.0625
qwen25_7b,18,neutral_opposite::neutral::001,neutral_opposite,neutral_opposite,neutral,opposite,0.2,preference_control,20.5,-9.625,20.499794363975525,-9.623581528663635,20.499794363975525,-9.623581528663635,5.438106417655945,15.06168794631958,20.5,-9.625,5.4375,15.0625
qwen25_7b,18,neutral_opposite::neutral::001,neutral_opposite,neutral_opposite,neutral,opposite,0.4,preference_control,20.875,-10.25,20.87473452091217,-10.248151898384094,20.87473452091217,-10.248151898384094,5.313291311264038,15.561443209648132,20.875,-10.25,5.3125,15.5625
qwen25_7b,18,neutral_opposite::neutral::001,neutral_opposite,neutral_opposite,neutral,opposite,0.6,preference_control,20.25,-10.5,20.2494375705719,-10.4977068901062,20.2494375705719,-10.4977068901062,4.875865340232849,15.37357223033905,20.25,-10.5,4.875,15.375
qwen25_7b,18,neutral_opposite::neutral::001,neutral_opposite,neutral_opposite,neutral,opposite,0.8,preference_control,19.125,-9.75,19.12363350391388,-9.74501657485962,19.12363350391388,-9.74501657485962,4.68930846452713,14.43432503938675,19.125,-9.75,4.6875,14.4375
qwen25_7b,18,neutral_opposite::neutral::001,neutral_opposite,neutral_opposite,neutral,opposite,1.0,preference_control,17.625,-8.5,17.622076392173767,-8.489187359809875,17.622076392173767,-8.489187359809875,4.566444516181946,13.05563187599182,17.625,-8.5,4.5625,13.0625
qwen25_7b,18,neutral_opposite::neutral::002,neutral_opposite,neutral_opposite,neutral,opposite,-1.0,preference_control,-1.5,1.5,-1.4970685243606567,1.50000262260437,-1.4970685243606567,1.50000262260437,0.0014670491218566,-1.4985355734825134,-1.5,1.5,0.0,-1.5
qwen25_7b,18,neutral_opposite::neutral::002,neutral_opposite,neutral_opposite,neutral,opposite,-0.8,preference_control,-1.625,0.75,-1.6259748935699463,0.7460957765579224,-1.6259748935699463,0.7460957765579224,-0.4399395585060119,-1.1860353350639343,-1.625,0.75,-0.4375,-1.1875
qwen25_7b,18,neutral_opposite::neutral::002,neutral_opposite,neutral_opposite,neutral,opposite,-0.6,preference_control,-1.5,-0.125,-1.497069239616394,-0.1249985694885253,-1.497069239616394,-0.1249985694885253,-0.8110339045524597,-0.6860353350639343,-1.5,-0.125,-0.8125,-0.6875
qwen25_7b,18,neutral_opposite::neutral::002,neutral_opposite,neutral_opposite,neutral,opposite,-0.4,preference_control,-0.875,-1.875,-0.8789050579071045,-1.868163466453552,-0.8789050579071045,-1.868163466453552,-1.3735342621803284,0.4946292042732239,-0.875,-1.875,-1.375,0.5
qwen25_7b,18,neutral_opposite::neutral::002,neutral_opposite,neutral_opposite,neutral,opposite,-0.2,preference_control,0.125,-4.0,0.1250008344650268,-4.0114744901657104,0.1250008344650268,-4.0114744901657104,-1.9432368278503416,2.0682376623153687,0.125,-4.0,-1.9375,2.0625
qwen25_7b,18,neutral_opposite::neutral::002,neutral_opposite,neutral_opposite,neutral,opposite,0.0,preference_control,1.375,-6.625,1.3710941076278689,-6.6230772733688354,1.3710941076278689,-6.6230772733688354,-2.6259915828704834,3.997085690498352,1.375,-6.625,-2.625,4.0
qwen25_7b,18,neutral_opposite::neutral::002,neutral_opposite,neutral_opposite,neutral,opposite,0.2,preference_control,3.625,-9.5,3.6323245763778687,-9.499725103378296,3.6323245763778687,-9.499725103378296,-2.9337002635002136,6.566024839878082,3.625,-9.5,-2.9375,6.5625
qwen25_7b,18,neutral_opposite::neutral::002,neutral_opposite,neutral_opposite,neutral,opposite,0.4,preference_control,6.0,-10.125,5.990478754043579,-10.12471568584442,5.990478754043579,-10.12471568584442,-2.067118465900421,8.057597219944,6.0,-10.125,-2.0625,8.0625
qwen25_7b,18,neutral_opposite::neutral::002,neutral_opposite,neutral_opposite,neutral,opposite,0.6,preference_control,7.75,-9.625,7.738709330558777,-9.6245858669281,7.738709330558777,-9.6245858669281,-0.942938268184662,8.681647598743439,7.75,-9.625,-0.9375,8.6875
qwen25_7b,18,neutral_opposite::neutral::002,neutral_opposite,neutral_opposite,neutral,opposite,0.8,preference_control,9.0,-9.875,8.979249954223633,-9.874866366386414,8.979249954223633,-9.874866366386414,-0.4478082060813904,9.427058160305023,9.0,-9.875,-0.4375,9.4375
qwen25_7b,18,neutral_opposite::neutral::002,neutral_opposite,neutral_opposite,neutral,opposite,1.0,preference_control,9.5,-9.125,9.515387773513794,-9.124872326850891,9.515387773513794,-9.124872326850891,0.1952577233314514,9.320130050182344,9.5,-9.125,0.1875,9.3125
qwen25_7b,18,neutral_opposite::neutral::003,neutral_opposite,neutral_opposite,neutral,opposite,-1.0,preference_control,4.625,0.75,4.609374523162842,0.749998927116394,4.609374523162842,0.749998927116394,2.679686725139618,1.929687798023224,4.625,0.75,2.6875,1.9375
qwen25_7b,18,neutral_opposite::neutral::003,neutral_opposite,neutral_opposite,neutral,opposite,-0.8,preference_control,5.0,0.375,4.992186665534973,0.3749988079071045,4.992186665534973,0.3749988079071045,2.683592736721039,2.3085939288139343,5.0,0.375,2.6875,2.3125
qwen25_7b,18,neutral_opposite::neutral::003,neutral_opposite,neutral_opposite,neutral,opposite,-0.6,preference_control,5.75,-0.125,5.738280415534973,-0.1250017881393432,5.738280415534973,-0.1250017881393432,2.806639313697815,2.931641101837158,5.75,-0.125,2.8125,2.9375
qwen25_7b,18,neutral_opposite::neutral::003,neutral_opposite,neutral_opposite,neutral,opposite,-0.4,preference_control,6.875,-0.75,6.8632800579071045,-0.7500014305114746,6.8632800579071045,-0.7500014305114746,3.056639313697815,3.8066407442092896,6.875,-0.75,3.0625,3.8125
qwen25_7b,18,neutral_opposite::neutral::003,neutral_opposite,neutral_opposite,neutral,opposite,-0.2,preference_control,8.375,-2.125,8.369139432907104,-2.1328139305114746,8.369139432907104,-2.1328139305114746,3.118162751197815,5.2509766817092896,8.375,-2.125,3.125,5.25
qwen25_7b,18,neutral_opposite::neutral::003,neutral_opposite,neutral_opposite,neutral,opposite,0.0,preference_control,9.25,-3.875,9.267333030700684,-3.869264006614685,9.267333030700684,-3.869264006614685,2.6990345120429997,6.568298518657684,9.25,-3.875,2.6875,6.5625
qwen25_7b,18,neutral_opposite::neutral::003,neutral_opposite,neutral_opposite,neutral,opposite,0.2,preference_control,10.625,-6.5,10.622985363006592,-6.498452305793762,10.622985363006592,-6.498452305793762,2.062266528606415,8.560718834400177,10.625,-6.5,2.0625,8.5625
qwen25_7b,18,neutral_opposite::neutral::003,neutral_opposite,neutral_opposite,neutral,opposite,0.4,preference_control,12.0,-8.0,11.998077154159546,-7.999640464782715,11.998077154159546,-7.999640464782715,1.9992183446884155,9.99885880947113,12.0,-8.0,2.0,10.0
qwen25_7b,18,neutral_opposite::neutral::003,neutral_opposite,neutral_opposite,neutral,opposite,0.6,preference_control,13.625,-9.125,13.622543096542358,-9.124839782714844,13.622543096542358,-9.124839782714844,2.2488516569137573,11.3736914396286,13.625,-9.125,2.25,11.375
qwen25_7b,18,neutral_opposite::neutral::003,neutral_opposite,neutral_opposite,neutral,opposite,0.8,preference_control,15.625,-9.875,15.623511791229248,-9.87490177154541,15.623511791229248,-9.87490177154541,2.874305009841919,12.749206781387327,15.625,-9.875,2.875,12.75
qwen25_7b,18,neutral_opposite::neutral::003,neutral_opposite,neutral_opposite,neutral,opposite,1.0,preference_control,17.125,-11.625,17.124228715896606,-11.6249760389328,17.124228715896606,-11.6249760389328,2.749626338481903,14.374602377414703,17.125,-11.625,2.75,14.375
qwen25_7b,18,neutral_opposite::neutral::004,neutral_opposite,neutral_opposite,neutral,opposite,-1.0,preference_control,1.375,7.375,1.375,7.37213134765625,1.375,7.37213134765625,4.373565673828125,-2.998565673828125,1.375,7.375,4.375,-3.0
qwen25_7b,18,neutral_opposite::neutral::004,neutral_opposite,neutral_opposite,neutral,opposite,-0.8,preference_control,1.75,7.125,1.75390625,7.1219482421875,1.75390625,7.1219482421875,4.43792724609375,-2.68402099609375,1.75,7.125,4.4375,-2.6875
qwen25_7b,18,neutral_opposite::neutral::004,neutral_opposite,neutral_opposite,neutral,opposite,-0.6,preference_control,2.625,6.625,2.6171875,6.621734619140625,2.6171875,6.621734619140625,4.6194610595703125,-2.0022735595703125,2.625,6.625,4.625,-2.0
qwen25_7b,18,neutral_opposite::neutral::004,neutral_opposite,neutral_opposite,neutral,opposite,-0.4,preference_control,4.0,5.375,4.012939453125,5.368621826171875,4.012939453125,5.368621826171875,4.6907806396484375,-0.6778411865234375,4.0,5.375,4.6875,-0.6875
qwen25_7b,18,neutral_opposite::neutral::004,neutral_opposite,neutral_opposite,neutral,opposite,-0.2,preference_control,6.0,3.0,5.9974517822265625,2.99609375,5.9974517822265625,2.99609375,4.496772766113281,1.5006790161132812,6.0,3.0,4.5,1.5
qwen25_7b,18,neutral_opposite::neutral::004,neutral_opposite,neutral_opposite,neutral,opposite,0.0,preference_control,7.0,0.25,6.999027252197266,0.25,6.999027252197266,0.25,3.624513626098633,3.374513626098633,7.0,0.25,3.625,3.375
qwen25_7b,18,neutral_opposite::neutral::004,neutral_opposite,neutral_opposite,neutral,opposite,0.2,preference_control,8.625,-3.75,8.624789237976074,-3.754150390625,8.624789237976074,-3.754150390625,2.435319423675537,6.189469814300537,8.625,-3.75,2.4375,6.1875
qwen25_7b,18,neutral_opposite::neutral::004,neutral_opposite,neutral_opposite,neutral,opposite,0.4,preference_control,9.5,-6.5,9.499892234802246,-6.4951171875,9.499892234802246,-6.4951171875,1.502387523651123,7.997504711151123,9.5,-6.5,1.5,8.0
qwen25_7b,18,neutral_opposite::neutral::004,neutral_opposite,neutral_opposite,neutral,opposite,0.6,preference_control,10.0,-8.25,9.999900817871094,-8.26171875,9.999900817871094,-8.26171875,0.8690910339355469,9.130809783935549,10.0,-8.25,0.875,9.125
qwen25_7b,18,neutral_opposite::neutral::004,neutral_opposite,neutral_opposite,neutral,opposite,0.8,preference_control,10.125,-9.125,10.124883651733398,-9.095703125,10.124883651733398,-9.095703125,0.5145902633666992,9.6102933883667,10.125,-9.125,0.5,9.625
qwen25_7b,18,neutral_opposite::neutral::004,neutral_opposite,neutral_opposite,neutral,opposite,1.0,preference_control,9.0,-8.0,8.999711990356445,-7.984375,8.999711990356445,-7.984375,0.5076684951782227,8.492043495178223,9.0,-8.0,0.5,8.5
qwen25_7b,18,neutral_opposite::neutral::005,neutral_opposite,neutral_opposite,neutral,opposite,-1.0,preference_control,2.75,1.25,2.7518715858459477,1.2480119466781616,2.7518715858459477,1.2480119466781616,1.9999417662620544,0.7519298195838928,2.75,1.25,2.0,0.75
qwen25_7b,18,neutral_opposite::neutral::005,neutral_opposite,neutral_opposite,neutral,opposite,-0.8,preference_control,3.125,-1.0,3.1205642223358154,-1.0039361715316772,3.1205642223358154,-1.0039361715316772,1.058314025402069,2.0622501969337463,3.125,-1.0,1.0625,2.0625
qwen25_7b,18,neutral_opposite::neutral::005,neutral_opposite,neutral_opposite,neutral,opposite,-0.6,preference_control,3.75,-3.75,3.757303714752197,-3.7522263526916495,3.757303714752197,-3.7522263526916495,0.0025386810302734,3.754765033721924,3.75,-3.75,0.0,3.75
qwen25_7b,18,neutral_opposite::neutral::005,neutral_opposite,neutral_opposite,neutral,opposite,-0.4,preference_control,4.75,-6.25,4.73485279083252,-6.2433390617370605,4.73485279083252,-6.2433390617370605,-0.7542431354522705,5.48909592628479,4.75,-6.25,-0.75,5.5
qwen25_7b,18,neutral_opposite::neutral::005,neutral_opposite,neutral_opposite,neutral,opposite,-0.2,preference_control,5.875,-8.125,5.870203137397766,-8.123397827148438,5.870203137397766,-8.123397827148438,-1.1265973448753357,6.996800482273102,5.875,-8.125,-1.125,7.0
qwen25_7b,18,neutral_opposite::neutral::005,neutral_opposite,neutral_opposite,neutral,opposite,0.0,preference_control,7.375,-9.875,7.373821020126343,-9.874634146690369,7.373821020126343,-9.874634146690369,-1.250406563282013,8.624227583408356,7.375,-9.875,-1.25,8.625
qwen25_7b,18,neutral_opposite::neutral::005,neutral_opposite,neutral_opposite,neutral,opposite,0.2,preference_control,8.625,-12.375,8.62457811832428,-12.37490737438202,8.62457811832428,-12.37490737438202,-1.8751646280288696,10.49974274635315,8.625,-12.375,-1.875,10.5
qwen25_7b,18,neutral_opposite::neutral::005,neutral_opposite,neutral_opposite,neutral,opposite,0.4,preference_control,9.125,-14.875,9.124647855758669,-14.874894976615906,9.124647855758669,-14.874894976615906,-2.8751235604286194,11.999771416187286,9.125,-14.875,-2.875,12.0
qwen25_7b,18,neutral_opposite::neutral::005,neutral_opposite,neutral_opposite,neutral,opposite,0.6,preference_control,9.5,-16.625,9.49963641166687,-16.624900698661804,9.49963641166687,-16.624900698661804,-3.562632143497467,13.062268555164335,9.5,-16.625,-3.5625,13.0625
qwen25_7b,18,neutral_opposite::neutral::005,neutral_opposite,neutral_opposite,neutral,opposite,0.8,preference_control,10.125,-17.875,10.12479531764984,-17.87490940093994,10.12479531764984,-17.87490940093994,-3.87505704164505,13.999852359294891,10.125,-17.875,-3.875,14.0
qwen25_7b,18,neutral_opposite::neutral::005,neutral_opposite,neutral_opposite,neutral,opposite,1.0,preference_control,11.125,-17.375,11.124920725822449,-17.37491250038147,11.124920725822449,-17.37491250038147,-3.1249958872795105,14.24991661310196,11.125,-17.375,-3.125,14.25
qwen25_7b,18,neutral_opposite::neutral::006,neutral_opposite,neutral_opposite,neutral,opposite,-1.0,preference_control,3.375,1.375,3.367186903953552,1.3789055347442627,3.367186903953552,1.3789055347442627,2.3730462193489075,0.9941406846046448,3.375,1.375,2.375,1.0
qwen25_7b,18,neutral_opposite::neutral::006,neutral_opposite,neutral_opposite,neutral,opposite,-0.8,preference_control,5.375,0.375,5.381103277206421,0.3749996423721313,5.381103277206421,0.3749996423721313,2.878051459789276,2.5030518174171448,5.375,0.375,2.875,2.5
qwen25_7b,18,neutral_opposite::neutral::006,neutral_opposite,neutral_opposite,neutral,opposite,-0.6,preference_control,7.375,-0.875,7.383544683456421,-0.8789066076278687,7.383544683456421,-0.8789066076278687,3.252319037914276,4.131225645542145,7.375,-0.875,3.25,4.125
qwen25_7b,18,neutral_opposite::neutral::006,neutral_opposite,neutral_opposite,neutral,opposite,-0.4,preference_control,9.875,-1.875,9.86395251750946,-1.8691409826278689,9.86395251750946,-1.8691409826278689,3.997405767440796,5.8665467500686646,9.875,-1.875,4.0,5.875
qwen25_7b,18,neutral_opposite::neutral::006,neutral_opposite,neutral_opposite,neutral,opposite,-0.2,preference_control,12.25,-2.5,12.247405767440796,-2.4990237951278687,12.247405767440796,-2.4990237951278687,4.874190986156464,7.373214781284332,12.25,-2.5,4.875,7.375
qwen25_7b,18,neutral_opposite::neutral::006,neutral_opposite,neutral_opposite,neutral,opposite,0.0,preference_control,13.75,-3.0,13.749313116073608,-3.004883050918579,13.749313116073608,-3.004883050918579,5.372215032577515,8.377098083496094,13.75,-3.0,5.375,8.375
qwen25_7b,18,neutral_opposite::neutral::006,neutral_opposite,neutral_opposite,neutral,opposite,0.2,preference_control,14.125,-4.125,14.124776601791382,-4.138427972793579,14.124776601791382,-4.138427972793579,4.993174314498901,9.13160228729248,14.125,-4.125,5.0,9.125
qwen25_7b,18,neutral_opposite::neutral::006,neutral_opposite,neutral_opposite,neutral,opposite,0.4,preference_control,13.75,-7.0,13.749753713607788,-6.9976807832717896,13.749753713607788,-6.9976807832717896,3.3760364651679997,10.373717248439789,13.75,-7.0,3.375,10.375
qwen25_7b,18,neutral_opposite::neutral::006,neutral_opposite,neutral_opposite,neutral,opposite,0.6,preference_control,12.375,-9.25,12.374183416366575,-9.246734619140623,12.374183416366575,-9.246734619140623,1.563724398612976,10.8104590177536,12.375,-9.25,1.5625,10.8125
qwen25_7b,18,neutral_opposite::neutral::006,neutral_opposite,neutral_opposite,neutral,opposite,0.8,preference_control,12.125,-10.25,12.12383258342743,-10.248291015625,12.12383258342743,-10.248291015625,0.9377707839012146,11.186061799526216,12.125,-10.25,0.9375,11.1875
qwen25_7b,18,neutral_opposite::neutral::006,neutral_opposite,neutral_opposite,neutral,opposite,1.0,preference_control,12.0,-8.0,11.999061465263368,-7.999176025390625,11.999061465263368,-7.999176025390625,1.9999427199363708,9.999118745326996,12.0,-8.0,2.0,10.0
qwen25_7b,18,neutral_opposite::neutral::007,neutral_opposite,neutral_opposite,neutral,opposite,-1.0,preference_control,-1.875,0.0,-1.8599852323532104,-0.0001015663146972,-1.8599852323532104,-0.0001015663146972,-0.930043399333954,-0.9299418330192566,-1.875,0.0,-0.9375,-0.9375
qwen25_7b,18,neutral_opposite::neutral::007,neutral_opposite,neutral_opposite,neutral,opposite,-0.8,preference_control,-0.875,-0.875,-0.8753737211227417,-0.8711421489715576,-0.8753737211227417,-0.8711421489715576,-0.8732579350471497,-0.002115786075592,-0.875,-0.875,-0.875,0.0
qwen25_7b,18,neutral_opposite::neutral::007,neutral_opposite,neutral_opposite,neutral,opposite,-0.6,preference_control,0.25,-2.25,0.2498180866241455,-2.245155096054077,0.2498180866241455,-2.245155096054077,-0.9976685047149658,1.247486591339111,0.25,-2.25,-1.0,1.25
qwen25_7b,18,neutral_opposite::neutral::007,neutral_opposite,neutral_opposite,neutral,opposite,-0.4,preference_control,1.5,-3.5,1.503774881362915,-3.504911780357361,1.503774881362915,-3.504911780357361,-1.000568449497223,2.504343330860138,1.5,-3.5,-1.0,2.5
qwen25_7b,18,neutral_opposite::neutral::007,neutral_opposite,neutral_opposite,neutral,opposite,-0.2,preference_control,3.375,-5.125,3.3797895908355717,-5.117946624755859,3.3797895908355717,-5.117946624755859,-0.869078516960144,4.248868107795715,3.375,-5.125,-0.875,4.25
qwen25_7b,18,neutral_opposite::neutral::007,neutral_opposite,neutral_opposite,neutral,opposite,0.0,preference_control,5.75,-6.75,5.7565248012542725,-6.748751282691956,5.7565248012542725,-6.748751282691956,-0.4961132407188415,6.252638041973114,5.75,-6.75,-0.5,6.25
qwen25_7b,18,neutral_opposite::neutral::007,neutral_opposite,neutral_opposite,neutral,opposite,0.2,preference_control,9.5,-9.625,9.497464418411257,-9.624951362609863,9.497464418411257,-9.624951362609863,-0.0637434720993042,9.56120789051056,9.5,-9.625,-0.0625,9.5625
qwen25_7b,18,neutral_opposite::neutral::007,neutral_opposite,neutral_opposite,neutral,opposite,0.4,preference_control,11.875,-12.0,11.873968958854675,-12.00001335144043,11.873968958854675,-12.00001335144043,-0.0630221962928772,11.936991155147552,11.875,-12.0,-0.0625,11.9375
qwen25_7b,18,neutral_opposite::neutral::007,neutral_opposite,neutral_opposite,neutral,opposite,0.6,preference_control,13.75,-13.625,13.7486389875412,-13.6250159740448,13.7486389875412,-13.6250159740448,0.0618115067481994,13.686827480793,13.75,-13.625,0.0625,13.6875
qwen25_7b,18,neutral_opposite::neutral::007,neutral_opposite,neutral_opposite,neutral,opposite,0.8,preference_control,14.875,-15.25,14.87316620349884,-15.250039100646973,14.87316620349884,-15.250039100646973,-0.1884364485740661,15.061602652072906,14.875,-15.25,-0.1875,15.0625
qwen25_7b,18,neutral_opposite::neutral::007,neutral_opposite,neutral_opposite,neutral,opposite,1.0,preference_control,15.875,-16.5,15.871864557266235,-16.5002920627594,15.871864557266235,-16.5002920627594,-0.314213752746582,16.186078310012817,15.875,-16.5,-0.3125,16.1875
qwen25_7b,18,neutral_opposite::neutral::008,neutral_opposite,neutral_opposite,neutral,opposite,-1.0,preference_control,0.375,-7.75,0.375005841255188,-7.749099493026733,0.375005841255188,-7.749099493026733,-3.6870468258857727,4.062052667140961,0.375,-7.75,-3.6875,4.0625
qwen25_7b,18,neutral_opposite::neutral::008,neutral_opposite,neutral_opposite,neutral,opposite,-0.8,preference_control,0.875,-8.5,0.8789137601852417,-8.499581336975098,0.8789137601852417,-8.499581336975098,-3.810333788394928,4.68924754858017,0.875,-8.5,-3.8125,4.6875
qwen25_7b,18,neutral_opposite::neutral::008,neutral_opposite,neutral_opposite,neutral,opposite,-0.6,preference_control,1.875,-8.75,1.870130181312561,-8.749643564224243,1.870130181312561,-8.749643564224243,-3.439756691455841,5.309886872768402,1.875,-8.75,-3.4375,5.3125
qwen25_7b,18,neutral_opposite::neutral::008,neutral_opposite,neutral_opposite,neutral,opposite,-0.4,preference_control,3.5,-8.375,3.507093667984009,-8.37459945678711,3.507093667984009,-8.37459945678711,-2.4337528944015503,5.940846562385559,3.5,-8.375,-2.4375,5.9375
qwen25_7b,18,neutral_opposite::neutral::008,neutral_opposite,neutral_opposite,neutral,opposite,-0.2,preference_control,5.375,-7.75,5.376965403556824,-7.7493884563446045,5.376965403556824,-7.7493884563446045,-1.1862115263938904,6.563176929950714,5.375,-7.75,-1.1875,6.5625
qwen25_7b,18,neutral_opposite::neutral::008,neutral_opposite,neutral_opposite,neutral,opposite,0.0,preference_control,7.25,-6.375,7.236213326454163,-6.373105525970459,7.236213326454163,-6.373105525970459,0.4315539002418518,6.804659426212311,7.25,-6.375,0.4375,6.8125
qwen25_7b,18,neutral_opposite::neutral::008,neutral_opposite,neutral_opposite,neutral,opposite,0.2,preference_control,9.5,-5.125,9.496907114982603,-5.1189011335372925,9.496907114982603,-5.1189011335372925,2.189002990722656,7.307904124259949,9.5,-5.125,2.1875,7.3125
qwen25_7b,18,neutral_opposite::neutral::008,neutral_opposite,neutral_opposite,neutral,opposite,0.4,preference_control,11.0,-4.375,10.996219992637634,-4.362309217453003,10.996219992637634,-4.362309217453003,3.316955387592316,7.679264605045319,11.0,-4.375,3.3125,7.6875
qwen25_7b,18,neutral_opposite::neutral::008,neutral_opposite,neutral_opposite,neutral,opposite,0.6,preference_control,11.625,-4.0,11.61810564994812,-4.012943744659424,11.61810564994812,-4.012943744659424,3.802580952644348,7.815524697303772,11.625,-4.0,3.8125,7.8125
qwen25_7b,18,neutral_opposite::neutral::008,neutral_opposite,neutral_opposite,neutral,opposite,0.8,preference_control,11.375,-3.5,11.368073344230652,-3.501346230506897,11.368073344230652,-3.501346230506897,3.933363556861877,7.434709787368774,11.375,-3.5,3.9375,7.4375
qwen25_7b,18,neutral_opposite::neutral::008,neutral_opposite,neutral_opposite,neutral,opposite,1.0,preference_control,10.375,-2.25,10.371840715408323,-2.24316668510437,10.371840715408323,-2.24316668510437,4.0643370151519775,6.307503700256348,10.375,-2.25,4.0625,6.3125
qwen25_7b,18,neutral_opposite::neutral::009,neutral_opposite,neutral_opposite,neutral,opposite,-1.0,preference_control,-1.25,-1.125,-1.248046875,-1.125,-1.248046875,-1.125,-1.1865234375,-0.0615234375,-1.25,-1.125,-1.1875,-0.0625
qwen25_7b,18,neutral_opposite::neutral::009,neutral_opposite,neutral_opposite,neutral,opposite,-0.8,preference_control,-1.0,-1.375,-1.0,-1.3759765625,-1.0,-1.3759765625,-1.18798828125,0.18798828125,-1.0,-1.375,-1.1875,0.1875
qwen25_7b,18,neutral_opposite::neutral::009,neutral_opposite,neutral_opposite,neutral,opposite,-0.6,preference_control,-0.5,-1.5,-0.498046875,-1.501953125,-0.498046875,-1.501953125,-1.0,0.501953125,-0.5,-1.5,-1.0,0.5
qwen25_7b,18,neutral_opposite::neutral::009,neutral_opposite,neutral_opposite,neutral,opposite,-0.4,preference_control,0.5,-1.75,0.498046875,-1.75390625,0.498046875,-1.75390625,-0.6279296875,1.1259765625,0.5,-1.75,-0.625,1.125
qwen25_7b,18,neutral_opposite::neutral::009,neutral_opposite,neutral_opposite,neutral,opposite,-0.2,preference_control,2.375,-3.0,2.3798828125,-2.998291015625,2.3798828125,-2.998291015625,-0.3092041015625,2.6890869140625,2.375,-3.0,-0.3125,2.6875
qwen25_7b,18,neutral_opposite::neutral::009,neutral_opposite,neutral_opposite,neutral,opposite,0.0,preference_control,5.25,-4.375,5.244720458984375,-4.36248779296875,5.244720458984375,-4.36248779296875,0.4411163330078125,4.8036041259765625,5.25,-4.375,0.4375,4.8125
qwen25_7b,18,neutral_opposite::neutral::009,neutral_opposite,neutral_opposite,neutral,opposite,0.2,preference_control,8.375,-6.25,8.374764442443848,-6.248062133789063,8.374764442443848,-6.248062133789063,1.0633511543273926,7.311413288116455,8.375,-6.25,1.0625,7.3125
qwen25_7b,18,neutral_opposite::neutral::009,neutral_opposite,neutral_opposite,neutral,opposite,0.4,preference_control,10.75,-7.25,10.749976515769958,-7.249275207519531,10.749976515769958,-7.249275207519531,1.7503506541252136,8.999625861644745,10.75,-7.25,1.75,9.0
qwen25_7b,18,neutral_opposite::neutral::009,neutral_opposite,neutral_opposite,neutral,opposite,0.6,preference_control,11.5,-7.75,11.499987602233888,-7.7495574951171875,11.499987602233888,-7.7495574951171875,1.8752150535583496,9.624772548675535,11.5,-7.75,1.875,9.625
qwen25_7b,18,neutral_opposite::neutral::009,neutral_opposite,neutral_opposite,neutral,opposite,0.8,preference_control,11.0,-8.25,10.999978423118591,-8.249731063842773,10.999978423118591,-8.249731063842773,1.375123679637909,9.624854743480682,11.0,-8.25,1.375,9.625
qwen25_7b,18,neutral_opposite::neutral::009,neutral_opposite,neutral_opposite,neutral,opposite,1.0,preference_control,9.25,-7.5,9.249892711639404,-7.499439239501953,9.249892711639404,-7.499439239501953,0.8752267360687256,8.374665975570679,9.25,-7.5,0.875,8.375
qwen25_7b,18,neutral_opposite::neutral::010,neutral_opposite,neutral_opposite,neutral,opposite,-1.0,preference_control,-6.625,-7.25,-6.609375,-7.2353515625,-6.609375,-7.2353515625,-6.92236328125,0.31298828125,-6.625,-7.25,-6.9375,0.3125
qwen25_7b,18,neutral_opposite::neutral::010,neutral_opposite,neutral_opposite,neutral,opposite,-0.8,preference_control,-7.0,-8.125,-6.9921875,-8.13671875,-6.9921875,-8.13671875,-7.564453125,0.572265625,-7.0,-8.125,-7.5625,0.5625
qwen25_7b,18,neutral_opposite::neutral::010,neutral_opposite,neutral_opposite,neutral,opposite,-0.6,preference_control,-7.375,-8.5,-7.3828125,-8.47509765625,-7.3828125,-8.47509765625,-7.928955078125,0.546142578125,-7.375,-8.5,-7.9375,0.5625
qwen25_7b,18,neutral_opposite::neutral::010,neutral_opposite,neutral_opposite,neutral,opposite,-0.4,preference_control,-7.125,-8.5,-7.15625,-8.515625,-7.15625,-8.515625,-7.8359375,0.6796875,-7.125,-8.5,-7.8125,0.6875
qwen25_7b,18,neutral_opposite::neutral::010,neutral_opposite,neutral_opposite,neutral,opposite,-0.2,preference_control,-6.375,-8.25,-6.375,-8.2216796875,-6.375,-8.2216796875,-7.29833984375,0.92333984375,-6.375,-8.25,-7.3125,0.9375
qwen25_7b,18,neutral_opposite::neutral::010,neutral_opposite,neutral_opposite,neutral,opposite,0.0,preference_control,-5.0,-7.875,-5.0078125,-7.890625,-5.0078125,-7.890625,-6.44921875,1.44140625,-5.0,-7.875,-6.4375,1.4375
qwen25_7b,18,neutral_opposite::neutral::010,neutral_opposite,neutral_opposite,neutral,opposite,0.2,preference_control,-3.375,-8.0,-3.375,-7.97265625,-3.375,-7.97265625,-5.673828125,2.298828125,-3.375,-8.0,-5.6875,2.3125
qwen25_7b,18,neutral_opposite::neutral::010,neutral_opposite,neutral_opposite,neutral,opposite,0.4,preference_control,-2.0,-7.875,-2.0,-7.8984375,-2.0,-7.8984375,-4.94921875,2.94921875,-2.0,-7.875,-4.9375,2.9375
qwen25_7b,18,neutral_opposite::neutral::010,neutral_opposite,neutral_opposite,neutral,opposite,0.6,preference_control,-0.125,-7.625,-0.125,-7.625,-0.125,-7.625,-3.875,3.75,-0.125,-7.625,-3.875,3.75
qwen25_7b,18,neutral_opposite::neutral::010,neutral_opposite,neutral_opposite,neutral,opposite,0.8,preference_control,1.625,-7.0,1.6171875,-7.0146484375,1.6171875,-7.0146484375,-2.69873046875,4.31591796875,1.625,-7.0,-2.6875,4.3125
qwen25_7b,18,neutral_opposite::neutral::010,neutral_opposite,neutral_opposite,neutral,opposite,1.0,preference_control,2.75,-5.75,2.744140625,-5.74951171875,2.744140625,-5.74951171875,-1.502685546875,4.246826171875,2.75,-5.75,-1.5,4.25
qwen25_7b,18,neutral_opposite::neutral::011,neutral_opposite,neutral_opposite,neutral,opposite,-1.0,preference_control,3.375,-2.25,3.380859375,-2.2421875,3.380859375,-2.2421875,0.5693359375,2.8115234375,3.375,-2.25,0.5625,2.8125
qwen25_7b,18,neutral_opposite::neutral::011,neutral_opposite,neutral_opposite,neutral,opposite,-0.8,preference_control,3.125,-1.5,3.125,-1.49609375,3.125,-1.49609375,0.814453125,2.310546875,3.125,-1.5,0.8125,2.3125
qwen25_7b,18,neutral_opposite::neutral::011,neutral_opposite,neutral_opposite,neutral,opposite,-0.6,preference_control,2.75,-1.125,2.7421875,-1.1171875,2.7421875,-1.1171875,0.8125,1.9296875,2.75,-1.125,0.8125,1.9375
qwen25_7b,18,neutral_opposite::neutral::011,neutral_opposite,neutral_opposite,neutral,opposite,-0.4,preference_control,1.5,-1.0,1.484375,-0.984375,1.484375,-0.984375,0.25,1.234375,1.5,-1.0,0.25,1.25
qwen25_7b,18,neutral_opposite::neutral::011,neutral_opposite,neutral_opposite,neutral,opposite,-0.2,preference_control,1.0,-1.5,1.0,-1.5,1.0,-1.5,-0.25,1.25,1.0,-1.5,-0.25,1.25
qwen25_7b,18,neutral_opposite::neutral::011,neutral_opposite,neutral_opposite,neutral,opposite,0.0,preference_control,0.5,-2.875,0.5,-2.875,0.5,-2.875,-1.1875,1.6875,0.5,-2.875,-1.1875,1.6875
qwen25_7b,18,neutral_opposite::neutral::011,neutral_opposite,neutral_opposite,neutral,opposite,0.2,preference_control,-0.375,-6.375,-0.3671875,-6.375,-0.3671875,-6.375,-3.37109375,3.00390625,-0.375,-6.375,-3.375,3.0
qwen25_7b,18,neutral_opposite::neutral::011,neutral_opposite,neutral_opposite,neutral,opposite,0.4,preference_control,0.0,-8.375,0.0,-8.3671875,0.0,-8.3671875,-4.18359375,4.18359375,0.0,-8.375,-4.1875,4.1875
qwen25_7b,18,neutral_opposite::neutral::011,neutral_opposite,neutral_opposite,neutral,opposite,0.6,preference_control,1.5,-8.875,1.5,-8.8514404296875,1.5,-8.8514404296875,-3.67572021484375,5.17572021484375,1.5,-8.875,-3.6875,5.1875
qwen25_7b,18,neutral_opposite::neutral::011,neutral_opposite,neutral_opposite,neutral,opposite,0.8,preference_control,3.25,-9.375,3.25439453125,-9.371658325195312,3.25439453125,-9.371658325195312,-3.058631896972656,6.313026428222656,3.25,-9.375,-3.0625,6.3125
qwen25_7b,18,neutral_opposite::neutral::011,neutral_opposite,neutral_opposite,neutral,opposite,1.0,preference_control,3.25,-10.375,3.242431640625,-10.374710083007812,3.242431640625,-10.374710083007812,-3.5661392211914062,6.808570861816406,3.25,-10.375,-3.5625,6.8125
qwen25_7b,18,neutral_opposite::neutral::012,neutral_opposite,neutral_opposite,neutral,opposite,-1.0,preference_control,-1.25,2.25,-1.251953125,2.2421875,-1.251953125,2.2421875,0.4951171875,-1.7470703125,-1.25,2.25,0.5,-1.75
qwen25_7b,18,neutral_opposite::neutral::012,neutral_opposite,neutral_opposite,neutral,opposite,-0.8,preference_control,-0.75,2.5,-0.751953125,2.4990234375,-0.751953125,2.4990234375,0.87353515625,-1.62548828125,-0.75,2.5,0.875,-1.625
qwen25_7b,18,neutral_opposite::neutral::012,neutral_opposite,neutral_opposite,neutral,opposite,-0.6,preference_control,-0.25,2.5,-0.25,2.4990234375,-0.25,2.4990234375,1.12451171875,-1.37451171875,-0.25,2.5,1.125,-1.375
qwen25_7b,18,neutral_opposite::neutral::012,neutral_opposite,neutral_opposite,neutral,opposite,-0.4,preference_control,1.25,2.5,1.25390625,2.4990234375,1.25390625,2.4990234375,1.87646484375,-0.62255859375,1.25,2.5,1.875,-0.625
qwen25_7b,18,neutral_opposite::neutral::012,neutral_opposite,neutral_opposite,neutral,opposite,-0.2,preference_control,2.75,2.0,2.74853515625,1.998046875,2.74853515625,1.998046875,2.373291015625,0.375244140625,2.75,2.0,2.375,0.375
qwen25_7b,18,neutral_opposite::neutral::012,neutral_opposite,neutral_opposite,neutral,opposite,0.0,preference_control,3.75,0.75,3.75732421875,0.75390625,3.75732421875,0.75390625,2.255615234375,1.501708984375,3.75,0.75,2.25,1.5
qwen25_7b,18,neutral_opposite::neutral::012,neutral_opposite,neutral_opposite,neutral,opposite,0.2,preference_control,6.5,0.0,6.498466491699219,0.0,6.498466491699219,0.0,3.2492332458496094,3.2492332458496094,6.5,0.0,3.25,3.25
qwen25_7b,18,neutral_opposite::neutral::012,neutral_opposite,neutral_opposite,neutral,opposite,0.4,preference_control,8.5,-1.0,8.49976921081543,-1.0,8.49976921081543,-1.0,3.749884605407715,4.749884605407715,8.5,-1.0,3.75,4.75
qwen25_7b,18,neutral_opposite::neutral::012,neutral_opposite,neutral_opposite,neutral,opposite,0.6,preference_control,9.75,-0.75,9.74988317489624,-0.75390625,9.74988317489624,-0.75390625,4.49798846244812,5.25189471244812,9.75,-0.75,4.5,5.25
qwen25_7b,18,neutral_opposite::neutral::012,neutral_opposite,neutral_opposite,neutral,opposite,0.8,preference_control,9.25,-0.25,9.249828338623049,-0.25,9.249828338623049,-0.25,4.499914169311523,4.749914169311523,9.25,-0.25,4.5,4.75
qwen25_7b,18,neutral_opposite::neutral::012,neutral_opposite,neutral_opposite,neutral,opposite,1.0,preference_control,7.75,0.5,7.749528884887695,0.498046875,7.749528884887695,0.498046875,4.123787879943848,3.625741004943848,7.75,0.5,4.125,3.625
qwen25_7b,18,neutral_opposite::neutral::013,neutral_opposite,neutral_opposite,neutral,opposite,-1.0,preference_control,-0.625,-7.5,-0.6249315738677979,-7.499423265457153,-0.6249315738677979,-7.499423265457153,-4.062177419662476,3.4372458457946777,-0.625,-7.5,-4.0625,3.4375
qwen25_7b,18,neutral_opposite::neutral::013,neutral_opposite,neutral_opposite,neutral,opposite,-0.8,preference_control,0.5,-7.625,0.4980716705322265,-7.624504327774048,0.4980716705322265,-7.624504327774048,-3.56321632862091,4.061287999153137,0.5,-7.625,-3.5625,4.0625
qwen25_7b,18,neutral_opposite::neutral::013,neutral_opposite,neutral_opposite,neutral,opposite,-0.6,preference_control,2.0,-7.375,1.9980509281158447,-7.374371290206909,1.9980509281158447,-7.374371290206909,-2.688160181045532,4.686211109161377,2.0,-7.375,-2.6875,4.6875
qwen25_7b,18,neutral_opposite::neutral::013,neutral_opposite,neutral_opposite,neutral,opposite,-0.4,preference_control,5.125,-7.125,5.119081258773804,-7.124168038368225,5.119081258773804,-7.124168038368225,-1.0025433897972107,6.121624648571014,5.125,-7.125,-1.0,6.125
qwen25_7b,18,neutral_opposite::neutral::013,neutral_opposite,neutral_opposite,neutral,opposite,-0.2,preference_control,9.375,-7.0,9.374913811683657,-6.999046325683594,9.374913811683657,-6.999046325683594,1.1879337430000303,8.186980068683624,9.375,-7.0,1.1875,8.1875
qwen25_7b,18,neutral_opposite::neutral::013,neutral_opposite,neutral_opposite,neutral,opposite,0.0,preference_control,14.5,-7.25,14.499998211860657,-7.249242901802063,14.499998211860657,-7.249242901802063,3.625377655029297,10.87462055683136,14.5,-7.25,3.625,10.875
qwen25_7b,18,neutral_opposite::neutral::013,neutral_opposite,neutral_opposite,neutral,opposite,0.2,preference_control,18.625,-8.375,18.62499845027924,-8.374734878540039,18.62499845027924,-8.374734878540039,5.125131785869598,13.499866664409636,18.625,-8.375,5.125,13.5
qwen25_7b,18,neutral_opposite::neutral::013,neutral_opposite,neutral_opposite,neutral,opposite,0.4,preference_control,20.5,-10.125,20.499998927116398,-10.12494170665741,20.499998927116398,-10.12494170665741,5.187528610229492,15.312470316886902,20.5,-10.125,5.1875,15.3125
qwen25_7b,18,neutral_opposite::neutral::013,neutral_opposite,neutral_opposite,neutral,opposite,0.6,preference_control,20.75,-10.375,20.74999976158142,-10.374947905540466,20.74999976158142,-10.374947905540466,5.187525928020477,15.562473833560944,20.75,-10.375,5.1875,15.5625
qwen25_7b,18,neutral_opposite::neutral::013,neutral_opposite,neutral_opposite,neutral,opposite,0.8,preference_control,20.25,-10.125,20.249999046325684,-10.124936699867249,20.249999046325684,-10.124936699867249,5.0625311732292175,15.187467873096466,20.25,-10.125,5.0625,15.1875
qwen25_7b,18,neutral_opposite::neutral::013,neutral_opposite,neutral_opposite,neutral,opposite,1.0,preference_control,20.125,-9.375,20.12499737739563,-9.374899864196776,20.12499737739563,-9.374899864196776,5.375048756599426,14.749948620796204,20.125,-9.375,5.375,14.75
qwen25_7b,18,neutral_opposite::neutral::014,neutral_opposite,neutral_opposite,neutral,opposite,-1.0,preference_control,0.5,-3.0,0.5039108991622925,-3.002925753593445,0.5039108991622925,-3.002925753593445,-1.2495074272155762,1.7534183263778689,0.5,-3.0,-1.25,1.75
qwen25_7b,18,neutral_opposite::neutral::014,neutral_opposite,neutral_opposite,neutral,opposite,-0.8,preference_control,1.5,-4.0,1.49609637260437,-4.009886264801025,1.49609637260437,-4.009886264801025,-1.2568949460983276,2.7529913187026978,1.5,-4.0,-1.25,2.75
qwen25_7b,18,neutral_opposite::neutral::014,neutral_opposite,neutral_opposite,neutral,opposite,-0.6,preference_control,3.0,-5.0,3.006350040435791,-4.991760015487671,3.006350040435791,-4.991760015487671,-0.99270498752594,3.999055027961731,3.0,-5.0,-1.0,4.0
qwen25_7b,18,neutral_opposite::neutral::014,neutral_opposite,neutral_opposite,neutral,opposite,-0.4,preference_control,6.125,-5.25,6.122073292732239,-5.243591547012329,6.122073292732239,-5.243591547012329,0.4392408728599548,5.682832419872284,6.125,-5.25,0.4375,5.6875
qwen25_7b,18,neutral_opposite::neutral::014,neutral_opposite,neutral_opposite,neutral,opposite,-0.2,preference_control,10.125,-5.5,10.124412059783936,-5.495117783546448,10.124412059783936,-5.495117783546448,2.314647138118744,7.809764921665192,10.125,-5.5,2.3125,7.8125
qwen25_7b,18,neutral_opposite::neutral::014,neutral_opposite,neutral_opposite,neutral,opposite,0.0,preference_control,12.625,-5.5,12.624377131462095,-5.494995713233948,12.624377131462095,-5.494995713233948,3.5646907091140747,9.059686422348022,12.625,-5.5,3.5625,9.0625
qwen25_7b,18,neutral_opposite::neutral::014,neutral_opposite,neutral_opposite,neutral,opposite,0.2,preference_control,14.875,-5.5,14.874491214752195,-5.49499499797821,14.874491214752195,-5.49499499797821,4.689748108386993,10.184743106365204,14.875,-5.5,4.6875,10.1875
qwen25_7b,18,neutral_opposite::neutral::014,neutral_opposite,neutral_opposite,neutral,opposite,0.4,preference_control,16.5,-4.5,16.49966061115265,-4.48742663860321,16.49966061115265,-4.48742663860321,6.006116986274719,10.49354362487793,16.5,-4.5,6.0,10.5
qwen25_7b,18,neutral_opposite::neutral::014,neutral_opposite,neutral_opposite,neutral,opposite,0.6,preference_control,17.25,-2.75,17.249631762504578,-2.746581673622132,17.249631762504578,-2.746581673622132,7.251525044441223,9.998106718063354,17.25,-2.75,7.25,10.0
qwen25_7b,18,neutral_opposite::neutral::014,neutral_opposite,neutral_opposite,neutral,opposite,0.8,preference_control,16.875,-0.75,16.874639630317688,-0.7480461597442627,16.874639630317688,-0.7480461597442627,8.063296735286713,8.811342895030975,16.875,-0.75,8.0625,8.8125
qwen25_7b,18,neutral_opposite::neutral::014,neutral_opposite,neutral_opposite,neutral,opposite,1.0,preference_control,16.25,0.0,16.249567985534668,2.7418136596679688e-06,16.249567985534668,2.7418136596679688e-06,8.124785363674164,8.124782621860504,16.25,0.0,8.125,8.125
qwen25_7b,18,neutral_opposite::neutral::015,neutral_opposite,neutral_opposite,neutral,opposite,-1.0,preference_control,-5.25,-6.875,-5.242889404296875,-6.873161315917969,-5.242889404296875,-6.873161315917969,-6.058025360107422,0.8151359558105469,-5.25,-6.875,-6.0625,0.8125
qwen25_7b,18,neutral_opposite::neutral::015,neutral_opposite,neutral_opposite,neutral,opposite,-0.8,preference_control,-5.25,-7.25,-5.24334716796875,-7.248626708984375,-5.24334716796875,-7.248626708984375,-6.2459869384765625,1.0026397705078125,-5.25,-7.25,-6.25,1.0
qwen25_7b,18,neutral_opposite::neutral::015,neutral_opposite,neutral_opposite,neutral,opposite,-0.6,preference_control,-4.375,-7.375,-4.36053466796875,-7.373748779296875,-4.36053466796875,-7.373748779296875,-5.8671417236328125,1.5066070556640625,-4.375,-7.375,-5.875,1.5
qwen25_7b,18,neutral_opposite::neutral::015,neutral_opposite,neutral_opposite,neutral,opposite,-0.4,preference_control,-2.375,-7.375,-2.37060546875,-7.373771667480469,-2.37060546875,-7.373771667480469,-4.872188568115234,2.5015830993652344,-2.375,-7.375,-4.875,2.5
qwen25_7b,18,neutral_opposite::neutral::015,neutral_opposite,neutral_opposite,neutral,opposite,-0.2,preference_control,1.25,-6.875,1.24609375,-6.8731842041015625,1.24609375,-6.8731842041015625,-2.813545227050781,4.059638977050781,1.25,-6.875,-2.8125,4.0625
qwen25_7b,18,neutral_opposite::neutral::015,neutral_opposite,neutral_opposite,neutral,opposite,0.0,preference_control,5.25,-5.875,5.24560546875,-5.871124267578125,5.24560546875,-5.871124267578125,-0.3127593994140625,5.558364868164063,5.25,-5.875,-0.3125,5.5625
qwen25_7b,18,neutral_opposite::neutral::015,neutral_opposite,neutral_opposite,neutral,opposite,0.2,preference_control,9.0,-3.5,8.9959716796875,-3.5003662109375,8.9959716796875,-3.5003662109375,2.747802734375,6.2481689453125,9.0,-3.5,2.75,6.25
qwen25_7b,18,neutral_opposite::neutral::015,neutral_opposite,neutral_opposite,neutral,opposite,0.4,preference_control,10.125,-1.75,10.122604370117188,-1.751953125,10.122604370117188,-1.751953125,4.185325622558594,5.937278747558594,10.125,-1.75,4.1875,5.9375
qwen25_7b,18,neutral_opposite::neutral::015,neutral_opposite,neutral_opposite,neutral,opposite,0.6,preference_control,10.875,-0.25,10.8729248046875,-0.25,10.8729248046875,-0.25,5.31146240234375,5.56146240234375,10.875,-0.25,5.3125,5.5625
qwen25_7b,18,neutral_opposite::neutral::015,neutral_opposite,neutral_opposite,neutral,opposite,0.8,preference_control,11.75,2.0,11.747955322265623,1.9990234375,11.747955322265623,1.9990234375,6.8734893798828125,4.8744659423828125,11.75,2.0,6.875,4.875
qwen25_7b,18,neutral_opposite::neutral::015,neutral_opposite,neutral_opposite,neutral,opposite,1.0,preference_control,12.625,4.875,12.624015808105469,4.86053466796875,12.624015808105469,4.86053466796875,8.74227523803711,3.88174057006836,12.625,4.875,8.75,3.875
qwen25_7b,18,neutral_opposite::neutral::016,neutral_opposite,neutral_opposite,neutral,opposite,-1.0,preference_control,1.625,0.0,1.621093511581421,-4.76837158203125e-06,1.621093511581421,-4.76837158203125e-06,0.8105443716049194,0.8105491399765015,1.625,0.0,0.8125,0.8125
qwen25_7b,18,neutral_opposite::neutral::016,neutral_opposite,neutral_opposite,neutral,opposite,-0.8,preference_control,2.25,-0.5,2.257812261581421,-0.4980493783950805,2.257812261581421,-0.4980493783950805,0.8798814415931702,1.3779308199882507,2.25,-0.5,0.875,1.375
qwen25_7b,18,neutral_opposite::neutral::016,neutral_opposite,neutral_opposite,neutral,opposite,-0.6,preference_control,2.625,-1.0,2.632812261581421,-1.0000016689300537,2.632812261581421,-1.0000016689300537,0.8164052963256836,1.8164069652557373,2.625,-1.0,0.8125,1.8125
qwen25_7b,18,neutral_opposite::neutral::016,neutral_opposite,neutral_opposite,neutral,opposite,-0.4,preference_control,4.375,-3.0,4.362182259559631,-2.9982926845550537,4.362182259559631,-2.9982926845550537,0.6819447875022888,3.6802374720573434,4.375,-3.0,0.6875,3.6875
qwen25_7b,18,neutral_opposite::neutral::016,neutral_opposite,neutral_opposite,neutral,opposite,-0.2,preference_control,7.375,-6.75,7.3741947412490845,-6.748803496360779,7.3741947412490845,-6.748803496360779,0.3126956224441528,7.061499118804932,7.375,-6.75,0.3125,7.0625
qwen25_7b,18,neutral_opposite::neutral::016,neutral_opposite,neutral_opposite,neutral,opposite,0.0,preference_control,10.125,-9.75,10.124900460243223,-9.749931454658508,10.124900460243223,-9.749931454658508,0.1874845027923584,9.937415957450868,10.125,-9.75,0.1875,9.9375
qwen25_7b,18,neutral_opposite::neutral::016,neutral_opposite,neutral_opposite,neutral,opposite,0.2,preference_control,13.375,-12.5,13.374994277954102,-12.49999463558197,13.374994277954102,-12.49999463558197,0.4374998211860657,12.937494456768036,13.375,-12.5,0.4375,12.9375
qwen25_7b,18,neutral_opposite::neutral::016,neutral_opposite,neutral_opposite,neutral,opposite,0.4,preference_control,16.0,-14.0,15.999998211860657,-13.999998450279236,15.999998211860657,-13.999998450279236,0.9999998807907104,14.999998331069946,16.0,-14.0,1.0,15.0
qwen25_7b,18,neutral_opposite::neutral::016,neutral_opposite,neutral_opposite,neutral,opposite,0.6,preference_control,18.0,-14.25,17.999998927116394,-14.249998688697817,17.999998927116394,-14.249998688697817,1.8750001192092896,16.124998807907104,18.0,-14.25,1.875,16.125
qwen25_7b,18,neutral_opposite::neutral::016,neutral_opposite,neutral_opposite,neutral,opposite,0.8,preference_control,19.375,-13.625,19.374999284744263,-13.624998331069946,19.374999284744263,-13.624998331069946,2.875000476837158,16.499998807907104,19.375,-13.625,2.875,16.5
qwen25_7b,18,neutral_opposite::neutral::016,neutral_opposite,neutral_opposite,neutral,opposite,1.0,preference_control,19.75,-13.125,19.749999046325684,-13.12499737739563,19.749999046325684,-13.12499737739563,3.312500834465027,16.437498211860657,19.75,-13.125,3.3125,16.4375
qwen25_7b,18,neutral_opposite::neutral::017,neutral_opposite,neutral_opposite,neutral,opposite,-1.0,preference_control,5.625,4.75,5.620452880859375,4.7410888671875,5.620452880859375,4.7410888671875,5.1807708740234375,0.4396820068359375,5.625,4.75,5.1875,0.4375
qwen25_7b,18,neutral_opposite::neutral::017,neutral_opposite,neutral_opposite,neutral,opposite,-0.8,preference_control,5.125,3.75,5.117950439453125,3.7578125,5.117950439453125,3.7578125,4.4378814697265625,0.6800689697265625,5.125,3.75,4.4375,0.6875
qwen25_7b,18,neutral_opposite::neutral::017,neutral_opposite,neutral_opposite,neutral,opposite,-0.6,preference_control,4.25,1.375,4.2645263671875,1.3759765625,4.2645263671875,1.3759765625,2.82025146484375,1.44427490234375,4.25,1.375,2.8125,1.4375
qwen25_7b,18,neutral_opposite::neutral::017,neutral_opposite,neutral_opposite,neutral,opposite,-0.4,preference_control,4.75,-1.875,4.73626708984375,-1.8720703125,4.73626708984375,-1.8720703125,1.432098388671875,3.304168701171875,4.75,-1.875,1.4375,3.3125
qwen25_7b,18,neutral_opposite::neutral::017,neutral_opposite,neutral_opposite,neutral,opposite,-0.2,preference_control,7.375,-7.625,7.36907958984375,-7.624202728271484,7.36907958984375,-7.624202728271484,-0.1275615692138672,7.496641159057617,7.375,-7.625,-0.125,7.5
qwen25_7b,18,neutral_opposite::neutral::017,neutral_opposite,neutral_opposite,neutral,opposite,0.0,preference_control,10.75,-11.125,10.748085021972656,-11.124885082244871,10.748085021972656,-11.124885082244871,-0.1884000301361084,10.936485052108765,10.75,-11.125,-0.1875,10.9375
qwen25_7b,18,neutral_opposite::neutral::017,neutral_opposite,neutral_opposite,neutral,opposite,0.2,preference_control,12.875,-13.25,12.87469482421875,-13.249974727630615,12.87469482421875,-13.249974727630615,-0.1876399517059326,13.062334775924684,12.875,-13.25,-0.1875,13.0625
qwen25_7b,18,neutral_opposite::neutral::017,neutral_opposite,neutral_opposite,neutral,opposite,0.4,preference_control,13.875,-14.125,13.874880313873293,-14.12498903274536,13.874880313873293,-14.12498903274536,-0.1250543594360351,13.999934673309326,13.875,-14.125,-0.125,14.0
qwen25_7b,18,neutral_opposite::neutral::017,neutral_opposite,neutral_opposite,neutral,opposite,0.6,preference_control,14.75,-13.25,14.749811172485352,-13.249979734420776,14.749811172485352,-13.249979734420776,0.7499157190322876,13.999895453453064,14.75,-13.25,0.75,14.0
qwen25_7b,18,neutral_opposite::neutral::017,neutral_opposite,neutral_opposite,neutral,opposite,0.8,preference_control,15.625,-13.25,15.62476634979248,-13.249972105026243,15.62476634979248,-13.249972105026243,1.1873971223831177,14.437369227409365,15.625,-13.25,1.1875,14.4375
qwen25_7b,18,neutral_opposite::neutral::017,neutral_opposite,neutral_opposite,neutral,opposite,1.0,preference_control,16.25,-13.25,16.249849319458008,-13.249965906143188,16.249849319458008,-13.249965906143188,1.4999417066574097,14.749907612800598,16.25,-13.25,1.5,14.75
qwen25_7b,18,neutral_opposite::neutral::018,neutral_opposite,neutral_opposite,neutral,opposite,-1.0,preference_control,-2.25,-3.25,-2.2431640625,-3.242431640625,-2.2431640625,-3.242431640625,-2.7427978515625,0.4996337890625,-2.25,-3.25,-2.75,0.5
qwen25_7b,18,neutral_opposite::neutral::018,neutral_opposite,neutral_opposite,neutral,opposite,-0.8,preference_control,-1.5,-2.5,-1.501953125,-2.498046875,-1.501953125,-2.498046875,-2.0,0.498046875,-1.5,-2.5,-2.0,0.5
qwen25_7b,18,neutral_opposite::neutral::018,neutral_opposite,neutral_opposite,neutral,opposite,-0.6,preference_control,0.5,-2.5,0.498046875,-2.4970703125,0.498046875,-2.4970703125,-0.99951171875,1.49755859375,0.5,-2.5,-1.0,1.5
qwen25_7b,18,neutral_opposite::neutral::018,neutral_opposite,neutral_opposite,neutral,opposite,-0.4,preference_control,4.25,-3.5,4.23565673828125,-3.499267578125,4.23565673828125,-3.499267578125,0.368194580078125,3.867462158203125,4.25,-3.5,0.375,3.875
qwen25_7b,18,neutral_opposite::neutral::018,neutral_opposite,neutral_opposite,neutral,opposite,-0.2,preference_control,9.875,-6.5,9.874849319458008,-6.497314453125,9.874849319458008,-6.497314453125,1.688767433166504,8.186081886291504,9.875,-6.5,1.6875,8.1875
qwen25_7b,18,neutral_opposite::neutral::018,neutral_opposite,neutral_opposite,neutral,opposite,0.0,preference_control,13.125,-9.125,13.124889850616457,-9.12397003173828,13.124889850616457,-9.12397003173828,2.000459909439087,11.124429941177368,13.125,-9.125,2.0,11.125
qwen25_7b,18,neutral_opposite::neutral::018,neutral_opposite,neutral_opposite,neutral,opposite,0.2,preference_control,14.875,-11.375,14.87489652633667,-11.374427795410156,14.87489652633667,-11.374427795410156,1.7502343654632568,13.124662160873411,14.875,-11.375,1.75,13.125
qwen25_7b,18,neutral_opposite::neutral::018,neutral_opposite,neutral_opposite,neutral,opposite,0.4,preference_control,15.25,-12.5,15.24986743927002,-12.49907684326172,15.24986743927002,-12.49907684326172,1.3753952980041504,13.87447214126587,15.25,-12.5,1.375,13.875
qwen25_7b,18,neutral_opposite::neutral::018,neutral_opposite,neutral_opposite,neutral,opposite,0.6,preference_control,15.5,-13.25,15.499616622924805,-13.24591064453125,15.499616622924805,-13.24591064453125,1.1268529891967771,14.372763633728027,15.5,-13.25,1.125,14.375
qwen25_7b,18,neutral_opposite::neutral::018,neutral_opposite,neutral_opposite,neutral,opposite,0.8,preference_control,16.125,-13.625,16.124225616455078,-13.6068115234375,16.124225616455078,-13.6068115234375,1.258707046508789,14.865518569946287,16.125,-13.625,1.25,14.875
qwen25_7b,18,neutral_opposite::neutral::018,neutral_opposite,neutral_opposite,neutral,opposite,1.0,preference_control,15.75,-13.875,15.748992919921877,-13.8568115234375,15.748992919921877,-13.8568115234375,0.9460906982421876,14.802902221679688,15.75,-13.875,0.9375,14.8125
qwen25_7b,18,neutral_opposite::neutral::019,neutral_opposite,neutral_opposite,neutral,opposite,-1.0,preference_control,5.5,-1.125,5.50390625,-1.126953125,5.50390625,-1.126953125,2.1884765625,3.3154296875,5.5,-1.125,2.1875,3.3125
qwen25_7b,18,neutral_opposite::neutral::019,neutral_opposite,neutral_opposite,neutral,opposite,-0.8,preference_control,6.5,-2.875,6.5009765625,-2.8701171875,6.5009765625,-2.8701171875,1.8154296875,4.685546875,6.5,-2.875,1.8125,4.6875
qwen25_7b,18,neutral_opposite::neutral::019,neutral_opposite,neutral_opposite,neutral,opposite,-0.6,preference_control,7.5,-3.875,7.4892578125,-3.8720703125,7.4892578125,-3.8720703125,1.80859375,5.6806640625,7.5,-3.875,1.8125,5.6875
qwen25_7b,18,neutral_opposite::neutral::019,neutral_opposite,neutral_opposite,neutral,opposite,-0.4,preference_control,8.375,-5.875,8.39013671875,-5.8876953125,8.39013671875,-5.8876953125,1.251220703125,7.138916015625,8.375,-5.875,1.25,7.125
qwen25_7b,18,neutral_opposite::neutral::019,neutral_opposite,neutral_opposite,neutral,opposite,-0.2,preference_control,8.875,-7.375,8.85546875,-7.38037109375,8.85546875,-7.38037109375,0.737548828125,8.117919921875,8.875,-7.375,0.75,8.125
qwen25_7b,18,neutral_opposite::neutral::019,neutral_opposite,neutral_opposite,neutral,opposite,0.0,preference_control,9.625,-9.5,9.61981201171875,-9.49151611328125,9.61981201171875,-9.49151611328125,0.06414794921875,9.5556640625,9.625,-9.5,0.0625,9.5625
qwen25_7b,18,neutral_opposite::neutral::019,neutral_opposite,neutral_opposite,neutral,opposite,0.2,preference_control,10.625,-11.875,10.624210357666016,-11.873001098632812,10.624210357666016,-11.873001098632812,-0.6243953704833984,11.248605728149414,10.625,-11.875,-0.625,11.25
qwen25_7b,18,neutral_opposite::neutral::019,neutral_opposite,neutral_opposite,neutral,opposite,0.4,preference_control,11.5,-12.625,11.499578475952148,-12.624141693115234,11.499578475952148,-12.624141693115234,-0.562281608581543,12.061860084533691,11.5,-12.625,-0.5625,12.0625
qwen25_7b,18,neutral_opposite::neutral::019,neutral_opposite,neutral_opposite,neutral,opposite,0.6,preference_control,12.0,-12.25,11.999547958374023,-12.249252319335938,11.999547958374023,-12.249252319335938,-0.124852180480957,12.12440013885498,12.0,-12.25,-0.125,12.125
qwen25_7b,18,neutral_opposite::neutral::019,neutral_opposite,neutral_opposite,neutral,opposite,0.8,preference_control,12.5,-12.375,12.499340057373049,-12.374412536621094,12.499340057373049,-12.374412536621094,0.0624637603759765,12.43687629699707,12.5,-12.375,0.0625,12.4375
qwen25_7b,18,neutral_opposite::neutral::019,neutral_opposite,neutral_opposite,neutral,opposite,1.0,preference_control,12.625,-11.875,12.623878479003906,-11.87430191040039,12.623878479003906,-11.87430191040039,0.3747882843017578,12.249090194702148,12.625,-11.875,0.375,12.25
qwen25_7b,18,neutral_opposite::neutral::020,neutral_opposite,neutral_opposite,neutral,opposite,-1.0,preference_control,-5.0,-6.125,-4.988525390625,-6.12158203125,-4.988525390625,-6.12158203125,-5.5550537109375,0.5665283203125,-5.0,-6.125,-5.5625,0.5625
qwen25_7b,18,neutral_opposite::neutral::020,neutral_opposite,neutral_opposite,neutral,opposite,-0.8,preference_control,-4.125,-6.375,-4.112060546875,-6.365478515625,-4.112060546875,-6.365478515625,-5.23876953125,1.126708984375,-4.125,-6.375,-5.25,1.125
qwen25_7b,18,neutral_opposite::neutral::020,neutral_opposite,neutral_opposite,neutral,opposite,-0.6,preference_control,-2.5,-6.375,-2.50244140625,-6.38623046875,-2.50244140625,-6.38623046875,-4.4443359375,1.94189453125,-2.5,-6.375,-4.4375,1.9375
qwen25_7b,18,neutral_opposite::neutral::020,neutral_opposite,neutral_opposite,neutral,opposite,-0.4,preference_control,0.25,-5.625,0.25,-5.63427734375,0.25,-5.63427734375,-2.692138671875,2.942138671875,0.25,-5.625,-2.6875,2.9375
qwen25_7b,18,neutral_opposite::neutral::020,neutral_opposite,neutral_opposite,neutral,opposite,-0.2,preference_control,5.875,-5.5,5.88916015625,-5.509033203125,5.88916015625,-5.509033203125,0.1900634765625,5.6990966796875,5.875,-5.5,0.1875,5.6875
qwen25_7b,18,neutral_opposite::neutral::020,neutral_opposite,neutral_opposite,neutral,opposite,0.0,preference_control,11.25,-5.75,11.244720458984377,-5.73541259765625,11.244720458984377,-5.73541259765625,2.7546539306640625,8.490066528320312,11.25,-5.75,2.75,8.5
qwen25_7b,18,neutral_opposite::neutral::020,neutral_opposite,neutral_opposite,neutral,opposite,0.2,preference_control,15.5,-5.75,15.499080657958984,-5.745208740234375,15.499080657958984,-5.745208740234375,4.876935958862305,10.62214469909668,15.5,-5.75,4.875,10.625
qwen25_7b,18,neutral_opposite::neutral::020,neutral_opposite,neutral_opposite,neutral,opposite,0.4,preference_control,16.0,-6.0,15.998817443847656,-5.996246337890625,15.998817443847656,-5.996246337890625,5.001285552978516,10.99753189086914,16.0,-6.0,5.0,11.0
qwen25_7b,18,neutral_opposite::neutral::020,neutral_opposite,neutral_opposite,neutral,opposite,0.6,preference_control,15.625,-6.25,15.623054504394531,-6.2464447021484375,15.623054504394531,-6.2464447021484375,4.688304901123047,10.934749603271484,15.625,-6.25,4.6875,10.9375
qwen25_7b,18,neutral_opposite::neutral::020,neutral_opposite,neutral_opposite,neutral,opposite,0.8,preference_control,14.875,-5.75,14.872512817382812,-5.745819091796875,14.872512817382812,-5.745819091796875,4.563346862792969,10.309165954589844,14.875,-5.75,4.5625,10.3125
qwen25_7b,18,neutral_opposite::neutral::020,neutral_opposite,neutral_opposite,neutral,opposite,1.0,preference_control,14.125,-5.25,14.124069213867188,-5.244384765625,14.124069213867188,-5.244384765625,4.439842224121094,9.684226989746094,14.125,-5.25,4.4375,9.6875
qwen25_7b,18,neutral_opposite::neutral::021,neutral_opposite,neutral_opposite,neutral,opposite,-1.0,preference_control,-1.625,-6.125,-1.6171863079071045,-6.12658679485321,-1.6171863079071045,-6.12658679485321,-3.8718865513801575,2.254700243473053,-1.625,-6.125,-3.875,2.25
qwen25_7b,18,neutral_opposite::neutral::021,neutral_opposite,neutral_opposite,neutral,opposite,-0.8,preference_control,-2.125,-7.125,-2.132810354232788,-7.112975835800171,-2.132810354232788,-7.112975835800171,-4.62289309501648,2.4900827407836914,-2.125,-7.125,-4.625,2.5
qwen25_7b,18,neutral_opposite::neutral::021,neutral_opposite,neutral_opposite,neutral,opposite,-0.6,preference_control,-2.125,-8.375,-2.132808566093445,-8.370391607284546,-2.132808566093445,-8.370391607284546,-5.251600086688995,3.1187915205955505,-2.125,-8.375,-5.25,3.125
qwen25_7b,18,neutral_opposite::neutral::021,neutral_opposite,neutral_opposite,neutral,opposite,-0.4,preference_control,-1.0,-8.75,-1.0019488334655762,-8.747252941131592,-1.0019488334655762,-8.747252941131592,-4.874600887298584,3.872652053833008,-1.0,-8.75,-4.875,3.875
qwen25_7b,18,neutral_opposite::neutral::021,neutral_opposite,neutral_opposite,neutral,opposite,-0.2,preference_control,4.625,-8.25,4.612308382987976,-8.24858820438385,4.612308382987976,-8.24858820438385,-1.818139910697937,6.430448293685913,4.625,-8.25,-1.8125,6.4375
qwen25_7b,18,neutral_opposite::neutral::021,neutral_opposite,neutral_opposite,neutral,opposite,0.0,preference_control,14.0,-7.0,13.999767780303957,-6.99846625328064,13.999767780303957,-6.99846625328064,3.5006507635116577,10.499117016792296,14.0,-7.0,3.5,10.5
qwen25_7b,18,neutral_opposite::neutral::021,neutral_opposite,neutral_opposite,neutral,opposite,0.2,preference_control,21.0,-4.75,20.999968886375427,-4.740905523300171,20.999968886375427,-4.740905523300171,8.129531681537628,12.8704372048378,21.0,-4.75,8.125,12.875
qwen25_7b,18,neutral_opposite::neutral::021,neutral_opposite,neutral_opposite,neutral,opposite,0.4,preference_control,23.875,-2.5,23.87497091293335,-2.498534917831421,23.87497091293335,-2.498534917831421,10.688217997550964,13.186752915382383,23.875,-2.5,10.6875,13.1875
qwen25_7b,18,neutral_opposite::neutral::021,neutral_opposite,neutral_opposite,neutral,opposite,0.6,preference_control,26.375,-0.25,26.37496030330658,-0.2499996423721313,26.37496030330658,-0.2499996423721313,13.062480330467224,13.312479972839355,26.375,-0.25,13.0625,13.3125
qwen25_7b,18,neutral_opposite::neutral::021,neutral_opposite,neutral_opposite,neutral,opposite,0.8,preference_control,27.0625,2.75,27.12494027614593,2.750244617462158,27.12494027614593,2.750244617462158,14.937592446804048,12.187347829341888,27.0625,2.75,14.90625,12.15625
qwen25_7b,18,neutral_opposite::neutral::021,neutral_opposite,neutral_opposite,neutral,opposite,1.0,preference_control,26.0,7.25,25.999915838241577,7.24923849105835,25.999915838241577,7.24923849105835,16.624577164649963,9.375338673591614,26.0,7.25,16.625,9.375
qwen25_7b,18,neutral_opposite::neutral::022,neutral_opposite,neutral_opposite,neutral,opposite,-1.0,preference_control,1.125,6.125,1.123046875,6.11578369140625,1.123046875,6.11578369140625,3.619415283203125,-2.496368408203125,1.125,6.125,3.625,-2.5
qwen25_7b,18,neutral_opposite::neutral::022,neutral_opposite,neutral_opposite,neutral,opposite,-0.8,preference_control,0.875,5.75,0.876953125,5.7447509765625,0.876953125,5.7447509765625,3.31085205078125,-2.43389892578125,0.875,5.75,3.3125,-2.4375
qwen25_7b,18,neutral_opposite::neutral::022,neutral_opposite,neutral_opposite,neutral,opposite,-0.6,preference_control,0.75,5.875,0.75390625,5.871307373046875,0.75390625,5.871307373046875,3.312606811523437,-2.558700561523437,0.75,5.875,3.3125,-2.5625
qwen25_7b,18,neutral_opposite::neutral::022,neutral_opposite,neutral_opposite,neutral,opposite,-0.4,preference_control,0.625,5.25,0.625,5.24365234375,0.625,5.24365234375,2.934326171875,-2.309326171875,0.625,5.25,2.9375,-2.3125
qwen25_7b,18,neutral_opposite::neutral::022,neutral_opposite,neutral_opposite,neutral,opposite,-0.2,preference_control,0.5,3.875,0.498046875,3.8690185546875,0.498046875,3.8690185546875,2.18353271484375,-1.68548583984375,0.5,3.875,2.1875,-1.6875
qwen25_7b,18,neutral_opposite::neutral::022,neutral_opposite,neutral_opposite,neutral,opposite,0.0,preference_control,0.75,2.0,0.75390625,1.9970703125,0.75390625,1.9970703125,1.37548828125,-0.62158203125,0.75,2.0,1.375,-0.625
qwen25_7b,18,neutral_opposite::neutral::022,neutral_opposite,neutral_opposite,neutral,opposite,0.2,preference_control,1.25,1.5,1.248046875,1.501953125,1.248046875,1.501953125,1.375,-0.126953125,1.25,1.5,1.375,-0.125
qwen25_7b,18,neutral_opposite::neutral::022,neutral_opposite,neutral_opposite,neutral,opposite,0.4,preference_control,1.25,1.75,1.248046875,1.75390625,1.248046875,1.75390625,1.5009765625,-0.2529296875,1.25,1.75,1.5,-0.25
qwen25_7b,18,neutral_opposite::neutral::022,neutral_opposite,neutral_opposite,neutral,opposite,0.6,preference_control,0.0,1.75,0.0,1.75390625,0.0,1.75390625,0.876953125,-0.876953125,0.0,1.75,0.875,-0.875
qwen25_7b,18,neutral_opposite::neutral::022,neutral_opposite,neutral_opposite,neutral,opposite,0.8,preference_control,-2.0,2.25,-1.998046875,2.24365234375,-1.998046875,2.24365234375,0.122802734375,-2.120849609375,-2.0,2.25,0.125,-2.125
qwen25_7b,18,neutral_opposite::neutral::022,neutral_opposite,neutral_opposite,neutral,opposite,1.0,preference_control,-4.5,3.0,-4.4888916015625,2.998291015625,-4.4888916015625,2.998291015625,-0.74530029296875,-3.74359130859375,-4.5,3.0,-0.75,-3.75
qwen25_7b,18,neutral_opposite::neutral::023,neutral_opposite,neutral_opposite,neutral,opposite,-1.0,preference_control,3.625,-0.625,3.619140863418579,-0.6210936307907104,3.619140863418579,-0.6210936307907104,1.4990236163139343,2.1201172471046448,3.625,-0.625,1.5,2.125
qwen25_7b,18,neutral_opposite::neutral::023,neutral_opposite,neutral_opposite,neutral,opposite,-0.8,preference_control,5.625,-1.0,5.618805170059204,-0.9960936307907104,5.618805170059204,-0.9960936307907104,2.311355769634247,3.3074494004249573,5.625,-1.0,2.3125,3.3125
qwen25_7b,18,neutral_opposite::neutral::023,neutral_opposite,neutral_opposite,neutral,opposite,-0.6,preference_control,6.75,-1.75,6.747040152549744,-1.7509764432907104,6.747040152549744,-1.7509764432907104,2.4980318546295166,4.249008297920227,6.75,-1.75,2.5,4.25
qwen25_7b,18,neutral_opposite::neutral::023,neutral_opposite,neutral_opposite,neutral,opposite,-0.4,preference_control,8.625,-2.375,8.624008417129517,-2.3784178495407104,8.624008417129517,-2.3784178495407104,3.122795283794403,5.5012131333351135,8.625,-2.375,3.125,5.5
qwen25_7b,18,neutral_opposite::neutral::023,neutral_opposite,neutral_opposite,neutral,opposite,-0.2,preference_control,10.25,-3.0,10.24938988685608,-2.9973143339157104,10.24938988685608,-2.9973143339157104,3.626037776470184,6.623352110385895,10.25,-3.0,3.625,6.625
qwen25_7b,18,neutral_opposite::neutral::023,neutral_opposite,neutral_opposite,neutral,opposite,0.0,preference_control,11.75,-4.0,11.749795198440552,-4.0126951932907104,11.749795198440552,-4.0126951932907104,3.8685500025749207,7.881245195865631,11.75,-4.0,3.875,7.875
qwen25_7b,18,neutral_opposite::neutral::023,neutral_opposite,neutral_opposite,neutral,opposite,0.2,preference_control,12.75,-4.75,12.749958157539368,-4.74133288860321,12.749958157539368,-4.74133288860321,4.004312634468079,8.745645523071289,12.75,-4.75,4.0,8.75
qwen25_7b,18,neutral_opposite::neutral::023,neutral_opposite,neutral_opposite,neutral,opposite,0.4,preference_control,12.625,-5.5,12.624971747398376,-5.49591052532196,12.624971747398376,-5.49591052532196,3.564530611038208,9.060441136360168,12.625,-5.5,3.5625,9.0625
qwen25_7b,18,neutral_opposite::neutral::023,neutral_opposite,neutral_opposite,neutral,opposite,0.6,preference_control,12.375,-5.75,12.37496793270111,-5.7467803955078125,12.37496793270111,-5.7467803955078125,3.314093768596649,9.060874164104462,12.375,-5.75,3.3125,9.0625
qwen25_7b,18,neutral_opposite::neutral::023,neutral_opposite,neutral_opposite,neutral,opposite,0.8,preference_control,12.375,-5.5,12.37494683265686,-5.4958189725875854,12.37494683265686,-5.4958189725875854,3.439563930034637,8.935382902622223,12.375,-5.5,3.4375,8.9375
qwen25_7b,18,neutral_opposite::neutral::023,neutral_opposite,neutral_opposite,neutral,opposite,1.0,preference_control,12.875,-3.0,12.874869346618652,-2.9978026151657104,12.874869346618652,-2.9978026151657104,4.938533365726471,7.936335980892181,12.875,-3.0,4.9375,7.9375
qwen25_7b,18,valenced_nonopposite::affective::000,valenced_nonopposite,affective,valenced,nonopposite,-1.0,preference_control,-12.5,-10.75,-12.499953985214232,-10.74992823600769,-12.499953985214232,-10.74992823600769,-11.624941110610962,-0.8750128746032715,-12.5,-10.75,-11.625,-0.875
qwen25_7b,18,valenced_nonopposite::affective::000,valenced_nonopposite,affective,valenced,nonopposite,-0.8,preference_control,-13.75,-12.375,-13.749959111213684,-12.374983310699465,-13.749959111213684,-12.374983310699465,-13.062471210956572,-0.6874879002571106,-13.75,-12.375,-13.0625,-0.6875
qwen25_7b,18,valenced_nonopposite::affective::000,valenced_nonopposite,affective,valenced,nonopposite,-0.6,preference_control,-14.25,-13.375,-14.2499657869339,-13.374993801116943,-14.2499657869339,-13.374993801116943,-13.81247979402542,-0.4374859929084778,-14.25,-13.375,-13.8125,-0.4375
qwen25_7b,18,valenced_nonopposite::affective::000,valenced_nonopposite,affective,valenced,nonopposite,-0.4,preference_control,-13.625,-13.125,-13.624960899353027,-13.12499451637268,-13.624960899353027,-13.12499451637268,-13.374977707862854,-0.2499831914901733,-13.625,-13.125,-13.375,-0.25
qwen25_7b,18,valenced_nonopposite::affective::000,valenced_nonopposite,affective,valenced,nonopposite,-0.2,preference_control,-10.75,-11.5,-10.749943137168884,-11.499984860420229,-10.749943137168884,-11.499984860420229,-11.124963998794556,0.3750208616256714,-10.75,-11.5,-11.125,0.375
qwen25_7b,18,valenced_nonopposite::affective::000,valenced_nonopposite,affective,valenced,nonopposite,0.0,preference_control,-2.5,-7.125,-2.4989819526672363,-7.124178528785706,-2.4989819526672363,-7.124178528785706,-4.811580240726471,2.3125982880592346,-2.5,-7.125,-4.8125,2.3125
qwen25_7b,18,valenced_nonopposite::affective::000,valenced_nonopposite,affective,valenced,nonopposite,0.2,preference_control,9.75,3.75,9.749957203865051,3.7578139305114746,9.749957203865051,3.7578139305114746,6.753885567188263,2.9960716366767883,9.75,3.75,6.75,3.0
qwen25_7b,18,valenced_nonopposite::affective::000,valenced_nonopposite,affective,valenced,nonopposite,0.4,preference_control,12.625,9.875,12.6251380443573,9.874850034713743,12.6251380443573,9.874850034713743,11.249994039535522,1.3751440048217771,12.625,9.875,11.25,1.375
qwen25_7b,18,valenced_nonopposite::affective::000,valenced_nonopposite,affective,valenced,nonopposite,0.6,preference_control,14.0,13.625,14.000168204307556,13.624919652938845,14.000168204307556,13.624919652938845,13.8125439286232,0.1876242756843567,14.0,13.625,13.8125,0.1875
qwen25_7b,18,valenced_nonopposite::affective::000,valenced_nonopposite,affective,valenced,nonopposite,0.8,preference_control,16.25,17.25,16.25071346759796,17.250030636787415,16.25071346759796,17.250030636787415,16.750372052192688,-0.4996585845947265,16.25,17.25,16.75,-0.5
qwen25_7b,18,valenced_nonopposite::affective::000,valenced_nonopposite,affective,valenced,nonopposite,1.0,preference_control,18.375,18.875,18.381894946098328,18.87652540206909,18.381894946098328,18.87652540206909,18.62921017408371,-0.247315227985382,18.375,18.875,18.625,-0.25
qwen25_7b,18,valenced_nonopposite::affective::001,valenced_nonopposite,affective,valenced,nonopposite,-1.0,preference_control,-15.0,-14.125,-14.99988842010498,-14.124744415283203,-14.99988842010498,-14.124744415283203,-14.562316417694092,-0.4375720024108886,-15.0,-14.125,-14.5625,-0.4375
qwen25_7b,18,valenced_nonopposite::affective::001,valenced_nonopposite,affective,valenced,nonopposite,-0.8,preference_control,-15.25,-15.375,-15.249913692474363,-15.374872207641602,-15.249913692474363,-15.374872207641602,-15.312392950057983,0.0624792575836181,-15.25,-15.375,-15.3125,0.0625
qwen25_7b,18,valenced_nonopposite::affective::001,valenced_nonopposite,affective,valenced,nonopposite,-0.6,preference_control,-15.125,-15.75,-15.124902248382568,-15.749868392944336,-15.124902248382568,-15.749868392944336,-15.437385320663452,0.3124830722808838,-15.125,-15.75,-15.4375,0.3125
qwen25_7b,18,valenced_nonopposite::affective::001,valenced_nonopposite,affective,valenced,nonopposite,-0.4,preference_control,-14.0,-15.125,-13.999913215637209,-15.124852180480955,-13.999913215637209,-15.124852180480955,-14.562382698059082,0.562469482421875,-14.0,-15.125,-14.5625,0.5625
qwen25_7b,18,valenced_nonopposite::affective::001,valenced_nonopposite,affective,valenced,nonopposite,-0.2,preference_control,-10.125,-13.875,-10.124860763549805,-13.874831199645996,-10.124860763549805,-13.874831199645996,-11.9998459815979,1.874985218048096,-10.125,-13.875,-12.0,1.875
qwen25_7b,18,valenced_nonopposite::affective::001,valenced_nonopposite,affective,valenced,nonopposite,0.0,preference_control,-3.125,-11.625,-3.128662109375,-11.624873161315918,-3.128662109375,-11.624873161315918,-7.376767635345459,4.248105525970459,-3.125,-11.625,-7.375,4.25
qwen25_7b,18,valenced_nonopposite::affective::001,valenced_nonopposite,affective,valenced,nonopposite,0.2,preference_control,5.5,-7.5,5.495849609375,-7.499351501464844,5.495849609375,-7.499351501464844,-1.001750946044922,6.497600555419922,5.5,-7.5,-1.0,6.5
qwen25_7b,18,valenced_nonopposite::affective::001,valenced_nonopposite,affective,valenced,nonopposite,0.4,preference_control,9.25,-6.375,9.249858856201172,-6.373199462890625,9.249858856201172,-6.373199462890625,1.4383296966552734,7.811529159545898,9.25,-6.375,1.4375,7.8125
qwen25_7b,18,valenced_nonopposite::affective::001,valenced_nonopposite,affective,valenced,nonopposite,0.6,preference_control,12.375,-5.25,12.374964952468872,-5.244659423828125,12.374964952468872,-5.244659423828125,3.565152764320373,8.809812188148499,12.375,-5.25,3.5625,8.8125
qwen25_7b,18,valenced_nonopposite::affective::001,valenced_nonopposite,affective,valenced,nonopposite,0.8,preference_control,16.125,-2.75,16.124979257583618,-2.750244140625,16.124979257583618,-2.750244140625,6.687367558479309,9.437611699104307,16.125,-2.75,6.6875,9.4375
qwen25_7b,18,valenced_nonopposite::affective::001,valenced_nonopposite,affective,valenced,nonopposite,1.0,preference_control,18.875,2.25,18.874979853630062,2.24365234375,18.874979853630062,2.24365234375,10.559316098690031,8.315663754940033,18.875,2.25,10.5625,8.3125
qwen25_7b,18,valenced_nonopposite::affective::002,valenced_nonopposite,affective,valenced,nonopposite,-1.0,preference_control,-6.0,-8.5,-5.99786639213562,-8.501024842262268,-5.99786639213562,-8.501024842262268,-7.249445617198944,1.251579225063324,-6.0,-8.5,-7.25,1.25
qwen25_7b,18,valenced_nonopposite::affective::002,valenced_nonopposite,affective,valenced,nonopposite,-0.8,preference_control,-5.875,-10.375,-5.872373461723328,-10.375736594200134,-5.872373461723328,-10.375736594200134,-8.124055027961731,2.2516815662384038,-5.875,-10.375,-8.125,2.25
qwen25_7b,18,valenced_nonopposite::affective::002,valenced_nonopposite,affective,valenced,nonopposite,-0.6,preference_control,-5.125,-12.0,-5.119180798530579,-12.000494837760924,-5.119180798530579,-12.000494837760924,-8.559837818145752,3.4406570196151733,-5.125,-12.0,-8.5625,3.4375
qwen25_7b,18,valenced_nonopposite::affective::002,valenced_nonopposite,affective,valenced,nonopposite,-0.4,preference_control,-1.5,-12.25,-1.5020325183868408,-12.250386357307434,-1.5020325183868408,-12.250386357307434,-6.8762094378471375,5.374176919460297,-1.5,-12.25,-6.875,5.375
qwen25_7b,18,valenced_nonopposite::affective::002,valenced_nonopposite,affective,valenced,nonopposite,-0.2,preference_control,3.25,-10.75,3.2431507110595703,-10.750271081924438,3.2431507110595703,-10.750271081924438,-3.753560185432434,6.996710896492004,3.25,-10.75,-3.75,7.0
qwen25_7b,18,valenced_nonopposite::affective::002,valenced_nonopposite,affective,valenced,nonopposite,0.0,preference_control,8.875,-8.375,8.874768495559692,-8.375006675720215,8.874768495559692,-8.375006675720215,0.2498809099197387,8.624887585639954,8.875,-8.375,0.25,8.625
qwen25_7b,18,valenced_nonopposite::affective::002,valenced_nonopposite,affective,valenced,nonopposite,0.2,preference_control,14.125,-2.875,14.124958872795103,-2.8827364444732666,14.124958872795103,-2.8827364444732666,5.621111214160919,8.503847658634186,14.125,-2.875,5.625,8.5
qwen25_7b,18,valenced_nonopposite::affective::002,valenced_nonopposite,affective,valenced,nonopposite,0.4,preference_control,17.0,1.75,16.99996328353882,1.7537617683410645,16.99996328353882,1.7537617683410645,9.37686252593994,7.623100757598877,17.0,1.75,9.375,7.625
qwen25_7b,18,valenced_nonopposite::affective::002,valenced_nonopposite,affective,valenced,nonopposite,0.6,preference_control,20.875,5.5,20.87497699260712,5.49579668045044,20.87497699260712,5.49579668045044,13.185386836528778,7.689590156078339,20.875,5.5,13.1875,7.6875
qwen25_7b,18,valenced_nonopposite::affective::002,valenced_nonopposite,affective,valenced,nonopposite,0.8,preference_control,23.875,8.0,23.875000715255737,7.999534964561462,23.875000715255737,7.999534964561462,15.9372678399086,7.9377328753471375,23.875,8.0,15.9375,7.9375
qwen25_7b,18,valenced_nonopposite::affective::002,valenced_nonopposite,affective,valenced,nonopposite,1.0,preference_control,24.3125,7.75,24.375091910362244,7.749309778213501,24.375091910362244,7.749309778213501,16.062200844287872,8.312891066074371,24.3125,7.75,16.03125,8.28125
qwen25_7b,18,valenced_nonopposite::affective::003,valenced_nonopposite,affective,valenced,nonopposite,-1.0,preference_control,-16.125,-6.0,-16.12495183944702,-5.996285438537598,-16.12495183944702,-5.996285438537598,-11.06061863899231,-5.064333200454712,-16.125,-6.0,-11.0625,-5.0625
qwen25_7b,18,valenced_nonopposite::affective::003,valenced_nonopposite,affective,valenced,nonopposite,-0.8,preference_control,-16.25,-6.875,-16.249971866607666,-6.873687744140625,-16.249971866607666,-6.873687744140625,-11.561829805374146,-4.6881420612335205,-16.25,-6.875,-11.5625,-4.6875
qwen25_7b,18,valenced_nonopposite::affective::003,valenced_nonopposite,affective,valenced,nonopposite,-0.6,preference_control,-15.875,-7.375,-15.87498164176941,-7.374215126037598,-15.87498164176941,-7.374215126037598,-11.624598383903503,-4.250383257865906,-15.875,-7.375,-11.625,-4.25
qwen25_7b,18,valenced_nonopposite::affective::003,valenced_nonopposite,affective,valenced,nonopposite,-0.4,preference_control,-14.25,-7.375,-14.24997901916504,-7.37422776222229,-14.24997901916504,-7.37422776222229,-10.812103390693665,-3.4378756284713745,-14.25,-7.375,-10.8125,-3.4375
qwen25_7b,18,valenced_nonopposite::affective::003,valenced_nonopposite,affective,valenced,nonopposite,-0.2,preference_control,-8.125,-6.125,-8.124670386314392,-6.122651219367981,-8.124670386314392,-6.122651219367981,-7.1236608028411865,-1.0010095834732056,-8.125,-6.125,-7.125,-1.0
qwen25_7b,18,valenced_nonopposite::affective::003,valenced_nonopposite,affective,valenced,nonopposite,0.0,preference_control,2.375,-2.25,2.379414677619934,-2.24313485622406,2.379414677619934,-2.24313485622406,0.068139910697937,2.311274766921997,2.375,-2.25,0.0625,2.3125
qwen25_7b,18,valenced_nonopposite::affective::003,valenced_nonopposite,affective,valenced,nonopposite,0.2,preference_control,15.0,4.375,14.999980688095093,4.36220920085907,14.999980688095093,4.36220920085907,9.68109494447708,5.318885743618012,15.0,4.375,9.6875,5.3125
qwen25_7b,18,valenced_nonopposite::affective::003,valenced_nonopposite,affective,valenced,nonopposite,0.4,preference_control,18.5,9.625,18.499992847442627,9.624839782714844,18.499992847442627,9.624839782714844,14.062416315078735,4.437576532363892,18.5,9.625,14.0625,4.4375
qwen25_7b,18,valenced_nonopposite::affective::003,valenced_nonopposite,affective,valenced,nonopposite,0.6,preference_control,20.5,13.25,20.499987244606015,13.249948978424072,20.499987244606015,13.249948978424072,16.874968111515045,3.625019133090973,20.5,13.25,16.875,3.625
qwen25_7b,18,valenced_nonopposite::affective::003,valenced_nonopposite,affective,valenced,nonopposite,0.8,preference_control,22.375,15.875,22.374987721443176,15.87494134902954,22.374987721443176,15.87494134902954,19.12496453523636,3.2500231862068176,22.375,15.875,19.125,3.25
qwen25_7b,18,valenced_nonopposite::affective::003,valenced_nonopposite,affective,valenced,nonopposite,1.0,preference_control,23.8125,17.625,23.87498569488525,17.624924182891846,23.87498569488525,17.624924182891846,20.74995493888855,3.125030755996704,23.8125,17.625,20.71875,3.09375
qwen25_7b,18,valenced_nonopposite::affective::004,valenced_nonopposite,affective,valenced,nonopposite,-1.0,preference_control,-2.375,-3.75,-2.3793808221817017,-3.757813453674317,-2.3793808221817017,-3.757813453674317,-3.068597137928009,0.6892163157463074,-2.375,-3.75,-3.0625,0.6875
qwen25_7b,18,valenced_nonopposite::affective::004,valenced_nonopposite,affective,valenced,nonopposite,-0.8,preference_control,-2.25,-4.625,-2.243640899658203,-4.615174651145935,-2.243640899658203,-4.615174651145935,-3.429407775402069,1.185766875743866,-2.25,-4.625,-3.4375,1.1875
qwen25_7b,18,valenced_nonopposite::affective::004,valenced_nonopposite,affective,valenced,nonopposite,-0.6,preference_control,-1.875,-5.125,-1.873039722442627,-5.119019746780396,-1.873039722442627,-5.119019746780396,-3.4960297346115112,1.6229900121688845,-1.875,-5.125,-3.5,1.625
qwen25_7b,18,valenced_nonopposite::affective::004,valenced_nonopposite,affective,valenced,nonopposite,-0.4,preference_control,-0.875,-5.375,-0.8789017200469971,-5.370331406593323,-0.8789017200469971,-5.370331406593323,-3.12461656332016,2.245714843273163,-0.875,-5.375,-3.125,2.25
qwen25_7b,18,valenced_nonopposite::affective::004,valenced_nonopposite,affective,valenced,nonopposite,-0.2,preference_control,1.25,-4.75,1.2480510473251345,-4.741333365440369,1.2480510473251345,-4.741333365440369,-1.7466411590576172,2.9946922063827515,1.25,-4.75,-1.75,3.0
qwen25_7b,18,valenced_nonopposite::affective::004,valenced_nonopposite,affective,valenced,nonopposite,0.0,preference_control,4.75,-3.0,4.741337299346924,-2.9982911348342896,4.741337299346924,-2.9982911348342896,0.8715230822563171,3.869814217090607,4.75,-3.0,0.875,3.875
qwen25_7b,18,valenced_nonopposite::affective::004,valenced_nonopposite,affective,valenced,nonopposite,0.2,preference_control,11.75,0.25,11.749990224838257,0.2500004768371582,11.749990224838257,0.2500004768371582,5.999995350837708,5.749994874000549,11.75,0.25,6.0,5.75
qwen25_7b,18,valenced_nonopposite::affective::004,valenced_nonopposite,affective,valenced,nonopposite,0.4,preference_control,15.375,3.875,15.375000476837158,3.869996309280396,15.375000476837158,3.869996309280396,9.622498393058777,5.752502083778381,15.375,3.875,9.625,5.75
qwen25_7b,18,valenced_nonopposite::affective::004,valenced_nonopposite,affective,valenced,nonopposite,0.6,preference_control,18.125,7.625,18.12500524520874,7.624476790428162,18.12500524520874,7.624476790428162,12.874741017818453,5.250264227390289,18.125,7.625,12.875,5.25
qwen25_7b,18,valenced_nonopposite::affective::004,valenced_nonopposite,affective,valenced,nonopposite,0.8,preference_control,20.875,10.75,20.875059247016907,10.749975085258484,20.875059247016907,10.749975085258484,15.812517166137695,5.062542080879211,20.875,10.75,15.8125,5.0625
qwen25_7b,18,valenced_nonopposite::affective::004,valenced_nonopposite,affective,valenced,nonopposite,1.0,preference_control,22.6875,12.0,22.753475785255432,12.000054121017456,22.753475785255432,12.000054121017456,17.376764953136444,5.376710832118988,22.6875,12.0,17.34375,5.34375
qwen25_7b,18,valenced_nonopposite::affective::005,valenced_nonopposite,affective,valenced,nonopposite,-1.0,preference_control,-4.875,-6.25,-4.877532362937927,-6.242954850196838,-4.877532362937927,-6.242954850196838,-5.560243606567383,0.6827112436294556,-4.875,-6.25,-5.5625,0.6875
qwen25_7b,18,valenced_nonopposite::affective::005,valenced_nonopposite,affective,valenced,nonopposite,-0.8,preference_control,-4.625,-6.125,-4.630652904510498,-6.118351578712463,-4.630652904510498,-6.118351578712463,-5.374502241611481,0.7438493371009827,-4.625,-6.125,-5.375,0.75
qwen25_7b,18,valenced_nonopposite::affective::005,valenced_nonopposite,affective,valenced,nonopposite,-0.6,preference_control,-3.375,-5.25,-3.3696664571762085,-5.240911602973938,-3.3696664571762085,-5.240911602973938,-4.305289030075073,0.9356225728988647,-3.375,-5.25,-4.3125,0.9375
qwen25_7b,18,valenced_nonopposite::affective::005,valenced_nonopposite,affective,valenced,nonopposite,-0.4,preference_control,-2.0,-3.25,-1.9942641258239744,-3.255621194839477,-1.9942641258239744,-3.255621194839477,-2.624942660331726,0.6306785345077515,-2.0,-3.25,-2.625,0.625
qwen25_7b,18,valenced_nonopposite::affective::005,valenced_nonopposite,affective,valenced,nonopposite,-0.2,preference_control,1.125,-0.75,1.1288738250732422,-0.7519595623016357,1.1288738250732422,-0.7519595623016357,0.1884571313858032,0.940416693687439,1.125,-0.75,0.1875,0.9375
qwen25_7b,18,valenced_nonopposite::affective::005,valenced_nonopposite,affective,valenced,nonopposite,0.0,preference_control,6.375,1.75,6.3730562925338745,1.7538940906524658,6.3730562925338745,1.7538940906524658,4.06347519159317,2.3095811009407043,6.375,1.75,4.0625,2.3125
qwen25_7b,18,valenced_nonopposite::affective::005,valenced_nonopposite,affective,valenced,nonopposite,0.2,preference_control,13.625,4.625,13.624885320663452,4.615086436271668,13.624885320663452,4.615086436271668,9.11998587846756,4.504899442195892,13.625,4.625,9.125,4.5
qwen25_7b,18,valenced_nonopposite::affective::005,valenced_nonopposite,affective,valenced,nonopposite,0.4,preference_control,18.5,6.625,18.499879956245422,6.6235350370407104,18.499879956245422,6.6235350370407104,12.561707496643066,5.938172459602356,18.5,6.625,12.5625,5.9375
qwen25_7b,18,valenced_nonopposite::affective::005,valenced_nonopposite,affective,valenced,nonopposite,0.6,preference_control,20.875,8.125,20.87488114833832,8.124582648277283,20.87488114833832,8.124582648277283,14.4997318983078,6.375149250030518,20.875,8.125,14.5,6.375
qwen25_7b,18,valenced_nonopposite::affective::005,valenced_nonopposite,affective,valenced,nonopposite,0.8,preference_control,21.375,10.125,21.374898076057438,10.124863862991331,21.374898076057438,10.124863862991331,15.749880969524384,5.6250171065330505,21.375,10.125,15.75,5.625
qwen25_7b,18,valenced_nonopposite::affective::005,valenced_nonopposite,affective,valenced,nonopposite,1.0,preference_control,20.5,10.25,20.499938368797302,10.249886274337769,20.499938368797302,10.249886274337769,15.374912321567535,5.125026047229767,20.5,10.25,15.375,5.125
qwen25_7b,18,valenced_nonopposite::affective::006,valenced_nonopposite,affective,valenced,nonopposite,-1.0,preference_control,-10.25,-10.375,-10.249789953231812,-10.374917030334473,-10.249789953231812,-10.374917030334473,-10.312353491783142,0.0625635385513305,-10.25,-10.375,-10.3125,0.0625
qwen25_7b,18,valenced_nonopposite::affective::006,valenced_nonopposite,affective,valenced,nonopposite,-0.8,preference_control,-9.5,-11.5,-9.49976134300232,-11.49993884563446,-9.49976134300232,-11.49993884563446,-10.49985009431839,1.0000887513160706,-9.5,-11.5,-10.5,1.0
qwen25_7b,18,valenced_nonopposite::affective::006,valenced_nonopposite,affective,valenced,nonopposite,-0.6,preference_control,-8.25,-11.75,-8.249566078186035,-11.749956965446472,-8.249566078186035,-11.749956965446472,-9.999761521816254,1.7501954436302185,-8.25,-11.75,-10.0,1.75
qwen25_7b,18,valenced_nonopposite::affective::006,valenced_nonopposite,affective,valenced,nonopposite,-0.4,preference_control,-6.5,-11.625,-6.498317241668701,-11.62496268749237,-6.498317241668701,-11.62496268749237,-9.061639964580536,2.5633227229118347,-6.5,-11.625,-9.0625,2.5625
qwen25_7b,18,valenced_nonopposite::affective::006,valenced_nonopposite,affective,valenced,nonopposite,-0.2,preference_control,-3.25,-9.75,-3.2429659366607666,-9.74991250038147,-3.2429659366607666,-9.74991250038147,-6.496439218521118,3.253473281860352,-3.25,-9.75,-6.5,3.25
qwen25_7b,18,valenced_nonopposite::affective::006,valenced_nonopposite,affective,valenced,nonopposite,0.0,preference_control,1.25,-6.625,1.2483280897140503,-6.623649835586548,1.2483280897140503,-6.623649835586548,-2.687660872936249,3.935988962650299,1.25,-6.625,-2.6875,3.9375
qwen25_7b,18,valenced_nonopposite::affective::006,valenced_nonopposite,affective,valenced,nonopposite,0.2,preference_control,7.875,-2.0,7.874999284744263,-1.9980261325836184,7.874999284744263,-1.9980261325836184,2.9384865760803223,4.93651270866394,7.875,-2.0,2.9375,4.9375
qwen25_7b,18,valenced_nonopposite::affective::006,valenced_nonopposite,affective,valenced,nonopposite,0.4,preference_control,12.0,0.25,12.000308156013489,0.2500107288360595,12.000308156013489,0.2500107288360595,6.125159442424774,5.875148713588715,12.0,0.25,6.125,5.875
qwen25_7b,18,valenced_nonopposite::affective::006,valenced_nonopposite,affective,valenced,nonopposite,0.6,preference_control,16.0,1.75,16.00025463104248,1.7539085149765017,16.00025463104248,1.7539085149765017,8.877081573009491,7.1231730580329895,16.0,1.75,8.875,7.125
qwen25_7b,18,valenced_nonopposite::affective::006,valenced_nonopposite,affective,valenced,nonopposite,0.8,preference_control,19.25,3.125,19.25023818016052,3.1289050579071045,19.25023818016052,3.1289050579071045,11.189571619033812,8.060666561126709,19.25,3.125,11.1875,8.0625
qwen25_7b,18,valenced_nonopposite::affective::006,valenced_nonopposite,affective,valenced,nonopposite,1.0,preference_control,20.75,4.25,20.75037157535553,4.235836505889893,20.75037157535553,4.235836505889893,12.493104040622711,8.257267534732819,20.75,4.25,12.5,8.25
qwen25_7b,18,valenced_nonopposite::affective::007,valenced_nonopposite,affective,valenced,nonopposite,-1.0,preference_control,-3.5,-9.25,-3.5002154111862183,-9.244853377342224,-3.5002154111862183,-9.244853377342224,-6.372534394264221,2.872318983078003,-3.5,-9.25,-6.375,2.875
qwen25_7b,18,valenced_nonopposite::affective::007,valenced_nonopposite,affective,valenced,nonopposite,-0.8,preference_control,-3.5,-10.125,-3.500237464904785,-10.120501518249512,-3.500237464904785,-10.120501518249512,-6.810369491577148,3.3101320266723637,-3.5,-10.125,-6.8125,3.3125
qwen25_7b,18,valenced_nonopposite::affective::007,valenced_nonopposite,affective,valenced,nonopposite,-0.6,preference_control,-2.125,-10.375,-2.120101809501648,-10.371057510375977,-2.120101809501648,-10.371057510375977,-6.245579659938812,4.125477850437164,-2.125,-10.375,-6.25,4.125
qwen25_7b,18,valenced_nonopposite::affective::007,valenced_nonopposite,affective,valenced,nonopposite,-0.4,preference_control,2.5,-10.25,2.4975616931915283,-10.24684202671051,2.4975616931915283,-10.24684202671051,-3.874640166759491,6.372201859951019,2.5,-10.25,-3.875,6.375
qwen25_7b,18,valenced_nonopposite::affective::007,valenced_nonopposite,affective,valenced,nonopposite,-0.2,preference_control,11.5,-9.0,11.495885133743286,-8.997607707977295,11.495885133743286,-8.997607707977295,1.2491387128829956,10.24674642086029,11.5,-9.0,1.25,10.25
qwen25_7b,18,valenced_nonopposite::affective::007,valenced_nonopposite,affective,valenced,nonopposite,0.0,preference_control,19.25,-7.375,19.24589407444,-7.372835397720337,19.24589407444,-7.372835397720337,5.936529338359833,13.30936473608017,19.25,-7.375,5.9375,13.3125
qwen25_7b,18,valenced_nonopposite::affective::007,valenced_nonopposite,affective,valenced,nonopposite,0.2,preference_control,22.6875,-2.625,22.74475646018982,-2.631343126296997,22.74475646018982,-2.631343126296997,10.056706666946411,12.688049793243408,22.6875,-2.625,10.03125,12.65625
qwen25_7b,18,valenced_nonopposite::affective::007,valenced_nonopposite,affective,valenced,nonopposite,0.4,preference_control,24.375,4.125,24.37040400505066,4.140018343925476,24.37040400505066,4.140018343925476,14.255211174488068,10.115192830562592,24.375,4.125,14.25,10.125
qwen25_7b,18,valenced_nonopposite::affective::007,valenced_nonopposite,affective,valenced,nonopposite,0.6,preference_control,24.375,8.125,24.36916255950928,8.124515175819397,24.36916255950928,8.124515175819397,16.246838867664337,8.12232369184494,24.375,8.125,16.25,8.125
qwen25_7b,18,valenced_nonopposite::affective::007,valenced_nonopposite,affective,valenced,nonopposite,0.8,preference_control,23.375,9.875,23.367892026901245,9.87447726726532,23.367892026901245,9.87447726726532,16.621184647083282,6.746707379817963,23.375,9.875,16.625,6.75
qwen25_7b,18,valenced_nonopposite::affective::007,valenced_nonopposite,affective,valenced,nonopposite,1.0,preference_control,21.875,9.0,21.8681823015213,8.998757600784302,21.8681823015213,8.998757600784302,15.433469951152802,6.4347123503685,21.875,9.0,15.4375,6.4375
qwen25_7b,18,valenced_nonopposite::affective::008,valenced_nonopposite,affective,valenced,nonopposite,-1.0,preference_control,-13.0,-16.5,-12.999749183654783,-16.49949359893799,-12.999749183654783,-16.49949359893799,-14.749621391296388,1.7498722076416016,-13.0,-16.5,-14.75,1.75
qwen25_7b,18,valenced_nonopposite::affective::008,valenced_nonopposite,affective,valenced,nonopposite,-0.8,preference_control,-13.5,-17.75,-13.499815464019775,-17.74954128265381,-13.499815464019775,-17.74954128265381,-15.624678373336792,2.1248629093170166,-13.5,-17.75,-15.625,2.125
qwen25_7b,18,valenced_nonopposite::affective::008,valenced_nonopposite,affective,valenced,nonopposite,-0.6,preference_control,-13.625,-18.375,-13.624836921691896,-18.37463903427124,-13.624836921691896,-18.37463903427124,-15.999737977981567,2.374901056289673,-13.625,-18.375,-16.0,2.375
qwen25_7b,18,valenced_nonopposite::affective::008,valenced_nonopposite,affective,valenced,nonopposite,-0.4,preference_control,-13.25,-18.375,-13.249831914901732,-18.37470555305481,-13.249831914901732,-18.37470555305481,-15.812268733978271,2.562436819076538,-13.25,-18.375,-15.8125,2.5625
qwen25_7b,18,valenced_nonopposite::affective::008,valenced_nonopposite,affective,valenced,nonopposite,-0.2,preference_control,-9.5,-16.625,-9.49978256225586,-16.624740600585938,-9.49978256225586,-16.624740600585938,-13.062261581420898,3.562479019165039,-9.5,-16.625,-13.0625,3.5625
qwen25_7b,18,valenced_nonopposite::affective::008,valenced_nonopposite,affective,valenced,nonopposite,0.0,preference_control,-1.5,-13.75,-1.501842975616455,-13.749789476394652,-1.501842975616455,-13.749789476394652,-7.625816226005554,6.123973250389099,-1.5,-13.75,-7.625,6.125
qwen25_7b,18,valenced_nonopposite::affective::008,valenced_nonopposite,affective,valenced,nonopposite,0.2,preference_control,8.125,-7.625,8.124796390533447,-7.624311447143555,8.124796390533447,-7.624311447143555,0.2502424716949463,7.874553918838501,8.125,-7.625,0.25,7.875
qwen25_7b,18,valenced_nonopposite::affective::008,valenced_nonopposite,affective,valenced,nonopposite,0.4,preference_control,11.875,-3.0,11.875086784362791,-2.9981555938720703,11.875086784362791,-2.9981555938720703,4.438465595245361,7.436621189117432,11.875,-3.0,4.4375,7.4375
qwen25_7b,18,valenced_nonopposite::affective::008,valenced_nonopposite,affective,valenced,nonopposite,0.6,preference_control,14.625,1.25,14.625094413757324,1.248178482055664,14.625094413757324,1.248178482055664,7.936636447906494,6.68845796585083,14.625,1.25,7.9375,6.6875
qwen25_7b,18,valenced_nonopposite::affective::008,valenced_nonopposite,affective,valenced,nonopposite,0.8,preference_control,17.125,2.75,17.125187397003174,2.750655174255371,17.125187397003174,2.750655174255371,9.937921285629272,7.187266111373901,17.125,2.75,9.9375,7.1875
qwen25_7b,18,valenced_nonopposite::affective::008,valenced_nonopposite,affective,valenced,nonopposite,1.0,preference_control,18.375,1.75,18.37583196163177,1.7543010711669922,18.37583196163177,1.7543010711669922,10.065066516399384,8.310765445232391,18.375,1.75,10.0625,8.3125
qwen25_7b,18,valenced_nonopposite::affective::009,valenced_nonopposite,affective,valenced,nonopposite,-1.0,preference_control,-7.125,-6.625,-7.124122619628906,-6.623664975166321,-7.124122619628906,-6.623664975166321,-6.8738937973976135,-0.2502288222312927,-7.125,-6.625,-6.875,-0.25
qwen25_7b,18,valenced_nonopposite::affective::009,valenced_nonopposite,affective,valenced,nonopposite,-0.8,preference_control,-7.5,-6.25,-7.499391078948975,-6.248047828674316,-7.499391078948975,-6.248047828674316,-6.8737194538116455,-0.6256716251373291,-7.5,-6.25,-6.875,-0.625
qwen25_7b,18,valenced_nonopposite::affective::009,valenced_nonopposite,affective,valenced,nonopposite,-0.6,preference_control,-7.125,-5.5,-7.124145269393921,-5.495843410491943,-7.124145269393921,-5.495843410491943,-6.309994339942932,-0.8141509294509888,-7.125,-5.5,-6.3125,-0.8125
qwen25_7b,18,valenced_nonopposite::affective::009,valenced_nonopposite,affective,valenced,nonopposite,-0.4,preference_control,-5.625,-4.125,-5.621359586715698,-4.139886379241943,-5.621359586715698,-4.139886379241943,-4.880622982978821,-0.7407366037368774,-5.625,-4.125,-4.875,-0.75
qwen25_7b,18,valenced_nonopposite::affective::009,valenced_nonopposite,affective,valenced,nonopposite,-0.2,preference_control,-3.375,-2.375,-3.3725370168685918,-2.3793898820877075,-3.3725370168685918,-2.3793898820877075,-2.8759634494781494,-0.4965735673904419,-3.375,-2.375,-2.875,-0.5
qwen25_7b,18,valenced_nonopposite::affective::009,valenced_nonopposite,affective,valenced,nonopposite,0.0,preference_control,0.0,-1.0,1.5020370483398438e-05,-0.999995231628418,1.5020370483398438e-05,-0.999995231628418,-0.4999901056289673,0.5000051259994507,0.0,-1.0,-0.5,0.5
qwen25_7b,18,valenced_nonopposite::affective::009,valenced_nonopposite,affective,valenced,nonopposite,0.2,preference_control,4.5,1.0,4.488959550857544,1.0000033378601074,4.488959550857544,1.0000033378601074,2.7444814443588257,1.7444781064987185,4.5,1.0,2.75,1.75
qwen25_7b,18,valenced_nonopposite::affective::009,valenced_nonopposite,affective,valenced,nonopposite,0.4,preference_control,7.375,3.0,7.374370336532593,2.99829363822937,7.374370336532593,2.99829363822937,5.186331987380981,2.1880383491516118,7.375,3.0,5.1875,2.1875
qwen25_7b,18,valenced_nonopposite::affective::009,valenced_nonopposite,affective,valenced,nonopposite,0.6,preference_control,9.125,4.25,9.124889850616457,4.235841870307922,9.124889850616457,4.235841870307922,6.680365860462189,2.4445239901542664,9.125,4.25,6.6875,2.4375
qwen25_7b,18,valenced_nonopposite::affective::009,valenced_nonopposite,affective,valenced,nonopposite,0.8,preference_control,11.0,4.75,10.999982595443726,4.741395592689514,10.999982595443726,4.741395592689514,7.87068909406662,3.1292935013771057,11.0,4.75,7.875,3.125
qwen25_7b,18,valenced_nonopposite::affective::009,valenced_nonopposite,affective,valenced,nonopposite,1.0,preference_control,12.25,4.5,12.249996304512024,4.488954544067383,12.249996304512024,4.488954544067383,8.369475424289703,3.880520880222321,12.25,4.5,8.375,3.875
qwen25_7b,18,valenced_nonopposite::affective::010,valenced_nonopposite,affective,valenced,nonopposite,-1.0,preference_control,-10.375,-10.375,-10.3749577999115,-10.374966740608215,-10.3749577999115,-10.374966740608215,-10.374962270259855,4.470348358154297e-06,-10.375,-10.375,-10.375,0.0
qwen25_7b,18,valenced_nonopposite::affective::010,valenced_nonopposite,affective,valenced,nonopposite,-0.8,preference_control,-9.625,-10.375,-9.624922752380373,-10.374967455863953,-9.624922752380373,-10.374967455863953,-9.999945104122162,0.3750223517417907,-9.625,-10.375,-10.0,0.375
qwen25_7b,18,valenced_nonopposite::affective::010,valenced_nonopposite,affective,valenced,nonopposite,-0.6,preference_control,-8.5,-9.75,-8.499782800674438,-9.749940395355225,-8.499782800674438,-9.749940395355225,-9.124861598014832,0.6250787973403931,-8.5,-9.75,-9.125,0.625
qwen25_7b,18,valenced_nonopposite::affective::010,valenced_nonopposite,affective,valenced,nonopposite,-0.4,preference_control,-5.75,-8.125,-5.746801972389221,-8.124702215194702,-5.746801972389221,-8.124702215194702,-6.935752093791962,1.1889501214027405,-5.75,-8.125,-6.9375,1.1875
qwen25_7b,18,valenced_nonopposite::affective::010,valenced_nonopposite,affective,valenced,nonopposite,-0.2,preference_control,-0.875,-5.125,-0.8788959980010986,-5.119079351425171,-0.8788959980010986,-5.119079351425171,-2.9989876747131348,2.120091676712036,-0.875,-5.125,-3.0,2.125
qwen25_7b,18,valenced_nonopposite::affective::010,valenced_nonopposite,affective,valenced,nonopposite,0.0,preference_control,8.0,-1.0,7.99962854385376,-0.9999997615814208,7.99962854385376,-0.9999997615814208,3.499814391136169,4.49981415271759,8.0,-1.0,3.5,4.5
qwen25_7b,18,valenced_nonopposite::affective::010,valenced_nonopposite,affective,valenced,nonopposite,0.2,preference_control,17.25,4.125,17.249971985816956,4.140136957168579,17.249971985816956,4.140136957168579,10.695054471492767,6.554917514324188,17.25,4.125,10.6875,6.5625
qwen25_7b,18,valenced_nonopposite::affective::010,valenced_nonopposite,affective,valenced,nonopposite,0.4,preference_control,21.5,6.625,21.499972939491272,6.623603940010071,21.499972939491272,6.623603940010071,14.061788439750671,7.438184499740601,21.5,6.625,14.0625,7.4375
qwen25_7b,18,valenced_nonopposite::affective::010,valenced_nonopposite,affective,valenced,nonopposite,0.6,preference_control,23.75,9.125,23.7499715089798,9.124832272529602,23.7499715089798,9.124832272529602,16.4374018907547,7.312569618225098,23.75,9.125,16.4375,7.3125
qwen25_7b,18,valenced_nonopposite::affective::010,valenced_nonopposite,affective,valenced,nonopposite,0.8,preference_control,25.375,11.375,25.37497448921204,11.374943137168884,25.37497448921204,11.374943137168884,18.37495881319046,7.000015676021576,25.375,11.375,18.375,7.0
qwen25_7b,18,valenced_nonopposite::affective::010,valenced_nonopposite,affective,valenced,nonopposite,1.0,preference_control,25.875,11.375,25.87497019767761,11.374937176704409,25.87497019767761,11.374937176704409,18.62495368719101,7.250016510486603,25.875,11.375,18.625,7.25
qwen25_7b,18,valenced_nonopposite::affective::011,valenced_nonopposite,affective,valenced,nonopposite,-1.0,preference_control,-9.75,-16.0,-9.747807621955872,-15.997458219528198,-9.747807621955872,-15.997458219528198,-12.872632920742037,3.1248252987861638,-9.75,-16.0,-12.875,3.125
qwen25_7b,18,valenced_nonopposite::affective::011,valenced_nonopposite,affective,valenced,nonopposite,-0.8,preference_control,-9.125,-16.625,-9.123269200325012,-16.62349832057953,-9.123269200325012,-16.62349832057953,-12.87338376045227,3.7501145601272574,-9.125,-16.625,-12.875,3.75
qwen25_7b,18,valenced_nonopposite::affective::011,valenced_nonopposite,affective,valenced,nonopposite,-0.6,preference_control,-8.125,-16.75,-8.122762084007263,-16.74887716770172,-8.122762084007263,-16.74887716770172,-12.435819625854492,4.313057541847229,-8.125,-16.75,-12.4375,4.3125
qwen25_7b,18,valenced_nonopposite::affective::011,valenced_nonopposite,affective,valenced,nonopposite,-0.4,preference_control,-6.5,-16.5,-6.496638655662537,-16.49910867214203,-6.496638655662537,-16.49910867214203,-11.497873663902284,5.001235008239746,-6.5,-16.5,-11.5,5.0
qwen25_7b,18,valenced_nonopposite::affective::011,valenced_nonopposite,affective,valenced,nonopposite,-0.2,preference_control,-2.25,-15.875,-2.256372094154358,-15.874144911766052,-2.256372094154358,-15.874144911766052,-9.065258502960203,6.808886408805847,-2.25,-15.875,-9.0625,6.8125
qwen25_7b,18,valenced_nonopposite::affective::011,valenced_nonopposite,affective,valenced,nonopposite,0.0,preference_control,5.375,-14.75,5.370351552963257,-14.74921178817749,5.370351552963257,-14.74921178817749,-4.689430117607117,10.059781670570374,5.375,-14.75,-4.6875,10.0625
qwen25_7b,18,valenced_nonopposite::affective::011,valenced_nonopposite,affective,valenced,nonopposite,0.2,preference_control,17.625,-13.375,17.624985814094543,-13.374295234680176,17.624985814094543,-13.374295234680176,2.125345289707184,15.49964052438736,17.625,-13.375,2.125,15.5
qwen25_7b,18,valenced_nonopposite::affective::011,valenced_nonopposite,affective,valenced,nonopposite,0.4,preference_control,22.375,-12.5,22.37498688697815,-12.498984098434448,22.37498688697815,-12.498984098434448,4.938001394271851,17.4369854927063,22.375,-12.5,4.9375,17.4375
qwen25_7b,18,valenced_nonopposite::affective::011,valenced_nonopposite,affective,valenced,nonopposite,0.6,preference_control,25.125,-11.375,25.12498927116394,-11.373800992965698,25.12498927116394,-11.373800992965698,6.875594139099121,18.24939513206482,25.125,-11.375,6.875,18.25
qwen25_7b,18,valenced_nonopposite::affective::011,valenced_nonopposite,affective,valenced,nonopposite,0.8,preference_control,25.9375,-9.375,25.999991297721863,-9.373321652412416,25.999991297721863,-9.373321652412416,8.313334822654724,17.68665647506714,25.9375,-9.375,8.28125,17.65625
qwen25_7b,18,valenced_nonopposite::affective::011,valenced_nonopposite,affective,valenced,nonopposite,1.0,preference_control,24.875,-6.25,24.874988317489624,-6.244108080863953,24.874988317489624,-6.244108080863953,9.315440118312836,15.559548199176788,24.875,-6.25,9.3125,15.5625
qwen25_7b,18,valenced_nonopposite::affective::012,valenced_nonopposite,affective,valenced,nonopposite,-1.0,preference_control,-9.625,-10.5,-9.608822345733644,-10.48930823802948,-9.608822345733644,-10.48930823802948,-10.04906529188156,0.4402429461479187,-9.625,-10.5,-10.0625,0.4375
qwen25_7b,18,valenced_nonopposite::affective::012,valenced_nonopposite,affective,valenced,nonopposite,-0.8,preference_control,-9.5,-12.25,-9.488295316696169,-12.24405312538147,-9.488295316696169,-12.24405312538147,-10.866174221038818,1.3778789043426514,-9.5,-12.25,-10.875,1.375
qwen25_7b,18,valenced_nonopposite::affective::012,valenced_nonopposite,affective,valenced,nonopposite,-0.6,preference_control,-7.25,-13.5,-7.238656520843506,-13.496188521385193,-7.238656520843506,-13.496188521385193,-10.36742252111435,3.1287660002708435,-7.25,-13.5,-10.375,3.125
qwen25_7b,18,valenced_nonopposite::affective::012,valenced_nonopposite,affective,valenced,nonopposite,-0.4,preference_control,-1.125,-13.25,-1.1166142225265503,-13.246745467185974,-1.1166142225265503,-13.246745467185974,-7.181679844856262,6.065065622329712,-1.125,-13.25,-7.1875,6.0625
qwen25_7b,18,valenced_nonopposite::affective::012,valenced_nonopposite,affective,valenced,nonopposite,-0.2,preference_control,7.5,-12.125,7.491908073425293,-12.121575474739076,7.491908073425293,-12.121575474739076,-2.314833700656891,9.806741774082184,7.5,-12.125,-2.3125,9.8125
qwen25_7b,18,valenced_nonopposite::affective::012,valenced_nonopposite,affective,valenced,nonopposite,0.0,preference_control,12.5,-9.0,12.478328347206116,-8.995875239372253,12.478328347206116,-8.995875239372253,1.7412265539169312,10.737101793289185,12.5,-9.0,1.75,10.75
qwen25_7b,18,valenced_nonopposite::affective::012,valenced_nonopposite,affective,valenced,nonopposite,0.2,preference_control,16.125,-0.375,16.110714077949524,-0.3658473491668701,16.110714077949524,-0.3658473491668701,7.872433364391327,8.238280713558197,16.125,-0.375,7.875,8.25
qwen25_7b,18,valenced_nonopposite::affective::012,valenced_nonopposite,affective,valenced,nonopposite,0.4,preference_control,17.5,6.25,17.45205271244049,6.25939667224884,17.45205271244049,6.25939667224884,11.855724692344666,5.596328020095825,17.5,6.25,11.875,5.625
qwen25_7b,18,valenced_nonopposite::affective::012,valenced_nonopposite,affective,valenced,nonopposite,0.6,preference_control,18.5,9.25,18.466609358787537,9.27642583847046,18.466609358787537,9.27642583847046,13.871517598628998,4.595091760158539,18.5,9.25,13.875,4.625
qwen25_7b,18,valenced_nonopposite::affective::012,valenced_nonopposite,affective,valenced,nonopposite,0.8,preference_control,18.6875,11.375,18.653377294540405,11.361447811126707,18.653377294540405,11.361447811126707,15.007412552833555,3.645964741706848,18.6875,11.375,15.03125,3.65625
qwen25_7b,18,valenced_nonopposite::affective::012,valenced_nonopposite,affective,valenced,nonopposite,1.0,preference_control,18.3125,12.0,18.372735381126404,12.01934552192688,18.372735381126404,12.01934552192688,15.196040451526642,3.176694929599762,18.3125,12.0,15.15625,3.15625
qwen25_7b,18,valenced_nonopposite::affective::013,valenced_nonopposite,affective,valenced,nonopposite,-1.0,preference_control,-10.875,-7.125,-10.875672340393066,-7.124057054519653,-10.875672340393066,-7.124057054519653,-8.99986469745636,-1.8758076429367063,-10.875,-7.125,-9.0,-1.875
qwen25_7b,18,valenced_nonopposite::affective::013,valenced_nonopposite,affective,valenced,nonopposite,-0.8,preference_control,-11.0,-8.375,-11.000555038452148,-8.374630212783813,-11.000555038452148,-8.374630212783813,-9.68759262561798,-1.3129624128341677,-11.0,-8.375,-9.6875,-1.3125
qwen25_7b,18,valenced_nonopposite::affective::013,valenced_nonopposite,affective,valenced,nonopposite,-0.6,preference_control,-10.25,-9.375,-10.250348091125488,-9.374795913696287,-10.250348091125488,-9.374795913696287,-9.812572002410889,-0.4377760887145996,-10.25,-9.375,-9.8125,-0.4375
qwen25_7b,18,valenced_nonopposite::affective::013,valenced_nonopposite,affective,valenced,nonopposite,-0.4,preference_control,-9.5,-9.125,-9.500236511230469,-9.124771118164062,-9.500236511230469,-9.124771118164062,-9.312503814697266,-0.1877326965332031,-9.5,-9.125,-9.3125,-0.1875
qwen25_7b,18,valenced_nonopposite::affective::013,valenced_nonopposite,affective,valenced,nonopposite,-0.2,preference_control,-7.25,-7.625,-7.249410629272461,-7.624385595321655,-7.249410629272461,-7.624385595321655,-7.436898112297058,0.1874874830245971,-7.25,-7.625,-7.4375,0.1875
qwen25_7b,18,valenced_nonopposite::affective::013,valenced_nonopposite,affective,valenced,nonopposite,0.0,preference_control,-3.25,-4.75,-3.24323844909668,-4.7411932945251465,-3.24323844909668,-4.7411932945251465,-3.992215871810913,0.7489774227142334,-3.25,-4.75,-4.0,0.75
qwen25_7b,18,valenced_nonopposite::affective::013,valenced_nonopposite,affective,valenced,nonopposite,0.2,preference_control,4.5,2.625,4.488881587982178,2.617636680603028,4.488881587982178,2.617636680603028,3.5532591342926025,0.9356224536895752,4.5,2.625,3.5625,0.9375
qwen25_7b,18,valenced_nonopposite::affective::013,valenced_nonopposite,affective,valenced,nonopposite,0.4,preference_control,9.625,9.0,9.624863266944883,8.999707221984863,9.624863266944883,8.999707221984863,9.312285244464874,0.312578022480011,9.625,9.0,9.3125,0.3125
qwen25_7b,18,valenced_nonopposite::affective::013,valenced_nonopposite,affective,valenced,nonopposite,0.6,preference_control,11.875,11.125,11.87493908405304,11.124815940856934,11.87493908405304,11.124815940856934,11.499877512454988,0.375061571598053,11.875,11.125,11.5,0.375
qwen25_7b,18,valenced_nonopposite::affective::013,valenced_nonopposite,affective,valenced,nonopposite,0.8,preference_control,14.0,11.875,13.999944686889648,11.8748619556427,13.999944686889648,11.8748619556427,12.937403321266174,1.062541365623474,14.0,11.875,12.9375,1.0625
qwen25_7b,18,valenced_nonopposite::affective::013,valenced_nonopposite,affective,valenced,nonopposite,1.0,preference_control,16.25,12.125,16.249936938285828,12.12486457824707,16.249936938285828,12.12486457824707,14.187400758266447,2.0625361800193787,16.25,12.125,14.1875,2.0625
qwen25_7b,18,valenced_nonopposite::affective::014,valenced_nonopposite,affective,valenced,nonopposite,-1.0,preference_control,-11.0,-6.5,-11.01738214492798,-6.49832558631897,-11.01738214492798,-6.49832558631897,-8.757853865623474,-2.2595282793045044,-11.0,-6.5,-8.75,-2.25
qwen25_7b,18,valenced_nonopposite::affective::014,valenced_nonopposite,affective,valenced,nonopposite,-0.8,preference_control,-11.125,-6.625,-11.152404069900513,-6.623533606529236,-11.152404069900513,-6.623533606529236,-8.887968838214874,-2.2644352316856384,-11.125,-6.625,-8.875,-2.25
qwen25_7b,18,valenced_nonopposite::affective::014,valenced_nonopposite,affective,valenced,nonopposite,-0.6,preference_control,-11.25,-6.875,-11.290224313735962,-6.873847603797913,-11.290224313735962,-6.873847603797913,-9.082035958766935,-2.2081883549690247,-11.25,-6.875,-9.0625,-2.1875
qwen25_7b,18,valenced_nonopposite::affective::014,valenced_nonopposite,affective,valenced,nonopposite,-0.4,preference_control,-10.75,-6.5,-10.77740228176117,-6.498352646827698,-10.77740228176117,-6.498352646827698,-8.637877464294434,-2.139524817466736,-10.75,-6.5,-8.625,-2.125
qwen25_7b,18,valenced_nonopposite::affective::014,valenced_nonopposite,affective,valenced,nonopposite,-0.2,preference_control,-9.5,-5.0,-9.508915901184082,-4.993129014968872,-9.508915901184082,-4.993129014968872,-7.251022458076477,-2.257893443107605,-9.5,-5.0,-7.25,-2.25
qwen25_7b,18,valenced_nonopposite::affective::014,valenced_nonopposite,affective,valenced,nonopposite,0.0,preference_control,-6.625,-3.0,-6.624769926071167,-2.998014807701111,-6.624769926071167,-2.998014807701111,-4.811392366886139,-1.813377559185028,-6.625,-3.0,-4.8125,-1.8125
qwen25_7b,18,valenced_nonopposite::affective::014,valenced_nonopposite,affective,valenced,nonopposite,0.2,preference_control,1.5,0.25,1.5019638538360596,0.2504935264587402,1.5019638538360596,0.2504935264587402,0.8762286901473999,0.6257351636886597,1.5,0.25,0.875,0.625
qwen25_7b,18,valenced_nonopposite::affective::014,valenced_nonopposite,affective,valenced,nonopposite,0.4,preference_control,8.375,2.75,8.374784111976624,2.7514156103134155,8.374784111976624,2.7514156103134155,5.56309986114502,2.811684250831604,8.375,2.75,5.5625,2.8125
qwen25_7b,18,valenced_nonopposite::affective::014,valenced_nonopposite,affective,valenced,nonopposite,0.6,preference_control,14.75,4.75,14.750020623207092,4.744304656982422,14.750020623207092,4.744304656982422,9.747162640094755,5.002857983112335,14.75,4.75,9.75,5.0
qwen25_7b,18,valenced_nonopposite::affective::014,valenced_nonopposite,affective,valenced,nonopposite,0.8,preference_control,20.875,6.875,20.875030994415283,6.904279112815857,20.875030994415283,6.904279112815857,13.88965505361557,6.985375940799713,20.875,6.875,13.875,7.0
qwen25_7b,18,valenced_nonopposite::affective::014,valenced_nonopposite,affective,valenced,nonopposite,1.0,preference_control,23.0,7.75,23.000036239624023,8.005353689193726,23.000036239624023,8.005353689193726,15.502694964408876,7.497341275215149,23.0,7.75,15.375,7.625
qwen25_7b,18,valenced_nonopposite::affective::015,valenced_nonopposite,affective,valenced,nonopposite,-1.0,preference_control,-2.125,-12.25,-2.1201001405715942,-12.24998939037323,-2.1201001405715942,-12.24998939037323,-7.185044765472412,5.064944624900818,-2.125,-12.25,-7.1875,5.0625
qwen25_7b,18,valenced_nonopposite::affective::015,valenced_nonopposite,affective,valenced,nonopposite,-0.8,preference_control,-1.625,-12.5,-1.623022198677063,-12.499993205070496,-1.623022198677063,-12.499993205070496,-7.061507701873779,5.438485503196716,-1.625,-12.5,-7.0625,5.4375
qwen25_7b,18,valenced_nonopposite::affective::015,valenced_nonopposite,affective,valenced,nonopposite,-0.6,preference_control,-1.25,-11.75,-1.2538783550262451,-11.74998927116394,-1.2538783550262451,-11.74998927116394,-6.501933813095093,5.248055458068848,-1.25,-11.75,-6.5,5.25
qwen25_7b,18,valenced_nonopposite::affective::015,valenced_nonopposite,affective,valenced,nonopposite,-0.4,preference_control,-0.125,-10.25,-0.1249753236770629,-10.249961733818054,-0.1249753236770629,-10.249961733818054,-5.187468528747559,5.062493205070496,-0.125,-10.25,-5.1875,5.0625
qwen25_7b,18,valenced_nonopposite::affective::015,valenced_nonopposite,affective,valenced,nonopposite,-0.2,preference_control,1.375,-8.5,1.372094988822937,-8.499791860580444,1.372094988822937,-8.499791860580444,-3.5638484358787537,4.935943424701691,1.375,-8.5,-3.5625,4.9375
qwen25_7b,18,valenced_nonopposite::affective::015,valenced_nonopposite,affective,valenced,nonopposite,0.0,preference_control,3.5,-6.0,3.498074769973755,-5.997495412826538,3.498074769973755,-5.997495412826538,-1.2497103214263916,4.7477850914001465,3.5,-6.0,-1.25,4.75
qwen25_7b,18,valenced_nonopposite::affective::015,valenced_nonopposite,affective,valenced,nonopposite,0.2,preference_control,7.5,-2.125,7.49661660194397,-2.1206029653549194,7.49661660194397,-2.1206029653549194,2.688006818294525,4.808609783649445,7.5,-2.125,2.6875,4.8125
qwen25_7b,18,valenced_nonopposite::affective::015,valenced_nonopposite,affective,valenced,nonopposite,0.4,preference_control,10.0,0.5,9.996305346488953,0.4980498552322387,9.996305346488953,0.4980498552322387,5.247177600860596,4.749127745628357,10.0,0.5,5.25,4.75
qwen25_7b,18,valenced_nonopposite::affective::015,valenced_nonopposite,affective,valenced,nonopposite,0.6,preference_control,11.25,3.0,11.245277881622314,3.001712441444397,11.245277881622314,3.001712441444397,7.123495161533356,4.121782720088959,11.25,3.0,7.125,4.125
qwen25_7b,18,valenced_nonopposite::affective::015,valenced_nonopposite,affective,valenced,nonopposite,0.8,preference_control,12.375,5.5,12.37082302570343,5.486089825630188,12.37082302570343,5.486089825630188,8.928456425666809,3.442366600036621,12.375,5.5,8.9375,3.4375
qwen25_7b,18,valenced_nonopposite::affective::015,valenced_nonopposite,affective,valenced,nonopposite,1.0,preference_control,12.625,7.0,12.620821118354796,6.989269375801086,12.620821118354796,6.989269375801086,9.805045247077942,2.8157758712768555,12.625,7.0,9.8125,2.8125
qwen25_7b,18,valenced_nonopposite::affective::016,valenced_nonopposite,affective,valenced,nonopposite,-1.0,preference_control,-3.75,-3.0,-3.785362243652344,-2.967805862426758,-3.785362243652344,-2.967805862426758,-3.376584053039551,-0.4087781906127929,-3.75,-3.0,-3.375,-0.375
qwen25_7b,18,valenced_nonopposite::affective::016,valenced_nonopposite,affective,valenced,nonopposite,-0.8,preference_control,-3.375,-3.375,-3.410824775695801,-3.353902101516724,-3.410824775695801,-3.353902101516724,-3.382363438606262,-0.0284613370895385,-3.375,-3.375,-3.375,0.0
qwen25_7b,18,valenced_nonopposite::affective::016,valenced_nonopposite,affective,valenced,nonopposite,-0.6,preference_control,-2.25,-3.0,-2.2694478034973145,-2.9867104291915894,-2.2694478034973145,-2.9867104291915894,-2.628079116344452,0.3586313128471374,-2.25,-3.0,-2.625,0.375
qwen25_7b,18,valenced_nonopposite::affective::016,valenced_nonopposite,affective,valenced,nonopposite,-0.4,preference_control,-0.875,-2.375,-0.8793463706970215,-2.3729360103607178,-0.8793463706970215,-2.3729360103607178,-1.6261411905288696,0.7467948198318481,-0.875,-2.375,-1.625,0.75
qwen25_7b,18,valenced_nonopposite::affective::016,valenced_nonopposite,affective,valenced,nonopposite,-0.2,preference_control,1.75,-1.125,1.7538628578186035,-1.1213457584381104,1.7538628578186035,-1.1213457584381104,0.3162585496902466,1.437604308128357,1.75,-1.125,0.3125,1.4375
qwen25_7b,18,valenced_nonopposite::affective::016,valenced_nonopposite,affective,valenced,nonopposite,0.0,preference_control,4.5,0.625,4.489038348197937,0.6282603740692139,4.489038348197937,0.6282603740692139,2.5586493611335754,1.9303889870643616,4.5,0.625,2.5625,1.9375
qwen25_7b,18,valenced_nonopposite::affective::016,valenced_nonopposite,affective,valenced,nonopposite,0.2,preference_control,9.625,2.25,9.625038862228394,2.246945381164551,9.625038862228394,2.246945381164551,5.935992121696472,3.6890467405319214,9.625,2.25,5.9375,3.6875
qwen25_7b,18,valenced_nonopposite::affective::016,valenced_nonopposite,affective,valenced,nonopposite,0.4,preference_control,13.75,2.75,13.750101447105408,2.7534009218215942,13.750101447105408,2.7534009218215942,8.251751184463501,5.498350262641907,13.75,2.75,8.25,5.5
qwen25_7b,18,valenced_nonopposite::affective::016,valenced_nonopposite,affective,valenced,nonopposite,0.6,preference_control,17.0,2.5,17.000067234039307,2.5005784034729004,17.000067234039307,2.5005784034729004,9.750322818756104,7.249744415283203,17.0,2.5,9.75,7.25
qwen25_7b,18,valenced_nonopposite::affective::016,valenced_nonopposite,affective,valenced,nonopposite,0.8,preference_control,20.0,1.0,20.00003159046173,1.0004526376724243,20.00003159046173,1.0004526376724243,10.500242114067078,9.499789476394652,20.0,1.0,10.5,9.5
qwen25_7b,18,valenced_nonopposite::affective::016,valenced_nonopposite,affective,valenced,nonopposite,1.0,preference_control,22.0,-1.25,22.000012040138245,-1.2460355758666992,22.000012040138245,-1.2460355758666992,10.376988232135773,11.623023808002472,22.0,-1.25,10.375,11.625
qwen25_7b,18,valenced_nonopposite::affective::017,valenced_nonopposite,affective,valenced,nonopposite,-1.0,preference_control,-11.875,-16.75,-11.874994158744812,-16.750011444091797,-11.874994158744812,-16.750011444091797,-14.312502801418304,2.4375086426734924,-11.875,-16.75,-14.3125,2.4375
qwen25_7b,18,valenced_nonopposite::affective::017,valenced_nonopposite,affective,valenced,nonopposite,-0.8,preference_control,-11.875,-17.5,-11.87499463558197,-17.500015258789062,-11.87499463558197,-17.500015258789062,-14.687504947185516,2.812510311603546,-11.875,-17.5,-14.6875,2.8125
qwen25_7b,18,valenced_nonopposite::affective::017,valenced_nonopposite,affective,valenced,nonopposite,-0.6,preference_control,-11.25,-17.125,-11.249989867210388,-17.125017881393433,-11.249989867210388,-17.125017881393433,-14.18750387430191,2.937514007091522,-11.25,-17.125,-14.1875,2.9375
qwen25_7b,18,valenced_nonopposite::affective::017,valenced_nonopposite,affective,valenced,nonopposite,-0.4,preference_control,-8.875,-16.0,-8.874857902526855,-16.000020265579224,-8.874857902526855,-16.000020265579224,-12.43743908405304,3.562581181526184,-8.875,-16.0,-12.4375,3.5625
qwen25_7b,18,valenced_nonopposite::affective::017,valenced_nonopposite,affective,valenced,nonopposite,-0.2,preference_control,-3.0,-12.875,-2.998047947883606,-12.875019669532776,-2.998047947883606,-12.875019669532776,-7.936533808708191,4.938485860824585,-3.0,-12.875,-7.9375,4.9375
qwen25_7b,18,valenced_nonopposite::affective::017,valenced_nonopposite,affective,valenced,nonopposite,0.0,preference_control,3.625,-9.625,3.6293989419937134,-9.624943375587463,3.6293989419937134,-9.624943375587463,-2.997772216796875,6.627171158790588,3.625,-9.625,-3.0,6.625
qwen25_7b,18,valenced_nonopposite::affective::017,valenced_nonopposite,affective,valenced,nonopposite,0.2,preference_control,9.75,-4.5,9.749492645263672,-4.488895535469055,9.749492645263672,-4.488895535469055,2.6302985548973083,7.119194090366364,9.75,-4.5,2.625,7.125
qwen25_7b,18,valenced_nonopposite::affective::017,valenced_nonopposite,affective,valenced,nonopposite,0.4,preference_control,14.625,-1.25,14.624646067619324,-1.2480487823486328,14.624646067619324,-1.2480487823486328,6.6882986426353455,7.936347424983978,14.625,-1.25,6.6875,7.9375
qwen25_7b,18,valenced_nonopposite::affective::017,valenced_nonopposite,affective,valenced,nonopposite,0.6,preference_control,19.0,2.25,18.999619722366333,2.242676019668579,18.999619722366333,2.242676019668579,10.621147871017456,8.378471851348877,19.0,2.25,10.625,8.375
qwen25_7b,18,valenced_nonopposite::affective::017,valenced_nonopposite,affective,valenced,nonopposite,0.8,preference_control,22.1875,5.25,22.24966311454773,5.243959188461304,22.24966311454773,5.243959188461304,13.746811151504517,8.502851963043213,22.1875,5.25,13.71875,8.46875
qwen25_7b,18,valenced_nonopposite::affective::017,valenced_nonopposite,affective,valenced,nonopposite,1.0,preference_control,23.9375,5.625,23.999733209609985,5.62061071395874,23.999733209609985,5.62061071395874,14.810171961784365,9.189561247825624,23.9375,5.625,14.78125,9.15625
qwen25_7b,18,valenced_nonopposite::affective::018,valenced_nonopposite,affective,valenced,nonopposite,-1.0,preference_control,-5.75,-7.375,-5.746820688247681,-7.374340295791626,-5.746820688247681,-7.374340295791626,-6.560580492019653,0.8137598037719727,-5.75,-7.375,-6.5625,0.8125
qwen25_7b,18,valenced_nonopposite::affective::018,valenced_nonopposite,affective,valenced,nonopposite,-0.8,preference_control,-4.875,-8.25,-4.867396593093872,-8.249720454216003,-4.867396593093872,-8.249720454216003,-6.558558523654938,1.6911619305610657,-4.875,-8.25,-6.5625,1.6875
qwen25_7b,18,valenced_nonopposite::affective::018,valenced_nonopposite,affective,valenced,nonopposite,-0.6,preference_control,-3.125,-9.125,-3.1289011240005493,-9.124879598617554,-3.1289011240005493,-9.124879598617554,-6.126890361309052,2.997989237308502,-3.125,-9.125,-6.125,3.0
qwen25_7b,18,valenced_nonopposite::affective::018,valenced_nonopposite,affective,valenced,nonopposite,-0.4,preference_control,0.375,-9.875,0.3750060796737671,-9.874937057495115,0.3750060796737671,-9.874937057495115,-4.749965488910675,5.124971568584442,0.375,-9.875,-4.75,5.125
qwen25_7b,18,valenced_nonopposite::affective::018,valenced_nonopposite,affective,valenced,nonopposite,-0.2,preference_control,6.125,-9.0,6.122706770896912,-8.999857902526855,6.122706770896912,-8.999857902526855,-1.438575565814972,7.5612823367118835,6.125,-9.0,-1.4375,7.5625
qwen25_7b,18,valenced_nonopposite::affective::018,valenced_nonopposite,affective,valenced,nonopposite,0.0,preference_control,15.125,-5.125,15.124963402748108,-5.119022488594055,15.124963402748108,-5.119022488594055,5.002970457077026,10.121992945671082,15.125,-5.125,5.0,10.125
qwen25_7b,18,valenced_nonopposite::affective::018,valenced_nonopposite,affective,valenced,nonopposite,0.2,preference_control,21.0,-0.75,21.00000238418579,-0.7538584470748901,21.00000238418579,-0.7538584470748901,10.12307196855545,10.87693041563034,21.0,-0.75,10.125,10.875
qwen25_7b,18,valenced_nonopposite::affective::018,valenced_nonopposite,affective,valenced,nonopposite,0.4,preference_control,23.0625,2.25,23.12502110004425,2.2437005043029785,23.12502110004425,2.2437005043029785,12.684360802173616,10.440660297870636,23.0625,2.25,12.65625,10.40625
qwen25_7b,18,valenced_nonopposite::affective::018,valenced_nonopposite,affective,valenced,nonopposite,0.6,preference_control,23.6875,5.25,23.750022530555725,5.244775772094727,23.750022530555725,5.244775772094727,14.497399151325226,9.2526233792305,23.6875,5.25,14.46875,9.21875
qwen25_7b,18,valenced_nonopposite::affective::018,valenced_nonopposite,affective,valenced,nonopposite,0.8,preference_control,23.6875,7.875,23.75004088878632,7.874681234359741,23.75004088878632,7.874681234359741,15.812361061573029,7.937679827213287,23.6875,7.875,15.78125,7.90625
qwen25_7b,18,valenced_nonopposite::affective::018,valenced_nonopposite,affective,valenced,nonopposite,1.0,preference_control,22.625,8.5,22.625110507011414,8.499964594841003,22.625110507011414,8.499964594841003,15.562537550926208,7.062572956085205,22.625,8.5,15.5625,7.0625
qwen25_7b,18,valenced_nonopposite::affective::019,valenced_nonopposite,affective,valenced,nonopposite,-1.0,preference_control,-8.875,-11.25,-8.874603152275085,-11.249876260757446,-8.874603152275085,-11.249876260757446,-10.062239706516266,1.1876365542411804,-8.875,-11.25,-10.0625,1.1875
qwen25_7b,18,valenced_nonopposite::affective::019,valenced_nonopposite,affective,valenced,nonopposite,-0.8,preference_control,-9.25,-11.5,-9.249728083610536,-11.49989628791809,-9.249728083610536,-11.49989628791809,-10.374812185764313,1.125084102153778,-9.25,-11.5,-10.375,1.125
qwen25_7b,18,valenced_nonopposite::affective::019,valenced_nonopposite,affective,valenced,nonopposite,-0.6,preference_control,-9.25,-11.375,-9.24976360797882,-11.374908089637756,-9.24976360797882,-11.374908089637756,-10.312335848808289,1.0625722408294678,-9.25,-11.375,-10.3125,1.0625
qwen25_7b,18,valenced_nonopposite::affective::019,valenced_nonopposite,affective,valenced,nonopposite,-0.4,preference_control,-7.75,-10.875,-7.749398231506348,-10.874907970428469,-7.749398231506348,-10.874907970428469,-9.312153100967407,1.5627548694610596,-7.75,-10.875,-9.3125,1.5625
qwen25_7b,18,valenced_nonopposite::affective::019,valenced_nonopposite,affective,valenced,nonopposite,-0.2,preference_control,-3.125,-9.25,-3.1285845041275024,-9.249796748161316,-3.1285845041275024,-9.249796748161316,-6.189190626144409,3.0606061220169067,-3.125,-9.25,-6.1875,3.0625
qwen25_7b,18,valenced_nonopposite::affective::019,valenced_nonopposite,affective,valenced,nonopposite,0.0,preference_control,4.625,-7.125,4.615119934082031,-7.124072313308716,4.615119934082031,-7.124072313308716,-1.2544761896133425,5.8695961236953735,4.625,-7.125,-1.25,5.875
qwen25_7b,18,valenced_nonopposite::affective::019,valenced_nonopposite,affective,valenced,nonopposite,0.2,preference_control,13.0,-3.0,12.999920845031738,-2.998276233673096,12.999920845031738,-2.998276233673096,5.000822305679321,7.999098539352417,13.0,-3.0,5.0,8.0
qwen25_7b,18,valenced_nonopposite::affective::019,valenced_nonopposite,affective,valenced,nonopposite,0.4,preference_control,16.25,0.75,16.249924659729004,0.7539248466491699,16.249924659729004,0.7539248466491699,8.501924753189087,7.747999906539917,16.25,0.75,8.5,7.75
qwen25_7b,18,valenced_nonopposite::affective::019,valenced_nonopposite,affective,valenced,nonopposite,0.6,preference_control,18.75,4.625,18.749978065490723,4.615134716033936,18.749978065490723,4.615134716033936,11.682556390762327,7.0674216747283936,18.75,4.625,11.6875,7.0625
qwen25_7b,18,valenced_nonopposite::affective::019,valenced_nonopposite,affective,valenced,nonopposite,0.8,preference_control,20.875,7.375,20.87505340576172,7.374244689941406,20.87505340576172,7.374244689941406,14.124649047851562,6.750404357910156,20.875,7.375,14.125,6.75
qwen25_7b,18,valenced_nonopposite::affective::019,valenced_nonopposite,affective,valenced,nonopposite,1.0,preference_control,21.6875,7.375,21.750850677490234,7.374266624450684,21.750850677490234,7.374266624450684,14.56255865097046,7.188292026519775,21.6875,7.375,14.53125,7.15625
qwen25_7b,18,valenced_nonopposite::deontic::000,valenced_nonopposite,deontic,valenced,nonopposite,-1.0,preference_control,-12.625,-10.625,-12.624897837638857,-10.624752521514893,-12.624897837638857,-10.624752521514893,-11.624825179576874,-1.0000726580619812,-12.625,-10.625,-11.625,-1.0
qwen25_7b,18,valenced_nonopposite::deontic::000,valenced_nonopposite,deontic,valenced,nonopposite,-0.8,preference_control,-12.375,-11.625,-12.37492060661316,-11.624895691871645,-12.37492060661316,-11.624895691871645,-11.9999081492424,-0.375012457370758,-12.375,-11.625,-12.0,-0.375
qwen25_7b,18,valenced_nonopposite::deontic::000,valenced_nonopposite,deontic,valenced,nonopposite,-0.6,preference_control,-11.75,-11.875,-11.749907970428469,-11.87493884563446,-11.749907970428469,-11.87493884563446,-11.812423408031464,0.0625154376029968,-11.75,-11.875,-11.8125,0.0625
qwen25_7b,18,valenced_nonopposite::deontic::000,valenced_nonopposite,deontic,valenced,nonopposite,-0.4,preference_control,-10.625,-11.75,-10.624852657318115,-11.749943971633911,-10.624852657318115,-11.749943971633911,-11.187398314476011,0.562545657157898,-10.625,-11.75,-11.1875,0.5625
qwen25_7b,18,valenced_nonopposite::deontic::000,valenced_nonopposite,deontic,valenced,nonopposite,-0.2,preference_control,-8.875,-10.125,-8.874535322189331,-10.124900460243223,-8.874535322189331,-10.124900460243223,-9.499717891216278,0.625182569026947,-8.875,-10.125,-9.5,0.625
qwen25_7b,18,valenced_nonopposite::deontic::000,valenced_nonopposite,deontic,valenced,nonopposite,0.0,preference_control,-5.125,-7.75,-5.117825031280518,-7.749492287635803,-5.117825031280518,-7.749492287635803,-6.43365865945816,1.3158336281776428,-5.125,-7.75,-6.4375,1.3125
qwen25_7b,18,valenced_nonopposite::deontic::000,valenced_nonopposite,deontic,valenced,nonopposite,0.2,preference_control,5.0,-3.75,4.993109822273254,-3.742178440093994,4.993109822273254,-3.742178440093994,0.6254656910896301,4.367644131183624,5.0,-3.75,0.625,4.375
qwen25_7b,18,valenced_nonopposite::deontic::000,valenced_nonopposite,deontic,valenced,nonopposite,0.4,preference_control,14.625,0.0,14.625004649162292,9.41753387451172e-06,14.625004649162292,9.41753387451172e-06,7.3125070333480835,7.312497615814209,14.625,0.0,7.3125,7.3125
qwen25_7b,18,valenced_nonopposite::deontic::000,valenced_nonopposite,deontic,valenced,nonopposite,0.6,preference_control,21.25,5.875,21.250006794929504,5.872205972671509,21.250006794929504,5.872205972671509,13.561106383800508,7.688900411128998,21.25,5.875,13.5625,7.6875
qwen25_7b,18,valenced_nonopposite::deontic::000,valenced_nonopposite,deontic,valenced,nonopposite,0.8,preference_control,26.0625,11.125,26.000008702278137,11.12501060962677,26.000008702278137,11.12501060962677,18.562509655952454,7.437499046325684,26.0625,11.125,18.59375,7.46875
qwen25_7b,18,valenced_nonopposite::deontic::000,valenced_nonopposite,deontic,valenced,nonopposite,1.0,preference_control,28.875,14.75,28.875019311904907,14.750044584274292,28.875019311904907,14.750044584274292,21.8125319480896,7.062487363815308,28.875,14.75,21.8125,7.0625
qwen25_7b,18,valenced_nonopposite::deontic::001,valenced_nonopposite,deontic,valenced,nonopposite,-1.0,preference_control,-3.125,-9.25,-3.128473281860352,-9.248798370361328,-3.128473281860352,-9.248798370361328,-6.18863582611084,3.0601625442504883,-3.125,-9.25,-6.1875,3.0625
qwen25_7b,18,valenced_nonopposite::deontic::001,valenced_nonopposite,deontic,valenced,nonopposite,-0.8,preference_control,-3.125,-10.125,-3.128422737121582,-10.124003410339355,-3.128422737121582,-10.124003410339355,-6.626213073730469,3.4977903366088867,-3.125,-10.125,-6.625,3.5
qwen25_7b,18,valenced_nonopposite::deontic::001,valenced_nonopposite,deontic,valenced,nonopposite,-0.6,preference_control,-2.875,-10.375,-2.882251739501953,-10.37419891357422,-2.882251739501953,-10.37419891357422,-6.628225326538086,3.745973587036133,-2.875,-10.375,-6.625,3.75
qwen25_7b,18,valenced_nonopposite::deontic::001,valenced_nonopposite,deontic,valenced,nonopposite,-0.4,preference_control,-2.25,-9.625,-2.243368148803711,-9.624357223510742,-2.243368148803711,-9.624357223510742,-5.933862686157227,3.690494537353516,-2.25,-9.625,-5.9375,3.6875
qwen25_7b,18,valenced_nonopposite::deontic::001,valenced_nonopposite,deontic,valenced,nonopposite,-0.2,preference_control,0.0,-8.625,0.0002346038818359,-8.624385833740234,0.0002346038818359,-8.624385833740234,-4.312075614929199,4.312310218811035,0.0,-8.625,-4.3125,4.3125
qwen25_7b,18,valenced_nonopposite::deontic::001,valenced_nonopposite,deontic,valenced,nonopposite,0.0,preference_control,5.25,-7.0,5.244899749755859,-6.998603820800781,5.244899749755859,-6.998603820800781,-0.8768520355224609,6.12175178527832,5.25,-7.0,-0.875,6.125
qwen25_7b,18,valenced_nonopposite::deontic::001,valenced_nonopposite,deontic,valenced,nonopposite,0.2,preference_control,14.0,-5.0,14.00021243095398,-4.9925537109375,14.00021243095398,-4.9925537109375,4.50382936000824,9.49638307094574,14.0,-5.0,4.5,9.5
qwen25_7b,18,valenced_nonopposite::deontic::001,valenced_nonopposite,deontic,valenced,nonopposite,0.4,preference_control,17.5,-4.25,17.50027084350586,-4.234905242919922,17.50027084350586,-4.234905242919922,6.632682800292969,10.86758804321289,17.5,-4.25,6.625,10.875
qwen25_7b,18,valenced_nonopposite::deontic::001,valenced_nonopposite,deontic,valenced,nonopposite,0.6,preference_control,21.0,-3.0,21.00033462047577,-2.996810913085937,21.00033462047577,-2.996810913085937,9.001761853694916,11.998572766780851,21.0,-3.0,9.0,12.0
qwen25_7b,18,valenced_nonopposite::deontic::001,valenced_nonopposite,deontic,valenced,nonopposite,0.8,preference_control,23.25,-1.5,23.2505521774292,-1.4991912841796875,23.2505521774292,-1.4991912841796875,10.875680446624756,12.374871730804443,23.25,-1.5,10.875,12.375
qwen25_7b,18,valenced_nonopposite::deontic::001,valenced_nonopposite,deontic,valenced,nonopposite,1.0,preference_control,24.5,-0.25,24.50096702575684,-0.23516845703125,24.50096702575684,-0.23516845703125,12.132899284362791,12.368067741394045,24.5,-0.25,12.125,12.375
qwen25_7b,18,valenced_nonopposite::deontic::002,valenced_nonopposite,deontic,valenced,nonopposite,-1.0,preference_control,-11.125,-10.125,-11.124757289886476,-10.12483263015747,-11.124757289886476,-10.12483263015747,-10.624794960021973,-0.4999623298645019,-11.125,-10.125,-10.625,-0.5
qwen25_7b,18,valenced_nonopposite::deontic::002,valenced_nonopposite,deontic,valenced,nonopposite,-0.8,preference_control,-12.125,-11.75,-12.124823331832886,-11.749916434288023,-12.124823331832886,-11.749916434288023,-11.937369883060455,-0.1874534487724304,-12.125,-11.75,-11.9375,-0.1875
qwen25_7b,18,valenced_nonopposite::deontic::002,valenced_nonopposite,deontic,valenced,nonopposite,-0.6,preference_control,-12.875,-12.75,-12.874875783920288,-12.749924540519714,-12.874875783920288,-12.749924540519714,-12.81240016222,-0.0624756217002868,-12.875,-12.75,-12.8125,-0.0625
qwen25_7b,18,valenced_nonopposite::deontic::002,valenced_nonopposite,deontic,valenced,nonopposite,-0.4,preference_control,-12.75,-14.0,-12.749877214431764,-13.999929785728456,-12.749877214431764,-13.999929785728456,-13.374903500080109,0.625026285648346,-12.75,-14.0,-13.375,0.625
qwen25_7b,18,valenced_nonopposite::deontic::002,valenced_nonopposite,deontic,valenced,nonopposite,-0.2,preference_control,-11.75,-14.0,-11.749898076057434,-13.999933004379272,-11.749898076057434,-13.999933004379272,-12.874915540218351,1.1250174641609192,-11.75,-14.0,-12.875,1.125
qwen25_7b,18,valenced_nonopposite::deontic::002,valenced_nonopposite,deontic,valenced,nonopposite,0.0,preference_control,-8.25,-12.625,-8.249645829200745,-12.62492287158966,-8.249645829200745,-12.62492287158966,-10.437284350395204,2.187638521194458,-8.25,-12.625,-10.4375,2.1875
qwen25_7b,18,valenced_nonopposite::deontic::002,valenced_nonopposite,deontic,valenced,nonopposite,0.2,preference_control,2.25,-6.875,2.243680715560913,-6.873890995979309,2.243680715560913,-6.873890995979309,-2.315105140209198,4.558785855770111,2.25,-6.875,-2.3125,4.5625
qwen25_7b,18,valenced_nonopposite::deontic::002,valenced_nonopposite,deontic,valenced,nonopposite,0.4,preference_control,8.0,0.0,7.999683737754822,2.6345252990722656e-05,7.999683737754822,2.6345252990722656e-05,3.999855041503906,3.999828696250916,8.0,0.0,4.0,4.0
qwen25_7b,18,valenced_nonopposite::deontic::002,valenced_nonopposite,deontic,valenced,nonopposite,0.6,preference_control,11.375,6.0,11.375007510185242,5.9975669384002686,11.375007510185242,5.9975669384002686,8.686287224292755,2.6887202858924866,11.375,6.0,8.6875,2.6875
qwen25_7b,18,valenced_nonopposite::deontic::002,valenced_nonopposite,deontic,valenced,nonopposite,0.8,preference_control,15.0,11.125,15.000032901763916,11.125049233436584,15.000032901763916,11.125049233436584,13.06254106760025,1.9374918341636655,15.0,11.125,13.0625,1.9375
qwen25_7b,18,valenced_nonopposite::deontic::002,valenced_nonopposite,deontic,valenced,nonopposite,1.0,preference_control,19.25,14.375,19.250116229057312,14.375497221946716,19.250116229057312,14.375497221946716,16.812806725502014,2.437309503555298,19.25,14.375,16.8125,2.4375
qwen25_7b,18,valenced_nonopposite::deontic::003,valenced_nonopposite,deontic,valenced,nonopposite,-1.0,preference_control,-9.375,-3.625,-9.374852299690248,-3.625836968421936,-9.374852299690248,-3.625836968421936,-6.500344634056091,-2.8745076656341557,-9.375,-3.625,-6.5,-2.875
qwen25_7b,18,valenced_nonopposite::deontic::003,valenced_nonopposite,deontic,valenced,nonopposite,-0.8,preference_control,-9.75,-3.875,-9.74990689754486,-3.86729633808136,-9.74990689754486,-3.86729633808136,-6.80860161781311,-2.9413052797317505,-9.75,-3.875,-6.8125,-2.9375
qwen25_7b,18,valenced_nonopposite::deontic::003,valenced_nonopposite,deontic,valenced,nonopposite,-0.6,preference_control,-9.625,-3.875,-9.624898076057434,-3.867297410964966,-9.624898076057434,-3.867297410964966,-6.7460977435112,-2.878800332546234,-9.625,-3.875,-6.75,-2.875
qwen25_7b,18,valenced_nonopposite::deontic::003,valenced_nonopposite,deontic,valenced,nonopposite,-0.4,preference_control,-8.875,-4.125,-8.874796509742737,-4.136585712432861,-8.874796509742737,-4.136585712432861,-6.505691111087799,-2.3691053986549377,-8.875,-4.125,-6.5,-2.375
qwen25_7b,18,valenced_nonopposite::deontic::003,valenced_nonopposite,deontic,valenced,nonopposite,-0.2,preference_control,-7.5,-3.375,-7.499293923377991,-3.3823124170303345,-7.499293923377991,-3.3823124170303345,-5.440803170204163,-2.058490753173828,-7.5,-3.375,-5.4375,-2.0625
qwen25_7b,18,valenced_nonopposite::deontic::003,valenced_nonopposite,deontic,valenced,nonopposite,0.0,preference_control,-4.375,-2.625,-4.361935257911682,-2.626939058303833,-4.361935257911682,-2.626939058303833,-3.4944371581077576,-0.8674980998039246,-4.375,-2.625,-3.5,-0.875
qwen25_7b,18,valenced_nonopposite::deontic::003,valenced_nonopposite,deontic,valenced,nonopposite,0.2,preference_control,2.25,-0.5,2.2431678771972656,-0.5019395351409912,2.2431678771972656,-0.5019395351409912,0.8706141710281372,1.3725537061691284,2.25,-0.5,0.875,1.375
qwen25_7b,18,valenced_nonopposite::deontic::003,valenced_nonopposite,deontic,valenced,nonopposite,0.4,preference_control,7.0,0.75,6.999005556106567,0.7539172172546387,6.999005556106567,0.7539172172546387,3.876461386680603,3.1225441694259644,7.0,0.75,3.875,3.125
qwen25_7b,18,valenced_nonopposite::deontic::003,valenced_nonopposite,deontic,valenced,nonopposite,0.6,preference_control,10.5,1.5,10.499915480613708,1.5019670724868774,10.499915480613708,1.5019670724868774,6.000941276550293,4.498974204063416,10.5,1.5,6.0,4.5
qwen25_7b,18,valenced_nonopposite::deontic::003,valenced_nonopposite,deontic,valenced,nonopposite,0.8,preference_control,13.375,2.25,13.374952673912048,2.2431893348693848,13.374952673912048,2.2431893348693848,7.8090710043907166,5.565881669521332,13.375,2.25,7.8125,5.5625
qwen25_7b,18,valenced_nonopposite::deontic::003,valenced_nonopposite,deontic,valenced,nonopposite,1.0,preference_control,15.625,2.5,15.624971628189089,2.4990639686584477,15.624971628189089,2.4990639686584477,9.062017798423769,6.56295382976532,15.625,2.5,9.0625,6.5625
qwen25_7b,18,valenced_nonopposite::deontic::004,valenced_nonopposite,deontic,valenced,nonopposite,-1.0,preference_control,-12.625,-8.125,-12.624805688858032,-8.123119235038757,-12.624805688858032,-8.123119235038757,-10.373962461948397,-2.250843226909637,-12.625,-8.125,-10.375,-2.25
qwen25_7b,18,valenced_nonopposite::deontic::004,valenced_nonopposite,deontic,valenced,nonopposite,-0.8,preference_control,-13.125,-9.25,-13.12484872341156,-9.249364256858826,-13.12484872341156,-9.249364256858826,-11.187106490135193,-1.9377422332763672,-13.125,-9.25,-11.1875,-1.9375
qwen25_7b,18,valenced_nonopposite::deontic::004,valenced_nonopposite,deontic,valenced,nonopposite,-0.6,preference_control,-12.75,-10.0,-12.749904751777647,-9.999755144119264,-12.749904751777647,-9.999755144119264,-11.374829947948456,-1.3750748038291931,-12.75,-10.0,-11.375,-1.375
qwen25_7b,18,valenced_nonopposite::deontic::004,valenced_nonopposite,deontic,valenced,nonopposite,-0.4,preference_control,-12.625,-10.75,-12.624942064285278,-10.74989414215088,-12.624942064285278,-10.74989414215088,-11.68741810321808,-0.9375239610671996,-12.625,-10.75,-11.6875,-0.9375
qwen25_7b,18,valenced_nonopposite::deontic::004,valenced_nonopposite,deontic,valenced,nonopposite,-0.2,preference_control,-11.375,-10.0,-11.374953866004944,-9.99992322921753,-11.374953866004944,-9.99992322921753,-10.687438547611237,-0.6875153183937073,-11.375,-10.0,-10.6875,-0.6875
qwen25_7b,18,valenced_nonopposite::deontic::004,valenced_nonopposite,deontic,valenced,nonopposite,0.0,preference_control,-9.125,-7.125,-9.124869585037231,-7.124180793762207,-9.124869585037231,-7.124180793762207,-8.12452518939972,-1.0003443956375122,-9.125,-7.125,-8.125,-1.0
qwen25_7b,18,valenced_nonopposite::deontic::004,valenced_nonopposite,deontic,valenced,nonopposite,0.2,preference_control,-1.75,-2.625,-1.753898024559021,-2.617672801017761,-1.753898024559021,-2.617672801017761,-2.185785412788391,0.4318873882293701,-1.75,-2.625,-2.1875,0.4375
qwen25_7b,18,valenced_nonopposite::deontic::004,valenced_nonopposite,deontic,valenced,nonopposite,0.4,preference_control,5.75,0.0,5.74678373336792,1.7881393432617188e-06,5.74678373336792,1.7881393432617188e-06,2.873392760753632,2.8733909726142883,5.75,0.0,2.875,2.875
qwen25_7b,18,valenced_nonopposite::deontic::004,valenced_nonopposite,deontic,valenced,nonopposite,0.6,preference_control,10.75,3.25,10.749955415725708,3.243165373802185,10.749955415725708,3.243165373802185,6.9965603947639465,3.7533950209617615,10.75,3.25,7.0,3.75
qwen25_7b,18,valenced_nonopposite::deontic::004,valenced_nonopposite,deontic,valenced,nonopposite,0.8,preference_control,13.625,5.875,13.624984979629517,5.872133016586304,13.624984979629517,5.872133016586304,9.74855899810791,3.8764259815216064,13.625,5.875,9.75,3.875
qwen25_7b,18,valenced_nonopposite::deontic::004,valenced_nonopposite,deontic,valenced,nonopposite,1.0,preference_control,16.25,5.625,16.24999701976776,5.621342062950134,16.24999701976776,5.621342062950134,10.935669541358948,5.3143274784088135,16.25,5.625,10.9375,5.3125
qwen25_7b,18,valenced_nonopposite::deontic::005,valenced_nonopposite,deontic,valenced,nonopposite,-1.0,preference_control,-12.875,-9.625,-12.886749982833862,-9.606599926948547,-12.886749982833862,-9.606599926948547,-11.246674954891205,-1.6400750279426577,-12.875,-9.625,-11.25,-1.625
qwen25_7b,18,valenced_nonopposite::deontic::005,valenced_nonopposite,deontic,valenced,nonopposite,-0.8,preference_control,-12.5,-10.0,-12.472809314727783,-9.990659475326538,-12.472809314727783,-9.990659475326538,-11.23173439502716,-1.2410749197006226,-12.5,-10.0,-11.25,-1.25
qwen25_7b,18,valenced_nonopposite::deontic::005,valenced_nonopposite,deontic,valenced,nonopposite,-0.6,preference_control,-11.5,-9.75,-11.485339045524595,-9.74393594264984,-11.485339045524595,-9.74393594264984,-10.61463749408722,-0.8707015514373779,-11.5,-9.75,-10.625,-0.875
qwen25_7b,18,valenced_nonopposite::deontic::005,valenced_nonopposite,deontic,valenced,nonopposite,-0.4,preference_control,-9.875,-9.0,-9.866074800491331,-8.996338129043579,-9.866074800491331,-8.996338129043579,-9.431206464767456,-0.4348683357238769,-9.875,-9.0,-9.4375,-0.4375
qwen25_7b,18,valenced_nonopposite::deontic::005,valenced_nonopposite,deontic,valenced,nonopposite,-0.2,preference_control,-6.75,-7.125,-6.743115782737732,-7.120231866836548,-6.743115782737732,-7.120231866836548,-6.93167382478714,0.1885580420494079,-6.75,-7.125,-6.9375,0.1875
qwen25_7b,18,valenced_nonopposite::deontic::005,valenced_nonopposite,deontic,valenced,nonopposite,0.0,preference_control,-1.0,-5.125,-1.0000195503234863,-5.116652131080627,-1.0000195503234863,-5.116652131080627,-3.058335840702057,2.0583162903785706,-1.0,-5.125,-3.0625,2.0625
qwen25_7b,18,valenced_nonopposite::deontic::005,valenced_nonopposite,deontic,valenced,nonopposite,0.2,preference_control,10.625,-2.5,10.624569416046144,-2.4980510473251343,10.624569416046144,-2.4980510473251343,4.063259184360504,6.561310231685638,10.625,-2.5,4.0625,6.5625
qwen25_7b,18,valenced_nonopposite::deontic::005,valenced_nonopposite,deontic,valenced,nonopposite,0.4,preference_control,16.25,-1.75,16.250018000602722,-1.753908634185791,16.250018000602722,-1.753908634185791,7.248054683208466,9.001963317394257,16.25,-1.75,7.25,9.0
qwen25_7b,18,valenced_nonopposite::deontic::005,valenced_nonopposite,deontic,valenced,nonopposite,0.6,preference_control,18.25,-0.75,18.250017523765564,-0.7539125680923462,18.250017523765564,-0.7539125680923462,8.748052477836609,9.501965045928957,18.25,-0.75,8.75,9.5
qwen25_7b,18,valenced_nonopposite::deontic::005,valenced_nonopposite,deontic,valenced,nonopposite,0.8,preference_control,19.375,0.0,19.37501072883606,-1.347064971923828e-05,19.37501072883606,-1.347064971923828e-05,9.68749862909317,9.68751209974289,19.375,0.0,9.6875,9.6875
qwen25_7b,18,valenced_nonopposite::deontic::005,valenced_nonopposite,deontic,valenced,nonopposite,1.0,preference_control,20.125,0.25,20.12499845027924,0.2499669790267944,20.12499845027924,0.2499669790267944,10.187482714653015,9.93751573562622,20.125,0.25,10.1875,9.9375
qwen25_7b,18,valenced_nonopposite::deontic::006,valenced_nonopposite,deontic,valenced,nonopposite,-1.0,preference_control,-10.75,-16.25,-10.75231122970581,-16.249848008155823,-10.75231122970581,-16.249848008155823,-13.501079618930817,2.748768389225006,-10.75,-16.25,-13.5,2.75
qwen25_7b,18,valenced_nonopposite::deontic::006,valenced_nonopposite,deontic,valenced,nonopposite,-0.8,preference_control,-11.0,-17.4375,-11.000356912612917,-17.499833345413208,-11.000356912612917,-17.499833345413208,-14.250095129013062,3.2497382164001465,-11.0,-17.4375,-14.21875,3.21875
qwen25_7b,18,valenced_nonopposite::deontic::006,valenced_nonopposite,deontic,valenced,nonopposite,-0.6,preference_control,-10.625,-18.5,-10.624822616577148,-18.49981844425201,-10.624822616577148,-18.49981844425201,-14.56232053041458,3.937497913837433,-10.625,-18.5,-14.5625,3.9375
qwen25_7b,18,valenced_nonopposite::deontic::006,valenced_nonopposite,deontic,valenced,nonopposite,-0.4,preference_control,-9.875,-18.75,-9.87458562850952,-18.749821543693542,-9.87458562850952,-18.749821543693542,-14.312203586101532,4.4376179575920105,-9.875,-18.75,-14.3125,4.4375
qwen25_7b,18,valenced_nonopposite::deontic::006,valenced_nonopposite,deontic,valenced,nonopposite,-0.2,preference_control,-8.875,-17.3125,-8.874553322792053,-17.374831080436707,-8.874553322792053,-17.374831080436707,-13.12469220161438,4.250138878822327,-8.875,-17.3125,-13.09375,4.21875
qwen25_7b,18,valenced_nonopposite::deontic::006,valenced_nonopposite,deontic,valenced,nonopposite,0.0,preference_control,-5.25,-14.375,-5.244309782981873,-14.37487280368805,-5.244309782981873,-14.37487280368805,-9.80959129333496,4.565281510353088,-5.25,-14.375,-9.8125,4.5625
qwen25_7b,18,valenced_nonopposite::deontic::006,valenced_nonopposite,deontic,valenced,nonopposite,0.2,preference_control,4.75,-5.625,4.741440892219544,-5.6212968826293945,4.741440892219544,-5.6212968826293945,-0.4399279952049255,5.181368887424469,4.75,-5.625,-0.4375,5.1875
qwen25_7b,18,valenced_nonopposite::deontic::006,valenced_nonopposite,deontic,valenced,nonopposite,0.4,preference_control,11.125,-2.25,11.125139117240906,-2.243584632873535,11.125139117240906,-2.243584632873535,4.440777242183685,6.6843618750572205,11.125,-2.25,4.4375,6.6875
qwen25_7b,18,valenced_nonopposite::deontic::006,valenced_nonopposite,deontic,valenced,nonopposite,0.6,preference_control,14.5,1.25,14.500128269195557,1.2480933666229248,14.500128269195557,1.2480933666229248,7.874110817909241,6.626017451286316,14.5,1.25,7.875,6.625
qwen25_7b,18,valenced_nonopposite::deontic::006,valenced_nonopposite,deontic,valenced,nonopposite,0.8,preference_control,16.5,4.625,16.500102996826172,4.615210175514221,16.500102996826172,4.615210175514221,10.557656586170197,5.942446410655975,16.5,4.625,10.5625,5.9375
qwen25_7b,18,valenced_nonopposite::deontic::006,valenced_nonopposite,deontic,valenced,nonopposite,1.0,preference_control,19.0,6.25,19.0001118183136,6.2480164766311646,19.0001118183136,6.2480164766311646,12.624064147472382,6.376047670841217,19.0,6.25,12.625,6.375
qwen25_7b,18,valenced_nonopposite::deontic::007,valenced_nonopposite,deontic,valenced,nonopposite,-1.0,preference_control,-5.25,-10.875,-5.244454026222229,-10.874870657920836,-5.244454026222229,-10.874870657920836,-8.059662342071533,2.815208315849304,-5.25,-10.875,-8.0625,2.8125
qwen25_7b,18,valenced_nonopposite::deontic::007,valenced_nonopposite,deontic,valenced,nonopposite,-0.8,preference_control,-4.375,-11.75,-4.3623247146606445,-11.749944686889648,-4.3623247146606445,-11.749944686889648,-8.056134700775146,3.693809986114502,-4.375,-11.75,-8.0625,3.6875
qwen25_7b,18,valenced_nonopposite::deontic::007,valenced_nonopposite,deontic,valenced,nonopposite,-0.6,preference_control,-2.625,-11.875,-2.617186665534973,-11.874963760375977,-2.617186665534973,-11.874963760375977,-7.246075212955475,4.628888547420502,-2.625,-11.875,-7.25,4.625
qwen25_7b,18,valenced_nonopposite::deontic::007,valenced_nonopposite,deontic,valenced,nonopposite,-0.4,preference_control,-0.125,-10.75,-0.1249916553497314,-10.749949932098389,-0.1249916553497314,-10.749949932098389,-5.43747079372406,5.312479138374329,-0.125,-10.75,-5.4375,5.3125
qwen25_7b,18,valenced_nonopposite::deontic::007,valenced_nonopposite,deontic,valenced,nonopposite,-0.2,preference_control,3.625,-8.25,3.629651546478272,-8.24970018863678,3.629651546478272,-8.24970018863678,-2.310024321079254,5.939675867557526,3.625,-8.25,-2.3125,5.9375
qwen25_7b,18,valenced_nonopposite::deontic::007,valenced_nonopposite,deontic,valenced,nonopposite,0.0,preference_control,9.375,-5.875,9.374738454818726,-5.872117400169373,9.374738454818726,-5.872117400169373,1.7513105273246763,7.623427927494049,9.375,-5.875,1.75,7.625
qwen25_7b,18,valenced_nonopposite::deontic::007,valenced_nonopposite,deontic,valenced,nonopposite,0.2,preference_control,17.5,-2.5,17.499905705451965,-2.498536229133606,17.499905705451965,-2.498536229133606,7.50068473815918,9.999220967292786,17.5,-2.5,7.5,10.0
qwen25_7b,18,valenced_nonopposite::deontic::007,valenced_nonopposite,deontic,valenced,nonopposite,0.4,preference_control,20.625,0.25,20.624924898147583,0.2499986886978149,20.624924898147583,0.2499986886978149,10.4374617934227,10.187463104724884,20.625,0.25,10.4375,10.1875
qwen25_7b,18,valenced_nonopposite::deontic::007,valenced_nonopposite,deontic,valenced,nonopposite,0.6,preference_control,22.0,1.5,21.999895215034485,1.5009750127792358,21.999895215034485,1.5009750127792358,11.75043511390686,10.249460101127625,22.0,1.5,11.75,10.25
qwen25_7b,18,valenced_nonopposite::deontic::007,valenced_nonopposite,deontic,valenced,nonopposite,0.8,preference_control,22.25,1.75,22.249823689460754,1.7529280185699463,22.249823689460754,1.7529280185699463,12.00137585401535,10.248447835445404,22.25,1.75,12.0,10.25
qwen25_7b,18,valenced_nonopposite::deontic::007,valenced_nonopposite,deontic,valenced,nonopposite,1.0,preference_control,21.5,0.75,21.499605298042297,0.753902792930603,21.499605298042297,0.753902792930603,11.12675404548645,10.372851252555847,21.5,0.75,11.125,10.375
qwen25_7b,18,valenced_nonopposite::deontic::008,valenced_nonopposite,deontic,valenced,nonopposite,-1.0,preference_control,-10.625,-6.75,-10.62491810321808,-6.748824954032898,-10.62491810321808,-6.748824954032898,-8.686871528625488,-1.9380465745925903,-10.625,-6.75,-8.6875,-1.9375
qwen25_7b,18,valenced_nonopposite::deontic::008,valenced_nonopposite,deontic,valenced,nonopposite,-0.8,preference_control,-10.75,-7.5,-10.749942302703856,-7.499520540237427,-10.749942302703856,-7.499520540237427,-9.124731421470642,-1.625210881233215,-10.75,-7.5,-9.125,-1.625
qwen25_7b,18,valenced_nonopposite::deontic::008,valenced_nonopposite,deontic,valenced,nonopposite,-0.6,preference_control,-10.875,-8.5,-10.87495768070221,-8.499961137771606,-10.87495768070221,-8.499961137771606,-9.687459409236908,-1.1874982714653015,-10.875,-8.5,-9.6875,-1.1875
qwen25_7b,18,valenced_nonopposite::deontic::008,valenced_nonopposite,deontic,valenced,nonopposite,-0.4,preference_control,-10.25,-8.75,-10.249956965446472,-8.75014615058899,-10.249956965446472,-8.75014615058899,-9.50005155801773,-0.7499054074287415,-10.25,-8.75,-9.5,-0.75
qwen25_7b,18,valenced_nonopposite::deontic::008,valenced_nonopposite,deontic,valenced,nonopposite,-0.2,preference_control,-8.25,-8.375,-8.24974012374878,-8.375126838684082,-8.24974012374878,-8.375126838684082,-8.31243348121643,0.0626933574676513,-8.25,-8.375,-8.3125,0.0625
qwen25_7b,18,valenced_nonopposite::deontic::008,valenced_nonopposite,deontic,valenced,nonopposite,0.0,preference_control,-1.75,-6.0,-1.7539507150650024,-5.997887372970581,-1.7539507150650024,-5.997887372970581,-3.875919044017792,2.1219683289527893,-1.75,-6.0,-3.875,2.125
qwen25_7b,18,valenced_nonopposite::deontic::008,valenced_nonopposite,deontic,valenced,nonopposite,0.2,preference_control,8.25,-2.75,8.24969220161438,-2.750447630882263,8.24969220161438,-2.750447630882263,2.7496222853660583,5.5000699162483215,8.25,-2.75,2.75,5.5
qwen25_7b,18,valenced_nonopposite::deontic::008,valenced_nonopposite,deontic,valenced,nonopposite,0.4,preference_control,13.75,-0.5,13.749984979629517,-0.4982039928436279,13.749984979629517,-0.4982039928436279,6.625890493392944,7.124094486236572,13.75,-0.5,6.625,7.125
qwen25_7b,18,valenced_nonopposite::deontic::008,valenced_nonopposite,deontic,valenced,nonopposite,0.6,preference_control,17.375,2.0,17.37499475479126,1.9979640245437624,17.37499475479126,1.9979640245437624,9.686479389667513,7.688515365123749,17.375,2.0,9.6875,7.6875
qwen25_7b,18,valenced_nonopposite::deontic::008,valenced_nonopposite,deontic,valenced,nonopposite,0.8,preference_control,19.25,4.25,19.2500022649765,4.235796451568604,19.2500022649765,4.235796451568604,11.742899358272552,7.507102906703949,19.25,4.25,11.75,7.5
qwen25_7b,18,valenced_nonopposite::deontic::008,valenced_nonopposite,deontic,valenced,nonopposite,1.0,preference_control,20.125,3.5,20.12500500679016,3.5014482736587524,20.12500500679016,3.5014482736587524,11.813226640224457,8.311778366565704,20.125,3.5,11.8125,8.3125
qwen25_7b,18,valenced_nonopposite::deontic::009,valenced_nonopposite,deontic,valenced,nonopposite,-1.0,preference_control,-11.5,-7.0,-11.5121488571167,-7.006481647491455,-11.5121488571167,-7.006481647491455,-9.259315252304075,-2.252833604812622,-11.5,-7.0,-9.25,-2.25
qwen25_7b,18,valenced_nonopposite::deontic::009,valenced_nonopposite,deontic,valenced,nonopposite,-0.8,preference_control,-11.5,-7.5,-11.510812997817991,-7.502227783203125,-11.510812997817991,-7.502227783203125,-9.50652039051056,-2.004292607307434,-11.5,-7.5,-9.5,-2.0
qwen25_7b,18,valenced_nonopposite::deontic::009,valenced_nonopposite,deontic,valenced,nonopposite,-0.6,preference_control,-11.625,-7.5,-11.63447904586792,-7.50063693523407,-11.63447904586792,-7.50063693523407,-9.567557990550997,-2.066921055316925,-11.625,-7.5,-9.5625,-2.0625
qwen25_7b,18,valenced_nonopposite::deontic::009,valenced_nonopposite,deontic,valenced,nonopposite,-0.4,preference_control,-10.0,-7.125,-10.005024671554564,-7.124767184257507,-10.005024671554564,-7.124767184257507,-8.564895927906036,-1.440128743648529,-10.0,-7.125,-8.5625,-1.4375
qwen25_7b,18,valenced_nonopposite::deontic::009,valenced_nonopposite,deontic,valenced,nonopposite,-0.2,preference_control,-4.75,-5.375,-4.743198871612549,-5.3708800077438354,-4.743198871612549,-5.3708800077438354,-5.057039439678192,0.3138405680656433,-4.75,-5.375,-5.0625,0.3125
qwen25_7b,18,valenced_nonopposite::deontic::009,valenced_nonopposite,deontic,valenced,nonopposite,0.0,preference_control,3.5,-2.375,3.5010749101638794,-2.380225658416748,3.5010749101638794,-2.380225658416748,0.5604246258735657,2.9406502842903137,3.5,-2.375,0.5625,2.9375
qwen25_7b,18,valenced_nonopposite::deontic::009,valenced_nonopposite,deontic,valenced,nonopposite,0.2,preference_control,15.125,1.875,15.124866604804993,1.872905969619751,15.124866604804993,1.872905969619751,8.498886287212372,6.625980317592621,15.125,1.875,8.5,6.625
qwen25_7b,18,valenced_nonopposite::deontic::009,valenced_nonopposite,deontic,valenced,nonopposite,0.4,preference_control,19.375,5.5,19.374827980995175,5.49577260017395,19.374827980995175,5.49577260017395,12.435300290584564,6.939527690410614,19.375,5.5,12.4375,6.9375
qwen25_7b,18,valenced_nonopposite::deontic::009,valenced_nonopposite,deontic,valenced,nonopposite,0.6,preference_control,20.375,8.875,20.37469041347504,8.874746680259705,20.37469041347504,8.874746680259705,14.62471854686737,5.749971866607666,20.375,8.875,14.625,5.75
qwen25_7b,18,valenced_nonopposite::deontic::009,valenced_nonopposite,deontic,valenced,nonopposite,0.8,preference_control,21.875,11.75,21.874563813209534,11.749828934669496,21.874563813209534,11.749828934669496,16.812196373939514,5.06236743927002,21.875,11.75,16.8125,5.0625
qwen25_7b,18,valenced_nonopposite::deontic::009,valenced_nonopposite,deontic,valenced,nonopposite,1.0,preference_control,21.75,11.625,21.749452114105225,11.624767780303957,21.749452114105225,11.624767780303957,16.68710994720459,5.062342166900635,21.75,11.625,16.6875,5.0625
qwen25_7b,18,valenced_nonopposite::deontic::010,valenced_nonopposite,deontic,valenced,nonopposite,-1.0,preference_control,-5.75,-5.5,-5.746749877929688,-5.4957275390625,-5.746749877929688,-5.4957275390625,-5.621238708496094,-0.1255111694335937,-5.75,-5.5,-5.625,-0.125
qwen25_7b,18,valenced_nonopposite::deontic::010,valenced_nonopposite,deontic,valenced,nonopposite,-0.8,preference_control,-5.375,-6.75,-5.370330810546875,-6.74871826171875,-5.370330810546875,-6.74871826171875,-6.0595245361328125,0.6891937255859375,-5.375,-6.75,-6.0625,0.6875
qwen25_7b,18,valenced_nonopposite::deontic::010,valenced_nonopposite,deontic,valenced,nonopposite,-0.6,preference_control,-5.125,-7.625,-5.1190185546875,-7.624427795410156,-5.1190185546875,-7.624427795410156,-6.371723175048828,1.252704620361328,-5.125,-7.625,-6.375,1.25
qwen25_7b,18,valenced_nonopposite::deontic::010,valenced_nonopposite,deontic,valenced,nonopposite,-0.4,preference_control,-4.0,-7.25,-4.0130615234375,-7.249210357666016,-4.0130615234375,-7.249210357666016,-5.631135940551758,1.6180744171142578,-4.0,-7.25,-5.625,1.625
qwen25_7b,18,valenced_nonopposite::deontic::010,valenced_nonopposite,deontic,valenced,nonopposite,-0.2,preference_control,-0.5,-5.5,-0.498046875,-5.495819091796875,-0.498046875,-5.495819091796875,-2.996932983398437,2.498886108398437,-0.5,-5.5,-3.0,2.5
qwen25_7b,18,valenced_nonopposite::deontic::010,valenced_nonopposite,deontic,valenced,nonopposite,0.0,preference_control,4.375,-2.25,4.36248779296875,-2.24365234375,4.36248779296875,-2.24365234375,1.059417724609375,3.303070068359375,4.375,-2.25,1.0625,3.3125
qwen25_7b,18,valenced_nonopposite::deontic::010,valenced_nonopposite,deontic,valenced,nonopposite,0.2,preference_control,12.5,1.75,12.49998950958252,1.75390625,12.49998950958252,1.75390625,7.12694787979126,5.37304162979126,12.5,1.75,7.125,5.375
qwen25_7b,18,valenced_nonopposite::deontic::010,valenced_nonopposite,deontic,valenced,nonopposite,0.4,preference_control,17.875,4.25,17.874995827674866,4.23583984375,17.874995827674866,4.23583984375,11.055417835712433,6.819577991962433,17.875,4.25,11.0625,6.8125
qwen25_7b,18,valenced_nonopposite::deontic::010,valenced_nonopposite,deontic,valenced,nonopposite,0.6,preference_control,21.875,7.25,21.874996542930603,7.2492828369140625,21.874996542930603,7.2492828369140625,14.562139689922333,7.31285685300827,21.875,7.25,14.5625,7.3125
qwen25_7b,18,valenced_nonopposite::deontic::010,valenced_nonopposite,deontic,valenced,nonopposite,0.8,preference_control,25.125,10.375,25.1249977350235,10.37496280670166,25.1249977350235,10.37496280670166,17.74998027086258,7.375017464160919,25.125,10.375,17.75,7.375
qwen25_7b,18,valenced_nonopposite::deontic::010,valenced_nonopposite,deontic,valenced,nonopposite,1.0,preference_control,26.4375,10.375,26.499997854232788,10.374963283538818,26.499997854232788,10.374963283538818,18.437480568885803,8.062517285346985,26.4375,10.375,18.40625,8.03125
qwen25_7b,18,valenced_nonopposite::deontic::011,valenced_nonopposite,deontic,valenced,nonopposite,-1.0,preference_control,-9.625,-9.75,-9.624882698059082,-9.749873876571655,-9.624882698059082,-9.749873876571655,-9.687378287315369,0.0624955892562866,-9.625,-9.75,-9.6875,0.0625
qwen25_7b,18,valenced_nonopposite::deontic::011,valenced_nonopposite,deontic,valenced,nonopposite,-0.8,preference_control,-9.0,-9.875,-8.99983561038971,-9.874916315078735,-8.99983561038971,-9.874916315078735,-9.437375962734222,0.4375403523445129,-9.0,-9.875,-9.4375,0.4375
qwen25_7b,18,valenced_nonopposite::deontic::011,valenced_nonopposite,deontic,valenced,nonopposite,-0.6,preference_control,-7.875,-9.625,-7.874573349952698,-9.624911189079285,-7.874573349952698,-9.624911189079285,-8.749742269515991,0.8751689195632935,-7.875,-9.625,-8.75,0.875
qwen25_7b,18,valenced_nonopposite::deontic::011,valenced_nonopposite,deontic,valenced,nonopposite,-0.4,preference_control,-6.5,-8.875,-6.498432874679565,-8.874839663505554,-6.498432874679565,-8.874839663505554,-7.68663626909256,1.1882033944129944,-6.5,-8.875,-7.6875,1.1875
qwen25_7b,18,valenced_nonopposite::deontic::011,valenced_nonopposite,deontic,valenced,nonopposite,-0.2,preference_control,-3.625,-7.375,-3.629759907722473,-7.374351501464844,-3.629759907722473,-7.374351501464844,-5.502055704593658,1.8722957968711853,-3.625,-7.375,-5.5,1.875
qwen25_7b,18,valenced_nonopposite::deontic::011,valenced_nonopposite,deontic,valenced,nonopposite,0.0,preference_control,1.125,-5.375,1.125002384185791,-5.370358347892761,1.125002384185791,-5.370358347892761,-2.122677981853485,3.247680366039276,1.125,-5.375,-2.125,3.25
qwen25_7b,18,valenced_nonopposite::deontic::011,valenced_nonopposite,deontic,valenced,nonopposite,0.2,preference_control,10.875,-1.25,10.870853900909424,-1.2480440139770508,10.870853900909424,-1.2480440139770508,4.8114049434661865,6.059448957443237,10.875,-1.25,4.8125,6.0625
qwen25_7b,18,valenced_nonopposite::deontic::011,valenced_nonopposite,deontic,valenced,nonopposite,0.4,preference_control,17.375,3.75,17.371789693832397,3.756960153579712,17.371789693832397,3.756960153579712,10.564374923706056,6.807414770126343,17.375,3.75,10.5625,6.8125
qwen25_7b,18,valenced_nonopposite::deontic::011,valenced_nonopposite,deontic,valenced,nonopposite,0.6,preference_control,19.875,7.0,19.872493982315063,6.998576521873474,19.872493982315063,6.998576521873474,13.435535252094269,6.436958730220795,19.875,7.0,13.4375,6.4375
qwen25_7b,18,valenced_nonopposite::deontic::011,valenced_nonopposite,deontic,valenced,nonopposite,0.8,preference_control,21.1875,8.5,21.247169017791748,8.499436020851135,21.247169017791748,8.499436020851135,14.873302519321442,6.373866498470306,21.1875,8.5,14.84375,6.34375
qwen25_7b,18,valenced_nonopposite::deontic::011,valenced_nonopposite,deontic,valenced,nonopposite,1.0,preference_control,22.3125,7.375,22.372799038887024,7.373919367790222,22.372799038887024,7.373919367790222,14.873359203338625,7.499439835548401,22.3125,7.375,14.84375,7.46875
qwen25_7b,18,valenced_nonopposite::deontic::012,valenced_nonopposite,deontic,valenced,nonopposite,-1.0,preference_control,-9.0,-6.25,-9.000215411186218,-6.247125506401062,-9.000215411186218,-6.247125506401062,-7.62367045879364,-1.376544952392578,-9.0,-6.25,-7.625,-1.375
qwen25_7b,18,valenced_nonopposite::deontic::012,valenced_nonopposite,deontic,valenced,nonopposite,-0.8,preference_control,-9.5,-7.0,-9.499331951141356,-6.998032450675964,-9.499331951141356,-6.998032450675964,-8.248682200908661,-1.2506497502326963,-9.5,-7.0,-8.25,-1.25
qwen25_7b,18,valenced_nonopposite::deontic::012,valenced_nonopposite,deontic,valenced,nonopposite,-0.6,preference_control,-10.0,-7.875,-9.999134063720703,-7.873846411705017,-9.999134063720703,-7.873846411705017,-8.93649023771286,-1.062643826007843,-10.0,-7.875,-8.9375,-1.0625
qwen25_7b,18,valenced_nonopposite::deontic::012,valenced_nonopposite,deontic,valenced,nonopposite,-0.4,preference_control,-10.25,-7.875,-10.249330043792725,-7.873627185821533,-10.249330043792725,-7.873627185821533,-9.061478614807127,-1.1878514289855957,-10.25,-7.875,-9.0625,-1.1875
qwen25_7b,18,valenced_nonopposite::deontic::012,valenced_nonopposite,deontic,valenced,nonopposite,-0.2,preference_control,-9.125,-6.625,-9.124274730682371,-6.622714042663574,-9.124274730682371,-6.622714042663574,-7.873494386672974,-1.2507803440093994,-9.125,-6.625,-7.875,-1.25
qwen25_7b,18,valenced_nonopposite::deontic::012,valenced_nonopposite,deontic,valenced,nonopposite,0.0,preference_control,-4.75,-3.0,-4.740522265434265,-2.9967859983444214,-4.740522265434265,-2.9967859983444214,-3.8686541318893433,-0.8718681335449219,-4.75,-3.0,-3.875,-0.875
qwen25_7b,18,valenced_nonopposite::deontic::012,valenced_nonopposite,deontic,valenced,nonopposite,0.2,preference_control,6.375,1.875,6.3731536865234375,1.8729227781295776,6.3731536865234375,1.8729227781295776,4.123038232326508,2.25011545419693,6.375,1.875,4.125,2.25
qwen25_7b,18,valenced_nonopposite::deontic::012,valenced_nonopposite,deontic,valenced,nonopposite,0.4,preference_control,12.75,3.875,12.749886870384216,3.870031476020813,12.749886870384216,3.870031476020813,8.309959173202515,4.439927697181702,12.75,3.875,8.3125,4.4375
qwen25_7b,18,valenced_nonopposite::deontic::012,valenced_nonopposite,deontic,valenced,nonopposite,0.6,preference_control,16.875,4.875,16.874870657920837,4.867307424545288,16.874870657920837,4.867307424545288,10.871089041233065,6.003781616687775,16.875,4.875,10.875,6.0
qwen25_7b,18,valenced_nonopposite::deontic::012,valenced_nonopposite,deontic,valenced,nonopposite,0.8,preference_control,20.375,5.625,20.37481439113617,5.6212358474731445,20.37481439113617,5.6212358474731445,12.998025119304655,7.376789271831512,20.375,5.625,13.0,7.375
qwen25_7b,18,valenced_nonopposite::deontic::012,valenced_nonopposite,deontic,valenced,nonopposite,1.0,preference_control,22.875,5.125,22.8747193813324,5.118875980377197,22.8747193813324,5.118875980377197,13.996797680854796,8.8779217004776,22.875,5.125,14.0,8.875
qwen25_7b,18,valenced_nonopposite::deontic::013,valenced_nonopposite,deontic,valenced,nonopposite,-1.0,preference_control,-7.75,-8.25,-7.745750427246094,-8.25725269317627,-7.745750427246094,-8.25725269317627,-8.001501560211182,0.2557511329650879,-7.75,-8.25,-8.0,0.25
qwen25_7b,18,valenced_nonopposite::deontic::013,valenced_nonopposite,deontic,valenced,nonopposite,-0.8,preference_control,-7.625,-9.25,-7.622903227806091,-9.253214716911316,-7.622903227806091,-9.253214716911316,-8.438058972358704,0.8151557445526123,-7.625,-9.25,-8.4375,0.8125
qwen25_7b,18,valenced_nonopposite::deontic::013,valenced_nonopposite,deontic,valenced,nonopposite,-0.6,preference_control,-7.5,-10.25,-7.494053840637207,-10.221082925796509,-7.494053840637207,-10.221082925796509,-8.857568383216858,1.3635145425796509,-7.5,-10.25,-8.875,1.375
qwen25_7b,18,valenced_nonopposite::deontic::013,valenced_nonopposite,deontic,valenced,nonopposite,-0.4,preference_control,-7.125,-11.625,-7.123006105422974,-11.646921753883362,-7.123006105422974,-11.646921753883362,-9.384963929653168,2.261957824230194,-7.125,-11.625,-9.375,2.25
qwen25_7b,18,valenced_nonopposite::deontic::013,valenced_nonopposite,deontic,valenced,nonopposite,-0.2,preference_control,-5.625,-11.875,-5.612276911735535,-11.89596152305603,-5.612276911735535,-11.89596152305603,-8.754119217395782,3.141842305660248,-5.625,-11.875,-8.75,3.125
qwen25_7b,18,valenced_nonopposite::deontic::013,valenced_nonopposite,deontic,valenced,nonopposite,0.0,preference_control,-1.5,-10.875,-1.499983310699463,-10.877664685249329,-1.499983310699463,-10.877664685249329,-6.188823997974396,4.688840687274933,-1.5,-10.875,-6.1875,4.6875
qwen25_7b,18,valenced_nonopposite::deontic::013,valenced_nonopposite,deontic,valenced,nonopposite,0.2,preference_control,8.375,-4.625,8.374448299407959,-4.618638038635254,8.374448299407959,-4.618638038635254,1.8779051303863523,6.4965431690216064,8.375,-4.625,1.875,6.5
qwen25_7b,18,valenced_nonopposite::deontic::013,valenced_nonopposite,deontic,valenced,nonopposite,0.4,preference_control,15.5,-0.625,15.499980211257936,-0.6210824251174927,15.499980211257936,-0.6210824251174927,7.439448893070221,8.060531318187714,15.5,-0.625,7.4375,8.0625
qwen25_7b,18,valenced_nonopposite::deontic::013,valenced_nonopposite,deontic,valenced,nonopposite,0.6,preference_control,20.125,2.0,20.125017523765564,1.9990355968475344,20.125017523765564,1.9990355968475344,11.062026560306547,9.062990963459017,20.125,2.0,11.0625,9.0625
qwen25_7b,18,valenced_nonopposite::deontic::013,valenced_nonopposite,deontic,valenced,nonopposite,0.8,preference_control,22.5,2.875,22.5003901720047,2.873125910758972,22.5003901720047,2.873125910758972,12.686758041381836,9.813632130622864,22.5,2.875,12.6875,9.8125
qwen25_7b,18,valenced_nonopposite::deontic::013,valenced_nonopposite,deontic,valenced,nonopposite,1.0,preference_control,23.1875,3.0,23.25929749011993,2.995909810066223,23.25929749011993,2.995909810066223,13.12760365009308,10.131693840026855,23.1875,3.0,13.09375,10.09375
qwen25_7b,18,valenced_nonopposite::deontic::014,valenced_nonopposite,deontic,valenced,nonopposite,-1.0,preference_control,-8.0,-3.125,-7.999691605567932,-3.128955721855164,-7.999691605567932,-3.128955721855164,-5.564323663711548,-2.4353679418563843,-8.0,-3.125,-5.5625,-2.4375
qwen25_7b,18,valenced_nonopposite::deontic::014,valenced_nonopposite,deontic,valenced,nonopposite,-0.8,preference_control,-7.625,-4.25,-7.624560475349426,-4.235857605934143,-7.624560475349426,-4.235857605934143,-5.930209040641785,-1.6943514347076416,-7.625,-4.25,-5.9375,-1.6875
qwen25_7b,18,valenced_nonopposite::deontic::014,valenced_nonopposite,deontic,valenced,nonopposite,-0.6,preference_control,-6.625,-5.375,-6.623738646507263,-5.370373487472534,-6.623738646507263,-5.370373487472534,-5.997056066989899,-0.6266825795173645,-6.625,-5.375,-6.0,-0.625
qwen25_7b,18,valenced_nonopposite::deontic::014,valenced_nonopposite,deontic,valenced,nonopposite,-0.4,preference_control,-5.0,-6.125,-4.993328928947449,-6.122794508934021,-4.993328928947449,-6.122794508934021,-5.558061718940735,0.5647327899932861,-5.0,-6.125,-5.5625,0.5625
qwen25_7b,18,valenced_nonopposite::deontic::014,valenced_nonopposite,deontic,valenced,nonopposite,-0.2,preference_control,-0.5,-6.625,-0.4980518817901611,-6.6236491203308105,-0.4980518817901611,-6.6236491203308105,-3.560850501060486,3.0627986192703247,-0.5,-6.625,-3.5625,3.0625
qwen25_7b,18,valenced_nonopposite::deontic::014,valenced_nonopposite,deontic,valenced,nonopposite,0.0,preference_control,5.875,-6.5,5.872184991836548,-6.498459219932556,5.872184991836548,-6.498459219932556,-0.3131371140480041,6.185322105884552,5.875,-6.5,-0.3125,6.1875
qwen25_7b,18,valenced_nonopposite::deontic::014,valenced_nonopposite,deontic,valenced,nonopposite,0.2,preference_control,13.375,-6.875,13.374993443489076,-6.873952150344849,13.374993443489076,-6.873952150344849,3.250520646572113,10.124472796916962,13.375,-6.875,3.25,10.125
qwen25_7b,18,valenced_nonopposite::deontic::014,valenced_nonopposite,deontic,valenced,nonopposite,0.4,preference_control,18.75,-8.25,18.74999713897705,-8.249732971191406,18.74999713897705,-8.249732971191406,5.250132083892822,13.499865055084229,18.75,-8.25,5.25,13.5
qwen25_7b,18,valenced_nonopposite::deontic::014,valenced_nonopposite,deontic,valenced,nonopposite,0.6,preference_control,23.0,-10.125,22.999996542930603,-10.12495768070221,22.999996542930603,-10.12495768070221,6.437519431114197,16.562477111816406,23.0,-10.125,6.4375,16.5625
qwen25_7b,18,valenced_nonopposite::deontic::014,valenced_nonopposite,deontic,valenced,nonopposite,0.8,preference_control,25.25,-11.5,25.24999725818634,-11.499991297721865,25.24999725818634,-11.499991297721865,6.875002980232239,18.3749942779541,25.25,-11.5,6.875,18.375
qwen25_7b,18,valenced_nonopposite::deontic::014,valenced_nonopposite,deontic,valenced,nonopposite,1.0,preference_control,25.75,-12.625,25.749996423721317,-12.625001788139343,25.749996423721317,-12.625001788139343,6.562497317790985,19.18749910593033,25.75,-12.625,6.5625,19.1875
qwen25_7b,18,valenced_nonopposite::deontic::015,valenced_nonopposite,deontic,valenced,nonopposite,-1.0,preference_control,-7.875,-3.625,-7.869624972343445,-3.629373788833618,-7.869624972343445,-3.629373788833618,-5.749499380588532,-2.1201255917549133,-7.875,-3.625,-5.75,-2.125
qwen25_7b,18,valenced_nonopposite::deontic::015,valenced_nonopposite,deontic,valenced,nonopposite,-0.8,preference_control,-7.75,-3.625,-7.744262218475342,-3.628281831741333,-7.744262218475342,-3.628281831741333,-5.686272025108337,-2.0579901933670044,-7.75,-3.625,-5.6875,-2.0625
qwen25_7b,18,valenced_nonopposite::deontic::015,valenced_nonopposite,deontic,valenced,nonopposite,-0.6,preference_control,-7.25,-3.375,-7.243512034416199,-3.3845280408859253,-7.243512034416199,-3.3845280408859253,-5.314020037651062,-1.9294919967651367,-7.25,-3.375,-5.3125,-1.9375
qwen25_7b,18,valenced_nonopposite::deontic::015,valenced_nonopposite,deontic,valenced,nonopposite,-0.4,preference_control,-6.25,-2.25,-6.241304874420166,-2.252848267555237,-6.241304874420166,-2.252848267555237,-4.247076570987701,-1.9942283034324648,-6.25,-2.25,-4.25,-2.0
qwen25_7b,18,valenced_nonopposite::deontic::015,valenced_nonopposite,deontic,valenced,nonopposite,-0.2,preference_control,-3.875,-0.625,-3.877885103225708,-0.6285755634307861,-3.877885103225708,-0.6285755634307861,-2.253230333328247,-1.624654769897461,-3.875,-0.625,-2.25,-1.625
qwen25_7b,18,valenced_nonopposite::deontic::015,valenced_nonopposite,deontic,valenced,nonopposite,0.0,preference_control,1.25,2.375,1.2535231113433838,2.377934217453003,1.2535231113433838,2.377934217453003,1.8157286643981931,-0.5622055530548096,1.25,2.375,1.8125,-0.5625
qwen25_7b,18,valenced_nonopposite::deontic::015,valenced_nonopposite,deontic,valenced,nonopposite,0.2,preference_control,10.625,6.75,10.624937772750854,6.748508930206299,10.624937772750854,6.748508930206299,8.686723351478577,1.9382144212722776,10.625,6.75,8.6875,1.9375
qwen25_7b,18,valenced_nonopposite::deontic::015,valenced_nonopposite,deontic,valenced,nonopposite,0.4,preference_control,15.375,9.125,15.375003099441528,9.124794721603394,15.375003099441528,9.124794721603394,12.24989891052246,3.1251041889190674,15.375,9.125,12.25,3.125
qwen25_7b,18,valenced_nonopposite::deontic::015,valenced_nonopposite,deontic,valenced,nonopposite,0.6,preference_control,17.875,10.25,17.87501549720764,10.249914646148682,17.87501549720764,10.249914646148682,14.062465071678162,3.81255042552948,17.875,10.25,14.0625,3.8125
qwen25_7b,18,valenced_nonopposite::deontic::015,valenced_nonopposite,deontic,valenced,nonopposite,0.8,preference_control,20.75,12.25,20.750043869018555,12.249906539916992,20.750043869018555,12.249906539916992,16.499975204467773,4.250068664550781,20.75,12.25,16.5,4.25
qwen25_7b,18,valenced_nonopposite::deontic::015,valenced_nonopposite,deontic,valenced,nonopposite,1.0,preference_control,23.25,12.375,23.25005149841309,12.37479829788208,23.25005149841309,12.37479829788208,17.812424898147583,5.437626600265503,23.25,12.375,17.8125,5.4375
qwen25_7b,18,valenced_nonopposite::deontic::016,valenced_nonopposite,deontic,valenced,nonopposite,-1.0,preference_control,-7.875,-7.5,-7.874069929122925,-7.498481273651123,-7.874069929122925,-7.498481273651123,-7.686275601387024,-0.1877943277359008,-7.875,-7.5,-7.6875,-0.1875
qwen25_7b,18,valenced_nonopposite::deontic::016,valenced_nonopposite,deontic,valenced,nonopposite,-0.8,preference_control,-7.5,-8.0,-7.498789429664612,-7.998839020729065,-7.498789429664612,-7.998839020729065,-7.748814225196838,0.2500247955322265,-7.5,-8.0,-7.75,0.25
qwen25_7b,18,valenced_nonopposite::deontic::016,valenced_nonopposite,deontic,valenced,nonopposite,-0.6,preference_control,-6.875,-7.75,-6.873087167739868,-7.748550534248352,-6.873087167739868,-7.748550534248352,-7.31081885099411,0.4377316832542419,-6.875,-7.75,-7.3125,0.4375
qwen25_7b,18,valenced_nonopposite::deontic::016,valenced_nonopposite,deontic,valenced,nonopposite,-0.4,preference_control,-5.875,-7.0,-5.870588421821594,-6.997658491134644,-5.870588421821594,-6.997658491134644,-6.434123456478119,0.5635350346565247,-5.875,-7.0,-6.4375,0.5625
qwen25_7b,18,valenced_nonopposite::deontic::016,valenced_nonopposite,deontic,valenced,nonopposite,-0.2,preference_control,-4.375,-5.625,-4.360294699668884,-5.619178414344788,-4.360294699668884,-5.619178414344788,-4.989736557006836,0.6294418573379517,-4.375,-5.625,-5.0,0.625
qwen25_7b,18,valenced_nonopposite::deontic::016,valenced_nonopposite,deontic,valenced,nonopposite,0.0,preference_control,-0.25,-3.75,-0.2500725984573364,-3.755866289138794,-0.2500725984573364,-3.755866289138794,-2.002969443798065,1.7528968453407288,-0.25,-3.75,-2.0,1.75
qwen25_7b,18,valenced_nonopposite::deontic::016,valenced_nonopposite,deontic,valenced,nonopposite,0.2,preference_control,9.0,-0.125,8.999772548675537,-0.125007152557373,8.999772548675537,-0.125007152557373,4.437382698059082,4.562389850616455,9.0,-0.125,4.4375,4.5625
qwen25_7b,18,valenced_nonopposite::deontic::016,valenced_nonopposite,deontic,valenced,nonopposite,0.4,preference_control,14.875,3.375,14.874939203262327,3.3725515604019165,14.874939203262327,3.3725515604019165,9.123745381832125,5.751193821430206,14.875,3.375,9.125,5.75
qwen25_7b,18,valenced_nonopposite::deontic::016,valenced_nonopposite,deontic,valenced,nonopposite,0.6,preference_control,17.375,6.25,17.37494444847107,6.248039364814758,17.37494444847107,6.248039364814758,11.811491906642914,5.563452541828156,17.375,6.25,11.8125,5.5625
qwen25_7b,18,valenced_nonopposite::deontic::016,valenced_nonopposite,deontic,valenced,nonopposite,0.8,preference_control,19.375,7.625,19.374943137168884,7.624483585357666,19.374943137168884,7.624483585357666,13.499713361263275,5.875229775905609,19.375,7.625,13.5,5.875
qwen25_7b,18,valenced_nonopposite::deontic::016,valenced_nonopposite,deontic,valenced,nonopposite,1.0,preference_control,21.25,9.625,21.249950289726257,9.624903202056885,21.249950289726257,9.624903202056885,15.437426745891573,5.812523543834686,21.25,9.625,15.4375,5.8125
qwen25_7b,18,valenced_nonopposite::deontic::017,valenced_nonopposite,deontic,valenced,nonopposite,-1.0,preference_control,-10.0,-9.5,-9.999983549118042,-9.49984622001648,-9.999983549118042,-9.49984622001648,-9.74991488456726,-0.2500686645507812,-10.0,-9.5,-9.75,-0.25
qwen25_7b,18,valenced_nonopposite::deontic::017,valenced_nonopposite,deontic,valenced,nonopposite,-0.8,preference_control,-10.125,-10.125,-10.124995708465576,-10.124901413917542,-10.124995708465576,-10.124901413917542,-10.12494856119156,-4.7147274017333984e-05,-10.125,-10.125,-10.125,0.0
qwen25_7b,18,valenced_nonopposite::deontic::017,valenced_nonopposite,deontic,valenced,nonopposite,-0.6,preference_control,-10.0,-9.75,-9.999968647956848,-9.749878406524658,-9.999968647956848,-9.749878406524658,-9.874923527240751,-0.1250451207160949,-10.0,-9.75,-9.875,-0.125
qwen25_7b,18,valenced_nonopposite::deontic::017,valenced_nonopposite,deontic,valenced,nonopposite,-0.4,preference_control,-9.5,-8.625,-9.499908804893494,-8.624764442443848,-9.499908804893494,-8.624764442443848,-9.06233662366867,-0.437572181224823,-9.5,-8.625,-9.0625,-0.4375
qwen25_7b,18,valenced_nonopposite::deontic::017,valenced_nonopposite,deontic,valenced,nonopposite,-0.2,preference_control,-7.0,-6.625,-6.998988389968872,-6.623621702194214,-6.998988389968872,-6.623621702194214,-6.811305046081543,-0.1876833438873291,-7.0,-6.625,-6.8125,-0.1875
qwen25_7b,18,valenced_nonopposite::deontic::017,valenced_nonopposite,deontic,valenced,nonopposite,0.0,preference_control,-1.5,-4.75,-1.5018500089645386,-4.74135160446167,-1.5018500089645386,-4.74135160446167,-3.121600806713104,1.6197507977485657,-1.5,-4.75,-3.125,1.625
qwen25_7b,18,valenced_nonopposite::deontic::017,valenced_nonopposite,deontic,valenced,nonopposite,0.2,preference_control,7.375,-1.75,7.374445557594299,-1.753880262374878,7.374445557594299,-1.753880262374878,2.8102826476097107,4.564162909984589,7.375,-1.75,2.8125,4.5625
qwen25_7b,18,valenced_nonopposite::deontic::017,valenced_nonopposite,deontic,valenced,nonopposite,0.4,preference_control,13.75,0.5,13.75006091594696,0.4980701208114624,13.75006091594696,0.4980701208114624,7.124065518379211,6.625995397567749,13.75,0.5,7.125,6.625
qwen25_7b,18,valenced_nonopposite::deontic::017,valenced_nonopposite,deontic,valenced,nonopposite,0.6,preference_control,19.125,2.0,19.125076293945312,1.998072385787964,19.125076293945312,1.998072385787964,10.561574339866638,8.563501954078674,19.125,2.0,10.5625,8.5625
qwen25_7b,18,valenced_nonopposite::deontic::017,valenced_nonopposite,deontic,valenced,nonopposite,0.8,preference_control,23.375,2.5,23.375094771385196,2.499076247215271,23.375094771385196,2.499076247215271,12.937085509300232,10.43800926208496,23.375,2.5,12.9375,10.4375
qwen25_7b,18,valenced_nonopposite::deontic::017,valenced_nonopposite,deontic,valenced,nonopposite,1.0,preference_control,25.8125,0.5,25.750147223472595,0.4981532096862793,25.750147223472595,0.4981532096862793,13.124150216579435,12.625997006893158,25.8125,0.5,13.15625,12.65625
qwen25_7b,18,valenced_nonopposite::deontic::018,valenced_nonopposite,deontic,valenced,nonopposite,-1.0,preference_control,-11.5,-9.875,-11.499956727027891,-9.874869585037231,-11.499956727027891,-9.874869585037231,-10.687413156032562,-0.8125435709953308,-11.5,-9.875,-10.6875,-0.8125
qwen25_7b,18,valenced_nonopposite::deontic::018,valenced_nonopposite,deontic,valenced,nonopposite,-0.8,preference_control,-12.125,-11.375,-12.125001907348633,-11.37499475479126,-12.125001907348633,-11.37499475479126,-11.749998331069946,-0.3750035762786865,-12.125,-11.375,-11.75,-0.375
qwen25_7b,18,valenced_nonopposite::deontic::018,valenced_nonopposite,deontic,valenced,nonopposite,-0.6,preference_control,-12.5,-12.375,-12.50004494190216,-12.375007271766664,-12.50004494190216,-12.375007271766664,-12.437526106834412,-0.062518835067749,-12.5,-12.375,-12.4375,-0.0625
qwen25_7b,18,valenced_nonopposite::deontic::018,valenced_nonopposite,deontic,valenced,nonopposite,-0.4,preference_control,-12.125,-12.75,-12.125089168548584,-12.749999165534971,-12.125089168548584,-12.749999165534971,-12.43754416704178,0.3124549984931946,-12.125,-12.75,-12.4375,0.3125
qwen25_7b,18,valenced_nonopposite::deontic::018,valenced_nonopposite,deontic,valenced,nonopposite,-0.2,preference_control,-9.5,-10.875,-9.49990999698639,-10.8749737739563,-9.49990999698639,-10.8749737739563,-10.187441885471344,0.6875318884849548,-9.5,-10.875,-10.1875,0.6875
qwen25_7b,18,valenced_nonopposite::deontic::018,valenced_nonopposite,deontic,valenced,nonopposite,0.0,preference_control,-0.25,-7.0,-0.2501497268676758,-6.999092102050781,-0.2501497268676758,-6.999092102050781,-3.624620914459229,3.3744711875915527,-0.25,-7.0,-3.625,3.375
qwen25_7b,18,valenced_nonopposite::deontic::018,valenced_nonopposite,deontic,valenced,nonopposite,0.2,preference_control,12.625,-0.75,12.624816060066223,-0.7539615631103516,12.624816060066223,-0.7539615631103516,5.935427248477936,6.689388811588287,12.625,-0.75,5.9375,6.6875
qwen25_7b,18,valenced_nonopposite::deontic::018,valenced_nonopposite,deontic,valenced,nonopposite,0.4,preference_control,19.875,2.0,19.87474262714386,1.9979526996612549,19.87474262714386,1.9979526996612549,10.936347663402556,8.938394963741302,19.875,2.0,10.9375,8.9375
qwen25_7b,18,valenced_nonopposite::deontic::018,valenced_nonopposite,deontic,valenced,nonopposite,0.6,preference_control,23.625,3.0,23.62479341030121,2.998146653175354,23.62479341030121,2.998146653175354,13.31147003173828,10.313323378562927,23.625,3.0,13.3125,10.3125
qwen25_7b,18,valenced_nonopposite::deontic::018,valenced_nonopposite,deontic,valenced,nonopposite,0.8,preference_control,26.25,3.0,26.24989461898804,2.998102307319641,26.24989461898804,2.998102307319641,14.62399846315384,11.625896155834198,26.25,3.0,14.625,11.625
qwen25_7b,18,valenced_nonopposite::deontic::018,valenced_nonopposite,deontic,valenced,nonopposite,1.0,preference_control,26.8125,3.25,26.87492609024048,3.2429399490356445,26.87492609024048,3.2429399490356445,15.058933019638062,11.815993070602415,26.8125,3.25,15.03125,11.78125
qwen25_7b,18,valenced_nonopposite::deontic::019,valenced_nonopposite,deontic,valenced,nonopposite,-1.0,preference_control,-5.75,-1.625,-5.746774077415466,-1.6247634887695312,-5.746774077415466,-1.6247634887695312,-3.685768783092499,-2.0610052943229675,-5.75,-1.625,-3.6875,-2.0625
qwen25_7b,18,valenced_nonopposite::deontic::019,valenced_nonopposite,deontic,valenced,nonopposite,-0.8,preference_control,-5.5,-1.75,-5.495881795883179,-1.7537453174591064,-5.495881795883179,-1.7537453174591064,-3.624813556671143,-1.871068239212036,-5.5,-1.75,-3.625,-1.875
qwen25_7b,18,valenced_nonopposite::deontic::019,valenced_nonopposite,deontic,valenced,nonopposite,-0.6,preference_control,-5.125,-1.5,-5.1190186738967896,-1.5008893013000488,-5.1190186738967896,-1.5008893013000488,-3.309953987598419,-1.8090646862983704,-5.125,-1.5,-3.3125,-1.8125
qwen25_7b,18,valenced_nonopposite::deontic::019,valenced_nonopposite,deontic,valenced,nonopposite,-0.4,preference_control,-4.375,-1.375,-4.362453460693359,-1.375908374786377,-4.362453460693359,-1.375908374786377,-2.869180917739868,-1.4932725429534912,-4.375,-1.375,-2.875,-1.5
qwen25_7b,18,valenced_nonopposite::deontic::019,valenced_nonopposite,deontic,valenced,nonopposite,-0.2,preference_control,-2.25,-1.0,-2.243121743202209,-0.9979972839355468,-2.243121743202209,-0.9979972839355468,-1.6205595135688782,-0.6225622296333313,-2.25,-1.0,-1.625,-0.625
qwen25_7b,18,valenced_nonopposite::deontic::019,valenced_nonopposite,deontic,valenced,nonopposite,0.0,preference_control,3.0,-0.375,2.9966275691986084,-0.3749675750732422,2.9966275691986084,-0.3749675750732422,1.310829997062683,1.6857975721359253,3.0,-0.375,1.3125,1.6875
qwen25_7b,18,valenced_nonopposite::deontic::019,valenced_nonopposite,deontic,valenced,nonopposite,0.2,preference_control,12.5,0.0,12.49885392189026,1.883506774902344e-05,12.49885392189026,1.883506774902344e-05,6.249436378479004,6.249417543411255,12.5,0.0,6.25,6.25
qwen25_7b,18,valenced_nonopposite::deontic::019,valenced_nonopposite,deontic,valenced,nonopposite,0.4,preference_control,16.75,-0.5,16.74938726425171,-0.4980324506759643,16.74938726425171,-0.4980324506759643,8.125677406787872,8.623709857463837,16.75,-0.5,8.125,8.625
qwen25_7b,18,valenced_nonopposite::deontic::019,valenced_nonopposite,deontic,valenced,nonopposite,0.6,preference_control,19.125,-2.0,19.12430191040039,-1.9980361461639404,19.12430191040039,-1.9980361461639404,8.563132882118225,10.561169028282166,19.125,-2.0,8.5625,10.5625
qwen25_7b,18,valenced_nonopposite::deontic::019,valenced_nonopposite,deontic,valenced,nonopposite,0.8,preference_control,19.75,-3.5,19.74893546104431,-3.5014543533325195,19.74893546104431,-3.5014543533325195,8.123740553855896,11.625194907188416,19.75,-3.5,8.125,11.625
qwen25_7b,18,valenced_nonopposite::deontic::019,valenced_nonopposite,deontic,valenced,nonopposite,1.0,preference_control,19.0,-5.0,18.99867594242096,-4.993257522583008,18.99867594242096,-4.993257522583008,7.002709209918976,11.995966732501984,19.0,-5.0,7.0,12.0
qwen25_7b,18,valenced_nonopposite::epistemic::000,valenced_nonopposite,epistemic,valenced,nonopposite,-1.0,preference_control,-12.375,-7.5,-12.37477719783783,-7.498510599136352,-12.37477719783783,-7.498510599136352,-9.936643898487093,-2.4381332993507385,-12.375,-7.5,-9.9375,-2.4375
qwen25_7b,18,valenced_nonopposite::epistemic::000,valenced_nonopposite,epistemic,valenced,nonopposite,-0.8,preference_control,-13.375,-8.375,-13.374789118766785,-8.374506831169128,-13.374789118766785,-8.374506831169128,-10.874647974967957,-2.500141143798828,-13.375,-8.375,-10.875,-2.5
qwen25_7b,18,valenced_nonopposite::epistemic::000,valenced_nonopposite,epistemic,valenced,nonopposite,-0.6,preference_control,-14.0,-9.125,-13.999824404716492,-9.124734163284302,-13.999824404716492,-9.124734163284302,-11.562279284000397,-2.437545120716095,-14.0,-9.125,-11.5625,-2.4375
qwen25_7b,18,valenced_nonopposite::epistemic::000,valenced_nonopposite,epistemic,valenced,nonopposite,-0.4,preference_control,-14.5,-9.125,-14.499823570251465,-9.124751567840576,-14.499823570251465,-9.124751567840576,-11.81228756904602,-2.6875360012054443,-14.5,-9.125,-11.8125,-2.6875
qwen25_7b,18,valenced_nonopposite::epistemic::000,valenced_nonopposite,epistemic,valenced,nonopposite,-0.2,preference_control,-14.75,-7.875,-14.749828338623049,-7.874396920204163,-14.749828338623049,-7.874396920204163,-11.312112629413605,-3.437715709209442,-14.75,-7.875,-11.3125,-3.4375
qwen25_7b,18,valenced_nonopposite::epistemic::000,valenced_nonopposite,epistemic,valenced,nonopposite,0.0,preference_control,-13.125,-4.875,-13.124802589416504,-4.867004156112671,-13.124802589416504,-4.867004156112671,-8.995903372764587,-4.1288992166519165,-13.125,-4.875,-9.0,-4.125
qwen25_7b,18,valenced_nonopposite::epistemic::000,valenced_nonopposite,epistemic,valenced,nonopposite,0.2,preference_control,-4.25,2.5,-4.23541259765625,2.4990237951278687,-4.23541259765625,2.4990237951278687,-0.8681944012641907,-3.3672181963920598,-4.25,2.5,-0.875,-3.375
qwen25_7b,18,valenced_nonopposite::epistemic::000,valenced_nonopposite,epistemic,valenced,nonopposite,0.4,preference_control,8.375,3.75,8.37472152709961,3.742310047149658,8.37472152709961,3.742310047149658,6.058515787124634,2.316205739974976,8.375,3.75,6.0625,2.3125
qwen25_7b,18,valenced_nonopposite::epistemic::000,valenced_nonopposite,epistemic,valenced,nonopposite,0.6,preference_control,13.5,4.5,13.499978423118591,4.488953232765198,13.499978423118591,4.488953232765198,8.994465827941895,4.505512595176697,13.5,4.5,9.0,4.5
qwen25_7b,18,valenced_nonopposite::epistemic::000,valenced_nonopposite,epistemic,valenced,nonopposite,0.8,preference_control,17.5,4.75,17.49998128414154,4.741334319114685,17.49998128414154,4.741334319114685,11.120657801628113,6.379323482513428,17.5,4.75,11.125,6.375
qwen25_7b,18,valenced_nonopposite::epistemic::000,valenced_nonopposite,epistemic,valenced,nonopposite,1.0,preference_control,20.875,5.0,20.87498188018799,4.993264675140381,20.87498188018799,4.993264675140381,12.934123277664185,7.940858602523804,20.875,5.0,12.9375,7.9375
qwen25_7b,18,valenced_nonopposite::epistemic::001,valenced_nonopposite,epistemic,valenced,nonopposite,-1.0,preference_control,-21.375,-13.625,-21.374842762947083,-13.624919414520264,-21.374842762947083,-13.624919414520264,-17.499881088733673,-3.8749616742134094,-21.375,-13.625,-17.5,-3.875
qwen25_7b,18,valenced_nonopposite::epistemic::001,valenced_nonopposite,epistemic,valenced,nonopposite,-0.8,preference_control,-22.25,-15.0,-22.249930381774902,-14.99995493888855,-22.249930381774902,-14.99995493888855,-18.62494266033173,-3.624987721443176,-22.25,-15.0,-18.625,-3.625
qwen25_7b,18,valenced_nonopposite::epistemic::001,valenced_nonopposite,epistemic,valenced,nonopposite,-0.6,preference_control,-22.0,-16.375,-21.99994575977325,-16.37496542930603,-21.99994575977325,-16.37496542930603,-19.18745559453964,-2.812490165233612,-22.0,-16.375,-19.1875,-2.8125
qwen25_7b,18,valenced_nonopposite::epistemic::001,valenced_nonopposite,epistemic,valenced,nonopposite,-0.4,preference_control,-21.875,-16.75,-21.874963760375977,-16.74996769428253,-21.874963760375977,-16.74996769428253,-19.31246572732925,-2.5624980330467224,-21.875,-16.75,-19.3125,-2.5625
qwen25_7b,18,valenced_nonopposite::epistemic::001,valenced_nonopposite,epistemic,valenced,nonopposite,-0.2,preference_control,-21.0,-14.5,-20.999974131584167,-14.499959468841553,-20.999974131584167,-14.499959468841553,-17.74996680021286,-3.250007331371308,-21.0,-14.5,-17.75,-3.25
qwen25_7b,18,valenced_nonopposite::epistemic::001,valenced_nonopposite,epistemic,valenced,nonopposite,0.0,preference_control,-19.5,-10.875,-19.4999760389328,-10.874927163124084,-19.4999760389328,-10.874927163124084,-15.187451601028442,-4.312524437904358,-19.5,-10.875,-15.1875,-4.3125
qwen25_7b,18,valenced_nonopposite::epistemic::001,valenced_nonopposite,epistemic,valenced,nonopposite,0.2,preference_control,-13.0,-0.25,-12.999979496002195,-0.2499587535858154,-12.999979496002195,-0.2499587535858154,-6.624969124794006,-6.375010371208191,-13.0,-0.25,-6.625,-6.375
qwen25_7b,18,valenced_nonopposite::epistemic::001,valenced_nonopposite,epistemic,valenced,nonopposite,0.4,preference_control,-0.75,9.125,-0.7538909912109375,9.12492561340332,-0.7538909912109375,9.12492561340332,4.185517311096191,-4.939408302307129,-0.75,9.125,4.1875,-4.9375
qwen25_7b,18,valenced_nonopposite::epistemic::001,valenced_nonopposite,epistemic,valenced,nonopposite,0.6,preference_control,6.75,11.625,6.748827695846558,11.625040769577026,6.748827695846558,11.625040769577026,9.186934232711792,-2.4381065368652344,6.75,11.625,9.1875,-2.4375
qwen25_7b,18,valenced_nonopposite::epistemic::001,valenced_nonopposite,epistemic,valenced,nonopposite,0.8,preference_control,9.5,13.5,9.499931812286375,13.500067114830015,9.499931812286375,13.500067114830015,11.499999463558195,-2.00006765127182,9.5,13.5,11.5,-2.0
qwen25_7b,18,valenced_nonopposite::epistemic::001,valenced_nonopposite,epistemic,valenced,nonopposite,1.0,preference_control,10.625,14.875,10.624993801116943,14.875185251235962,10.624993801116943,14.875185251235962,12.750089526176453,-2.1250957250595093,10.625,14.875,12.75,-2.125
qwen25_7b,18,valenced_nonopposite::epistemic::002,valenced_nonopposite,epistemic,valenced,nonopposite,-1.0,preference_control,-7.625,-4.75,-7.62435519695282,-4.74127185344696,-7.62435519695282,-4.74127185344696,-6.18281352519989,-1.4415416717529297,-7.625,-4.75,-6.1875,-1.4375
qwen25_7b,18,valenced_nonopposite::epistemic::002,valenced_nonopposite,epistemic,valenced,nonopposite,-0.8,preference_control,-7.375,-5.5,-7.374179720878601,-5.495757937431336,-7.374179720878601,-5.495757937431336,-6.434968829154968,-0.9392108917236328,-7.375,-5.5,-6.4375,-0.9375
qwen25_7b,18,valenced_nonopposite::epistemic::002,valenced_nonopposite,epistemic,valenced,nonopposite,-0.6,preference_control,-7.5,-5.75,-7.499309420585632,-5.746566653251648,-7.499309420585632,-5.746566653251648,-6.62293803691864,-0.8763713836669922,-7.5,-5.75,-6.625,-0.875
qwen25_7b,18,valenced_nonopposite::epistemic::002,valenced_nonopposite,epistemic,valenced,nonopposite,-0.4,preference_control,-6.875,-5.125,-6.873794436454773,-5.1186827421188354,-6.873794436454773,-5.1186827421188354,-5.996238589286804,-0.8775558471679688,-6.875,-5.125,-6.0,-0.875
qwen25_7b,18,valenced_nonopposite::epistemic::002,valenced_nonopposite,epistemic,valenced,nonopposite,-0.2,preference_control,-5.375,-3.5,-5.370208501815796,-3.5008543729782104,-5.370208501815796,-3.5008543729782104,-4.435531437397003,-0.9346770644187928,-5.375,-3.5,-4.4375,-0.9375
qwen25_7b,18,valenced_nonopposite::epistemic::002,valenced_nonopposite,epistemic,valenced,nonopposite,0.0,preference_control,-1.5,-0.25,-1.5009762048721311,-0.2499998807907104,-1.5009762048721311,-0.2499998807907104,-0.8754880428314209,-0.6254881620407104,-1.5,-0.25,-0.875,-0.625
qwen25_7b,18,valenced_nonopposite::epistemic::002,valenced_nonopposite,epistemic,valenced,nonopposite,0.2,preference_control,10.0,5.5,9.99975061416626,5.495788812637329,9.99975061416626,5.495788812637329,7.747769713401794,2.2519809007644653,10.0,5.5,7.75,2.25
qwen25_7b,18,valenced_nonopposite::epistemic::002,valenced_nonopposite,epistemic,valenced,nonopposite,0.4,preference_control,16.0,10.875,15.99988043308258,10.874896764755247,15.99988043308258,10.874896764755247,13.437388598918917,2.5624918341636658,16.0,10.875,13.4375,2.5625
qwen25_7b,18,valenced_nonopposite::epistemic::002,valenced_nonopposite,epistemic,valenced,nonopposite,0.6,preference_control,18.5,13.375,18.49991202354431,13.37490725517273,18.49991202354431,13.37490725517273,15.93740963935852,2.562502384185791,18.5,13.375,15.9375,2.5625
qwen25_7b,18,valenced_nonopposite::epistemic::002,valenced_nonopposite,epistemic,valenced,nonopposite,0.8,preference_control,20.25,14.375,20.249932646751404,14.374918818473816,20.249932646751404,14.374918818473816,17.31242573261261,2.937506914138794,20.25,14.375,17.3125,2.9375
qwen25_7b,18,valenced_nonopposite::epistemic::002,valenced_nonopposite,epistemic,valenced,nonopposite,1.0,preference_control,21.5,14.375,21.4999475479126,14.37494146823883,21.4999475479126,14.37494146823883,17.937444508075714,3.5625030398368835,21.5,14.375,17.9375,3.5625
qwen25_7b,18,valenced_nonopposite::epistemic::003,valenced_nonopposite,epistemic,valenced,nonopposite,-1.0,preference_control,-15.125,-10.75,-15.124995470046995,-10.749959588050842,-15.124995470046995,-10.749959588050842,-12.93747752904892,-2.1875179409980774,-15.125,-10.75,-12.9375,-2.1875
qwen25_7b,18,valenced_nonopposite::epistemic::003,valenced_nonopposite,epistemic,valenced,nonopposite,-0.8,preference_control,-15.875,-11.625,-15.874996781349182,-11.624980092048643,-15.874996781349182,-11.624980092048643,-13.749988436698914,-2.125008344650269,-15.875,-11.625,-13.75,-2.125
qwen25_7b,18,valenced_nonopposite::epistemic::003,valenced_nonopposite,epistemic,valenced,nonopposite,-0.6,preference_control,-16.375,-12.125,-16.37499761581421,-12.124985456466677,-16.37499761581421,-12.124985456466677,-14.249991536140442,-2.125006079673767,-16.375,-12.125,-14.25,-2.125
qwen25_7b,18,valenced_nonopposite::epistemic::003,valenced_nonopposite,epistemic,valenced,nonopposite,-0.4,preference_control,-16.125,-12.5,-16.124998331069946,-12.499989986419678,-16.124998331069946,-12.499989986419678,-14.312494158744812,-1.8125041723251345,-16.125,-12.5,-14.3125,-1.8125
qwen25_7b,18,valenced_nonopposite::epistemic::003,valenced_nonopposite,epistemic,valenced,nonopposite,-0.2,preference_control,-15.25,-11.75,-15.249998450279236,-11.749981164932253,-15.249998450279236,-11.749981164932253,-13.499989807605743,-1.7500086426734924,-15.25,-11.75,-13.5,-1.75
qwen25_7b,18,valenced_nonopposite::epistemic::003,valenced_nonopposite,epistemic,valenced,nonopposite,0.0,preference_control,-12.625,-9.5,-12.624992966651917,-9.499797105789185,-12.624992966651917,-9.499797105789185,-11.06239503622055,-1.562597930431366,-12.625,-9.5,-11.0625,-1.5625
qwen25_7b,18,valenced_nonopposite::epistemic::003,valenced_nonopposite,epistemic,valenced,nonopposite,0.2,preference_control,-4.0,-2.875,-3.995116949081421,-2.878415107727051,-3.995116949081421,-2.878415107727051,-3.436766028404236,-0.5583509206771851,-4.0,-2.875,-3.4375,-0.5625
qwen25_7b,18,valenced_nonopposite::epistemic::003,valenced_nonopposite,epistemic,valenced,nonopposite,0.4,preference_control,2.5,1.875,2.496093988418579,1.8710967302322388,2.496093988418579,1.8710967302322388,2.183595359325409,0.3124986290931701,2.5,1.875,2.1875,0.3125
qwen25_7b,18,valenced_nonopposite::epistemic::003,valenced_nonopposite,epistemic,valenced,nonopposite,0.6,preference_control,4.375,2.875,4.390625238418579,2.882816195487976,4.390625238418579,2.882816195487976,3.6367207169532776,0.7539045214653015,4.375,2.875,3.625,0.75
qwen25_7b,18,valenced_nonopposite::epistemic::003,valenced_nonopposite,epistemic,valenced,nonopposite,0.8,preference_control,6.25,2.375,6.265625238418579,2.3750088214874268,6.265625238418579,2.3750088214874268,4.320317029953003,1.945308208465576,6.25,2.375,4.3125,1.9375
qwen25_7b,18,valenced_nonopposite::epistemic::003,valenced_nonopposite,epistemic,valenced,nonopposite,1.0,preference_control,7.25,1.375,7.234375596046448,1.3828542232513428,7.234375596046448,1.3828542232513428,4.308614909648895,2.9257606863975525,7.25,1.375,4.3125,2.9375
qwen25_7b,18,valenced_nonopposite::epistemic::004,valenced_nonopposite,epistemic,valenced,nonopposite,-1.0,preference_control,-12.875,-6.875,-12.874831080436708,-6.871580004692078,-12.874831080436708,-6.871580004692078,-9.873205542564392,-3.0016255378723145,-12.875,-6.875,-9.875,-3.0
qwen25_7b,18,valenced_nonopposite::epistemic::004,valenced_nonopposite,epistemic,valenced,nonopposite,-0.8,preference_control,-13.75,-7.75,-13.74984848499298,-7.764769077301025,-13.74984848499298,-7.764769077301025,-10.757308781147003,-2.992539703845978,-13.75,-7.75,-10.75,-3.0
qwen25_7b,18,valenced_nonopposite::epistemic::004,valenced_nonopposite,epistemic,valenced,nonopposite,-0.6,preference_control,-14.0,-8.125,-13.99986219406128,-8.113585472106934,-13.99986219406128,-8.113585472106934,-11.056723833084106,-2.943138360977173,-14.0,-8.125,-11.0625,-2.9375
qwen25_7b,18,valenced_nonopposite::epistemic::004,valenced_nonopposite,epistemic,valenced,nonopposite,-0.4,preference_control,-13.75,-8.25,-13.749855637550354,-8.241088151931763,-13.749855637550354,-8.241088151931763,-10.995471894741058,-2.754383742809296,-13.75,-8.25,-11.0,-2.75
qwen25_7b,18,valenced_nonopposite::epistemic::004,valenced_nonopposite,epistemic,valenced,nonopposite,-0.2,preference_control,-12.625,-7.5,-12.624631762504578,-7.489623427391052,-12.624631762504578,-7.489623427391052,-10.057127594947817,-2.5675041675567627,-12.625,-7.5,-10.0625,-2.5625
qwen25_7b,18,valenced_nonopposite::epistemic::004,valenced_nonopposite,epistemic,valenced,nonopposite,0.0,preference_control,-10.25,-4.5,-10.249278903007507,-4.497069597244263,-10.249278903007507,-4.497069597244263,-7.373174250125885,-2.8761046528816223,-10.25,-4.5,-7.375,-2.875
qwen25_7b,18,valenced_nonopposite::epistemic::004,valenced_nonopposite,epistemic,valenced,nonopposite,0.2,preference_control,-0.125,2.0,-0.1249998807907104,1.9970711469650269,-0.1249998807907104,1.9970711469650269,0.9360356330871582,-1.0610355138778689,-0.125,2.0,0.9375,-1.0625
qwen25_7b,18,valenced_nonopposite::epistemic::004,valenced_nonopposite,epistemic,valenced,nonopposite,0.4,preference_control,9.375,5.5,9.374727249145508,5.495790004730225,9.374727249145508,5.495790004730225,7.435258626937866,1.9394686222076416,9.375,5.5,7.4375,1.9375
qwen25_7b,18,valenced_nonopposite::epistemic::004,valenced_nonopposite,epistemic,valenced,nonopposite,0.6,preference_control,14.5,8.0,14.499865531921388,7.999556064605713,14.499865531921388,7.999556064605713,11.24971079826355,3.250154733657837,14.5,8.0,11.25,3.25
qwen25_7b,18,valenced_nonopposite::epistemic::004,valenced_nonopposite,epistemic,valenced,nonopposite,0.8,preference_control,17.25,8.625,17.24988329410553,8.624688267707825,17.24988329410553,8.624688267707825,12.937285780906675,4.3125975131988525,17.25,8.625,12.9375,4.3125
qwen25_7b,18,valenced_nonopposite::epistemic::004,valenced_nonopposite,epistemic,valenced,nonopposite,1.0,preference_control,18.25,8.25,18.24989461898804,8.249607801437378,18.24989461898804,8.249607801437378,13.249751210212708,5.00014340877533,18.25,8.25,13.25,5.0
qwen25_7b,18,valenced_nonopposite::epistemic::005,valenced_nonopposite,epistemic,valenced,nonopposite,-1.0,preference_control,-10.0,-6.625,-9.999940752983091,-6.623609662055969,-9.999940752983091,-6.623609662055969,-8.311775207519531,-1.688165545463562,-10.0,-6.625,-8.3125,-1.6875
qwen25_7b,18,valenced_nonopposite::epistemic::005,valenced_nonopposite,epistemic,valenced,nonopposite,-0.8,preference_control,-10.375,-7.0,-10.374951004981996,-6.999048590660095,-10.374951004981996,-6.999048590660095,-8.686999797821045,-1.6879512071609497,-10.375,-7.0,-8.6875,-1.6875
qwen25_7b,18,valenced_nonopposite::epistemic::005,valenced_nonopposite,epistemic,valenced,nonopposite,-0.6,preference_control,-10.75,-7.25,-10.749969840049744,-7.249253273010254,-10.749969840049744,-7.249253273010254,-8.999611556529999,-1.7503582835197449,-10.75,-7.25,-9.0,-1.75
qwen25_7b,18,valenced_nonopposite::epistemic::005,valenced_nonopposite,epistemic,valenced,nonopposite,-0.4,preference_control,-11.0,-7.125,-10.999975442886353,-7.124156594276428,-10.999975442886353,-7.124156594276428,-9.06206601858139,-1.9379094243049624,-11.0,-7.125,-9.0625,-1.9375
qwen25_7b,18,valenced_nonopposite::epistemic::005,valenced_nonopposite,epistemic,valenced,nonopposite,-0.2,preference_control,-11.0,-6.0,-10.999979257583618,-5.997470617294312,-10.999979257583618,-5.997470617294312,-8.498724937438965,-2.5012543201446533,-11.0,-6.0,-8.5,-2.5
qwen25_7b,18,valenced_nonopposite::epistemic::005,valenced_nonopposite,epistemic,valenced,nonopposite,0.0,preference_control,-9.125,-4.125,-9.124879956245422,-4.140127062797546,-9.124879956245422,-4.140127062797546,-6.632503509521484,-2.492376446723938,-9.125,-4.125,-6.625,-2.5
qwen25_7b,18,valenced_nonopposite::epistemic::005,valenced_nonopposite,epistemic,valenced,nonopposite,0.2,preference_control,-1.25,-1.0,-1.2480289936065674,-0.9999929666519164,-1.2480289936065674,-0.9999929666519164,-1.124010980129242,-0.1240180134773254,-1.25,-1.0,-1.125,-0.125
qwen25_7b,18,valenced_nonopposite::epistemic::005,valenced_nonopposite,epistemic,valenced,nonopposite,0.4,preference_control,7.125,3.0,7.124140501022339,2.99805235862732,7.124140501022339,2.99805235862732,5.061096429824829,2.0630440711975098,7.125,3.0,5.0625,2.0625
qwen25_7b,18,valenced_nonopposite::epistemic::005,valenced_nonopposite,epistemic,valenced,nonopposite,0.6,preference_control,13.5,6.25,13.49997067451477,6.247915029525757,13.49997067451477,6.247915029525757,9.873942852020264,3.626027822494507,13.5,6.25,9.875,3.625
qwen25_7b,18,valenced_nonopposite::epistemic::005,valenced_nonopposite,epistemic,valenced,nonopposite,0.8,preference_control,18.25,8.25,18.249980092048645,8.249598264694214,18.249980092048645,8.249598264694214,13.24978917837143,5.000190913677216,18.25,8.25,13.25,5.0
qwen25_7b,18,valenced_nonopposite::epistemic::005,valenced_nonopposite,epistemic,valenced,nonopposite,1.0,preference_control,21.375,6.5,21.37496817111969,6.498282909393311,21.37496817111969,6.498282909393311,13.9366255402565,7.43834263086319,21.375,6.5,13.9375,7.4375
qwen25_7b,18,valenced_nonopposite::epistemic::006,valenced_nonopposite,epistemic,valenced,nonopposite,-1.0,preference_control,-3.875,-1.375,-3.875821828842163,-1.3749946355819702,-3.875821828842163,-1.3749946355819702,-2.6254082322120667,-1.2504135966300964,-3.875,-1.375,-2.625,-1.25
qwen25_7b,18,valenced_nonopposite::epistemic::006,valenced_nonopposite,epistemic,valenced,nonopposite,-0.8,preference_control,-5.0,-1.625,-4.987383604049683,-1.62304949760437,-4.987383604049683,-1.62304949760437,-3.3052165508270264,-1.6821670532226562,-5.0,-1.625,-3.3125,-1.6875
qwen25_7b,18,valenced_nonopposite::epistemic::006,valenced_nonopposite,epistemic,valenced,nonopposite,-0.6,preference_control,-6.0,-1.625,-5.993955612182617,-1.6230586767196655,-5.993955612182617,-1.6230586767196655,-3.808507144451141,-2.185448467731476,-6.0,-1.625,-3.8125,-2.1875
qwen25_7b,18,valenced_nonopposite::epistemic::006,valenced_nonopposite,epistemic,valenced,nonopposite,-0.4,preference_control,-6.875,-1.5,-6.87173867225647,-1.500004768371582,-6.87173867225647,-1.500004768371582,-4.185871720314026,-2.685866951942444,-6.875,-1.5,-4.1875,-2.6875
qwen25_7b,18,valenced_nonopposite::epistemic::006,valenced_nonopposite,epistemic,valenced,nonopposite,-0.2,preference_control,-6.875,-0.25,-6.87176775932312,-0.2500176429748535,-6.87176775932312,-0.2500176429748535,-3.560892701148987,-3.3108750581741333,-6.875,-0.25,-3.5625,-3.3125
qwen25_7b,18,valenced_nonopposite::epistemic::006,valenced_nonopposite,epistemic,valenced,nonopposite,0.0,preference_control,-5.0,2.875,-4.990329623222351,2.881586790084839,-4.990329623222351,2.881586790084839,-1.054371416568756,-3.935958206653595,-5.0,2.875,-1.0625,-3.9375
qwen25_7b,18,valenced_nonopposite::epistemic::006,valenced_nonopposite,epistemic,valenced,nonopposite,0.2,preference_control,2.875,7.375,2.881382942199707,7.374150991439819,2.881382942199707,7.374150991439819,5.127766966819763,-2.246384024620056,2.875,7.375,5.125,-2.25
qwen25_7b,18,valenced_nonopposite::epistemic::006,valenced_nonopposite,epistemic,valenced,nonopposite,0.4,preference_control,10.625,9.5,10.624597907066343,9.499690294265749,10.624597907066343,9.499690294265749,10.062144100666046,0.5624538064002991,10.625,9.5,10.0625,0.5625
qwen25_7b,18,valenced_nonopposite::epistemic::006,valenced_nonopposite,epistemic,valenced,nonopposite,0.6,preference_control,13.375,11.625,13.37439215183258,11.624804139137268,13.37439215183258,11.624804139137268,12.499598145484924,0.8747940063476562,13.375,11.625,12.5,0.875
qwen25_7b,18,valenced_nonopposite::epistemic::006,valenced_nonopposite,epistemic,valenced,nonopposite,0.8,preference_control,15.625,12.5,15.624333620071411,12.49983847141266,15.624333620071411,12.49983847141266,14.062086045742037,1.5622475743293762,15.625,12.5,14.0625,1.5625
qwen25_7b,18,valenced_nonopposite::epistemic::006,valenced_nonopposite,epistemic,valenced,nonopposite,1.0,preference_control,17.375,11.5,17.374251008033752,11.500660300254822,17.374251008033752,11.500660300254822,14.437455654144289,2.9367953538894653,17.375,11.5,14.4375,2.9375
qwen25_7b,18,valenced_nonopposite::epistemic::007,valenced_nonopposite,epistemic,valenced,nonopposite,-1.0,preference_control,-19.625,-11.75,-19.625255346298218,-11.749996781349182,-19.625255346298218,-11.749996781349182,-15.6876260638237,-3.937629282474518,-19.625,-11.75,-15.6875,-3.9375
qwen25_7b,18,valenced_nonopposite::epistemic::007,valenced_nonopposite,epistemic,valenced,nonopposite,-0.8,preference_control,-20.25,-13.0,-20.250208973884583,-13.000004768371582,-20.250208973884583,-13.000004768371582,-16.625106871128082,-3.6251021027565,-20.25,-13.0,-16.625,-3.625
qwen25_7b,18,valenced_nonopposite::epistemic::007,valenced_nonopposite,epistemic,valenced,nonopposite,-0.6,preference_control,-21.0,-13.25,-21.00017619132996,-13.250008702278135,-21.00017619132996,-13.250008702278135,-17.125092446804047,-3.875083744525909,-21.0,-13.25,-17.125,-3.875
qwen25_7b,18,valenced_nonopposite::epistemic::007,valenced_nonopposite,epistemic,valenced,nonopposite,-0.4,preference_control,-21.0,-12.875,-21.00018620491028,-12.875014305114746,-21.00018620491028,-12.875014305114746,-16.937600255012512,-4.062585949897766,-21.0,-12.875,-16.9375,-4.0625
qwen25_7b,18,valenced_nonopposite::epistemic::007,valenced_nonopposite,epistemic,valenced,nonopposite,-0.2,preference_control,-20.25,-10.125,-20.25018119812012,-10.124985098838806,-20.25018119812012,-10.124985098838806,-15.187583148479462,-5.062598049640656,-20.25,-10.125,-15.1875,-5.0625
qwen25_7b,18,valenced_nonopposite::epistemic::007,valenced_nonopposite,epistemic,valenced,nonopposite,0.0,preference_control,-17.875,-6.375,-17.875223755836487,-6.373279213905335,-17.875223755836487,-6.373279213905335,-12.12425148487091,-5.750972270965576,-17.875,-6.375,-12.125,-5.75
qwen25_7b,18,valenced_nonopposite::epistemic::007,valenced_nonopposite,epistemic,valenced,nonopposite,0.2,preference_control,-9.625,0.5,-9.62511420249939,0.4980398416519165,-9.62511420249939,0.4980398416519165,-4.563537180423737,-5.061577022075653,-9.625,0.5,-4.5625,-5.0625
qwen25_7b,18,valenced_nonopposite::epistemic::007,valenced_nonopposite,epistemic,valenced,nonopposite,0.4,preference_control,1.0,6.25,0.9979915618896484,6.244868636131287,0.9979915618896484,6.244868636131287,3.621430099010468,-2.623438537120819,1.0,6.25,3.625,-2.625
qwen25_7b,18,valenced_nonopposite::epistemic::007,valenced_nonopposite,epistemic,valenced,nonopposite,0.6,preference_control,8.625,11.125,8.624065518379211,11.122463345527647,8.624065518379211,11.122463345527647,9.87326443195343,-1.2491989135742188,8.625,11.125,9.875,-1.25
qwen25_7b,18,valenced_nonopposite::epistemic::007,valenced_nonopposite,epistemic,valenced,nonopposite,0.8,preference_control,16.5,13.5,16.499577164649963,13.498233675956726,16.499577164649963,13.498233675956726,14.998905420303345,1.5006717443466189,16.5,13.5,15.0,1.5
qwen25_7b,18,valenced_nonopposite::epistemic::007,valenced_nonopposite,epistemic,valenced,nonopposite,1.0,preference_control,21.1875,10.625,21.249539613723755,10.622661471366882,21.249539613723755,10.622661471366882,15.93610054254532,5.313439071178436,21.1875,10.625,15.90625,5.28125
qwen25_7b,18,valenced_nonopposite::epistemic::008,valenced_nonopposite,epistemic,valenced,nonopposite,-1.0,preference_control,-12.75,-8.125,-12.763442873954771,-8.124724864959717,-12.763442873954771,-8.124724864959717,-10.444083869457245,-2.319359004497528,-12.75,-8.125,-10.4375,-2.3125
qwen25_7b,18,valenced_nonopposite::epistemic::008,valenced_nonopposite,epistemic,valenced,nonopposite,-0.8,preference_control,-13.25,-8.0,-13.272059321403503,-7.999688506126404,-13.272059321403503,-7.999688506126404,-10.635873913764954,-2.63618540763855,-13.25,-8.0,-10.625,-2.625
qwen25_7b,18,valenced_nonopposite::epistemic::008,valenced_nonopposite,epistemic,valenced,nonopposite,-0.6,preference_control,-13.0,-7.125,-13.03634226322174,-7.124229311943054,-13.03634226322174,-7.124229311943054,-10.080285787582396,-2.9560564756393437,-13.0,-7.125,-10.0625,-2.9375
qwen25_7b,18,valenced_nonopposite::epistemic::008,valenced_nonopposite,epistemic,valenced,nonopposite,-0.4,preference_control,-11.75,-5.125,-11.779505610466003,-5.119115591049194,-11.779505610466003,-5.119115591049194,-8.449310600757599,-3.3301950097084045,-11.75,-5.125,-8.4375,-3.3125
qwen25_7b,18,valenced_nonopposite::epistemic::008,valenced_nonopposite,epistemic,valenced,nonopposite,-0.2,preference_control,-8.75,-2.75,-8.758971929550171,-2.7505139112472534,-8.758971929550171,-2.7505139112472534,-5.754742920398712,-3.0042290091514587,-8.75,-2.75,-5.75,-3.0
qwen25_7b,18,valenced_nonopposite::epistemic::008,valenced_nonopposite,epistemic,valenced,nonopposite,0.0,preference_control,-3.0,0.75,-2.999237179756165,0.7538789510726929,-2.999237179756165,0.7538789510726929,-1.1226791143417358,-1.8765580654144287,-3.0,0.75,-1.125,-1.875
qwen25_7b,18,valenced_nonopposite::epistemic::008,valenced_nonopposite,epistemic,valenced,nonopposite,0.2,preference_control,8.25,7.5,8.249667644500732,7.499401688575745,8.249667644500732,7.499401688575745,7.8745346665382385,0.3751329779624939,8.25,7.5,7.875,0.375
qwen25_7b,18,valenced_nonopposite::epistemic::008,valenced_nonopposite,epistemic,valenced,nonopposite,0.4,preference_control,12.0,11.0,11.999955296516418,10.999942183494568,11.999955296516418,10.999942183494568,11.499948740005491,0.5000065565109253,12.0,11.0,11.5,0.5
qwen25_7b,18,valenced_nonopposite::epistemic::008,valenced_nonopposite,epistemic,valenced,nonopposite,0.6,preference_control,15.625,14.875,15.62499463558197,14.874959945678713,15.62499463558197,14.874959945678713,15.24997729063034,0.3750173449516296,15.625,14.875,15.25,0.375
qwen25_7b,18,valenced_nonopposite::epistemic::008,valenced_nonopposite,epistemic,valenced,nonopposite,0.8,preference_control,19.625,16.375,19.625023245811462,16.374985218048096,19.625023245811462,16.374985218048096,18.00000423192978,1.6250190138816831,19.625,16.375,18.0,1.625
qwen25_7b,18,valenced_nonopposite::epistemic::008,valenced_nonopposite,epistemic,valenced,nonopposite,1.0,preference_control,22.125,14.75,22.12505006790161,14.75000250339508,22.12505006790161,14.75000250339508,18.437526285648342,3.6875237822532654,22.125,14.75,18.4375,3.6875
qwen25_7b,18,valenced_nonopposite::epistemic::009,valenced_nonopposite,epistemic,valenced,nonopposite,-1.0,preference_control,-10.375,-9.75,-10.374613285064695,-9.749035835266112,-10.374613285064695,-9.749035835266112,-10.061824560165403,-0.312788724899292,-10.375,-9.75,-10.0625,-0.3125
qwen25_7b,18,valenced_nonopposite::epistemic::009,valenced_nonopposite,epistemic,valenced,nonopposite,-0.8,preference_control,-10.5,-10.75,-10.499700546264648,-10.7489972114563,-10.499700546264648,-10.7489972114563,-10.624348878860474,0.1246483325958252,-10.5,-10.75,-10.625,0.125
qwen25_7b,18,valenced_nonopposite::epistemic::009,valenced_nonopposite,epistemic,valenced,nonopposite,-0.6,preference_control,-10.0,-11.875,-9.999716758728027,-11.874046802520752,-9.999716758728027,-11.874046802520752,-10.93688178062439,0.9371650218963624,-10.0,-11.875,-10.9375,0.9375
qwen25_7b,18,valenced_nonopposite::epistemic::009,valenced_nonopposite,epistemic,valenced,nonopposite,-0.4,preference_control,-9.375,-11.75,-9.374698400497437,-11.74907922744751,-9.374698400497437,-11.74907922744751,-10.561888813972471,1.1871904134750366,-9.375,-11.75,-10.5625,1.1875
qwen25_7b,18,valenced_nonopposite::epistemic::009,valenced_nonopposite,epistemic,valenced,nonopposite,-0.2,preference_control,-7.375,-9.75,-7.374143600463867,-9.749213218688965,-7.374143600463867,-9.749213218688965,-8.561678409576416,1.1875348091125488,-7.375,-9.75,-8.5625,1.1875
qwen25_7b,18,valenced_nonopposite::epistemic::009,valenced_nonopposite,epistemic,valenced,nonopposite,0.0,preference_control,-4.375,-6.375,-4.362163066864014,-6.372767448425293,-4.362163066864014,-6.372767448425293,-5.367465257644653,1.0053021907806396,-4.375,-6.375,-5.375,1.0
qwen25_7b,18,valenced_nonopposite::epistemic::009,valenced_nonopposite,epistemic,valenced,nonopposite,0.2,preference_control,3.0,0.0,2.998055458068848,1.513957977294922e-05,2.998055458068848,1.513957977294922e-05,1.4990352988243103,1.4990201592445374,3.0,0.0,1.5,1.5
qwen25_7b,18,valenced_nonopposite::epistemic::009,valenced_nonopposite,epistemic,valenced,nonopposite,0.4,preference_control,6.375,4.5,6.373180985450745,4.488902449607849,6.373180985450745,4.488902449607849,5.431041717529297,0.9421392679214478,6.375,4.5,5.4375,0.9375
qwen25_7b,18,valenced_nonopposite::epistemic::009,valenced_nonopposite,epistemic,valenced,nonopposite,0.6,preference_control,7.25,5.375,7.249198079109192,5.37031090259552,7.249198079109192,5.37031090259552,6.309754490852356,0.939443588256836,7.25,5.375,6.3125,0.9375
qwen25_7b,18,valenced_nonopposite::epistemic::009,valenced_nonopposite,epistemic,valenced,nonopposite,0.8,preference_control,8.0,4.75,7.999590992927551,4.741345405578613,7.999590992927551,4.741345405578613,6.370468199253082,1.629122793674469,8.0,4.75,6.375,1.625
qwen25_7b,18,valenced_nonopposite::epistemic::009,valenced_nonopposite,epistemic,valenced,nonopposite,1.0,preference_control,8.875,3.875,8.874788880348206,3.870019435882568,8.874788880348206,3.870019435882568,6.372404158115387,2.5023847222328186,8.875,3.875,6.375,2.5
qwen25_7b,18,valenced_nonopposite::epistemic::010,valenced_nonopposite,epistemic,valenced,nonopposite,-1.0,preference_control,-9.75,-4.0,-9.74929428100586,-4.012451171875,-9.74929428100586,-4.012451171875,-6.88087272644043,-2.8684215545654297,-9.75,-4.0,-6.875,-2.875
qwen25_7b,18,valenced_nonopposite::epistemic::010,valenced_nonopposite,epistemic,valenced,nonopposite,-0.8,preference_control,-9.5,-4.125,-9.49942398071289,-4.1396484375,-9.49942398071289,-4.1396484375,-6.819536209106445,-2.6798877716064453,-9.5,-4.125,-6.8125,-2.6875
qwen25_7b,18,valenced_nonopposite::epistemic::010,valenced_nonopposite,epistemic,valenced,nonopposite,-0.6,preference_control,-8.875,-4.125,-8.874290466308594,-4.1396484375,-8.874290466308594,-4.1396484375,-6.506969451904297,-2.367321014404297,-8.875,-4.125,-6.5,-2.375
qwen25_7b,18,valenced_nonopposite::epistemic::010,valenced_nonopposite,epistemic,valenced,nonopposite,-0.4,preference_control,-8.5,-3.625,-8.49935531616211,-3.62939453125,-8.49935531616211,-3.62939453125,-6.064374923706055,-2.4349803924560547,-8.5,-3.625,-6.0625,-2.4375
qwen25_7b,18,valenced_nonopposite::epistemic::010,valenced_nonopposite,epistemic,valenced,nonopposite,-0.2,preference_control,-7.0,-1.125,-6.998649597167969,-1.125,-6.998649597167969,-1.125,-4.061824798583984,-2.9368247985839844,-7.0,-1.125,-4.0625,-2.9375
qwen25_7b,18,valenced_nonopposite::epistemic::010,valenced_nonopposite,epistemic,valenced,nonopposite,0.0,preference_control,-3.25,3.0,-3.24267578125,2.998291015625,-3.24267578125,2.998291015625,-0.1221923828125,-3.1204833984375,-3.25,3.0,-0.125,-3.125
qwen25_7b,18,valenced_nonopposite::epistemic::010,valenced_nonopposite,epistemic,valenced,nonopposite,0.2,preference_control,7.0,9.25,6.999069213867188,9.24989366531372,6.999069213867188,9.24989366531372,8.124481439590454,-1.1254122257232666,7.0,9.25,8.125,-1.125
qwen25_7b,18,valenced_nonopposite::epistemic::010,valenced_nonopposite,epistemic,valenced,nonopposite,0.4,preference_control,11.75,12.5,11.74998128414154,12.499986171722412,11.74998128414154,12.499986171722412,12.124983727931976,-0.3750024437904358,11.75,12.5,12.125,-0.375
qwen25_7b,18,valenced_nonopposite::epistemic::010,valenced_nonopposite,epistemic,valenced,nonopposite,0.6,preference_control,13.0,14.25,12.999987483024595,14.24998950958252,12.999987483024595,14.24998950958252,13.624988496303558,-0.6250010132789612,13.0,14.25,13.625,-0.625
qwen25_7b,18,valenced_nonopposite::epistemic::010,valenced_nonopposite,epistemic,valenced,nonopposite,0.8,preference_control,14.25,14.625,14.24998927116394,14.62498688697815,14.24998927116394,14.62498688697815,14.437488079071043,-0.1874988079071045,14.25,14.625,14.4375,-0.1875
qwen25_7b,18,valenced_nonopposite::epistemic::010,valenced_nonopposite,epistemic,valenced,nonopposite,1.0,preference_control,15.25,15.0,15.249984383583069,14.999987721443176,15.249984383583069,14.999987721443176,15.124986052513124,0.1249983310699462,15.25,15.0,15.125,0.125
qwen25_7b,18,valenced_nonopposite::epistemic::011,valenced_nonopposite,epistemic,valenced,nonopposite,-1.0,preference_control,-9.25,-3.625,-9.25651752948761,-3.636348843574524,-9.25651752948761,-3.636348843574524,-6.446433186531067,-2.810084342956543,-9.25,-3.625,-6.4375,-2.8125
qwen25_7b,18,valenced_nonopposite::epistemic::011,valenced_nonopposite,epistemic,valenced,nonopposite,-0.8,preference_control,-9.5,-3.75,-9.505197525024414,-3.746046304702759,-9.505197525024414,-3.746046304702759,-6.625621914863586,-2.879575610160828,-9.5,-3.75,-6.625,-2.875
qwen25_7b,18,valenced_nonopposite::epistemic::011,valenced_nonopposite,epistemic,valenced,nonopposite,-0.6,preference_control,-9.375,-3.375,-9.379066705703735,-3.375519037246704,-9.379066705703735,-3.375519037246704,-6.37729287147522,-3.001773834228516,-9.375,-3.375,-6.375,-3.0
qwen25_7b,18,valenced_nonopposite::epistemic::011,valenced_nonopposite,epistemic,valenced,nonopposite,-0.4,preference_control,-8.625,-2.5,-8.627849817276001,-2.5016621351242065,-8.627849817276001,-2.5016621351242065,-5.564755976200104,-3.063093841075897,-8.625,-2.5,-5.5625,-3.0625
qwen25_7b,18,valenced_nonopposite::epistemic::011,valenced_nonopposite,epistemic,valenced,nonopposite,-0.2,preference_control,-5.625,-1.25,-5.623792886734009,-1.2504761219024658,-5.623792886734009,-1.2504761219024658,-3.4371345043182373,-2.1866583824157715,-5.625,-1.25,-3.4375,-2.1875
qwen25_7b,18,valenced_nonopposite::epistemic::011,valenced_nonopposite,epistemic,valenced,nonopposite,0.0,preference_control,0.25,0.0,0.2475903034210205,-0.0022766590118408,0.2475903034210205,-0.0022766590118408,0.1226568222045898,0.1249334812164306,0.25,0.0,0.125,0.125
qwen25_7b,18,valenced_nonopposite::epistemic::011,valenced_nonopposite,epistemic,valenced,nonopposite,0.2,preference_control,7.625,1.5,7.621880292892456,1.5002758502960205,7.621880292892456,1.5002758502960205,4.561078071594238,3.0608022212982178,7.625,1.5,4.5625,3.0625
qwen25_7b,18,valenced_nonopposite::epistemic::011,valenced_nonopposite,epistemic,valenced,nonopposite,0.4,preference_control,10.375,3.0,10.37252402305603,2.996997833251953,10.37252402305603,2.996997833251953,6.684760928153992,3.687763094902039,10.375,3.0,6.6875,3.6875
qwen25_7b,18,valenced_nonopposite::epistemic::011,valenced_nonopposite,epistemic,valenced,nonopposite,0.6,preference_control,12.625,4.0,12.62292993068695,4.0123080015182495,12.62292993068695,4.0123080015182495,8.3176189661026,4.305310964584351,12.625,4.0,8.3125,4.3125
qwen25_7b,18,valenced_nonopposite::epistemic::011,valenced_nonopposite,epistemic,valenced,nonopposite,0.8,preference_control,15.25,3.25,15.248553156852722,3.242700695991516,15.248553156852722,3.242700695991516,9.24562692642212,6.002926230430603,15.25,3.25,9.25,6.0
qwen25_7b,18,valenced_nonopposite::epistemic::011,valenced_nonopposite,epistemic,valenced,nonopposite,1.0,preference_control,16.75,1.0,16.749170303344727,0.9995222091674804,16.749170303344727,0.9995222091674804,8.874346256256104,7.874824047088623,16.75,1.0,8.875,7.875
qwen25_7b,18,valenced_nonopposite::epistemic::012,valenced_nonopposite,epistemic,valenced,nonopposite,-1.0,preference_control,-5.75,-9.75,-5.728111863136292,-9.749728918075562,-5.728111863136292,-9.749728918075562,-7.7389203906059265,2.010808527469635,-5.75,-9.75,-7.75,2.0
qwen25_7b,18,valenced_nonopposite::epistemic::012,valenced_nonopposite,epistemic,valenced,nonopposite,-0.8,preference_control,-6.125,-11.75,-6.110146403312683,-11.74979317188263,-6.110146403312683,-11.74979317188263,-8.929969787597656,2.819823384284973,-6.125,-11.75,-8.9375,2.8125
qwen25_7b,18,valenced_nonopposite::epistemic::012,valenced_nonopposite,epistemic,valenced,nonopposite,-0.6,preference_control,-6.625,-13.375,-6.615963339805603,-13.374799728393556,-6.615963339805603,-13.374799728393556,-9.99538153409958,3.379418194293976,-6.625,-13.375,-10.0,3.375
qwen25_7b,18,valenced_nonopposite::epistemic::012,valenced_nonopposite,epistemic,valenced,nonopposite,-0.4,preference_control,-6.625,-14.125,-6.6166123151779175,-14.124783039093018,-6.6166123151779175,-14.124783039093018,-10.370697677135468,3.75408536195755,-6.625,-14.125,-10.375,3.75
qwen25_7b,18,valenced_nonopposite::epistemic::012,valenced_nonopposite,epistemic,valenced,nonopposite,-0.2,preference_control,-6.25,-13.375,-6.242088675498962,-13.374769806861876,-6.242088675498962,-13.374769806861876,-9.80842924118042,3.566340565681457,-6.25,-13.375,-9.8125,3.5625
qwen25_7b,18,valenced_nonopposite::epistemic::012,valenced_nonopposite,epistemic,valenced,nonopposite,0.0,preference_control,-4.5,-8.75,-4.482521414756775,-8.749591708183289,-4.482521414756775,-8.749591708183289,-6.616056561470032,2.133535146713257,-4.5,-8.75,-6.625,2.125
qwen25_7b,18,valenced_nonopposite::epistemic::012,valenced_nonopposite,epistemic,valenced,nonopposite,0.2,preference_control,6.0,-1.0,6.001969575881958,-0.9978699684143066,6.001969575881958,-0.9978699684143066,2.5020498037338257,3.4999197721481323,6.0,-1.0,2.5,3.5
qwen25_7b,18,valenced_nonopposite::epistemic::012,valenced_nonopposite,epistemic,valenced,nonopposite,0.4,preference_control,14.875,3.5,14.878430485725405,3.501083254814148,14.878430485725405,3.501083254814148,9.189756870269775,5.688673615455627,14.875,3.5,9.1875,5.6875
qwen25_7b,18,valenced_nonopposite::epistemic::012,valenced_nonopposite,epistemic,valenced,nonopposite,0.6,preference_control,16.875,4.625,16.87783920764923,4.614970445632935,16.87783920764923,4.614970445632935,10.746404826641085,6.131434381008148,16.875,4.625,10.75,6.125
qwen25_7b,18,valenced_nonopposite::epistemic::012,valenced_nonopposite,epistemic,valenced,nonopposite,0.8,preference_control,18.25,6.125,18.252963423728943,6.122431755065918,18.252963423728943,6.122431755065918,12.18769758939743,6.0652658343315125,18.25,6.125,12.1875,6.0625
qwen25_7b,18,valenced_nonopposite::epistemic::012,valenced_nonopposite,epistemic,valenced,nonopposite,1.0,preference_control,20.125,9.125,20.1307293176651,9.124417424201964,20.1307293176651,9.124417424201964,14.627573370933533,5.503155946731567,20.125,9.125,14.625,5.5
qwen25_7b,18,valenced_nonopposite::epistemic::013,valenced_nonopposite,epistemic,valenced,nonopposite,-1.0,preference_control,-11.375,-10.875,-11.374961853027344,-10.874507904052734,-11.374961853027344,-10.874507904052734,-11.12473487854004,-0.2502269744873047,-11.375,-10.875,-11.125,-0.25
qwen25_7b,18,valenced_nonopposite::epistemic::013,valenced_nonopposite,epistemic,valenced,nonopposite,-0.8,preference_control,-12.0,-12.0,-12.000089645385742,-11.999643564224243,-12.000089645385742,-11.999643564224243,-11.999866604804993,-0.0002230405807495,-12.0,-12.0,-12.0,0.0
qwen25_7b,18,valenced_nonopposite::epistemic::013,valenced_nonopposite,epistemic,valenced,nonopposite,-0.6,preference_control,-12.625,-13.125,-12.624993324279783,-13.12468647956848,-12.624993324279783,-13.12468647956848,-12.874839901924132,0.2498465776443481,-12.625,-13.125,-12.875,0.25
qwen25_7b,18,valenced_nonopposite::epistemic::013,valenced_nonopposite,epistemic,valenced,nonopposite,-0.4,preference_control,-12.875,-13.5,-12.87494945526123,-13.499368906021118,-12.87494945526123,-13.499368906021118,-13.187159180641174,0.3122097253799438,-12.875,-13.5,-13.1875,0.3125
qwen25_7b,18,valenced_nonopposite::epistemic::013,valenced_nonopposite,epistemic,valenced,nonopposite,-0.2,preference_control,-12.875,-13.375,-12.87484884262085,-13.373393893241882,-12.87484884262085,-13.373393893241882,-13.124121367931366,0.2492725253105163,-12.875,-13.375,-13.125,0.25
qwen25_7b,18,valenced_nonopposite::epistemic::013,valenced_nonopposite,epistemic,valenced,nonopposite,0.0,preference_control,-10.75,-10.5,-10.74963665008545,-10.491844892501833,-10.74963665008545,-10.491844892501833,-10.62074077129364,-0.128895878791809,-10.75,-10.5,-10.625,-0.125
qwen25_7b,18,valenced_nonopposite::epistemic::013,valenced_nonopposite,epistemic,valenced,nonopposite,0.2,preference_control,-1.5,-2.625,-1.5009820461273191,-2.628913164138794,-1.5009820461273191,-2.628913164138794,-2.0649476051330566,0.5639655590057373,-1.5,-2.625,-2.0625,0.5625
qwen25_7b,18,valenced_nonopposite::epistemic::013,valenced_nonopposite,epistemic,valenced,nonopposite,0.4,preference_control,7.0,0.75,6.998571515083313,0.7480431795120239,6.998571515083313,0.7480431795120239,3.873307347297669,3.1252641677856445,7.0,0.75,3.875,3.125
qwen25_7b,18,valenced_nonopposite::epistemic::013,valenced_nonopposite,epistemic,valenced,nonopposite,0.6,preference_control,10.375,2.875,10.374503374099731,2.8730448484420776,10.374503374099731,2.8730448484420776,6.6237741112709045,3.750729262828827,10.375,2.875,6.625,3.75
qwen25_7b,18,valenced_nonopposite::epistemic::013,valenced_nonopposite,epistemic,valenced,nonopposite,0.8,preference_control,13.25,4.25,13.2496657371521,4.236814498901367,13.2496657371521,4.236814498901367,8.743240118026733,4.506425619125366,13.25,4.25,8.75,4.5
qwen25_7b,18,valenced_nonopposite::epistemic::013,valenced_nonopposite,epistemic,valenced,nonopposite,1.0,preference_control,14.375,4.25,14.374600648880005,4.254880428314209,14.374600648880005,4.254880428314209,9.314740538597109,5.059860110282898,14.375,4.25,9.3125,5.0625
qwen25_7b,18,valenced_nonopposite::epistemic::014,valenced_nonopposite,epistemic,valenced,nonopposite,-1.0,preference_control,-12.375,-5.75,-12.374998569488524,-5.746812105178833,-12.374998569488524,-5.746812105178833,-9.06090533733368,-3.314093232154846,-12.375,-5.75,-9.0625,-3.3125
qwen25_7b,18,valenced_nonopposite::epistemic::014,valenced_nonopposite,epistemic,valenced,nonopposite,-0.8,preference_control,-13.625,-6.5,-13.62500011920929,-6.498490214347839,-13.62500011920929,-6.498490214347839,-10.061745166778564,-3.563254952430725,-13.625,-6.5,-10.0625,-3.5625
qwen25_7b,18,valenced_nonopposite::epistemic::014,valenced_nonopposite,epistemic,valenced,nonopposite,-0.6,preference_control,-14.5,-7.625,-14.499998807907104,-7.624500870704651,-14.499998807907104,-7.624500870704651,-11.062249839305878,-3.437748968601227,-14.5,-7.625,-11.0625,-3.4375
qwen25_7b,18,valenced_nonopposite::epistemic::014,valenced_nonopposite,epistemic,valenced,nonopposite,-0.4,preference_control,-15.0,-8.625,-14.999997973442078,-8.62481164932251,-14.999997973442078,-8.62481164932251,-11.812404811382294,-3.187593162059784,-15.0,-8.625,-11.8125,-3.1875
qwen25_7b,18,valenced_nonopposite::epistemic::014,valenced_nonopposite,epistemic,valenced,nonopposite,-0.2,preference_control,-14.5,-8.0,-14.499996542930605,-7.999653458595276,-14.499996542930605,-7.999653458595276,-11.24982500076294,-3.250171542167664,-14.5,-8.0,-11.25,-3.25
qwen25_7b,18,valenced_nonopposite::epistemic::014,valenced_nonopposite,epistemic,valenced,nonopposite,0.0,preference_control,-12.875,-6.25,-12.874991416931152,-6.248055100440979,-12.874991416931152,-6.248055100440979,-9.561523258686066,-3.3134681582450867,-12.875,-6.25,-9.5625,-3.3125
qwen25_7b,18,valenced_nonopposite::epistemic::014,valenced_nonopposite,epistemic,valenced,nonopposite,0.2,preference_control,-5.0,2.75,-4.993256330490112,2.750488042831421,-4.993256330490112,2.750488042831421,-1.1213841438293457,-3.871872186660767,-5.0,2.75,-1.125,-3.875
qwen25_7b,18,valenced_nonopposite::epistemic::014,valenced_nonopposite,epistemic,valenced,nonopposite,0.4,preference_control,7.375,12.0,7.374206185340881,11.999987125396729,7.374206185340881,11.999987125396729,9.687096655368803,-2.312890470027924,7.375,12.0,9.6875,-2.3125
qwen25_7b,18,valenced_nonopposite::epistemic::014,valenced_nonopposite,epistemic,valenced,nonopposite,0.6,preference_control,11.75,15.875,11.749929666519163,15.874995589256288,11.749929666519163,15.874995589256288,13.812462627887726,-2.062532961368561,11.75,15.875,13.8125,-2.0625
qwen25_7b,18,valenced_nonopposite::epistemic::014,valenced_nonopposite,epistemic,valenced,nonopposite,0.8,preference_control,14.25,17.875,14.249971628189089,17.874996185302734,14.249971628189089,17.874996185302734,16.06248390674591,-1.812512278556824,14.25,17.875,16.0625,-1.8125
qwen25_7b,18,valenced_nonopposite::epistemic::014,valenced_nonopposite,epistemic,valenced,nonopposite,1.0,preference_control,16.25,18.75,16.249986052513123,18.749996423721317,16.249986052513123,18.749996423721317,17.499991238117218,-1.2500051856040957,16.25,18.75,17.5,-1.25
qwen25_7b,18,valenced_nonopposite::epistemic::015,valenced_nonopposite,epistemic,valenced,nonopposite,-1.0,preference_control,-9.0,-6.125,-8.999467492103577,-6.122358441352844,-8.999467492103577,-6.122358441352844,-7.56091296672821,-1.4385545253753662,-9.0,-6.125,-7.5625,-1.4375
qwen25_7b,18,valenced_nonopposite::epistemic::015,valenced_nonopposite,epistemic,valenced,nonopposite,-0.8,preference_control,-10.625,-6.5,-10.62467110157013,-6.498105764389038,-10.62467110157013,-6.498105764389038,-8.561388432979584,-2.0632826685905457,-10.625,-6.5,-8.5625,-2.0625
qwen25_7b,18,valenced_nonopposite::epistemic::015,valenced_nonopposite,epistemic,valenced,nonopposite,-0.6,preference_control,-11.625,-7.0,-11.624734163284302,-6.998708605766296,-11.624734163284302,-6.998708605766296,-9.3117213845253,-2.3130127787590027,-11.625,-7.0,-9.3125,-2.3125
qwen25_7b,18,valenced_nonopposite::epistemic::015,valenced_nonopposite,epistemic,valenced,nonopposite,-0.4,preference_control,-11.5,-5.75,-11.499674081802368,-5.746228575706482,-11.499674081802368,-5.746228575706482,-8.622951328754425,-2.876722753047943,-11.5,-5.75,-8.625,-2.875
qwen25_7b,18,valenced_nonopposite::epistemic::015,valenced_nonopposite,epistemic,valenced,nonopposite,-0.2,preference_control,-10.75,-3.25,-10.749665021896362,-3.2424275875091557,-10.749665021896362,-3.2424275875091557,-6.996046304702759,-3.753618717193604,-10.75,-3.25,-7.0,-3.75
qwen25_7b,18,valenced_nonopposite::epistemic::015,valenced_nonopposite,epistemic,valenced,nonopposite,0.0,preference_control,-6.625,0.125,-6.623189091682434,0.1250033378601074,-6.623189091682434,0.1250033378601074,-3.2490928769111638,-3.3740962147712708,-6.625,0.125,-3.25,-3.375
qwen25_7b,18,valenced_nonopposite::epistemic::015,valenced_nonopposite,epistemic,valenced,nonopposite,0.2,preference_control,3.375,7.75,3.3715838193893437,7.749245285987854,3.3715838193893437,7.749245285987854,5.560414552688599,-2.188830733299256,3.375,7.75,5.5625,-2.1875
qwen25_7b,18,valenced_nonopposite::epistemic::015,valenced_nonopposite,epistemic,valenced,nonopposite,0.4,preference_control,8.625,10.625,8.624603271484375,10.62465488910675,8.624603271484375,10.62465488910675,9.624629080295565,-1.0000258088111875,8.625,10.625,9.625,-1.0
qwen25_7b,18,valenced_nonopposite::epistemic::015,valenced_nonopposite,epistemic,valenced,nonopposite,0.6,preference_control,11.25,13.0,11.24979531764984,12.999724507331848,11.24979531764984,12.999724507331848,12.124759912490845,-0.8749645948410034,11.25,13.0,12.125,-0.875
qwen25_7b,18,valenced_nonopposite::epistemic::015,valenced_nonopposite,epistemic,valenced,nonopposite,0.8,preference_control,15.25,14.75,15.249839425086977,14.749763131141664,15.249839425086977,14.749763131141664,14.99980127811432,0.2500381469726562,15.25,14.75,15.0,0.25
qwen25_7b,18,valenced_nonopposite::epistemic::015,valenced_nonopposite,epistemic,valenced,nonopposite,1.0,preference_control,20.3125,13.75,20.374913215637207,13.749817132949827,20.374913215637207,13.749817132949827,17.062365174293518,3.312548041343689,20.3125,13.75,17.03125,3.28125
qwen25_7b,18,valenced_nonopposite::epistemic::016,valenced_nonopposite,epistemic,valenced,nonopposite,-1.0,preference_control,-14.5,-7.625,-14.500590205192566,-7.624176144599914,-14.500590205192566,-7.624176144599914,-11.06238317489624,-3.4382070302963257,-14.5,-7.625,-11.0625,-3.4375
qwen25_7b,18,valenced_nonopposite::epistemic::016,valenced_nonopposite,epistemic,valenced,nonopposite,-0.8,preference_control,-15.5,-8.5,-15.499831914901732,-8.499432444572449,-15.499831914901732,-8.499432444572449,-11.999632179737093,-3.5001997351646423,-15.5,-8.5,-12.0,-3.5
qwen25_7b,18,valenced_nonopposite::epistemic::016,valenced_nonopposite,epistemic,valenced,nonopposite,-0.6,preference_control,-15.5,-9.0,-15.499626278877258,-8.999420642852783,-15.499626278877258,-8.999420642852783,-12.24952346086502,-3.250102818012237,-15.5,-9.0,-12.25,-3.25
qwen25_7b,18,valenced_nonopposite::epistemic::016,valenced_nonopposite,epistemic,valenced,nonopposite,-0.4,preference_control,-14.375,-8.75,-14.374550461769104,-8.749329209327698,-14.374550461769104,-8.749329209327698,-11.5619398355484,-2.812610626220703,-14.375,-8.75,-11.5625,-2.8125
qwen25_7b,18,valenced_nonopposite::epistemic::016,valenced_nonopposite,epistemic,valenced,nonopposite,-0.2,preference_control,-10.0,-6.875,-9.99954116344452,-6.873303055763245,-9.99954116344452,-6.873303055763245,-8.436422109603882,-1.5631190538406372,-10.0,-6.875,-8.4375,-1.5625
qwen25_7b,18,valenced_nonopposite::epistemic::016,valenced_nonopposite,epistemic,valenced,nonopposite,0.0,preference_control,1.125,-4.0,1.1251325607299805,-4.012446761131287,1.1251325607299805,-4.012446761131287,-1.443657100200653,2.568789660930633,1.125,-4.0,-1.4375,2.5625
qwen25_7b,18,valenced_nonopposite::epistemic::016,valenced_nonopposite,epistemic,valenced,nonopposite,0.2,preference_control,9.375,0.875,9.37416386604309,0.8769599199295044,9.37416386604309,0.8769599199295044,5.125561892986298,4.248601973056793,9.375,0.875,5.125,4.25
qwen25_7b,18,valenced_nonopposite::epistemic::016,valenced_nonopposite,epistemic,valenced,nonopposite,0.4,preference_control,11.125,4.75,11.124323606491089,4.74091637134552,11.124323606491089,4.74091637134552,7.932619988918304,3.1917036175727844,11.125,4.75,7.9375,3.1875
qwen25_7b,18,valenced_nonopposite::epistemic::016,valenced_nonopposite,epistemic,valenced,nonopposite,0.6,preference_control,12.25,6.625,12.249740600585938,6.623378753662109,12.249740600585938,6.623378753662109,9.436559677124023,2.813180923461914,12.25,6.625,9.4375,2.8125
qwen25_7b,18,valenced_nonopposite::epistemic::016,valenced_nonopposite,epistemic,valenced,nonopposite,0.8,preference_control,13.25,6.375,13.250112295150757,6.373249053955078,13.250112295150757,6.373249053955078,9.811680674552916,3.43843162059784,13.25,6.375,9.8125,3.4375
qwen25_7b,18,valenced_nonopposite::epistemic::016,valenced_nonopposite,epistemic,valenced,nonopposite,1.0,preference_control,13.625,4.625,13.6265230178833,4.6177520751953125,13.6265230178833,4.6177520751953125,9.122137546539308,4.504385471343994,13.625,4.625,9.125,4.5
qwen25_7b,18,valenced_nonopposite::epistemic::017,valenced_nonopposite,epistemic,valenced,nonopposite,-1.0,preference_control,-15.625,-8.75,-15.624980688095093,-8.74983024597168,-15.624980688095093,-8.74983024597168,-12.187405467033386,-3.4375752210617065,-15.625,-8.75,-12.1875,-3.4375
qwen25_7b,18,valenced_nonopposite::epistemic::017,valenced_nonopposite,epistemic,valenced,nonopposite,-0.8,preference_control,-16.375,-10.125,-16.374984741210938,-10.12495231628418,-16.374984741210938,-10.12495231628418,-13.24996852874756,-3.125016212463379,-16.375,-10.125,-13.25,-3.125
qwen25_7b,18,valenced_nonopposite::epistemic::017,valenced_nonopposite,epistemic,valenced,nonopposite,-0.6,preference_control,-16.625,-10.875,-16.624986171722412,-10.874974250793455,-16.624986171722412,-10.874974250793455,-13.749980211257936,-2.875005960464477,-16.625,-10.875,-13.75,-2.875
qwen25_7b,18,valenced_nonopposite::epistemic::017,valenced_nonopposite,epistemic,valenced,nonopposite,-0.4,preference_control,-16.875,-11.75,-16.87498903274536,-11.749985814094543,-16.87498903274536,-11.749985814094543,-14.312487423419952,-2.562501609325409,-16.875,-11.75,-14.3125,-2.5625
qwen25_7b,18,valenced_nonopposite::epistemic::017,valenced_nonopposite,epistemic,valenced,nonopposite,-0.2,preference_control,-16.125,-10.5,-16.124989867210388,-10.499966859817505,-16.124989867210388,-10.499966859817505,-13.312478363513948,-2.8125115036964417,-16.125,-10.5,-13.3125,-2.8125
qwen25_7b,18,valenced_nonopposite::epistemic::017,valenced_nonopposite,epistemic,valenced,nonopposite,0.0,preference_control,-12.75,-5.875,-12.7499897480011,-5.8721923828125,-12.7499897480011,-5.8721923828125,-9.3110910654068,-3.4388986825942998,-12.75,-5.875,-9.3125,-3.4375
qwen25_7b,18,valenced_nonopposite::epistemic::017,valenced_nonopposite,epistemic,valenced,nonopposite,0.2,preference_control,0.25,2.0,0.25,1.998046875,0.25,1.998046875,1.1240234375,-0.8740234375,0.25,2.0,1.125,-0.875
qwen25_7b,18,valenced_nonopposite::epistemic::017,valenced_nonopposite,epistemic,valenced,nonopposite,0.4,preference_control,6.0,6.0,5.9975128173828125,5.9975128173828125,5.9975128173828125,5.9975128173828125,5.9975128173828125,0.0,6.0,6.0,6.0,0.0
qwen25_7b,18,valenced_nonopposite::epistemic::017,valenced_nonopposite,epistemic,valenced,nonopposite,0.6,preference_control,8.75,7.25,8.749836921691895,7.2492828369140625,8.749836921691895,7.2492828369140625,7.999559879302978,0.750277042388916,8.75,7.25,8.0,0.75
qwen25_7b,18,valenced_nonopposite::epistemic::017,valenced_nonopposite,epistemic,valenced,nonopposite,0.8,preference_control,11.5,9.125,11.499985814094543,9.124881744384766,11.499985814094543,9.124881744384766,10.312433779239656,1.187552034854889,11.5,9.125,10.3125,1.1875
qwen25_7b,18,valenced_nonopposite::epistemic::017,valenced_nonopposite,epistemic,valenced,nonopposite,1.0,preference_control,14.5,11.375,14.499995708465576,11.37497878074646,14.499995708465576,11.37497878074646,12.937487244606018,1.562508463859558,14.5,11.375,12.9375,1.5625
qwen25_7b,18,valenced_nonopposite::epistemic::019,valenced_nonopposite,epistemic,valenced,nonopposite,-1.0,preference_control,-15.0,-9.5,-15.00074028968811,-9.504464387893677,-15.00074028968811,-9.504464387893677,-12.252602338790894,-2.748137950897217,-15.0,-9.5,-12.25,-2.75
qwen25_7b,18,valenced_nonopposite::epistemic::019,valenced_nonopposite,epistemic,valenced,nonopposite,-0.8,preference_control,-16.25,-11.375,-16.250970363616943,-11.379342198371887,-16.250970363616943,-11.379342198371887,-13.815156280994415,-2.435814082622528,-16.25,-11.375,-13.8125,-2.4375
qwen25_7b,18,valenced_nonopposite::epistemic::019,valenced_nonopposite,epistemic,valenced,nonopposite,-0.6,preference_control,-17.125,-12.75,-17.126111388206482,-12.754258632659912,-17.126111388206482,-12.754258632659912,-14.940185010433195,-2.185926377773285,-17.125,-12.75,-14.9375,-2.1875
qwen25_7b,18,valenced_nonopposite::epistemic::019,valenced_nonopposite,epistemic,valenced,nonopposite,-0.4,preference_control,-16.875,-12.625,-16.876447200775146,-12.62873351573944,-16.876447200775146,-12.62873351573944,-14.752590358257294,-2.123856842517853,-16.875,-12.625,-14.75,-2.125
qwen25_7b,18,valenced_nonopposite::epistemic::019,valenced_nonopposite,epistemic,valenced,nonopposite,-0.2,preference_control,-15.375,-10.5,-15.376656770706177,-10.502214312553406,-15.376656770706177,-10.502214312553406,-12.939435541629791,-2.437221229076385,-15.375,-10.5,-12.9375,-2.4375
qwen25_7b,18,valenced_nonopposite::epistemic::019,valenced_nonopposite,epistemic,valenced,nonopposite,0.0,preference_control,-12.125,-7.375,-12.126871705055237,-7.3761091232299805,-12.126871705055237,-7.3761091232299805,-9.751490414142609,-2.375381290912628,-12.125,-7.375,-9.75,-2.375
qwen25_7b,18,valenced_nonopposite::epistemic::019,valenced_nonopposite,epistemic,valenced,nonopposite,0.2,preference_control,-1.75,-2.75,-1.755025029182434,-2.7518399953842163,-1.755025029182434,-2.7518399953842163,-2.253432512283325,0.4984074831008911,-1.75,-2.75,-2.25,0.5
qwen25_7b,18,valenced_nonopposite::epistemic::019,valenced_nonopposite,epistemic,valenced,nonopposite,0.4,preference_control,5.625,0.25,5.6204893589019775,0.2486281394958496,5.6204893589019775,0.2486281394958496,2.9345587491989136,2.685930609703064,5.625,0.25,2.9375,2.6875
qwen25_7b,18,valenced_nonopposite::epistemic::019,valenced_nonopposite,epistemic,valenced,nonopposite,0.6,preference_control,9.625,2.25,9.624247312545776,2.24297308921814,9.624247312545776,2.24297308921814,5.933610200881958,3.6906371116638175,9.625,2.25,5.9375,3.6875
qwen25_7b,18,valenced_nonopposite::epistemic::019,valenced_nonopposite,epistemic,valenced,nonopposite,0.8,preference_control,12.25,3.75,12.248836517333984,3.7416913509368896,12.248836517333984,3.7416913509368896,7.995263934135437,4.253572583198547,12.25,3.75,8.0,4.25
qwen25_7b,18,valenced_nonopposite::epistemic::019,valenced_nonopposite,epistemic,valenced,nonopposite,1.0,preference_control,14.625,4.5,14.622544407844543,4.488332986831665,14.622544407844543,4.488332986831665,9.555438697338104,5.067105710506439,14.625,4.5,9.5625,5.0625
qwen25_7b,18,valenced_nonopposite::utilitarian::000,valenced_nonopposite,utilitarian,valenced,nonopposite,-1.0,preference_control,-11.875,-9.0,-11.860580444335938,-8.993921995162964,-11.860580444335938,-8.993921995162964,-10.42725121974945,-1.4333292245864868,-11.875,-9.0,-10.4375,-1.4375
qwen25_7b,18,valenced_nonopposite::utilitarian::000,valenced_nonopposite,utilitarian,valenced,nonopposite,-0.8,preference_control,-12.625,-10.0,-12.618184089660645,-9.99470353126526,-12.618184089660645,-9.99470353126526,-11.306443810462952,-1.3117402791976929,-12.625,-10.0,-11.3125,-1.3125
qwen25_7b,18,valenced_nonopposite::utilitarian::000,valenced_nonopposite,utilitarian,valenced,nonopposite,-0.6,preference_control,-12.875,-10.125,-12.87135922908783,-10.120868921279907,-12.87135922908783,-10.120868921279907,-11.496114075183868,-1.3752451539039612,-12.875,-10.125,-11.5,-1.375
qwen25_7b,18,valenced_nonopposite::utilitarian::000,valenced_nonopposite,utilitarian,valenced,nonopposite,-0.4,preference_control,-13.0,-9.875,-12.995871663093569,-9.871345400810242,-12.995871663093569,-9.871345400810242,-11.433608531951904,-1.5622631311416626,-13.0,-9.875,-11.4375,-1.5625
qwen25_7b,18,valenced_nonopposite::utilitarian::000,valenced_nonopposite,utilitarian,valenced,nonopposite,-0.2,preference_control,-11.625,-8.25,-11.61240816116333,-8.24509572982788,-11.61240816116333,-8.24509572982788,-9.928751945495604,-1.6836562156677246,-11.625,-8.25,-9.9375,-1.6875
qwen25_7b,18,valenced_nonopposite::utilitarian::000,valenced_nonopposite,utilitarian,valenced,nonopposite,0.0,preference_control,-6.0,-5.75,-5.884213805198669,-5.740859270095825,-5.884213805198669,-5.740859270095825,-5.812536537647247,-0.0716772675514221,-6.0,-5.75,-5.875,-0.125
qwen25_7b,18,valenced_nonopposite::utilitarian::000,valenced_nonopposite,utilitarian,valenced,nonopposite,0.2,preference_control,5.25,-0.25,6.143160700798035,-0.2413923740386963,6.143160700798035,-0.2413923740386963,2.950884163379669,3.192276537418365,5.25,-0.25,2.5,2.75
qwen25_7b,18,valenced_nonopposite::utilitarian::000,valenced_nonopposite,utilitarian,valenced,nonopposite,0.4,preference_control,10.5,3.5,11.195272564888,3.5031768083572388,11.195272564888,3.5031768083572388,7.34922468662262,3.846047878265381,10.5,3.5,7.0,3.5
qwen25_7b,18,valenced_nonopposite::utilitarian::000,valenced_nonopposite,utilitarian,valenced,nonopposite,0.6,preference_control,14.375,5.25,15.203121781349182,5.24518883228302,15.203121781349182,5.24518883228302,10.2241553068161,4.978966474533081,14.375,5.25,9.8125,4.5625
qwen25_7b,18,valenced_nonopposite::utilitarian::000,valenced_nonopposite,utilitarian,valenced,nonopposite,0.8,preference_control,18.5,5.75,18.888667464256287,5.746939659118652,18.888667464256287,5.746939659118652,12.31780356168747,6.570863902568817,18.5,5.75,12.125,6.375
qwen25_7b,18,valenced_nonopposite::utilitarian::000,valenced_nonopposite,utilitarian,valenced,nonopposite,1.0,preference_control,22.5,6.25,22.589343190193176,6.248069524765015,22.589343190193176,6.248069524765015,14.418706357479095,8.17063683271408,22.5,6.25,14.375,8.125
qwen25_7b,18,valenced_nonopposite::utilitarian::001,valenced_nonopposite,utilitarian,valenced,nonopposite,-1.0,preference_control,-9.875,-11.625,-9.874839425086977,-11.624975442886353,-9.874839425086977,-11.624975442886353,-10.749907433986664,0.8750680088996887,-9.875,-11.625,-10.75,0.875
qwen25_7b,18,valenced_nonopposite::utilitarian::001,valenced_nonopposite,utilitarian,valenced,nonopposite,-0.8,preference_control,-9.5,-12.625,-9.499868035316467,-12.624991536140442,-9.499868035316467,-12.624991536140442,-11.062429785728456,1.5625617504119873,-9.5,-12.625,-11.0625,1.5625
qwen25_7b,18,valenced_nonopposite::utilitarian::001,valenced_nonopposite,utilitarian,valenced,nonopposite,-0.6,preference_control,-9.5,-13.0,-9.499885201454164,-13.000000476837158,-9.499885201454164,-13.000000476837158,-11.24994283914566,1.7500576376914978,-9.5,-13.0,-11.25,1.75
qwen25_7b,18,valenced_nonopposite::utilitarian::001,valenced_nonopposite,utilitarian,valenced,nonopposite,-0.4,preference_control,-8.75,-12.375,-8.749802470207214,-12.374977350234984,-8.749802470207214,-12.374977350234984,-10.5623899102211,1.8125874400138853,-8.75,-12.375,-10.5625,1.8125
qwen25_7b,18,valenced_nonopposite::utilitarian::001,valenced_nonopposite,utilitarian,valenced,nonopposite,-0.2,preference_control,-6.5,-9.625,-6.498409748077393,-9.62459909915924,-6.498409748077393,-9.62459909915924,-8.061504423618317,1.563094675540924,-6.5,-9.625,-8.0625,1.5625
qwen25_7b,18,valenced_nonopposite::utilitarian::001,valenced_nonopposite,utilitarian,valenced,nonopposite,0.0,preference_control,-2.0,-5.25,-1.99702262878418,-5.243594288825989,-1.99702262878418,-5.243594288825989,-3.620308458805084,1.6232858300209043,-2.0,-5.25,-3.625,1.625
qwen25_7b,18,valenced_nonopposite::utilitarian::001,valenced_nonopposite,utilitarian,valenced,nonopposite,0.2,preference_control,7.0,2.25,6.998292446136475,2.2426791191101074,6.998292446136475,2.2426791191101074,4.620485782623291,2.377806663513184,7.0,2.25,4.625,2.375
qwen25_7b,18,valenced_nonopposite::utilitarian::001,valenced_nonopposite,utilitarian,valenced,nonopposite,0.4,preference_control,11.875,7.0,11.87392258644104,6.998041987419128,11.87392258644104,6.998041987419128,9.435982286930084,2.437940299510956,11.875,7.0,9.4375,2.4375
qwen25_7b,18,valenced_nonopposite::utilitarian::001,valenced_nonopposite,utilitarian,valenced,nonopposite,0.6,preference_control,15.625,12.125,15.623034119606018,12.123189330101011,15.623034119606018,12.123189330101011,13.873111724853516,1.7499223947525024,15.625,12.125,13.875,1.75
qwen25_7b,18,valenced_nonopposite::utilitarian::001,valenced_nonopposite,utilitarian,valenced,nonopposite,0.8,preference_control,19.25,15.125,19.246342301368717,15.120803356170654,19.246342301368717,15.120803356170654,17.183572828769684,2.062769472599029,19.25,15.125,17.1875,2.0625
qwen25_7b,18,valenced_nonopposite::utilitarian::001,valenced_nonopposite,utilitarian,valenced,nonopposite,1.0,preference_control,21.5,11.375,21.494696617126465,11.366154670715332,21.494696617126465,11.366154670715332,16.4304256439209,5.064270973205566,21.5,11.375,16.4375,5.0625
qwen25_7b,18,valenced_nonopposite::utilitarian::002,valenced_nonopposite,utilitarian,valenced,nonopposite,-1.0,preference_control,-12.5,-11.0,-12.498893976211548,-10.998525500297546,-12.498893976211548,-10.998525500297546,-11.748709738254547,-0.7501842379570007,-12.5,-11.0,-11.75,-0.75
qwen25_7b,18,valenced_nonopposite::utilitarian::002,valenced_nonopposite,utilitarian,valenced,nonopposite,-0.8,preference_control,-13.5,-12.375,-13.498935341835022,-12.373642206192017,-13.498935341835022,-12.373642206192017,-12.93628877401352,-0.5626465678215027,-13.5,-12.375,-12.9375,-0.5625
qwen25_7b,18,valenced_nonopposite::utilitarian::002,valenced_nonopposite,utilitarian,valenced,nonopposite,-0.6,preference_control,-14.375,-13.375,-14.373944520950316,-13.373982071876526,-14.373944520950316,-13.373982071876526,-13.873963296413422,-0.4999812245368957,-14.375,-13.375,-13.875,-0.5
qwen25_7b,18,valenced_nonopposite::utilitarian::002,valenced_nonopposite,utilitarian,valenced,nonopposite,-0.4,preference_control,-14.75,-13.875,-14.749146938323976,-13.87419295310974,-14.749146938323976,-13.87419295310974,-14.311669945716858,-0.4374769926071167,-14.75,-13.875,-14.3125,-0.4375
qwen25_7b,18,valenced_nonopposite::utilitarian::002,valenced_nonopposite,utilitarian,valenced,nonopposite,-0.2,preference_control,-13.0,-12.625,-12.999223709106444,-12.62436580657959,-12.999223709106444,-12.62436580657959,-12.811794757843018,-0.1874289512634277,-13.0,-12.625,-12.8125,-0.1875
qwen25_7b,18,valenced_nonopposite::utilitarian::002,valenced_nonopposite,utilitarian,valenced,nonopposite,0.0,preference_control,-6.875,-8.75,-6.873188018798828,-8.749345779418945,-6.873188018798828,-8.749345779418945,-7.811266899108887,0.9380788803100586,-6.875,-8.75,-7.8125,0.9375
qwen25_7b,18,valenced_nonopposite::utilitarian::002,valenced_nonopposite,utilitarian,valenced,nonopposite,0.2,preference_control,5.375,-2.75,5.369098663330078,-2.749794006347656,5.369098663330078,-2.749794006347656,1.309652328491211,4.059446334838867,5.375,-2.75,1.3125,4.0625
qwen25_7b,18,valenced_nonopposite::utilitarian::002,valenced_nonopposite,utilitarian,valenced,nonopposite,0.4,preference_control,11.5,0.75,11.499465942382812,0.7547988891601562,11.499465942382812,0.7547988891601562,6.127132415771484,5.372333526611328,11.5,0.75,6.125,5.375
qwen25_7b,18,valenced_nonopposite::utilitarian::002,valenced_nonopposite,utilitarian,valenced,nonopposite,0.6,preference_control,16.5,3.75,16.499286651611328,3.757915496826172,16.499286651611328,3.757915496826172,10.12860107421875,6.370685577392578,16.5,3.75,10.125,6.375
qwen25_7b,18,valenced_nonopposite::utilitarian::002,valenced_nonopposite,utilitarian,valenced,nonopposite,0.8,preference_control,20.0,5.25,19.999584197998047,5.244697570800781,19.999584197998047,5.244697570800781,12.622140884399414,7.377443313598633,20.0,5.25,12.625,7.375
qwen25_7b,18,valenced_nonopposite::utilitarian::002,valenced_nonopposite,utilitarian,valenced,nonopposite,1.0,preference_control,21.125,5.0,21.12481689453125,4.993476867675781,21.12481689453125,4.993476867675781,13.059146881103516,8.065670013427734,21.125,5.0,13.0625,8.0625
qwen25_7b,18,valenced_nonopposite::utilitarian::003,valenced_nonopposite,utilitarian,valenced,nonopposite,-1.0,preference_control,-18.625,-13.375,-18.62495529651642,-13.374962329864502,-18.62495529651642,-13.374962329864502,-15.99995881319046,-2.6249964833259583,-18.625,-13.375,-16.0,-2.625
qwen25_7b,18,valenced_nonopposite::utilitarian::003,valenced_nonopposite,utilitarian,valenced,nonopposite,-0.8,preference_control,-19.25,-13.125,-19.24996268749237,-13.12496280670166,-19.24996268749237,-13.12496280670166,-16.187462747097015,-3.0624999403953552,-19.25,-13.125,-16.1875,-3.0625
qwen25_7b,18,valenced_nonopposite::utilitarian::003,valenced_nonopposite,utilitarian,valenced,nonopposite,-0.6,preference_control,-19.5,-12.125,-19.49995481967926,-12.12495732307434,-19.49995481967926,-12.12495732307434,-15.8124560713768,-3.68749874830246,-19.5,-12.125,-15.8125,-3.6875
qwen25_7b,18,valenced_nonopposite::utilitarian::003,valenced_nonopposite,utilitarian,valenced,nonopposite,-0.4,preference_control,-18.375,-10.0,-18.37496304512024,-9.999915838241575,-18.37496304512024,-9.999915838241575,-14.187439441680908,-4.187523603439331,-18.375,-10.0,-14.1875,-4.1875
qwen25_7b,18,valenced_nonopposite::utilitarian::003,valenced_nonopposite,utilitarian,valenced,nonopposite,-0.2,preference_control,-16.5,-6.125,-16.499958395957947,-6.122763633728027,-16.499958395957947,-6.122763633728027,-11.311361014842989,-5.18859738111496,-16.5,-6.125,-11.3125,-5.1875
qwen25_7b,18,valenced_nonopposite::utilitarian::003,valenced_nonopposite,utilitarian,valenced,nonopposite,0.0,preference_control,-12.25,-2.0,-12.249948382377625,-1.9980077743530276,-12.249948382377625,-1.9980077743530276,-7.123978078365326,-5.125970304012299,-12.25,-2.0,-7.125,-5.125
qwen25_7b,18,valenced_nonopposite::utilitarian::003,valenced_nonopposite,utilitarian,valenced,nonopposite,0.2,preference_control,-0.75,0.75,-0.7538758516311646,0.7519757747650146,-0.7538758516311646,0.7519757747650146,-0.0009500384330749,-0.7529258131980896,-0.75,0.75,0.0,-0.75
qwen25_7b,18,valenced_nonopposite::utilitarian::003,valenced_nonopposite,utilitarian,valenced,nonopposite,0.4,preference_control,4.625,1.75,4.613911986351013,1.750988483428955,4.613911986351013,1.750988483428955,3.182450234889984,1.431461751461029,4.625,1.75,3.1875,1.4375
qwen25_7b,18,valenced_nonopposite::utilitarian::003,valenced_nonopposite,utilitarian,valenced,nonopposite,0.6,preference_control,9.0,1.875,8.997407793998718,1.8681721687316892,8.997407793998718,1.8681721687316892,5.432789981365204,3.5646178126335144,9.0,1.875,5.4375,3.5625
qwen25_7b,18,valenced_nonopposite::utilitarian::003,valenced_nonopposite,utilitarian,valenced,nonopposite,0.8,preference_control,12.75,1.375,12.746403813362122,1.3769611120224,12.746403813362122,1.3769611120224,7.061682462692261,5.684721350669861,12.75,1.375,7.0625,5.6875
qwen25_7b,18,valenced_nonopposite::utilitarian::003,valenced_nonopposite,utilitarian,valenced,nonopposite,1.0,preference_control,16.25,1.0,16.246846914291382,1.0019627809524536,16.246846914291382,1.0019627809524536,8.624404847621918,7.622442066669464,16.25,1.0,8.625,7.625
qwen25_7b,18,valenced_nonopposite::utilitarian::004,valenced_nonopposite,utilitarian,valenced,nonopposite,-1.0,preference_control,-1.875,0.75,-1.8711100816726685,0.7499996423721313,-1.8711100816726685,0.7499996423721313,-0.5605552196502686,-1.3105548620224,-1.875,0.75,-0.5625,-1.3125
qwen25_7b,18,valenced_nonopposite::utilitarian::004,valenced_nonopposite,utilitarian,valenced,nonopposite,-0.8,preference_control,-1.5,1.25,-1.5000139474868774,1.2539058923721311,-1.5000139474868774,1.2539058923721311,-0.123054027557373,-1.3769599199295044,-1.5,1.25,-0.125,-1.375
qwen25_7b,18,valenced_nonopposite::utilitarian::004,valenced_nonopposite,utilitarian,valenced,nonopposite,-0.6,preference_control,-1.0,1.625,-0.9980554580688475,1.6230465173721311,-0.9980554580688475,1.6230465173721311,0.3124955296516418,-1.3105509877204895,-1.0,1.625,0.3125,-1.3125
qwen25_7b,18,valenced_nonopposite::utilitarian::004,valenced_nonopposite,utilitarian,valenced,nonopposite,-0.4,preference_control,-0.5,2.5,-0.5000051259994507,2.497558116912842,-0.5000051259994507,2.497558116912842,0.9987764954566956,-1.4987816214561462,-0.5,2.5,1.0,-1.5
qwen25_7b,18,valenced_nonopposite::utilitarian::004,valenced_nonopposite,utilitarian,valenced,nonopposite,-0.2,preference_control,0.5,3.5,0.4980436563491821,3.499999523162842,0.4980436563491821,3.499999523162842,1.999021589756012,-1.5009779334068298,0.5,3.5,2.0,-1.5
qwen25_7b,18,valenced_nonopposite::utilitarian::004,valenced_nonopposite,utilitarian,valenced,nonopposite,0.0,preference_control,3.5,5.125,3.497313141822815,5.118346810340881,3.497313141822815,5.118346810340881,4.307829976081848,-0.8105168342590332,3.5,5.125,4.3125,-0.8125
qwen25_7b,18,valenced_nonopposite::utilitarian::004,valenced_nonopposite,utilitarian,valenced,nonopposite,0.2,preference_control,10.75,8.125,10.749217629432678,8.124419808387756,10.749217629432678,8.124419808387756,9.436818718910216,1.312398910522461,10.75,8.125,9.4375,1.3125
qwen25_7b,18,valenced_nonopposite::utilitarian::004,valenced_nonopposite,utilitarian,valenced,nonopposite,0.4,preference_control,15.5,10.625,15.49968695640564,10.62465250492096,15.49968695640564,10.62465250492096,13.0621697306633,2.43751722574234,15.5,10.625,13.0625,2.4375
qwen25_7b,18,valenced_nonopposite::utilitarian::004,valenced_nonopposite,utilitarian,valenced,nonopposite,0.6,preference_control,17.375,12.625,17.374709844589233,12.624616265296936,17.374709844589233,12.624616265296936,14.999663054943085,2.3750467896461487,17.375,12.625,15.0,2.375
qwen25_7b,18,valenced_nonopposite::utilitarian::004,valenced_nonopposite,utilitarian,valenced,nonopposite,0.8,preference_control,19.625,14.125,19.62481164932251,14.124583959579468,19.62481164932251,14.124583959579468,16.87469780445099,2.750113844871521,19.625,14.125,16.875,2.75
qwen25_7b,18,valenced_nonopposite::utilitarian::004,valenced_nonopposite,utilitarian,valenced,nonopposite,1.0,preference_control,21.875,14.75,21.874863505363464,14.7496657371521,21.874863505363464,14.7496657371521,18.312264621257786,3.5625988841056824,21.875,14.75,18.3125,3.5625
qwen25_7b,18,valenced_nonopposite::utilitarian::005,valenced_nonopposite,utilitarian,valenced,nonopposite,-1.0,preference_control,-8.75,-7.25,-8.749701142311096,-7.248999238014221,-8.749701142311096,-7.248999238014221,-7.999350190162659,-0.7503509521484375,-8.75,-7.25,-8.0,-0.75
qwen25_7b,18,valenced_nonopposite::utilitarian::005,valenced_nonopposite,utilitarian,valenced,nonopposite,-0.8,preference_control,-9.125,-7.25,-9.124734282493591,-7.249077677726746,-9.124734282493591,-7.249077677726746,-8.186905980110168,-0.9378283023834229,-9.125,-7.25,-8.1875,-0.9375
qwen25_7b,18,valenced_nonopposite::utilitarian::005,valenced_nonopposite,utilitarian,valenced,nonopposite,-0.6,preference_control,-9.0,-6.5,-8.999720335006714,-6.498309016227722,-8.999720335006714,-6.498309016227722,-7.749014675617218,-1.2507056593894958,-9.0,-6.5,-7.75,-1.25
qwen25_7b,18,valenced_nonopposite::utilitarian::005,valenced_nonopposite,utilitarian,valenced,nonopposite,-0.4,preference_control,-7.5,-4.75,-7.499306321144104,-4.741148829460144,-7.499306321144104,-4.741148829460144,-6.120227575302124,-1.37907874584198,-7.5,-4.75,-6.125,-1.375
qwen25_7b,18,valenced_nonopposite::utilitarian::005,valenced_nonopposite,utilitarian,valenced,nonopposite,-0.2,preference_control,-4.0,-1.75,-4.012926459312439,-1.7537219524383545,-4.012926459312439,-1.7537219524383545,-2.8833242058753967,-1.1296022534370422,-4.0,-1.75,-2.875,-1.125
qwen25_7b,18,valenced_nonopposite::utilitarian::005,valenced_nonopposite,utilitarian,valenced,nonopposite,0.0,preference_control,2.125,3.25,2.121753454208374,3.243455290794373,2.121753454208374,3.243455290794373,2.6826043725013733,-0.5608509182929993,2.125,3.25,2.6875,-0.5625
qwen25_7b,18,valenced_nonopposite::utilitarian::005,valenced_nonopposite,utilitarian,valenced,nonopposite,0.2,preference_control,13.875,8.625,13.875010371208193,8.625012755393982,13.875010371208193,8.625012755393982,11.250011563301086,2.6249988079071045,13.875,8.625,11.25,2.625
qwen25_7b,18,valenced_nonopposite::utilitarian::005,valenced_nonopposite,utilitarian,valenced,nonopposite,0.4,preference_control,19.125,11.125,19.124504923820496,11.124911665916445,19.124504923820496,11.124911665916445,15.12470829486847,3.9997966289520255,19.125,11.125,15.125,4.0
qwen25_7b,18,valenced_nonopposite::utilitarian::005,valenced_nonopposite,utilitarian,valenced,nonopposite,0.6,preference_control,21.4375,14.75,21.49899470806122,14.749766945838928,21.49899470806122,14.749766945838928,18.124380826950077,3.374613881111145,21.4375,14.75,18.09375,3.34375
qwen25_7b,18,valenced_nonopposite::utilitarian::005,valenced_nonopposite,utilitarian,valenced,nonopposite,0.8,preference_control,22.3125,16.625,22.37358558177948,16.624831795692444,22.37358558177948,16.624831795692444,19.49920868873596,2.874376893043518,22.3125,16.625,19.46875,2.84375
qwen25_7b,18,valenced_nonopposite::utilitarian::005,valenced_nonopposite,utilitarian,valenced,nonopposite,1.0,preference_control,21.9375,16.0,21.99854600429535,16.000016689300537,21.99854600429535,16.000016689300537,18.999281346797943,2.999264657497406,21.9375,16.0,18.96875,2.96875
qwen25_7b,18,valenced_nonopposite::utilitarian::006,valenced_nonopposite,utilitarian,valenced,nonopposite,-1.0,preference_control,-9.0,-4.875,-8.998151779174805,-4.867173910140991,-8.998151779174805,-4.867173910140991,-6.932662844657898,-2.0654889345169067,-9.0,-4.875,-6.9375,-2.0625
qwen25_7b,18,valenced_nonopposite::utilitarian::006,valenced_nonopposite,utilitarian,valenced,nonopposite,-0.8,preference_control,-9.5,-5.125,-9.499199628829956,-5.118942022323608,-9.499199628829956,-5.118942022323608,-7.309070825576782,-2.190128803253174,-9.5,-5.125,-7.3125,-2.1875
qwen25_7b,18,valenced_nonopposite::utilitarian::006,valenced_nonopposite,utilitarian,valenced,nonopposite,-0.6,preference_control,-9.25,-5.0,-9.249585151672363,-4.993203043937683,-9.249585151672363,-4.993203043937683,-7.121394097805023,-2.12819105386734,-9.25,-5.0,-7.125,-2.125
qwen25_7b,18,valenced_nonopposite::utilitarian::006,valenced_nonopposite,utilitarian,valenced,nonopposite,-0.4,preference_control,-7.5,-3.375,-7.499330759048462,-3.372532844543457,-7.499330759048462,-3.372532844543457,-5.43593180179596,-2.0633989572525024,-7.5,-3.375,-5.4375,-2.0625
qwen25_7b,18,valenced_nonopposite::utilitarian::006,valenced_nonopposite,utilitarian,valenced,nonopposite,-0.2,preference_control,-2.625,-1.25,-2.6171408891677856,-1.248011589050293,-2.6171408891677856,-1.248011589050293,-1.9325762391090395,-0.6845646500587463,-2.625,-1.25,-1.9375,-0.6875
qwen25_7b,18,valenced_nonopposite::utilitarian::006,valenced_nonopposite,utilitarian,valenced,nonopposite,0.0,preference_control,5.125,2.25,5.118839263916016,2.2427098751068115,5.118839263916016,2.2427098751068115,3.6807745695114136,1.438064694404602,5.125,2.25,3.6875,1.4375
qwen25_7b,18,valenced_nonopposite::utilitarian::006,valenced_nonopposite,utilitarian,valenced,nonopposite,0.2,preference_control,12.25,6.375,12.249899506568909,6.373002052307129,12.249899506568909,6.373002052307129,9.31145077943802,2.93844872713089,12.25,6.375,9.3125,2.9375
qwen25_7b,18,valenced_nonopposite::utilitarian::006,valenced_nonopposite,utilitarian,valenced,nonopposite,0.4,preference_control,16.0,7.375,15.999930262565613,7.374078273773193,15.999930262565613,7.374078273773193,11.687004268169405,4.31292599439621,16.0,7.375,11.6875,4.3125
qwen25_7b,18,valenced_nonopposite::utilitarian::006,valenced_nonopposite,utilitarian,valenced,nonopposite,0.6,preference_control,19.25,8.25,19.249923944473267,8.249469876289368,19.249923944473267,8.249469876289368,13.749696910381315,5.5002270340919495,19.25,8.25,13.75,5.5
qwen25_7b,18,valenced_nonopposite::utilitarian::006,valenced_nonopposite,utilitarian,valenced,nonopposite,0.8,preference_control,21.1875,8.375,21.24992334842682,8.374501943588257,21.24992334842682,8.374501943588257,14.812212646007538,6.437710702419281,21.1875,8.375,14.78125,6.40625
qwen25_7b,18,valenced_nonopposite::utilitarian::006,valenced_nonopposite,utilitarian,valenced,nonopposite,1.0,preference_control,21.75,7.125,21.749898076057438,7.124259948730469,21.749898076057438,7.124259948730469,14.437079012393951,7.312819063663483,21.75,7.125,14.4375,7.3125
qwen25_7b,18,valenced_nonopposite::utilitarian::007,valenced_nonopposite,utilitarian,valenced,nonopposite,-1.0,preference_control,-8.625,-5.5,-8.625296711921692,-5.495945811271668,-8.625296711921692,-5.495945811271668,-7.06062126159668,-1.5646754503250122,-8.625,-5.5,-7.0625,-1.5625
qwen25_7b,18,valenced_nonopposite::utilitarian::007,valenced_nonopposite,utilitarian,valenced,nonopposite,-0.8,preference_control,-9.125,-5.0,-9.125277638435364,-4.993284583091736,-9.125277638435364,-4.993284583091736,-7.05928111076355,-2.065996527671814,-9.125,-5.0,-7.0625,-2.0625
qwen25_7b,18,valenced_nonopposite::utilitarian::007,valenced_nonopposite,utilitarian,valenced,nonopposite,-0.6,preference_control,-8.75,-3.625,-8.750227689743042,-3.629910826683045,-8.750227689743042,-3.629910826683045,-6.190069258213043,-2.560158431529999,-8.75,-3.625,-6.1875,-2.5625
qwen25_7b,18,valenced_nonopposite::utilitarian::007,valenced_nonopposite,utilitarian,valenced,nonopposite,-0.4,preference_control,-6.875,-2.25,-6.874220848083496,-2.2436732053756714,-6.874220848083496,-2.2436732053756714,-4.558947026729584,-2.3152738213539124,-6.875,-2.25,-4.5625,-2.3125
qwen25_7b,18,valenced_nonopposite::utilitarian::007,valenced_nonopposite,utilitarian,valenced,nonopposite,-0.2,preference_control,-1.75,0.25,-1.7540724277496338,0.2499852180480957,-1.7540724277496338,0.2499852180480957,-0.752043604850769,-1.0020288228988647,-1.75,0.25,-0.75,-1.0
qwen25_7b,18,valenced_nonopposite::utilitarian::007,valenced_nonopposite,utilitarian,valenced,nonopposite,0.0,preference_control,5.875,4.375,5.872097492218018,4.362481474876404,5.872097492218018,4.362481474876404,5.117289483547211,0.7548080086708069,5.875,4.375,5.125,0.75
qwen25_7b,18,valenced_nonopposite::utilitarian::007,valenced_nonopposite,utilitarian,valenced,nonopposite,0.2,preference_control,12.625,8.5,12.624972581863403,8.499788284301758,12.624972581863403,8.499788284301758,10.56238043308258,2.0625921487808228,12.625,8.5,10.5625,2.0625
qwen25_7b,18,valenced_nonopposite::utilitarian::007,valenced_nonopposite,utilitarian,valenced,nonopposite,0.4,preference_control,14.75,9.625,14.74997329711914,9.624916315078735,14.74997329711914,9.624916315078735,12.187444806098938,2.562528491020202,14.75,9.625,12.1875,2.5625
qwen25_7b,18,valenced_nonopposite::utilitarian::007,valenced_nonopposite,utilitarian,valenced,nonopposite,0.6,preference_control,16.75,9.375,16.74995994567871,9.374890804290771,16.74995994567871,9.374890804290771,13.06242537498474,3.6875345706939697,16.75,9.375,13.0625,3.6875
qwen25_7b,18,valenced_nonopposite::utilitarian::007,valenced_nonopposite,utilitarian,valenced,nonopposite,0.8,preference_control,18.25,8.75,18.24994707107544,8.749810576438904,18.24994707107544,8.749810576438904,13.499878823757172,4.750068247318268,18.25,8.75,13.5,4.75
qwen25_7b,18,valenced_nonopposite::utilitarian::007,valenced_nonopposite,utilitarian,valenced,nonopposite,1.0,preference_control,19.25,7.75,19.24993634223938,7.749548196792602,19.24993634223938,7.749548196792602,13.499742269515991,5.750194072723389,19.25,7.75,13.5,5.75
qwen25_7b,18,valenced_nonopposite::utilitarian::008,valenced_nonopposite,utilitarian,valenced,nonopposite,-1.0,preference_control,-3.875,-7.375,-3.86900532245636,-7.373724341392517,-3.86900532245636,-7.373724341392517,-5.621364831924439,1.7523595094680786,-3.875,-7.375,-5.625,1.75
qwen25_7b,18,valenced_nonopposite::utilitarian::008,valenced_nonopposite,utilitarian,valenced,nonopposite,-0.8,preference_control,-4.0,-8.0,-4.012077212333679,-7.998895525932312,-4.012077212333679,-7.998895525932312,-6.005486369132996,1.9934091567993164,-4.0,-8.0,-6.0,2.0
qwen25_7b,18,valenced_nonopposite::utilitarian::008,valenced_nonopposite,utilitarian,valenced,nonopposite,-0.6,preference_control,-4.125,-8.375,-4.138908624649048,-8.37368619441986,-4.138908624649048,-8.37368619441986,-6.256297409534454,2.1173887848854065,-4.125,-8.375,-6.25,2.125
qwen25_7b,18,valenced_nonopposite::utilitarian::008,valenced_nonopposite,utilitarian,valenced,nonopposite,-0.4,preference_control,-4.25,-7.625,-4.26402747631073,-7.623139023780823,-4.26402747631073,-7.623139023780823,-5.943583250045776,1.6795557737350464,-4.25,-7.625,-5.9375,1.6875
qwen25_7b,18,valenced_nonopposite::utilitarian::008,valenced_nonopposite,utilitarian,valenced,nonopposite,-0.2,preference_control,-3.125,-5.75,-3.131090998649597,-5.745439648628235,-3.131090998649597,-5.745439648628235,-4.438265323638916,1.3071743249893188,-3.125,-5.75,-4.4375,1.3125
qwen25_7b,18,valenced_nonopposite::utilitarian::008,valenced_nonopposite,utilitarian,valenced,nonopposite,0.0,preference_control,1.125,-2.5,1.1230683326721191,-2.4985212087631226,1.1230683326721191,-2.4985212087631226,-0.6877264380455017,1.8107947707176208,1.125,-2.5,-0.6875,1.8125
qwen25_7b,18,valenced_nonopposite::utilitarian::008,valenced_nonopposite,utilitarian,valenced,nonopposite,0.2,preference_control,7.75,4.875,7.748978495597839,4.86726176738739,7.748978495597839,4.86726176738739,6.308120131492615,1.4408583641052246,7.75,4.875,6.3125,1.4375
qwen25_7b,18,valenced_nonopposite::utilitarian::008,valenced_nonopposite,utilitarian,valenced,nonopposite,0.4,preference_control,11.5,9.75,11.49988329410553,9.749879837036133,11.49988329410553,9.749879837036133,10.624881565570831,0.8750017285346985,11.5,9.75,10.625,0.875
qwen25_7b,18,valenced_nonopposite::utilitarian::008,valenced_nonopposite,utilitarian,valenced,nonopposite,0.6,preference_control,14.625,11.625,14.62498140335083,11.624946117401125,14.62498140335083,11.624946117401125,13.124963760375977,1.5000176429748535,14.625,11.625,13.125,1.5
qwen25_7b,18,valenced_nonopposite::utilitarian::008,valenced_nonopposite,utilitarian,valenced,nonopposite,0.8,preference_control,16.375,12.25,16.375027656555176,12.249961137771606,16.375027656555176,12.249961137771606,14.312494397163391,2.0625332593917847,16.375,12.25,14.3125,2.0625
qwen25_7b,18,valenced_nonopposite::utilitarian::008,valenced_nonopposite,utilitarian,valenced,nonopposite,1.0,preference_control,17.75,10.875,17.750195026397705,10.87497103214264,17.750195026397705,10.87497103214264,14.312583029270172,3.437611997127533,17.75,10.875,14.3125,3.4375
qwen25_7b,18,valenced_nonopposite::utilitarian::009,valenced_nonopposite,utilitarian,valenced,nonopposite,-1.0,preference_control,-17.1875,-15.625,-17.246413350105286,-15.624034643173218,-17.246413350105286,-15.624034643173218,-16.43522399663925,-0.8111893534660339,-17.1875,-15.625,-16.40625,-0.78125
qwen25_7b,18,valenced_nonopposite::utilitarian::009,valenced_nonopposite,utilitarian,valenced,nonopposite,-0.8,preference_control,-17.875,-16.8125,-17.871825098991394,-16.873916387557983,-17.871825098991394,-16.873916387557983,-17.37287074327469,-0.4989543557167053,-17.875,-16.8125,-17.34375,-0.53125
qwen25_7b,18,valenced_nonopposite::utilitarian::009,valenced_nonopposite,utilitarian,valenced,nonopposite,-0.6,preference_control,-18.5625,-18.1875,-18.621809601783752,-18.24905002117157,-18.621809601783752,-18.24905002117157,-18.43542981147766,-0.1863797903060913,-18.5625,-18.1875,-18.375,-0.1875
qwen25_7b,18,valenced_nonopposite::utilitarian::009,valenced_nonopposite,utilitarian,valenced,nonopposite,-0.4,preference_control,-19.0625,-18.75,-19.12093985080719,-18.74878680706024,-19.12093985080719,-18.74878680706024,-18.93486332893372,-0.1860765218734741,-19.0625,-18.75,-18.90625,-0.15625
qwen25_7b,18,valenced_nonopposite::utilitarian::009,valenced_nonopposite,utilitarian,valenced,nonopposite,-0.2,preference_control,-18.1875,-18.3125,-18.24539089202881,-18.373924136161804,-18.24539089202881,-18.373924136161804,-18.309657514095303,0.0642666220664978,-18.1875,-18.3125,-18.25,0.0625
qwen25_7b,18,valenced_nonopposite::utilitarian::009,valenced_nonopposite,utilitarian,valenced,nonopposite,0.0,preference_control,-13.375,-15.5,-13.370085954666138,-15.499027132987976,-13.370085954666138,-15.499027132987976,-14.434556543827057,1.0644705891609192,-13.375,-15.5,-14.4375,1.0625
qwen25_7b,18,valenced_nonopposite::utilitarian::009,valenced_nonopposite,utilitarian,valenced,nonopposite,0.2,preference_control,0.625,-6.875,0.6230474710464478,-6.873397588729858,0.6230474710464478,-6.873397588729858,-3.1251750588417053,3.748222529888153,0.625,-6.875,-3.125,3.75
qwen25_7b,18,valenced_nonopposite::utilitarian::009,valenced_nonopposite,utilitarian,valenced,nonopposite,0.4,preference_control,6.5,-1.25,6.488526225090027,-1.2519527673721311,6.488526225090027,-1.2519527673721311,2.618286728858948,3.870239496231079,6.5,-1.25,2.625,3.875
qwen25_7b,18,valenced_nonopposite::utilitarian::009,valenced_nonopposite,utilitarian,valenced,nonopposite,0.6,preference_control,11.0,2.5,10.993958353996277,2.504883289337158,10.993958353996277,2.504883289337158,6.7494208216667175,4.244537532329559,11.0,2.5,6.75,4.25
qwen25_7b,18,valenced_nonopposite::utilitarian::009,valenced_nonopposite,utilitarian,valenced,nonopposite,0.8,preference_control,15.25,5.5,15.244356155395508,5.48614764213562,15.244356155395508,5.48614764213562,10.365251898765564,4.879104256629944,15.25,5.5,10.375,4.875
qwen25_7b,18,valenced_nonopposite::utilitarian::009,valenced_nonopposite,utilitarian,valenced,nonopposite,1.0,preference_control,18.125,7.75,18.11951994895935,7.738856673240662,18.11951994895935,7.738856673240662,12.929188311100006,5.1903316378593445,18.125,7.75,12.9375,5.1875
qwen25_7b,18,valenced_nonopposite::utilitarian::010,valenced_nonopposite,utilitarian,valenced,nonopposite,-1.0,preference_control,-8.625,-11.25,-8.632280349731445,-11.281629800796509,-8.632280349731445,-11.281629800796509,-9.956955075263975,1.3246747255325315,-8.625,-11.25,-9.9375,1.3125
qwen25_7b,18,valenced_nonopposite::utilitarian::010,valenced_nonopposite,utilitarian,valenced,nonopposite,-0.8,preference_control,-9.25,-12.25,-9.253717422485352,-12.272830486297607,-9.253717422485352,-12.272830486297607,-10.76327395439148,1.509556531906128,-9.25,-12.25,-10.75,1.5
qwen25_7b,18,valenced_nonopposite::utilitarian::010,valenced_nonopposite,utilitarian,valenced,nonopposite,-0.6,preference_control,-8.75,-12.375,-8.751424789428711,-12.389080286026,-8.751424789428711,-12.389080286026,-10.570252537727356,1.818827748298645,-8.75,-12.375,-10.5625,1.8125
qwen25_7b,18,valenced_nonopposite::utilitarian::010,valenced_nonopposite,utilitarian,valenced,nonopposite,-0.4,preference_control,-6.75,-11.875,-6.747783660888672,-11.879331588745115,-6.747783660888672,-11.879331588745115,-9.313557624816896,2.5657739639282227,-6.75,-11.875,-9.3125,2.5625
qwen25_7b,18,valenced_nonopposite::utilitarian::010,valenced_nonopposite,utilitarian,valenced,nonopposite,-0.2,preference_control,-1.75,-8.875,-1.7516331672668457,-8.875165939331055,-1.7516331672668457,-8.875165939331055,-5.31339955329895,3.5617663860321045,-1.75,-8.875,-5.3125,3.5625
qwen25_7b,18,valenced_nonopposite::utilitarian::010,valenced_nonopposite,utilitarian,valenced,nonopposite,0.0,preference_control,3.25,-3.5,3.2459840774536133,-3.501070261001587,3.2459840774536133,-3.501070261001587,-0.1275430917739868,3.3735271692276,3.25,-3.5,-0.125,3.375
qwen25_7b,18,valenced_nonopposite::utilitarian::010,valenced_nonopposite,utilitarian,valenced,nonopposite,0.2,preference_control,9.5,1.5,9.504563689231873,1.5025659799575806,9.504563689231873,1.5025659799575806,5.503564834594727,4.000998854637146,9.5,1.5,5.5,4.0
qwen25_7b,18,valenced_nonopposite::utilitarian::010,valenced_nonopposite,utilitarian,valenced,nonopposite,0.4,preference_control,15.5,3.75,15.50494349002838,3.743354320526123,15.50494349002838,3.743354320526123,9.624148905277252,5.880794584751129,15.5,3.75,9.625,5.875
qwen25_7b,18,valenced_nonopposite::utilitarian::010,valenced_nonopposite,utilitarian,valenced,nonopposite,0.6,preference_control,20.0,6.0,20.00384509563446,5.998786807060242,20.00384509563446,5.998786807060242,13.001315951347353,7.002529144287109,20.0,6.0,13.0,7.0
qwen25_7b,18,valenced_nonopposite::utilitarian::010,valenced_nonopposite,utilitarian,valenced,nonopposite,0.8,preference_control,22.0,7.75,22.00268542766571,7.750690340995789,22.00268542766571,7.750690340995789,14.87668788433075,7.125997543334961,22.0,7.75,14.875,7.125
qwen25_7b,18,valenced_nonopposite::utilitarian::010,valenced_nonopposite,utilitarian,valenced,nonopposite,1.0,preference_control,22.0,8.125,22.004363656044006,8.126054525375366,22.004363656044006,8.126054525375366,15.065209090709686,6.93915456533432,22.0,8.125,15.0625,6.9375
qwen25_7b,18,valenced_nonopposite::utilitarian::011,valenced_nonopposite,utilitarian,valenced,nonopposite,-1.0,preference_control,-8.625,-8.0,-8.623340606689453,-7.995037078857422,-8.623340606689453,-7.995037078857422,-8.309188842773438,-0.3141517639160156,-8.625,-8.0,-8.3125,-0.3125
qwen25_7b,18,valenced_nonopposite::utilitarian::011,valenced_nonopposite,utilitarian,valenced,nonopposite,-0.8,preference_control,-8.625,-8.5,-8.623542785644531,-8.496631622314453,-8.623542785644531,-8.496631622314453,-8.560087203979492,-0.063455581665039,-8.625,-8.5,-8.5625,-0.0625
qwen25_7b,18,valenced_nonopposite::utilitarian::011,valenced_nonopposite,utilitarian,valenced,nonopposite,-0.6,preference_control,-8.375,-8.875,-8.37358283996582,-8.87301254272461,-8.37358283996582,-8.87301254272461,-8.623297691345215,0.2497148513793945,-8.375,-8.875,-8.625,0.25
qwen25_7b,18,valenced_nonopposite::utilitarian::011,valenced_nonopposite,utilitarian,valenced,nonopposite,-0.4,preference_control,-8.125,-8.5,-8.123481750488281,-8.498224258422852,-8.123481750488281,-8.498224258422852,-8.310853004455566,0.1873712539672851,-8.125,-8.5,-8.3125,0.1875
qwen25_7b,18,valenced_nonopposite::utilitarian::011,valenced_nonopposite,utilitarian,valenced,nonopposite,-0.2,preference_control,-7.125,-7.125,-7.122810363769531,-7.122329711914063,-7.122810363769531,-7.122329711914063,-7.122570037841797,-0.0002403259277343,-7.125,-7.125,-7.125,0.0
qwen25_7b,18,valenced_nonopposite::utilitarian::011,valenced_nonopposite,utilitarian,valenced,nonopposite,0.0,preference_control,-4.625,-4.125,-4.613405227661133,-4.137964248657227,-4.613405227661133,-4.137964248657227,-4.37568473815918,-0.2377204895019531,-4.625,-4.125,-4.375,-0.25
qwen25_7b,18,valenced_nonopposite::utilitarian::011,valenced_nonopposite,utilitarian,valenced,nonopposite,0.2,preference_control,2.625,-1.5,2.632118225097656,-1.5007658004760742,2.632118225097656,-1.5007658004760742,0.565676212310791,2.066442012786865,2.625,-1.5,0.5625,2.0625
qwen25_7b,18,valenced_nonopposite::utilitarian::011,valenced_nonopposite,utilitarian,valenced,nonopposite,0.4,preference_control,9.625,-0.25,9.62484645843506,-0.2498617172241211,9.62484645843506,-0.2498617172241211,4.687492370605469,4.93735408782959,9.625,-0.25,4.6875,4.9375
qwen25_7b,18,valenced_nonopposite::utilitarian::011,valenced_nonopposite,utilitarian,valenced,nonopposite,0.6,preference_control,14.125,1.0,14.125082969665527,0.9981541633605956,14.125082969665527,0.9981541633605956,7.561618566513061,6.563464403152466,14.125,1.0,7.5625,6.5625
qwen25_7b,18,valenced_nonopposite::utilitarian::011,valenced_nonopposite,utilitarian,valenced,nonopposite,0.8,preference_control,17.625,2.25,17.625056743621826,2.243261337280273,17.625056743621826,2.243261337280273,9.93415904045105,7.690897703170776,17.625,2.25,9.9375,7.6875
qwen25_7b,18,valenced_nonopposite::utilitarian::011,valenced_nonopposite,utilitarian,valenced,nonopposite,1.0,preference_control,20.625,3.75,20.6250262260437,3.742280960083008,20.6250262260437,3.742280960083008,12.183653593063354,8.441372632980347,20.625,3.75,12.1875,8.4375
qwen25_7b,18,valenced_nonopposite::utilitarian::012,valenced_nonopposite,utilitarian,valenced,nonopposite,-1.0,preference_control,-2.5,-2.75,-2.499579071998596,-2.750527858734131,-2.499579071998596,-2.750527858734131,-2.6250534653663635,0.1254743933677673,-2.5,-2.75,-2.625,0.125
qwen25_7b,18,valenced_nonopposite::utilitarian::012,valenced_nonopposite,utilitarian,valenced,nonopposite,-0.8,preference_control,-1.625,-2.25,-1.6253700256347656,-2.2436832189559937,-1.6253700256347656,-2.2436832189559937,-1.93452662229538,0.309156596660614,-1.625,-2.25,-1.9375,0.3125
qwen25_7b,18,valenced_nonopposite::utilitarian::012,valenced_nonopposite,utilitarian,valenced,nonopposite,-0.6,preference_control,-0.375,-1.125,-0.375136137008667,-1.1250114440917969,-0.375136137008667,-1.1250114440917969,-0.7500737905502319,0.3749376535415649,-0.375,-1.125,-0.75,0.375
qwen25_7b,18,valenced_nonopposite::utilitarian::012,valenced_nonopposite,utilitarian,valenced,nonopposite,-0.4,preference_control,1.25,-0.25,1.2480114698410034,-0.2500052452087402,1.2480114698410034,-0.2500052452087402,0.4990031123161316,0.7490083575248718,1.25,-0.25,0.5,0.75
qwen25_7b,18,valenced_nonopposite::utilitarian::012,valenced_nonopposite,utilitarian,valenced,nonopposite,-0.2,preference_control,3.5,0.75,3.495598077774048,0.7539043426513672,3.495598077774048,0.7539043426513672,2.1247512102127075,1.3708468675613403,3.5,0.75,2.125,1.375
qwen25_7b,18,valenced_nonopposite::utilitarian::012,valenced_nonopposite,utilitarian,valenced,nonopposite,0.0,preference_control,7.0,1.25,7.013668417930603,1.2480478286743164,7.013668417930603,1.2480478286743164,4.13085812330246,2.8828102946281438,7.0,1.25,4.125,2.875
qwen25_7b,18,valenced_nonopposite::utilitarian::012,valenced_nonopposite,utilitarian,valenced,nonopposite,0.2,preference_control,12.75,1.75,12.773926138877869,1.753913402557373,12.773926138877869,1.753913402557373,7.263919770717621,5.510006368160248,12.75,1.75,7.25,5.5
qwen25_7b,18,valenced_nonopposite::utilitarian::012,valenced_nonopposite,utilitarian,valenced,nonopposite,0.4,preference_control,15.75,1.5,15.731695890426636,1.5019704103469849,15.731695890426636,1.5019704103469849,8.61683315038681,7.114862740039825,15.75,1.5,8.625,7.125
qwen25_7b,18,valenced_nonopposite::utilitarian::012,valenced_nonopposite,utilitarian,valenced,nonopposite,0.6,preference_control,18.125,2.0,18.12398195266724,1.998093605041504,18.12398195266724,1.998093605041504,10.06103777885437,8.062944173812866,18.125,2.0,10.0625,8.0625
qwen25_7b,18,valenced_nonopposite::utilitarian::012,valenced_nonopposite,utilitarian,valenced,nonopposite,0.8,preference_control,19.375,2.25,19.374967336654663,2.2438883781433105,19.374967336654663,2.2438883781433105,10.809427857398989,8.565539479255676,19.375,2.25,10.8125,8.5625
qwen25_7b,18,valenced_nonopposite::utilitarian::012,valenced_nonopposite,utilitarian,valenced,nonopposite,1.0,preference_control,19.25,1.5,19.25074458122253,1.5029520988464355,19.25074458122253,1.5029520988464355,10.376848340034485,8.87389624118805,19.25,1.5,10.375,8.875
qwen25_7b,18,valenced_nonopposite::utilitarian::013,valenced_nonopposite,utilitarian,valenced,nonopposite,-1.0,preference_control,-7.875,-4.625,-7.884822845458984,-4.615216970443726,-7.884822845458984,-4.615216970443726,-6.250019907951355,-1.6348029375076294,-7.875,-4.625,-6.25,-1.625
qwen25_7b,18,valenced_nonopposite::utilitarian::013,valenced_nonopposite,utilitarian,valenced,nonopposite,-0.8,preference_control,-8.75,-5.25,-8.755278587341309,-5.244734764099121,-8.755278587341309,-5.244734764099121,-7.000006675720215,-1.7552719116210938,-8.75,-5.25,-7.0,-1.75
qwen25_7b,18,valenced_nonopposite::utilitarian::013,valenced_nonopposite,utilitarian,valenced,nonopposite,-0.6,preference_control,-8.75,-5.625,-8.751814365386963,-5.621387481689453,-8.751814365386963,-5.621387481689453,-7.186600923538208,-1.5652134418487549,-8.75,-5.625,-7.1875,-1.5625
qwen25_7b,18,valenced_nonopposite::utilitarian::013,valenced_nonopposite,utilitarian,valenced,nonopposite,-0.4,preference_control,-8.125,-5.625,-8.125060558319092,-5.621386647224426,-8.125060558319092,-5.621386647224426,-6.873223602771759,-1.2518369555473328,-8.125,-5.625,-6.875,-1.25
qwen25_7b,18,valenced_nonopposite::utilitarian::013,valenced_nonopposite,utilitarian,valenced,nonopposite,-0.2,preference_control,-6.125,-4.5,-6.122800350189209,-4.488941788673401,-6.122800350189209,-4.488941788673401,-5.305871069431305,-0.816929280757904,-6.125,-4.5,-5.3125,-0.8125
qwen25_7b,18,valenced_nonopposite::utilitarian::013,valenced_nonopposite,utilitarian,valenced,nonopposite,0.0,preference_control,0.25,-2.5,0.2500468492507934,-2.4990159273147583,0.2500468492507934,-2.4990159273147583,-1.1244845390319824,1.374531388282776,0.25,-2.5,-1.125,1.375
qwen25_7b,18,valenced_nonopposite::utilitarian::013,valenced_nonopposite,utilitarian,valenced,nonopposite,0.2,preference_control,10.125,1.5,10.124988675117493,1.5019594430923462,10.124988675117493,1.5019594430923462,5.813474059104919,4.311514616012573,10.125,1.5,5.8125,4.3125
qwen25_7b,18,valenced_nonopposite::utilitarian::013,valenced_nonopposite,utilitarian,valenced,nonopposite,0.4,preference_control,16.0,4.875,16.000051021575928,4.867384552955627,16.000051021575928,4.867384552955627,10.433717787265778,5.56633323431015,16.0,4.875,10.4375,5.5625
qwen25_7b,18,valenced_nonopposite::utilitarian::013,valenced_nonopposite,utilitarian,valenced,nonopposite,0.6,preference_control,19.5,6.375,19.500049710273743,6.373296618461609,19.500049710273743,6.373296618461609,12.936673164367676,6.563376545906067,19.5,6.375,12.9375,6.5625
qwen25_7b,18,valenced_nonopposite::utilitarian::013,valenced_nonopposite,utilitarian,valenced,nonopposite,0.8,preference_control,21.8125,7.25,21.875099897384644,7.249307513236999,21.875099897384644,7.249307513236999,14.562203705310822,7.312896192073822,21.8125,7.25,14.53125,7.28125
qwen25_7b,18,valenced_nonopposite::utilitarian::013,valenced_nonopposite,utilitarian,valenced,nonopposite,1.0,preference_control,23.3125,7.5,23.37526929378509,7.499503135681152,23.37526929378509,7.499503135681152,15.437386214733124,7.937883079051971,23.3125,7.5,15.40625,7.90625
qwen25_7b,18,valenced_nonopposite::utilitarian::014,valenced_nonopposite,utilitarian,valenced,nonopposite,-1.0,preference_control,-8.5,-12.875,-8.500157117843628,-12.876553654670715,-8.500157117843628,-12.876553654670715,-10.688355386257172,2.188198268413544,-8.5,-12.875,-10.6875,2.1875
qwen25_7b,18,valenced_nonopposite::utilitarian::014,valenced_nonopposite,utilitarian,valenced,nonopposite,-0.8,preference_control,-7.875,-13.25,-7.874828219413757,-13.25201141834259,-7.874828219413757,-13.25201141834259,-10.563419818878174,2.6885915994644165,-7.875,-13.25,-10.5625,2.6875
qwen25_7b,18,valenced_nonopposite::utilitarian::014,valenced_nonopposite,utilitarian,valenced,nonopposite,-0.6,preference_control,-6.75,-12.75,-6.748886823654175,-12.752561092376707,-6.748886823654175,-12.752561092376707,-9.750723958015442,3.001837134361267,-6.75,-12.75,-9.75,3.0
qwen25_7b,18,valenced_nonopposite::utilitarian::014,valenced_nonopposite,utilitarian,valenced,nonopposite,-0.4,preference_control,-5.0,-11.125,-4.992684483528137,-11.127555131912231,-4.992684483528137,-11.127555131912231,-8.060119807720184,3.067435324192047,-5.0,-11.125,-8.0625,3.0625
qwen25_7b,18,valenced_nonopposite::utilitarian::014,valenced_nonopposite,utilitarian,valenced,nonopposite,-0.2,preference_control,-0.125,-8.5,-0.1252220869064331,-8.501969575881958,-0.1252220869064331,-8.501969575881958,-4.313595831394196,4.1883737444877625,-0.125,-8.5,-4.3125,4.1875
qwen25_7b,18,valenced_nonopposite::utilitarian::014,valenced_nonopposite,utilitarian,valenced,nonopposite,0.0,preference_control,5.5,-5.0,5.514128804206848,-4.986153841018677,5.514128804206848,-4.986153841018677,0.2639874815940857,5.2501413226127625,5.5,-5.0,0.25,5.25
qwen25_7b,18,valenced_nonopposite::utilitarian::014,valenced_nonopposite,utilitarian,valenced,nonopposite,0.2,preference_control,10.75,1.375,10.746288537979126,1.3719868659973145,10.746288537979126,1.3719868659973145,6.05913770198822,4.687150835990906,10.75,1.375,6.0625,4.6875
qwen25_7b,18,valenced_nonopposite::utilitarian::014,valenced_nonopposite,utilitarian,valenced,nonopposite,0.4,preference_control,14.125,4.5,14.123210787773132,4.507016658782959,14.123210787773132,4.507016658782959,9.315113723278046,4.808097064495087,14.125,4.5,9.3125,4.8125
qwen25_7b,18,valenced_nonopposite::utilitarian::014,valenced_nonopposite,utilitarian,valenced,nonopposite,0.6,preference_control,16.75,6.5,16.748619318008423,6.509448289871216,16.748619318008423,6.509448289871216,11.62903380393982,5.119585514068604,16.75,6.5,11.625,5.125
qwen25_7b,18,valenced_nonopposite::utilitarian::014,valenced_nonopposite,utilitarian,valenced,nonopposite,0.8,preference_control,18.25,6.625,18.24859857559204,6.608496427536011,18.24859857559204,6.608496427536011,12.428547501564026,5.820051074028015,18.25,6.625,12.4375,5.8125
qwen25_7b,18,valenced_nonopposite::utilitarian::014,valenced_nonopposite,utilitarian,valenced,nonopposite,1.0,preference_control,19.4375,4.375,19.497954607009888,4.359416723251343,19.497954607009888,4.359416723251343,11.928685665130615,7.569268941879272,19.4375,4.375,11.90625,7.53125
qwen25_7b,18,valenced_nonopposite::utilitarian::015,valenced_nonopposite,utilitarian,valenced,nonopposite,-1.0,preference_control,-8.25,-0.5,-8.250005722045898,-0.4980477094650268,-8.250005722045898,-0.4980477094650268,-4.374026715755463,-3.875979006290436,-8.25,-0.5,-4.375,-3.875
qwen25_7b,18,valenced_nonopposite::utilitarian::015,valenced_nonopposite,utilitarian,valenced,nonopposite,-0.8,preference_control,-8.625,-0.25,-8.624896049499512,-0.2500008344650268,-8.624896049499512,-0.2500008344650268,-4.437448441982269,-4.187447607517242,-8.625,-0.25,-4.4375,-4.1875
qwen25_7b,18,valenced_nonopposite::utilitarian::015,valenced_nonopposite,utilitarian,valenced,nonopposite,-0.6,preference_control,-8.5,0.25,-8.499793529510498,0.2499994039535522,-8.499793529510498,0.2499994039535522,-4.124897062778473,-4.374896466732025,-8.5,0.25,-4.125,-4.375
qwen25_7b,18,valenced_nonopposite::utilitarian::015,valenced_nonopposite,utilitarian,valenced,nonopposite,-0.4,preference_control,-5.25,1.625,-5.244730830192566,1.6249995231628418,-5.244730830192566,1.6249995231628418,-1.809865653514862,-3.434865176677704,-5.25,1.625,-1.8125,-3.4375
qwen25_7b,18,valenced_nonopposite::utilitarian::015,valenced_nonopposite,utilitarian,valenced,nonopposite,-0.2,preference_control,1.875,3.375,1.873044729232788,3.372314095497132,1.873044729232788,3.372314095497132,2.62267941236496,-0.7496346831321716,1.875,3.375,2.625,-0.75
qwen25_7b,18,valenced_nonopposite::utilitarian::015,valenced_nonopposite,utilitarian,valenced,nonopposite,0.0,preference_control,7.375,5.0,7.37403416633606,4.992980718612671,7.37403416633606,4.992980718612671,6.183507442474365,1.1905267238616943,7.375,5.0,6.1875,1.1875
qwen25_7b,18,valenced_nonopposite::utilitarian::015,valenced_nonopposite,utilitarian,valenced,nonopposite,0.2,preference_control,10.5,5.875,10.499480962753296,5.871825933456421,10.499480962753296,5.871825933456421,8.185653448104858,2.313827514648437,10.5,5.875,8.1875,2.3125
qwen25_7b,18,valenced_nonopposite::utilitarian::015,valenced_nonopposite,utilitarian,valenced,nonopposite,0.4,preference_control,12.875,6.375,12.874513387680054,6.372863531112671,12.874513387680054,6.372863531112671,9.623688459396362,3.2508249282836914,12.875,6.375,9.625,3.25
qwen25_7b,18,valenced_nonopposite::utilitarian::015,valenced_nonopposite,utilitarian,valenced,nonopposite,0.6,preference_control,15.0,7.5,14.99938178062439,7.498901128768921,14.99938178062439,7.498901128768921,11.249141454696655,3.7502403259277344,15.0,7.5,11.25,3.75
qwen25_7b,18,valenced_nonopposite::utilitarian::015,valenced_nonopposite,utilitarian,valenced,nonopposite,0.8,preference_control,16.5,8.375,16.499488353729248,8.374236941337585,16.499488353729248,8.374236941337585,12.436862647533417,4.062625706195831,16.5,8.375,12.4375,4.0625
qwen25_7b,18,valenced_nonopposite::utilitarian::015,valenced_nonopposite,utilitarian,valenced,nonopposite,1.0,preference_control,16.25,9.0,16.249202013015747,8.99919879436493,16.249202013015747,8.99919879436493,12.624200403690338,3.625001609325409,16.25,9.0,12.625,3.625
qwen25_7b,18,valenced_nonopposite::utilitarian::016,valenced_nonopposite,utilitarian,valenced,nonopposite,-1.0,preference_control,-4.5,-6.0,-4.488773345947266,-5.997354865074158,-4.488773345947266,-5.997354865074158,-5.243064105510712,0.754290759563446,-4.5,-6.0,-5.25,0.75
qwen25_7b,18,valenced_nonopposite::utilitarian::016,valenced_nonopposite,utilitarian,valenced,nonopposite,-0.8,preference_control,-5.875,-7.125,-5.8721137046813965,-7.124107718467712,-5.8721137046813965,-7.124107718467712,-6.498110711574554,0.625997006893158,-5.875,-7.125,-6.5,0.625
qwen25_7b,18,valenced_nonopposite::utilitarian::016,valenced_nonopposite,utilitarian,valenced,nonopposite,-0.6,preference_control,-7.0,-7.75,-6.9990293979644775,-7.749519944190979,-6.9990293979644775,-7.749519944190979,-7.374274671077728,0.3752452731132507,-7.0,-7.75,-7.375,0.375
qwen25_7b,18,valenced_nonopposite::utilitarian::016,valenced_nonopposite,utilitarian,valenced,nonopposite,-0.4,preference_control,-7.125,-7.5,-7.124149322509766,-7.499409317970276,-7.124149322509766,-7.499409317970276,-7.311779320240021,0.1876299977302551,-7.125,-7.5,-7.3125,0.1875
qwen25_7b,18,valenced_nonopposite::utilitarian::016,valenced_nonopposite,utilitarian,valenced,nonopposite,-0.2,preference_control,-3.5,-5.625,-3.5013203620910645,-5.621346354484558,-3.5013203620910645,-5.621346354484558,-4.561333358287811,1.0600129961967468,-3.5,-5.625,-4.5625,1.0625
qwen25_7b,18,valenced_nonopposite::utilitarian::016,valenced_nonopposite,utilitarian,valenced,nonopposite,0.0,preference_control,2.5,-2.0,2.4975850582122803,-1.9970523118972776,2.4975850582122803,-1.9970523118972776,0.2502663731575012,2.247318685054779,2.5,-2.0,0.25,2.25
qwen25_7b,18,valenced_nonopposite::utilitarian::016,valenced_nonopposite,utilitarian,valenced,nonopposite,0.2,preference_control,9.5,2.375,9.499666094779968,2.375019788742065,9.499666094779968,2.375019788742065,5.937342941761017,3.5623231530189514,9.5,2.375,5.9375,3.5625
qwen25_7b,18,valenced_nonopposite::utilitarian::016,valenced_nonopposite,utilitarian,valenced,nonopposite,0.4,preference_control,13.875,4.875,13.87480342388153,4.862688302993774,13.87480342388153,4.862688302993774,9.368745863437653,4.506057560443878,13.875,4.875,9.375,4.5
qwen25_7b,18,valenced_nonopposite::utilitarian::016,valenced_nonopposite,utilitarian,valenced,nonopposite,0.6,preference_control,18.375,5.75,18.374850392341614,5.741475582122803,18.374850392341614,5.741475582122803,12.058162987232208,6.3166874051094055,18.375,5.75,12.0625,6.3125
qwen25_7b,18,valenced_nonopposite::utilitarian::016,valenced_nonopposite,utilitarian,valenced,nonopposite,0.8,preference_control,21.1875,6.375,21.2499121427536,6.368554353713989,21.2499121427536,6.368554353713989,13.809233248233795,7.440678894519806,21.1875,6.375,13.78125,7.40625
qwen25_7b,18,valenced_nonopposite::utilitarian::016,valenced_nonopposite,utilitarian,valenced,nonopposite,1.0,preference_control,22.375,6.625,22.375014901161197,6.620421767234802,22.375014901161197,6.620421767234802,14.497718334197998,7.877296566963196,22.375,6.625,14.5,7.875
qwen25_7b,18,valenced_nonopposite::utilitarian::017,valenced_nonopposite,utilitarian,valenced,nonopposite,-1.0,preference_control,-11.625,-8.75,-11.624982237815855,-8.749847412109375,-11.624982237815855,-8.749847412109375,-10.187414824962616,-1.437567412853241,-11.625,-8.75,-10.1875,-1.4375
qwen25_7b,18,valenced_nonopposite::utilitarian::017,valenced_nonopposite,utilitarian,valenced,nonopposite,-0.8,preference_control,-12.375,-9.875,-12.374992847442629,-9.874964714050291,-12.374992847442629,-9.874964714050291,-11.12497878074646,-1.250014066696167,-12.375,-9.875,-11.125,-1.25
qwen25_7b,18,valenced_nonopposite::utilitarian::017,valenced_nonopposite,utilitarian,valenced,nonopposite,-0.6,preference_control,-12.625,-10.0,-12.624995827674866,-9.999971508979796,-12.624995827674866,-9.999971508979796,-11.312483668327332,-1.3125121593475342,-12.625,-10.0,-11.3125,-1.3125
qwen25_7b,18,valenced_nonopposite::utilitarian::017,valenced_nonopposite,utilitarian,valenced,nonopposite,-0.4,preference_control,-11.625,-9.75,-11.624991655349731,-9.749966144561768,-11.624991655349731,-9.749966144561768,-10.68747889995575,-0.937512755393982,-11.625,-9.75,-10.6875,-0.9375
qwen25_7b,18,valenced_nonopposite::utilitarian::017,valenced_nonopposite,utilitarian,valenced,nonopposite,-0.2,preference_control,-8.875,-7.375,-8.874858260154724,-7.374390006065369,-8.874858260154724,-7.374390006065369,-8.124624133110046,-0.7502341270446777,-8.875,-7.375,-8.125,-0.75
qwen25_7b,18,valenced_nonopposite::utilitarian::017,valenced_nonopposite,utilitarian,valenced,nonopposite,0.0,preference_control,-0.625,-2.0,-0.6250017881393433,-1.9971203804016116,-0.6250017881393433,-1.9971203804016116,-1.3110610842704773,0.686059296131134,-0.625,-2.0,-1.3125,0.6875
qwen25_7b,18,valenced_nonopposite::utilitarian::017,valenced_nonopposite,utilitarian,valenced,nonopposite,0.2,preference_control,12.0,6.5,11.999181985855104,6.496930360794067,11.999181985855104,6.496930360794067,9.248056173324583,2.7511258125305176,12.0,6.5,9.25,2.75
qwen25_7b,18,valenced_nonopposite::utilitarian::017,valenced_nonopposite,utilitarian,valenced,nonopposite,0.4,preference_control,17.375,9.375,17.37450933456421,9.374042272567747,17.37450933456421,9.374042272567747,13.37427580356598,4.00023353099823,17.375,9.375,13.375,4.0
qwen25_7b,18,valenced_nonopposite::utilitarian::017,valenced_nonopposite,utilitarian,valenced,nonopposite,0.6,preference_control,21.0625,11.0,21.12461745738983,10.999362111091614,21.12461745738983,10.999362111091614,16.061989784240723,5.062627673149109,21.0625,11.0,16.03125,5.03125
qwen25_7b,18,valenced_nonopposite::utilitarian::017,valenced_nonopposite,utilitarian,valenced,nonopposite,0.8,preference_control,22.75,11.875,22.749584436416622,11.874550700187685,22.749584436416622,11.874550700187685,17.312067568302155,5.437516868114471,22.75,11.875,17.3125,5.4375
qwen25_7b,18,valenced_nonopposite::utilitarian::017,valenced_nonopposite,utilitarian,valenced,nonopposite,1.0,preference_control,23.1875,11.0,23.249674201011658,10.999351143836977,23.249674201011658,10.999351143836977,17.124512672424316,6.125161528587341,23.1875,11.0,17.09375,6.09375
qwen25_7b,18,valenced_nonopposite::utilitarian::018,valenced_nonopposite,utilitarian,valenced,nonopposite,-1.0,preference_control,-11.0,-12.0,-10.999102592468262,-11.999654531478882,-10.999102592468262,-11.999654531478882,-11.499378561973572,0.5002759695053101,-11.0,-12.0,-11.5,0.5
qwen25_7b,18,valenced_nonopposite::utilitarian::018,valenced_nonopposite,utilitarian,valenced,nonopposite,-0.8,preference_control,-11.25,-12.125,-11.249470233917236,-12.124581813812256,-11.249470233917236,-12.124581813812256,-11.687026023864746,0.4375557899475097,-11.25,-12.125,-11.6875,0.4375
qwen25_7b,18,valenced_nonopposite::utilitarian::018,valenced_nonopposite,utilitarian,valenced,nonopposite,-0.6,preference_control,-10.875,-11.125,-10.874601364135742,-11.124346375465391,-10.874601364135742,-11.124346375465391,-10.999473869800568,0.1248725056648254,-10.875,-11.125,-11.0,0.125
qwen25_7b,18,valenced_nonopposite::utilitarian::018,valenced_nonopposite,utilitarian,valenced,nonopposite,-0.4,preference_control,-10.0,-9.5,-9.999634504318236,-9.498987793922424,-9.999634504318236,-9.498987793922424,-9.74931114912033,-0.2503233551979065,-10.0,-9.5,-9.75,-0.25
qwen25_7b,18,valenced_nonopposite::utilitarian::018,valenced_nonopposite,utilitarian,valenced,nonopposite,-0.2,preference_control,-7.625,-6.625,-7.624203681945801,-6.621402621269226,-7.624203681945801,-6.621402621269226,-7.122803151607513,-0.5014005303382874,-7.625,-6.625,-7.125,-0.5
qwen25_7b,18,valenced_nonopposite::utilitarian::018,valenced_nonopposite,utilitarian,valenced,nonopposite,0.0,preference_control,0.0,-2.625,4.0531158447265625e-05,-2.630849957466125,4.0531158447265625e-05,-2.630849957466125,-1.3154047131538391,1.3154452443122864,0.0,-2.625,-1.3125,1.3125
qwen25_7b,18,valenced_nonopposite::utilitarian::018,valenced_nonopposite,utilitarian,valenced,nonopposite,0.2,preference_control,10.375,3.875,10.3749121427536,3.869880199432373,10.3749121427536,3.869880199432373,7.122396171092987,3.252515971660614,10.375,3.875,7.125,3.25
qwen25_7b,18,valenced_nonopposite::utilitarian::018,valenced_nonopposite,utilitarian,valenced,nonopposite,0.4,preference_control,14.375,6.0,14.374971866607666,5.997412204742432,14.374971866607666,5.997412204742432,10.186192035675049,4.188779830932617,14.375,6.0,10.1875,4.1875
qwen25_7b,18,valenced_nonopposite::utilitarian::018,valenced_nonopposite,utilitarian,valenced,nonopposite,0.6,preference_control,17.125,6.5,17.124975442886353,6.498365521430969,17.124975442886353,6.498365521430969,11.81167048215866,5.313304960727692,17.125,6.5,11.8125,5.3125
qwen25_7b,18,valenced_nonopposite::utilitarian::018,valenced_nonopposite,utilitarian,valenced,nonopposite,0.8,preference_control,19.0,7.375,18.99995732307434,7.374236345291138,18.99995732307434,7.374236345291138,13.18709683418274,5.812860488891602,19.0,7.375,13.1875,5.8125
qwen25_7b,18,valenced_nonopposite::utilitarian::018,valenced_nonopposite,utilitarian,valenced,nonopposite,1.0,preference_control,20.25,8.25,20.24993467330933,8.24955952167511,20.24993467330933,8.24955952167511,14.249747097492218,6.000187575817108,20.25,8.25,14.25,6.0
qwen25_7b,18,valenced_nonopposite::utilitarian::019,valenced_nonopposite,utilitarian,valenced,nonopposite,-1.0,preference_control,-5.5,-8.125,-5.49590528011322,-8.12443494796753,-5.49590528011322,-8.12443494796753,-6.810170114040375,1.3142648339271543,-5.5,-8.125,-6.8125,1.3125
qwen25_7b,18,valenced_nonopposite::utilitarian::019,valenced_nonopposite,utilitarian,valenced,nonopposite,-0.8,preference_control,-6.25,-8.875,-6.248061656951904,-8.874695777893066,-6.248061656951904,-8.874695777893066,-7.561378717422485,1.313317060470581,-6.25,-8.875,-7.5625,1.3125
qwen25_7b,18,valenced_nonopposite::utilitarian::019,valenced_nonopposite,utilitarian,valenced,nonopposite,-0.6,preference_control,-6.875,-9.125,-6.873964905738831,-9.124842405319214,-6.873964905738831,-9.124842405319214,-7.999403655529022,1.1254387497901917,-6.875,-9.125,-8.0,1.125
qwen25_7b,18,valenced_nonopposite::utilitarian::019,valenced_nonopposite,utilitarian,valenced,nonopposite,-0.4,preference_control,-6.75,-8.25,-6.748829126358032,-8.249713659286499,-6.748829126358032,-8.249713659286499,-7.499271392822266,0.7504422664642334,-6.75,-8.25,-7.5,0.75
qwen25_7b,18,valenced_nonopposite::utilitarian::019,valenced_nonopposite,utilitarian,valenced,nonopposite,-0.2,preference_control,-3.125,-5.875,-3.1286650896072388,-5.872151017189026,-3.1286650896072388,-5.872151017189026,-4.500408053398132,1.3717429637908936,-3.125,-5.875,-4.5,1.375
qwen25_7b,18,valenced_nonopposite::utilitarian::019,valenced_nonopposite,utilitarian,valenced,nonopposite,0.0,preference_control,4.5,-2.25,4.4856579303741455,-2.243021845817566,4.4856579303741455,-2.243021845817566,1.1213180422782898,3.364339888095856,4.5,-2.25,1.125,3.375
qwen25_7b,18,valenced_nonopposite::utilitarian::019,valenced_nonopposite,utilitarian,valenced,nonopposite,0.2,preference_control,10.75,3.0,10.746293067932127,2.997619867324829,10.746293067932127,2.997619867324829,6.871956467628479,3.87433660030365,10.75,3.0,6.875,3.875
qwen25_7b,18,valenced_nonopposite::utilitarian::019,valenced_nonopposite,utilitarian,valenced,nonopposite,0.4,preference_control,13.0,5.375,12.99527096748352,5.369465351104736,12.99527096748352,5.369465351104736,9.182368159294128,3.812902808189392,13.0,5.375,9.1875,3.8125
qwen25_7b,18,valenced_nonopposite::utilitarian::019,valenced_nonopposite,utilitarian,valenced,nonopposite,0.6,preference_control,14.75,6.875,14.743958950042725,6.872591853141785,14.743958950042725,6.872591853141785,10.808275401592256,3.93568354845047,14.75,6.875,10.8125,3.9375
qwen25_7b,18,valenced_nonopposite::utilitarian::019,valenced_nonopposite,utilitarian,valenced,nonopposite,0.8,preference_control,15.875,7.375,15.86728048324585,7.373066902160644,15.86728048324585,7.373066902160644,11.620173692703249,4.2471067905426025,15.875,7.375,11.625,4.25
qwen25_7b,18,valenced_nonopposite::utilitarian::019,valenced_nonopposite,utilitarian,valenced,nonopposite,1.0,preference_control,16.875,6.375,16.866283059120178,6.373703598976135,16.866283059120178,6.373703598976135,11.619993329048157,5.2462897300720215,16.875,6.375,11.625,5.25
qwen25_7b,18,valenced_opposite::affective::000,valenced_opposite,affective,valenced,opposite,-1.0,preference_control,-15.875,-18.25,-15.874817848205566,-18.24979305267334,-15.874817848205566,-18.24979305267334,-17.062305450439453,1.1874876022338867,-15.875,-18.25,-17.0625,1.1875
qwen25_7b,18,valenced_opposite::affective::000,valenced_opposite,affective,valenced,opposite,-0.8,preference_control,-15.25,-17.75,-15.24981689453125,-17.74979305267334,-15.24981689453125,-17.74979305267334,-16.499804973602295,1.249988079071045,-15.25,-17.75,-16.5,1.25
qwen25_7b,18,valenced_opposite::affective::000,valenced_opposite,affective,valenced,opposite,-0.6,preference_control,-14.25,-16.75,-14.249765396118164,-16.74976348876953,-14.249765396118164,-16.74976348876953,-15.499764442443848,1.2499990463256836,-14.25,-16.75,-15.5,1.25
qwen25_7b,18,valenced_opposite::affective::000,valenced_opposite,affective,valenced,opposite,-0.4,preference_control,-13.125,-15.75,-13.124731063842772,-15.749760627746582,-13.124731063842772,-15.749760627746582,-14.437245845794678,1.3125147819519043,-13.125,-15.75,-14.4375,1.3125
qwen25_7b,18,valenced_opposite::affective::000,valenced_opposite,affective,valenced,opposite,-0.2,preference_control,-11.375,-13.875,-11.374683380126951,-13.874753952026367,-11.374683380126951,-13.874753952026367,-12.62471866607666,1.250035285949707,-11.375,-13.875,-12.625,1.25
qwen25_7b,18,valenced_opposite::affective::000,valenced_opposite,affective,valenced,opposite,0.0,preference_control,-7.25,-10.25,-7.248771667480469,-10.24958038330078,-7.248771667480469,-10.24958038330078,-8.749176025390625,1.5004043579101562,-7.25,-10.25,-8.75,1.5
qwen25_7b,18,valenced_opposite::affective::000,valenced_opposite,affective,valenced,opposite,0.2,preference_control,3.75,0.625,3.7576904296875,0.625,3.7576904296875,0.625,2.19134521484375,1.56634521484375,3.75,0.625,2.1875,1.5625
qwen25_7b,18,valenced_opposite::affective::000,valenced_opposite,affective,valenced,opposite,0.4,preference_control,11.25,8.25,11.24987506866455,8.249551773071289,11.24987506866455,8.249551773071289,9.74971342086792,1.5001616477966309,11.25,8.25,9.75,1.5
qwen25_7b,18,valenced_opposite::affective::000,valenced_opposite,affective,valenced,opposite,0.6,preference_control,14.125,11.125,14.124931812286375,11.124886512756348,14.124931812286375,11.124886512756348,12.624909162521362,1.5000226497650146,14.125,11.125,12.625,1.5
qwen25_7b,18,valenced_opposite::affective::000,valenced_opposite,affective,valenced,opposite,0.8,preference_control,15.875,12.625,15.874959230422974,12.62493658065796,15.874959230422974,12.62493658065796,14.249947905540466,1.625011324882507,15.875,12.625,14.25,1.625
qwen25_7b,18,valenced_opposite::affective::000,valenced_opposite,affective,valenced,opposite,1.0,preference_control,16.75,13.5,16.749963998794556,13.499946117401125,16.749963998794556,13.499946117401125,15.12495505809784,1.6250089406967163,16.75,13.5,15.125,1.625
qwen25_7b,18,valenced_opposite::affective::001,valenced_opposite,affective,valenced,opposite,-1.0,preference_control,-13.75,-12.25,-13.749779224395752,-12.249818563461304,-13.749779224395752,-12.249818563461304,-12.999798893928528,-0.7499803304672241,-13.75,-12.25,-13.0,-0.75
qwen25_7b,18,valenced_opposite::affective::001,valenced_opposite,affective,valenced,opposite,-0.8,preference_control,-13.125,-13.125,-13.124820470809937,-13.124905228614807,-13.124820470809937,-13.124905228614807,-13.124862849712372,4.2378902435302734e-05,-13.125,-13.125,-13.125,0.0
qwen25_7b,18,valenced_opposite::affective::001,valenced_opposite,affective,valenced,opposite,-0.6,preference_control,-12.25,-12.75,-12.249836683273315,-12.74993097782135,-12.249836683273315,-12.74993097782135,-12.499883830547333,0.2500471472740173,-12.25,-12.75,-12.5,0.25
qwen25_7b,18,valenced_opposite::affective::001,valenced_opposite,affective,valenced,opposite,-0.4,preference_control,-11.125,-12.0,-11.124857425689695,-11.99994158744812,-11.124857425689695,-11.99994158744812,-11.562399506568909,0.4375420808792114,-11.125,-12.0,-11.5625,0.4375
qwen25_7b,18,valenced_opposite::affective::001,valenced_opposite,affective,valenced,opposite,-0.2,preference_control,-8.875,-9.75,-8.874741077423096,-9.74986207485199,-8.874741077423096,-9.74986207485199,-9.312301576137545,0.437560498714447,-8.875,-9.75,-9.3125,0.4375
qwen25_7b,18,valenced_opposite::affective::001,valenced_opposite,affective,valenced,opposite,0.0,preference_control,-5.75,-5.875,-5.746682167053223,-5.871975660324097,-5.746682167053223,-5.871975660324097,-5.80932891368866,0.062646746635437,-5.75,-5.875,-5.8125,0.0625
qwen25_7b,18,valenced_opposite::affective::001,valenced_opposite,affective,valenced,opposite,0.2,preference_control,0.625,3.125,0.625063419342041,3.128676414489746,0.625063419342041,3.128676414489746,1.8768699169158936,-1.2518064975738523,0.625,3.125,1.875,-1.25
qwen25_7b,18,valenced_opposite::affective::001,valenced_opposite,affective,valenced,opposite,0.4,preference_control,7.5,11.0,7.4994425773620605,10.999988198280334,7.4994425773620605,10.999988198280334,9.249715387821198,-1.750272810459137,7.5,11.0,9.25,-1.75
qwen25_7b,18,valenced_opposite::affective::001,valenced_opposite,affective,valenced,opposite,0.6,preference_control,13.5,16.125,13.500229120254517,16.12506330013275,13.500229120254517,16.12506330013275,14.812646210193634,-1.3124170899391174,13.5,16.125,14.8125,-1.3125
qwen25_7b,18,valenced_opposite::affective::001,valenced_opposite,affective,valenced,opposite,0.8,preference_control,17.25,18.875,17.25033688545227,18.875168681144714,17.25033688545227,18.875168681144714,18.06275278329849,-0.8124158978462219,17.25,18.875,18.0625,-0.8125
qwen25_7b,18,valenced_opposite::affective::001,valenced_opposite,affective,valenced,opposite,1.0,preference_control,20.5,19.125,20.50093030929565,19.125306248664856,20.50093030929565,19.125306248664856,19.81311827898025,0.6878120303153992,20.5,19.125,19.8125,0.6875
qwen25_7b,18,valenced_opposite::affective::002,valenced_opposite,affective,valenced,opposite,-1.0,preference_control,-2.625,-6.5,-2.6177152395248413,-6.498733162879944,-2.6177152395248413,-6.498733162879944,-4.558224201202393,1.9405089616775515,-2.625,-6.5,-4.5625,1.9375
qwen25_7b,18,valenced_opposite::affective::002,valenced_opposite,affective,valenced,opposite,-0.8,preference_control,-1.875,-7.125,-1.8730624914169312,-7.124361157417297,-1.8730624914169312,-7.124361157417297,-4.498711824417114,2.625649333000183,-1.875,-7.125,-4.5,2.625
qwen25_7b,18,valenced_opposite::affective::002,valenced_opposite,affective,valenced,opposite,-0.6,preference_control,-1.0,-7.625,-1.0000053644180298,-7.624620795249939,-1.0000053644180298,-7.624620795249939,-4.312313079833984,3.3123077154159546,-1.0,-7.625,-4.3125,3.3125
qwen25_7b,18,valenced_opposite::affective::002,valenced_opposite,affective,valenced,opposite,-0.4,preference_control,1.625,-7.25,1.6250094175338743,-7.249340534210205,1.6250094175338743,-7.249340534210205,-2.8121655583381653,4.43717497587204,1.625,-7.25,-2.8125,4.4375
qwen25_7b,18,valenced_opposite::affective::002,valenced_opposite,affective,valenced,opposite,-0.2,preference_control,5.75,-6.0,5.746764659881592,-5.996723651885986,5.746764659881592,-5.996723651885986,-0.1249794960021972,5.871744155883789,5.75,-6.0,-0.125,5.875
qwen25_7b,18,valenced_opposite::affective::002,valenced_opposite,affective,valenced,opposite,0.0,preference_control,11.125,-4.25,11.124965071678162,-4.26475191116333,11.124965071678162,-4.26475191116333,3.430106580257416,7.694858491420746,11.125,-4.25,3.4375,7.6875
qwen25_7b,18,valenced_opposite::affective::002,valenced_opposite,affective,valenced,opposite,0.2,preference_control,14.375,0.5,14.374987721443176,0.4980013370513916,14.374987721443176,0.4980013370513916,7.436494529247284,6.938493192195892,14.375,0.5,7.4375,6.9375
qwen25_7b,18,valenced_opposite::affective::002,valenced_opposite,affective,valenced,opposite,0.4,preference_control,15.75,3.875,15.749979615211489,3.869970202445984,15.749979615211489,3.869970202445984,9.809974908828735,5.940004706382752,15.75,3.875,9.8125,5.9375
qwen25_7b,18,valenced_opposite::affective::002,valenced_opposite,affective,valenced,opposite,0.6,preference_control,17.0,6.25,16.999985694885254,6.247920274734497,16.999985694885254,6.247920274734497,11.623952984809875,5.376032710075378,17.0,6.25,11.625,5.375
qwen25_7b,18,valenced_opposite::affective::002,valenced_opposite,affective,valenced,opposite,0.8,preference_control,19.75,7.875,19.75003230571747,7.874467611312866,19.75003230571747,7.874467611312866,13.812249958515167,5.937782347202301,19.75,7.875,13.8125,5.9375
qwen25_7b,18,valenced_opposite::affective::002,valenced_opposite,affective,valenced,opposite,1.0,preference_control,22.4375,8.125,22.500352263450623,8.124576330184937,22.500352263450623,8.124576330184937,15.31246429681778,7.187887966632843,22.4375,8.125,15.28125,7.15625
qwen25_7b,18,valenced_opposite::affective::003,valenced_opposite,affective,valenced,opposite,-1.0,preference_control,-8.625,-5.5,-8.622310280799866,-5.49148964881897,-8.622310280799866,-5.49148964881897,-7.056899964809418,-1.565410315990448,-8.625,-5.5,-7.0625,-1.5625
qwen25_7b,18,valenced_opposite::affective::003,valenced_opposite,affective,valenced,opposite,-0.8,preference_control,-8.375,-5.75,-8.37233817577362,-5.744725584983826,-8.37233817577362,-5.744725584983826,-7.058531880378723,-1.3138062953948977,-8.375,-5.75,-7.0625,-1.3125
qwen25_7b,18,valenced_opposite::affective::003,valenced_opposite,affective,valenced,opposite,-0.6,preference_control,-7.75,-5.875,-7.747030973434448,-5.870463252067566,-7.747030973434448,-5.870463252067566,-6.808747112751007,-0.9382838606834412,-7.75,-5.875,-6.8125,-0.9375
qwen25_7b,18,valenced_opposite::affective::003,valenced_opposite,affective,valenced,opposite,-0.4,preference_control,-6.375,-5.375,-6.36845588684082,-5.367171406745911,-6.36845588684082,-5.367171406745911,-5.8678136467933655,-0.5006422400474548,-6.375,-5.375,-5.875,-0.5
qwen25_7b,18,valenced_opposite::affective::003,valenced_opposite,affective,valenced,opposite,-0.2,preference_control,-4.125,-3.875,-4.124740123748779,-3.874495387077332,-4.124740123748779,-3.874495387077332,-3.999617755413056,-0.1251223683357238,-4.125,-3.875,-4.0,-0.125
qwen25_7b,18,valenced_opposite::affective::003,valenced_opposite,affective,valenced,opposite,0.0,preference_control,-0.625,-1.5,-0.6249788999557495,-1.5029058456420898,-0.6249788999557495,-1.5029058456420898,-1.0639423727989197,0.4389634728431701,-0.625,-1.5,-1.0625,0.4375
qwen25_7b,18,valenced_opposite::affective::003,valenced_opposite,affective,valenced,opposite,0.2,preference_control,5.5,3.125,5.4923015832901,3.127472400665283,5.4923015832901,3.127472400665283,4.309886991977692,1.1824145913124084,5.5,3.125,4.3125,1.1875
qwen25_7b,18,valenced_opposite::affective::003,valenced_opposite,affective,valenced,opposite,0.4,preference_control,10.0,6.125,9.999878644943236,6.122781276702881,9.999878644943236,6.122781276702881,8.061329960823059,1.9385486841201784,10.0,6.125,8.0625,1.9375
qwen25_7b,18,valenced_opposite::affective::003,valenced_opposite,affective,valenced,opposite,0.6,preference_control,13.625,8.875,13.624969244003296,8.874873399734497,13.624969244003296,8.874873399734497,11.249921321868896,2.3750479221343994,13.625,8.875,11.25,2.375
qwen25_7b,18,valenced_opposite::affective::003,valenced_opposite,affective,valenced,opposite,0.8,preference_control,16.75,11.125,16.749969959259033,11.124975323677065,16.749969959259033,11.124975323677065,13.937472641468048,2.812497317790985,16.75,11.125,13.9375,2.8125
qwen25_7b,18,valenced_opposite::affective::003,valenced_opposite,affective,valenced,opposite,1.0,preference_control,18.5,12.25,18.499948620796204,12.24996304512024,18.499948620796204,12.24996304512024,15.37495583295822,3.124992787837982,18.5,12.25,15.375,3.125
qwen25_7b,18,valenced_opposite::affective::004,valenced_opposite,affective,valenced,opposite,-1.0,preference_control,-9.125,-4.875,-9.124850988388062,-4.867334842681885,-9.124850988388062,-4.867334842681885,-6.996092915534973,-2.1287580728530884,-9.125,-4.875,-7.0,-2.125
qwen25_7b,18,valenced_opposite::affective::004,valenced_opposite,affective,valenced,opposite,-0.8,preference_control,-9.25,-6.25,-9.249868631362917,-6.248058080673218,-9.249868631362917,-6.248058080673218,-7.748963356018066,-1.5009052753448486,-9.25,-6.25,-7.75,-1.5
qwen25_7b,18,valenced_opposite::affective::004,valenced_opposite,affective,valenced,opposite,-0.6,preference_control,-9.125,-7.125,-9.12486171722412,-7.124184012413025,-9.12486171722412,-7.124184012413025,-8.124522864818573,-1.000338852405548,-9.125,-7.125,-8.125,-1.0
qwen25_7b,18,valenced_opposite::affective::004,valenced_opposite,affective,valenced,opposite,-0.4,preference_control,-8.5,-7.25,-8.499755382537842,-7.249280214309692,-8.499755382537842,-7.249280214309692,-7.874517798423767,-0.6252375841140747,-8.5,-7.25,-7.875,-0.625
qwen25_7b,18,valenced_opposite::affective::004,valenced_opposite,affective,valenced,opposite,-0.2,preference_control,-6.375,-6.5,-6.373204231262207,-6.4984636306762695,-6.373204231262207,-6.4984636306762695,-6.435833930969238,0.0626296997070312,-6.375,-6.5,-6.4375,0.0625
qwen25_7b,18,valenced_opposite::affective::004,valenced_opposite,affective,valenced,opposite,0.0,preference_control,-2.875,-4.75,-2.882048487663269,-4.741267442703247,-2.882048487663269,-4.741267442703247,-3.811657965183258,0.929609477519989,-2.875,-4.75,-3.8125,0.9375
qwen25_7b,18,valenced_opposite::affective::004,valenced_opposite,affective,valenced,opposite,0.2,preference_control,2.75,-1.875,2.7502721548080444,-1.8730427026748655,2.7502721548080444,-1.8730427026748655,0.4386147260665893,2.311657428741455,2.75,-1.875,0.4375,2.3125
qwen25_7b,18,valenced_opposite::affective::004,valenced_opposite,affective,valenced,opposite,0.4,preference_control,6.5,0.75,6.498506426811218,0.7539119720458984,6.498506426811218,0.7539119720458984,3.6262091994285583,2.87229722738266,6.5,0.75,3.625,2.875
qwen25_7b,18,valenced_opposite::affective::004,valenced_opposite,affective,valenced,opposite,0.6,preference_control,10.25,4.5,10.249977946281431,4.488958716392517,10.249977946281431,4.488958716392517,7.369468331336975,2.880509614944458,10.25,4.5,7.375,2.875
qwen25_7b,18,valenced_opposite::affective::004,valenced_opposite,affective,valenced,opposite,0.8,preference_control,13.875,8.0,13.875014185905457,7.999664664268494,13.875014185905457,7.999664664268494,10.937339425086977,2.937674760818481,13.875,8.0,10.9375,2.9375
qwen25_7b,18,valenced_opposite::affective::004,valenced_opposite,affective,valenced,opposite,1.0,preference_control,17.25,9.0,17.250017642974854,8.99988579750061,17.250017642974854,8.99988579750061,13.124951720237732,4.125065922737122,17.25,9.0,13.125,4.125
qwen25_7b,18,valenced_opposite::affective::005,valenced_opposite,affective,valenced,opposite,-1.0,preference_control,-5.625,-7.25,-5.621379494667053,-7.249269962310791,-5.621379494667053,-7.249269962310791,-6.435324728488922,0.8139452338218689,-5.625,-7.25,-6.4375,0.8125
qwen25_7b,18,valenced_opposite::affective::005,valenced_opposite,affective,valenced,opposite,-0.8,preference_control,-4.75,-8.25,-4.741371273994446,-8.249728202819824,-4.741371273994446,-8.249728202819824,-6.495549738407135,1.7541784644126892,-4.75,-8.25,-6.5,1.75
qwen25_7b,18,valenced_opposite::affective::005,valenced_opposite,affective,valenced,opposite,-0.6,preference_control,-3.25,-9.125,-3.2431325912475586,-9.124891757965088,-3.2431325912475586,-9.124891757965088,-6.184012174606323,2.9408795833587646,-3.25,-9.125,-6.1875,2.9375
qwen25_7b,18,valenced_opposite::affective::005,valenced_opposite,affective,valenced,opposite,-0.4,preference_control,0.0,-8.875,4.458427429199219e-05,-8.874856114387512,4.458427429199219e-05,-8.874856114387512,-4.43740576505661,4.437450349330902,0.0,-8.875,-4.4375,4.4375
qwen25_7b,18,valenced_opposite::affective::005,valenced_opposite,affective,valenced,opposite,-0.2,preference_control,5.125,-6.5,5.118911743164063,-6.49848747253418,5.118911743164063,-6.49848747253418,-0.6897878646850586,5.808699607849121,5.125,-6.5,-0.6875,5.8125
qwen25_7b,18,valenced_opposite::affective::005,valenced_opposite,affective,valenced,opposite,0.0,preference_control,9.375,-2.375,9.374835014343262,-2.3798930644989014,9.374835014343262,-2.3798930644989014,3.49747097492218,5.8773640394210815,9.375,-2.375,3.5,5.875
qwen25_7b,18,valenced_opposite::affective::005,valenced_opposite,affective,valenced,opposite,0.2,preference_control,13.0,2.75,12.99983835220337,2.75010085105896,12.99983835220337,2.75010085105896,7.8749696016311646,5.124868750572205,13.0,2.75,7.875,5.125
qwen25_7b,18,valenced_opposite::affective::005,valenced_opposite,affective,valenced,opposite,0.4,preference_control,15.75,5.75,15.749800205230711,5.746324300765991,15.749800205230711,5.746324300765991,10.748062252998352,5.001737952232361,15.75,5.75,10.75,5.0
qwen25_7b,18,valenced_opposite::affective::005,valenced_opposite,affective,valenced,opposite,0.6,preference_control,18.0,8.375,17.99986171722412,8.374267339706421,17.99986171722412,8.374267339706421,13.187064528465273,4.81279718875885,18.0,8.375,13.1875,4.8125
qwen25_7b,18,valenced_opposite::affective::005,valenced_opposite,affective,valenced,opposite,0.8,preference_control,19.5,10.375,19.49993133544922,10.374563455581663,19.49993133544922,10.374563455581663,14.937247395515442,4.562683939933777,19.5,10.375,14.9375,4.5625
qwen25_7b,18,valenced_opposite::affective::005,valenced_opposite,affective,valenced,opposite,1.0,preference_control,19.875,9.25,19.875025272369385,9.249676704406738,19.875025272369385,9.249676704406738,14.562350988388062,5.312674283981323,19.875,9.25,14.5625,5.3125
qwen25_7b,18,valenced_opposite::affective::006,valenced_opposite,affective,valenced,opposite,-1.0,preference_control,-9.75,-8.875,-9.749577641487122,-8.874557733535767,-9.749577641487122,-8.874557733535767,-9.312067687511444,-0.4375099539756775,-9.75,-8.875,-9.3125,-0.4375
qwen25_7b,18,valenced_opposite::affective::006,valenced_opposite,affective,valenced,opposite,-0.8,preference_control,-9.625,-9.625,-9.624670386314392,-9.624763488769531,-9.624670386314392,-9.624763488769531,-9.624716937541962,4.655122756958008e-05,-9.625,-9.625,-9.625,0.0
qwen25_7b,18,valenced_opposite::affective::006,valenced_opposite,affective,valenced,opposite,-0.6,preference_control,-9.125,-10.0,-9.124691128730774,-9.999823570251465,-9.124691128730774,-9.999823570251465,-9.56225734949112,0.4375662207603454,-9.125,-10.0,-9.5625,0.4375
qwen25_7b,18,valenced_opposite::affective::006,valenced_opposite,affective,valenced,opposite,-0.4,preference_control,-8.0,-9.5,-7.999403476715088,-9.499804973602297,-7.999403476715088,-9.499804973602297,-8.749604225158691,0.7502007484436035,-8.0,-9.5,-8.75,0.75
qwen25_7b,18,valenced_opposite::affective::006,valenced_opposite,affective,valenced,opposite,-0.2,preference_control,-6.25,-8.25,-6.247402310371399,-8.249525785446167,-6.247402310371399,-8.249525785446167,-7.248464047908783,1.001061737537384,-6.25,-8.25,-7.25,1.0
qwen25_7b,18,valenced_opposite::affective::006,valenced_opposite,affective,valenced,opposite,0.0,preference_control,-2.375,-5.875,-2.3734281063079834,-5.871816158294678,-2.3734281063079834,-5.871816158294678,-4.122622132301331,1.7491940259933472,-2.375,-5.875,-4.125,1.75
qwen25_7b,18,valenced_opposite::affective::006,valenced_opposite,affective,valenced,opposite,0.2,preference_control,5.875,-0.625,5.87156081199646,-0.6248300075531006,5.87156081199646,-0.6248300075531006,2.62336540222168,3.2481954097747803,5.875,-0.625,2.625,3.25
qwen25_7b,18,valenced_opposite::affective::006,valenced_opposite,affective,valenced,opposite,0.4,preference_control,10.25,3.5,10.25053644180298,3.502310276031494,10.25053644180298,3.502310276031494,6.876423358917236,3.374113082885742,10.25,3.5,6.875,3.375
qwen25_7b,18,valenced_opposite::affective::006,valenced_opposite,affective,valenced,opposite,0.6,preference_control,13.375,7.0,13.376572966575624,7.003873705863953,13.376572966575624,7.003873705863953,10.190223336219788,3.186349630355835,13.375,7.0,10.1875,3.1875
qwen25_7b,18,valenced_opposite::affective::006,valenced_opposite,affective,valenced,opposite,0.8,preference_control,17.0,8.875,17.00295650959015,8.89365303516388,17.00295650959015,8.89365303516388,12.948304772377014,4.054651737213135,17.0,8.875,12.9375,4.0625
qwen25_7b,18,valenced_opposite::affective::006,valenced_opposite,affective,valenced,opposite,1.0,preference_control,19.6875,9.0,19.75637269020081,9.103386163711548,19.75637269020081,9.103386163711548,14.429879426956177,5.326493263244629,19.6875,9.0,14.34375,5.34375
qwen25_7b,18,valenced_opposite::affective::007,valenced_opposite,affective,valenced,opposite,-1.0,preference_control,-4.0,-10.5,-4.013504981994629,-10.499999046325684,-4.013504981994629,-10.499999046325684,-7.256752014160156,3.243247032165528,-4.0,-10.5,-7.25,3.25
qwen25_7b,18,valenced_opposite::affective::007,valenced_opposite,affective,valenced,opposite,-0.8,preference_control,-4.0,-12.25,-4.013261437416077,-12.250014305114746,-4.013261437416077,-12.250014305114746,-8.131637871265411,4.118376433849335,-4.0,-12.25,-8.125,4.125
qwen25_7b,18,valenced_opposite::affective::007,valenced_opposite,affective,valenced,opposite,-0.6,preference_control,-2.5,-13.5,-2.4991071224212646,-13.500011324882507,-2.4991071224212646,-13.500011324882507,-7.999559223651886,5.500452101230621,-2.5,-13.5,-8.0,5.5
qwen25_7b,18,valenced_opposite::affective::007,valenced_opposite,affective,valenced,opposite,-0.4,preference_control,2.625,-13.625,2.6317694187164307,-13.62501084804535,2.6317694187164307,-13.62501084804535,-5.496620714664459,8.12839013338089,2.625,-13.625,-5.5,8.125
qwen25_7b,18,valenced_opposite::affective::007,valenced_opposite,affective,valenced,opposite,-0.2,preference_control,10.25,-12.75,10.247966766357422,-12.750009417533876,10.247966766357422,-12.750009417533876,-1.2510213255882263,11.498988091945648,10.25,-12.75,-1.25,11.5
qwen25_7b,18,valenced_opposite::affective::007,valenced_opposite,affective,valenced,opposite,0.0,preference_control,20.4375,-11.0,20.498249173164368,-10.999992966651917,20.498249173164368,-10.999992966651917,4.749128103256226,15.749121069908142,20.4375,-11.0,4.71875,15.71875
qwen25_7b,18,valenced_opposite::affective::007,valenced_opposite,affective,valenced,opposite,0.2,preference_control,23.1875,-4.5,23.248578190803528,-4.488959550857544,23.248578190803528,-4.488959550857544,9.379809319972992,13.868768870830536,23.1875,-4.5,9.34375,13.84375
qwen25_7b,18,valenced_opposite::affective::007,valenced_opposite,affective,valenced,opposite,0.4,preference_control,24.125,7.0,24.1238865852356,6.998976588249207,24.1238865852356,6.998976588249207,15.5614315867424,8.562454998493195,24.125,7.0,15.5625,8.5625
qwen25_7b,18,valenced_opposite::affective::007,valenced_opposite,affective,valenced,opposite,0.6,preference_control,23.8125,13.0,23.874077439308167,12.999901294708252,23.874077439308167,12.999901294708252,18.43698936700821,5.437088072299957,23.8125,13.0,18.40625,5.40625
qwen25_7b,18,valenced_opposite::affective::007,valenced_opposite,affective,valenced,opposite,0.8,preference_control,22.5,15.0,22.49868619441986,14.999816060066223,22.49868619441986,14.999816060066223,18.74925112724304,3.749435067176819,22.5,15.0,18.75,3.75
qwen25_7b,18,valenced_opposite::affective::007,valenced_opposite,affective,valenced,opposite,1.0,preference_control,21.0625,15.375,21.123329997062683,15.374531507492064,21.123329997062683,15.374531507492064,18.24893075227737,2.874399244785309,21.0625,15.375,18.21875,2.84375
qwen25_7b,18,valenced_opposite::affective::008,valenced_opposite,affective,valenced,opposite,-1.0,preference_control,-12.625,-17.5,-12.62472915649414,-17.49964714050293,-12.62472915649414,-17.49964714050293,-15.062188148498535,2.4374589920043945,-12.625,-17.5,-15.0625,2.4375
qwen25_7b,18,valenced_opposite::affective::008,valenced_opposite,affective,valenced,opposite,-0.8,preference_control,-12.25,-18.0,-12.249727249145508,-17.99972915649414,-12.249727249145508,-17.99972915649414,-15.124728202819824,2.8750009536743164,-12.25,-18.0,-15.125,2.875
qwen25_7b,18,valenced_opposite::affective::008,valenced_opposite,affective,valenced,opposite,-0.6,preference_control,-11.375,-18.125,-11.374683380126951,-18.124731063842773,-11.374683380126951,-18.124731063842773,-14.749707221984863,3.37502384185791,-11.375,-18.125,-14.75,3.375
qwen25_7b,18,valenced_opposite::affective::008,valenced_opposite,affective,valenced,opposite,-0.4,preference_control,-8.75,-18.25,-8.749481201171875,-18.249731063842773,-8.749481201171875,-18.249731063842773,-13.499606132507324,4.750124931335449,-8.75,-18.25,-13.5,4.75
qwen25_7b,18,valenced_opposite::affective::008,valenced_opposite,affective,valenced,opposite,-0.2,preference_control,-2.125,-18.125,-2.12060546875,-18.12465476989746,-2.12060546875,-18.12465476989746,-10.12263011932373,8.00202465057373,-2.125,-18.125,-10.125,8.0
qwen25_7b,18,valenced_opposite::affective::008,valenced_opposite,affective,valenced,opposite,0.0,preference_control,5.5,-17.375,5.495819091796875,-17.374652862548828,5.495819091796875,-17.374652862548828,-5.939416885375977,11.435235977172852,5.5,-17.375,-5.9375,11.4375
qwen25_7b,18,valenced_opposite::affective::008,valenced_opposite,affective,valenced,opposite,0.2,preference_control,12.375,-15.375,12.374972343444824,-15.374788284301758,12.374972343444824,-15.374788284301758,-1.4999079704284668,13.874880313873293,12.375,-15.375,-1.5,13.875
qwen25_7b,18,valenced_opposite::affective::008,valenced_opposite,affective,valenced,opposite,0.4,preference_control,15.25,-13.875,15.24998152256012,-13.874762535095217,15.24998152256012,-13.874762535095217,0.6876094937324524,14.562372028827667,15.25,-13.875,0.6875,14.5625
qwen25_7b,18,valenced_opposite::affective::008,valenced_opposite,affective,valenced,opposite,0.6,preference_control,17.375,-10.875,17.374987602233887,-10.874677658081056,17.374987602233887,-10.874677658081056,3.250154972076416,14.12483263015747,17.375,-10.875,3.25,14.125
qwen25_7b,18,valenced_opposite::affective::008,valenced_opposite,affective,valenced,opposite,0.8,preference_control,19.125,-5.5,19.12498927116394,-5.495574951171875,19.12498927116394,-5.495574951171875,6.814707159996033,12.310282111167908,19.125,-5.5,6.8125,12.3125
qwen25_7b,18,valenced_opposite::affective::008,valenced_opposite,affective,valenced,opposite,1.0,preference_control,19.5,-0.875,19.49999046325684,-0.876953125,19.49999046325684,-0.876953125,9.311518669128418,10.188471794128418,19.5,-0.875,9.3125,10.1875
qwen25_7b,18,valenced_opposite::affective::009,valenced_opposite,affective,valenced,opposite,-1.0,preference_control,-7.0,-7.25,-6.999062657356262,-7.24922239780426,-6.999062657356262,-7.24922239780426,-7.124142527580261,0.125079870223999,-7.0,-7.25,-7.125,0.125
qwen25_7b,18,valenced_opposite::affective::009,valenced_opposite,affective,valenced,opposite,-0.8,preference_control,-7.25,-7.875,-7.2492722272872925,-7.874589920043945,-7.2492722272872925,-7.874589920043945,-7.561931073665619,0.3126588463783264,-7.25,-7.875,-7.5625,0.3125
qwen25_7b,18,valenced_opposite::affective::009,valenced_opposite,affective,valenced,opposite,-0.6,preference_control,-7.125,-8.0,-7.124179601669312,-7.999643564224243,-7.124179601669312,-7.999643564224243,-7.561911582946777,0.4377319812774658,-7.125,-8.0,-7.5625,0.4375
qwen25_7b,18,valenced_opposite::affective::009,valenced_opposite,affective,valenced,opposite,-0.4,preference_control,-6.375,-7.875,-6.373280048370361,-7.874602794647217,-6.373280048370361,-7.874602794647217,-7.123941421508789,0.7506613731384277,-6.375,-7.875,-7.125,0.75
qwen25_7b,18,valenced_opposite::affective::009,valenced_opposite,affective,valenced,opposite,-0.2,preference_control,-4.875,-6.5,-4.867390036582947,-6.498481750488281,-4.867390036582947,-6.498481750488281,-5.682935893535614,0.8155458569526672,-4.875,-6.5,-5.6875,0.8125
qwen25_7b,18,valenced_opposite::affective::009,valenced_opposite,affective,valenced,opposite,0.0,preference_control,0.25,-3.875,0.2500125169754028,-3.870107412338257,0.2500125169754028,-3.870107412338257,-1.810047447681427,2.06005996465683,0.25,-3.875,-1.8125,2.0625
qwen25_7b,18,valenced_opposite::affective::009,valenced_opposite,affective,valenced,opposite,0.2,preference_control,8.375,0.5,8.374781131744385,0.4980595111846924,8.374781131744385,0.4980595111846924,4.436420321464539,3.938360810279846,8.375,0.5,4.4375,3.9375
qwen25_7b,18,valenced_opposite::affective::009,valenced_opposite,affective,valenced,opposite,0.4,preference_control,13.625,5.75,13.625044226646423,5.746813058853149,13.625044226646423,5.746813058853149,9.685928642749786,3.939115583896637,13.625,5.75,9.6875,3.9375
qwen25_7b,18,valenced_opposite::affective::009,valenced_opposite,affective,valenced,opposite,0.6,preference_control,16.625,10.0,16.62505280971527,9.999956607818604,16.62505280971527,9.999956607818604,13.312504708766935,3.3125481009483337,16.625,10.0,13.3125,3.3125
qwen25_7b,18,valenced_opposite::affective::009,valenced_opposite,affective,valenced,opposite,0.8,preference_control,19.625,12.875,19.625065803527832,12.875011920928957,19.625065803527832,12.875011920928957,16.250038862228394,3.3750269412994385,19.625,12.875,16.25,3.375
qwen25_7b,18,valenced_opposite::affective::009,valenced_opposite,affective,valenced,opposite,1.0,preference_control,22.125,13.625,22.1250901222229,13.625022888183594,22.1250901222229,13.625022888183594,17.875056505203247,4.250033617019653,22.125,13.625,17.875,4.25
qwen25_7b,18,valenced_opposite::affective::010,valenced_opposite,affective,valenced,opposite,-1.0,preference_control,-10.75,-8.125,-10.74979019165039,-8.12303638458252,-10.74979019165039,-8.12303638458252,-9.436413288116457,-1.3133769035339355,-10.75,-8.125,-9.4375,-1.3125
qwen25_7b,18,valenced_opposite::affective::010,valenced_opposite,affective,valenced,opposite,-0.8,preference_control,-10.625,-9.5,-10.624867916107178,-9.499382019042969,-10.624867916107178,-9.499382019042969,-10.062124967575071,-0.5627429485321045,-10.625,-9.5,-10.0625,-0.5625
qwen25_7b,18,valenced_opposite::affective::010,valenced_opposite,affective,valenced,opposite,-0.6,preference_control,-9.75,-10.5,-9.749848008155825,-10.499636888504028,-9.749848008155825,-10.499636888504028,-10.124742448329926,0.3748944401741028,-9.75,-10.5,-10.125,0.375
qwen25_7b,18,valenced_opposite::affective::010,valenced_opposite,affective,valenced,opposite,-0.4,preference_control,-6.875,-10.875,-6.873829364776611,-10.874712109565737,-6.873829364776611,-10.874712109565737,-8.874270737171173,2.0004413723945618,-6.875,-10.875,-8.875,2.0
qwen25_7b,18,valenced_opposite::affective::010,valenced_opposite,affective,valenced,opposite,-0.2,preference_control,-0.5,-9.25,-0.4980254173278808,-9.249608397483826,-0.4980254173278808,-9.249608397483826,-4.873816907405853,4.375791490077972,-0.5,-9.25,-4.875,4.375
qwen25_7b,18,valenced_opposite::affective::010,valenced_opposite,affective,valenced,opposite,0.0,preference_control,9.75,-4.875,9.749900341033936,-4.867113709449768,9.749900341033936,-4.867113709449768,2.441393315792084,7.308507025241852,9.75,-4.875,2.4375,7.3125
qwen25_7b,18,valenced_opposite::affective::010,valenced_opposite,affective,valenced,opposite,0.2,preference_control,20.125,2.625,20.12498116493225,2.6171964406967163,20.12498116493225,2.6171964406967163,11.371088802814484,8.753892362117767,20.125,2.625,11.375,8.75
qwen25_7b,18,valenced_opposite::affective::010,valenced_opposite,affective,valenced,opposite,0.4,preference_control,21.9375,6.375,21.99997019767761,6.373205304145813,21.99997019767761,6.373205304145813,14.186587750911713,7.8133824467659,21.9375,6.375,14.15625,7.78125
qwen25_7b,18,valenced_opposite::affective::010,valenced_opposite,affective,valenced,opposite,0.6,preference_control,23.25,8.5,23.2499737739563,8.499726057052612,23.2499737739563,8.499726057052612,15.874849915504456,7.375123858451843,23.25,8.5,15.875,7.375
qwen25_7b,18,valenced_opposite::affective::010,valenced_opposite,affective,valenced,opposite,0.8,preference_control,24.5625,11.0,24.62496840953827,10.999927282333374,24.62496840953827,10.999927282333374,17.81244784593582,6.812520563602448,24.5625,11.0,17.78125,6.78125
qwen25_7b,18,valenced_opposite::affective::010,valenced_opposite,affective,valenced,opposite,1.0,preference_control,24.9375,13.375,24.99995374679565,13.374934792518616,24.99995374679565,13.374934792518616,19.18744426965713,5.812509477138519,24.9375,13.375,19.15625,5.78125
qwen25_7b,18,valenced_opposite::affective::011,valenced_opposite,affective,valenced,opposite,-1.0,preference_control,-6.0,-15.75,-5.9971572160720825,-15.749935984611511,-5.9971572160720825,-15.749935984611511,-10.873546600341797,4.876389384269714,-6.0,-15.75,-10.875,4.875
qwen25_7b,18,valenced_opposite::affective::011,valenced_opposite,affective,valenced,opposite,-0.8,preference_control,-5.375,-16.0,-5.370239615440369,-16.000041127204895,-5.370239615440369,-16.000041127204895,-10.685140371322632,5.314900755882263,-5.375,-16.0,-10.6875,5.3125
qwen25_7b,18,valenced_opposite::affective::011,valenced_opposite,affective,valenced,opposite,-0.6,preference_control,-4.0,-15.5,-4.012939929962158,-15.50007677078247,-4.012939929962158,-15.50007677078247,-9.756508350372314,5.743568420410156,-4.0,-15.5,-9.75,5.75
qwen25_7b,18,valenced_opposite::affective::011,valenced_opposite,affective,valenced,opposite,-0.4,preference_control,-1.5,-14.5,-1.5019500255584717,-14.500044107437134,-1.5019500255584717,-14.500044107437134,-8.000997066497803,6.499047040939331,-1.5,-14.5,-8.0,6.5
qwen25_7b,18,valenced_opposite::affective::011,valenced_opposite,affective,valenced,opposite,-0.2,preference_control,3.625,-12.375,3.629889369010925,-12.37499713897705,3.629889369010925,-12.37499713897705,-4.372553884983063,8.002443253993988,3.625,-12.375,-4.375,8.0
qwen25_7b,18,valenced_opposite::affective::011,valenced_opposite,affective,valenced,opposite,0.0,preference_control,12.0,-8.75,11.99998927116394,-8.74976110458374,11.99998927116394,-8.74976110458374,1.6251140832901,10.37487518787384,12.0,-8.75,1.625,10.375
qwen25_7b,18,valenced_opposite::affective::011,valenced_opposite,affective,valenced,opposite,0.2,preference_control,18.375,-1.25,18.37501013278961,-1.2481683492660522,18.37501013278961,-1.2481683492660522,8.56342089176178,9.811589241027832,18.375,-1.25,8.5625,9.8125
qwen25_7b,18,valenced_opposite::affective::011,valenced_opposite,affective,valenced,opposite,0.4,preference_control,22.375,6.5,22.375022530555725,6.498388648033142,22.375022530555725,6.498388648033142,14.436705589294434,7.9383169412612915,22.375,6.5,14.4375,7.9375
qwen25_7b,18,valenced_opposite::affective::011,valenced_opposite,affective,valenced,opposite,0.6,preference_control,24.6875,12.5,24.75007712841034,12.49991500377655,24.75007712841034,12.49991500377655,18.624996066093445,6.125081062316895,24.6875,12.5,18.59375,6.09375
qwen25_7b,18,valenced_opposite::affective::011,valenced_opposite,affective,valenced,opposite,0.8,preference_control,26.25,15.75,26.25071263313293,15.74992537498474,26.25071263313293,15.74992537498474,21.00031900405884,5.250393629074097,26.25,15.75,21.0,5.25
qwen25_7b,18,valenced_opposite::affective::011,valenced_opposite,affective,valenced,opposite,1.0,preference_control,26.1875,16.875,26.263353943824768,16.874885201454163,26.263353943824768,16.874885201454163,21.569119572639465,4.694234371185303,26.1875,16.875,21.53125,4.65625
qwen25_7b,18,valenced_opposite::affective::012,valenced_opposite,affective,valenced,opposite,-1.0,preference_control,-15.25,-14.625,-15.247673273086548,-14.623202323913574,-15.247673273086548,-14.623202323913574,-14.93543779850006,-0.3122354745864868,-15.25,-14.625,-14.9375,-0.3125
qwen25_7b,18,valenced_opposite::affective::012,valenced_opposite,affective,valenced,opposite,-0.8,preference_control,-16.25,-15.625,-16.247098565101624,-15.622859954833984,-16.247098565101624,-15.622859954833984,-15.934979259967804,-0.3121193051338196,-16.25,-15.625,-15.9375,-0.3125
qwen25_7b,18,valenced_opposite::affective::012,valenced_opposite,affective,valenced,opposite,-0.6,preference_control,-16.375,-15.875,-16.369582772254944,-15.873064398765564,-16.369582772254944,-15.873064398765564,-16.121323585510254,-0.2482591867446899,-16.375,-15.875,-16.125,-0.25
qwen25_7b,18,valenced_opposite::affective::012,valenced_opposite,affective,valenced,opposite,-0.4,preference_control,-15.25,-15.375,-15.236034035682678,-15.372674465179443,-15.236034035682678,-15.372674465179443,-15.30435425043106,0.0683202147483825,-15.25,-15.375,-15.3125,0.0625
qwen25_7b,18,valenced_opposite::affective::012,valenced_opposite,affective,valenced,opposite,-0.2,preference_control,-11.875,-13.625,-11.901458144187927,-13.62217652797699,-11.901458144187927,-13.62217652797699,-12.761817336082458,0.8603591918945312,-11.875,-13.625,-12.75,0.875
qwen25_7b,18,valenced_opposite::affective::012,valenced_opposite,affective,valenced,opposite,0.0,preference_control,-4.875,-10.375,-4.879953503608704,-10.371527910232544,-4.879953503608704,-10.371527910232544,-7.625740706920624,2.74578720331192,-4.875,-10.375,-7.625,2.75
qwen25_7b,18,valenced_opposite::affective::012,valenced_opposite,affective,valenced,opposite,0.2,preference_control,9.75,-4.875,9.726519227027891,-4.880871295928955,9.726519227027891,-4.880871295928955,2.422823965549469,7.303695261478424,9.75,-4.875,2.4375,7.3125
qwen25_7b,18,valenced_opposite::affective::012,valenced_opposite,affective,valenced,opposite,0.4,preference_control,14.5,-0.125,14.476526856422424,-0.1250076293945312,14.476526856422424,-0.1250076293945312,7.1757596135139465,7.300767242908478,14.5,-0.125,7.1875,7.3125
qwen25_7b,18,valenced_opposite::affective::012,valenced_opposite,affective,valenced,opposite,0.6,preference_control,16.625,3.25,16.671845197677612,3.2421882152557373,16.671845197677612,3.2421882152557373,9.957016706466677,6.7148284912109375,16.625,3.25,9.9375,6.6875
qwen25_7b,18,valenced_opposite::affective::012,valenced_opposite,affective,valenced,opposite,0.8,preference_control,17.6875,6.0,17.742170810699463,5.99613082408905,17.742170810699463,5.99613082408905,11.869150817394257,5.873019993305206,17.6875,6.0,11.84375,5.84375
qwen25_7b,18,valenced_opposite::affective::012,valenced_opposite,affective,valenced,opposite,1.0,preference_control,16.9375,7.25,16.89069628715515,7.254333734512329,16.89069628715515,7.254333734512329,12.07251501083374,4.818181276321411,16.9375,7.25,12.09375,4.84375
qwen25_7b,18,valenced_opposite::affective::013,valenced_opposite,affective,valenced,opposite,-1.0,preference_control,-7.0,-9.625,-7.004609107971191,-9.624913692474363,-7.004609107971191,-9.624913692474363,-8.314761400222778,1.310152292251587,-7.0,-9.625,-8.3125,1.3125
qwen25_7b,18,valenced_opposite::affective::013,valenced_opposite,affective,valenced,opposite,-0.8,preference_control,-6.875,-10.625,-6.875670433044434,-10.624939560890198,-6.875670433044434,-10.624939560890198,-8.750304996967316,1.874634563922882,-6.875,-10.625,-8.75,1.875
qwen25_7b,18,valenced_opposite::affective::013,valenced_opposite,affective,valenced,opposite,-0.6,preference_control,-6.125,-11.375,-6.123148918151856,-11.374958515167236,-6.123148918151856,-11.374958515167236,-8.749053716659546,2.6259047985076904,-6.125,-11.375,-8.75,2.625
qwen25_7b,18,valenced_opposite::affective::013,valenced_opposite,affective,valenced,opposite,-0.4,preference_control,-3.0,-11.375,-2.9981613159179688,-11.374963283538818,-2.9981613159179688,-11.374963283538818,-7.1865622997283936,4.188400983810425,-3.0,-11.375,-7.1875,4.1875
qwen25_7b,18,valenced_opposite::affective::013,valenced_opposite,affective,valenced,opposite,-0.2,preference_control,2.625,-10.875,2.6182215213775635,-10.874977707862854,2.6182215213775635,-10.874977707862854,-4.128378093242645,6.746599614620209,2.625,-10.875,-4.125,6.75
qwen25_7b,18,valenced_opposite::affective::013,valenced_opposite,affective,valenced,opposite,0.0,preference_control,10.0,-8.625,10.001043319702148,-8.624797821044922,10.001043319702148,-8.624797821044922,0.6881227493286133,9.312920570373535,10.0,-8.625,0.6875,9.3125
qwen25_7b,18,valenced_opposite::affective::013,valenced_opposite,affective,valenced,opposite,0.2,preference_control,16.25,-1.5,16.251960158348083,-1.5018913745880127,16.251960158348083,-1.5018913745880127,7.375034391880035,8.876925766468048,16.25,-1.5,7.375,8.875
qwen25_7b,18,valenced_opposite::affective::013,valenced_opposite,affective,valenced,opposite,0.4,preference_control,18.125,3.0,18.125792503356934,2.998305559158325,18.125792503356934,2.998305559158325,10.56204903125763,7.563743472099304,18.125,3.0,10.5625,7.5625
qwen25_7b,18,valenced_opposite::affective::013,valenced_opposite,affective,valenced,opposite,0.6,preference_control,19.625,6.0,19.625240683555603,5.997485637664795,19.625240683555603,5.997485637664795,12.8113631606102,6.813877522945404,19.625,6.0,12.8125,6.8125
qwen25_7b,18,valenced_opposite::affective::013,valenced_opposite,affective,valenced,opposite,0.8,preference_control,21.125,8.875,21.12514352798462,8.87483549118042,21.12514352798462,8.87483549118042,14.99998950958252,6.1251540184021,21.125,8.875,15.0,6.125
qwen25_7b,18,valenced_opposite::affective::013,valenced_opposite,affective,valenced,opposite,1.0,preference_control,21.3125,9.375,21.375462651252747,9.374906182289124,21.375462651252747,9.374906182289124,15.375184416770937,6.000278234481812,21.3125,9.375,15.34375,5.96875
qwen25_7b,18,valenced_opposite::affective::014,valenced_opposite,affective,valenced,opposite,-1.0,preference_control,-6.75,-15.6875,-6.747700452804565,-15.677361488342283,-6.747700452804565,-15.677361488342283,-11.212530970573424,4.46483051776886,-6.75,-15.6875,-11.21875,4.46875
qwen25_7b,18,valenced_opposite::affective::014,valenced_opposite,affective,valenced,opposite,-0.8,preference_control,-6.75,-16.25,-6.751206278800964,-16.24208402633667,-6.751206278800964,-16.24208402633667,-11.496645152568815,4.745438873767853,-6.75,-16.25,-11.5,4.75
qwen25_7b,18,valenced_opposite::affective::014,valenced_opposite,affective,valenced,opposite,-0.6,preference_control,-6.0,-16.625,-6.000568509101868,-16.61710023880005,-6.000568509101868,-16.61710023880005,-11.308834373950958,5.308265864849091,-6.0,-16.625,-11.3125,5.3125
qwen25_7b,18,valenced_opposite::affective::014,valenced_opposite,affective,valenced,opposite,-0.4,preference_control,-4.625,-16.1875,-4.616386890411377,-16.243026971817017,-4.616386890411377,-16.243026971817017,-10.429706931114197,5.81332004070282,-4.625,-16.1875,-10.40625,5.78125
qwen25_7b,18,valenced_opposite::affective::014,valenced_opposite,affective,valenced,opposite,-0.2,preference_control,-0.25,-15.0,-0.2510844469070434,-14.994523406028748,-0.2510844469070434,-14.994523406028748,-7.622803926467895,7.371719479560852,-0.25,-15.0,-7.625,7.375
qwen25_7b,18,valenced_opposite::affective::014,valenced_opposite,affective,valenced,opposite,0.0,preference_control,8.0,-12.625,7.999458789825439,-12.620080947875977,7.999458789825439,-12.620080947875977,-2.310311079025269,10.309769868850708,8.0,-12.625,-2.3125,10.3125
qwen25_7b,18,valenced_opposite::affective::014,valenced_opposite,affective,valenced,opposite,0.2,preference_control,15.75,-8.75,15.749933123588562,-8.746331691741943,15.749933123588562,-8.746331691741943,3.5018007159233093,12.248132407665253,15.75,-8.75,3.5,12.25
qwen25_7b,18,valenced_opposite::affective::014,valenced_opposite,affective,valenced,opposite,0.4,preference_control,18.625,-5.75,18.624945163726807,-5.744238018989563,18.624945163726807,-5.744238018989563,6.440353572368622,12.184591591358185,18.625,-5.75,6.4375,12.1875
qwen25_7b,18,valenced_opposite::affective::014,valenced_opposite,affective,valenced,opposite,0.6,preference_control,21.875,-2.875,21.87496519088745,-2.879634737968445,21.87496519088745,-2.879634737968445,9.497665226459503,12.377299964427948,21.875,-2.875,9.5,12.375
qwen25_7b,18,valenced_opposite::affective::014,valenced_opposite,affective,valenced,opposite,0.8,preference_control,25.0,-0.25,25.000003695487976,-0.2499626874923706,25.000003695487976,-0.2499626874923706,12.375020503997805,12.624983191490172,25.0,-0.25,12.375,12.625
qwen25_7b,18,valenced_opposite::affective::014,valenced_opposite,affective,valenced,opposite,1.0,preference_control,25.6875,1.375,25.75063967704773,1.3742382526397705,25.75063967704773,1.3742382526397705,13.56243896484375,12.18820071220398,25.6875,1.375,13.53125,12.15625
qwen25_7b,18,valenced_opposite::affective::015,valenced_opposite,affective,valenced,opposite,-1.0,preference_control,-8.5,-9.25,-8.499597907066345,-9.249411582946776,-8.499597907066345,-9.249411582946776,-8.874504745006561,0.374906837940216,-8.5,-9.25,-8.875,0.375
qwen25_7b,18,valenced_opposite::affective::015,valenced_opposite,affective,valenced,opposite,-0.8,preference_control,-8.25,-9.75,-8.249591946601868,-9.74951457977295,-8.249591946601868,-9.74951457977295,-8.999553263187408,0.7499613165855408,-8.25,-9.75,-9.0,0.75
qwen25_7b,18,valenced_opposite::affective::015,valenced_opposite,affective,valenced,opposite,-0.6,preference_control,-7.75,-10.0,-7.749423742294311,-9.999563694000244,-7.749423742294311,-9.999563694000244,-8.874493718147278,1.1250699758529663,-7.75,-10.0,-8.875,1.125
qwen25_7b,18,valenced_opposite::affective::015,valenced_opposite,affective,valenced,opposite,-0.4,preference_control,-6.75,-10.125,-6.748672366142273,-10.124611377716064,-6.748672366142273,-10.124611377716064,-8.436641871929169,1.6879695057868958,-6.75,-10.125,-8.4375,1.6875
qwen25_7b,18,valenced_opposite::affective::015,valenced_opposite,affective,valenced,opposite,-0.2,preference_control,-4.625,-9.625,-4.614960789680481,-9.624619483947754,-4.614960789680481,-9.624619483947754,-7.119790136814117,2.5048293471336365,-4.625,-9.625,-7.125,2.5
qwen25_7b,18,valenced_opposite::affective::015,valenced_opposite,affective,valenced,opposite,0.0,preference_control,0.0,-7.125,3.409385681152344e-05,-7.123842239379883,3.409385681152344e-05,-7.123842239379883,-3.561904072761536,3.561938166618347,0.0,-7.125,-3.5625,3.5625
qwen25_7b,18,valenced_opposite::affective::015,valenced_opposite,affective,valenced,opposite,0.2,preference_control,8.875,-3.375,8.873847961425781,-3.371997833251953,8.873847961425781,-3.371997833251953,2.750925064086914,6.122922897338867,8.875,-3.375,2.75,6.125
qwen25_7b,18,valenced_opposite::affective::015,valenced_opposite,affective,valenced,opposite,0.4,preference_control,13.0,0.125,12.997817039489746,0.1255340576171875,12.997817039489746,0.1255340576171875,6.561675548553467,6.436141490936279,13.0,0.125,6.5625,6.4375
qwen25_7b,18,valenced_opposite::affective::015,valenced_opposite,affective,valenced,opposite,0.6,preference_control,15.625,2.125,15.622517824172974,2.1194801330566406,15.622517824172974,2.1194801330566406,8.870998978614807,6.751518845558167,15.625,2.125,8.875,6.75
qwen25_7b,18,valenced_opposite::affective::015,valenced_opposite,affective,valenced,opposite,0.8,preference_control,17.625,2.375,17.622561931610107,2.3775634765625,17.622561931610107,2.3775634765625,10.000062704086304,7.622499227523804,17.625,2.375,10.0,7.625
qwen25_7b,18,valenced_opposite::affective::015,valenced_opposite,affective,valenced,opposite,1.0,preference_control,18.25,1.0,18.248613357543945,0.9977569580078124,18.248613357543945,0.9977569580078124,9.62318515777588,8.625428199768066,18.25,1.0,9.625,8.625
qwen25_7b,18,valenced_opposite::affective::016,valenced_opposite,affective,valenced,opposite,-1.0,preference_control,-6.625,-7.625,-6.623693466186523,-7.6198410987854,-6.623693466186523,-7.6198410987854,-7.121767282485962,0.4980738162994385,-6.625,-7.625,-7.125,0.5
qwen25_7b,18,valenced_opposite::affective::016,valenced_opposite,affective,valenced,opposite,-0.8,preference_control,-5.25,-8.375,-5.244746088981628,-8.370652556419373,-5.244746088981628,-8.370652556419373,-6.8076993227005005,1.562953233718872,-5.25,-8.375,-6.8125,1.5625
qwen25_7b,18,valenced_opposite::affective::016,valenced_opposite,affective,valenced,opposite,-0.6,preference_control,-1.25,-8.625,-1.248030662536621,-8.621190667152405,-1.248030662536621,-8.621190667152405,-4.934610664844513,3.686580002307892,-1.25,-8.625,-4.9375,3.6875
qwen25_7b,18,valenced_opposite::affective::016,valenced_opposite,affective,valenced,opposite,-0.4,preference_control,4.125,-8.25,4.140156388282776,-8.246089935302734,4.140156388282776,-8.246089935302734,-2.0529667735099792,6.193123161792755,4.125,-8.25,-2.0625,6.1875
qwen25_7b,18,valenced_opposite::affective::016,valenced_opposite,affective,valenced,opposite,-0.2,preference_control,8.875,-6.875,8.874870538711548,-6.870738506317139,8.874870538711548,-6.870738506317139,1.0020660161972046,7.872804522514343,8.875,-6.875,1.0,7.875
qwen25_7b,18,valenced_opposite::affective::016,valenced_opposite,affective,valenced,opposite,0.0,preference_control,12.625,-4.625,12.625020384788511,-4.612383127212524,12.625020384788511,-4.612383127212524,4.006318628787994,8.618701756000519,12.625,-4.625,4.0,8.625
qwen25_7b,18,valenced_opposite::affective::016,valenced_opposite,affective,valenced,opposite,0.2,preference_control,15.125,-0.25,15.12502896785736,-0.2482308149337768,15.12502896785736,-0.2482308149337768,7.438399076461792,7.686629891395569,15.125,-0.25,7.4375,7.6875
qwen25_7b,18,valenced_opposite::affective::016,valenced_opposite,affective,valenced,opposite,0.4,preference_control,15.25,2.5,15.250030755996704,2.501006603240967,15.250030755996704,2.501006603240967,8.875518679618835,6.374512076377869,15.25,2.5,8.875,6.375
qwen25_7b,18,valenced_opposite::affective::016,valenced_opposite,affective,valenced,opposite,0.6,preference_control,15.75,4.375,15.75003969669342,4.367217659950256,15.75003969669342,4.367217659950256,10.058628678321838,5.691411018371582,15.75,4.375,10.0625,5.6875
qwen25_7b,18,valenced_opposite::affective::016,valenced_opposite,affective,valenced,opposite,0.8,preference_control,16.25,4.75,16.250036597251892,4.748229622840881,16.250036597251892,4.748229622840881,10.499133110046388,5.750903487205505,16.25,4.75,10.5,5.75
qwen25_7b,18,valenced_opposite::affective::016,valenced_opposite,affective,valenced,opposite,1.0,preference_control,16.375,2.25,16.37504541873932,2.2523800134658813,16.37504541873932,2.2523800134658813,9.3137127161026,7.061332702636719,16.375,2.25,9.3125,7.0625
qwen25_7b,18,valenced_opposite::affective::017,valenced_opposite,affective,valenced,opposite,-1.0,preference_control,-9.5,-14.75,-9.49989914894104,-14.74999725818634,-9.49989914894104,-14.74999725818634,-12.12494820356369,2.62504905462265,-9.5,-14.75,-12.125,2.625
qwen25_7b,18,valenced_opposite::affective::017,valenced_opposite,affective,valenced,opposite,-0.8,preference_control,-8.625,-14.375,-8.624800324440002,-14.37499725818634,-8.624800324440002,-14.37499725818634,-11.499898791313171,2.875098466873169,-8.625,-14.375,-11.5,2.875
qwen25_7b,18,valenced_opposite::affective::017,valenced_opposite,affective,valenced,opposite,-0.6,preference_control,-6.25,-13.875,-6.248046636581421,-13.874997854232788,-6.248046636581421,-13.874997854232788,-10.061522245407104,3.813475608825684,-6.25,-13.875,-10.0625,3.8125
qwen25_7b,18,valenced_opposite::affective::017,valenced_opposite,affective,valenced,opposite,-0.4,preference_control,-1.5,-12.375,-1.5019419193267822,-12.37499499320984,-1.5019419193267822,-12.37499499320984,-6.938468456268311,5.436526536941528,-1.5,-12.375,-6.9375,5.4375
qwen25_7b,18,valenced_opposite::affective::017,valenced_opposite,affective,valenced,opposite,-0.2,preference_control,6.625,-10.0,6.622939109802246,-9.999951720237732,6.622939109802246,-9.999951720237732,-1.688506305217743,8.311445415019989,6.625,-10.0,-1.6875,8.3125
qwen25_7b,18,valenced_opposite::affective::017,valenced_opposite,affective,valenced,opposite,0.0,preference_control,12.375,-7.0,12.374356150627136,-6.999086141586304,12.374356150627136,-6.999086141586304,2.6876350045204163,9.68672114610672,12.375,-7.0,2.6875,9.6875
qwen25_7b,18,valenced_opposite::affective::017,valenced_opposite,affective,valenced,opposite,0.2,preference_control,16.25,-2.0,16.249282121658325,-1.9980473518371584,16.249282121658325,-1.9980473518371584,7.125617384910584,9.123664736747742,16.25,-2.0,7.125,9.125
qwen25_7b,18,valenced_opposite::affective::017,valenced_opposite,affective,valenced,opposite,0.4,preference_control,20.25,1.875,20.249507546424866,1.8720701932907104,20.249507546424866,1.8720701932907104,11.060788869857788,9.188718676567078,20.25,1.875,11.0625,9.1875
qwen25_7b,18,valenced_opposite::affective::017,valenced_opposite,affective,valenced,opposite,0.6,preference_control,23.625,3.625,23.624626398086548,3.628784656524658,23.624626398086548,3.628784656524658,13.626705527305605,9.997920870780945,23.625,3.625,13.625,10.0
qwen25_7b,18,valenced_opposite::affective::017,valenced_opposite,affective,valenced,opposite,0.8,preference_control,25.5625,3.625,25.624695658683777,3.628662586212158,25.624695658683777,3.628662586212158,14.626679122447968,10.99801653623581,25.5625,3.625,14.59375,10.96875
qwen25_7b,18,valenced_opposite::affective::017,valenced_opposite,affective,valenced,opposite,1.0,preference_control,26.25,2.375,26.249842643737797,2.378906846046448,26.249842643737797,2.378906846046448,14.31437474489212,11.935467898845673,26.25,2.375,14.3125,11.9375
qwen25_7b,18,valenced_opposite::affective::018,valenced_opposite,affective,valenced,opposite,-1.0,preference_control,-6.375,-14.375,-6.372400879859924,-14.3732488155365,-6.372400879859924,-14.3732488155365,-10.372824847698212,4.000423967838287,-6.375,-14.375,-10.375,4.0
qwen25_7b,18,valenced_opposite::affective::018,valenced_opposite,affective,valenced,opposite,-0.8,preference_control,-5.625,-15.375,-5.6208460330963135,-15.373687028884888,-5.6208460330963135,-15.373687028884888,-10.4972665309906,4.876420497894287,-5.625,-15.375,-10.5,4.875
qwen25_7b,18,valenced_opposite::affective::018,valenced_opposite,affective,valenced,opposite,-0.6,preference_control,-4.25,-15.625,-4.235409736633301,-15.623985171318054,-4.235409736633301,-15.623985171318054,-9.929697453975676,5.694287717342377,-4.25,-15.625,-9.9375,5.6875
qwen25_7b,18,valenced_opposite::affective::018,valenced_opposite,affective,valenced,opposite,-0.4,preference_control,-2.125,-15.75,-2.121091604232788,-15.748998403549194,-2.121091604232788,-15.748998403549194,-8.935045003890991,6.813953399658203,-2.125,-15.75,-8.9375,6.8125
qwen25_7b,18,valenced_opposite::affective::018,valenced_opposite,affective,valenced,opposite,-0.2,preference_control,3.25,-15.25,3.2429213523864746,-15.24910056591034,3.2429213523864746,-15.24910056591034,-6.003089606761932,9.246010959148409,3.25,-15.25,-6.0,9.25
qwen25_7b,18,valenced_opposite::affective::018,valenced_opposite,affective,valenced,opposite,0.0,preference_control,10.875,-13.125,10.874879121780396,-13.124163389205933,10.874879121780396,-13.124163389205933,-1.1246421337127686,11.999521255493164,10.875,-13.125,-1.125,12.0
qwen25_7b,18,valenced_opposite::affective::018,valenced_opposite,affective,valenced,opposite,0.2,preference_control,17.375,-9.875,17.374962091445923,-9.87453293800354,17.374962091445923,-9.87453293800354,3.750214576721192,13.624747514724731,17.375,-9.875,3.75,13.625
qwen25_7b,18,valenced_opposite::affective::018,valenced_opposite,affective,valenced,opposite,0.4,preference_control,20.0,-7.625,19.999974846839905,-7.624071836471558,19.999974846839905,-7.624071836471558,6.187951505184174,13.812023341655731,20.0,-7.625,6.1875,13.8125
qwen25_7b,18,valenced_opposite::affective::018,valenced_opposite,affective,valenced,opposite,0.6,preference_control,21.125,-5.875,21.124977111816406,-5.871652245521545,21.124977111816406,-5.871652245521545,7.62666243314743,13.498314678668976,21.125,-5.875,7.625,13.5
qwen25_7b,18,valenced_opposite::affective::018,valenced_opposite,affective,valenced,opposite,0.8,preference_control,21.3125,-2.625,21.37497878074646,-2.632292151451111,21.37497878074646,-2.632292151451111,9.371343314647676,12.003635466098784,21.3125,-2.625,9.34375,11.96875
qwen25_7b,18,valenced_opposite::affective::018,valenced_opposite,affective,valenced,opposite,1.0,preference_control,20.125,0.5,20.12501037120819,0.4981222152709961,20.12501037120819,0.4981222152709961,10.311566293239594,9.813444077968596,20.125,0.5,10.3125,9.8125
qwen25_7b,18,valenced_opposite::affective::019,valenced_opposite,affective,valenced,opposite,-1.0,preference_control,-5.25,-10.375,-5.241094708442688,-10.373763799667358,-5.241094708442688,-10.373763799667358,-7.807429254055023,2.566334545612335,-5.25,-10.375,-7.8125,2.5625
qwen25_7b,18,valenced_opposite::affective::019,valenced_opposite,affective,valenced,opposite,-0.8,preference_control,-4.875,-11.375,-4.864749431610107,-11.375076174736025,-4.864749431610107,-11.375076174736025,-8.119912803173065,3.2551633715629578,-4.875,-11.375,-8.125,3.25
qwen25_7b,18,valenced_opposite::affective::019,valenced_opposite,affective,valenced,opposite,-0.6,preference_control,-3.75,-11.5,-3.755303859710693,-11.500192642211914,-3.755303859710693,-11.500192642211914,-7.627748250961304,3.8724443912506095,-3.75,-11.5,-7.625,3.875
qwen25_7b,18,valenced_opposite::affective::019,valenced_opposite,affective,valenced,opposite,-0.4,preference_control,0.125,-10.875,0.126190185546875,-10.875112533569336,0.126190185546875,-10.875112533569336,-5.374461174011231,5.5006513595581055,0.125,-10.875,-5.375,5.5
qwen25_7b,18,valenced_opposite::affective::019,valenced_opposite,affective,valenced,opposite,-0.2,preference_control,5.75,-9.75,5.747642636299133,-9.749029159545898,5.747642636299133,-9.749029159545898,-2.0006932616233826,7.748335897922516,5.75,-9.75,-2.0,7.75
qwen25_7b,18,valenced_opposite::affective::019,valenced_opposite,affective,valenced,opposite,0.0,preference_control,10.0,-7.5,10.000672459602356,-7.497992277145386,10.000672459602356,-7.497992277145386,1.251340091228485,8.74933236837387,10.0,-7.5,1.25,8.75
qwen25_7b,18,valenced_opposite::affective::019,valenced_opposite,affective,valenced,opposite,0.2,preference_control,12.625,-3.375,12.62580680847168,-3.371063351631165,12.62580680847168,-3.371063351631165,4.627371728420258,7.998435080051422,12.625,-3.375,4.625,8.0
qwen25_7b,18,valenced_opposite::affective::019,valenced_opposite,affective,valenced,opposite,0.4,preference_control,14.375,0.5,14.375969886779783,0.5012054443359375,14.375969886779783,0.5012054443359375,7.438587665557861,6.937382221221924,14.375,0.5,7.4375,6.9375
qwen25_7b,18,valenced_opposite::affective::019,valenced_opposite,affective,valenced,opposite,0.6,preference_control,15.875,4.625,15.876285552978516,4.6199951171875,15.876285552978516,4.6199951171875,10.248140335083008,5.628145217895508,15.875,4.625,10.25,5.625
qwen25_7b,18,valenced_opposite::affective::019,valenced_opposite,affective,valenced,opposite,0.8,preference_control,17.125,6.75,17.12670910358429,6.756683349609375,17.12670910358429,6.756683349609375,11.941696226596832,5.185012876987457,17.125,6.75,11.9375,5.1875
qwen25_7b,18,valenced_opposite::affective::019,valenced_opposite,affective,valenced,opposite,1.0,preference_control,18.5625,7.0,18.62960088253021,7.011375427246094,18.62960088253021,7.011375427246094,12.820488154888151,5.809112727642059,18.5625,7.0,12.78125,5.78125
qwen25_7b,18,valenced_opposite::deontic::000,valenced_opposite,deontic,valenced,opposite,-1.0,preference_control,-7.375,-4.625,-7.367453098297119,-4.620500922203064,-7.367453098297119,-4.620500922203064,-5.993977010250092,-1.3734760880470276,-7.375,-4.625,-6.0,-1.375
qwen25_7b,18,valenced_opposite::deontic::000,valenced_opposite,deontic,valenced,opposite,-0.8,preference_control,-6.875,-4.625,-6.886921763420105,-4.610664486885071,-6.886921763420105,-4.610664486885071,-5.748793125152588,-1.138128638267517,-6.875,-4.625,-5.75,-1.125
qwen25_7b,18,valenced_opposite::deontic::000,valenced_opposite,deontic,valenced,opposite,-0.6,preference_control,-6.125,-4.25,-6.111469268798828,-4.240760803222656,-6.111469268798828,-4.240760803222656,-5.176115036010742,-0.935354232788086,-6.125,-4.25,-5.1875,-0.9375
qwen25_7b,18,valenced_opposite::deontic::000,valenced_opposite,deontic,valenced,opposite,-0.4,preference_control,-5.0,-3.75,-4.992270708084106,-3.7480666637420654,-4.992270708084106,-3.7480666637420654,-4.370168685913086,-0.6221020221710205,-5.0,-3.75,-4.375,-0.625
qwen25_7b,18,valenced_opposite::deontic::000,valenced_opposite,deontic,valenced,opposite,-0.2,preference_control,-3.75,-3.0,-3.734412431716919,-3.0029412508010864,-3.734412431716919,-3.0029412508010864,-3.3686768412590027,-0.3657355904579162,-3.75,-3.0,-3.375,-0.375
qwen25_7b,18,valenced_opposite::deontic::000,valenced_opposite,deontic,valenced,opposite,0.0,preference_control,-1.625,-1.875,-1.6211113929748535,-1.8681713342666624,-1.6211113929748535,-1.8681713342666624,-1.744641363620758,0.1235299706459045,-1.625,-1.875,-1.75,0.125
qwen25_7b,18,valenced_opposite::deontic::000,valenced_opposite,deontic,valenced,opposite,0.2,preference_control,3.875,0.375,3.8688942193984985,0.3749980926513672,3.8688942193984985,0.3749980926513672,2.121946156024933,1.7469480633735657,3.875,0.375,2.125,1.75
qwen25_7b,18,valenced_opposite::deontic::000,valenced_opposite,deontic,valenced,opposite,0.4,preference_control,9.875,2.375,9.874764680862429,2.377440810203552,9.874764680862429,2.377440810203552,6.1261027455329895,3.748661935329437,9.875,2.375,6.125,3.75
qwen25_7b,18,valenced_opposite::deontic::000,valenced_opposite,deontic,valenced,opposite,0.6,preference_control,15.875,5.75,15.874998211860657,5.746719002723694,15.874998211860657,5.746719002723694,10.810858607292175,5.0641396045684814,15.875,5.75,10.8125,5.0625
qwen25_7b,18,valenced_opposite::deontic::000,valenced_opposite,deontic,valenced,opposite,0.8,preference_control,20.375,10.25,20.374999403953552,10.249963521957396,20.374999403953552,10.249963521957396,15.312481462955477,5.062517940998077,20.375,10.25,15.3125,5.0625
qwen25_7b,18,valenced_opposite::deontic::000,valenced_opposite,deontic,valenced,opposite,1.0,preference_control,22.5625,12.625,22.499999403953552,12.624996542930605,22.499999403953552,12.624996542930605,17.562497973442078,4.937501430511475,22.5625,12.625,17.59375,4.96875
qwen25_7b,18,valenced_opposite::deontic::001,valenced_opposite,deontic,valenced,opposite,-1.0,preference_control,-8.625,-9.375,-8.624794363975525,-9.374900937080383,-8.624794363975525,-9.374900937080383,-8.999847650527954,0.3750532865524292,-8.625,-9.375,-9.0,0.375
qwen25_7b,18,valenced_opposite::deontic::001,valenced_opposite,deontic,valenced,opposite,-0.8,preference_control,-9.0,-10.25,-8.999856114387512,-10.249953508377075,-8.999856114387512,-10.249953508377075,-9.624904811382294,0.6250486969947815,-9.0,-10.25,-9.625,0.625
qwen25_7b,18,valenced_opposite::deontic::001,valenced_opposite,deontic,valenced,opposite,-0.6,preference_control,-9.125,-10.75,-9.124869465827942,-10.749967694282532,-9.124869465827942,-10.749967694282532,-9.937418580055237,0.8125491142272949,-9.125,-10.75,-9.9375,0.8125
qwen25_7b,18,valenced_opposite::deontic::001,valenced_opposite,deontic,valenced,opposite,-0.4,preference_control,-9.25,-10.625,-9.249885201454164,-10.62496292591095,-9.249885201454164,-10.62496292591095,-9.937424063682556,0.6875388622283936,-9.25,-10.625,-9.9375,0.6875
qwen25_7b,18,valenced_opposite::deontic::001,valenced_opposite,deontic,valenced,opposite,-0.2,preference_control,-8.125,-9.25,-8.12467646598816,-9.249887704849243,-8.12467646598816,-9.249887704849243,-8.687282085418701,0.562605619430542,-8.125,-9.25,-8.6875,0.5625
qwen25_7b,18,valenced_opposite::deontic::001,valenced_opposite,deontic,valenced,opposite,0.0,preference_control,-4.375,-7.125,-4.362408518791199,-7.124177694320679,-4.362408518791199,-7.124177694320679,-5.743293106555939,1.38088458776474,-4.375,-7.125,-5.75,1.375
qwen25_7b,18,valenced_opposite::deontic::001,valenced_opposite,deontic,valenced,opposite,0.2,preference_control,5.5,-3.75,5.4957358837127686,-3.742302775382996,5.4957358837127686,-3.742302775382996,0.8767165541648865,4.619019329547882,5.5,-3.75,0.875,4.625
qwen25_7b,18,valenced_opposite::deontic::001,valenced_opposite,deontic,valenced,opposite,0.4,preference_control,11.5,-1.25,11.499936938285828,-1.2480437755584717,11.499936938285828,-1.2480437755584717,5.125946581363678,6.37399035692215,11.5,-1.25,5.125,6.375
qwen25_7b,18,valenced_opposite::deontic::001,valenced_opposite,deontic,valenced,opposite,0.6,preference_control,15.5,2.75,15.499961972236632,2.7504897117614746,15.499961972236632,2.7504897117614746,9.125225841999054,6.374736130237579,15.5,2.75,9.125,6.375
qwen25_7b,18,valenced_opposite::deontic::001,valenced_opposite,deontic,valenced,opposite,0.8,preference_control,19.375,6.0,19.37496030330658,5.997406840324402,19.37496030330658,5.997406840324402,12.68618357181549,6.688776731491089,19.375,6.0,12.6875,6.6875
qwen25_7b,18,valenced_opposite::deontic::001,valenced_opposite,deontic,valenced,opposite,1.0,preference_control,22.25,7.25,22.24995970726013,7.249169588088989,22.24995970726013,7.249169588088989,14.74956464767456,7.500395059585571,22.25,7.25,14.75,7.5
qwen25_7b,18,valenced_opposite::deontic::002,valenced_opposite,deontic,valenced,opposite,-1.0,preference_control,-10.875,-7.625,-10.873807430267334,-7.615200757980347,-10.873807430267334,-7.615200757980347,-9.24450409412384,-1.6293033361434937,-10.875,-7.625,-9.25,-1.625
qwen25_7b,18,valenced_opposite::deontic::002,valenced_opposite,deontic,valenced,opposite,-0.8,preference_control,-10.25,-7.75,-10.24868631362915,-7.741418838500977,-10.24868631362915,-7.741418838500977,-8.995052576065063,-1.253633737564087,-10.25,-7.75,-9.0,-1.25
qwen25_7b,18,valenced_opposite::deontic::002,valenced_opposite,deontic,valenced,opposite,-0.6,preference_control,-9.375,-7.875,-9.373308658599854,-7.866487860679626,-9.373308658599854,-7.866487860679626,-8.61989825963974,-0.7534103989601135,-9.375,-7.875,-8.625,-0.75
qwen25_7b,18,valenced_opposite::deontic::002,valenced_opposite,deontic,valenced,opposite,-0.4,preference_control,-7.375,-7.625,-7.371823310852051,-7.616069436073303,-7.371823310852051,-7.616069436073303,-7.493946373462677,0.1221230626106262,-7.375,-7.625,-7.5,0.125
qwen25_7b,18,valenced_opposite::deontic::002,valenced_opposite,deontic,valenced,opposite,-0.2,preference_control,-3.375,-6.875,-3.379628896713257,-6.863261461257935,-3.379628896713257,-6.863261461257935,-5.121445178985596,1.7418162822723389,-3.375,-6.875,-5.125,1.75
qwen25_7b,18,valenced_opposite::deontic::002,valenced_opposite,deontic,valenced,opposite,0.0,preference_control,3.375,-5.25,3.380378484725952,-5.235338807106018,3.380378484725952,-5.235338807106018,-0.927480161190033,4.307858645915985,3.375,-5.25,-0.9375,4.3125
qwen25_7b,18,valenced_opposite::deontic::002,valenced_opposite,deontic,valenced,opposite,0.2,preference_control,12.375,-2.375,12.37493360042572,-2.374503016471863,12.37493360042572,-2.374503016471863,5.000215291976929,7.374718308448791,12.375,-2.375,5.0,7.375
qwen25_7b,18,valenced_opposite::deontic::002,valenced_opposite,deontic,valenced,opposite,0.4,preference_control,15.0,-0.25,14.999992966651917,-0.249994158744812,14.999992966651917,-0.249994158744812,7.374999403953552,7.624993562698364,15.0,-0.25,7.375,7.625
qwen25_7b,18,valenced_opposite::deontic::002,valenced_opposite,deontic,valenced,opposite,0.6,preference_control,16.375,1.625,16.374995946884155,1.6240264177322388,16.374995946884155,1.6240264177322388,8.999511182308197,7.375484764575958,16.375,1.625,9.0,7.375
qwen25_7b,18,valenced_opposite::deontic::002,valenced_opposite,deontic,valenced,opposite,0.8,preference_control,18.875,4.25,18.87499713897705,4.235658049583435,18.87499713897705,4.235658049583435,11.555327594280245,7.319669544696808,18.875,4.25,11.5625,7.3125
qwen25_7b,18,valenced_opposite::deontic::002,valenced_opposite,deontic,valenced,opposite,1.0,preference_control,22.125,7.25,22.12499797344208,7.249268412590027,22.12499797344208,7.249268412590027,14.687133193016052,7.437864780426025,22.125,7.25,14.6875,7.4375
qwen25_7b,18,valenced_opposite::deontic::003,valenced_opposite,deontic,valenced,opposite,-1.0,preference_control,-7.375,-5.5,-7.373123168945312,-5.494842529296875,-7.373123168945312,-5.494842529296875,-6.433982849121094,-0.9391403198242188,-7.375,-5.5,-6.4375,-0.9375
qwen25_7b,18,valenced_opposite::deontic::003,valenced_opposite,deontic,valenced,opposite,-0.8,preference_control,-7.125,-5.875,-7.122970581054688,-5.8711700439453125,-7.122970581054688,-5.8711700439453125,-6.4970703125,-0.6259002685546875,-7.125,-5.875,-6.5,-0.625
qwen25_7b,18,valenced_opposite::deontic::003,valenced_opposite,deontic,valenced,opposite,-0.6,preference_control,-6.875,-5.875,-6.8727569580078125,-5.871063232421875,-6.8727569580078125,-5.871063232421875,-6.371910095214844,-0.5008468627929688,-6.875,-5.875,-6.375,-0.5
qwen25_7b,18,valenced_opposite::deontic::003,valenced_opposite,deontic,valenced,opposite,-0.4,preference_control,-6.75,-6.0,-6.747467041015625,-5.99603271484375,-6.747467041015625,-5.99603271484375,-6.371749877929688,-0.3757171630859375,-6.75,-6.0,-6.375,-0.375
qwen25_7b,18,valenced_opposite::deontic::003,valenced_opposite,deontic,valenced,opposite,-0.2,preference_control,-6.125,-5.875,-6.121246337890625,-5.87005615234375,-6.121246337890625,-5.87005615234375,-5.995651245117188,-0.1255950927734375,-6.125,-5.875,-6.0,-0.125
qwen25_7b,18,valenced_opposite::deontic::003,valenced_opposite,deontic,valenced,opposite,0.0,preference_control,-4.25,-4.75,-4.264892578125,-4.73907470703125,-4.264892578125,-4.73907470703125,-4.501983642578125,0.237091064453125,-4.25,-4.75,-4.5,0.25
qwen25_7b,18,valenced_opposite::deontic::003,valenced_opposite,deontic,valenced,opposite,0.2,preference_control,1.75,-0.875,1.751953125,-0.876953125,1.751953125,-0.876953125,0.4375,1.314453125,1.75,-0.875,0.4375,1.3125
qwen25_7b,18,valenced_opposite::deontic::003,valenced_opposite,deontic,valenced,opposite,0.4,preference_control,6.75,2.75,6.7486572265625,2.750244140625,6.7486572265625,2.750244140625,4.74945068359375,1.99920654296875,6.75,2.75,4.75,2.0
qwen25_7b,18,valenced_opposite::deontic::003,valenced_opposite,deontic,valenced,opposite,0.6,preference_control,8.875,5.0,8.874748229980469,4.9931640625,8.874748229980469,4.9931640625,6.933956146240234,1.9407920837402344,8.875,5.0,6.9375,1.9375
qwen25_7b,18,valenced_opposite::deontic::003,valenced_opposite,deontic,valenced,opposite,0.8,preference_control,11.0,7.75,10.999885559082031,7.749488830566406,10.999885559082031,7.749488830566406,9.37468719482422,1.6251983642578125,11.0,7.75,9.375,1.625
qwen25_7b,18,valenced_opposite::deontic::003,valenced_opposite,deontic,valenced,opposite,1.0,preference_control,13.0,9.75,12.999887466430664,9.749871253967283,12.999887466430664,9.749871253967283,11.374879360198976,1.6250081062316897,13.0,9.75,11.375,1.625
qwen25_7b,18,valenced_opposite::deontic::004,valenced_opposite,deontic,valenced,opposite,-1.0,preference_control,-10.125,-5.25,-10.124921798706056,-5.244684219360352,-10.124921798706056,-5.244684219360352,-7.684803009033203,-2.440118789672852,-10.125,-5.25,-7.6875,-2.4375
qwen25_7b,18,valenced_opposite::deontic::004,valenced_opposite,deontic,valenced,opposite,-0.8,preference_control,-10.625,-6.5,-10.624929904937744,-6.498420715332031,-10.624929904937744,-6.498420715332031,-8.561675310134888,-2.0632545948028564,-10.625,-6.5,-8.5625,-2.0625
qwen25_7b,18,valenced_opposite::deontic::004,valenced_opposite,deontic,valenced,opposite,-0.6,preference_control,-10.875,-8.0,-10.874916195869446,-7.999555587768555,-10.874916195869446,-7.999555587768555,-9.437235891819,-1.4376803040504456,-10.875,-8.0,-9.4375,-1.4375
qwen25_7b,18,valenced_opposite::deontic::004,valenced_opposite,deontic,valenced,opposite,-0.4,preference_control,-10.375,-9.25,-10.374863028526306,-9.249754905700684,-10.374863028526306,-9.249754905700684,-9.812308967113497,-0.5625540614128113,-10.375,-9.25,-9.8125,-0.5625
qwen25_7b,18,valenced_opposite::deontic::004,valenced_opposite,deontic,valenced,opposite,-0.2,preference_control,-9.75,-9.5,-9.74981164932251,-9.499722003936768,-9.74981164932251,-9.499722003936768,-9.62476682662964,-0.1250448226928711,-9.75,-9.5,-9.625,-0.125
qwen25_7b,18,valenced_opposite::deontic::004,valenced_opposite,deontic,valenced,opposite,0.0,preference_control,-7.25,-7.25,-7.249116897583008,-7.249057769775391,-7.249116897583008,-7.249057769775391,-7.249087333679199,-2.956390380859375e-05,-7.25,-7.25,-7.25,0.0
qwen25_7b,18,valenced_opposite::deontic::004,valenced_opposite,deontic,valenced,opposite,0.2,preference_control,1.25,-0.625,1.2481756210327148,-0.6248712539672852,1.2481756210327148,-0.6248712539672852,0.3116521835327148,0.9365234375,1.25,-0.625,0.3125,0.9375
qwen25_7b,18,valenced_opposite::deontic::004,valenced_opposite,deontic,valenced,opposite,0.4,preference_control,9.0,4.0,8.999916553497314,4.01305103302002,8.999916553497314,4.01305103302002,6.506483793258667,2.4934327602386475,9.0,4.0,6.5,2.5
qwen25_7b,18,valenced_opposite::deontic::004,valenced_opposite,deontic,valenced,opposite,0.6,preference_control,13.5,7.375,13.50003719329834,7.374414443969727,13.50003719329834,7.374414443969727,10.437225818634031,3.062811374664306,13.5,7.375,10.4375,3.0625
qwen25_7b,18,valenced_opposite::deontic::004,valenced_opposite,deontic,valenced,opposite,0.8,preference_control,16.625,9.25,16.62512969970703,9.250019073486328,16.62512969970703,9.250019073486328,12.93757438659668,3.687555313110352,16.625,9.25,12.9375,3.6875
qwen25_7b,18,valenced_opposite::deontic::004,valenced_opposite,deontic,valenced,opposite,1.0,preference_control,18.625,7.25,18.62524509429932,7.249488830566406,18.62524509429932,7.249488830566406,12.93736696243286,5.687878131866455,18.625,7.25,12.9375,5.6875
qwen25_7b,18,valenced_opposite::deontic::005,valenced_opposite,deontic,valenced,opposite,-1.0,preference_control,-17.0,-6.75,-17.00006413459778,-6.748875021934509,-17.00006413459778,-6.748875021934509,-11.874469578266144,-5.1255945563316345,-17.0,-6.75,-11.875,-5.125
qwen25_7b,18,valenced_opposite::deontic::005,valenced_opposite,deontic,valenced,opposite,-0.8,preference_control,-17.0,-6.5,-17.0001300573349,-6.498555064201355,-17.0001300573349,-6.498555064201355,-11.749342560768127,-5.2507874965667725,-17.0,-6.5,-11.75,-5.25
qwen25_7b,18,valenced_opposite::deontic::005,valenced_opposite,deontic,valenced,opposite,-0.6,preference_control,-16.75,-6.625,-16.75016498565674,-6.623729586601257,-16.75016498565674,-6.623729586601257,-11.686947286128998,-5.0632176995277405,-16.75,-6.625,-11.6875,-5.0625
qwen25_7b,18,valenced_opposite::deontic::005,valenced_opposite,deontic,valenced,opposite,-0.4,preference_control,-16.25,-5.5,-16.25022053718567,-5.4959681034088135,-16.25022053718567,-5.4959681034088135,-10.87309432029724,-5.377126216888428,-16.25,-5.5,-10.875,-5.375
qwen25_7b,18,valenced_opposite::deontic::005,valenced_opposite,deontic,valenced,opposite,-0.2,preference_control,-14.125,-3.5,-14.12519145011902,-3.501518726348877,-14.12519145011902,-3.501518726348877,-8.813355088233948,-5.311836361885071,-14.125,-3.5,-8.8125,-5.3125
qwen25_7b,18,valenced_opposite::deontic::005,valenced_opposite,deontic,valenced,opposite,0.0,preference_control,-9.625,-0.75,-9.624982953071594,-0.7539355754852295,-9.624982953071594,-0.7539355754852295,-5.189459264278412,-4.435523688793182,-9.625,-0.75,-5.1875,-4.4375
qwen25_7b,18,valenced_opposite::deontic::005,valenced_opposite,deontic,valenced,opposite,0.2,preference_control,3.875,2.0,3.870117902755737,1.998048424720764,3.870117902755737,1.998048424720764,2.9340831637382507,0.9360347390174866,3.875,2.0,2.9375,0.9375
qwen25_7b,18,valenced_opposite::deontic::005,valenced_opposite,deontic,valenced,opposite,0.4,preference_control,12.625,4.0,12.62500298023224,4.013072967529297,12.62500298023224,4.013072967529297,8.319037973880768,4.305965006351471,12.625,4.0,8.3125,4.3125
qwen25_7b,18,valenced_opposite::deontic::005,valenced_opposite,deontic,valenced,opposite,0.6,preference_control,17.25,6.125,17.250009536743164,6.122835397720337,17.250009536743164,6.122835397720337,11.68642246723175,5.563587069511414,17.25,6.125,11.6875,5.5625
qwen25_7b,18,valenced_opposite::deontic::005,valenced_opposite,deontic,valenced,opposite,0.8,preference_control,20.0,7.75,20.000009536743164,7.74959659576416,20.000009536743164,7.74959659576416,13.874803066253662,6.125206470489502,20.0,7.75,13.875,6.125
qwen25_7b,18,valenced_opposite::deontic::005,valenced_opposite,deontic,valenced,opposite,1.0,preference_control,21.875,7.625,21.87501895427704,7.624595046043396,21.87501895427704,7.624595046043396,14.749807000160216,7.125211954116821,21.875,7.625,14.75,7.125
qwen25_7b,18,valenced_opposite::deontic::006,valenced_opposite,deontic,valenced,opposite,-1.0,preference_control,-7.5,-8.0,-7.499401569366455,-7.999091506004333,-7.499401569366455,-7.999091506004333,-7.749246537685394,0.2498449683189392,-7.5,-8.0,-7.75,0.25
qwen25_7b,18,valenced_opposite::deontic::006,valenced_opposite,deontic,valenced,opposite,-0.8,preference_control,-7.5,-8.5,-7.499435424804687,-8.499521613121033,-7.499435424804687,-8.499521613121033,-7.99947851896286,0.5000430941581726,-7.5,-8.5,-8.0,0.5
qwen25_7b,18,valenced_opposite::deontic::006,valenced_opposite,deontic,valenced,opposite,-0.6,preference_control,-7.0,-8.625,-6.999027252197266,-8.624622106552124,-6.999027252197266,-8.624622106552124,-7.811824679374695,0.8127974271774292,-7.0,-8.625,-7.8125,0.8125
qwen25_7b,18,valenced_opposite::deontic::006,valenced_opposite,deontic,valenced,opposite,-0.4,preference_control,-6.125,-8.75,-6.122685670852661,-8.749656677246094,-6.122685670852661,-8.749656677246094,-7.436171174049377,1.3134855031967163,-6.125,-8.75,-7.4375,1.3125
qwen25_7b,18,valenced_opposite::deontic::006,valenced_opposite,deontic,valenced,opposite,-0.2,preference_control,-3.875,-7.5,-3.869520664215088,-7.499104380607605,-3.869520664215088,-7.499104380607605,-5.684312522411346,1.8147918581962583,-3.875,-7.5,-5.6875,1.8125
qwen25_7b,18,valenced_opposite::deontic::006,valenced_opposite,deontic,valenced,opposite,0.0,preference_control,1.125,-4.875,1.1231844425201416,-4.866911053657532,1.1231844425201416,-4.866911053657532,-1.871863305568695,2.9950477480888367,1.125,-4.875,-1.875,3.0
qwen25_7b,18,valenced_opposite::deontic::006,valenced_opposite,deontic,valenced,opposite,0.2,preference_control,10.0,-0.625,9.999932050704956,-0.6249399185180664,9.999932050704956,-0.6249399185180664,4.687496066093445,5.312435984611511,10.0,-0.625,4.6875,5.3125
qwen25_7b,18,valenced_opposite::deontic::006,valenced_opposite,deontic,valenced,opposite,0.4,preference_control,13.0,0.75,12.999990344047546,0.7539522647857666,12.999990344047546,0.7539522647857666,6.8769713044166565,6.12301903963089,13.0,0.75,6.875,6.125
qwen25_7b,18,valenced_opposite::deontic::006,valenced_opposite,deontic,valenced,opposite,0.6,preference_control,15.25,1.875,15.250004768371582,1.8730831146240237,15.250004768371582,1.8730831146240237,8.561543941497803,6.688460826873779,15.25,1.875,8.5625,6.6875
qwen25_7b,18,valenced_opposite::deontic::006,valenced_opposite,deontic,valenced,opposite,0.8,preference_control,17.375,3.0,17.375022411346436,2.998330593109131,17.375022411346436,2.998330593109131,10.186676502227783,7.188345909118652,17.375,3.0,10.1875,7.1875
qwen25_7b,18,valenced_opposite::deontic::006,valenced_opposite,deontic,valenced,opposite,1.0,preference_control,19.125,3.0,19.12524032592773,2.9981203079223637,19.12524032592773,2.9981203079223637,11.061680316925049,8.063560009002686,19.125,3.0,11.0625,8.0625
qwen25_7b,18,valenced_opposite::deontic::007,valenced_opposite,deontic,valenced,opposite,-1.0,preference_control,-8.625,-9.75,-8.624250411987305,-9.74692726135254,-8.624250411987305,-9.74692726135254,-9.185588836669922,0.5613384246826172,-8.625,-9.75,-9.1875,0.5625
qwen25_7b,18,valenced_opposite::deontic::007,valenced_opposite,deontic,valenced,opposite,-0.8,preference_control,-8.875,-10.875,-8.874460935592651,-10.8726646900177,-8.874460935592651,-10.8726646900177,-9.873562812805176,0.9991018772125244,-8.875,-10.875,-9.875,1.0
qwen25_7b,18,valenced_opposite::deontic::007,valenced_opposite,deontic,valenced,opposite,-0.6,preference_control,-8.5,-11.75,-8.49941110610962,-11.74918568134308,-8.49941110610962,-11.74918568134308,-10.124298393726349,1.6248872876167295,-8.5,-11.75,-10.125,1.625
qwen25_7b,18,valenced_opposite::deontic::007,valenced_opposite,deontic,valenced,opposite,-0.4,preference_control,-7.25,-12.0,-7.24861478805542,-11.999616146087646,-7.24861478805542,-11.999616146087646,-9.624115467071531,2.3755006790161133,-7.25,-12.0,-9.625,2.375
qwen25_7b,18,valenced_opposite::deontic::007,valenced_opposite,deontic,valenced,opposite,-0.2,preference_control,-4.0,-11.125,-4.011298894882202,-11.124721765518188,-4.011298894882202,-11.124721765518188,-7.568010330200195,3.556711435317993,-4.0,-11.125,-7.5625,3.5625
qwen25_7b,18,valenced_opposite::deontic::007,valenced_opposite,deontic,valenced,opposite,0.0,preference_control,1.875,-6.75,1.87018620967865,-6.748516201972961,1.87018620967865,-6.748516201972961,-2.439164996147156,4.309351205825806,1.875,-6.75,-2.4375,4.3125
qwen25_7b,18,valenced_opposite::deontic::007,valenced_opposite,deontic,valenced,opposite,0.2,preference_control,12.25,0.625,12.249674797058104,0.6250090599060059,12.249674797058104,0.6250090599060059,6.437341928482056,5.81233286857605,12.25,0.625,6.4375,5.8125
qwen25_7b,18,valenced_opposite::deontic::007,valenced_opposite,deontic,valenced,opposite,0.4,preference_control,17.0,6.0,17.000008583068848,5.997122406959534,17.000008583068848,5.997122406959534,11.49856549501419,5.501443088054657,17.0,6.0,11.5,5.5
qwen25_7b,18,valenced_opposite::deontic::007,valenced_opposite,deontic,valenced,opposite,0.6,preference_control,19.375,8.375,19.37525010108948,8.374515295028687,19.37525010108948,8.374515295028687,13.874882698059082,5.500367403030396,19.375,8.375,13.875,5.5
qwen25_7b,18,valenced_opposite::deontic::007,valenced_opposite,deontic,valenced,opposite,0.8,preference_control,20.75,9.875,20.750348329544067,9.874643564224243,20.750348329544067,9.874643564224243,15.312495946884155,5.437852382659912,20.75,9.875,15.3125,5.4375
qwen25_7b,18,valenced_opposite::deontic::007,valenced_opposite,deontic,valenced,opposite,1.0,preference_control,21.75,10.25,21.74996769428253,10.249351263046265,21.74996769428253,10.249351263046265,15.999659478664398,5.7503082156181335,21.75,10.25,16.0,5.75
qwen25_7b,18,valenced_opposite::deontic::008,valenced_opposite,deontic,valenced,opposite,-1.0,preference_control,-2.875,-10.75,-2.878540277481079,-10.74986457824707,-2.878540277481079,-10.74986457824707,-6.814202427864075,3.935662150382996,-2.875,-10.75,-6.8125,3.9375
qwen25_7b,18,valenced_opposite::deontic::008,valenced_opposite,deontic,valenced,opposite,-0.8,preference_control,-2.625,-11.25,-2.626209020614624,-11.250077247619627,-2.626209020614624,-11.250077247619627,-6.938143134117127,4.311934113502502,-2.625,-11.25,-6.9375,4.3125
qwen25_7b,18,valenced_opposite::deontic::008,valenced_opposite,deontic,valenced,opposite,-0.6,preference_control,-1.875,-11.875,-1.8773009777069087,-11.875201225280762,-1.8773009777069087,-11.875201225280762,-6.8762511014938354,4.998950123786926,-1.875,-11.875,-6.875,5.0
qwen25_7b,18,valenced_opposite::deontic::008,valenced_opposite,deontic,valenced,opposite,-0.4,preference_control,0.875,-11.25,0.8744795322418213,-11.250274181365969,0.8744795322418213,-11.250274181365969,-5.187897324562073,6.062376856803894,0.875,-11.25,-5.1875,6.0625
qwen25_7b,18,valenced_opposite::deontic::008,valenced_opposite,deontic,valenced,opposite,-0.2,preference_control,6.5,-10.125,6.497612476348877,-10.125521659851074,6.497612476348877,-10.125521659851074,-1.8139545917510984,8.311567068099976,6.5,-10.125,-1.8125,8.3125
qwen25_7b,18,valenced_opposite::deontic::008,valenced_opposite,deontic,valenced,opposite,0.0,preference_control,14.625,-7.125,14.624720096588137,-7.1246418952941895,14.624720096588137,-7.1246418952941895,3.7500391006469727,10.874680995941162,14.625,-7.125,3.75,10.875
qwen25_7b,18,valenced_opposite::deontic::008,valenced_opposite,deontic,valenced,opposite,0.2,preference_control,21.75,-2.625,21.749932885169983,-2.633451461791992,21.749932885169983,-2.633451461791992,9.558240711688995,12.191692173480988,21.75,-2.625,9.5625,12.1875
qwen25_7b,18,valenced_opposite::deontic::008,valenced_opposite,deontic,valenced,opposite,0.4,preference_control,25.5625,-0.5,25.500030994415283,-0.498392105102539,25.500030994415283,-0.498392105102539,12.500819444656372,12.999211549758911,25.5625,-0.5,12.53125,13.03125
qwen25_7b,18,valenced_opposite::deontic::008,valenced_opposite,deontic,valenced,opposite,0.6,preference_control,28.125,1.625,28.12511444091797,1.6248493194580078,28.12511444091797,1.6248493194580078,14.874981880187988,13.25013256072998,28.125,1.625,14.875,13.25
qwen25_7b,18,valenced_opposite::deontic::008,valenced_opposite,deontic,valenced,opposite,0.8,preference_control,29.75,3.0,29.75032651424408,2.998838424682617,29.75032651424408,2.998838424682617,16.37458246946335,13.375744044780731,29.75,3.0,16.375,13.375
qwen25_7b,18,valenced_opposite::deontic::008,valenced_opposite,deontic,valenced,opposite,1.0,preference_control,30.1875,2.125,30.25082838535309,2.12483024597168,30.25082838535309,2.12483024597168,16.187829315662384,14.062999069690704,30.1875,2.125,16.15625,14.03125
qwen25_7b,18,valenced_opposite::deontic::009,valenced_opposite,deontic,valenced,opposite,-1.0,preference_control,-7.25,-12.5,-7.2516350746154785,-12.50715684890747,-7.2516350746154785,-12.50715684890747,-9.879395961761476,2.627760887145996,-7.25,-12.5,-9.875,2.625
qwen25_7b,18,valenced_opposite::deontic::009,valenced_opposite,deontic,valenced,opposite,-0.8,preference_control,-8.0,-14.375,-8.001495242118835,-14.37875235080719,-8.001495242118835,-14.37875235080719,-11.190123796463013,3.188628554344177,-8.0,-14.375,-11.1875,3.1875
qwen25_7b,18,valenced_opposite::deontic::009,valenced_opposite,deontic,valenced,opposite,-0.6,preference_control,-8.125,-15.875,-8.126211285591125,-15.876973986625671,-8.126211285591125,-15.876973986625671,-12.001592636108398,3.875381350517273,-8.125,-15.875,-12.0,3.875
qwen25_7b,18,valenced_opposite::deontic::009,valenced_opposite,deontic,valenced,opposite,-0.4,preference_control,-8.375,-15.75,-8.376311302185059,-15.75149929523468,-8.376311302185059,-15.75149929523468,-12.06390529870987,3.687593996524811,-8.375,-15.75,-12.0625,3.6875
qwen25_7b,18,valenced_opposite::deontic::009,valenced_opposite,deontic,valenced,opposite,-0.2,preference_control,-6.75,-14.625,-6.74998950958252,-14.626317024230955,-6.74998950958252,-14.626317024230955,-10.688153266906738,3.9381637573242183,-6.75,-14.625,-10.6875,3.9375
qwen25_7b,18,valenced_opposite::deontic::009,valenced_opposite,deontic,valenced,opposite,0.0,preference_control,-1.875,-11.75,-1.8739516735076904,-11.75087344646454,-1.8739516735076904,-11.75087344646454,-6.8124125599861145,4.938460886478424,-1.875,-11.75,-6.8125,4.9375
qwen25_7b,18,valenced_opposite::deontic::009,valenced_opposite,deontic,valenced,opposite,0.2,preference_control,9.125,-4.875,9.12476682662964,-4.867437720298767,9.12476682662964,-4.867437720298767,2.128664553165436,6.996102273464203,9.125,-4.875,2.125,7.0
qwen25_7b,18,valenced_opposite::deontic::009,valenced_opposite,deontic,valenced,opposite,0.4,preference_control,13.25,1.25,13.249914646148682,1.2480043172836304,13.249914646148682,1.2480043172836304,7.248959481716156,6.000955164432526,13.25,1.25,7.25,6.0
qwen25_7b,18,valenced_opposite::deontic::009,valenced_opposite,deontic,valenced,opposite,0.6,preference_control,15.0,10.375,14.999859929084778,10.3749258518219,14.999859929084778,10.3749258518219,12.68739289045334,2.312467038631439,15.0,10.375,12.6875,2.3125
qwen25_7b,18,valenced_opposite::deontic::009,valenced_opposite,deontic,valenced,opposite,0.8,preference_control,16.875,15.25,16.87479853630066,15.250221967697144,16.87479853630066,15.250221967697144,16.0625102519989,0.8122882843017578,16.875,15.25,16.0625,0.8125
qwen25_7b,18,valenced_opposite::deontic::009,valenced_opposite,deontic,valenced,opposite,1.0,preference_control,20.375,16.5,20.375159859657288,16.57512903213501,20.375159859657288,16.57512903213501,18.47514444589615,1.900015413761139,20.375,16.5,18.4375,1.9375
qwen25_7b,18,valenced_opposite::deontic::010,valenced_opposite,deontic,valenced,opposite,-1.0,preference_control,-5.875,-8.0,-5.872114539146423,-7.999494910240173,-5.872114539146423,-7.999494910240173,-6.935804724693298,1.063690185546875,-5.875,-8.0,-6.9375,1.0625
qwen25_7b,18,valenced_opposite::deontic::010,valenced_opposite,deontic,valenced,opposite,-0.8,preference_control,-5.125,-8.5,-5.119017720222473,-8.499711394309998,-5.119017720222473,-8.499711394309998,-6.809364557266235,1.6903468370437622,-5.125,-8.5,-6.8125,1.6875
qwen25_7b,18,valenced_opposite::deontic::010,valenced_opposite,deontic,valenced,opposite,-0.6,preference_control,-3.75,-9.0,-3.742308974266052,-8.999829888343811,-3.742308974266052,-8.999829888343811,-6.371069431304932,2.6287604570388794,-3.75,-9.0,-6.375,2.625
qwen25_7b,18,valenced_opposite::deontic::010,valenced_opposite,deontic,valenced,opposite,-0.4,preference_control,-0.25,-8.75,-0.2499996423721313,-8.749818563461304,-0.2499996423721313,-8.749818563461304,-4.4999091029167175,4.249909460544586,-0.25,-8.75,-4.5,4.25
qwen25_7b,18,valenced_opposite::deontic::010,valenced_opposite,deontic,valenced,opposite,-0.2,preference_control,5.125,-7.125,5.119049429893494,-7.124179720878601,5.119049429893494,-7.124179720878601,-1.0025651454925537,6.121614575386047,5.125,-7.125,-1.0,6.125
qwen25_7b,18,valenced_opposite::deontic::010,valenced_opposite,deontic,valenced,opposite,0.0,preference_control,10.625,-4.75,10.624969124794006,-4.7413939237594604,10.624969124794006,-4.7413939237594604,2.941787600517273,7.683181524276733,10.625,-4.75,2.9375,7.6875
qwen25_7b,18,valenced_opposite::deontic::010,valenced_opposite,deontic,valenced,opposite,0.2,preference_control,16.125,-2.25,16.12500035762787,-2.2436522245407104,16.12500035762787,-2.2436522245407104,6.940674066543579,9.18432629108429,16.125,-2.25,6.9375,9.1875
qwen25_7b,18,valenced_opposite::deontic::010,valenced_opposite,deontic,valenced,opposite,0.4,preference_control,17.75,-1.25,17.750003218650818,-1.2480467557907104,17.750003218650818,-1.2480467557907104,8.250978231430054,9.499024987220764,17.75,-1.25,8.25,9.5
qwen25_7b,18,valenced_opposite::deontic::010,valenced_opposite,deontic,valenced,opposite,0.6,preference_control,19.5,0.25,19.5000079870224,0.2500001192092895,19.5000079870224,0.2500001192092895,9.875004053115845,9.625003933906555,19.5,0.25,9.875,9.625
qwen25_7b,18,valenced_opposite::deontic::010,valenced_opposite,deontic,valenced,opposite,0.8,preference_control,21.375,1.75,21.375051975250244,1.753906488418579,21.375051975250244,1.753906488418579,11.564479231834412,9.810572743415833,21.375,1.75,11.5625,9.8125
qwen25_7b,18,valenced_opposite::deontic::010,valenced_opposite,deontic,valenced,opposite,1.0,preference_control,22.25,3.75,22.25033247470856,3.742311716079712,22.25033247470856,3.742311716079712,12.996322095394136,9.254010379314424,22.25,3.75,13.0,9.25
qwen25_7b,18,valenced_opposite::deontic::011,valenced_opposite,deontic,valenced,opposite,-1.0,preference_control,-13.625,-10.25,-13.624945878982544,-10.248669505119324,-13.624945878982544,-10.248669505119324,-11.936807692050934,-1.68813818693161,-13.625,-10.25,-11.9375,-1.6875
qwen25_7b,18,valenced_opposite::deontic::011,valenced_opposite,deontic,valenced,opposite,-0.8,preference_control,-14.0,-11.25,-13.99997854232788,-11.249821543693542,-13.99997854232788,-11.249821543693542,-12.624900043010712,-1.3750784993171692,-14.0,-11.25,-12.625,-1.375
qwen25_7b,18,valenced_opposite::deontic::011,valenced_opposite,deontic,valenced,opposite,-0.6,preference_control,-14.25,-12.375,-14.249988079071043,-12.374969482421877,-14.249988079071043,-12.374969482421877,-13.31247878074646,-0.937509298324585,-14.25,-12.375,-13.3125,-0.9375
qwen25_7b,18,valenced_opposite::deontic::011,valenced_opposite,deontic,valenced,opposite,-0.4,preference_control,-14.25,-13.25,-14.249992370605469,-13.249986290931702,-14.249992370605469,-13.249986290931702,-13.749989330768583,-0.5000030398368835,-14.25,-13.25,-13.75,-0.5
qwen25_7b,18,valenced_opposite::deontic::011,valenced_opposite,deontic,valenced,opposite,-0.2,preference_control,-13.25,-13.25,-13.249991416931152,-13.249991178512571,-13.249991416931152,-13.249991178512571,-13.249991297721865,-1.1920928955078125e-07,-13.25,-13.25,-13.25,0.0
qwen25_7b,18,valenced_opposite::deontic::011,valenced_opposite,deontic,valenced,opposite,0.0,preference_control,-10.125,-10.625,-10.1249520778656,-10.624967575073242,-10.1249520778656,-10.624967575073242,-10.37495982646942,0.2500077486038208,-10.125,-10.625,-10.375,0.25
qwen25_7b,18,valenced_opposite::deontic::011,valenced_opposite,deontic,valenced,opposite,0.2,preference_control,0.0,-4.0,5.841255187988281e-06,-4.012936234474182,5.841255187988281e-06,-4.012936234474182,-2.006465196609497,2.006471037864685,0.0,-4.0,-2.0,2.0
qwen25_7b,18,valenced_opposite::deontic::011,valenced_opposite,deontic,valenced,opposite,0.4,preference_control,5.625,1.625,5.612614274024963,1.6230487823486328,5.612614274024963,1.6230487823486328,3.617831528186798,1.9947827458381653,5.625,1.625,3.625,2.0
qwen25_7b,18,valenced_opposite::deontic::011,valenced_opposite,deontic,valenced,opposite,0.6,preference_control,9.125,5.0,9.121572375297546,4.992250561714172,9.121572375297546,4.992250561714172,7.056911468505859,2.064660906791687,9.125,5.0,7.0625,2.0625
qwen25_7b,18,valenced_opposite::deontic::011,valenced_opposite,deontic,valenced,opposite,0.8,preference_control,11.375,7.0,11.372950911521912,6.998301148414612,11.372950911521912,6.998301148414612,9.185626029968262,2.18732488155365,11.375,7.0,9.1875,2.1875
qwen25_7b,18,valenced_opposite::deontic::011,valenced_opposite,deontic,valenced,opposite,1.0,preference_control,12.875,4.75,12.873005032539368,4.739635467529297,12.873005032539368,4.739635467529297,8.806320250034332,4.066684782505035,12.875,4.75,8.8125,4.0625
qwen25_7b,18,valenced_opposite::deontic::012,valenced_opposite,deontic,valenced,opposite,-1.0,preference_control,-7.125,-8.0,-7.119603276252747,-7.997252106666565,-7.119603276252747,-7.997252106666565,-7.558427691459656,0.4388244152069092,-7.125,-8.0,-7.5625,0.4375
qwen25_7b,18,valenced_opposite::deontic::012,valenced_opposite,deontic,valenced,opposite,-0.8,preference_control,-7.125,-8.75,-7.122067809104919,-8.749260902404785,-7.122067809104919,-8.749260902404785,-7.935664355754852,0.8135965466499329,-7.125,-8.75,-7.9375,0.8125
qwen25_7b,18,valenced_opposite::deontic::012,valenced_opposite,deontic,valenced,opposite,-0.6,preference_control,-6.375,-9.875,-6.371633887290955,-9.87480127811432,-6.371633887290955,-9.87480127811432,-8.123217582702637,1.751583695411682,-6.375,-9.875,-8.125,1.75
qwen25_7b,18,valenced_opposite::deontic::012,valenced_opposite,deontic,valenced,opposite,-0.4,preference_control,-5.0,-9.75,-4.992193818092346,-9.749906420707704,-4.992193818092346,-9.749906420707704,-7.371050119400024,2.3788563013076782,-5.0,-9.75,-7.375,2.375
qwen25_7b,18,valenced_opposite::deontic::012,valenced_opposite,deontic,valenced,opposite,-0.2,preference_control,-2.0,-8.25,-1.9971858263015747,-8.249727129936218,-1.9971858263015747,-8.249727129936218,-5.1234564781188965,3.1262706518173218,-2.0,-8.25,-5.125,3.125
qwen25_7b,18,valenced_opposite::deontic::012,valenced_opposite,deontic,valenced,opposite,0.0,preference_control,4.0,-4.375,4.012860178947449,-4.362209439277649,4.012860178947449,-4.362209439277649,-0.1746746301651001,4.187534809112549,4.0,-4.375,-0.1875,4.1875
qwen25_7b,18,valenced_opposite::deontic::012,valenced_opposite,deontic,valenced,opposite,0.2,preference_control,12.125,0.625,12.124969482421877,0.6249433755874634,12.124969482421877,0.6249433755874634,6.374956429004669,5.750013053417206,12.125,0.625,6.375,5.75
qwen25_7b,18,valenced_opposite::deontic::012,valenced_opposite,deontic,valenced,opposite,0.4,preference_control,15.75,2.625,15.749974727630615,2.61763858795166,15.749974727630615,2.61763858795166,9.183806657791138,6.5661680698394775,15.75,2.625,9.1875,6.5625
qwen25_7b,18,valenced_opposite::deontic::012,valenced_opposite,deontic,valenced,opposite,0.6,preference_control,18.375,4.25,18.374988794326782,4.235805869102478,18.374988794326782,4.235805869102478,11.30539733171463,7.069591462612152,18.375,4.25,11.3125,7.0625
qwen25_7b,18,valenced_opposite::deontic::012,valenced_opposite,deontic,valenced,opposite,0.8,preference_control,20.0,3.5,19.99998641014099,3.501403331756592,19.99998641014099,3.501403331756592,11.750694870948792,8.2492915391922,20.0,3.5,11.75,8.25
qwen25_7b,18,valenced_opposite::deontic::012,valenced_opposite,deontic,valenced,opposite,1.0,preference_control,21.125,1.0,21.124895811080933,0.9998960494995116,21.124895811080933,0.9998960494995116,11.062395930290222,10.06249988079071,21.125,1.0,11.0625,10.0625
qwen25_7b,18,valenced_opposite::deontic::013,valenced_opposite,deontic,valenced,opposite,-1.0,preference_control,-7.875,-10.0,-7.873919129371643,-9.999693393707275,-7.873919129371643,-9.999693393707275,-8.93680626153946,1.0628871321678162,-7.875,-10.0,-8.9375,1.0625
qwen25_7b,18,valenced_opposite::deontic::013,valenced_opposite,deontic,valenced,opposite,-0.8,preference_control,-8.375,-11.25,-8.374181389808655,-11.24980127811432,-8.374181389808655,-11.24980127811432,-9.811991333961489,1.437809944152832,-8.375,-11.25,-9.8125,1.4375
qwen25_7b,18,valenced_opposite::deontic::013,valenced_opposite,deontic,valenced,opposite,-0.6,preference_control,-8.125,-12.25,-8.124118685722351,-12.249850630760193,-8.124118685722351,-12.249850630760193,-10.186984658241272,2.062865972518921,-8.125,-12.25,-10.1875,2.0625
qwen25_7b,18,valenced_opposite::deontic::013,valenced_opposite,deontic,valenced,opposite,-0.4,preference_control,-7.5,-12.75,-7.498932123184204,-12.74986982345581,-7.498932123184204,-12.74986982345581,-10.124400973320007,2.6254688501358032,-7.5,-12.75,-10.125,2.625
qwen25_7b,18,valenced_opposite::deontic::013,valenced_opposite,deontic,valenced,opposite,-0.2,preference_control,-5.0,-12.625,-4.992733120918274,-12.624877452850342,-4.992733120918274,-12.624877452850342,-8.808805286884308,3.816072165966034,-5.0,-12.625,-8.8125,3.8125
qwen25_7b,18,valenced_opposite::deontic::013,valenced_opposite,deontic,valenced,opposite,0.0,preference_control,0.625,-11.25,0.6253831386566162,-11.24985921382904,0.6253831386566162,-11.24985921382904,-5.312238037586212,5.937621176242828,0.625,-11.25,-5.3125,5.9375
qwen25_7b,18,valenced_opposite::deontic::013,valenced_opposite,deontic,valenced,opposite,0.2,preference_control,10.0,-5.5,10.000060558319092,-5.495644688606262,10.000060558319092,-5.495644688606262,2.252207934856415,7.747852623462677,10.0,-5.5,2.25,7.75
qwen25_7b,18,valenced_opposite::deontic::013,valenced_opposite,deontic,valenced,opposite,0.4,preference_control,14.125,-1.875,14.125070452690125,-1.869060754776001,14.125070452690125,-1.869060754776001,6.128004848957062,7.997065603733063,14.125,-1.875,6.125,8.0
qwen25_7b,18,valenced_opposite::deontic::013,valenced_opposite,deontic,valenced,opposite,0.6,preference_control,17.125,2.5,17.125058889389038,2.493222236633301,17.125058889389038,2.493222236633301,9.80914056301117,7.315918326377869,17.125,2.5,9.8125,7.3125
qwen25_7b,18,valenced_opposite::deontic::013,valenced_opposite,deontic,valenced,opposite,0.8,preference_control,19.375,6.125,19.37509334087372,6.113032102584839,19.37509334087372,6.113032102584839,12.74406272172928,6.63103061914444,19.375,6.125,12.75,6.625
qwen25_7b,18,valenced_opposite::deontic::013,valenced_opposite,deontic,valenced,opposite,1.0,preference_control,22.0625,7.875,22.12521982192993,7.872959852218628,22.12521982192993,7.872959852218628,14.99908983707428,7.126129984855652,22.0625,7.875,14.96875,7.09375
qwen25_7b,18,valenced_opposite::deontic::014,valenced_opposite,deontic,valenced,opposite,-1.0,preference_control,0.75,-5.375,0.7539641857147217,-5.370288610458374,0.7539641857147217,-5.370288610458374,-2.308162212371826,3.062126398086548,0.75,-5.375,-2.3125,3.0625
qwen25_7b,18,valenced_opposite::deontic::014,valenced_opposite,deontic,valenced,opposite,-0.8,preference_control,2.625,-6.625,2.617722749710083,-6.623619914054871,2.617722749710083,-6.623619914054871,-2.002948582172394,4.620671331882477,2.625,-6.625,-2.0,4.625
qwen25_7b,18,valenced_opposite::deontic::014,valenced_opposite,deontic,valenced,opposite,-0.6,preference_control,4.875,-7.75,4.8674232959747314,-7.749540448188782,4.8674232959747314,-7.749540448188782,-1.4410585761070251,6.308481872081757,4.875,-7.75,-1.4375,6.3125
qwen25_7b,18,valenced_opposite::deontic::014,valenced_opposite,deontic,valenced,opposite,-0.4,preference_control,7.625,-7.875,7.624583125114441,-7.874590039253235,7.624583125114441,-7.874590039253235,-0.1250034570693969,7.749586582183838,7.625,-7.875,-0.125,7.75
qwen25_7b,18,valenced_opposite::deontic::014,valenced_opposite,deontic,valenced,opposite,-0.2,preference_control,10.875,-7.5,10.875090837478638,-7.499413728713989,10.875090837478638,-7.499413728713989,1.6878385543823242,9.187252283096312,10.875,-7.5,1.6875,9.1875
qwen25_7b,18,valenced_opposite::deontic::014,valenced_opposite,deontic,valenced,opposite,0.0,preference_control,13.625,-6.875,13.62500512599945,-6.873937964439392,13.62500512599945,-6.873937964439392,3.3755335807800293,10.24947154521942,13.625,-6.875,3.375,10.25
qwen25_7b,18,valenced_opposite::deontic::014,valenced_opposite,deontic,valenced,opposite,0.2,preference_control,16.75,-6.25,16.749990820884705,-6.248053789138794,16.749990820884705,-6.248053789138794,5.250968515872955,11.49902230501175,16.75,-6.25,5.25,11.5
qwen25_7b,18,valenced_opposite::deontic::014,valenced_opposite,deontic,valenced,opposite,0.4,preference_control,18.25,-6.375,18.249993324279785,-6.3732826709747314,18.249993324279785,-6.3732826709747314,5.938355326652527,12.311637997627258,18.25,-6.375,5.9375,12.3125
qwen25_7b,18,valenced_opposite::deontic::014,valenced_opposite,deontic,valenced,opposite,0.6,preference_control,19.875,-6.625,19.874999046325684,-6.623664021492004,19.874999046325684,-6.623664021492004,6.62566751241684,13.249331533908844,19.875,-6.625,6.625,13.25
qwen25_7b,18,valenced_opposite::deontic::014,valenced_opposite,deontic,valenced,opposite,0.8,preference_control,20.125,-6.875,20.125023245811462,-6.873953461647034,20.125023245811462,-6.873953461647034,6.625534892082214,13.499488353729248,20.125,-6.875,6.625,13.5
qwen25_7b,18,valenced_opposite::deontic::014,valenced_opposite,deontic,valenced,opposite,1.0,preference_control,19.875,-7.0,19.87594246864319,-6.999075174331665,19.87594246864319,-6.999075174331665,6.438433647155762,13.437508821487429,19.875,-7.0,6.4375,13.4375
qwen25_7b,18,valenced_opposite::deontic::015,valenced_opposite,deontic,valenced,opposite,-1.0,preference_control,-12.125,-4.875,-12.1253981590271,-4.868236660957336,-12.1253981590271,-4.868236660957336,-8.496817409992218,-3.6285807490348816,-12.125,-4.875,-8.5,-3.625
qwen25_7b,18,valenced_opposite::deontic::015,valenced_opposite,deontic,valenced,opposite,-0.8,preference_control,-12.5,-5.625,-12.500296711921692,-5.621655583381653,-12.500296711921692,-5.621655583381653,-9.060976147651672,-3.4393205642700195,-12.5,-5.625,-9.0625,-3.4375
qwen25_7b,18,valenced_opposite::deontic::015,valenced_opposite,deontic,valenced,opposite,-0.6,preference_control,-12.25,-6.625,-12.250248551368712,-6.623764395713806,-12.250248551368712,-6.623764395713806,-9.43700647354126,-2.8132420778274536,-12.25,-6.625,-9.4375,-2.8125
qwen25_7b,18,valenced_opposite::deontic::015,valenced_opposite,deontic,valenced,opposite,-0.4,preference_control,-11.875,-7.125,-11.875245213508606,-7.124253153800964,-11.875245213508606,-7.124253153800964,-9.499749183654783,-2.375496029853821,-11.875,-7.125,-9.5,-2.375
qwen25_7b,18,valenced_opposite::deontic::015,valenced_opposite,deontic,valenced,opposite,-0.2,preference_control,-10.125,-6.375,-10.125170588493347,-6.373334646224976,-10.125170588493347,-6.373334646224976,-8.249252617359161,-1.8759179711341856,-10.125,-6.375,-8.25,-1.875
qwen25_7b,18,valenced_opposite::deontic::015,valenced_opposite,deontic,valenced,opposite,0.0,preference_control,-3.5,-3.625,-3.5016329288482666,-3.62995171546936,-3.5016329288482666,-3.62995171546936,-3.565792322158813,0.0641593933105468,-3.5,-3.625,-3.5625,0.0625
qwen25_7b,18,valenced_opposite::deontic::015,valenced_opposite,deontic,valenced,opposite,0.2,preference_control,4.75,0.25,4.741344690322876,0.2499523162841797,4.741344690322876,0.2499523162841797,2.495648503303528,2.245696187019348,4.75,0.25,2.5,2.25
qwen25_7b,18,valenced_opposite::deontic::015,valenced_opposite,deontic,valenced,opposite,0.4,preference_control,9.625,6.0,9.62491011619568,5.997500538825989,9.62491011619568,5.997500538825989,7.811205327510834,1.813704788684845,9.625,6.0,7.8125,1.8125
qwen25_7b,18,valenced_opposite::deontic::015,valenced_opposite,deontic,valenced,opposite,0.6,preference_control,12.375,10.125,12.374970316886902,10.124934077262878,12.374970316886902,10.124934077262878,11.24995219707489,1.1250181198120115,12.375,10.125,11.25,1.125
qwen25_7b,18,valenced_opposite::deontic::015,valenced_opposite,deontic,valenced,opposite,0.8,preference_control,14.125,12.375,14.12498128414154,12.374957203865051,14.12498128414154,12.374957203865051,13.249969244003296,0.8750120401382446,14.125,12.375,13.25,0.875
qwen25_7b,18,valenced_opposite::deontic::015,valenced_opposite,deontic,valenced,opposite,1.0,preference_control,15.5,11.625,15.500020265579224,11.624846339225767,15.500020265579224,11.624846339225767,13.562433302402496,1.9375869631767275,15.5,11.625,13.5625,1.9375
qwen25_7b,18,valenced_opposite::deontic::016,valenced_opposite,deontic,valenced,opposite,-1.0,preference_control,-6.25,-10.75,-6.248274445533752,-10.749994039535522,-6.248274445533752,-10.749994039535522,-8.499134242534637,2.250859797000885,-6.25,-10.75,-8.5,2.25
qwen25_7b,18,valenced_opposite::deontic::016,valenced_opposite,deontic,valenced,opposite,-0.8,preference_control,-6.25,-12.0,-6.248196601867676,-12.000004768371582,-6.248196601867676,-12.000004768371582,-9.124100685119627,2.875904083251953,-6.25,-12.0,-9.125,2.875
qwen25_7b,18,valenced_opposite::deontic::016,valenced_opposite,deontic,valenced,opposite,-0.6,preference_control,-6.0,-12.75,-5.997573971748352,-12.750002026557922,-5.997573971748352,-12.750002026557922,-9.373787999153135,3.376214027404785,-6.0,-12.75,-9.375,3.375
qwen25_7b,18,valenced_opposite::deontic::016,valenced_opposite,deontic,valenced,opposite,-0.4,preference_control,-5.125,-12.5,-5.119076013565064,-12.499995589256288,-5.119076013565064,-12.499995589256288,-8.809535801410675,3.690459787845612,-5.125,-12.5,-8.8125,3.6875
qwen25_7b,18,valenced_opposite::deontic::016,valenced_opposite,deontic,valenced,opposite,-0.2,preference_control,-2.875,-11.375,-2.8825843334198,-11.374980568885803,-2.8825843334198,-11.374980568885803,-7.1287824511528015,4.246198117733002,-2.875,-11.375,-7.125,4.25
qwen25_7b,18,valenced_opposite::deontic::016,valenced_opposite,deontic,valenced,opposite,0.0,preference_control,1.0,-9.5,0.999986171722412,-9.499911665916445,0.999986171722412,-9.499911665916445,-4.249962747097015,5.249948918819428,1.0,-9.5,-4.25,5.25
qwen25_7b,18,valenced_opposite::deontic::016,valenced_opposite,deontic,valenced,opposite,0.2,preference_control,7.0,-6.0,6.999058723449707,-5.997515559196472,6.999058723449707,-5.997515559196472,0.5007715821266174,6.49828714132309,7.0,-6.0,0.5,6.5
qwen25_7b,18,valenced_opposite::deontic::016,valenced_opposite,deontic,valenced,opposite,0.4,preference_control,9.5,-4.5,9.499903321266174,-4.488956451416016,9.499903321266174,-4.488956451416016,2.50547343492508,6.994429886341095,9.5,-4.5,2.5,7.0
qwen25_7b,18,valenced_opposite::deontic::016,valenced_opposite,deontic,valenced,opposite,0.6,preference_control,10.5,-3.25,10.499945878982544,-3.243167996406555,10.499945878982544,-3.243167996406555,3.6283889412879935,6.87155693769455,10.5,-3.25,3.625,6.875
qwen25_7b,18,valenced_opposite::deontic::016,valenced_opposite,deontic,valenced,opposite,0.8,preference_control,11.625,-2.25,11.624961853027344,-2.243656873703003,11.624961853027344,-2.243656873703003,4.69065248966217,6.934309363365173,11.625,-2.25,4.6875,6.9375
qwen25_7b,18,valenced_opposite::deontic::016,valenced_opposite,deontic,valenced,opposite,1.0,preference_control,13.125,-2.25,13.124964237213137,-2.243656039237976,13.124964237213137,-2.243656039237976,5.440654098987579,7.684310138225555,13.125,-2.25,5.4375,7.6875
qwen25_7b,18,valenced_opposite::deontic::017,valenced_opposite,deontic,valenced,opposite,-1.0,preference_control,-4.0,-5.625,-4.013113975524902,-5.621121048927307,-4.013113975524902,-5.621121048927307,-4.817117512226105,0.8040035367012024,-4.0,-5.625,-4.8125,0.8125
qwen25_7b,18,valenced_opposite::deontic::017,valenced_opposite,deontic,valenced,opposite,-0.8,preference_control,-3.0,-5.625,-2.9983572959899902,-5.6213109493255615,-2.9983572959899902,-5.6213109493255615,-4.309834122657776,1.3114768266677856,-3.0,-5.625,-4.3125,1.3125
qwen25_7b,18,valenced_opposite::deontic::017,valenced_opposite,deontic,valenced,opposite,-0.6,preference_control,-1.25,-5.375,-1.2480732202529907,-5.370332360267639,-1.2480732202529907,-5.370332360267639,-3.309202790260315,2.061129570007324,-1.25,-5.375,-3.3125,2.0625
qwen25_7b,18,valenced_opposite::deontic::017,valenced_opposite,deontic,valenced,opposite,-0.4,preference_control,1.75,-4.75,1.7538989782333374,-4.741333842277527,1.7538989782333374,-4.741333842277527,-1.4937174320220947,3.247616410255432,1.75,-4.75,-1.5,3.25
qwen25_7b,18,valenced_opposite::deontic::017,valenced_opposite,deontic,valenced,opposite,-0.2,preference_control,6.125,-3.375,6.122801303863525,-3.372559070587158,6.122801303863525,-3.372559070587158,1.3751211166381836,4.747680187225342,6.125,-3.375,1.375,4.75
qwen25_7b,18,valenced_opposite::deontic::017,valenced_opposite,deontic,valenced,opposite,0.0,preference_control,9.875,-2.25,9.87494695186615,-2.2436527013778687,9.87494695186615,-2.2436527013778687,3.8156471252441406,6.059299826622009,9.875,-2.25,3.8125,6.0625
qwen25_7b,18,valenced_opposite::deontic::017,valenced_opposite,deontic,valenced,opposite,0.2,preference_control,15.375,-0.75,15.374999523162842,-0.7539063692092896,15.374999523162842,-0.7539063692092896,7.310546576976776,8.064452946186066,15.375,-0.75,7.3125,8.0625
qwen25_7b,18,valenced_opposite::deontic::017,valenced_opposite,deontic,valenced,opposite,0.4,preference_control,19.25,-0.25,19.24999976158142,-0.2500001192092895,19.24999976158142,-0.2500001192092895,9.499999821186066,9.749999940395355,19.25,-0.25,9.5,9.75
qwen25_7b,18,valenced_opposite::deontic::017,valenced_opposite,deontic,valenced,opposite,0.6,preference_control,22.875,1.0,22.87499952316284,0.9999998807907104,22.87499952316284,0.9999998807907104,11.937499701976776,10.937499821186066,22.875,1.0,11.9375,10.9375
qwen25_7b,18,valenced_opposite::deontic::017,valenced_opposite,deontic,valenced,opposite,0.8,preference_control,25.125,2.25,25.124999046325684,2.243651986122132,25.124999046325684,2.243651986122132,13.684325516223907,11.440673530101776,25.125,2.25,13.6875,11.4375
qwen25_7b,18,valenced_opposite::deontic::017,valenced_opposite,deontic,valenced,opposite,1.0,preference_control,24.875,1.75,24.87499737739563,1.7539052963256836,24.87499737739563,1.7539052963256836,13.314451336860657,11.560546040534971,24.875,1.75,13.3125,11.5625
qwen25_7b,18,valenced_opposite::deontic::018,valenced_opposite,deontic,valenced,opposite,-1.0,preference_control,-4.375,-11.75,-4.3637471199035645,-11.750105381011965,-4.3637471199035645,-11.750105381011965,-8.056926250457764,3.693179130554199,-4.375,-11.75,-8.0625,3.6875
qwen25_7b,18,valenced_opposite::deontic::018,valenced_opposite,deontic,valenced,opposite,-0.8,preference_control,-2.625,-11.5,-2.617486357688904,-11.500080347061155,-2.617486357688904,-11.500080347061155,-7.058783352375031,4.441296994686127,-2.625,-11.5,-7.0625,4.4375
qwen25_7b,18,valenced_opposite::deontic::018,valenced_opposite,deontic,valenced,opposite,-0.6,preference_control,-0.75,-11.0,-0.7540484666824341,-11.000053882598875,-0.7540484666824341,-11.000053882598875,-5.877051174640656,5.123002707958221,-0.75,-11.0,-5.875,5.125
qwen25_7b,18,valenced_opposite::deontic::018,valenced_opposite,deontic,valenced,opposite,-0.4,preference_control,2.25,-10.375,2.2435531616210938,-10.375029802322388,2.2435531616210938,-10.375029802322388,-4.065738320350647,6.309291481971741,2.25,-10.375,-4.0625,6.3125
qwen25_7b,18,valenced_opposite::deontic::018,valenced_opposite,deontic,valenced,opposite,-0.2,preference_control,6.875,-8.25,6.8738662004470825,-8.249799847602844,6.8738662004470825,-8.249799847602844,-0.6879668235778809,7.561833024024963,6.875,-8.25,-0.6875,7.5625
qwen25_7b,18,valenced_opposite::deontic::018,valenced_opposite,deontic,valenced,opposite,0.0,preference_control,14.5,-5.875,14.499916195869446,-5.87225615978241,14.499916195869446,-5.87225615978241,4.313830018043518,10.186086177825928,14.5,-5.875,4.3125,10.1875
qwen25_7b,18,valenced_opposite::deontic::018,valenced_opposite,deontic,valenced,opposite,0.2,preference_control,20.625,-3.0,20.624885201454163,-2.9983564615249634,20.624885201454163,-2.9983564615249634,8.8132643699646,11.811620831489565,20.625,-3.0,8.8125,11.8125
qwen25_7b,18,valenced_opposite::deontic::018,valenced_opposite,deontic,valenced,opposite,0.4,preference_control,23.25,-1.5,23.24981474876404,-1.5020363330841064,23.24981474876404,-1.5020363330841064,10.873889207839966,12.375925540924072,23.25,-1.5,10.875,12.375
qwen25_7b,18,valenced_opposite::deontic::018,valenced_opposite,deontic,valenced,opposite,0.6,preference_control,25.5,-2.25,25.499788641929623,-2.2437314987182617,25.499788641929623,-2.2437314987182617,11.628028571605682,13.871760070323944,25.5,-2.25,11.625,13.875
qwen25_7b,18,valenced_opposite::deontic::018,valenced_opposite,deontic,valenced,opposite,0.8,preference_control,26.625,-4.25,26.62489354610443,-4.235929727554321,26.62489354610443,-4.235929727554321,11.194481909275057,15.430411636829376,26.625,-4.25,11.1875,15.4375
qwen25_7b,18,valenced_opposite::deontic::018,valenced_opposite,deontic,valenced,opposite,1.0,preference_control,26.625,-7.0,26.62491929531097,-6.999235510826111,26.62491929531097,-6.999235510826111,9.812841892242432,16.812077403068542,26.625,-7.0,9.8125,16.8125
qwen25_7b,18,valenced_opposite::deontic::019,valenced_opposite,deontic,valenced,opposite,-1.0,preference_control,-6.875,-1.75,-6.872370600700378,-1.7470983266830444,-6.872370600700378,-1.7470983266830444,-4.309734463691711,-2.562636137008667,-6.875,-1.75,-4.3125,-2.5625
qwen25_7b,18,valenced_opposite::deontic::019,valenced_opposite,deontic,valenced,opposite,-0.8,preference_control,-6.875,-2.25,-6.872660398483276,-2.253440737724304,-6.872660398483276,-2.253440737724304,-4.56305056810379,-2.309609830379486,-6.875,-2.25,-4.5625,-2.3125
qwen25_7b,18,valenced_opposite::deontic::019,valenced_opposite,deontic,valenced,opposite,-0.6,preference_control,-6.75,-2.875,-6.747674703598023,-2.8779540061950684,-6.747674703598023,-2.8779540061950684,-4.812814354896545,-1.934860348701477,-6.75,-2.875,-4.8125,-1.9375
qwen25_7b,18,valenced_opposite::deontic::019,valenced_opposite,deontic,valenced,opposite,-0.4,preference_control,-5.75,-3.0,-5.745650053024292,-2.9936734437942505,-5.745650053024292,-2.9936734437942505,-4.369661748409271,-1.3759883046150208,-5.75,-3.0,-4.375,-1.375
qwen25_7b,18,valenced_opposite::deontic::019,valenced_opposite,deontic,valenced,opposite,-0.2,preference_control,-3.25,-2.875,-3.257002592086792,-2.8779467344284058,-3.257002592086792,-2.8779467344284058,-3.067474663257599,-0.1895279288291931,-3.25,-2.875,-3.0625,-0.1875
qwen25_7b,18,valenced_opposite::deontic::019,valenced_opposite,deontic,valenced,opposite,0.0,preference_control,1.625,-1.0,1.6239322423934937,-1.0019642114639282,1.6239322423934937,-1.0019642114639282,0.3109840154647827,1.312948226928711,1.625,-1.0,0.3125,1.3125
qwen25_7b,18,valenced_opposite::deontic::019,valenced_opposite,deontic,valenced,opposite,0.2,preference_control,13.125,3.25,13.124711036682127,3.256102681159973,13.124711036682127,3.256102681159973,8.190406858921051,4.934304177761078,13.125,3.25,8.1875,4.9375
qwen25_7b,18,valenced_opposite::deontic::019,valenced_opposite,deontic,valenced,opposite,0.4,preference_control,18.75,9.125,18.74986016750336,9.124441027641296,18.74986016750336,9.124441027641296,13.937150597572328,4.81270956993103,18.75,9.125,13.9375,4.8125
qwen25_7b,18,valenced_opposite::deontic::019,valenced_opposite,deontic,valenced,opposite,0.6,preference_control,21.0,11.5,20.99988353252411,11.499846696853638,20.99988353252411,11.499846696853638,16.249865114688873,4.750018417835236,21.0,11.5,16.25,4.75
qwen25_7b,18,valenced_opposite::deontic::019,valenced_opposite,deontic,valenced,opposite,0.8,preference_control,22.25,10.75,22.249871015548703,10.749817371368408,22.249871015548703,10.749817371368408,16.499844193458557,5.750026822090149,22.25,10.75,16.5,5.75
qwen25_7b,18,valenced_opposite::deontic::019,valenced_opposite,deontic,valenced,opposite,1.0,preference_control,22.5625,8.0,22.624762773513797,7.999393105506897,22.624762773513797,7.999393105506897,15.312077939510344,7.312684834003448,22.5625,8.0,15.28125,7.28125
qwen25_7b,18,valenced_opposite::epistemic::000,valenced_opposite,epistemic,valenced,opposite,-1.0,preference_control,-11.25,-11.125,-11.24811553955078,-11.12477207183838,-11.24811553955078,-11.12477207183838,-11.18644380569458,-0.0616717338562011,-11.25,-11.125,-11.1875,-0.0625
qwen25_7b,18,valenced_opposite::epistemic::000,valenced_opposite,epistemic,valenced,opposite,-0.8,preference_control,-10.875,-10.875,-10.873687744140623,-10.874791145324709,-10.873687744140623,-10.874791145324709,-10.874239444732666,0.000551700592041,-10.875,-10.875,-10.875,0.0
qwen25_7b,18,valenced_opposite::epistemic::000,valenced_opposite,epistemic,valenced,opposite,-0.6,preference_control,-10.625,-11.25,-10.623924255371094,-11.249839782714844,-10.623924255371094,-11.249839782714844,-10.936882019042969,0.312957763671875,-10.625,-11.25,-10.9375,0.3125
qwen25_7b,18,valenced_opposite::epistemic::000,valenced_opposite,epistemic,valenced,opposite,-0.4,preference_control,-10.375,-11.0,-10.374042510986328,-10.999833106994627,-10.374042510986328,-10.999833106994627,-10.68693780899048,0.3128952980041504,-10.375,-11.0,-10.6875,0.3125
qwen25_7b,18,valenced_opposite::epistemic::000,valenced_opposite,epistemic,valenced,opposite,-0.2,preference_control,-10.25,-10.625,-10.24920654296875,-10.624775886535645,-10.24920654296875,-10.624775886535645,-10.436991214752195,0.1877846717834472,-10.25,-10.625,-10.4375,0.1875
qwen25_7b,18,valenced_opposite::epistemic::000,valenced_opposite,epistemic,valenced,opposite,0.0,preference_control,-9.25,-9.25,-9.249130249023438,-9.24959945678711,-9.249130249023438,-9.24959945678711,-9.249364852905272,0.0002346038818359,-9.25,-9.25,-9.25,0.0
qwen25_7b,18,valenced_opposite::epistemic::000,valenced_opposite,epistemic,valenced,opposite,0.2,preference_control,-4.625,-2.25,-4.6138916015625,-2.2431640625,-4.6138916015625,-2.2431640625,-3.42852783203125,-1.18536376953125,-4.625,-2.25,-3.4375,-1.1875
qwen25_7b,18,valenced_opposite::epistemic::000,valenced_opposite,epistemic,valenced,opposite,0.4,preference_control,3.875,4.25,3.8699951171875,4.23577880859375,3.8699951171875,4.23577880859375,4.052886962890625,-0.182891845703125,3.875,4.25,4.0625,-0.1875
qwen25_7b,18,valenced_opposite::epistemic::000,valenced_opposite,epistemic,valenced,opposite,0.6,preference_control,8.625,7.125,8.624799728393555,7.124168395996094,8.624799728393555,7.124168395996094,7.874484062194824,0.7503156661987305,8.625,7.125,7.875,0.75
qwen25_7b,18,valenced_opposite::epistemic::000,valenced_opposite,epistemic,valenced,opposite,0.8,preference_control,10.625,8.625,10.6249577999115,8.624794006347656,10.6249577999115,8.624794006347656,9.624875903129578,1.0000818967819214,10.625,8.625,9.625,1.0
qwen25_7b,18,valenced_opposite::epistemic::000,valenced_opposite,epistemic,valenced,opposite,1.0,preference_control,11.5,9.375,11.499966859817505,9.374884605407717,11.499966859817505,9.374884605407717,10.43742573261261,1.062541127204895,11.5,9.375,10.4375,1.0625
qwen25_7b,18,valenced_opposite::epistemic::001,valenced_opposite,epistemic,valenced,opposite,-1.0,preference_control,-18.375,-15.125,-18.374988317489624,-15.124992370605469,-18.374988317489624,-15.124992370605469,-16.749990344047546,-1.6249979734420776,-18.375,-15.125,-16.75,-1.625
qwen25_7b,18,valenced_opposite::epistemic::001,valenced_opposite,epistemic,valenced,opposite,-0.8,preference_control,-18.0,-15.0,-17.99999475479126,-14.999995827674866,-17.99999475479126,-14.999995827674866,-16.499995291233063,-1.499999463558197,-18.0,-15.0,-16.5,-1.5
qwen25_7b,18,valenced_opposite::epistemic::001,valenced_opposite,epistemic,valenced,opposite,-0.6,preference_control,-17.375,-15.25,-17.374996185302734,-15.249996781349182,-17.374996185302734,-15.249996781349182,-16.31249648332596,-1.062499701976776,-17.375,-15.25,-16.3125,-1.0625
qwen25_7b,18,valenced_opposite::epistemic::001,valenced_opposite,epistemic,valenced,opposite,-0.4,preference_control,-16.75,-14.875,-16.749996781349182,-14.874996304512024,-16.749996781349182,-14.874996304512024,-15.812496542930605,-0.9375002384185792,-16.75,-14.875,-15.8125,-0.9375
qwen25_7b,18,valenced_opposite::epistemic::001,valenced_opposite,epistemic,valenced,opposite,-0.2,preference_control,-15.5,-13.75,-15.499994039535522,-13.74999463558197,-15.499994039535522,-13.74999463558197,-14.624994337558746,-0.8749997019767761,-15.5,-13.75,-14.625,-0.875
qwen25_7b,18,valenced_opposite::epistemic::001,valenced_opposite,epistemic,valenced,opposite,0.0,preference_control,-13.0,-10.125,-12.999980330467224,-10.124940872192385,-12.999980330467224,-10.124940872192385,-11.562460601329803,-1.4375197291374209,-13.0,-10.125,-11.5625,-1.4375
qwen25_7b,18,valenced_opposite::epistemic::001,valenced_opposite,epistemic,valenced,opposite,0.2,preference_control,-5.0,-0.25,-4.993133544921875,-0.25,-4.993133544921875,-0.25,-2.621566772460937,-2.371566772460937,-5.0,-0.25,-2.625,-2.375
qwen25_7b,18,valenced_opposite::epistemic::001,valenced_opposite,epistemic,valenced,opposite,0.4,preference_control,6.75,9.25,6.748779296875,9.249890804290771,6.748779296875,9.249890804290771,7.999335050582886,-1.2505557537078855,6.75,9.25,8.0,-1.25
qwen25_7b,18,valenced_opposite::epistemic::001,valenced_opposite,epistemic,valenced,opposite,0.6,preference_control,13.0,14.375,12.999980807304382,14.374993324279783,12.999980807304382,14.374993324279783,13.687487065792084,-0.6875062584877014,13.0,14.375,13.6875,-0.6875
qwen25_7b,18,valenced_opposite::epistemic::001,valenced_opposite,epistemic,valenced,opposite,0.8,preference_control,15.125,16.625,15.124987959861755,16.62499701976776,15.124987959861755,16.62499701976776,15.874992489814758,-0.7500045299530029,15.125,16.625,15.875,-0.75
qwen25_7b,18,valenced_opposite::epistemic::001,valenced_opposite,epistemic,valenced,opposite,1.0,preference_control,15.75,16.0,15.749991655349731,15.999997854232788,15.749991655349731,15.999997854232788,15.87499475479126,-0.1250030994415283,15.75,16.0,15.875,-0.125
qwen25_7b,18,valenced_opposite::epistemic::002,valenced_opposite,epistemic,valenced,opposite,-1.0,preference_control,-6.625,-7.875,-6.623266696929932,-7.874361991882324,-6.623266696929932,-7.874361991882324,-7.248814344406128,0.6255476474761963,-6.625,-7.875,-7.25,0.625
qwen25_7b,18,valenced_opposite::epistemic::002,valenced_opposite,epistemic,valenced,opposite,-0.8,preference_control,-7.625,-10.0,-7.624273657798767,-9.999781489372252,-7.624273657798767,-9.999781489372252,-8.81202757358551,1.1877539157867432,-7.625,-10.0,-8.8125,1.1875
qwen25_7b,18,valenced_opposite::epistemic::002,valenced_opposite,epistemic,valenced,opposite,-0.6,preference_control,-8.25,-11.875,-8.249529004096985,-11.874859809875488,-8.249529004096985,-11.874859809875488,-10.062194406986237,1.812665402889252,-8.25,-11.875,-10.0625,1.8125
qwen25_7b,18,valenced_opposite::epistemic::002,valenced_opposite,epistemic,valenced,opposite,-0.4,preference_control,-8.875,-13.375,-8.874679923057556,-13.37486720085144,-8.874679923057556,-13.37486720085144,-11.124773561954498,2.250093638896942,-8.875,-13.375,-11.125,2.25
qwen25_7b,18,valenced_opposite::epistemic::002,valenced_opposite,epistemic,valenced,opposite,-0.2,preference_control,-8.5,-12.625,-8.499614953994751,-12.624807238578796,-8.499614953994751,-12.624807238578796,-10.562211096286774,2.0625961422920227,-8.5,-12.625,-10.5625,2.0625
qwen25_7b,18,valenced_opposite::epistemic::002,valenced_opposite,epistemic,valenced,opposite,0.0,preference_control,-6.0,-7.25,-5.997328042984009,-7.248998880386352,-5.997328042984009,-7.248998880386352,-6.623163461685181,0.6258354187011719,-6.0,-7.25,-6.625,0.625
qwen25_7b,18,valenced_opposite::epistemic::002,valenced_opposite,epistemic,valenced,opposite,0.2,preference_control,2.875,3.875,2.8823260068893437,3.869875431060791,2.8823260068893437,3.869875431060791,3.376100718975067,-0.4937747120857239,2.875,3.875,3.375,-0.5
qwen25_7b,18,valenced_opposite::epistemic::002,valenced_opposite,epistemic,valenced,opposite,0.4,preference_control,10.125,9.875,10.124867558479307,9.874871969223022,10.124867558479307,9.874871969223022,9.999869763851166,0.1249977946281433,10.125,9.875,10.0,0.125
qwen25_7b,18,valenced_opposite::epistemic::002,valenced_opposite,epistemic,valenced,opposite,0.6,preference_control,13.375,12.0,13.374921798706056,11.999928712844849,13.374921798706056,11.999928712844849,12.687425255775452,0.687496542930603,13.375,12.0,12.6875,0.6875
qwen25_7b,18,valenced_opposite::epistemic::002,valenced_opposite,epistemic,valenced,opposite,0.8,preference_control,16.375,13.125,16.374942660331726,13.124948740005491,16.374942660331726,13.124948740005491,14.74994570016861,1.6249969601631165,16.375,13.125,14.75,1.625
qwen25_7b,18,valenced_opposite::epistemic::002,valenced_opposite,epistemic,valenced,opposite,1.0,preference_control,19.875,13.25,19.874961853027344,13.249963760375977,19.874961853027344,13.249963760375977,16.56246280670166,3.312499046325684,19.875,13.25,16.5625,3.3125
qwen25_7b,18,valenced_opposite::epistemic::003,valenced_opposite,epistemic,valenced,opposite,-1.0,preference_control,-7.625,-8.375,-7.623670816421509,-8.374024510383606,-7.623670816421509,-8.374024510383606,-7.998847663402557,0.3751768469810486,-7.625,-8.375,-8.0,0.375
qwen25_7b,18,valenced_opposite::epistemic::003,valenced_opposite,epistemic,valenced,opposite,-0.8,preference_control,-8.0,-9.625,-7.998708724975586,-9.62419843673706,-7.998708724975586,-9.62419843673706,-8.811453580856323,0.8127448558807373,-8.0,-9.625,-8.8125,0.8125
qwen25_7b,18,valenced_opposite::epistemic::003,valenced_opposite,epistemic,valenced,opposite,-0.6,preference_control,-8.5,-10.625,-8.498960137367249,-10.624245524406431,-8.498960137367249,-10.624245524406431,-9.56160283088684,1.0626426935195925,-8.5,-10.625,-9.5625,1.0625
qwen25_7b,18,valenced_opposite::epistemic::003,valenced_opposite,epistemic,valenced,opposite,-0.4,preference_control,-8.625,-11.625,-8.623753070831299,-11.624062776565552,-8.623753070831299,-11.624062776565552,-10.123907923698424,1.5001548528671265,-8.625,-11.625,-10.125,1.5
qwen25_7b,18,valenced_opposite::epistemic::003,valenced_opposite,epistemic,valenced,opposite,-0.2,preference_control,-8.125,-11.75,-8.122951984405518,-11.748937249183657,-8.122951984405518,-11.748937249183657,-9.935944616794586,1.8129926323890688,-8.125,-11.75,-9.9375,1.8125
qwen25_7b,18,valenced_opposite::epistemic::003,valenced_opposite,epistemic,valenced,opposite,0.0,preference_control,-6.375,-10.625,-6.371059894561768,-10.62341809272766,-6.371059894561768,-10.62341809272766,-8.497238993644714,2.1261790990829468,-6.375,-10.625,-8.5,2.125
qwen25_7b,18,valenced_opposite::epistemic::003,valenced_opposite,epistemic,valenced,opposite,0.2,preference_control,-0.625,-4.75,-0.6289031505584717,-4.757441759109497,-0.6289031505584717,-4.757441759109497,-2.6931724548339844,2.0642693042755127,-0.625,-4.75,-2.6875,2.0625
qwen25_7b,18,valenced_opposite::epistemic::003,valenced_opposite,epistemic,valenced,opposite,0.4,preference_control,4.5,1.5,4.500978946685791,1.4961003065109253,4.500978946685791,1.4961003065109253,2.998539626598358,1.5024393200874329,4.5,1.5,3.0,1.5
qwen25_7b,18,valenced_opposite::epistemic::003,valenced_opposite,epistemic,valenced,opposite,0.6,preference_control,6.75,2.5,6.7421897649765015,2.507819175720215,6.7421897649765015,2.507819175720215,4.625004470348358,2.1171852946281438,6.75,2.5,4.625,2.125
qwen25_7b,18,valenced_opposite::epistemic::003,valenced_opposite,epistemic,valenced,opposite,0.8,preference_control,7.625,2.125,7.609377026557922,2.1211029291152954,7.609377026557922,2.1211029291152954,4.865239977836609,2.744137048721313,7.625,2.125,4.875,2.75
qwen25_7b,18,valenced_opposite::epistemic::003,valenced_opposite,epistemic,valenced,opposite,1.0,preference_control,8.125,0.375,8.109377384185791,0.3750165700912475,8.109377384185791,0.3750165700912475,4.242196977138519,3.867180407047272,8.125,0.375,4.25,3.875
qwen25_7b,18,valenced_opposite::epistemic::004,valenced_opposite,epistemic,valenced,opposite,-1.0,preference_control,-17.25,-14.25,-17.24998414516449,-14.24998939037323,-17.24998414516449,-14.24998939037323,-15.74998676776886,-1.49999737739563,-17.25,-14.25,-15.75,-1.5
qwen25_7b,18,valenced_opposite::epistemic::004,valenced_opposite,epistemic,valenced,opposite,-0.8,preference_control,-17.375,-14.75,-17.374987483024597,-14.749990582466124,-17.374987483024597,-14.749990582466124,-16.06248903274536,-1.3124984502792358,-17.375,-14.75,-16.0625,-1.3125
qwen25_7b,18,valenced_opposite::epistemic::004,valenced_opposite,epistemic,valenced,opposite,-0.6,preference_control,-17.5,-15.625,-17.499990344047546,-15.62499189376831,-17.499990344047546,-15.62499189376831,-16.56249111890793,-0.937499225139618,-17.5,-15.625,-16.5625,-0.9375
qwen25_7b,18,valenced_opposite::epistemic::004,valenced_opposite,epistemic,valenced,opposite,-0.4,preference_control,-17.625,-16.375,-17.62499225139618,-16.374993681907654,-17.62499225139618,-16.374993681907654,-16.999992966651917,-0.6249992847442627,-17.625,-16.375,-17.0,-0.625
qwen25_7b,18,valenced_opposite::epistemic::004,valenced_opposite,epistemic,valenced,opposite,-0.2,preference_control,-17.25,-16.125,-17.249993562698364,-16.12499225139618,-17.249993562698364,-16.12499225139618,-16.68749290704727,-0.5625006556510925,-17.25,-16.125,-16.6875,-0.5625
qwen25_7b,18,valenced_opposite::epistemic::004,valenced_opposite,epistemic,valenced,opposite,0.0,preference_control,-15.625,-14.375,-15.62499487400055,-14.374993562698364,-15.62499487400055,-14.374993562698364,-14.999994218349457,-0.6250006556510925,-15.625,-14.375,-15.0,-0.625
qwen25_7b,18,valenced_opposite::epistemic::004,valenced_opposite,epistemic,valenced,opposite,0.2,preference_control,-6.75,-4.25,-6.748825073242188,-4.23583984375,-6.748825073242188,-4.23583984375,-5.492332458496094,-1.2564926147460938,-6.75,-4.25,-5.5,-1.25
qwen25_7b,18,valenced_opposite::epistemic::004,valenced_opposite,epistemic,valenced,opposite,0.4,preference_control,2.25,3.5,2.24365234375,3.50146484375,2.24365234375,3.50146484375,2.87255859375,-0.62890625,2.25,3.5,2.875,-0.625
qwen25_7b,18,valenced_opposite::epistemic::004,valenced_opposite,epistemic,valenced,opposite,0.6,preference_control,6.625,6.0,6.623634338378906,5.99749755859375,6.623634338378906,5.99749755859375,6.310565948486328,0.3130683898925781,6.625,6.0,6.3125,0.3125
qwen25_7b,18,valenced_opposite::epistemic::004,valenced_opposite,epistemic,valenced,opposite,0.8,preference_control,9.25,8.0,9.249865531921388,7.999637603759766,9.249865531921388,7.999637603759766,8.624751567840576,0.6251139640808105,9.25,8.0,8.625,0.625
qwen25_7b,18,valenced_opposite::epistemic::004,valenced_opposite,epistemic,valenced,opposite,1.0,preference_control,11.0,9.5,10.999940395355225,9.499883651733398,10.999940395355225,9.499883651733398,10.249912023544312,0.7500283718109131,11.0,9.5,10.25,0.75
qwen25_7b,18,valenced_opposite::epistemic::005,valenced_opposite,epistemic,valenced,opposite,-1.0,preference_control,-6.625,-6.0,-6.623615503311157,-5.997336983680725,-6.623615503311157,-5.997336983680725,-6.310476243495941,-0.313139259815216,-6.625,-6.0,-6.3125,-0.3125
qwen25_7b,18,valenced_opposite::epistemic::005,valenced_opposite,epistemic,valenced,opposite,-0.8,preference_control,-6.75,-7.125,-6.74892008304596,-7.124132990837097,-6.74892008304596,-7.124132990837097,-6.936526536941528,0.1876064538955688,-6.75,-7.125,-6.9375,0.1875
qwen25_7b,18,valenced_opposite::epistemic::005,valenced_opposite,epistemic,valenced,opposite,-0.6,preference_control,-7.25,-7.875,-7.249469757080078,-7.87459933757782,-7.249469757080078,-7.87459933757782,-7.562034547328949,0.3125647902488708,-7.25,-7.875,-7.5625,0.3125
qwen25_7b,18,valenced_opposite::epistemic::005,valenced_opposite,epistemic,valenced,opposite,-0.4,preference_control,-7.5,-8.125,-7.499669194221497,-8.124683856964111,-7.499669194221497,-8.124683856964111,-7.812176525592804,0.3125073313713074,-7.5,-8.125,-7.8125,0.3125
qwen25_7b,18,valenced_opposite::epistemic::005,valenced_opposite,epistemic,valenced,opposite,-0.2,preference_control,-7.875,-7.625,-7.87492048740387,-7.624482870101929,-7.87492048740387,-7.624482870101929,-7.749701678752899,-0.1252188086509704,-7.875,-7.625,-7.75,-0.125
qwen25_7b,18,valenced_opposite::epistemic::005,valenced_opposite,epistemic,valenced,opposite,0.0,preference_control,-7.5,-6.375,-7.499714851379394,-6.373215436935425,-7.499714851379394,-6.373215436935425,-6.93646514415741,-0.5632497072219849,-7.5,-6.375,-6.9375,-0.5625
qwen25_7b,18,valenced_opposite::epistemic::005,valenced_opposite,epistemic,valenced,opposite,0.2,preference_control,-4.125,-1.5,-4.140032529830933,-1.501771092414856,-4.140032529830933,-1.501771092414856,-2.8209018111228943,-1.3191307187080383,-4.125,-1.5,-2.8125,-1.3125
qwen25_7b,18,valenced_opposite::epistemic::005,valenced_opposite,epistemic,valenced,opposite,0.4,preference_control,2.75,2.125,2.750641345977783,2.121660113334656,2.750641345977783,2.121660113334656,2.4361507296562195,0.3144906163215637,2.75,2.125,2.4375,0.3125
qwen25_7b,18,valenced_opposite::epistemic::005,valenced_opposite,epistemic,valenced,opposite,0.6,preference_control,9.75,4.75,9.750110983848572,4.741311430931091,9.750110983848572,4.741311430931091,7.245711207389831,2.50439977645874,9.75,4.75,7.25,2.5
qwen25_7b,18,valenced_opposite::epistemic::005,valenced_opposite,epistemic,valenced,opposite,0.8,preference_control,13.5,6.5,13.500221252441406,6.498424291610718,13.500221252441406,6.498424291610718,9.999322772026062,3.500898480415344,13.5,6.5,10.0,3.5
qwen25_7b,18,valenced_opposite::epistemic::005,valenced_opposite,epistemic,valenced,opposite,1.0,preference_control,15.125,6.125,15.125189542770386,6.122748851776123,15.125189542770386,6.122748851776123,10.623969197273254,4.501220345497131,15.125,6.125,10.625,4.5
qwen25_7b,18,valenced_opposite::epistemic::006,valenced_opposite,epistemic,valenced,opposite,-1.0,preference_control,-11.25,-8.75,-11.250772476196287,-8.749868512153625,-11.250772476196287,-8.749868512153625,-10.000320494174955,-1.2504519820213318,-11.25,-8.75,-10.0,-1.25
qwen25_7b,18,valenced_opposite::epistemic::006,valenced_opposite,epistemic,valenced,opposite,-0.8,preference_control,-12.0,-10.5,-12.001333832740784,-10.499991655349731,-12.001333832740784,-10.499991655349731,-11.250662744045258,-0.7506710886955261,-12.0,-10.5,-11.25,-0.75
qwen25_7b,18,valenced_opposite::epistemic::006,valenced_opposite,epistemic,valenced,opposite,-0.6,preference_control,-12.5,-11.75,-12.501339435577393,-11.749987959861755,-12.501339435577393,-11.749987959861755,-12.125663697719574,-0.3756757378578186,-12.5,-11.75,-12.125,-0.375
qwen25_7b,18,valenced_opposite::epistemic::006,valenced_opposite,epistemic,valenced,opposite,-0.4,preference_control,-12.5,-12.75,-12.50119411945343,-12.749993920326231,-12.50119411945343,-12.749993920326231,-12.625594019889832,0.1243999004364013,-12.5,-12.75,-12.625,0.125
qwen25_7b,18,valenced_opposite::epistemic::006,valenced_opposite,epistemic,valenced,opposite,-0.2,preference_control,-11.875,-12.0,-11.876211404800417,-11.999990344047546,-11.876211404800417,-11.999990344047546,-11.93810087442398,0.0618894696235656,-11.875,-12.0,-11.9375,0.0625
qwen25_7b,18,valenced_opposite::epistemic::006,valenced_opposite,epistemic,valenced,opposite,0.0,preference_control,-9.125,-9.25,-9.125542640686035,-9.249871134757996,-9.125542640686035,-9.249871134757996,-9.187706887722015,0.0621642470359802,-9.125,-9.25,-9.1875,0.0625
qwen25_7b,18,valenced_opposite::epistemic::006,valenced_opposite,epistemic,valenced,opposite,0.2,preference_control,-0.875,-2.375,-0.8769766092300415,-2.3792684078216557,-0.8769766092300415,-2.3792684078216557,-1.6281225085258484,0.7511458992958069,-0.875,-2.375,-1.625,0.75
qwen25_7b,18,valenced_opposite::epistemic::006,valenced_opposite,epistemic,valenced,opposite,0.4,preference_control,6.375,3.375,6.371612310409546,3.36850380897522,6.371612310409546,3.36850380897522,4.870058059692383,1.501554250717163,6.375,3.375,4.875,1.5
qwen25_7b,18,valenced_opposite::epistemic::006,valenced_opposite,epistemic,valenced,opposite,0.6,preference_control,10.0,6.75,9.997934699058533,6.743881702423096,9.997934699058533,6.743881702423096,8.370908200740814,1.6270264983177185,10.0,6.75,8.375,1.625
qwen25_7b,18,valenced_opposite::epistemic::006,valenced_opposite,epistemic,valenced,opposite,0.8,preference_control,12.625,7.875,12.623005509376526,7.870414972305298,12.623005509376526,7.870414972305298,10.246710240840912,2.376295268535614,12.625,7.875,10.25,2.375
qwen25_7b,18,valenced_opposite::epistemic::006,valenced_opposite,epistemic,valenced,opposite,1.0,preference_control,13.25,5.75,13.24738347530365,5.74172830581665,13.24738347530365,5.74172830581665,9.49455589056015,3.7528275847435,13.25,5.75,9.5,3.75
qwen25_7b,18,valenced_opposite::epistemic::007,valenced_opposite,epistemic,valenced,opposite,-1.0,preference_control,-9.5,-6.625,-9.499951601028442,-6.623310565948486,-9.499951601028442,-6.623310565948486,-8.061631083488464,-1.438320517539978,-9.5,-6.625,-8.0625,-1.4375
qwen25_7b,18,valenced_opposite::epistemic::007,valenced_opposite,epistemic,valenced,opposite,-0.8,preference_control,-9.75,-7.25,-9.749974370002748,-7.248986601829529,-9.749974370002748,-7.248986601829529,-8.499480485916138,-1.2504938840866089,-9.75,-7.25,-8.5,-1.25
qwen25_7b,18,valenced_opposite::epistemic::007,valenced_opposite,epistemic,valenced,opposite,-0.6,preference_control,-10.0,-7.625,-10.00005865097046,-7.624136447906494,-10.00005865097046,-7.624136447906494,-8.812097549438477,-1.1879611015319824,-10.0,-7.625,-8.8125,-1.1875
qwen25_7b,18,valenced_opposite::epistemic::007,valenced_opposite,epistemic,valenced,opposite,-0.4,preference_control,-9.875,-6.875,-9.874975085258484,-6.873424768447876,-9.874975085258484,-6.873424768447876,-8.37419992685318,-1.500775158405304,-9.875,-6.875,-8.375,-1.5
qwen25_7b,18,valenced_opposite::epistemic::007,valenced_opposite,epistemic,valenced,opposite,-0.2,preference_control,-8.25,-5.125,-8.24970805644989,-5.117882609367371,-8.24970805644989,-5.117882609367371,-6.68379533290863,-1.5659127235412598,-8.25,-5.125,-6.6875,-1.5625
qwen25_7b,18,valenced_opposite::epistemic::007,valenced_opposite,epistemic,valenced,opposite,0.0,preference_control,-3.875,-1.0,-3.86982524394989,-1.003960371017456,-3.86982524394989,-1.003960371017456,-2.436892807483673,-1.432932436466217,-3.875,-1.0,-2.4375,-1.4375
qwen25_7b,18,valenced_opposite::epistemic::007,valenced_opposite,epistemic,valenced,opposite,0.2,preference_control,8.625,4.25,8.621622323989868,4.264382004737854,8.621622323989868,4.264382004737854,6.443002164363861,2.178620159626007,8.625,4.25,6.4375,2.1875
qwen25_7b,18,valenced_opposite::epistemic::007,valenced_opposite,epistemic,valenced,opposite,0.4,preference_control,17.0,6.625,16.998740434646606,6.61100971698761,16.998740434646606,6.61100971698761,11.804875075817108,5.193865358829498,17.0,6.625,11.8125,5.1875
qwen25_7b,18,valenced_opposite::epistemic::007,valenced_opposite,epistemic,valenced,opposite,0.6,preference_control,20.0,7.5,19.999307870864868,7.49181318283081,19.999307870864868,7.49181318283081,13.74556052684784,6.253747344017029,20.0,7.5,13.75,6.25
qwen25_7b,18,valenced_opposite::epistemic::007,valenced_opposite,epistemic,valenced,opposite,0.8,preference_control,21.1875,6.75,21.24954235553741,6.741145610809326,21.24954235553741,6.741145610809326,13.99534398317337,7.254198372364044,21.1875,6.75,13.96875,7.21875
qwen25_7b,18,valenced_opposite::epistemic::007,valenced_opposite,epistemic,valenced,opposite,1.0,preference_control,22.125,5.5,22.12454617023468,5.488217711448669,22.12454617023468,5.488217711448669,13.806381940841677,8.318164229393005,22.125,5.5,13.8125,8.3125
qwen25_7b,18,valenced_opposite::epistemic::008,valenced_opposite,epistemic,valenced,opposite,-1.0,preference_control,-15.0,-10.0,-15.251668334007263,-10.014115810394289,-15.251668334007263,-10.014115810394289,-12.632892072200775,-2.618776261806488,-15.0,-10.0,-12.5,-2.5
qwen25_7b,18,valenced_opposite::epistemic::008,valenced_opposite,epistemic,valenced,opposite,-0.8,preference_control,-14.75,-11.375,-15.273272275924684,-11.41810405254364,-15.273272275924684,-11.41810405254364,-13.34568816423416,-1.9275841116905208,-14.75,-11.375,-13.0625,-1.6875
qwen25_7b,18,valenced_opposite::epistemic::008,valenced_opposite,epistemic,valenced,opposite,-0.6,preference_control,-14.125,-13.0,-14.82017433643341,-13.08930003643036,-14.82017433643341,-13.08930003643036,-13.954737186431885,-0.8654371500015259,-14.125,-13.0,-13.5625,-0.5625
qwen25_7b,18,valenced_opposite::epistemic::008,valenced_opposite,epistemic,valenced,opposite,-0.4,preference_control,-12.875,-13.375,-13.70297145843506,-13.488225936889648,-13.70297145843506,-13.488225936889648,-13.595598697662354,-0.107372760772705,-12.875,-13.375,-13.125,0.25
qwen25_7b,18,valenced_opposite::epistemic::008,valenced_opposite,epistemic,valenced,opposite,-0.2,preference_control,-11.625,-11.875,-12.382668018341064,-11.954030394554138,-12.382668018341064,-11.954030394554138,-12.1683492064476,-0.2143188118934631,-11.625,-11.875,-11.75,0.125
qwen25_7b,18,valenced_opposite::epistemic::008,valenced_opposite,epistemic,valenced,opposite,0.0,preference_control,-8.5,-8.375,-8.929314017295837,-8.40827465057373,-8.929314017295837,-8.40827465057373,-8.668794333934784,-0.2605196833610534,-8.5,-8.375,-8.4375,-0.0625
qwen25_7b,18,valenced_opposite::epistemic::008,valenced_opposite,epistemic,valenced,opposite,0.2,preference_control,2.75,5.25,2.727284073829651,5.2411651611328125,2.727284073829651,5.2411651611328125,3.984224617481232,-1.2569405436515808,2.75,5.25,4.0,-1.25
qwen25_7b,18,valenced_opposite::epistemic::008,valenced_opposite,epistemic,valenced,opposite,0.4,preference_control,10.75,14.0,10.747582197189333,13.998707056045532,10.747582197189333,13.998707056045532,12.373144626617432,-1.6255624294281006,10.75,14.0,12.375,-1.625
qwen25_7b,18,valenced_opposite::epistemic::008,valenced_opposite,epistemic,valenced,opposite,0.6,preference_control,14.375,15.625,14.373909831047058,15.62412178516388,14.373909831047058,15.62412178516388,14.999015808105469,-0.6251059770584106,14.375,15.625,15.0,-0.625
qwen25_7b,18,valenced_opposite::epistemic::008,valenced_opposite,epistemic,valenced,opposite,0.8,preference_control,17.375,16.75,17.3747376203537,16.749700665473938,17.3747376203537,16.749700665473938,17.06221914291382,0.3125184774398803,17.375,16.75,17.0625,0.3125
qwen25_7b,18,valenced_opposite::epistemic::008,valenced_opposite,epistemic,valenced,opposite,1.0,preference_control,18.875,17.625,18.87500548362732,17.625009059906006,18.87500548362732,17.625009059906006,18.250007271766663,0.6249982118606567,18.875,17.625,18.25,0.625
qwen25_7b,18,valenced_opposite::epistemic::009,valenced_opposite,epistemic,valenced,opposite,-1.0,preference_control,-9.125,-4.25,-9.12459146976471,-4.23541247844696,-9.12459146976471,-4.23541247844696,-6.680001974105835,-2.4445894956588745,-9.125,-4.25,-6.6875,-2.4375
qwen25_7b,18,valenced_opposite::epistemic::009,valenced_opposite,epistemic,valenced,opposite,-0.8,preference_control,-9.5,-5.0,-9.499661922454834,-4.9929503202438354,-9.499661922454834,-4.9929503202438354,-7.246306121349335,-2.2533558011054997,-9.5,-5.0,-7.25,-2.25
qwen25_7b,18,valenced_opposite::epistemic::009,valenced_opposite,epistemic,valenced,opposite,-0.6,preference_control,-9.625,-5.375,-9.624681115150452,-5.36999499797821,-9.624681115150452,-5.36999499797821,-7.497338056564331,-2.1273430585861206,-9.625,-5.375,-7.5,-2.125
qwen25_7b,18,valenced_opposite::epistemic::009,valenced_opposite,epistemic,valenced,opposite,-0.4,preference_control,-9.25,-4.625,-9.24972116947174,-4.6141966581344604,-9.24972116947174,-4.6141966581344604,-6.931958913803101,-2.31776225566864,-9.25,-4.625,-6.9375,-2.3125
qwen25_7b,18,valenced_opposite::epistemic::009,valenced_opposite,epistemic,valenced,opposite,-0.2,preference_control,-7.125,-3.625,-7.123962044715881,-3.628173589706421,-7.123962044715881,-3.628173589706421,-5.376067817211151,-1.7478942275047302,-7.125,-3.625,-5.375,-1.75
qwen25_7b,18,valenced_opposite::epistemic::009,valenced_opposite,epistemic,valenced,opposite,0.0,preference_control,-3.5,-1.375,-3.500975966453552,-1.3740230798721311,-3.500975966453552,-1.3740230798721311,-2.437499523162842,-1.0634764432907104,-3.5,-1.375,-2.4375,-1.0625
qwen25_7b,18,valenced_opposite::epistemic::009,valenced_opposite,epistemic,valenced,opposite,0.2,preference_control,3.875,4.0,3.869019269943237,4.012574076652527,3.869019269943237,4.012574076652527,3.940796673297882,-0.0717774033546447,3.875,4.0,3.9375,-0.0625
qwen25_7b,18,valenced_opposite::epistemic::009,valenced_opposite,epistemic,valenced,opposite,0.4,preference_control,9.75,8.0,9.749735713005066,7.999522089958191,9.749735713005066,7.999522089958191,8.874628901481628,0.8751068115234375,9.75,8.0,8.875,0.875
qwen25_7b,18,valenced_opposite::epistemic::009,valenced_opposite,epistemic,valenced,opposite,0.6,preference_control,11.625,8.625,11.62486445903778,8.6247239112854,11.62486445903778,8.6247239112854,10.12479418516159,1.5000702738761902,11.625,8.625,10.125,1.5
qwen25_7b,18,valenced_opposite::epistemic::009,valenced_opposite,epistemic,valenced,opposite,0.8,preference_control,12.375,8.0,12.374884009361269,7.99958324432373,12.374884009361269,7.99958324432373,10.1872336268425,2.1876503825187683,12.375,8.0,10.1875,2.1875
qwen25_7b,18,valenced_opposite::epistemic::009,valenced_opposite,epistemic,valenced,opposite,1.0,preference_control,13.0,7.375,12.999918818473816,7.375354766845703,12.999918818473816,7.375354766845703,10.18763679265976,2.8122820258140564,13.0,7.375,10.1875,2.8125
qwen25_7b,18,valenced_opposite::epistemic::010,valenced_opposite,epistemic,valenced,opposite,-1.0,preference_control,-11.0,-10.375,-10.999980807304382,-10.374967098236084,-10.999980807304382,-10.374967098236084,-10.687473952770231,-0.3125068545341491,-11.0,-10.375,-10.6875,-0.3125
qwen25_7b,18,valenced_opposite::epistemic::010,valenced_opposite,epistemic,valenced,opposite,-0.8,preference_control,-11.25,-11.375,-11.249985814094543,-11.374987483024595,-11.249985814094543,-11.374987483024595,-11.31248664855957,0.0625008344650268,-11.25,-11.375,-11.3125,0.0625
qwen25_7b,18,valenced_opposite::epistemic::010,valenced_opposite,epistemic,valenced,opposite,-0.6,preference_control,-11.25,-11.875,-11.249986171722412,-11.87499225139618,-11.249986171722412,-11.87499225139618,-11.562489211559296,0.3125030398368835,-11.25,-11.875,-11.5625,0.3125
qwen25_7b,18,valenced_opposite::epistemic::010,valenced_opposite,epistemic,valenced,opposite,-0.4,preference_control,-10.875,-12.0,-10.874980449676514,-11.999993324279783,-10.874980449676514,-11.999993324279783,-11.43748688697815,0.5625064373016357,-10.875,-12.0,-11.4375,0.5625
qwen25_7b,18,valenced_opposite::epistemic::010,valenced_opposite,epistemic,valenced,opposite,-0.2,preference_control,-9.75,-10.625,-9.74994134902954,-10.624975323677065,-9.74994134902954,-10.624975323677065,-10.187458336353302,0.437516987323761,-9.75,-10.625,-10.1875,0.4375
qwen25_7b,18,valenced_opposite::epistemic::010,valenced_opposite,epistemic,valenced,opposite,0.0,preference_control,-7.375,-8.25,-7.374374032020569,-8.249738335609436,-7.374374032020569,-8.249738335609436,-7.812056183815002,0.4376821517944336,-7.375,-8.25,-7.8125,0.4375
qwen25_7b,18,valenced_opposite::epistemic::010,valenced_opposite,epistemic,valenced,opposite,0.2,preference_control,2.25,-0.75,2.2436524629592896,-0.7539061307907104,2.2436524629592896,-0.7539061307907104,0.7448731660842896,1.498779296875,2.25,-0.75,0.75,1.5
qwen25_7b,18,valenced_opposite::epistemic::010,valenced_opposite,epistemic,valenced,opposite,0.4,preference_control,10.375,7.25,10.374914765357971,7.249161005020142,10.374914765357971,7.249161005020142,8.812037885189056,1.5628768801689148,10.375,7.25,8.8125,1.5625
qwen25_7b,18,valenced_opposite::epistemic::010,valenced_opposite,epistemic,valenced,opposite,0.6,preference_control,13.375,9.625,13.374951720237732,9.62482213973999,13.374951720237732,9.62482213973999,11.49988692998886,1.8750647902488708,13.375,9.625,11.5,1.875
qwen25_7b,18,valenced_opposite::epistemic::010,valenced_opposite,epistemic,valenced,opposite,0.8,preference_control,14.875,9.5,14.874958515167236,9.499800205230711,14.874958515167236,9.499800205230711,12.187379360198976,2.6875791549682617,14.875,9.5,12.1875,2.6875
qwen25_7b,18,valenced_opposite::epistemic::010,valenced_opposite,epistemic,valenced,opposite,1.0,preference_control,15.0,8.625,14.99996292591095,8.624701261520386,14.99996292591095,8.624701261520386,11.812332093715668,3.187630832195282,15.0,8.625,11.8125,3.1875
qwen25_7b,18,valenced_opposite::epistemic::011,valenced_opposite,epistemic,valenced,opposite,-1.0,preference_control,-7.875,-7.5,-7.887515425682068,-7.502515196800232,-7.887515425682068,-7.502515196800232,-7.69501531124115,-0.1925001144409179,-7.875,-7.5,-7.6875,-0.1875
qwen25_7b,18,valenced_opposite::epistemic::011,valenced_opposite,epistemic,valenced,opposite,-0.8,preference_control,-8.5,-8.625,-8.510823607444763,-8.62738847732544,-8.510823607444763,-8.62738847732544,-8.569106042385101,0.0582824349403381,-8.5,-8.625,-8.5625,0.0625
qwen25_7b,18,valenced_opposite::epistemic::011,valenced_opposite,epistemic,valenced,opposite,-0.6,preference_control,-8.5,-9.375,-8.509225487709045,-9.377051949501038,-8.509225487709045,-9.377051949501038,-8.943138718605042,0.4339132308959961,-8.5,-9.375,-8.9375,0.4375
qwen25_7b,18,valenced_opposite::epistemic::011,valenced_opposite,epistemic,valenced,opposite,-0.4,preference_control,-6.875,-9.125,-6.880279183387756,-9.126495838165283,-6.880279183387756,-9.126495838165283,-8.00338751077652,1.1231083273887634,-6.875,-9.125,-8.0,1.125
qwen25_7b,18,valenced_opposite::epistemic::011,valenced_opposite,epistemic,valenced,opposite,-0.2,preference_control,-0.75,-7.0,-0.7539591789245605,-7.0002264976501465,-0.7539591789245605,-7.0002264976501465,-3.8770928382873535,3.123133659362793,-0.75,-7.0,-3.875,3.125
qwen25_7b,18,valenced_opposite::epistemic::011,valenced_opposite,epistemic,valenced,opposite,0.0,preference_control,9.375,-1.75,9.37021827697754,-1.7539465427398682,9.37021827697754,-1.7539465427398682,3.808135867118835,5.562082409858704,9.375,-1.75,3.8125,5.5625
qwen25_7b,18,valenced_opposite::epistemic::011,valenced_opposite,epistemic,valenced,opposite,0.2,preference_control,16.25,6.0,16.246972799301147,5.996650457382202,16.246972799301147,5.996650457382202,11.121811628341677,5.125161170959473,16.25,6.0,11.125,5.125
qwen25_7b,18,valenced_opposite::epistemic::011,valenced_opposite,epistemic,valenced,opposite,0.4,preference_control,19.25,8.75,19.247881650924683,8.749066829681396,19.247881650924683,8.749066829681396,13.99847424030304,5.249407410621643,19.25,8.75,14.0,5.25
qwen25_7b,18,valenced_opposite::epistemic::011,valenced_opposite,epistemic,valenced,opposite,0.6,preference_control,20.75,9.875,20.747888326644897,9.87435269355774,20.747888326644897,9.87435269355774,15.311120510101318,5.436767816543579,20.75,9.875,15.3125,5.4375
qwen25_7b,18,valenced_opposite::epistemic::011,valenced_opposite,epistemic,valenced,opposite,0.8,preference_control,21.5,8.75,21.498334288597107,8.749496936798096,21.498334288597107,8.749496936798096,15.1239156126976,6.374418675899506,21.5,8.75,15.125,6.375
qwen25_7b,18,valenced_opposite::epistemic::011,valenced_opposite,epistemic,valenced,opposite,1.0,preference_control,21.0,6.125,20.9988317489624,6.124137878417969,20.9988317489624,6.124137878417969,13.561484813690186,7.437346935272217,21.0,6.125,13.5625,7.4375
qwen25_7b,18,valenced_opposite::epistemic::012,valenced_opposite,epistemic,valenced,opposite,-1.0,preference_control,-9.875,-7.0,-9.874910354614258,-6.99906063079834,-9.874910354614258,-6.99906063079834,-8.436985492706299,-1.437924861907959,-9.875,-7.0,-8.4375,-1.4375
qwen25_7b,18,valenced_opposite::epistemic::012,valenced_opposite,epistemic,valenced,opposite,-0.8,preference_control,-11.0,-8.375,-10.999950051307678,-8.374748229980469,-10.999950051307678,-8.374748229980469,-9.687349140644072,-1.3126009106636047,-11.0,-8.375,-9.6875,-1.3125
qwen25_7b,18,valenced_opposite::epistemic::012,valenced_opposite,epistemic,valenced,opposite,-0.6,preference_control,-12.125,-9.5,-12.12497067451477,-9.499911427497864,-12.12497067451477,-9.499911427497864,-10.812441051006315,-1.3125296235084534,-12.125,-9.5,-10.8125,-1.3125
qwen25_7b,18,valenced_opposite::epistemic::012,valenced_opposite,epistemic,valenced,opposite,-0.4,preference_control,-12.5,-10.625,-12.499978065490724,-10.624960899353027,-12.499978065490724,-10.624960899353027,-11.562469482421877,-0.9375085830688475,-12.5,-10.625,-11.5625,-0.9375
qwen25_7b,18,valenced_opposite::epistemic::012,valenced_opposite,epistemic,valenced,opposite,-0.2,preference_control,-11.75,-9.625,-11.74997615814209,-9.624919414520264,-11.74997615814209,-9.624919414520264,-10.687447786331177,-1.062528371810913,-11.75,-9.625,-10.6875,-1.0625
qwen25_7b,18,valenced_opposite::epistemic::012,valenced_opposite,epistemic,valenced,opposite,0.0,preference_control,-8.625,-6.875,-8.62479543685913,-6.873947739601135,-8.62479543685913,-6.873947739601135,-7.749371588230133,-0.8754238486289978,-8.625,-6.875,-7.75,-0.875
qwen25_7b,18,valenced_opposite::epistemic::012,valenced_opposite,epistemic,valenced,opposite,0.2,preference_control,1.875,-2.25,1.873068690299988,-2.243640184402466,1.873068690299988,-2.243640184402466,-0.185285747051239,2.058354437351227,1.875,-2.25,-0.1875,2.0625
qwen25_7b,18,valenced_opposite::epistemic::012,valenced_opposite,epistemic,valenced,opposite,0.4,preference_control,8.625,2.25,8.624621868133545,2.243664026260376,8.624621868133545,2.243664026260376,5.43414294719696,3.1904789209365845,8.625,2.25,5.4375,3.1875
qwen25_7b,18,valenced_opposite::epistemic::012,valenced_opposite,epistemic,valenced,opposite,0.6,preference_control,12.625,5.75,12.624780774116516,5.746670365333557,12.624780774116516,5.746670365333557,9.185725569725037,3.4390552043914795,12.625,5.75,9.1875,3.4375
qwen25_7b,18,valenced_opposite::epistemic::012,valenced_opposite,epistemic,valenced,opposite,0.8,preference_control,16.0,8.0,15.999762892723083,7.999466419219971,15.999762892723083,7.999466419219971,11.999614655971529,4.000148236751556,16.0,8.0,12.0,4.0
qwen25_7b,18,valenced_opposite::epistemic::012,valenced_opposite,epistemic,valenced,opposite,1.0,preference_control,18.375,8.0,18.374590158462524,7.999428749084473,18.374590158462524,7.999428749084473,13.1870094537735,5.187580704689026,18.375,8.0,13.1875,5.1875
qwen25_7b,18,valenced_opposite::epistemic::013,valenced_opposite,epistemic,valenced,opposite,-1.0,preference_control,-8.0,-9.5,-7.990450382232666,-9.498368382453918,-7.990450382232666,-9.498368382453918,-8.744409382343292,0.7539590001106262,-8.0,-9.5,-8.75,0.75
qwen25_7b,18,valenced_opposite::epistemic::013,valenced_opposite,epistemic,valenced,opposite,-0.8,preference_control,-8.125,-9.5,-8.118006110191345,-9.497353553771973,-8.118006110191345,-9.497353553771973,-8.807679831981659,0.6896737217903137,-8.125,-9.5,-8.8125,0.6875
qwen25_7b,18,valenced_opposite::epistemic::013,valenced_opposite,epistemic,valenced,opposite,-0.6,preference_control,-8.0,-9.5,-7.993342041969299,-9.496974229812622,-7.993342041969299,-9.496974229812622,-8.74515813589096,0.7518160939216614,-8.0,-9.5,-8.75,0.75
qwen25_7b,18,valenced_opposite::epistemic::013,valenced_opposite,epistemic,valenced,opposite,-0.4,preference_control,-7.125,-8.875,-7.113422870635986,-8.870256066322327,-7.113422870635986,-8.870256066322327,-7.991839468479156,0.8784165978431702,-7.125,-8.875,-8.0,0.875
qwen25_7b,18,valenced_opposite::epistemic::013,valenced_opposite,epistemic,valenced,opposite,-0.2,preference_control,-6.0,-7.25,-6.004341959953308,-7.2370253801345825,-6.004341959953308,-7.2370253801345825,-6.620683670043945,0.6163417100906372,-6.0,-7.25,-6.625,0.625
qwen25_7b,18,valenced_opposite::epistemic::013,valenced_opposite,epistemic,valenced,opposite,0.0,preference_control,-4.25,-4.0,-4.241765141487122,-4.005876183509827,-4.241765141487122,-4.005876183509827,-4.123820662498474,-0.1179444789886474,-4.25,-4.0,-4.125,-0.125
qwen25_7b,18,valenced_opposite::epistemic::013,valenced_opposite,epistemic,valenced,opposite,0.2,preference_control,2.25,1.375,2.250016689300537,1.3740222454071045,2.250016689300537,1.3740222454071045,1.8120194673538208,0.4379972219467163,2.25,1.375,1.8125,0.4375
qwen25_7b,18,valenced_opposite::epistemic::013,valenced_opposite,epistemic,valenced,opposite,0.4,preference_control,8.0,3.125,7.99942672252655,3.128183603286743,7.99942672252655,3.128183603286743,5.563805162906647,2.435621559619904,8.0,3.125,5.5625,2.4375
qwen25_7b,18,valenced_opposite::epistemic::013,valenced_opposite,epistemic,valenced,opposite,0.6,preference_control,10.375,3.125,10.374922633171082,3.128686308860779,10.374922633171082,3.128686308860779,6.75180447101593,3.623118162155152,10.375,3.125,6.75,3.625
qwen25_7b,18,valenced_opposite::epistemic::013,valenced_opposite,epistemic,valenced,opposite,0.8,preference_control,12.5,2.0,12.5000262260437,1.9981701374053955,12.5000262260437,1.9981701374053955,7.249098181724548,5.250928044319153,12.5,2.0,7.25,5.25
qwen25_7b,18,valenced_opposite::epistemic::013,valenced_opposite,epistemic,valenced,opposite,1.0,preference_control,14.0,0.375,14.000485181808472,0.3759996891021728,14.000485181808472,0.3759996891021728,7.188242435455322,6.812242746353149,14.0,0.375,7.1875,6.8125
qwen25_7b,18,valenced_opposite::epistemic::014,valenced_opposite,epistemic,valenced,opposite,-1.0,preference_control,-11.875,-10.75,-11.875008344650269,-10.749980092048643,-11.875008344650269,-10.749980092048643,-11.312494218349457,-0.5625141263008118,-11.875,-10.75,-11.3125,-0.5625
qwen25_7b,18,valenced_opposite::epistemic::014,valenced_opposite,epistemic,valenced,opposite,-0.8,preference_control,-12.875,-12.375,-12.875008821487429,-12.374997615814207,-12.875008821487429,-12.374997615814207,-12.625003218650818,-0.2500056028366089,-12.875,-12.375,-12.625,-0.25
qwen25_7b,18,valenced_opposite::epistemic::014,valenced_opposite,epistemic,valenced,opposite,-0.6,preference_control,-13.625,-13.625,-13.625006556510924,-13.62500023841858,-13.625006556510924,-13.62500023841858,-13.625003397464752,-3.159046173095703e-06,-13.625,-13.625,-13.625,0.0
qwen25_7b,18,valenced_opposite::epistemic::014,valenced_opposite,epistemic,valenced,opposite,-0.4,preference_control,-13.875,-13.625,-13.875004172325134,-13.62500011920929,-13.875004172325134,-13.62500011920929,-13.750002145767212,-0.1250020265579223,-13.875,-13.625,-13.75,-0.125
qwen25_7b,18,valenced_opposite::epistemic::014,valenced_opposite,epistemic,valenced,opposite,-0.2,preference_control,-12.125,-12.125,-12.124998211860657,-12.124995470046995,-12.124998211860657,-12.124995470046995,-12.124996840953829,-1.3709068298339844e-06,-12.125,-12.125,-12.125,0.0
qwen25_7b,18,valenced_opposite::epistemic::014,valenced_opposite,epistemic,valenced,opposite,0.0,preference_control,-7.25,-9.0,-7.249291896820068,-8.999876737594604,-7.249291896820068,-8.999876737594604,-8.124584317207336,0.8752924203872681,-7.25,-9.0,-8.125,0.875
qwen25_7b,18,valenced_opposite::epistemic::014,valenced_opposite,epistemic,valenced,opposite,0.2,preference_control,2.0,-3.0,1.9980465173721316,-2.9982913732528687,1.9980465173721316,-2.9982913732528687,-0.5001224279403687,2.4981689453125,2.0,-3.0,-0.5,2.5
qwen25_7b,18,valenced_opposite::epistemic::014,valenced_opposite,epistemic,valenced,opposite,0.4,preference_control,7.5,3.75,7.499446630477905,3.7424315214157104,7.499446630477905,3.7424315214157104,5.620939075946808,1.8785075545310972,7.5,3.75,5.625,1.875
qwen25_7b,18,valenced_opposite::epistemic::014,valenced_opposite,epistemic,valenced,opposite,0.6,preference_control,11.5,8.75,11.499988317489624,8.749839663505554,11.499988317489624,8.749839663505554,10.124913990497587,1.375074326992035,11.5,8.75,10.125,1.375
qwen25_7b,18,valenced_opposite::epistemic::014,valenced_opposite,epistemic,valenced,opposite,0.8,preference_control,15.625,10.75,15.6249977350235,10.749976634979248,15.6249977350235,10.749976634979248,13.187487185001372,2.437510550022125,15.625,10.75,13.1875,2.4375
qwen25_7b,18,valenced_opposite::epistemic::014,valenced_opposite,epistemic,valenced,opposite,1.0,preference_control,18.625,8.875,18.624996781349186,8.874857068061829,18.624996781349186,8.874857068061829,13.749926924705504,4.875069856643677,18.625,8.875,13.75,4.875
qwen25_7b,18,valenced_opposite::epistemic::015,valenced_opposite,epistemic,valenced,opposite,-1.0,preference_control,-10.25,-11.5,-10.249926447868347,-11.499978303909302,-10.249926447868347,-11.499978303909302,-10.874952375888824,0.6250259280204773,-10.25,-11.5,-10.875,0.625
qwen25_7b,18,valenced_opposite::epistemic::015,valenced_opposite,epistemic,valenced,opposite,-0.8,preference_control,-11.0,-12.25,-10.999944686889648,-12.24998378753662,-10.999944686889648,-12.24998378753662,-11.624964237213137,0.6250195503234863,-11.0,-12.25,-11.625,0.625
qwen25_7b,18,valenced_opposite::epistemic::015,valenced_opposite,epistemic,valenced,opposite,-0.6,preference_control,-11.375,-12.625,-11.374947905540466,-12.624987244606018,-11.374947905540466,-12.624987244606018,-11.999967575073242,0.6250196695327759,-11.375,-12.625,-12.0,0.625
qwen25_7b,18,valenced_opposite::epistemic::015,valenced_opposite,epistemic,valenced,opposite,-0.4,preference_control,-11.375,-12.25,-11.374939203262327,-12.249984383583069,-11.374939203262327,-12.249984383583069,-11.8124617934227,0.4375225901603699,-11.375,-12.25,-11.8125,0.4375
qwen25_7b,18,valenced_opposite::epistemic::015,valenced_opposite,epistemic,valenced,opposite,-0.2,preference_control,-10.5,-11.75,-10.499929189682009,-11.749980330467224,-10.499929189682009,-11.749980330467224,-11.124954760074615,0.6250255703926086,-10.5,-11.75,-11.125,0.625
qwen25_7b,18,valenced_opposite::epistemic::015,valenced_opposite,epistemic,valenced,opposite,0.0,preference_control,-7.75,-10.375,-7.749522686004639,-10.374957919120789,-7.749522686004639,-10.374957919120789,-9.062240302562714,1.312717616558075,-7.75,-10.375,-9.0625,1.3125
qwen25_7b,18,valenced_opposite::epistemic::015,valenced_opposite,epistemic,valenced,opposite,0.2,preference_control,-1.875,-9.0,-1.873016595840454,-8.999865412712097,-1.873016595840454,-8.999865412712097,-5.436441004276276,3.563424408435821,-1.875,-9.0,-5.4375,3.5625
qwen25_7b,18,valenced_opposite::epistemic::015,valenced_opposite,epistemic,valenced,opposite,0.4,preference_control,2.75,-7.875,2.7502713203430176,-7.874610543251038,2.7502713203430176,-7.874610543251038,-2.56216961145401,5.312440931797028,2.75,-7.875,-2.5625,5.3125
qwen25_7b,18,valenced_opposite::epistemic::015,valenced_opposite,epistemic,valenced,opposite,0.6,preference_control,7.5,-6.25,7.499257087707519,-6.248061656951904,7.499257087707519,-6.248061656951904,0.6255977153778076,6.873659372329712,7.5,-6.25,0.625,6.875
qwen25_7b,18,valenced_opposite::epistemic::015,valenced_opposite,epistemic,valenced,opposite,0.8,preference_control,13.0,-4.0,12.999875545501707,-4.013051629066467,12.999875545501707,-4.013051629066467,4.493411958217621,8.506463587284088,13.0,-4.0,4.5,8.5
qwen25_7b,18,valenced_opposite::epistemic::015,valenced_opposite,epistemic,valenced,opposite,1.0,preference_control,17.75,-1.25,17.74997854232788,-1.2480322122573853,17.74997854232788,-1.2480322122573853,8.250973165035248,9.499005377292631,17.75,-1.25,8.25,9.5
qwen25_7b,18,valenced_opposite::epistemic::016,valenced_opposite,epistemic,valenced,opposite,-1.0,preference_control,-14.375,-15.0,-14.374892234802246,-14.999290943145752,-14.374892234802246,-14.999290943145752,-14.687091588974,0.3121993541717529,-14.375,-15.0,-14.6875,0.3125
qwen25_7b,18,valenced_opposite::epistemic::016,valenced_opposite,epistemic,valenced,opposite,-0.8,preference_control,-15.125,-15.625,-15.12492311000824,-15.62394666671753,-15.12492311000824,-15.62394666671753,-15.374434888362885,0.2495117783546447,-15.125,-15.625,-15.375,0.25
qwen25_7b,18,valenced_opposite::epistemic::016,valenced_opposite,epistemic,valenced,opposite,-0.6,preference_control,-15.375,-16.25,-15.374947547912598,-16.248703122138977,-15.374947547912598,-16.248703122138977,-15.811825335025787,0.4368777871131897,-15.375,-16.25,-15.8125,0.4375
qwen25_7b,18,valenced_opposite::epistemic::016,valenced_opposite,epistemic,valenced,opposite,-0.4,preference_control,-14.125,-16.5,-14.124942541122437,-16.498871088027954,-14.124942541122437,-16.498871088027954,-15.311906814575195,1.1869642734527588,-14.125,-16.5,-15.3125,1.1875
qwen25_7b,18,valenced_opposite::epistemic::016,valenced_opposite,epistemic,valenced,opposite,-0.2,preference_control,-11.125,-16.625,-11.124927639961244,-16.624440908432007,-11.124927639961244,-16.624440908432007,-13.874684274196625,2.749756634235382,-11.125,-16.625,-13.875,2.75
qwen25_7b,18,valenced_opposite::epistemic::016,valenced_opposite,epistemic,valenced,opposite,0.0,preference_control,-3.0,-14.625,-2.9982861280441284,-14.62470555305481,-2.9982861280441284,-14.62470555305481,-8.811495840549469,5.813209712505341,-3.0,-14.625,-8.8125,5.8125
qwen25_7b,18,valenced_opposite::epistemic::016,valenced_opposite,epistemic,valenced,opposite,0.2,preference_control,8.0,-4.0,7.999152064323425,-4.0129154920578,7.999152064323425,-4.0129154920578,1.9931182861328125,6.006033778190613,8.0,-4.0,2.0,6.0
qwen25_7b,18,valenced_opposite::epistemic::016,valenced_opposite,epistemic,valenced,opposite,0.4,preference_control,11.875,5.875,11.874552607536316,5.872005939483643,11.874552607536316,5.872005939483643,8.87327927350998,3.0012733340263367,11.875,5.875,8.875,3.0
qwen25_7b,18,valenced_opposite::epistemic::016,valenced_opposite,epistemic,valenced,opposite,0.6,preference_control,14.75,8.5,14.749701499938965,8.499629259109497,14.749701499938965,8.499629259109497,11.624665379524233,3.125036120414734,14.75,8.5,11.625,3.125
qwen25_7b,18,valenced_opposite::epistemic::016,valenced_opposite,epistemic,valenced,opposite,0.8,preference_control,17.0,9.25,16.99966275691986,9.249846935272217,16.99966275691986,9.249846935272217,13.12475484609604,3.874907910823822,17.0,9.25,13.125,3.875
qwen25_7b,18,valenced_opposite::epistemic::016,valenced_opposite,epistemic,valenced,opposite,1.0,preference_control,18.25,8.25,18.24966537952423,8.24993896484375,18.24966537952423,8.24993896484375,13.24980217218399,4.9998632073402405,18.25,8.25,13.25,5.0
qwen25_7b,18,valenced_opposite::epistemic::017,valenced_opposite,epistemic,valenced,opposite,-1.0,preference_control,-9.125,-2.25,-9.1241455078125,-2.25732421875,-9.1241455078125,-2.25732421875,-5.69073486328125,-3.43341064453125,-9.125,-2.25,-5.6875,-3.4375
qwen25_7b,18,valenced_opposite::epistemic::017,valenced_opposite,epistemic,valenced,opposite,-0.8,preference_control,-9.125,-2.625,-9.124374389648438,-2.6318359375,-9.124374389648438,-2.6318359375,-5.878105163574219,-3.2462692260742188,-9.125,-2.625,-5.875,-3.25
qwen25_7b,18,valenced_opposite::epistemic::017,valenced_opposite,epistemic,valenced,opposite,-0.6,preference_control,-8.875,-3.375,-8.874282836914062,-3.37158203125,-8.874282836914062,-3.37158203125,-6.122932434082031,-2.7513504028320312,-8.875,-3.375,-6.125,-2.75
qwen25_7b,18,valenced_opposite::epistemic::017,valenced_opposite,epistemic,valenced,opposite,-0.4,preference_control,-8.5,-3.75,-8.499221801757812,-3.7569580078125,-8.499221801757812,-3.7569580078125,-6.128089904785156,-2.371131896972656,-8.5,-3.75,-6.125,-2.375
qwen25_7b,18,valenced_opposite::epistemic::017,valenced_opposite,epistemic,valenced,opposite,-0.2,preference_control,-6.875,-3.125,-6.873130798339844,-3.12744140625,-6.873130798339844,-3.12744140625,-5.000286102294922,-1.8728446960449217,-6.875,-3.125,-5.0,-1.875
qwen25_7b,18,valenced_opposite::epistemic::017,valenced_opposite,epistemic,valenced,opposite,0.0,preference_control,-2.875,-0.125,-2.881591796875,-0.125,-2.881591796875,-0.125,-1.5032958984375,-1.3782958984375,-2.875,-0.125,-1.5,-1.375
qwen25_7b,18,valenced_opposite::epistemic::017,valenced_opposite,epistemic,valenced,opposite,0.2,preference_control,6.25,5.5,6.248054504394531,5.495880126953125,6.248054504394531,5.495880126953125,5.871967315673828,0.3760871887207031,6.25,5.5,5.875,0.375
qwen25_7b,18,valenced_opposite::epistemic::017,valenced_opposite,epistemic,valenced,opposite,0.4,preference_control,11.75,8.5,11.74998915195465,8.49979019165039,11.74998915195465,8.49979019165039,10.12488967180252,1.62509948015213,11.75,8.5,10.125,1.625
qwen25_7b,18,valenced_opposite::epistemic::017,valenced_opposite,epistemic,valenced,opposite,0.6,preference_control,14.25,10.375,14.249996662139893,10.37496542930603,14.249996662139893,10.37496542930603,12.31248104572296,1.9375156164169312,14.25,10.375,12.3125,1.9375
qwen25_7b,18,valenced_opposite::epistemic::017,valenced_opposite,epistemic,valenced,opposite,0.8,preference_control,16.5,11.125,16.49999761581421,11.124982833862305,16.49999761581421,11.124982833862305,13.812490224838257,2.687507390975952,16.5,11.125,13.8125,2.6875
qwen25_7b,18,valenced_opposite::epistemic::017,valenced_opposite,epistemic,valenced,opposite,1.0,preference_control,18.375,11.625,18.37499725818634,11.624987840652466,18.37499725818634,11.624987840652466,14.999992549419405,3.3750047087669373,18.375,11.625,15.0,3.375
qwen25_7b,18,valenced_opposite::epistemic::018,valenced_opposite,epistemic,valenced,opposite,-1.0,preference_control,-4.125,-1.375,-4.145819664001465,-1.377995491027832,-4.145819664001465,-1.377995491027832,-2.7619075775146484,-1.3839120864868164,-4.125,-1.375,-2.75,-1.375
qwen25_7b,18,valenced_opposite::epistemic::018,valenced_opposite,epistemic,valenced,opposite,-0.8,preference_control,-4.25,-1.375,-4.241823077201843,-1.3777199983596802,-4.241823077201843,-1.3777199983596802,-2.8097715377807617,-1.4320515394210815,-4.25,-1.375,-2.8125,-1.4375
qwen25_7b,18,valenced_opposite::epistemic::018,valenced_opposite,epistemic,valenced,opposite,-0.6,preference_control,-4.125,-1.875,-4.145015001296997,-1.874756097793579,-4.145015001296997,-1.874756097793579,-3.009885549545288,-1.135129451751709,-4.125,-1.875,-3.0,-1.125
qwen25_7b,18,valenced_opposite::epistemic::018,valenced_opposite,epistemic,valenced,opposite,-0.4,preference_control,-3.875,-2.25,-3.8723413944244394,-2.2450594902038574,-3.8723413944244394,-2.2450594902038574,-3.058700442314148,-0.8136409521102905,-3.875,-2.25,-3.0625,-0.8125
qwen25_7b,18,valenced_opposite::epistemic::018,valenced_opposite,epistemic,valenced,opposite,-0.2,preference_control,-2.75,-2.875,-2.750941753387451,-2.88349711894989,-2.750941753387451,-2.88349711894989,-2.8172194361686707,0.0662776827812194,-2.75,-2.875,-2.8125,0.0625
qwen25_7b,18,valenced_opposite::epistemic::018,valenced_opposite,epistemic,valenced,opposite,0.0,preference_control,0.0,-3.5,-0.0003650188446044,-3.501922726631165,-0.0003650188446044,-3.501922726631165,-1.7511438727378843,1.75077885389328,0.0,-3.5,-1.75,1.75
qwen25_7b,18,valenced_opposite::epistemic::018,valenced_opposite,epistemic,valenced,opposite,0.2,preference_control,5.25,-4.875,5.244655728340149,-4.867450833320618,5.244655728340149,-4.867450833320618,0.1886024475097656,5.056053280830383,5.25,-4.875,0.1875,5.0625
qwen25_7b,18,valenced_opposite::epistemic::018,valenced_opposite,epistemic,valenced,opposite,0.4,preference_control,8.375,-6.75,8.374704241752625,-6.748836755752564,8.374704241752625,-6.748836755752564,0.8129337430000305,7.561770498752594,8.375,-6.75,0.8125,7.5625
qwen25_7b,18,valenced_opposite::epistemic::018,valenced_opposite,epistemic,valenced,opposite,0.6,preference_control,11.125,-9.875,11.124881386756895,-9.87499499320984,11.124881386756895,-9.87499499320984,0.624943196773529,10.499938189983368,11.125,-9.875,0.625,10.5
qwen25_7b,18,valenced_opposite::epistemic::018,valenced_opposite,epistemic,valenced,opposite,0.8,preference_control,14.375,-14.0,14.374738931655884,-14.000084400177002,14.374738931655884,-14.000084400177002,0.1873272657394409,14.187411665916445,14.375,-14.0,0.1875,14.1875
qwen25_7b,18,valenced_opposite::epistemic::018,valenced_opposite,epistemic,valenced,opposite,1.0,preference_control,17.25,-16.625,17.248890161514282,-16.625237941741943,17.248890161514282,-16.625237941741943,0.3118261098861694,16.937064051628113,17.25,-16.625,0.3125,16.9375
qwen25_7b,18,valenced_opposite::epistemic::019,valenced_opposite,epistemic,valenced,opposite,-1.0,preference_control,-8.875,-8.75,-8.87544560432434,-8.749730110168457,-8.87544560432434,-8.749730110168457,-8.812587857246399,-0.0628577470779419,-8.875,-8.75,-8.8125,-0.0625
qwen25_7b,18,valenced_opposite::epistemic::019,valenced_opposite,epistemic,valenced,opposite,-0.8,preference_control,-8.5,-9.75,-8.501266241073608,-9.749836802482603,-8.501266241073608,-9.749836802482603,-9.125551521778108,0.6242852807044983,-8.5,-9.75,-9.125,0.625
qwen25_7b,18,valenced_opposite::epistemic::019,valenced_opposite,epistemic,valenced,opposite,-0.6,preference_control,-7.875,-10.875,-7.8766028881073,-10.874866247177124,-7.8766028881073,-10.874866247177124,-9.375734567642212,1.499131679534912,-7.875,-10.875,-9.375,1.5
qwen25_7b,18,valenced_opposite::epistemic::019,valenced_opposite,epistemic,valenced,opposite,-0.4,preference_control,-7.125,-11.625,-7.12578558921814,-11.62486183643341,-7.12578558921814,-11.62486183643341,-9.375323712825775,2.2495381236076355,-7.125,-11.625,-9.375,2.25
qwen25_7b,18,valenced_opposite::epistemic::019,valenced_opposite,epistemic,valenced,opposite,-0.2,preference_control,-6.125,-10.5,-6.124108791351318,-10.499812006950378,-6.124108791351318,-10.499812006950378,-8.311960399150848,2.18785160779953,-6.125,-10.5,-8.3125,2.1875
qwen25_7b,18,valenced_opposite::epistemic::019,valenced_opposite,epistemic,valenced,opposite,0.0,preference_control,-3.125,-6.875,-3.1292591094970703,-6.873763680458069,-3.1292591094970703,-6.873763680458069,-5.00151139497757,1.8722522854804995,-3.125,-6.875,-5.0,1.875
qwen25_7b,18,valenced_opposite::epistemic::019,valenced_opposite,epistemic,valenced,opposite,0.2,preference_control,6.875,-1.5,6.873547077178955,-1.5018739700317385,6.873547077178955,-1.5018739700317385,2.6858365535736084,4.187710523605347,6.875,-1.5,2.6875,4.1875
qwen25_7b,18,valenced_opposite::epistemic::019,valenced_opposite,epistemic,valenced,opposite,0.4,preference_control,11.25,1.0,11.249764919281006,1.0000081062316897,11.249764919281006,1.0000081062316897,6.124886512756348,5.124878406524658,11.25,1.0,6.125,5.125
qwen25_7b,18,valenced_opposite::epistemic::019,valenced_opposite,epistemic,valenced,opposite,0.6,preference_control,14.375,1.75,14.374873876571655,1.753898024559021,14.374873876571655,1.753898024559021,8.064385950565338,6.310487926006317,14.375,1.75,8.0625,6.3125
qwen25_7b,18,valenced_opposite::epistemic::019,valenced_opposite,epistemic,valenced,opposite,0.8,preference_control,17.0,2.25,16.99997878074646,2.243647575378418,16.99997878074646,2.243647575378418,9.62181317806244,7.378165602684021,17.0,2.25,9.625,7.375
qwen25_7b,18,valenced_opposite::epistemic::019,valenced_opposite,epistemic,valenced,opposite,1.0,preference_control,19.375,2.75,19.375085592269897,2.750522017478943,19.375085592269897,2.750522017478943,11.06280380487442,8.312281787395477,19.375,2.75,11.0625,8.3125
qwen25_7b,18,valenced_opposite::utilitarian::000,valenced_opposite,utilitarian,valenced,opposite,-1.0,preference_control,-9.75,-8.5,-9.749643921852112,-8.499736785888672,-9.749643921852112,-8.499736785888672,-9.124690353870392,-0.62495356798172,-9.75,-8.5,-9.125,-0.625
qwen25_7b,18,valenced_opposite::utilitarian::000,valenced_opposite,utilitarian,valenced,opposite,-0.8,preference_control,-10.25,-10.0,-10.24971330165863,-9.999906778335571,-10.24971330165863,-9.999906778335571,-10.1248100399971,-0.1249032616615295,-10.25,-10.0,-10.125,-0.125
qwen25_7b,18,valenced_opposite::utilitarian::000,valenced_opposite,utilitarian,valenced,opposite,-0.6,preference_control,-10.375,-10.625,-10.374683380126951,-10.6249338388443,-10.374683380126951,-10.6249338388443,-10.499808609485626,0.1251252293586731,-10.375,-10.625,-10.5,0.125
qwen25_7b,18,valenced_opposite::utilitarian::000,valenced_opposite,utilitarian,valenced,opposite,-0.4,preference_control,-10.375,-10.5,-10.374612212181091,-10.499927997589111,-10.374612212181091,-10.499927997589111,-10.4372701048851,0.06265789270401,-10.375,-10.5,-10.4375,0.0625
qwen25_7b,18,valenced_opposite::utilitarian::000,valenced_opposite,utilitarian,valenced,opposite,-0.2,preference_control,-9.625,-9.5,-9.62446141242981,-9.499865174293518,-9.62446141242981,-9.499865174293518,-9.562163293361664,-0.0622981190681457,-9.625,-9.5,-9.5625,-0.0625
qwen25_7b,18,valenced_opposite::utilitarian::000,valenced_opposite,utilitarian,valenced,opposite,0.0,preference_control,-5.375,-4.375,-5.369520545005798,-4.362298369407654,-5.369520545005798,-4.362298369407654,-4.865909457206726,-0.5036110877990723,-5.375,-4.375,-4.875,-0.5
qwen25_7b,18,valenced_opposite::utilitarian::000,valenced_opposite,utilitarian,valenced,opposite,0.2,preference_control,6.625,4.25,6.623618006706238,4.235665798187256,6.623618006706238,4.235665798187256,5.429641902446747,1.193976104259491,6.625,4.25,5.4375,1.1875
qwen25_7b,18,valenced_opposite::utilitarian::000,valenced_opposite,utilitarian,valenced,opposite,0.4,preference_control,12.0,7.25,12.000024557113647,7.249221444129944,12.000024557113647,7.249221444129944,9.624623000621796,2.375401556491852,12.0,7.25,9.625,2.375
qwen25_7b,18,valenced_opposite::utilitarian::000,valenced_opposite,utilitarian,valenced,opposite,0.6,preference_control,15.875,8.625,15.875075221061708,8.624776363372803,15.875075221061708,8.624776363372803,12.249925792217256,3.625149428844452,15.875,8.625,12.25,3.625
qwen25_7b,18,valenced_opposite::utilitarian::000,valenced_opposite,utilitarian,valenced,opposite,0.8,preference_control,19.625,10.5,19.625115871429443,10.499958038330078,19.625115871429443,10.499958038330078,15.06253695487976,4.562578916549683,19.625,10.5,15.0625,4.5625
qwen25_7b,18,valenced_opposite::utilitarian::000,valenced_opposite,utilitarian,valenced,opposite,1.0,preference_control,22.125,10.625,22.12528824806213,10.625045776367188,22.12528824806213,10.625045776367188,16.37516701221466,5.750121235847473,22.125,10.625,16.375,5.75
qwen25_7b,18,valenced_opposite::utilitarian::001,valenced_opposite,utilitarian,valenced,opposite,-1.0,preference_control,-10.0,-10.375,-9.99985420703888,-10.374935746192932,-9.99985420703888,-10.374935746192932,-10.187394976615906,0.1875407695770263,-10.0,-10.375,-10.1875,0.1875
qwen25_7b,18,valenced_opposite::utilitarian::001,valenced_opposite,utilitarian,valenced,opposite,-0.8,preference_control,-8.875,-10.75,-8.87477719783783,-10.74996280670166,-8.87477719783783,-10.74996280670166,-9.812370002269745,0.9375928044319152,-8.875,-10.75,-9.8125,0.9375
qwen25_7b,18,valenced_opposite::utilitarian::001,valenced_opposite,utilitarian,valenced,opposite,-0.6,preference_control,-7.5,-10.875,-7.499336361885071,-10.874962449073792,-7.499336361885071,-10.874962449073792,-9.187149405479431,1.6878130435943604,-7.5,-10.875,-9.1875,1.6875
qwen25_7b,18,valenced_opposite::utilitarian::001,valenced_opposite,utilitarian,valenced,opposite,-0.4,preference_control,-6.375,-10.25,-6.373013734817505,-10.249922037124634,-6.373013734817505,-10.249922037124634,-8.31146788597107,1.9384541511535645,-6.375,-10.25,-8.3125,1.9375
qwen25_7b,18,valenced_opposite::utilitarian::001,valenced_opposite,utilitarian,valenced,opposite,-0.2,preference_control,-5.0,-9.125,-4.99160361289978,-9.124571442604063,-4.99160361289978,-9.124571442604063,-7.058087527751923,2.0664839148521423,-5.0,-9.125,-7.0625,2.0625
qwen25_7b,18,valenced_opposite::utilitarian::001,valenced_opposite,utilitarian,valenced,opposite,0.0,preference_control,-2.75,-7.0,-2.756790280342102,-6.996849536895752,-2.756790280342102,-6.996849536895752,-4.876819908618927,2.120029628276825,-2.75,-7.0,-4.875,2.125
qwen25_7b,18,valenced_opposite::utilitarian::001,valenced_opposite,utilitarian,valenced,opposite,0.2,preference_control,4.25,-2.875,4.258981704711914,-2.8803634643554688,4.258981704711914,-2.8803634643554688,0.6893091201782227,3.5696725845336914,4.25,-2.875,0.6875,3.5625
qwen25_7b,18,valenced_opposite::utilitarian::001,valenced_opposite,utilitarian,valenced,opposite,0.4,preference_control,8.375,-0.125,8.372262835502625,-0.1249879598617553,8.372262835502625,-0.1249879598617553,4.123637437820435,4.24862539768219,8.375,-0.125,4.125,4.25
qwen25_7b,18,valenced_opposite::utilitarian::001,valenced_opposite,utilitarian,valenced,opposite,0.6,preference_control,10.625,2.75,10.622311234474182,2.7485485076904297,10.622311234474182,2.7485485076904297,6.685429871082306,3.936881363391876,10.625,2.75,6.6875,3.9375
qwen25_7b,18,valenced_opposite::utilitarian::001,valenced_opposite,utilitarian,valenced,opposite,0.8,preference_control,12.625,4.0,12.62213408946991,4.0095415115356445,12.62213408946991,4.0095415115356445,8.315837800502777,4.306296288967133,12.625,4.0,8.3125,4.3125
qwen25_7b,18,valenced_opposite::utilitarian::001,valenced_opposite,utilitarian,valenced,opposite,1.0,preference_control,14.0,3.5,13.99604630470276,3.4956724643707275,13.99604630470276,3.4956724643707275,8.745859384536743,5.250186920166016,14.0,3.5,8.75,5.25
qwen25_7b,18,valenced_opposite::utilitarian::002,valenced_opposite,utilitarian,valenced,opposite,-1.0,preference_control,-8.5,-14.25,-8.499764442443848,-14.249958515167236,-8.499764442443848,-14.249958515167236,-11.374861478805542,2.8750970363616943,-8.5,-14.25,-11.375,2.875
qwen25_7b,18,valenced_opposite::utilitarian::002,valenced_opposite,utilitarian,valenced,opposite,-0.8,preference_control,-9.0,-16.125,-8.999849319458008,-16.124968767166138,-8.999849319458008,-16.124968767166138,-12.562409043312073,3.562559723854065,-9.0,-16.125,-12.5625,3.5625
qwen25_7b,18,valenced_opposite::utilitarian::002,valenced_opposite,utilitarian,valenced,opposite,-0.6,preference_control,-9.5,-17.625,-9.499899864196776,-17.624976634979248,-9.499899864196776,-17.624976634979248,-13.562438249588013,4.062538385391235,-9.5,-17.625,-13.5625,4.0625
qwen25_7b,18,valenced_opposite::utilitarian::002,valenced_opposite,utilitarian,valenced,opposite,-0.4,preference_control,-9.375,-18.5,-9.374881267547607,-18.49997365474701,-9.374881267547607,-18.49997365474701,-13.937427461147308,4.562546193599701,-9.375,-18.5,-13.9375,4.5625
qwen25_7b,18,valenced_opposite::utilitarian::002,valenced_opposite,utilitarian,valenced,opposite,-0.2,preference_control,-7.75,-18.375,-7.749488830566406,-18.374966144561768,-7.749488830566406,-18.374966144561768,-13.062227487564089,5.312738656997681,-7.75,-18.375,-13.0625,5.3125
qwen25_7b,18,valenced_opposite::utilitarian::002,valenced_opposite,utilitarian,valenced,opposite,0.0,preference_control,-2.625,-16.125,-2.63232421875,-16.12495446205139,-2.63232421875,-16.12495446205139,-9.378639340400696,6.746315121650696,-2.625,-16.125,-9.375,6.75
qwen25_7b,18,valenced_opposite::utilitarian::002,valenced_opposite,utilitarian,valenced,opposite,0.2,preference_control,5.875,-9.875,5.86993408203125,-9.874900817871094,5.86993408203125,-9.874900817871094,-2.002483367919922,7.872417449951172,5.875,-9.875,-2.0,7.875
qwen25_7b,18,valenced_opposite::utilitarian::002,valenced_opposite,utilitarian,valenced,opposite,0.4,preference_control,9.875,-6.5,9.8734130859375,-6.498451232910156,9.8734130859375,-6.498451232910156,1.687480926513672,8.185932159423828,9.875,-6.5,1.6875,8.1875
qwen25_7b,18,valenced_opposite::utilitarian::002,valenced_opposite,utilitarian,valenced,opposite,0.6,preference_control,12.25,-3.75,12.249061584472656,-3.7423095703125,12.249061584472656,-3.7423095703125,4.253376007080078,7.995685577392578,12.25,-3.75,4.25,8.0
qwen25_7b,18,valenced_opposite::utilitarian::002,valenced_opposite,utilitarian,valenced,opposite,0.8,preference_control,14.125,-0.25,14.124435424804688,-0.25,14.124435424804688,-0.25,6.937217712402344,7.187217712402344,14.125,-0.25,6.9375,7.1875
qwen25_7b,18,valenced_opposite::utilitarian::002,valenced_opposite,utilitarian,valenced,opposite,1.0,preference_control,14.5,1.75,14.499435424804688,1.751953125,14.499435424804688,1.751953125,8.125694274902344,6.373741149902344,14.5,1.75,8.125,6.375
qwen25_7b,18,valenced_opposite::utilitarian::003,valenced_opposite,utilitarian,valenced,opposite,-1.0,preference_control,-10.375,-10.75,-10.374783277511597,-10.747935891151428,-10.374783277511597,-10.747935891151428,-10.561359584331512,0.1865763068199157,-10.375,-10.75,-10.5625,0.1875
qwen25_7b,18,valenced_opposite::utilitarian::003,valenced_opposite,utilitarian,valenced,opposite,-0.8,preference_control,-10.0,-10.875,-9.99981164932251,-10.87212586402893,-9.99981164932251,-10.87212586402893,-10.43596875667572,0.4361571073532104,-10.0,-10.875,-10.4375,0.4375
qwen25_7b,18,valenced_opposite::utilitarian::003,valenced_opposite,utilitarian,valenced,opposite,-0.6,preference_control,-9.625,-10.0,-9.624753832817078,-9.99229061603546,-9.624753832817078,-9.99229061603546,-9.80852222442627,0.1837683916091919,-9.625,-10.0,-9.8125,0.1875
qwen25_7b,18,valenced_opposite::utilitarian::003,valenced_opposite,utilitarian,valenced,opposite,-0.4,preference_control,-8.625,-8.25,-8.624328017234802,-8.26902174949646,-8.624328017234802,-8.26902174949646,-8.446674883365631,-0.1776531338691711,-8.625,-8.25,-8.4375,-0.1875
qwen25_7b,18,valenced_opposite::utilitarian::003,valenced_opposite,utilitarian,valenced,opposite,-0.2,preference_control,-6.75,-6.0,-6.746469378471375,-5.994119167327881,-6.746469378471375,-5.994119167327881,-6.370294272899628,-0.3761751055717468,-6.75,-6.0,-6.375,-0.375
qwen25_7b,18,valenced_opposite::utilitarian::003,valenced_opposite,utilitarian,valenced,opposite,0.0,preference_control,-2.5,-3.625,-2.500959634780884,-3.626940250396729,-2.500959634780884,-3.626940250396729,-3.063949942588806,0.5629903078079224,-2.5,-3.625,-3.0625,0.5625
qwen25_7b,18,valenced_opposite::utilitarian::003,valenced_opposite,utilitarian,valenced,opposite,0.2,preference_control,3.625,-1.375,3.624522686004639,-1.3720649480819702,3.624522686004639,-1.3720649480819702,1.1262288689613342,2.4982938170433044,3.625,-1.375,1.125,2.5
qwen25_7b,18,valenced_opposite::utilitarian::003,valenced_opposite,utilitarian,valenced,opposite,0.4,preference_control,6.5,0.75,6.491707801818848,0.7500038146972656,6.491707801818848,0.7500038146972656,3.6208558082580566,2.870851993560791,6.5,0.75,3.625,2.875
qwen25_7b,18,valenced_opposite::utilitarian::003,valenced_opposite,utilitarian,valenced,opposite,0.6,preference_control,10.125,3.75,10.11627972126007,3.752810955047608,10.11627972126007,3.752810955047608,6.934545338153839,3.181734383106232,10.125,3.75,6.9375,3.1875
qwen25_7b,18,valenced_opposite::utilitarian::003,valenced_opposite,utilitarian,valenced,opposite,0.8,preference_control,13.625,5.875,13.613901019096376,5.868077039718628,13.613901019096376,5.868077039718628,9.7409890294075,3.872911989688873,13.625,5.875,9.75,3.875
qwen25_7b,18,valenced_opposite::utilitarian::003,valenced_opposite,utilitarian,valenced,opposite,1.0,preference_control,16.625,6.625,16.618266344070435,6.62146532535553,16.618266344070435,6.62146532535553,11.619865834712982,4.998400509357452,16.625,6.625,11.625,5.0
qwen25_7b,18,valenced_opposite::utilitarian::004,valenced_opposite,utilitarian,valenced,opposite,-1.0,preference_control,-6.875,-6.25,-6.873975038528442,-6.247998595237732,-6.873975038528442,-6.247998595237732,-6.560986816883087,-0.3129882216453552,-6.875,-6.25,-6.5625,-0.3125
qwen25_7b,18,valenced_opposite::utilitarian::004,valenced_opposite,utilitarian,valenced,opposite,-0.8,preference_control,-7.625,-6.75,-7.624528527259827,-6.74880051612854,-7.624528527259827,-6.74880051612854,-7.186664521694183,-0.4378640055656433,-7.625,-6.75,-7.1875,-0.4375
qwen25_7b,18,valenced_opposite::utilitarian::004,valenced_opposite,utilitarian,valenced,opposite,-0.6,preference_control,-8.375,-7.5,-8.374783396720886,-7.4994271993637085,-8.374783396720886,-7.4994271993637085,-7.937105298042297,-0.4376780986785888,-8.375,-7.5,-7.9375,-0.4375
qwen25_7b,18,valenced_opposite::utilitarian::004,valenced_opposite,utilitarian,valenced,opposite,-0.4,preference_control,-8.625,-7.75,-8.624840140342712,-7.74952757358551,-8.624840140342712,-7.74952757358551,-8.187183856964111,-0.4376562833786011,-8.625,-7.75,-8.1875,-0.4375
qwen25_7b,18,valenced_opposite::utilitarian::004,valenced_opposite,utilitarian,valenced,opposite,-0.2,preference_control,-8.25,-7.25,-8.249750971794128,-7.248823881149292,-8.249750971794128,-7.248823881149292,-7.74928742647171,-0.5004635453224182,-8.25,-7.25,-7.75,-0.5
qwen25_7b,18,valenced_opposite::utilitarian::004,valenced_opposite,utilitarian,valenced,opposite,0.0,preference_control,-6.125,-5.875,-6.122810125350952,-5.870391130447388,-6.122810125350952,-5.870391130447388,-5.99660062789917,-0.1262094974517822,-6.125,-5.875,-6.0,-0.125
qwen25_7b,18,valenced_opposite::utilitarian::004,valenced_opposite,utilitarian,valenced,opposite,0.2,preference_control,1.625,-1.25,1.6240243911743164,-1.2460922002792358,1.6240243911743164,-1.2460922002792358,0.1889660954475402,1.435058295726776,1.625,-1.25,0.1875,1.4375
qwen25_7b,18,valenced_opposite::utilitarian::004,valenced_opposite,utilitarian,valenced,opposite,0.4,preference_control,8.25,1.5,8.249437093734741,1.5000028610229492,8.249437093734741,1.5000028610229492,4.874719977378845,3.374717116355896,8.25,1.5,4.875,3.375
qwen25_7b,18,valenced_opposite::utilitarian::004,valenced_opposite,utilitarian,valenced,opposite,0.6,preference_control,14.0,3.0,13.999863386154177,2.997317910194397,13.999863386154177,2.997317910194397,8.498590648174286,5.501272737979889,14.0,3.0,8.5,5.5
qwen25_7b,18,valenced_opposite::utilitarian::004,valenced_opposite,utilitarian,valenced,opposite,0.8,preference_control,19.0,4.25,18.999919533729557,4.235235333442688,18.999919533729557,4.235235333442688,11.61757743358612,7.382342100143433,19.0,4.25,11.625,7.375
qwen25_7b,18,valenced_opposite::utilitarian::004,valenced_opposite,utilitarian,valenced,opposite,1.0,preference_control,23.5,3.625,23.49996316432953,3.629284381866455,23.49996316432953,3.629284381866455,13.564623773097992,9.935339391231537,23.5,3.625,13.5625,9.9375
qwen25_7b,18,valenced_opposite::utilitarian::005,valenced_opposite,utilitarian,valenced,opposite,-1.0,preference_control,-4.5,-6.625,-4.488519787788391,-6.623525977134705,-4.488519787788391,-6.623525977134705,-5.556022882461548,1.0675030946731567,-4.5,-6.625,-5.5625,1.0625
qwen25_7b,18,valenced_opposite::utilitarian::005,valenced_opposite,utilitarian,valenced,opposite,-0.8,preference_control,-5.0,-7.25,-4.992852807044983,-7.24912703037262,-4.992852807044983,-7.24912703037262,-6.120989918708801,1.1281371116638184,-5.0,-7.25,-6.125,1.125
qwen25_7b,18,valenced_opposite::utilitarian::005,valenced_opposite,utilitarian,valenced,opposite,-0.6,preference_control,-5.5,-7.625,-5.4954798221588135,-7.624366044998169,-5.4954798221588135,-7.624366044998169,-6.559922933578491,1.0644431114196775,-5.5,-7.625,-6.5625,1.0625
qwen25_7b,18,valenced_opposite::utilitarian::005,valenced_opposite,utilitarian,valenced,opposite,-0.4,preference_control,-5.125,-7.125,-5.118558645248413,-7.124037504196167,-5.118558645248413,-7.124037504196167,-6.12129807472229,1.002739429473877,-5.125,-7.125,-6.125,1.0
qwen25_7b,18,valenced_opposite::utilitarian::005,valenced_opposite,utilitarian,valenced,opposite,-0.2,preference_control,-3.625,-6.0,-3.629353284835816,-5.997385859489441,-3.629353284835816,-5.997385859489441,-4.813369572162628,1.1840162873268127,-3.625,-6.0,-4.8125,1.1875
qwen25_7b,18,valenced_opposite::utilitarian::005,valenced_opposite,utilitarian,valenced,opposite,0.0,preference_control,1.125,-3.125,1.1250524520874023,-3.128642201423645,1.1250524520874023,-3.128642201423645,-1.0017948746681211,2.126847326755524,1.125,-3.125,-1.0,2.125
qwen25_7b,18,valenced_opposite::utilitarian::005,valenced_opposite,utilitarian,valenced,opposite,0.2,preference_control,7.75,2.625,7.749188303947449,2.617197871208191,7.749188303947449,2.617197871208191,5.18319308757782,2.565995216369629,7.75,2.625,5.1875,2.5625
qwen25_7b,18,valenced_opposite::utilitarian::005,valenced_opposite,utilitarian,valenced,opposite,0.4,preference_control,9.625,5.0,9.624011278152466,4.992223620414734,9.624011278152466,4.992223620414734,7.3081174492836,2.315893828868866,9.625,5.0,7.3125,2.3125
qwen25_7b,18,valenced_opposite::utilitarian::005,valenced_opposite,utilitarian,valenced,opposite,0.6,preference_control,11.25,5.5,11.248467683792114,5.49368691444397,11.248467683792114,5.49368691444397,8.371077299118042,2.8773903846740723,11.25,5.5,8.375,2.875
qwen25_7b,18,valenced_opposite::utilitarian::005,valenced_opposite,utilitarian,valenced,opposite,0.8,preference_control,13.0,6.625,12.998045086860657,6.62082576751709,12.998045086860657,6.62082576751709,9.809435427188872,3.1886096596717834,13.0,6.625,9.8125,3.1875
qwen25_7b,18,valenced_opposite::utilitarian::005,valenced_opposite,utilitarian,valenced,opposite,1.0,preference_control,14.875,7.625,14.872124671936035,7.621669769287109,14.872124671936035,7.621669769287109,11.246897220611572,3.625227451324463,14.875,7.625,11.25,3.625
qwen25_7b,18,valenced_opposite::utilitarian::006,valenced_opposite,utilitarian,valenced,opposite,-1.0,preference_control,-7.625,-10.0,-7.624489188194275,-9.99801480770111,-7.624489188194275,-9.99801480770111,-8.811251997947693,1.186762809753418,-7.625,-10.0,-8.8125,1.1875
qwen25_7b,18,valenced_opposite::utilitarian::006,valenced_opposite,utilitarian,valenced,opposite,-0.8,preference_control,-5.75,-10.25,-5.746756076812744,-10.249044060707092,-5.746756076812744,-10.249044060707092,-7.997900068759918,2.251143991947174,-5.75,-10.25,-8.0,2.25
qwen25_7b,18,valenced_opposite::utilitarian::006,valenced_opposite,utilitarian,valenced,opposite,-0.6,preference_control,-4.0,-9.625,-4.012810945510864,-9.624498128890991,-4.012810945510864,-9.624498128890991,-6.818654537200928,2.8058435916900635,-4.0,-9.625,-6.8125,2.8125
qwen25_7b,18,valenced_opposite::utilitarian::006,valenced_opposite,utilitarian,valenced,opposite,-0.4,preference_control,-0.375,-8.375,-0.3749945163726806,-8.374430179595947,-0.3749945163726806,-8.374430179595947,-4.374712347984314,3.999717831611633,-0.375,-8.375,-4.375,4.0
qwen25_7b,18,valenced_opposite::utilitarian::006,valenced_opposite,utilitarian,valenced,opposite,-0.2,preference_control,5.25,-6.375,5.236881971359253,-6.372899770736694,5.236881971359253,-6.372899770736694,-0.5680088996887207,5.804890871047974,5.25,-6.375,-0.5625,5.8125
qwen25_7b,18,valenced_opposite::utilitarian::006,valenced_opposite,utilitarian,valenced,opposite,0.0,preference_control,12.125,-3.25,12.123958945274351,-3.241347908973694,12.123958945274351,-3.241347908973694,4.44130551815033,7.682653427124023,12.125,-3.25,4.4375,7.6875
qwen25_7b,18,valenced_opposite::utilitarian::006,valenced_opposite,utilitarian,valenced,opposite,0.2,preference_control,16.0,2.125,15.999578833580015,2.1272586584091187,15.999578833580015,2.1272586584091187,9.063418745994568,6.936160087585449,16.0,2.125,9.0625,6.9375
qwen25_7b,18,valenced_opposite::utilitarian::006,valenced_opposite,utilitarian,valenced,opposite,0.4,preference_control,17.25,5.0,17.249627590179443,4.998261094093323,17.249627590179443,4.998261094093323,11.123944342136385,6.12568324804306,17.25,5.0,11.125,6.125
qwen25_7b,18,valenced_opposite::utilitarian::006,valenced_opposite,utilitarian,valenced,opposite,0.6,preference_control,18.5,6.25,18.49965596199036,6.254227995872498,18.49965596199036,6.254227995872498,12.376941978931429,6.122713983058929,18.5,6.25,12.375,6.125
qwen25_7b,18,valenced_opposite::utilitarian::006,valenced_opposite,utilitarian,valenced,opposite,0.8,preference_control,19.0,6.375,18.999549746513367,6.38401997089386,18.999549746513367,6.38401997089386,12.691784858703612,6.307764887809753,19.0,6.375,12.6875,6.3125
qwen25_7b,18,valenced_opposite::utilitarian::006,valenced_opposite,utilitarian,valenced,opposite,1.0,preference_control,18.5625,4.625,18.624687552452087,4.669863343238831,18.624687552452087,4.669863343238831,11.64727544784546,6.977412104606628,18.5625,4.625,11.59375,6.96875
qwen25_7b,18,valenced_opposite::utilitarian::007,valenced_opposite,utilitarian,valenced,opposite,-1.0,preference_control,-8.375,-8.375,-8.37480914592743,-8.37480628490448,-8.37480914592743,-8.37480628490448,-8.374807715415955,-1.430511474609375e-06,-8.375,-8.375,-8.375,0.0
qwen25_7b,18,valenced_opposite::utilitarian::007,valenced_opposite,utilitarian,valenced,opposite,-0.8,preference_control,-9.375,-9.25,-9.37505841255188,-9.249956488609314,-9.37505841255188,-9.249956488609314,-9.312507450580595,-0.0625509619712829,-9.375,-9.25,-9.3125,-0.0625
qwen25_7b,18,valenced_opposite::utilitarian::007,valenced_opposite,utilitarian,valenced,opposite,-0.6,preference_control,-9.75,-9.875,-9.750212907791138,-9.875030994415283,-9.750212907791138,-9.875030994415283,-9.81262195110321,0.0624090433120727,-9.75,-9.875,-9.8125,0.0625
qwen25_7b,18,valenced_opposite::utilitarian::007,valenced_opposite,utilitarian,valenced,opposite,-0.4,preference_control,-9.375,-10.0,-9.375258088111876,-10.000056028366089,-9.375258088111876,-10.000056028366089,-9.687657058238983,0.3123989701271057,-9.375,-10.0,-9.6875,0.3125
qwen25_7b,18,valenced_opposite::utilitarian::007,valenced_opposite,utilitarian,valenced,opposite,-0.2,preference_control,-6.75,-9.125,-6.7491209506988525,-9.125028252601624,-6.7491209506988525,-9.125028252601624,-7.937074601650238,1.1879536509513855,-6.75,-9.125,-7.9375,1.1875
qwen25_7b,18,valenced_opposite::utilitarian::007,valenced_opposite,utilitarian,valenced,opposite,0.0,preference_control,0.0,-6.625,-8.118152618408203e-05,-6.623774290084839,-8.118152618408203e-05,-6.623774290084839,-3.3119277358055115,3.3118465542793274,0.0,-6.625,-3.3125,3.3125
qwen25_7b,18,valenced_opposite::utilitarian::007,valenced_opposite,utilitarian,valenced,opposite,0.2,preference_control,7.0,-2.625,6.999083161354065,-2.617698550224304,6.999083161354065,-2.617698550224304,2.1906923055648804,4.808390855789185,7.0,-2.625,2.1875,4.8125
qwen25_7b,18,valenced_opposite::utilitarian::007,valenced_opposite,utilitarian,valenced,opposite,0.4,preference_control,8.625,1.5,8.624823093414307,1.501948356628418,8.624823093414307,1.501948356628418,5.063385725021362,3.5614373683929443,8.625,1.5,5.0625,3.5625
qwen25_7b,18,valenced_opposite::utilitarian::007,valenced_opposite,utilitarian,valenced,opposite,0.6,preference_control,9.5,3.125,9.499916315078735,3.1289035081863403,9.499916315078735,3.1289035081863403,6.314409911632538,3.185506403446197,9.5,3.125,6.3125,3.1875
qwen25_7b,18,valenced_opposite::utilitarian::007,valenced_opposite,utilitarian,valenced,opposite,0.8,preference_control,10.625,3.25,10.624959707260132,3.2431633472442627,10.624959707260132,3.2431633472442627,6.934061527252197,3.690898180007935,10.625,3.25,6.9375,3.6875
qwen25_7b,18,valenced_opposite::utilitarian::007,valenced_opposite,utilitarian,valenced,opposite,1.0,preference_control,12.375,2.0,12.37495231628418,1.998046278953552,12.37495231628418,1.998046278953552,7.186499297618866,5.188453018665314,12.375,2.0,7.1875,5.1875
qwen25_7b,18,valenced_opposite::utilitarian::008,valenced_opposite,utilitarian,valenced,opposite,-1.0,preference_control,-9.0,-6.875,-8.99980878829956,-6.873920679092407,-8.99980878829956,-6.873920679092407,-7.936864733695984,-1.0629440546035769,-9.0,-6.875,-7.9375,-1.0625
qwen25_7b,18,valenced_opposite::utilitarian::008,valenced_opposite,utilitarian,valenced,opposite,-0.8,preference_control,-9.0,-8.25,-8.99984061717987,-8.249723315238953,-8.99984061717987,-8.249723315238953,-8.624781966209412,-0.375058650970459,-9.0,-8.25,-8.625,-0.375
qwen25_7b,18,valenced_opposite::utilitarian::008,valenced_opposite,utilitarian,valenced,opposite,-0.6,preference_control,-9.0,-9.625,-8.99984097480774,-9.624932885169985,-8.99984097480774,-9.624932885169985,-9.31238692998886,0.3125459551811218,-9.0,-9.625,-9.3125,0.3125
qwen25_7b,18,valenced_opposite::utilitarian::008,valenced_opposite,utilitarian,valenced,opposite,-0.4,preference_control,-8.375,-9.875,-8.37468421459198,-9.874918937683104,-8.37468421459198,-9.874918937683104,-9.124801576137545,0.7501173615455627,-8.375,-9.875,-9.125,0.75
qwen25_7b,18,valenced_opposite::utilitarian::008,valenced_opposite,utilitarian,valenced,opposite,-0.2,preference_control,-6.25,-9.0,-6.247674942016602,-8.999765396118164,-6.247674942016602,-8.999765396118164,-7.623720169067383,1.3760452270507812,-6.25,-9.0,-7.625,1.375
qwen25_7b,18,valenced_opposite::utilitarian::008,valenced_opposite,utilitarian,valenced,opposite,0.0,preference_control,-0.625,-5.875,-0.6288411617279053,-5.871706962585449,-0.6288411617279053,-5.871706962585449,-3.250274062156677,2.621432900428772,-0.625,-5.875,-3.25,2.625
qwen25_7b,18,valenced_opposite::utilitarian::008,valenced_opposite,utilitarian,valenced,opposite,0.2,preference_control,9.375,0.125,9.374494433403015,0.1250396966934204,9.374494433403015,0.1250396966934204,4.749767065048218,4.624727368354797,9.375,0.125,4.75,4.625
qwen25_7b,18,valenced_opposite::utilitarian::008,valenced_opposite,utilitarian,valenced,opposite,0.4,preference_control,14.0,3.5,13.99991536140442,3.501250743865967,13.99991536140442,3.501250743865967,8.750583052635193,5.249332308769226,14.0,3.5,8.75,5.25
qwen25_7b,18,valenced_opposite::utilitarian::008,valenced_opposite,utilitarian,valenced,opposite,0.6,preference_control,17.25,7.125,17.249971866607666,7.124058365821838,17.249971866607666,7.124058365821838,12.187015116214752,5.062956750392914,17.25,7.125,12.1875,5.0625
qwen25_7b,18,valenced_opposite::utilitarian::008,valenced_opposite,utilitarian,valenced,opposite,0.8,preference_control,20.375,9.875,20.375011563301086,9.874865531921388,20.375011563301086,9.874865531921388,15.124938547611237,5.25007301568985,20.375,9.875,15.125,5.25
qwen25_7b,18,valenced_opposite::utilitarian::008,valenced_opposite,utilitarian,valenced,opposite,1.0,preference_control,22.125,8.875,22.12503433227539,8.874769806861877,22.12503433227539,8.874769806861877,15.499902069568634,6.625132262706757,22.125,8.875,15.5,6.625
qwen25_7b,18,valenced_opposite::utilitarian::009,valenced_opposite,utilitarian,valenced,opposite,-1.0,preference_control,-13.5,-10.625,-13.498883366584778,-10.623644351959229,-13.498883366584778,-10.623644351959229,-12.061263859272003,-1.4376195073127749,-13.5,-10.625,-12.0625,-1.4375
qwen25_7b,18,valenced_opposite::utilitarian::009,valenced_opposite,utilitarian,valenced,opposite,-0.8,preference_control,-14.375,-12.375,-14.37409245967865,-12.373994827270508,-14.37409245967865,-12.373994827270508,-13.37404364347458,-1.000048816204071,-14.375,-12.375,-13.375,-1.0
qwen25_7b,18,valenced_opposite::utilitarian::009,valenced_opposite,utilitarian,valenced,opposite,-0.6,preference_control,-15.125,-13.75,-15.124153017997742,-13.748915195465088,-15.124153017997742,-13.748915195465088,-14.436534106731417,-0.6876189112663269,-15.125,-13.75,-14.4375,-0.6875
qwen25_7b,18,valenced_opposite::utilitarian::009,valenced_opposite,utilitarian,valenced,opposite,-0.4,preference_control,-15.375,-14.375,-15.374145865440369,-14.374198079109192,-15.374145865440369,-14.374198079109192,-14.87417197227478,-0.4999738931655884,-15.375,-14.375,-14.875,-0.5
qwen25_7b,18,valenced_opposite::utilitarian::009,valenced_opposite,utilitarian,valenced,opposite,-0.2,preference_control,-14.75,-14.125,-14.749178290367126,-14.124371528625488,-14.749178290367126,-14.124371528625488,-14.436774909496307,-0.3124033808708191,-14.75,-14.125,-14.4375,-0.3125
qwen25_7b,18,valenced_opposite::utilitarian::009,valenced_opposite,utilitarian,valenced,opposite,0.0,preference_control,-10.75,-11.25,-10.74919319152832,-11.24928855895996,-10.74919319152832,-11.24928855895996,-10.99924087524414,0.2500476837158203,-10.75,-11.25,-11.0,0.25
qwen25_7b,18,valenced_opposite::utilitarian::009,valenced_opposite,utilitarian,valenced,opposite,0.2,preference_control,-1.75,-3.875,-1.7502784729003906,-3.8692760467529297,-1.7502784729003906,-3.8692760467529297,-2.80977725982666,1.0594987869262695,-1.75,-3.875,-2.8125,1.0625
qwen25_7b,18,valenced_opposite::utilitarian::009,valenced_opposite,utilitarian,valenced,opposite,0.4,preference_control,3.5,0.625,3.4981651306152344,0.6235618591308594,3.4981651306152344,0.6235618591308594,2.060863494873047,1.4373016357421875,3.5,0.625,2.0625,1.4375
qwen25_7b,18,valenced_opposite::utilitarian::009,valenced_opposite,utilitarian,valenced,opposite,0.6,preference_control,7.5,3.75,7.498355865478516,3.7562255859375,7.498355865478516,3.7562255859375,5.627290725708008,1.871065139770508,7.5,3.75,5.625,1.875
qwen25_7b,18,valenced_opposite::utilitarian::009,valenced_opposite,utilitarian,valenced,opposite,0.8,preference_control,11.375,6.875,11.373638153076172,6.87225341796875,11.373638153076172,6.87225341796875,9.12294578552246,2.250692367553711,11.375,6.875,9.125,2.25
qwen25_7b,18,valenced_opposite::utilitarian::009,valenced_opposite,utilitarian,valenced,opposite,1.0,preference_control,14.625,8.125,14.623727798461914,8.123023986816406,14.623727798461914,8.123023986816406,11.37337589263916,3.250351905822754,14.625,8.125,11.375,3.25
qwen25_7b,18,valenced_opposite::utilitarian::010,valenced_opposite,utilitarian,valenced,opposite,-1.0,preference_control,-5.5,-6.75,-5.495881199836731,-6.748810410499573,-5.495881199836731,-6.748810410499573,-6.122345805168152,0.6264646053314209,-5.5,-6.75,-6.125,0.625
qwen25_7b,18,valenced_opposite::utilitarian::010,valenced_opposite,utilitarian,valenced,opposite,-0.8,preference_control,-5.5,-7.625,-5.495871901512146,-7.624494433403015,-5.495871901512146,-7.624494433403015,-6.560183167457581,1.0643112659454346,-5.5,-7.625,-6.5625,1.0625
qwen25_7b,18,valenced_opposite::utilitarian::010,valenced_opposite,utilitarian,valenced,opposite,-0.6,preference_control,-5.75,-8.125,-5.746762990951538,-8.124689102172852,-5.746762990951538,-8.124689102172852,-6.935726046562195,1.1889630556106567,-5.75,-8.125,-6.9375,1.1875
qwen25_7b,18,valenced_opposite::utilitarian::010,valenced_opposite,utilitarian,valenced,opposite,-0.4,preference_control,-4.5,-7.75,-4.488895535469055,-7.749550104141235,-4.488895535469055,-7.749550104141235,-6.119222819805145,1.63032728433609,-4.5,-7.75,-6.125,1.625
qwen25_7b,18,valenced_opposite::utilitarian::010,valenced_opposite,utilitarian,valenced,opposite,-0.2,preference_control,-1.25,-6.125,-1.247973918914795,-6.122788667678833,-1.247973918914795,-6.122788667678833,-3.685381293296814,2.437407374382019,-1.25,-6.125,-3.6875,2.4375
qwen25_7b,18,valenced_opposite::utilitarian::010,valenced_opposite,utilitarian,valenced,opposite,0.0,preference_control,6.5,-4.0,6.4985761642456055,-4.013043522834778,6.4985761642456055,-4.013043522834778,1.2427663207054138,5.255809843540192,6.5,-4.0,1.25,5.25
qwen25_7b,18,valenced_opposite::utilitarian::010,valenced_opposite,utilitarian,valenced,opposite,0.2,preference_control,14.0,-1.75,14.000075817108154,-1.7538914680480957,14.000075817108154,-1.7538914680480957,6.123092174530029,7.876983642578125,14.0,-1.75,6.125,7.875
qwen25_7b,18,valenced_opposite::utilitarian::010,valenced_opposite,utilitarian,valenced,opposite,0.4,preference_control,17.125,-1.5,17.125046372413635,-1.5019382238388062,17.125046372413635,-1.5019382238388062,7.8115540742874146,9.31349229812622,17.125,-1.5,7.8125,9.3125
qwen25_7b,18,valenced_opposite::utilitarian::010,valenced_opposite,utilitarian,valenced,opposite,0.6,preference_control,20.0,-1.5,20.000021815299988,-1.5019429922103882,20.000021815299988,-1.5019429922103882,9.2490394115448,10.750982403755188,20.0,-1.5,9.25,10.75
qwen25_7b,18,valenced_opposite::utilitarian::010,valenced_opposite,utilitarian,valenced,opposite,0.8,preference_control,22.0,-2.25,22.000014781951904,-2.2436447143554688,22.000014781951904,-2.2436447143554688,9.878185033798218,12.121829748153688,22.0,-2.25,9.875,12.125
qwen25_7b,18,valenced_opposite::utilitarian::010,valenced_opposite,utilitarian,valenced,opposite,1.0,preference_control,21.625,-3.25,21.625014066696167,-3.2431565523147583,21.625014066696167,-3.2431565523147583,9.190928757190704,12.434085309505464,21.625,-3.25,9.1875,12.4375
qwen25_7b,18,valenced_opposite::utilitarian::011,valenced_opposite,utilitarian,valenced,opposite,-1.0,preference_control,-5.375,-5.125,-5.36456286907196,-5.11456298828125,-5.36456286907196,-5.11456298828125,-5.239562928676605,-0.1249999403953552,-5.375,-5.125,-5.25,-0.125
qwen25_7b,18,valenced_opposite::utilitarian::011,valenced_opposite,utilitarian,valenced,opposite,-0.8,preference_control,-4.625,-5.25,-4.610107421875,-5.2412109375,-4.610107421875,-5.2412109375,-4.9256591796875,0.3155517578125,-4.625,-5.25,-4.9375,0.3125
qwen25_7b,18,valenced_opposite::utilitarian::011,valenced_opposite,utilitarian,valenced,opposite,-0.6,preference_control,-4.0,-4.875,-4.0079345703125,-4.8642578125,-4.0079345703125,-4.8642578125,-4.43609619140625,0.42816162109375,-4.0,-4.875,-4.4375,0.4375
qwen25_7b,18,valenced_opposite::utilitarian::011,valenced_opposite,utilitarian,valenced,opposite,-0.4,preference_control,-3.125,-4.0,-3.1220703125,-4.0084228515625,-3.1220703125,-4.0084228515625,-3.56524658203125,0.44317626953125,-3.125,-4.0,-3.5625,0.4375
qwen25_7b,18,valenced_opposite::utilitarian::011,valenced_opposite,utilitarian,valenced,opposite,-0.2,preference_control,-1.0,-2.875,-0.998046875,-2.875,-0.998046875,-2.875,-1.9365234375,0.9384765625,-1.0,-2.875,-1.9375,0.9375
qwen25_7b,18,valenced_opposite::utilitarian::011,valenced_opposite,utilitarian,valenced,opposite,0.0,preference_control,3.625,-0.25,3.628173828125,-0.25,3.628173828125,-0.25,1.6890869140625,1.9390869140625,3.625,-0.25,1.6875,1.9375
qwen25_7b,18,valenced_opposite::utilitarian::011,valenced_opposite,utilitarian,valenced,opposite,0.2,preference_control,12.125,2.625,12.124723434448242,2.63232421875,12.124723434448242,2.63232421875,7.378523826599121,4.746199607849121,12.125,2.625,7.375,4.75
qwen25_7b,18,valenced_opposite::utilitarian::011,valenced_opposite,utilitarian,valenced,opposite,0.4,preference_control,16.0,4.75,15.99988079071045,4.74102783203125,15.99988079071045,4.74102783203125,10.37045431137085,5.6294264793396,16.0,4.75,10.375,5.625
qwen25_7b,18,valenced_opposite::utilitarian::011,valenced_opposite,utilitarian,valenced,opposite,0.6,preference_control,17.625,5.625,17.624919891357422,5.621109008789063,17.624919891357422,5.621109008789063,11.623014450073242,6.00190544128418,17.625,5.625,11.625,6.0
qwen25_7b,18,valenced_opposite::utilitarian::011,valenced_opposite,utilitarian,valenced,opposite,0.8,preference_control,19.125,7.375,19.124937534332275,7.3741455078125,19.124937534332275,7.3741455078125,13.249541521072388,5.875396013259888,19.125,7.375,13.25,5.875
qwen25_7b,18,valenced_opposite::utilitarian::011,valenced_opposite,utilitarian,valenced,opposite,1.0,preference_control,20.125,8.875,20.124951362609863,8.874608993530273,20.124951362609863,8.874608993530273,14.499780178070068,5.625171184539795,20.125,8.875,14.5,5.625
qwen25_7b,18,valenced_opposite::utilitarian::012,valenced_opposite,utilitarian,valenced,opposite,-1.0,preference_control,-8.125,-9.625,-8.124660730361938,-9.62482225894928,-8.124660730361938,-9.62482225894928,-8.87474149465561,0.7500807642936707,-8.125,-9.625,-8.875,0.75
qwen25_7b,18,valenced_opposite::utilitarian::012,valenced_opposite,utilitarian,valenced,opposite,-0.8,preference_control,-7.75,-9.25,-7.749534606933594,-9.249771356582642,-7.749534606933594,-9.249771356582642,-8.499652981758118,0.7501183748245239,-7.75,-9.25,-8.5,0.75
qwen25_7b,18,valenced_opposite::utilitarian::012,valenced_opposite,utilitarian,valenced,opposite,-0.6,preference_control,-6.875,-9.0,-6.873915433883667,-8.999701619148254,-6.873915433883667,-8.999701619148254,-7.936808526515961,1.0628930926322937,-6.875,-9.0,-7.9375,1.0625
qwen25_7b,18,valenced_opposite::utilitarian::012,valenced_opposite,utilitarian,valenced,opposite,-0.4,preference_control,-5.25,-7.75,-5.244678616523743,-7.749410510063171,-5.244678616523743,-7.749410510063171,-6.497044563293457,1.2523659467697144,-5.25,-7.75,-6.5,1.25
qwen25_7b,18,valenced_opposite::utilitarian::012,valenced_opposite,utilitarian,valenced,opposite,-0.2,preference_control,-2.125,-5.875,-2.1214932203292847,-5.872011661529541,-2.1214932203292847,-5.872011661529541,-3.996752440929413,1.875259220600128,-2.125,-5.875,-4.0,1.875
qwen25_7b,18,valenced_opposite::utilitarian::012,valenced_opposite,utilitarian,valenced,opposite,0.0,preference_control,2.25,-3.25,2.2432644367218018,-3.242981433868408,2.2432644367218018,-3.242981433868408,-0.4998584985733032,2.743122935295105,2.25,-3.25,-0.5,2.75
qwen25_7b,18,valenced_opposite::utilitarian::012,valenced_opposite,utilitarian,valenced,opposite,0.2,preference_control,7.75,1.25,7.749454021453857,1.2482861280441284,7.749454021453857,1.2482861280441284,4.498870074748993,3.2505839467048645,7.75,1.25,4.5,3.25
qwen25_7b,18,valenced_opposite::utilitarian::012,valenced_opposite,utilitarian,valenced,opposite,0.4,preference_control,11.5,3.5,11.499939680099487,3.501772880554199,11.499939680099487,3.501772880554199,7.500856280326843,3.999083399772644,11.5,3.5,7.5,4.0
qwen25_7b,18,valenced_opposite::utilitarian::012,valenced_opposite,utilitarian,valenced,opposite,0.6,preference_control,14.25,5.25,14.250015139579771,5.244931578636169,14.250015139579771,5.244931578636169,9.747473359107971,4.502541780471802,14.25,5.25,9.75,4.5
qwen25_7b,18,valenced_opposite::utilitarian::012,valenced_opposite,utilitarian,valenced,opposite,0.8,preference_control,17.0,6.25,17.000000715255737,6.248177528381348,17.000000715255737,6.248177528381348,11.624089121818542,5.375911593437195,17.0,6.25,11.625,5.375
qwen25_7b,18,valenced_opposite::utilitarian::012,valenced_opposite,utilitarian,valenced,opposite,1.0,preference_control,18.125,6.875,18.12495064735413,6.874034404754639,18.12495064735413,6.874034404754639,12.499492526054382,5.625458121299744,18.125,6.875,12.5,5.625
qwen25_7b,18,valenced_opposite::utilitarian::013,valenced_opposite,utilitarian,valenced,opposite,-1.0,preference_control,-7.25,-9.125,-7.248649477958679,-9.124527335166931,-7.248649477958679,-9.124527335166931,-8.186588406562805,0.937938928604126,-7.25,-9.125,-8.1875,0.9375
qwen25_7b,18,valenced_opposite::utilitarian::013,valenced_opposite,utilitarian,valenced,opposite,-0.8,preference_control,-8.0,-11.375,-7.999324560165405,-11.374738812446594,-7.999324560165405,-11.374738812446594,-9.687031686306,1.6877071261405945,-8.0,-11.375,-9.6875,1.6875
qwen25_7b,18,valenced_opposite::utilitarian::013,valenced_opposite,utilitarian,valenced,opposite,-0.6,preference_control,-8.25,-12.75,-8.249514818191528,-12.74981653690338,-8.249514818191528,-12.74981653690338,-10.499665677547457,2.2501508593559265,-8.25,-12.75,-10.5,2.25
qwen25_7b,18,valenced_opposite::utilitarian::013,valenced_opposite,utilitarian,valenced,opposite,-0.4,preference_control,-7.375,-12.875,-7.374094247817993,-12.874863862991331,-7.374094247817993,-12.874863862991331,-10.124479055404665,2.75038480758667,-7.375,-12.875,-10.125,2.75
qwen25_7b,18,valenced_opposite::utilitarian::013,valenced_opposite,utilitarian,valenced,opposite,-0.2,preference_control,-3.75,-12.0,-3.7571728229522714,-11.999816060066223,-3.7571728229522714,-11.999816060066223,-7.878494441509247,4.121321618556976,-3.75,-12.0,-7.875,4.125
qwen25_7b,18,valenced_opposite::utilitarian::013,valenced_opposite,utilitarian,valenced,opposite,0.0,preference_control,2.875,-7.875,2.8821141719818115,-7.874347329139709,2.8821141719818115,-7.874347329139709,-2.496116578578949,5.3782307505607605,2.875,-7.875,-2.5,5.375
qwen25_7b,18,valenced_opposite::utilitarian::013,valenced_opposite,utilitarian,valenced,opposite,0.2,preference_control,12.5,-0.625,12.500006556510924,-0.6248390674591064,12.500006556510924,-0.6248390674591064,5.937583744525909,6.562422811985016,12.5,-0.625,5.9375,6.5625
qwen25_7b,18,valenced_opposite::utilitarian::013,valenced_opposite,utilitarian,valenced,opposite,0.4,preference_control,16.375,4.0,16.375011444091797,4.013186454772949,16.375011444091797,4.013186454772949,10.194098949432371,6.180912494659424,16.375,4.0,10.1875,6.1875
qwen25_7b,18,valenced_opposite::utilitarian::013,valenced_opposite,utilitarian,valenced,opposite,0.6,preference_control,19.375,5.75,19.37501633167267,5.746862769126892,19.37501633167267,5.746862769126892,12.56093955039978,6.814076781272888,19.375,5.75,12.5625,6.8125
qwen25_7b,18,valenced_opposite::utilitarian::013,valenced_opposite,utilitarian,valenced,opposite,0.8,preference_control,21.375,6.375,21.375009298324585,6.373315334320068,21.375009298324585,6.373315334320068,13.874162316322328,7.500846982002258,21.375,6.375,13.875,7.5
qwen25_7b,18,valenced_opposite::utilitarian::013,valenced_opposite,utilitarian,valenced,opposite,1.0,preference_control,21.875,6.125,21.87499487400055,6.122813820838928,21.87499487400055,6.122813820838928,13.99890434741974,7.87609052658081,21.875,6.125,14.0,7.875
qwen25_7b,18,valenced_opposite::utilitarian::014,valenced_opposite,utilitarian,valenced,opposite,-1.0,preference_control,-5.0,-10.125,-4.9931758642196655,-10.127193689346312,-4.9931758642196655,-10.127193689346312,-7.560184776782989,2.567008912563324,-5.0,-10.125,-7.5625,2.5625
qwen25_7b,18,valenced_opposite::utilitarian::014,valenced_opposite,utilitarian,valenced,opposite,-0.8,preference_control,-3.875,-10.125,-3.869273781776428,-10.12967300415039,-3.869273781776428,-10.12967300415039,-6.999473392963409,3.130199611186981,-3.875,-10.125,-7.0,3.125
qwen25_7b,18,valenced_opposite::utilitarian::014,valenced_opposite,utilitarian,valenced,opposite,-0.6,preference_control,-2.125,-9.875,-2.1183922290802,-9.883716464042664,-2.1183922290802,-9.883716464042664,-6.001054346561432,3.882662117481232,-2.125,-9.875,-6.0,3.875
qwen25_7b,18,valenced_opposite::utilitarian::014,valenced_opposite,utilitarian,valenced,opposite,-0.4,preference_control,1.25,-8.25,1.2536680698394775,-8.26094138622284,1.2536680698394775,-8.26094138622284,-3.503636658191681,4.7573047280311584,1.25,-8.25,-3.5,4.75
qwen25_7b,18,valenced_opposite::utilitarian::014,valenced_opposite,utilitarian,valenced,opposite,-0.2,preference_control,5.875,-6.0,5.865532755851746,-6.005507469177246,5.865532755851746,-6.005507469177246,-0.0699873566627502,5.935520112514496,5.875,-6.0,-0.0625,5.9375
qwen25_7b,18,valenced_opposite::utilitarian::014,valenced_opposite,utilitarian,valenced,opposite,0.0,preference_control,11.0,-3.5,10.9970543384552,-3.5112903118133545,10.9970543384552,-3.5112903118133545,3.742882013320923,7.254172325134277,11.0,-3.5,3.75,7.25
qwen25_7b,18,valenced_opposite::utilitarian::014,valenced_opposite,utilitarian,valenced,opposite,0.2,preference_control,14.75,2.5,14.748374104499815,2.493842363357544,14.748374104499815,2.493842363357544,8.62110823392868,6.1272658705711365,14.75,2.5,8.625,6.125
qwen25_7b,18,valenced_opposite::utilitarian::014,valenced_opposite,utilitarian,valenced,opposite,0.4,preference_control,16.5,6.625,16.49887990951538,6.629263281822205,16.49887990951538,6.629263281822205,11.564071595668793,4.934808313846588,16.5,6.625,11.5625,4.9375
qwen25_7b,18,valenced_opposite::utilitarian::014,valenced_opposite,utilitarian,valenced,opposite,0.6,preference_control,17.5,8.5,17.49885392189026,8.483676075935364,17.49885392189026,8.483676075935364,12.991264998912811,4.507588922977448,17.5,8.5,13.0,4.5
qwen25_7b,18,valenced_opposite::utilitarian::014,valenced_opposite,utilitarian,valenced,opposite,0.8,preference_control,18.25,9.0,18.248910427093502,8.992251992225647,18.248910427093502,8.992251992225647,13.620581209659576,4.628329217433929,18.25,9.0,13.625,4.625
qwen25_7b,18,valenced_opposite::utilitarian::014,valenced_opposite,utilitarian,valenced,opposite,1.0,preference_control,18.1875,7.25,18.24859774112701,7.242379903793335,18.24859774112701,7.242379903793335,12.745488822460176,5.50310891866684,18.1875,7.25,12.71875,5.46875
qwen25_7b,18,valenced_opposite::utilitarian::015,valenced_opposite,utilitarian,valenced,opposite,-1.0,preference_control,-5.5,-8.5,-5.495766758918762,-8.499544858932495,-5.495766758918762,-8.499544858932495,-6.997655808925629,1.5018890500068665,-5.5,-8.5,-7.0,1.5
qwen25_7b,18,valenced_opposite::utilitarian::015,valenced_opposite,utilitarian,valenced,opposite,-0.8,preference_control,-6.25,-10.625,-6.247900724411011,-10.624780178070068,-6.247900724411011,-10.624780178070068,-8.43634045124054,2.188439726829529,-6.25,-10.625,-8.4375,2.1875
qwen25_7b,18,valenced_opposite::utilitarian::015,valenced_opposite,utilitarian,valenced,opposite,-0.6,preference_control,-6.75,-12.5,-6.748551249504089,-12.4997535943985,-6.748551249504089,-12.4997535943985,-9.624152421951294,2.8756011724472046,-6.75,-12.5,-9.625,2.875
qwen25_7b,18,valenced_opposite::utilitarian::015,valenced_opposite,utilitarian,valenced,opposite,-0.4,preference_control,-6.5,-13.75,-6.497963190078735,-13.749576330184937,-6.497963190078735,-13.749576330184937,-10.123769760131836,3.6258065700531006,-6.5,-13.75,-10.125,3.625
qwen25_7b,18,valenced_opposite::utilitarian::015,valenced_opposite,utilitarian,valenced,opposite,-0.2,preference_control,-2.0,-13.25,-1.997063517570496,-13.24950361251831,-1.997063517570496,-13.24950361251831,-7.623283565044403,5.626220047473908,-2.0,-13.25,-7.625,5.625
qwen25_7b,18,valenced_opposite::utilitarian::015,valenced_opposite,utilitarian,valenced,opposite,0.0,preference_control,5.375,-10.5,5.369842767715454,-10.499528884887695,5.369842767715454,-10.499528884887695,-2.5648430585861206,7.934685826301575,5.375,-10.5,-2.5625,7.9375
qwen25_7b,18,valenced_opposite::utilitarian::015,valenced_opposite,utilitarian,valenced,opposite,0.2,preference_control,12.0,-1.625,12.00044572353363,-1.6249361038208008,12.00044572353363,-1.6249361038208008,5.187754809856415,6.812690913677216,12.0,-1.625,5.1875,6.8125
qwen25_7b,18,valenced_opposite::utilitarian::015,valenced_opposite,utilitarian,valenced,opposite,0.4,preference_control,14.875,3.75,14.875625610351562,3.757226347923279,14.875625610351562,3.757226347923279,9.31642597913742,5.559199631214142,14.875,3.75,9.3125,5.5625
qwen25_7b,18,valenced_opposite::utilitarian::015,valenced_opposite,utilitarian,valenced,opposite,0.6,preference_control,17.125,6.125,17.125921964645386,6.122255444526672,17.125921964645386,6.122255444526672,11.624088704586027,5.501833260059357,17.125,6.125,11.625,5.5
qwen25_7b,18,valenced_opposite::utilitarian::015,valenced_opposite,utilitarian,valenced,opposite,0.8,preference_control,19.375,6.25,19.377119660377502,6.247533917427063,19.377119660377502,6.247533917427063,12.812326788902284,6.56479287147522,19.375,6.25,12.8125,6.5625
qwen25_7b,18,valenced_opposite::utilitarian::015,valenced_opposite,utilitarian,valenced,opposite,1.0,preference_control,21.0625,4.25,21.13102650642395,4.235387444496155,21.13102650642395,4.235387444496155,12.683206975460052,8.447819530963898,21.0625,4.25,12.65625,8.40625
qwen25_7b,18,valenced_opposite::utilitarian::016,valenced_opposite,utilitarian,valenced,opposite,-1.0,preference_control,-2.875,-3.875,-2.874511122703552,-3.8818358182907104,-2.874511122703552,-3.8818358182907104,-3.378173470497132,0.5036623477935791,-2.875,-3.875,-3.375,0.5
qwen25_7b,18,valenced_opposite::utilitarian::016,valenced_opposite,utilitarian,valenced,opposite,-0.8,preference_control,-3.25,-5.5,-3.252440810203552,-5.491515874862671,-3.252440810203552,-5.491515874862671,-4.371978342533112,1.119537532329559,-3.25,-5.5,-4.375,1.125
qwen25_7b,18,valenced_opposite::utilitarian::016,valenced_opposite,utilitarian,valenced,opposite,-0.6,preference_control,-3.625,-7.125,-3.622557878494263,-7.120300054550171,-3.622557878494263,-7.120300054550171,-5.371428966522217,1.748871088027954,-3.625,-7.125,-5.375,1.75
qwen25_7b,18,valenced_opposite::utilitarian::016,valenced_opposite,utilitarian,valenced,opposite,-0.4,preference_control,-3.25,-7.625,-3.2519524097442627,-7.619537115097046,-3.2519524097442627,-7.619537115097046,-5.435744762420654,2.183792352676392,-3.25,-7.625,-5.4375,2.1875
qwen25_7b,18,valenced_opposite::utilitarian::016,valenced_opposite,utilitarian,valenced,opposite,-0.2,preference_control,-0.875,-7.5,-0.8710930347442627,-7.494445562362671,-0.8710930347442627,-7.494445562362671,-4.182769298553467,3.311676263809204,-0.875,-7.5,-4.1875,3.3125
qwen25_7b,18,valenced_opposite::utilitarian::016,valenced_opposite,utilitarian,valenced,opposite,0.0,preference_control,5.125,-5.0,5.118134260177612,-4.988586187362671,5.118134260177612,-4.988586187362671,0.0647740364074707,5.053360223770142,5.125,-5.0,0.0625,5.0625
qwen25_7b,18,valenced_opposite::utilitarian::016,valenced_opposite,utilitarian,valenced,opposite,0.2,preference_control,11.5,3.5,11.499613642692566,3.500976800918579,11.499613642692566,3.500976800918579,7.500295221805572,3.9993184208869934,11.5,3.5,7.5,4.0
qwen25_7b,18,valenced_opposite::utilitarian::016,valenced_opposite,utilitarian,valenced,opposite,0.4,preference_control,14.375,7.5,14.37477695941925,7.498985767364502,14.37477695941925,7.498985767364502,10.936881363391876,3.4378955960273743,14.375,7.5,10.9375,3.4375
qwen25_7b,18,valenced_opposite::utilitarian::016,valenced_opposite,utilitarian,valenced,opposite,0.6,preference_control,16.375,9.5,16.374816417694092,9.499455332756042,16.374816417694092,9.499455332756042,12.937135875225067,3.4376805424690247,16.375,9.5,12.9375,3.4375
qwen25_7b,18,valenced_opposite::utilitarian::016,valenced_opposite,utilitarian,valenced,opposite,0.8,preference_control,17.75,11.0,17.74983584880829,10.999582767486572,17.74983584880829,10.999582767486572,14.37470930814743,3.375126540660858,17.75,11.0,14.375,3.375
qwen25_7b,18,valenced_opposite::utilitarian::016,valenced_opposite,utilitarian,valenced,opposite,1.0,preference_control,17.125,11.25,17.124865889549255,11.249571204185486,17.124865889549255,11.249571204185486,14.18721854686737,2.9376473426818848,17.125,11.25,14.1875,2.9375
qwen25_7b,18,valenced_opposite::utilitarian::017,valenced_opposite,utilitarian,valenced,opposite,-1.0,preference_control,-10.75,-13.25,-10.750258207321169,-13.26876175403595,-10.750258207321169,-13.26876175403595,-12.009509980678558,1.2592517733573914,-10.75,-13.25,-12.0,1.25
qwen25_7b,18,valenced_opposite::utilitarian::017,valenced_opposite,utilitarian,valenced,opposite,-0.8,preference_control,-10.25,-14.375,-10.244509220123293,-14.389383673667908,-10.244509220123293,-14.389383673667908,-12.3169464468956,2.0724372267723083,-10.25,-14.375,-12.3125,2.0625
qwen25_7b,18,valenced_opposite::utilitarian::017,valenced_opposite,utilitarian,valenced,opposite,-0.6,preference_control,-8.625,-15.0,-8.613046646118164,-15.0105859041214,-8.613046646118164,-15.0105859041214,-11.81181627511978,3.198769629001617,-8.625,-15.0,-11.8125,3.1875
qwen25_7b,18,valenced_opposite::utilitarian::017,valenced_opposite,utilitarian,valenced,opposite,-0.4,preference_control,-5.125,-15.125,-5.102754592895508,-15.132304072380066,-5.102754592895508,-15.132304072380066,-10.117529332637789,5.014774739742279,-5.125,-15.125,-10.125,5.0
qwen25_7b,18,valenced_opposite::utilitarian::017,valenced_opposite,utilitarian,valenced,opposite,-0.2,preference_control,3.125,-14.5,3.1425652503967285,-14.502131342887878,3.1425652503967285,-14.502131342887878,-5.679783046245575,8.822348296642303,3.125,-14.5,-5.6875,8.8125
qwen25_7b,18,valenced_opposite::utilitarian::017,valenced_opposite,utilitarian,valenced,opposite,0.0,preference_control,9.75,-12.375,9.764625191688538,-12.373818159103394,9.764625191688538,-12.373818159103394,-1.304596483707428,11.069221675395966,9.75,-12.375,-1.3125,11.0625
qwen25_7b,18,valenced_opposite::utilitarian::017,valenced_opposite,utilitarian,valenced,opposite,0.2,preference_control,15.125,-6.5,15.138393998146055,-6.494148254394531,15.138393998146055,-6.494148254394531,4.322122871875763,10.816271126270294,15.125,-6.5,4.3125,10.8125
qwen25_7b,18,valenced_opposite::utilitarian::017,valenced_opposite,utilitarian,valenced,opposite,0.4,preference_control,17.75,0.5,17.759294271469116,0.5096797943115234,17.759294271469116,0.5096797943115234,9.13448703289032,8.624807238578796,17.75,0.5,9.125,8.625
qwen25_7b,18,valenced_opposite::utilitarian::017,valenced_opposite,utilitarian,valenced,opposite,0.6,preference_control,19.875,5.0,19.88264524936676,5.003000259399414,19.88264524936676,5.003000259399414,12.442822754383087,7.439822494983673,19.875,5.0,12.4375,7.4375
qwen25_7b,18,valenced_opposite::utilitarian::017,valenced_opposite,utilitarian,valenced,opposite,0.8,preference_control,20.625,5.75,20.6319078207016,5.7556867599487305,20.6319078207016,5.7556867599487305,13.193797290325165,7.438110530376434,20.625,5.75,13.1875,7.4375
qwen25_7b,18,valenced_opposite::utilitarian::017,valenced_opposite,utilitarian,valenced,opposite,1.0,preference_control,20.1875,4.375,20.25860846042633,4.373842239379883,20.25860846042633,4.373842239379883,12.316225349903108,7.942383110523224,20.1875,4.375,12.28125,7.90625
qwen25_7b,18,valenced_opposite::utilitarian::018,valenced_opposite,utilitarian,valenced,opposite,-1.0,preference_control,-11.25,-9.375,-11.249571084976196,-9.374539852142334,-11.249571084976196,-9.374539852142334,-10.312055468559263,-0.9375156164169312,-11.25,-9.375,-10.3125,-0.9375
qwen25_7b,18,valenced_opposite::utilitarian::018,valenced_opposite,utilitarian,valenced,opposite,-0.8,preference_control,-11.125,-10.5,-11.124754428863524,-10.499711275100708,-11.124754428863524,-10.499711275100708,-10.812232851982117,-0.3125215768814087,-11.125,-10.5,-10.8125,-0.3125
qwen25_7b,18,valenced_opposite::utilitarian::018,valenced_opposite,utilitarian,valenced,opposite,-0.6,preference_control,-10.875,-10.75,-10.874730825424194,-10.749748229980469,-10.874730825424194,-10.749748229980469,-10.812239527702332,-0.0624912977218627,-10.875,-10.75,-10.8125,-0.0625
qwen25_7b,18,valenced_opposite::utilitarian::018,valenced_opposite,utilitarian,valenced,opposite,-0.4,preference_control,-10.25,-10.25,-10.249751806259155,-10.249712467193604,-10.249751806259155,-10.249712467193604,-10.24973213672638,-1.9669532775878903e-05,-10.25,-10.25,-10.25,0.0
qwen25_7b,18,valenced_opposite::utilitarian::018,valenced_opposite,utilitarian,valenced,opposite,-0.2,preference_control,-8.375,-9.25,-8.374481201171875,-9.249643802642822,-8.374481201171875,-9.249643802642822,-8.812062501907349,0.4375813007354736,-8.375,-9.25,-8.8125,0.4375
qwen25_7b,18,valenced_opposite::utilitarian::018,valenced_opposite,utilitarian,valenced,opposite,0.0,preference_control,-3.75,-5.875,-3.7572431564331055,-5.871898651123047,-3.7572431564331055,-5.871898651123047,-4.814570903778076,1.0573277473449707,-3.75,-5.875,-4.8125,1.0625
qwen25_7b,18,valenced_opposite::utilitarian::018,valenced_opposite,utilitarian,valenced,opposite,0.2,preference_control,5.5,-0.25,5.495584487915039,-0.249880313873291,5.495584487915039,-0.249880313873291,2.622852087020874,2.872732400894165,5.5,-0.25,2.625,2.875
qwen25_7b,18,valenced_opposite::utilitarian::018,valenced_opposite,utilitarian,valenced,opposite,0.4,preference_control,10.125,2.0,10.125049591064451,1.9981565475463867,10.125049591064451,1.9981565475463867,6.06160306930542,4.063446521759033,10.125,2.0,6.0625,4.0625
qwen25_7b,18,valenced_opposite::utilitarian::018,valenced_opposite,utilitarian,valenced,opposite,0.6,preference_control,12.625,3.25,12.625149726867676,3.2430315017700195,12.625149726867676,3.2430315017700195,7.934090614318848,4.691059112548828,12.625,3.25,7.9375,4.6875
qwen25_7b,18,valenced_opposite::utilitarian::018,valenced_opposite,utilitarian,valenced,opposite,0.8,preference_control,15.0,4.5,15.000104904174805,4.488873481750488,15.000104904174805,4.488873481750488,9.744489192962646,5.255615711212158,15.0,4.5,9.75,5.25
qwen25_7b,18,valenced_opposite::utilitarian::018,valenced_opposite,utilitarian,valenced,opposite,1.0,preference_control,17.0,5.375,17.000027656555176,5.370242118835449,17.000027656555176,5.370242118835449,11.185134887695312,5.814892768859863,17.0,5.375,11.1875,5.8125
qwen25_7b,18,valenced_opposite::utilitarian::019,valenced_opposite,utilitarian,valenced,opposite,-1.0,preference_control,-3.875,-4.25,-3.8698455095291138,-4.235597491264343,-3.8698455095291138,-4.235597491264343,-4.0527215003967285,0.1828759908676147,-3.875,-4.25,-4.0625,0.1875
qwen25_7b,18,valenced_opposite::utilitarian::019,valenced_opposite,utilitarian,valenced,opposite,-0.8,preference_control,-3.75,-5.0,-3.742297649383545,-4.993133068084717,-3.742297649383545,-4.993133068084717,-4.367715358734131,0.6254177093505859,-3.75,-5.0,-4.375,0.625
qwen25_7b,18,valenced_opposite::utilitarian::019,valenced_opposite,utilitarian,valenced,opposite,-0.6,preference_control,-3.375,-5.0,-3.37230908870697,-4.992948651313782,-3.37230908870697,-4.992948651313782,-4.182628870010376,0.8103197813034058,-3.375,-5.0,-4.1875,0.8125
qwen25_7b,18,valenced_opposite::utilitarian::019,valenced_opposite,utilitarian,valenced,opposite,-0.4,preference_control,-2.75,-5.25,-2.7495133876800537,-5.244168996810913,-2.7495133876800537,-5.244168996810913,-3.9968411922454834,1.2473278045654297,-2.75,-5.25,-4.0,1.25
qwen25_7b,18,valenced_opposite::utilitarian::019,valenced_opposite,utilitarian,valenced,opposite,-0.2,preference_control,-0.5,-4.0,-0.4980520009994507,-4.011104941368103,-0.4980520009994507,-4.011104941368103,-2.254578471183777,1.7565264701843262,-0.5,-4.0,-2.25,1.75
qwen25_7b,18,valenced_opposite::utilitarian::019,valenced_opposite,utilitarian,valenced,opposite,0.0,preference_control,3.875,-2.25,3.881836414337158,-2.2563434839248657,3.881836414337158,-2.2563434839248657,0.8127464652061462,3.069089949131012,3.875,-2.25,0.8125,3.0625
qwen25_7b,18,valenced_opposite::utilitarian::019,valenced_opposite,utilitarian,valenced,opposite,0.2,preference_control,7.625,2.0,7.623021245002747,1.9951235055923464,7.623021245002747,1.9951235055923464,4.809072375297546,2.8139488697052,7.625,2.0,4.8125,2.8125
qwen25_7b,18,valenced_opposite::utilitarian::019,valenced_opposite,utilitarian,valenced,opposite,0.4,preference_control,8.5,4.75,8.49822199344635,4.738544225692749,8.49822199344635,4.738544225692749,6.61838310956955,1.8798388838768003,8.5,4.75,6.625,1.875
qwen25_7b,18,valenced_opposite::utilitarian::019,valenced_opposite,utilitarian,valenced,opposite,0.6,preference_control,10.125,6.875,10.12358582019806,6.870779514312744,10.12358582019806,6.870779514312744,8.497182667255402,1.6264031529426577,10.125,6.875,8.5,1.625
qwen25_7b,18,valenced_opposite::utilitarian::019,valenced_opposite,utilitarian,valenced,opposite,0.8,preference_control,11.0,8.75,10.998309850692747,8.74545681476593,10.998309850692747,8.74545681476593,9.87188333272934,1.1264265179634094,11.0,8.75,9.875,1.125
qwen25_7b,18,valenced_opposite::utilitarian::019,valenced_opposite,utilitarian,valenced,opposite,1.0,preference_control,11.75,8.75,11.748656868934631,8.738998889923096,11.748656868934631,8.738998889923096,10.243827879428864,1.5048289895057678,11.75,8.75,10.25,1.5
