"model_name","score_mode","component","pair_class","valence_status","opposition_status","alpha_norm","mean","ci_low","ci_high","n_pairs"
"qwen25_3b","sequence","semantic","neutral_nonopposite","neutral","nonopposite",-1,-0.88451016664505,-1.8982983134985,0.080947471916675,25
"qwen25_3b","sequence","semantic","neutral_opposite","neutral","opposite",-1,0.747636472185453,-0.761217213297884,2.36546779678514,24
"qwen25_3b","sequence","semantic","valenced_nonopposite","valenced","nonopposite",-1,-9.66483064542843,-10.5752935369558,-8.75447692046814,79
"qwen25_3b","sequence","semantic","valenced_opposite","valenced","opposite",-1,-9.32415734902024,-10.2362727157772,-8.36133839832619,80
"qwen25_3b","sequence","semantic","neutral_nonopposite","neutral","nonopposite",-0.8,-0.828259010314941,-1.79797245550156,0.0959431511163708,25
"qwen25_3b","sequence","semantic","neutral_opposite","neutral","opposite",-0.8,0.78171560416619,-0.682836747852465,2.37756057325751,24
"qwen25_3b","sequence","semantic","valenced_nonopposite","valenced","nonopposite",-0.8,-9.13364212799676,-10.058427648284,-8.20537002726069,79
"qwen25_3b","sequence","semantic","valenced_opposite","valenced","opposite",-0.8,-8.85348467677832,-9.80013005336747,-7.92833202172071,80
"qwen25_3b","sequence","semantic","neutral_nonopposite","neutral","nonopposite",-0.6,-0.775938329696655,-1.65566975587606,0.0842215200066556,25
"qwen25_3b","sequence","semantic","neutral_opposite","neutral","opposite",-0.6,0.853424794971943,-0.562665751328071,2.2935017089049,24
"qwen25_3b","sequence","semantic","valenced_nonopposite","valenced","nonopposite",-0.6,-8.54056841889514,-9.49887938625828,-7.60288554811025,79
"qwen25_3b","sequence","semantic","valenced_opposite","valenced","opposite",-0.6,-8.26044665947557,-9.27468485042453,-7.30063740519807,80
"qwen25_3b","sequence","semantic","neutral_nonopposite","neutral","nonopposite",-0.4,-0.714532077312469,-1.57484615594149,0.0862367301583281,25
"qwen25_3b","sequence","semantic","neutral_opposite","neutral","opposite",-0.4,0.857024051249027,-0.450268566670517,2.21766699527701,24
"qwen25_3b","sequence","semantic","valenced_nonopposite","valenced","nonopposite",-0.4,-7.56269104873078,-8.56833682162098,-6.59142012622538,79
"qwen25_3b","sequence","semantic","valenced_opposite","valenced","opposite",-0.4,-7.39097084850073,-8.44550537960604,-6.39175155637786,80
"qwen25_3b","sequence","semantic","neutral_nonopposite","neutral","nonopposite",-0.2,-0.60659019947052,-1.36998880654573,0.144372480034828,25
"qwen25_3b","sequence","semantic","neutral_opposite","neutral","opposite",-0.2,0.83824777106444,-0.389678794083496,2.13304604260872,24
"qwen25_3b","sequence","semantic","valenced_nonopposite","valenced","nonopposite",-0.2,-6.1991426854194,-7.25765249466972,-5.14738267254603,79
"qwen25_3b","sequence","semantic","valenced_opposite","valenced","opposite",-0.2,-6.19211437106132,-7.3057619327493,-5.17165070274845,80
"qwen25_3b","sequence","semantic","neutral_nonopposite","neutral","nonopposite",0,-0.481671288013458,-1.17361372226477,0.201633650600909,25
"qwen25_3b","sequence","semantic","neutral_opposite","neutral","opposite",0,0.770563287039598,-0.385158724337816,1.98939136428137,24
"qwen25_3b","sequence","semantic","valenced_nonopposite","valenced","nonopposite",0,-4.32211461700971,-5.41034664219316,-3.18479488776832,79
"qwen25_3b","sequence","semantic","valenced_opposite","valenced","opposite",0,-4.57020352780819,-5.69270480252802,-3.47943515909836,80
"qwen25_3b","sequence","semantic","neutral_nonopposite","neutral","nonopposite",0.2,-0.322031579017639,-0.99009521728754,0.292075583517551,25
"qwen25_3b","sequence","semantic","neutral_opposite","neutral","opposite",0.2,0.747462059060732,-0.610947800365587,2.03324033388247,24
"qwen25_3b","sequence","semantic","valenced_nonopposite","valenced","nonopposite",0.2,1.30805074036876,0.226862695435934,2.40513550039334,79
"qwen25_3b","sequence","semantic","valenced_opposite","valenced","opposite",0.2,0.724139020591974,-0.288917776532471,1.74472657442093,80
"qwen25_3b","sequence","semantic","neutral_nonopposite","neutral","nonopposite",0.4,-0.209926421642303,-0.912101767778397,0.478392240822315,25
"qwen25_3b","sequence","semantic","neutral_opposite","neutral","opposite",0.4,0.758905390898387,-0.804664254685243,2.27345761042088,24
"qwen25_3b","sequence","semantic","valenced_nonopposite","valenced","nonopposite",0.4,5.61030003617081,4.64881837415167,6.57986211299519,79
"qwen25_3b","sequence","semantic","valenced_opposite","valenced","opposite",0.4,4.92738583534956,4.04670456636697,5.78325617600232,80
"qwen25_3b","sequence","semantic","neutral_nonopposite","neutral","nonopposite",0.6,-0.0929497742652893,-0.899776750564575,0.686556741714478,25
"qwen25_3b","sequence","semantic","neutral_opposite","neutral","opposite",0.6,0.799695705374082,-0.878742215037346,2.48435044561823,24
"qwen25_3b","sequence","semantic","valenced_nonopposite","valenced","nonopposite",0.6,7.03768722015091,6.0931980716654,7.97982656337038,79
"qwen25_3b","sequence","semantic","valenced_opposite","valenced","opposite",0.6,6.20904391333461,5.36647710118443,7.06350973738357,80
"qwen25_3b","sequence","semantic","neutral_nonopposite","neutral","nonopposite",0.8,-0.0798360109329224,-0.967391813993454,0.801354364573955,25
"qwen25_3b","sequence","semantic","neutral_opposite","neutral","opposite",0.8,0.798759743571281,-0.863885070880254,2.46092759687453,24
"qwen25_3b","sequence","semantic","valenced_nonopposite","valenced","nonopposite",0.8,6.71802031390275,5.703533001527,7.71727581920126,79
"qwen25_3b","sequence","semantic","valenced_opposite","valenced","opposite",0.8,5.81526619791985,4.91381952214986,6.74422780353576,80
"qwen25_3b","sequence","semantic","neutral_nonopposite","neutral","nonopposite",1,-0.179281511306763,-1.1630025485754,0.772496709048747,25
"qwen25_3b","sequence","semantic","neutral_opposite","neutral","opposite",1,0.663003355264664,-0.857379024165372,2.18370034061372,24
"qwen25_3b","sequence","semantic","valenced_nonopposite","valenced","nonopposite",1,5.80632227885572,4.75194638675149,6.86511975826719,79
"qwen25_3b","sequence","semantic","valenced_opposite","valenced","opposite",1,4.86852942854166,3.92029690308496,5.83795681653544,80
"qwen25_3b","sequence","position","neutral_nonopposite","neutral","nonopposite",-1,-4.76767642259598,-5.81058708101511,-3.61881084150076,25
"qwen25_3b","sequence","position","neutral_opposite","neutral","opposite",-1,-6.03863060474396,-7.35702023071547,-4.70503389084091,24
"qwen25_3b","sequence","position","valenced_nonopposite","valenced","nonopposite",-1,-6.04806633840633,-6.74804651722123,-5.3796031329828,79
"qwen25_3b","sequence","position","valenced_opposite","valenced","opposite",-1,-4.1917742960155,-4.87397561453283,-3.52684014005587,80
"qwen25_3b","sequence","position","neutral_nonopposite","neutral","nonopposite",-0.8,-3.03887494564056,-4.10745836162567,-1.92195156741142,25
"qwen25_3b","sequence","position","neutral_opposite","neutral","opposite",-0.8,-5.14860843370358,-6.36090623171379,-3.74503616498162,24
"qwen25_3b","sequence","position","valenced_nonopposite","valenced","nonopposite",-0.8,-5.85174234984796,-6.53615759605471,-5.18474711981378,79
"qwen25_3b","sequence","position","valenced_opposite","valenced","opposite",-0.8,-3.95178146362305,-4.62988882442936,-3.26231171406806,80
"qwen25_3b","sequence","position","neutral_nonopposite","neutral","nonopposite",-0.6,-1.24299858093262,-2.39488416945934,-0.0753736215829851,25
"qwen25_3b","sequence","position","neutral_opposite","neutral","opposite",-0.6,-4.13533218453328,-5.38368049971759,-2.76487266005327,24
"qwen25_3b","sequence","position","valenced_nonopposite","valenced","nonopposite",-0.6,-5.59599826381176,-6.26070468816199,-4.920390030836,79
"qwen25_3b","sequence","position","valenced_opposite","valenced","opposite",-0.6,-3.61583564803004,-4.31826285846531,-2.92653031606227,80
"qwen25_3b","sequence","position","neutral_nonopposite","neutral","nonopposite",-0.4,0.765423629283905,-0.398283565700054,1.95981570601463,25
"qwen25_3b","sequence","position","neutral_opposite","neutral","opposite",-0.4,-2.98699301232894,-4.19281706238786,-1.60258085653186,24
"qwen25_3b","sequence","position","valenced_nonopposite","valenced","nonopposite",-0.4,-5.20422389537473,-5.88363019180826,-4.53826487534031,79
"qwen25_3b","sequence","position","valenced_opposite","valenced","opposite",-0.4,-3.15638832002878,-3.86729783046991,-2.44439101304859,80
"qwen25_3b","sequence","position","neutral_nonopposite","neutral","nonopposite",-0.2,2.75605338573456,1.54898763525486,3.99304725134373,25
"qwen25_3b","sequence","position","neutral_opposite","neutral","opposite",-0.2,-1.69891531268756,-2.93203283250332,-0.343783163279298,24
"qwen25_3b","sequence","position","valenced_nonopposite","valenced","nonopposite",-0.2,-4.61290076261834,-5.32748154839383,-3.90428566915702,79
"qwen25_3b","sequence","position","valenced_opposite","valenced","opposite",-0.2,-2.48534915447235,-3.19750022672117,-1.73969888506457,80
"qwen25_3b","sequence","position","neutral_nonopposite","neutral","nonopposite",0,4.58093734502792,3.37169932752848,5.78893712371588,25
"qwen25_3b","sequence","position","neutral_opposite","neutral","opposite",0,-0.305300963421663,-1.51126504323135,1.01977882316957,24
"qwen25_3b","sequence","position","valenced_nonopposite","valenced","nonopposite",0,-3.66740498814402,-4.37137929367114,-2.94339242824648,79
"qwen25_3b","sequence","position","valenced_opposite","valenced","opposite",0,-1.63503497242928,-2.43479083368555,-0.842344027832151,80
"qwen25_3b","sequence","position","neutral_nonopposite","neutral","nonopposite",0.2,8.29028788566589,7.21043018954992,9.36632863938808,25
"qwen25_3b","sequence","position","neutral_opposite","neutral","opposite",0.2,2.808759684364,1.64101637328664,4.03989145134886,24
"qwen25_3b","sequence","position","valenced_nonopposite","valenced","nonopposite",0.2,-0.386373845082295,-1.13730867203278,0.374466959811464,79
"qwen25_3b","sequence","position","valenced_opposite","valenced","opposite",0.2,1.12995981797576,0.39501400930807,1.86449762966484,80
"qwen25_3b","sequence","position","neutral_nonopposite","neutral","nonopposite",0.4,10.3669630122185,9.38080395996571,11.3696866103411,25
"qwen25_3b","sequence","position","neutral_opposite","neutral","opposite",0.4,4.58219602704048,3.45065385214984,5.67510181708882,24
"qwen25_3b","sequence","position","valenced_nonopposite","valenced","nonopposite",0.4,2.49909639433969,1.90629507803087,3.13020135569799,79
"qwen25_3b","sequence","position","valenced_opposite","valenced","opposite",0.4,3.13126514256001,2.50801124759018,3.78141177425161,80
"qwen25_3b","sequence","position","neutral_nonopposite","neutral","nonopposite",0.6,11.2684954667091,10.3677173108459,12.141600220263,25
"qwen25_3b","sequence","position","neutral_opposite","neutral","opposite",0.6,5.29914300143719,4.15649010110647,6.43786220898231,24
"qwen25_3b","sequence","position","valenced_nonopposite","valenced","nonopposite",0.6,3.71268150323554,3.10696003229558,4.29952162330664,79
"qwen25_3b","sequence","position","valenced_opposite","valenced","opposite",0.6,3.82120274230838,3.21865307856351,4.45205388413742,80
"qwen25_3b","sequence","position","neutral_nonopposite","neutral","nonopposite",0.8,11.8162587928772,10.895670309484,12.7042239758968,25
"qwen25_3b","sequence","position","neutral_opposite","neutral","opposite",0.8,5.42574598888556,4.22847904432565,6.5860350623106,24
"qwen25_3b","sequence","position","valenced_nonopposite","valenced","nonopposite",0.8,3.99572941019565,3.3502121382499,4.62615321016387,79
"qwen25_3b","sequence","position","valenced_opposite","valenced","opposite",0.8,3.90625025033951,3.26938096189871,4.54910530114546,80
"qwen25_3b","sequence","position","neutral_nonopposite","neutral","nonopposite",1,11.8736848735809,10.9742823752761,12.7932049272656,25
"qwen25_3b","sequence","position","neutral_opposite","neutral","opposite",1,5.08531961341699,3.89268366092195,6.23338053431362,24
"qwen25_3b","sequence","position","valenced_nonopposite","valenced","nonopposite",1,3.89314402658728,3.23963230263583,4.57003264696915,79
"qwen25_3b","sequence","position","valenced_opposite","valenced","opposite",1,3.69970364570618,3.04678593344986,4.34433950403705,80
"qwen25_3b","first_token","semantic","neutral_nonopposite","neutral","nonopposite",-1,-0.885,-1.9200625,0.0725624999999991,25
"qwen25_3b","first_token","semantic","neutral_opposite","neutral","opposite",-1,0.75,-0.7474609375,2.31770833333333,24
"qwen25_3b","first_token","semantic","valenced_nonopposite","valenced","nonopposite",-1,-9.57792721518987,-10.5372033227848,-8.62814477848101,79
"qwen25_3b","first_token","semantic","valenced_opposite","valenced","opposite",-1,-9.261328125,-10.200439453125,-8.30349609375,80
"qwen25_3b","first_token","semantic","neutral_nonopposite","neutral","nonopposite",-0.8,-0.83,-1.8325625,0.0825624999999991,25
"qwen25_3b","first_token","semantic","neutral_opposite","neutral","opposite",-0.8,0.783854166666667,-0.734440104166667,2.34635416666667,24
"qwen25_3b","first_token","semantic","valenced_nonopposite","valenced","nonopposite",-0.8,-9.06289556962025,-9.98659018987342,-8.12763053797469,79
"qwen25_3b","first_token","semantic","valenced_opposite","valenced","opposite",-0.8,-8.8109375,-9.772685546875,-7.829619140625,80
"qwen25_3b","first_token","semantic","neutral_nonopposite","neutral","nonopposite",-0.6,-0.7775,-1.6675625,0.0725,25
"qwen25_3b","first_token","semantic","neutral_opposite","neutral","opposite",-0.6,0.854166666666667,-0.546940104166667,2.375,24
"qwen25_3b","first_token","semantic","valenced_nonopposite","valenced","nonopposite",-0.6,-8.48259493670886,-9.48101265822785,-7.53560126582278,79
"qwen25_3b","first_token","semantic","valenced_opposite","valenced","opposite",-0.6,-8.232421875,-9.2340234375,-7.28943359375,80
"qwen25_3b","first_token","semantic","neutral_nonopposite","neutral","nonopposite",-0.4,-0.715,-1.58,0.075,25
"qwen25_3b","first_token","semantic","neutral_opposite","neutral","opposite",-0.4,0.856770833333333,-0.455729166666667,2.27083333333333,24
"qwen25_3b","first_token","semantic","valenced_nonopposite","valenced","nonopposite",-0.4,-7.52650316455696,-8.50998813291139,-6.56169897151899,79
"qwen25_3b","first_token","semantic","valenced_opposite","valenced","opposite",-0.4,-7.38203125,-8.390634765625,-6.34255859375,80
"qwen25_3b","first_token","semantic","neutral_nonopposite","neutral","nonopposite",-0.2,-0.6075,-1.3875625,0.15,25
"qwen25_3b","first_token","semantic","neutral_opposite","neutral","opposite",-0.2,0.838541666666667,-0.375065104166667,2.12760416666667,24
"qwen25_3b","first_token","semantic","valenced_nonopposite","valenced","nonopposite",-0.2,-6.18314873417722,-7.2171875,-5.09454113924051,79
"qwen25_3b","first_token","semantic","valenced_opposite","valenced","opposite",-0.2,-6.1890625,-7.219921875,-5.147158203125,80
"qwen25_3b","first_token","semantic","neutral_nonopposite","neutral","nonopposite",0,-0.4825,-1.1900625,0.2175,25
"qwen25_3b","first_token","semantic","neutral_opposite","neutral","opposite",0,0.770833333333333,-0.3828125,1.9583984375,24
"qwen25_3b","first_token","semantic","valenced_nonopposite","valenced","nonopposite",0,-4.3184335443038,-5.43040941455696,-3.23488924050633,79
"qwen25_3b","first_token","semantic","valenced_opposite","valenced","opposite",0,-4.5703125,-5.62423828125,-3.488662109375,80
"qwen25_3b","first_token","semantic","neutral_nonopposite","neutral","nonopposite",0.2,-0.3225,-0.9675,0.305062499999999,25
"qwen25_3b","first_token","semantic","neutral_opposite","neutral","opposite",0.2,0.747395833333333,-0.565364583333333,2.04694010416667,24
"qwen25_3b","first_token","semantic","valenced_nonopposite","valenced","nonopposite",0.2,1.30458860759494,0.197745253164557,2.39800237341772,79
"qwen25_3b","first_token","semantic","valenced_opposite","valenced","opposite",0.2,0.715234375,-0.24302734375,1.6984375,80
"qwen25_3b","first_token","semantic","neutral_nonopposite","neutral","nonopposite",0.4,-0.21,-0.9175625,0.4725,25
"qwen25_3b","first_token","semantic","neutral_opposite","neutral","opposite",0.4,0.760416666666667,-0.854166666666667,2.3412109375,24
"qwen25_3b","first_token","semantic","valenced_nonopposite","valenced","nonopposite",0.4,5.5996835443038,4.62262658227848,6.54910996835443,79
"qwen25_3b","first_token","semantic","valenced_opposite","valenced","opposite",0.4,4.91015625,4.06556640625,5.76953125,80
"qwen25_3b","first_token","semantic","neutral_nonopposite","neutral","nonopposite",0.6,-0.09,-0.89,0.685,25
"qwen25_3b","first_token","semantic","neutral_opposite","neutral","opposite",0.6,0.799479166666667,-0.924479166666667,2.49485677083333,24
"qwen25_3b","first_token","semantic","valenced_nonopposite","valenced","nonopposite",0.6,7.02927215189873,6.11743473101266,7.98261471518987,79
"qwen25_3b","first_token","semantic","valenced_opposite","valenced","opposite",0.6,6.1935546875,5.2837744140625,7.066044921875,80
"qwen25_3b","first_token","semantic","neutral_nonopposite","neutral","nonopposite",0.8,-0.08,-0.9625625,0.795,25
"qwen25_3b","first_token","semantic","neutral_opposite","neutral","opposite",0.8,0.796875,-0.783984375,2.43229166666667,24
"qwen25_3b","first_token","semantic","valenced_nonopposite","valenced","nonopposite",0.8,6.7157832278481,5.67957377373418,7.73556665348101,79
"qwen25_3b","first_token","semantic","valenced_opposite","valenced","opposite",0.8,5.8046875,4.910537109375,6.72232421875,80
"qwen25_3b","first_token","semantic","neutral_nonopposite","neutral","nonopposite",1,-0.175,-1.1925625,0.812687499999997,25
"qwen25_3b","first_token","semantic","neutral_opposite","neutral","opposite",1,0.66015625,-0.849088541666667,2.2083984375,24
"qwen25_3b","first_token","semantic","valenced_nonopposite","valenced","nonopposite",1,5.81111550632911,4.73606606012658,6.88481012658228,79
"qwen25_3b","first_token","semantic","valenced_opposite","valenced","opposite",1,4.863671875,3.8890625,5.81171875,80
"qwen25_3b","first_token","position","neutral_nonopposite","neutral","nonopposite",-1,-4.77,-5.8625,-3.6075,25
"qwen25_3b","first_token","position","neutral_opposite","neutral","opposite",-1,-6.04166666666667,-7.3568359375,-4.6666015625,24
"qwen25_3b","first_token","position","valenced_nonopposite","valenced","nonopposite",-1,-5.96083860759494,-6.63928006329114,-5.26658425632911,79
"qwen25_3b","first_token","position","valenced_opposite","valenced","opposite",-1,-4.128515625,-4.804306640625,-3.468720703125,80
"qwen25_3b","first_token","position","neutral_nonopposite","neutral","nonopposite",-0.8,-3.04,-4.115,-1.892375,25
"qwen25_3b","first_token","position","neutral_opposite","neutral","opposite",-0.8,-5.1484375,-6.39322916666667,-3.8123046875,24
"qwen25_3b","first_token","position","valenced_nonopposite","valenced","nonopposite",-0.8,-5.78125,-6.48221914556962,-5.1459355221519,79
"qwen25_3b","first_token","position","valenced_opposite","valenced","opposite",-0.8,-3.9109375,-4.57421875,-3.25546875,80
"qwen25_3b","first_token","position","neutral_nonopposite","neutral","nonopposite",-0.6,-1.2425,-2.3750625,-0.0499375000000009,25
"qwen25_3b","first_token","position","neutral_opposite","neutral","opposite",-0.6,-4.13541666666667,-5.3984375,-2.7525390625,24
"qwen25_3b","first_token","position","valenced_nonopposite","valenced","nonopposite",-0.6,-5.5379746835443,-6.21089794303797,-4.90184928797468,79
"qwen25_3b","first_token","position","valenced_opposite","valenced","opposite",-0.6,-3.591796875,-4.273837890625,-2.923759765625,80
"qwen25_3b","first_token","position","neutral_nonopposite","neutral","nonopposite",-0.4,0.765,-0.4,2.000125,25
"qwen25_3b","first_token","position","neutral_opposite","neutral","opposite",-0.4,-2.98697916666667,-4.24479166666667,-1.60930989583333,24
"qwen25_3b","first_token","position","valenced_nonopposite","valenced","nonopposite",-0.4,-5.16732594936709,-5.81170886075949,-4.50751582278481,79
"qwen25_3b","first_token","position","valenced_opposite","valenced","opposite",-0.4,-3.15078125,-3.866015625,-2.436318359375,80
"qwen25_3b","first_token","position","neutral_nonopposite","neutral","nonopposite",-0.2,2.7575,1.5025,3.9925625,25
"qwen25_3b","first_token","position","neutral_opposite","neutral","opposite",-0.2,-1.69791666666667,-2.88802083333333,-0.343684895833334,24
"qwen25_3b","first_token","position","valenced_nonopposite","valenced","nonopposite",-0.2,-4.59612341772152,-5.28362341772152,-3.93425632911393,79
"qwen25_3b","first_token","position","valenced_opposite","valenced","opposite",-0.2,-2.484375,-3.230869140625,-1.742177734375,80
"qwen25_3b","first_token","position","neutral_nonopposite","neutral","nonopposite",0,4.5825,3.3275,5.8225,25
"qwen25_3b","first_token","position","neutral_opposite","neutral","opposite",0,-0.307291666666667,-1.52083333333333,0.984375,24
"qwen25_3b","first_token","position","valenced_nonopposite","valenced","nonopposite",0,-3.66257911392405,-4.40076147151899,-2.94143591772152,79
"qwen25_3b","first_token","position","valenced_opposite","valenced","opposite",0,-1.634375,-2.446533203125,-0.825712890625001,80
"qwen25_3b","first_token","position","neutral_nonopposite","neutral","nonopposite",0.2,8.2925,7.2349375,9.3650625,25
"qwen25_3b","first_token","position","neutral_opposite","neutral","opposite",0.2,2.80989583333333,1.69270833333333,3.99225260416667,24
"qwen25_3b","first_token","position","valenced_nonopposite","valenced","nonopposite",0.2,-0.385284810126582,-1.13928006329114,0.405933544303796,79
"qwen25_3b","first_token","position","valenced_opposite","valenced","opposite",0.2,1.137109375,0.413212890625,1.908623046875,80
"qwen25_3b","first_token","position","neutral_nonopposite","neutral","nonopposite",0.4,10.37,9.3999375,11.36,25
"qwen25_3b","first_token","position","neutral_opposite","neutral","opposite",0.4,4.58333333333333,3.47395833333333,5.69537760416667,24
"qwen25_3b","first_token","position","valenced_nonopposite","valenced","nonopposite",0.4,2.49287974683544,1.87735363924051,3.12027294303797,79
"qwen25_3b","first_token","position","valenced_opposite","valenced","opposite",0.4,3.14453125,2.507705078125,3.77578125,80
"qwen25_3b","first_token","position","neutral_nonopposite","neutral","nonopposite",0.6,11.27,10.3549375,12.1550625,25
"qwen25_3b","first_token","position","neutral_opposite","neutral","opposite",0.6,5.29947916666667,4.13268229166667,6.41927083333333,24
"qwen25_3b","first_token","position","valenced_nonopposite","valenced","nonopposite",0.6,3.70806962025316,3.09611352848101,4.31882911392405,79
"qwen25_3b","first_token","position","valenced_opposite","valenced","opposite",0.6,3.8341796875,3.2345654296875,4.4482568359375,80
"qwen25_3b","first_token","position","neutral_nonopposite","neutral","nonopposite",0.8,11.815,10.905,12.7275625,25
"qwen25_3b","first_token","position","neutral_opposite","neutral","opposite",0.8,5.42708333333333,4.19270833333333,6.58346354166666,24
"qwen25_3b","first_token","position","valenced_nonopposite","valenced","nonopposite",0.8,3.99426424050633,3.3639042721519,4.62856012658228,79
"qwen25_3b","first_token","position","valenced_opposite","valenced","opposite",0.8,3.9109375,3.261279296875,4.532060546875,80
"qwen25_3b","first_token","position","neutral_nonopposite","neutral","nonopposite",1,11.875,10.9325,12.7825625,25
"qwen25_3b","first_token","position","neutral_opposite","neutral","opposite",1,5.08723958333333,3.91266276041667,6.21878255208333,24
"qwen25_3b","first_token","position","valenced_nonopposite","valenced","nonopposite",1,3.89576740506329,3.24305775316456,4.56115506329114,79
"qwen25_3b","first_token","position","valenced_opposite","valenced","opposite",1,3.701171875,3.077734375,4.350810546875,80
"qwen25_7b","sequence","semantic","neutral_nonopposite","neutral","nonopposite",-1,-0.11702365398407,-1.2034121953845,1.00523913151026,25
"qwen25_7b","sequence","semantic","neutral_opposite","neutral","opposite",-1,0.535291480521361,-0.690144323371351,1.82681960345556,24
"qwen25_7b","sequence","semantic","valenced_nonopposite","valenced","nonopposite",-1,-9.00587582588196,-9.75017832059272,-8.26671264714833,79
"qwen25_7b","sequence","semantic","valenced_opposite","valenced","opposite",-1,-8.82824773490429,-9.51225209299475,-8.15423094592989,80
"qwen25_7b","sequence","semantic","neutral_nonopposite","neutral","nonopposite",-0.8,-0.134336681365967,-1.16906286901236,0.959804049253464,25
"qwen25_7b","sequence","semantic","neutral_opposite","neutral","opposite",-0.8,0.387579706807931,-0.893565884791314,1.65868886628499,24
"qwen25_7b","sequence","semantic","valenced_nonopposite","valenced","nonopposite",-0.8,-9.47964606783058,-10.2653003314251,-8.7011226671406,79
"qwen25_7b","sequence","semantic","valenced_opposite","valenced","opposite",-0.8,-9.19857131689787,-9.88503898205236,-8.51353187391535,80
"qwen25_7b","sequence","semantic","neutral_nonopposite","neutral","nonopposite",-0.6,-0.152441787719727,-1.12956986552477,0.885444244027138,25
"qwen25_7b","sequence","semantic","neutral_opposite","neutral","opposite",-0.6,0.237497662504514,-1.00985520165414,1.53074713125825,24
"qwen25_7b","sequence","semantic","valenced_nonopposite","valenced","nonopposite",-0.6,-9.51700729961637,-10.3778134054398,-8.67541358959448,79
"qwen25_7b","sequence","semantic","valenced_opposite","valenced","opposite",-0.6,-9.25027815550566,-9.97592869041488,-8.57223447656259,80
"qwen25_7b","sequence","semantic","neutral_nonopposite","neutral","nonopposite",-0.4,-0.0670623540878296,-0.976268375217915,0.81446970129013,25
"qwen25_7b","sequence","semantic","neutral_opposite","neutral","opposite",-0.4,0.154382966458797,-0.994269245987137,1.33017880488187,24
"qwen25_7b","sequence","semantic","valenced_nonopposite","valenced","nonopposite",-0.4,-8.83129490327232,-9.75309160900644,-7.92674747458364,79
"qwen25_7b","sequence","semantic","valenced_opposite","valenced","opposite",-0.4,-8.58036936670542,-9.38144100399688,-7.80563926739618,80
"qwen25_7b","sequence","semantic","neutral_nonopposite","neutral","nonopposite",-0.2,0.0246877217292786,-0.742521683931351,0.79514256042242,25
"qwen25_7b","sequence","semantic","neutral_opposite","neutral","opposite",-0.2,0.144885626931985,-0.882274738512933,1.29176401756704,24
"qwen25_7b","sequence","semantic","valenced_nonopposite","valenced","nonopposite",-0.2,-6.7057806411876,-7.7073982941199,-5.70521470611986,79
"qwen25_7b","sequence","semantic","valenced_opposite","valenced","opposite",-0.2,-6.68467093408108,-7.62208166439086,-5.7719267966412,80
"qwen25_7b","sequence","semantic","neutral_nonopposite","neutral","nonopposite",0,0.152190430164337,-0.624753744006157,0.871878715872764,25
"qwen25_7b","sequence","semantic","neutral_opposite","neutral","opposite",0,0.263538693388303,-0.855492439431449,1.40437858123332,24
"qwen25_7b","sequence","semantic","valenced_nonopposite","valenced","nonopposite",0,-2.77487297903133,-3.84192568886129,-1.73294583645803,79
"qwen25_7b","sequence","semantic","valenced_opposite","valenced","opposite",0,-3.00454872697592,-3.99151009244844,-2.0193915036507,80
"qwen25_7b","sequence","semantic","neutral_nonopposite","neutral","nonopposite",0.2,0.225020310878754,-0.62027835470438,1.01091415339708,25
"qwen25_7b","sequence","semantic","neutral_opposite","neutral","opposite",0.2,0.40483566870292,-0.986752694410582,1.87253299312045,24
"qwen25_7b","sequence","semantic","valenced_nonopposite","valenced","nonopposite",0.2,4.05273076326032,3.1560069118874,4.94084524810314,79
"qwen25_7b","sequence","semantic","valenced_opposite","valenced","opposite",0.2,3.45971891134977,2.62128133790568,4.28929115364328,80
"qwen25_7b","sequence","semantic","neutral_nonopposite","neutral","nonopposite",0.4,0.267477185726166,-0.597811124622822,1.10513398021459,25
"qwen25_7b","sequence","semantic","neutral_opposite","neutral","opposite",0.4,0.392765623827775,-1.10624227349957,1.96301241808881,24
"qwen25_7b","sequence","semantic","valenced_nonopposite","valenced","nonopposite",0.4,8.28252993429763,7.57374552522279,9.05875170302542,79
"qwen25_7b","sequence","semantic","valenced_opposite","valenced","opposite",0.4,7.62360876500607,6.86132623853162,8.41259136507288,80
"qwen25_7b","sequence","semantic","neutral_nonopposite","neutral","nonopposite",0.6,0.357095084190369,-0.542965865194797,1.22229395800829,25
"qwen25_7b","sequence","semantic","neutral_opposite","neutral","opposite",0.6,0.348384482165178,-1.22114365852127,2.09900440641989,24
"qwen25_7b","sequence","semantic","valenced_nonopposite","valenced","nonopposite",0.6,10.9664362721805,10.2446217596154,11.6788482645456,79
"qwen25_7b","sequence","semantic","valenced_opposite","valenced","opposite",0.6,10.2439356930554,9.49695961739868,11.0086559711397,80
"qwen25_7b","sequence","semantic","neutral_nonopposite","neutral","nonopposite",0.8,0.492511165142059,-0.455083839178085,1.35299356222153,25
"qwen25_7b","sequence","semantic","neutral_opposite","neutral","opposite",0.8,0.274083110193412,-1.46698160562664,2.16522826415797,24
"qwen25_7b","sequence","semantic","valenced_nonopposite","valenced","nonopposite",0.8,12.8637677250029,12.101081492799,13.6064330894924,79
"qwen25_7b","sequence","semantic","valenced_opposite","valenced","opposite",0.8,12.048514572531,11.2651554374956,12.8110924098641,80
"qwen25_7b","sequence","semantic","neutral_nonopposite","neutral","nonopposite",1,0.54314444065094,-0.493199530422687,1.51056374162436,25
"qwen25_7b","sequence","semantic","neutral_opposite","neutral","opposite",1,0.362786854306857,-1.43971862488737,2.42551184302817,24
"qwen25_7b","sequence","semantic","valenced_nonopposite","valenced","nonopposite",1,13.6232307719279,12.8541906305884,14.3814997162057,79
"qwen25_7b","sequence","semantic","valenced_opposite","valenced","opposite",1,12.7112262405455,11.9154710574821,13.51207409041,80
"qwen25_7b","sequence","position","neutral_nonopposite","neutral","nonopposite",-1,0.740611906051636,-0.201557242512703,1.58610558366775,25
"qwen25_7b","sequence","position","neutral_opposite","neutral","opposite",-1,0.990293843050798,0.184536742977798,1.80199491543074,24
"qwen25_7b","sequence","position","valenced_nonopposite","valenced","nonopposite",-1,-0.685598563544358,-1.11947936517528,-0.258641235322892,79
"qwen25_7b","sequence","position","valenced_opposite","valenced","opposite",-1,0.226010337471962,-0.179087090287358,0.630041561815887,80
"qwen25_7b","sequence","position","neutral_nonopposite","neutral","nonopposite",-0.8,1.95008420944214,1.04856908410788,2.82774316114187,25
"qwen25_7b","sequence","position","neutral_opposite","neutral","opposite",-0.8,1.56419028590123,0.672906236660977,2.47656095859905,24
"qwen25_7b","sequence","position","valenced_nonopposite","valenced","nonopposite",-0.8,-0.445884373369096,-0.91140376489751,0.0366328689116465,79
"qwen25_7b","sequence","position","valenced_opposite","valenced","opposite",-0.8,0.650998097658157,0.196349204517901,1.09887713963166,80
"qwen25_7b","sequence","position","neutral_nonopposite","neutral","nonopposite",-0.6,3.47047975063324,2.62409007138014,4.33454836326838,25
"qwen25_7b","sequence","position","neutral_opposite","neutral","opposite",-0.6,2.31447408596675,1.2912123447905,3.3893745696793,24
"qwen25_7b","sequence","position","valenced_nonopposite","valenced","nonopposite",-0.6,-0.212732775301873,-0.719666946047469,0.304667379584493,79
"qwen25_7b","sequence","position","valenced_opposite","valenced","opposite",-0.6,1.13737317174673,0.654184381905943,1.60788494873792,80
"qwen25_7b","sequence","position","neutral_nonopposite","neutral","nonopposite",-0.4,5.24902339458466,4.43722709274292,6.1144578615427,25
"qwen25_7b","sequence","position","neutral_opposite","neutral","opposite",-0.4,3.42229220022758,2.26564690861851,4.64038076139986,24
"qwen25_7b","sequence","position","valenced_nonopposite","valenced","nonopposite",-0.4,0.0878372690345667,-0.465503703529322,0.676529498417166,79
"qwen25_7b","sequence","position","valenced_opposite","valenced","opposite",-0.4,1.71264697164297,1.13948303531855,2.27240999063477,80
"qwen25_7b","sequence","position","neutral_nonopposite","neutral","nonopposite",-0.2,7.05792488336563,6.2781112651825,7.89380001622438,25
"qwen25_7b","sequence","position","neutral_opposite","neutral","opposite",-0.2,5.12354880323013,3.87900565850238,6.43112780023366,24
"qwen25_7b","sequence","position","valenced_nonopposite","valenced","nonopposite",-0.2,0.634947353526007,-0.0264301698041868,1.33843239438307,79
"qwen25_7b","sequence","position","valenced_opposite","valenced","opposite",-0.2,2.56563123315573,1.86162984283641,3.31661195931956,80
"qwen25_7b","sequence","position","neutral_nonopposite","neutral","nonopposite",0,8.53551754713058,7.69813466560841,9.45134994858503,25
"qwen25_7b","sequence","position","neutral_opposite","neutral","opposite",0,6.83464688062668,5.28226860761642,8.24517369282742,24
"qwen25_7b","sequence","position","valenced_nonopposite","valenced","nonopposite",0,1.74168267732934,0.955106226816962,2.56524024066291,79
"qwen25_7b","sequence","position","valenced_opposite","valenced","opposite",0,3.67884574830532,2.78998122099787,4.61519969316199,80
"qwen25_7b","sequence","position","neutral_nonopposite","neutral","nonopposite",0.2,10.2036925625801,9.25602729946375,11.178871825099,25
"qwen25_7b","sequence","position","neutral_opposite","neutral","opposite",0.2,8.54584565510353,6.93824684917927,10.1239045024539,24
"qwen25_7b","sequence","position","valenced_nonopposite","valenced","nonopposite",0.2,3.59547890817063,2.73971773319984,4.43532171043791,79
"qwen25_7b","sequence","position","valenced_opposite","valenced","opposite",0.2,4.74530609250069,3.89890253212303,5.61818411320448,80
"qwen25_7b","sequence","position","neutral_nonopposite","neutral","nonopposite",0.4,11.3115478825569,10.3362796366215,12.3267660294175,25
"qwen25_7b","sequence","position","neutral_opposite","neutral","opposite",0.4,9.52270049105088,7.8543327630808,11.1702106526742,24
"qwen25_7b","sequence","position","valenced_nonopposite","valenced","nonopposite",0.4,4.6438627658011,3.83537203192334,5.43999743478585,79
"qwen25_7b","sequence","position","valenced_opposite","valenced","opposite",0.4,4.98639276325703,4.20716014353558,5.75290344601497,80
"qwen25_7b","sequence","position","neutral_nonopposite","neutral","nonopposite",0.6,11.8168310451508,10.8605153661966,12.8039195082188,25
"qwen25_7b","sequence","position","neutral_opposite","neutral","opposite",0.6,9.94176334391038,8.19344896320254,11.5595898764829,24
"qwen25_7b","sequence","position","valenced_nonopposite","valenced","nonopposite",0.6,5.17309176242804,4.3881738480322,6.02190274467951,79
"qwen25_7b","sequence","position","valenced_opposite","valenced","opposite",0.6,5.17812920585275,4.43917288808152,5.95555971579626,80
"qwen25_7b","sequence","position","neutral_nonopposite","neutral","nonopposite",0.8,11.9410412240028,10.9760998784304,12.9706371219754,25
"qwen25_7b","sequence","position","neutral_opposite","neutral","opposite",0.8,9.99541633576155,8.16279922580967,11.7266966837148,24
"qwen25_7b","sequence","position","valenced_nonopposite","valenced","nonopposite",0.8,5.68077963515173,4.91769105622286,6.5143476037285,79
"qwen25_7b","sequence","position","valenced_opposite","valenced","opposite",0.8,5.53065953925252,4.75171464946121,6.33748434744775,80
"qwen25_7b","sequence","position","neutral_nonopposite","neutral","nonopposite",1,11.0901159524918,10.0873505226374,12.1253512089252,25
"qwen25_7b","sequence","position","neutral_opposite","neutral","opposite",1,9.48616569737593,7.44967891319344,11.3401777389149,24
"qwen25_7b","sequence","position","valenced_nonopposite","valenced","nonopposite",1,6.35851753738862,5.61127373366794,7.15439208472454,79
"qwen25_7b","sequence","position","valenced_opposite","valenced","opposite",1,6.19989363923669,5.4371607677266,6.97342344993725,80
"qwen25_7b","first_token","semantic","neutral_nonopposite","neutral","nonopposite",-1,-0.1175,-1.1925625,1.062625,25
"qwen25_7b","first_token","semantic","neutral_opposite","neutral","opposite",-1,0.536458333333333,-0.736979166666667,1.79440104166666,24
"qwen25_7b","first_token","semantic","valenced_nonopposite","valenced","nonopposite",-1,-9.0059335443038,-9.74017009493671,-8.28003362341772,79
"qwen25_7b","first_token","semantic","valenced_opposite","valenced","opposite",-1,-8.827734375,-9.504306640625,-8.19763671875,80
"qwen25_7b","first_token","semantic","neutral_nonopposite","neutral","nonopposite",-0.8,-0.135,-1.1675625,0.97,25
"qwen25_7b","first_token","semantic","neutral_opposite","neutral","opposite",-0.8,0.388020833333333,-0.869986979166667,1.64856770833333,24
"qwen25_7b","first_token","semantic","valenced_nonopposite","valenced","nonopposite",-0.8,-9.47943037974684,-10.2773338607595,-8.69579707278481,79
"qwen25_7b","first_token","semantic","valenced_opposite","valenced","opposite",-0.8,-9.19609375,-9.87580078125,-8.528125,80
"qwen25_7b","first_token","semantic","neutral_nonopposite","neutral","nonopposite",-0.6,-0.1525,-1.1351875,0.855062499999999,25
"qwen25_7b","first_token","semantic","neutral_opposite","neutral","opposite",-0.6,0.236979166666667,-1.0130859375,1.5208984375,24
"qwen25_7b","first_token","semantic","valenced_nonopposite","valenced","nonopposite",-0.6,-9.51661392405063,-10.3758504746835,-8.6526503164557,79
"qwen25_7b","first_token","semantic","valenced_opposite","valenced","opposite",-0.6,-9.24609375,-9.96953125,-8.5398046875,80
"qwen25_7b","first_token","semantic","neutral_nonopposite","neutral","nonopposite",-0.4,-0.0675,-1.0175,0.795062499999999,25
"qwen25_7b","first_token","semantic","neutral_opposite","neutral","opposite",-0.4,0.153645833333333,-1.0078125,1.3671875,24
"qwen25_7b","first_token","semantic","valenced_nonopposite","valenced","nonopposite",-0.4,-8.8310917721519,-9.76069026898734,-7.94221716772152,79
"qwen25_7b","first_token","semantic","valenced_opposite","valenced","opposite",-0.4,-8.575390625,-9.35392578125,-7.807412109375,80
"qwen25_7b","first_token","semantic","neutral_nonopposite","neutral","nonopposite",-0.2,0.025,-0.78,0.7925,25
"qwen25_7b","first_token","semantic","neutral_opposite","neutral","opposite",-0.2,0.145833333333333,-0.880208333333333,1.28125,24
"qwen25_7b","first_token","semantic","valenced_nonopposite","valenced","nonopposite",-0.2,-6.70530063291139,-7.69936708860759,-5.72425830696203,79
"qwen25_7b","first_token","semantic","valenced_opposite","valenced","opposite",-0.2,-6.6796875,-7.54611328125,-5.78125,80
"qwen25_7b","first_token","semantic","neutral_nonopposite","neutral","nonopposite",0,0.1525,-0.6300625,0.9125,25
"qwen25_7b","first_token","semantic","neutral_opposite","neutral","opposite",0,0.263020833333333,-0.848958333333333,1.41666666666667,24
"qwen25_7b","first_token","semantic","valenced_nonopposite","valenced","nonopposite",0,-2.77610759493671,-3.84814082278481,-1.73255537974684,79
"qwen25_7b","first_token","semantic","valenced_opposite","valenced","opposite",0,-3.002734375,-4.024228515625,-2.027314453125,80
"qwen25_7b","first_token","semantic","neutral_nonopposite","neutral","nonopposite",0.2,0.225,-0.5975625,1.0275625,25
"qwen25_7b","first_token","semantic","neutral_opposite","neutral","opposite",0.2,0.40625,-1.01041666666667,1.90891927083333,24
"qwen25_7b","first_token","semantic","valenced_nonopposite","valenced","nonopposite",0.2,4.04707278481013,3.14828916139241,4.90943433544304,79
"qwen25_7b","first_token","semantic","valenced_opposite","valenced","opposite",0.2,3.459765625,2.622646484375,4.281689453125,80
"qwen25_7b","first_token","semantic","neutral_nonopposite","neutral","nonopposite",0.4,0.2675,-0.6500625,1.1100625,25
"qwen25_7b","first_token","semantic","neutral_opposite","neutral","opposite",0.4,0.393229166666667,-1.15104166666667,2.01822916666667,24
"qwen25_7b","first_token","semantic","valenced_nonopposite","valenced","nonopposite",0.4,8.27887658227848,7.54701344936709,9.02653283227848,79
"qwen25_7b","first_token","semantic","valenced_opposite","valenced","opposite",0.4,7.62421875,6.8359375,8.377734375,80
"qwen25_7b","first_token","semantic","neutral_nonopposite","neutral","nonopposite",0.6,0.3575,-0.5625625,1.2,25
"qwen25_7b","first_token","semantic","neutral_opposite","neutral","opposite",0.6,0.348958333333333,-1.2998046875,2.17454427083333,24
"qwen25_7b","first_token","semantic","valenced_nonopposite","valenced","nonopposite",0.6,10.9608386075949,10.2507911392405,11.647616693038,79
"qwen25_7b","first_token","semantic","valenced_opposite","valenced","opposite",0.6,10.24375,9.46873046875,11.020322265625,80
"qwen25_7b","first_token","semantic","neutral_nonopposite","neutral","nonopposite",0.8,0.4925,-0.4325625,1.36,25
"qwen25_7b","first_token","semantic","neutral_opposite","neutral","opposite",0.8,0.272135416666667,-1.484375,2.1576171875,24
"qwen25_7b","first_token","semantic","valenced_nonopposite","valenced","nonopposite",0.8,12.8599683544304,12.1131230221519,13.6222507911392,79
"qwen25_7b","first_token","semantic","valenced_opposite","valenced","opposite",0.8,12.047265625,11.256240234375,12.812158203125,80
"qwen25_7b","first_token","semantic","neutral_nonopposite","neutral","nonopposite",1,0.5425,-0.5075625,1.5225,25
"qwen25_7b","first_token","semantic","neutral_opposite","neutral","opposite",1,0.361979166666667,-1.50787760416667,2.54427083333333,24
"qwen25_7b","first_token","semantic","valenced_nonopposite","valenced","nonopposite",1,13.6159018987342,12.8823378164557,14.371073971519,79
"qwen25_7b","first_token","semantic","valenced_opposite","valenced","opposite",1,12.705078125,11.89294921875,13.463330078125,80
"qwen25_7b","first_token","position","neutral_nonopposite","neutral","nonopposite",-1,0.7425,-0.2000625,1.6275625,25
"qwen25_7b","first_token","position","neutral_opposite","neutral","opposite",-1,0.989583333333333,0.190104166666667,1.7787109375,24
"qwen25_7b","first_token","position","valenced_nonopposite","valenced","nonopposite",-1,-0.684731012658228,-1.11235166139241,-0.243660996835443,79
"qwen25_7b","first_token","position","valenced_opposite","valenced","opposite",-1,0.227734375,-0.1984765625,0.63515625,80
"qwen25_7b","first_token","position","neutral_nonopposite","neutral","nonopposite",-0.8,1.95,1.0399375,2.8100625,25
"qwen25_7b","first_token","position","neutral_opposite","neutral","opposite",-0.8,1.56510416666667,0.630078125,2.44016927083333,24
"qwen25_7b","first_token","position","valenced_nonopposite","valenced","nonopposite",-0.8,-0.44620253164557,-0.901938291139241,0.0296776107594935,79
"qwen25_7b","first_token","position","valenced_opposite","valenced","opposite",-0.8,0.65390625,0.20703125,1.0921875,80
"qwen25_7b","first_token","position","neutral_nonopposite","neutral","nonopposite",-0.6,3.4725,2.6075,4.335,25
"qwen25_7b","first_token","position","neutral_opposite","neutral","opposite",-0.6,2.31510416666667,1.32024739583333,3.40104166666667,24
"qwen25_7b","first_token","position","valenced_nonopposite","valenced","nonopposite",-0.6,-0.212025316455696,-0.719956487341772,0.299090189873417,79
"qwen25_7b","first_token","position","valenced_opposite","valenced","opposite",-0.6,1.14140625,0.65546875,1.628125,80
"qwen25_7b","first_token","position","neutral_nonopposite","neutral","nonopposite",-0.4,5.2525,4.4624375,6.1050625,25
"qwen25_7b","first_token","position","neutral_opposite","neutral","opposite",-0.4,3.42447916666667,2.2681640625,4.625,24
"qwen25_7b","first_token","position","valenced_nonopposite","valenced","nonopposite",-0.4,0.0882120253164557,-0.468848892405063,0.65945411392405,79
"qwen25_7b","first_token","position","valenced_opposite","valenced","opposite",-0.4,1.716015625,1.139833984375,2.29220703125,80
"qwen25_7b","first_token","position","neutral_nonopposite","neutral","nonopposite",-0.2,7.06,6.2549375,7.890125,25
"qwen25_7b","first_token","position","neutral_opposite","neutral","opposite",-0.2,5.125,3.7916015625,6.41927083333333,24
"qwen25_7b","first_token","position","valenced_nonopposite","valenced","nonopposite",-0.2,0.634889240506329,-0.0474782436708861,1.33149723101266,79
"qwen25_7b","first_token","position","valenced_opposite","valenced","opposite",-0.2,2.5703125,1.83828125,3.309453125,80
"qwen25_7b","first_token","position","neutral_nonopposite","neutral","nonopposite",0,8.5375,7.68,9.445,25
"qwen25_7b","first_token","position","neutral_opposite","neutral","opposite",0,6.8359375,5.40625,8.36204427083333,24
"qwen25_7b","first_token","position","valenced_nonopposite","valenced","nonopposite",0,1.74129746835443,0.926404272151899,2.55619066455696,79
"qwen25_7b","first_token","position","valenced_opposite","valenced","opposite",0,3.681640625,2.81328125,4.60548828125,80
"qwen25_7b","first_token","position","neutral_nonopposite","neutral","nonopposite",0.2,10.205,9.295,11.1925,25
"qwen25_7b","first_token","position","neutral_opposite","neutral","opposite",0.2,8.546875,6.90364583333333,10.0833984375,24
"qwen25_7b","first_token","position","valenced_nonopposite","valenced","nonopposite",0.2,3.58979430379747,2.77489121835443,4.44079311708861,79
"qwen25_7b","first_token","position","valenced_opposite","valenced","opposite",0.2,4.745703125,3.924833984375,5.620712890625,80
"qwen25_7b","first_token","position","neutral_nonopposite","neutral","nonopposite",0.4,11.3125,10.34,12.280125,25
"qwen25_7b","first_token","position","neutral_opposite","neutral","opposite",0.4,9.5234375,7.82805989583333,11.1068359375,24
"qwen25_7b","first_token","position","valenced_nonopposite","valenced","nonopposite",0.4,4.63963607594937,3.85276898734177,5.41892800632911,79
"qwen25_7b","first_token","position","valenced_opposite","valenced","opposite",0.4,4.98671875,4.192939453125,5.746904296875,80
"qwen25_7b","first_token","position","neutral_nonopposite","neutral","nonopposite",0.6,11.8175,10.8999375,12.775125,25
"qwen25_7b","first_token","position","neutral_opposite","neutral","opposite",0.6,9.94270833333333,8.18229166666667,11.6380859375,24
"qwen25_7b","first_token","position","valenced_nonopposite","valenced","nonopposite",0.6,5.16653481012658,4.37379351265823,5.97633504746835,79
"qwen25_7b","first_token","position","valenced_opposite","valenced","opposite",0.6,5.1765625,4.422626953125,5.92734375,80
"qwen25_7b","first_token","position","neutral_nonopposite","neutral","nonopposite",0.8,11.9425,10.9775,12.925,25
"qwen25_7b","first_token","position","neutral_opposite","neutral","opposite",0.8,9.99609375,8.16119791666667,11.6927734375,24
"qwen25_7b","first_token","position","valenced_nonopposite","valenced","nonopposite",0.8,5.6748417721519,4.9003065664557,6.45927610759494,79
"qwen25_7b","first_token","position","valenced_opposite","valenced","opposite",0.8,5.528515625,4.7453125,6.31015625,80
"qwen25_7b","first_token","position","neutral_nonopposite","neutral","nonopposite",1,11.0925,10.0875,12.147625,25
"qwen25_7b","first_token","position","neutral_opposite","neutral","opposite",1,9.48697916666667,7.4712890625,11.3515625,24
"qwen25_7b","first_token","position","valenced_nonopposite","valenced","nonopposite",1,6.35324367088608,5.60360957278481,7.16892800632911,79
"qwen25_7b","first_token","position","valenced_opposite","valenced","opposite",1,6.195703125,5.453876953125,7.00509765625,80
"qwen25_14b","sequence","semantic","neutral_nonopposite","neutral","nonopposite",-1,-0.51660153388977,-2.44438381409645,1.08811383193731,25
"qwen25_14b","sequence","semantic","neutral_opposite","neutral","opposite",-1,-0.870492905378342,-3.05820331169913,1.38034088015556,24
"qwen25_14b","sequence","semantic","valenced_nonopposite","valenced","nonopposite",-1,-15.6700921624522,-17.4026128835316,-13.7859423227891,79
"qwen25_14b","sequence","semantic","valenced_opposite","valenced","opposite",-1,-15.4030937045813,-16.7966457142122,-13.8642913369276,80
"qwen25_14b","sequence","semantic","neutral_nonopposite","neutral","nonopposite",-0.8,-0.623183574676514,-2.54455321002006,1.05365258550644,25
"qwen25_14b","sequence","semantic","neutral_opposite","neutral","opposite",-0.8,-0.976534930368265,-3.45022146037469,1.47513832344363,24
"qwen25_14b","sequence","semantic","valenced_nonopposite","valenced","nonopposite",-0.8,-17.2695577929292,-19.0909099652043,-15.2589260122067,79
"qwen25_14b","sequence","semantic","valenced_opposite","valenced","opposite",-0.8,-16.3805206350982,-17.9260720948502,-14.7333337966166,80
"qwen25_14b","sequence","semantic","neutral_nonopposite","neutral","nonopposite",-0.6,-0.615280032157898,-2.64410836935043,1.14762023448944,25
"qwen25_14b","sequence","semantic","neutral_opposite","neutral","opposite",-0.6,-1.12567336857319,-3.93644234308352,1.71748610821863,24
"qwen25_14b","sequence","semantic","valenced_nonopposite","valenced","nonopposite",-0.6,-18.5438992154749,-20.4089618008348,-16.5944581412251,79
"qwen25_14b","sequence","semantic","valenced_opposite","valenced","opposite",-0.6,-17.0283046528697,-18.7107307674177,-15.3230135190487,80
"qwen25_14b","sequence","semantic","neutral_nonopposite","neutral","nonopposite",-0.4,-0.638726990222931,-2.53588028544188,1.12502961987257,25
"qwen25_14b","sequence","semantic","neutral_opposite","neutral","opposite",-0.4,-1.25128853817781,-4.30672205941131,1.89952555342267,24
"qwen25_14b","sequence","semantic","valenced_nonopposite","valenced","nonopposite",-0.4,-18.1462946134278,-20.102739348272,-16.0844367128007,79
"qwen25_14b","sequence","semantic","valenced_opposite","valenced","opposite",-0.4,-16.323572088033,-18.0727736171149,-14.5113013853319,80
"qwen25_14b","sequence","semantic","neutral_nonopposite","neutral","nonopposite",-0.2,-0.414033718109131,-2.04058706599474,1.11485643064976,25
"qwen25_14b","sequence","semantic","neutral_opposite","neutral","opposite",-0.2,-1.15403188019991,-3.68818466328084,1.49388136714696,24
"qwen25_14b","sequence","semantic","valenced_nonopposite","valenced","nonopposite",-0.2,-14.179834174959,-16.3330633702535,-11.8801651334084,79
"qwen25_14b","sequence","semantic","valenced_opposite","valenced","opposite",-0.2,-12.9768882341683,-14.7491135777161,-11.1164364507422,80
"qwen25_14b","sequence","semantic","neutral_nonopposite","neutral","nonopposite",0,-0.137296950817108,-1.40835261160135,1.15979179644584,25
"qwen25_14b","sequence","semantic","neutral_opposite","neutral","opposite",0,-0.843097227315108,-2.499021253859,0.835690266701081,24
"qwen25_14b","sequence","semantic","valenced_nonopposite","valenced","nonopposite",0,-6.29865125991121,-8.30717957074506,-4.32158448562215,79
"qwen25_14b","sequence","semantic","valenced_opposite","valenced","opposite",0,-6.58782801702619,-8.4041698249802,-4.82157428409905,80
"qwen25_14b","sequence","semantic","neutral_nonopposite","neutral","nonopposite",0.2,-0.120837557315826,-1.42617569279671,1.09353334414959,25
"qwen25_14b","sequence","semantic","neutral_opposite","neutral","opposite",0.2,-0.293666283289591,-1.43765977906684,0.794475285274286,24
"qwen25_14b","sequence","semantic","valenced_nonopposite","valenced","nonopposite",0.2,2.47391542980943,1.09834714145223,3.76850001255545,79
"qwen25_14b","sequence","semantic","valenced_opposite","valenced","opposite",0.2,1.5642666362226,0.255388727225363,2.91278590807691,80
"qwen25_14b","sequence","semantic","neutral_nonopposite","neutral","nonopposite",0.4,-0.21251900434494,-1.5099472925663,0.970654551744461,25
"qwen25_14b","sequence","semantic","neutral_opposite","neutral","opposite",0.4,-0.0895344813664754,-1.26913680322468,1.08449624180794,24
"qwen25_14b","sequence","semantic","valenced_nonopposite","valenced","nonopposite",0.4,5.62834524881991,4.72537395948473,6.50230464499585,79
"qwen25_14b","sequence","semantic","valenced_opposite","valenced","opposite",0.4,5.2608315102756,4.43480660472065,6.0898921049945,80
"qwen25_14b","sequence","semantic","neutral_nonopposite","neutral","nonopposite",0.6,-0.265161955356598,-1.50032043004036,0.934552882492542,25
"qwen25_14b","sequence","semantic","neutral_opposite","neutral","opposite",0.6,-0.0413912783066432,-1.36366378534585,1.3518483047684,24
"qwen25_14b","sequence","semantic","valenced_nonopposite","valenced","nonopposite",0.6,6.72363642122172,6.00436740613814,7.46141469446541,79
"qwen25_14b","sequence","semantic","valenced_opposite","valenced","opposite",0.6,6.62482931092381,5.93089847061783,7.30882895000279,80
"qwen25_14b","sequence","semantic","neutral_nonopposite","neutral","nonopposite",0.8,-0.329268035888672,-1.50363880437613,0.821477642118929,25
"qwen25_14b","sequence","semantic","neutral_opposite","neutral","opposite",0.8,-0.0829233676195145,-1.48802829341342,1.38506068879117,24
"qwen25_14b","sequence","semantic","valenced_nonopposite","valenced","nonopposite",0.8,7.10398511117018,6.45280847828599,7.76322222180382,79
"qwen25_14b","sequence","semantic","valenced_opposite","valenced","opposite",0.8,7.11377336233854,6.44212936487049,7.79792297797277,80
"qwen25_14b","sequence","semantic","neutral_nonopposite","neutral","nonopposite",1,-0.515532641410828,-1.669341612041,0.631488576054572,25
"qwen25_14b","sequence","semantic","neutral_opposite","neutral","opposite",1,-0.0178427497545878,-1.334487174203,1.370048674196,24
"qwen25_14b","sequence","semantic","valenced_nonopposite","valenced","nonopposite",1,6.94848057439056,6.3332303668502,7.58378264226868,79
"qwen25_14b","sequence","semantic","valenced_opposite","valenced","opposite",1,6.974138597399,6.32704537367448,7.64282129589468,80
"qwen25_14b","sequence","position","neutral_nonopposite","neutral","nonopposite",-1,1.8366405916214,0.43446724665165,3.14584521257877,25
"qwen25_14b","sequence","position","neutral_opposite","neutral","opposite",-1,3.24268169204394,0.966502460030218,5.38968101603289,24
"qwen25_14b","sequence","position","valenced_nonopposite","valenced","nonopposite",-1,4.62580814165405,3.83297004861922,5.45216001236363,79
"qwen25_14b","sequence","position","valenced_opposite","valenced","opposite",-1,3.70898198634386,2.98545249259099,4.46667483273893,80
"qwen25_14b","sequence","position","neutral_nonopposite","neutral","nonopposite",-0.8,0.508164043426514,-0.849379169464111,1.82055528110266,25
"qwen25_14b","sequence","position","neutral_opposite","neutral","opposite",-0.8,0.856531364222368,-1.42637565309803,3.07432750767718,24
"qwen25_14b","sequence","position","valenced_nonopposite","valenced","nonopposite",-0.8,2.64463080786452,1.81014106283082,3.51271688594848,79
"qwen25_14b","sequence","position","valenced_opposite","valenced","opposite",-0.8,2.04048088863492,1.27996221637353,2.86860913254321,80
"qwen25_14b","sequence","position","neutral_nonopposite","neutral","nonopposite",-0.6,-0.273219499588013,-1.68794425404072,1.0848201777935,25
"qwen25_14b","sequence","position","neutral_opposite","neutral","opposite",-0.6,-1.56661049524943,-3.96556086825828,0.735455724100272,24
"qwen25_14b","sequence","position","valenced_nonopposite","valenced","nonopposite",-0.6,1.03718438555923,0.124285331500482,1.95278274454648,79
"qwen25_14b","sequence","position","valenced_opposite","valenced","opposite",-0.6,0.867185272276402,0.00279839770868421,1.74876537214965,80
"qwen25_14b","sequence","position","neutral_nonopposite","neutral","nonopposite",-0.4,-0.602337071895599,-2.17154559600353,0.887126285493374,25
"qwen25_14b","sequence","position","neutral_opposite","neutral","opposite",-0.4,-3.30180597305298,-5.64788537683586,-1.06107415923228,24
"qwen25_14b","sequence","position","valenced_nonopposite","valenced","nonopposite",-0.4,0.223154392423509,-0.743293500172941,1.18468071967363,79
"qwen25_14b","sequence","position","valenced_opposite","valenced","opposite",-0.4,0.538399713486433,-0.421165435537696,1.46563134323805,80
"qwen25_14b","sequence","position","neutral_nonopposite","neutral","nonopposite",-0.2,0.156823139190674,-1.43992458498478,1.6210396604538,25
"qwen25_14b","sequence","position","neutral_opposite","neutral","opposite",-0.2,-3.80050615221262,-5.77740683946759,-1.82477908711881,24
"qwen25_14b","sequence","position","valenced_nonopposite","valenced","nonopposite",-0.2,-0.321945167040523,-1.28241057405366,0.634907061352005,79
"qwen25_14b","sequence","position","valenced_opposite","valenced","opposite",-0.2,0.388555558770895,-0.543621020168066,1.29894481383264,80
"qwen25_14b","sequence","position","neutral_nonopposite","neutral","nonopposite",0,2.78129249334335,1.28993276804686,4.16235262143612,25
"qwen25_14b","sequence","position","neutral_opposite","neutral","opposite",0,-2.0170565272371,-3.39294496377309,-0.554122379484276,24
"qwen25_14b","sequence","position","valenced_nonopposite","valenced","nonopposite",0,-0.878022024148627,-1.66342470544048,-0.071308420353298,79
"qwen25_14b","sequence","position","valenced_opposite","valenced","opposite",0,0.0619976319372654,-0.631055013481528,0.782308865226805,80
"qwen25_14b","sequence","position","neutral_nonopposite","neutral","nonopposite",0.2,5.93819616556168,4.75189657330513,7.07810008776188,25
"qwen25_14b","sequence","position","neutral_opposite","neutral","opposite",0.2,1.3818849871556,0.469940748314063,2.36295745043705,24
"qwen25_14b","sequence","position","valenced_nonopposite","valenced","nonopposite",0.2,-0.332927040661438,-0.899966499152817,0.254654755641388,79
"qwen25_14b","sequence","position","valenced_opposite","valenced","opposite",0.2,0.715605027228594,0.198818370439112,1.24097744241357,80
"qwen25_14b","sequence","position","neutral_nonopposite","neutral","nonopposite",0.4,7.69107378721237,6.72094773483276,8.62935492134094,25
"qwen25_14b","sequence","position","neutral_opposite","neutral","opposite",0.4,4.0165373335282,3.0048599537462,5.09004442735265,24
"qwen25_14b","sequence","position","valenced_nonopposite","valenced","nonopposite",0.4,1.32417690225794,0.804666300646112,1.84770685191019,79
"qwen25_14b","sequence","position","valenced_opposite","valenced","opposite",0.4,2.35555677339435,1.88984844883904,2.8491948636435,80
"qwen25_14b","sequence","position","neutral_nonopposite","neutral","nonopposite",0.6,8.96973095655441,8.11198770987988,9.75607166904211,25
"qwen25_14b","sequence","position","neutral_opposite","neutral","opposite",0.6,6.19257495800654,5.02607869400332,7.37312261710564,24
"qwen25_14b","sequence","position","valenced_nonopposite","valenced","nonopposite",0.6,2.95010382389721,2.43237043558797,3.43633402748198,79
"qwen25_14b","sequence","position","valenced_opposite","valenced","opposite",0.6,3.87347485497594,3.38371427016333,4.38332909911871,80
"qwen25_14b","sequence","position","neutral_nonopposite","neutral","nonopposite",0.8,10.0137097406387,9.22322035241127,10.7599049358368,25
"qwen25_14b","sequence","position","neutral_opposite","neutral","opposite",0.8,7.50184214115143,6.25988130426655,8.73298603898535,24
"qwen25_14b","sequence","position","valenced_nonopposite","valenced","nonopposite",0.8,4.15684579369388,3.60278797540106,4.68555687648963,79
"qwen25_14b","sequence","position","valenced_opposite","valenced","opposite",0.8,4.88036096543074,4.3482563325949,5.40282543146983,80
"qwen25_14b","sequence","position","neutral_nonopposite","neutral","nonopposite",1,10.70819876194,9.94555632209778,11.4921401443481,25
"qwen25_14b","sequence","position","neutral_opposite","neutral","opposite",1,7.84791578849157,6.68941716098537,8.988645651564,24
"qwen25_14b","sequence","position","valenced_nonopposite","valenced","nonopposite",1,4.83301731755462,4.28687348312969,5.37416502388218,79
"qwen25_14b","sequence","position","valenced_opposite","valenced","opposite",1,5.33751728609204,4.81273502921686,5.8780851293914,80
"qwen25_14b","first_token","semantic","neutral_nonopposite","neutral","nonopposite",-1,-0.52,-2.4305,1.15,25
"qwen25_14b","first_token","semantic","neutral_opposite","neutral","opposite",-1,-0.880208333333333,-3.16842447916667,1.31266276041666,24
"qwen25_14b","first_token","semantic","valenced_nonopposite","valenced","nonopposite",-1,-15.6647547468354,-17.4533771756329,-13.783203125,79
"qwen25_14b","first_token","semantic","valenced_opposite","valenced","opposite",-1,-15.394140625,-16.8250390625,-13.9170703125,80
"qwen25_14b","first_token","semantic","neutral_nonopposite","neutral","nonopposite",-0.8,-0.6225,-2.6025625,1.0550625,25
"qwen25_14b","first_token","semantic","neutral_opposite","neutral","opposite",-0.8,-0.993489583333333,-3.50400390625,1.43258463541666,24
"qwen25_14b","first_token","semantic","valenced_nonopposite","valenced","nonopposite",-0.8,-17.259295886076,-19.1543067642405,-15.2933148734177,79
"qwen25_14b","first_token","semantic","valenced_opposite","valenced","opposite",-0.8,-16.371484375,-17.881923828125,-14.774912109375,80
"qwen25_14b","first_token","semantic","neutral_nonopposite","neutral","nonopposite",-0.6,-0.615,-2.695,1.1750625,25
"qwen25_14b","first_token","semantic","neutral_opposite","neutral","opposite",-0.6,-1.125,-3.97141927083333,1.71614583333333,24
"qwen25_14b","first_token","semantic","valenced_nonopposite","valenced","nonopposite",-0.6,-18.5284810126582,-20.422616693038,-16.5386372626582,79
"qwen25_14b","first_token","semantic","valenced_opposite","valenced","opposite",-0.6,-17.01328125,-18.631650390625,-15.2851171875,80
"qwen25_14b","first_token","semantic","neutral_nonopposite","neutral","nonopposite",-0.4,-0.64,-2.6000625,1.1025625,25
"qwen25_14b","first_token","semantic","neutral_opposite","neutral","opposite",-0.4,-1.25651041666667,-4.34381510416667,1.73587239583333,24
"qwen25_14b","first_token","semantic","valenced_nonopposite","valenced","nonopposite",-0.4,-18.1335047468354,-20.1097755142405,-16.0054341376582,79
"qwen25_14b","first_token","semantic","valenced_opposite","valenced","opposite",-0.4,-16.276171875,-17.9922265625,-14.489384765625,80
"qwen25_14b","first_token","semantic","neutral_nonopposite","neutral","nonopposite",-0.2,-0.4125,-1.9525,1.0825,25
"qwen25_14b","first_token","semantic","neutral_opposite","neutral","opposite",-0.2,-1.171875,-3.7970703125,1.44029947916666,24
"qwen25_14b","first_token","semantic","valenced_nonopposite","valenced","nonopposite",-0.2,-14.2013449367089,-16.3247923259494,-12.0167227056962,79
"qwen25_14b","first_token","semantic","valenced_opposite","valenced","opposite",-0.2,-12.9671875,-14.699697265625,-11.06951171875,80
"qwen25_14b","first_token","semantic","neutral_nonopposite","neutral","nonopposite",0,-0.1375,-1.4025,1.135,25
"qwen25_14b","first_token","semantic","neutral_opposite","neutral","opposite",0,-0.8515625,-2.58600260416667,0.836197916666663,24
"qwen25_14b","first_token","semantic","valenced_nonopposite","valenced","nonopposite",0,-6.30300632911392,-8.38943829113924,-4.28401898734177,79
"qwen25_14b","first_token","semantic","valenced_opposite","valenced","opposite",0,-6.575,-8.37693359375,-4.681875,80
"qwen25_14b","first_token","semantic","neutral_nonopposite","neutral","nonopposite",0.2,-0.12,-1.400125,1.065,25
"qwen25_14b","first_token","semantic","neutral_opposite","neutral","opposite",0.2,-0.294270833333333,-1.4037109375,0.786523437499999,24
"qwen25_14b","first_token","semantic","valenced_nonopposite","valenced","nonopposite",0.2,2.47626582278481,1.08061708860759,3.76742484177215,79
"qwen25_14b","first_token","semantic","valenced_opposite","valenced","opposite",0.2,1.56796875,0.25310546875,2.8532421875,80
"qwen25_14b","first_token","semantic","neutral_nonopposite","neutral","nonopposite",0.4,-0.2125,-1.522625,1.002625,25
"qwen25_14b","first_token","semantic","neutral_opposite","neutral","opposite",0.4,-0.0833333333333333,-1.25013020833333,1.073046875,24
"qwen25_14b","first_token","semantic","valenced_nonopposite","valenced","nonopposite",0.4,5.62816455696202,4.76894778481013,6.4699960443038,79
"qwen25_14b","first_token","semantic","valenced_opposite","valenced","opposite",0.4,5.26328125,4.44607421875,6.08283203125,80
"qwen25_14b","first_token","semantic","neutral_nonopposite","neutral","nonopposite",0.6,-0.265,-1.5000625,0.907562499999999,25
"qwen25_14b","first_token","semantic","neutral_opposite","neutral","opposite",0.6,-0.0416666666666667,-1.3646484375,1.34635416666667,24
"qwen25_14b","first_token","semantic","valenced_nonopposite","valenced","nonopposite",0.6,6.72626582278481,6.00941455696202,7.42958860759494,79
"qwen25_14b","first_token","semantic","valenced_opposite","valenced","opposite",0.6,6.6140625,5.91166015625,7.287578125,80
"qwen25_14b","first_token","semantic","neutral_nonopposite","neutral","nonopposite",0.8,-0.33,-1.5350625,0.8425,25
"qwen25_14b","first_token","semantic","neutral_opposite","neutral","opposite",0.8,-0.0885416666666667,-1.48697916666667,1.30475260416667,24
"qwen25_14b","first_token","semantic","valenced_nonopposite","valenced","nonopposite",0.8,7.10205696202532,6.44139636075949,7.79115901898734,79
"qwen25_14b","first_token","semantic","valenced_opposite","valenced","opposite",0.8,7.109375,6.44138671875,7.79298828125,80
"qwen25_14b","first_token","semantic","neutral_nonopposite","neutral","nonopposite",1,-0.515,-1.6725625,0.630062499999999,25
"qwen25_14b","first_token","semantic","neutral_opposite","neutral","opposite",1,-0.0182291666666667,-1.32291666666667,1.34641927083333,24
"qwen25_14b","first_token","semantic","valenced_nonopposite","valenced","nonopposite",1,6.94897151898734,6.35205696202532,7.56250988924051,79
"qwen25_14b","first_token","semantic","valenced_opposite","valenced","opposite",1,6.97109375,6.30935546875,7.62501953125,80
"qwen25_14b","first_token","position","neutral_nonopposite","neutral","nonopposite",-1,1.835,0.4024375,3.120125,25
"qwen25_14b","first_token","position","neutral_opposite","neutral","opposite",-1,3.23958333333333,0.971126302083333,5.33987630208333,24
"qwen25_14b","first_token","position","valenced_nonopposite","valenced","nonopposite",-1,4.62519778481013,3.85337717563291,5.42691851265823,79
"qwen25_14b","first_token","position","valenced_opposite","valenced","opposite",-1,3.716796875,2.98123046875,4.4984375,80
"qwen25_14b","first_token","position","neutral_nonopposite","neutral","nonopposite",-0.8,0.5075,-0.8650625,1.83,25
"qwen25_14b","first_token","position","neutral_opposite","neutral","opposite",-0.8,0.845052083333333,-1.3841796875,2.9857421875,24
"qwen25_14b","first_token","position","valenced_nonopposite","valenced","nonopposite",-0.8,2.6524920886076,1.80636867088608,3.51387954905063,79
"qwen25_14b","first_token","position","valenced_opposite","valenced","opposite",-0.8,2.055859375,1.27224609375,2.88359375,80
"qwen25_14b","first_token","position","neutral_nonopposite","neutral","nonopposite",-0.6,-0.275,-1.6425625,1.1303125,25
"qwen25_14b","first_token","position","neutral_opposite","neutral","opposite",-0.6,-1.578125,-3.93756510416667,0.703190104166666,24
"qwen25_14b","first_token","position","valenced_nonopposite","valenced","nonopposite",-0.6,1.04746835443038,0.115882120253165,1.98509691455696,79
"qwen25_14b","first_token","position","valenced_opposite","valenced","opposite",-0.6,0.89375,-0.00745117187499999,1.75861328125,80
"qwen25_14b","first_token","position","neutral_nonopposite","neutral","nonopposite",-0.4,-0.605,-2.1901875,0.922562499999999,25
"qwen25_14b","first_token","position","neutral_opposite","neutral","opposite",-0.4,-3.29817708333333,-5.57705078125,-1.01813151041667,24
"qwen25_14b","first_token","position","valenced_nonopposite","valenced","nonopposite",-0.4,0.23318829113924,-0.731635680379747,1.20986946202532,79
"qwen25_14b","first_token","position","valenced_opposite","valenced","opposite",-0.4,0.566015625,-0.377412109375,1.489072265625,80
"qwen25_14b","first_token","position","neutral_nonopposite","neutral","nonopposite",-0.2,0.1575,-1.4475625,1.680125,25
"qwen25_14b","first_token","position","neutral_opposite","neutral","opposite",-0.2,-3.80729166666667,-5.807421875,-1.85403645833334,24
"qwen25_14b","first_token","position","valenced_nonopposite","valenced","nonopposite",-0.2,-0.326344936708861,-1.23778678797468,0.63173457278481,79
"qwen25_14b","first_token","position","valenced_opposite","valenced","opposite",-0.2,0.3859375,-0.52265625,1.29146484375,80
"qwen25_14b","first_token","position","neutral_nonopposite","neutral","nonopposite",0,2.7825,1.33225,4.2000625,25
"qwen25_14b","first_token","position","neutral_opposite","neutral","opposite",0,-2.0234375,-3.40891927083333,-0.609244791666669,24
"qwen25_14b","first_token","position","valenced_nonopposite","valenced","nonopposite",0,-0.89003164556962,-1.65664556962025,-0.127333860759494,79
"qwen25_14b","first_token","position","valenced_opposite","valenced","opposite",0,0.0625,-0.63830078125,0.78986328125,80
"qwen25_14b","first_token","position","neutral_nonopposite","neutral","nonopposite",0.2,5.94,4.735,7.075,25
"qwen25_14b","first_token","position","neutral_opposite","neutral","opposite",0.2,1.3828125,0.489453125,2.42194010416667,24
"qwen25_14b","first_token","position","valenced_nonopposite","valenced","nonopposite",0.2,-0.332278481012658,-0.907456487341772,0.231823575949367,79
"qwen25_14b","first_token","position","valenced_opposite","valenced","opposite",0.2,0.71953125,0.185859375,1.25787109375,80
"qwen25_14b","first_token","position","neutral_nonopposite","neutral","nonopposite",0.4,7.6925,6.7325,8.6075,25
"qwen25_14b","first_token","position","neutral_opposite","neutral","opposite",0.4,4.02083333333333,2.98958333333333,5.046875,24
"qwen25_14b","first_token","position","valenced_nonopposite","valenced","nonopposite",0.4,1.32594936708861,0.832278481012658,1.82043117088608,79
"qwen25_14b","first_token","position","valenced_opposite","valenced","opposite",0.4,2.36015625,1.88671875,2.84296875,80
"qwen25_14b","first_token","position","neutral_nonopposite","neutral","nonopposite",0.6,8.97,8.11,9.7825,25
"qwen25_14b","first_token","position","neutral_opposite","neutral","opposite",0.6,6.19270833333333,4.98430989583333,7.41673177083333,24
"qwen25_14b","first_token","position","valenced_nonopposite","valenced","nonopposite",0.6,2.95094936708861,2.45721914556962,3.45808939873418,79
"qwen25_14b","first_token","position","valenced_opposite","valenced","opposite",0.6,3.8765625,3.38203125,4.37580078125,80
"qwen25_14b","first_token","position","neutral_nonopposite","neutral","nonopposite",0.8,10.015,9.2349375,10.77,25
"qwen25_14b","first_token","position","neutral_opposite","neutral","opposite",0.8,7.5,6.27076822916667,8.7240234375,24
"qwen25_14b","first_token","position","valenced_nonopposite","valenced","nonopposite",0.8,4.15268987341772,3.58935917721519,4.7073378164557,79
"qwen25_14b","first_token","position","valenced_opposite","valenced","opposite",0.8,4.878125,4.36091796875,5.4171875,80
"qwen25_14b","first_token","position","neutral_nonopposite","neutral","nonopposite",1,10.71,9.95,11.4725,25
"qwen25_14b","first_token","position","neutral_opposite","neutral","opposite",1,7.84635416666667,6.67447916666667,9.01829427083333,24
"qwen25_14b","first_token","position","valenced_nonopposite","valenced","nonopposite",1,4.82555379746835,4.25543908227848,5.3809335443038,79
"qwen25_14b","first_token","position","valenced_opposite","valenced","opposite",1,5.33671875,4.79763671875,5.89380859375,80
"qwen25_32b","sequence","semantic","neutral_nonopposite","neutral","nonopposite",-1,-0.498422284126282,-2.37402228325605,1.40647914618254,25
"qwen25_32b","sequence","semantic","neutral_opposite","neutral","opposite",-1,1.71395360678434,-1.02277624135216,4.48508631673952,24
"qwen25_32b","sequence","semantic","valenced_nonopposite","valenced","nonopposite",-1,-16.5382130945785,-17.6269439783655,-15.4239660105373,79
"qwen25_32b","sequence","semantic","valenced_opposite","valenced","opposite",-1,-17.2441929385066,-18.0936576094106,-16.3357615854405,80
"qwen25_32b","sequence","semantic","neutral_nonopposite","neutral","nonopposite",-0.8,-0.545424485206604,-2.4080242574811,1.40893462222814,25
"qwen25_32b","sequence","semantic","neutral_opposite","neutral","opposite",-0.8,1.91224396725496,-0.916875337374707,4.77578489364435,24
"qwen25_32b","sequence","semantic","valenced_nonopposite","valenced","nonopposite",-0.8,-17.1224849110917,-18.3589580772232,-15.8041200030076,79
"qwen25_32b","sequence","semantic","valenced_opposite","valenced","opposite",-0.8,-17.7620720691979,-18.7640152513795,-16.750995661132,80
"qwen25_32b","sequence","semantic","neutral_nonopposite","neutral","nonopposite",-0.6,-0.371163880825043,-1.9999818944931,1.33559294617176,25
"qwen25_32b","sequence","semantic","neutral_opposite","neutral","opposite",-0.6,2.04897429794073,-0.593686372538407,4.68531417418271,24
"qwen25_32b","sequence","semantic","valenced_nonopposite","valenced","nonopposite",-0.6,-16.7556154184704,-18.1964197325556,-15.2530001956451,79
"qwen25_32b","sequence","semantic","valenced_opposite","valenced","opposite",-0.6,-17.2122229449451,-18.4284339610487,-16.0069874449074,80
"qwen25_32b","sequence","semantic","neutral_nonopposite","neutral","nonopposite",-0.4,-0.290377254486084,-1.67791214030981,1.15236390769482,25
"qwen25_32b","sequence","semantic","neutral_opposite","neutral","opposite",-0.4,2.08815093835195,-0.284579924307764,4.41540813464671,24
"qwen25_32b","sequence","semantic","valenced_nonopposite","valenced","nonopposite",-0.4,-15.4575976389873,-17.1086928546429,-13.6790620895126,79
"qwen25_32b","sequence","semantic","valenced_opposite","valenced","opposite",-0.4,-15.9225933015347,-17.2824104074202,-14.5016886889376,80
"qwen25_32b","sequence","semantic","neutral_nonopposite","neutral","nonopposite",-0.2,-0.172370402812958,-1.4397271156311,1.08971815377474,25
"qwen25_32b","sequence","semantic","neutral_opposite","neutral","opposite",-0.2,1.90778503318628,-0.0244085632885495,3.88978185250113,24
"qwen25_32b","sequence","semantic","valenced_nonopposite","valenced","nonopposite",-0.2,-13.3515359133105,-15.2239873458313,-11.4630045593728,79
"qwen25_32b","sequence","semantic","valenced_opposite","valenced","opposite",-0.2,-14.1343741059303,-15.6478559750877,-12.4447498391569,80
"qwen25_32b","sequence","semantic","neutral_nonopposite","neutral","nonopposite",0,-0.137768292427063,-1.30318267905712,1.1026286200881,25
"qwen25_32b","sequence","semantic","neutral_opposite","neutral","opposite",0,1.92715602616469,0.429983602836728,3.4899788585181,24
"qwen25_32b","sequence","semantic","valenced_nonopposite","valenced","nonopposite",0,-9.76593315903145,-11.7212911088444,-7.83335997426435,79
"qwen25_32b","sequence","semantic","valenced_opposite","valenced","opposite",0,-11.3281760908663,-13.1612181719393,-9.55287828633562,80
"qwen25_32b","sequence","semantic","neutral_nonopposite","neutral","nonopposite",0.2,-0.202663986682892,-1.43032869154215,1.07956719535589,25
"qwen25_32b","sequence","semantic","neutral_opposite","neutral","opposite",0.2,1.88716693967581,0.532560114686688,3.29741409172614,24
"qwen25_32b","sequence","semantic","valenced_nonopposite","valenced","nonopposite",0.2,-3.12937163552151,-4.93016047243831,-1.3767499295028,79
"qwen25_32b","sequence","semantic","valenced_opposite","valenced","opposite",0.2,-5.29726297706366,-7.09161996070296,-3.49450779523701,80
"qwen25_32b","sequence","semantic","neutral_nonopposite","neutral","nonopposite",0.4,-0.407614450454712,-1.68082379305363,0.945493737399577,25
"qwen25_32b","sequence","semantic","neutral_opposite","neutral","opposite",0.4,1.67521640658379,0.019666435321172,3.34426698324581,24
"qwen25_32b","sequence","semantic","valenced_nonopposite","valenced","nonopposite",0.4,3.73040547702886,2.40392259231097,5.02425410074146,79
"qwen25_32b","sequence","semantic","valenced_opposite","valenced","opposite",0.4,2.88310743197799,1.44709432333708,4.28339458473027,80
"qwen25_32b","sequence","semantic","neutral_nonopposite","neutral","nonopposite",0.6,-0.477658896446228,-1.79803851830959,0.929536937236786,25
"qwen25_32b","sequence","semantic","neutral_opposite","neutral","opposite",0.6,1.39009078840415,-0.49240524644653,3.34233866222203,24
"qwen25_32b","sequence","semantic","valenced_nonopposite","valenced","nonopposite",0.6,7.24216817753224,6.29087530391503,8.21769649559938,79
"qwen25_32b","sequence","semantic","valenced_opposite","valenced","opposite",0.6,7.53531593084335,6.40251819225028,8.66551995925605,80
"qwen25_32b","sequence","semantic","neutral_nonopposite","neutral","nonopposite",0.8,-0.51507572889328,-1.92071769821644,0.813154555141925,25
"qwen25_32b","sequence","semantic","neutral_opposite","neutral","opposite",0.8,1.06742001076539,-0.988167996580402,3.20841818346331,24
"qwen25_32b","sequence","semantic","valenced_nonopposite","valenced","nonopposite",0.8,8.00893309599237,7.16344064483537,8.81245920452513,79
"qwen25_32b","sequence","semantic","valenced_opposite","valenced","opposite",0.8,8.77564046755433,7.79903540898114,9.75999580731615,80
"qwen25_32b","sequence","semantic","neutral_nonopposite","neutral","nonopposite",1,-0.627171568870544,-1.89020088881254,0.637778852403163,25
"qwen25_32b","sequence","semantic","neutral_opposite","neutral","opposite",1,0.837571581204732,-1.1253412593777,2.84925688082973,24
"qwen25_32b","sequence","semantic","valenced_nonopposite","valenced","nonopposite",1,7.80932107756409,7.07704819667188,8.55221896363964,79
"qwen25_32b","sequence","semantic","valenced_opposite","valenced","opposite",1,8.77498935833573,7.8478353250958,9.63846095707268,80
"qwen25_32b","sequence","position","neutral_nonopposite","neutral","nonopposite",-1,-0.388227252960205,-1.83854562884569,1.14078316223621,25
"qwen25_32b","sequence","position","neutral_opposite","neutral","opposite",-1,2.67872564742963,1.1792495654275,4.10318911224604,24
"qwen25_32b","sequence","position","valenced_nonopposite","valenced","nonopposite",-1,1.21751089337506,0.729969045350069,1.72983322509482,79
"qwen25_32b","sequence","position","valenced_opposite","valenced","opposite",-1,1.00716856122017,0.518956010788679,1.48426821611822,80
"qwen25_32b","sequence","position","neutral_nonopposite","neutral","nonopposite",-0.8,2.43915448188782,0.912015366017819,4.04932613575458,25
"qwen25_32b","sequence","position","neutral_opposite","neutral","opposite",-0.8,2.44632783532143,1.06000217565646,3.77734159249812,24
"qwen25_32b","sequence","position","valenced_nonopposite","valenced","nonopposite",-0.8,1.34967641664457,0.799742010952551,1.93383224753639,79
"qwen25_32b","sequence","position","valenced_opposite","valenced","opposite",-0.8,1.08129745200276,0.531195652056485,1.66572726530954,80
"qwen25_32b","sequence","position","neutral_nonopposite","neutral","nonopposite",-0.6,4.33318228960037,2.79160373276472,5.80283191215992,25
"qwen25_32b","sequence","position","neutral_opposite","neutral","opposite",-0.6,1.71513918787241,0.519072220226129,2.96557723159591,24
"qwen25_32b","sequence","position","valenced_nonopposite","valenced","nonopposite",-0.6,1.59371872189679,0.94762500466048,2.2092095831527,79
"qwen25_32b","sequence","position","valenced_opposite","valenced","opposite",-0.6,1.35279018357396,0.712106654457748,2.03958986632526,80
"qwen25_32b","sequence","position","neutral_nonopposite","neutral","nonopposite",-0.4,4.95935095310211,3.50629882472754,6.37126819896698,25
"qwen25_32b","sequence","position","neutral_opposite","neutral","opposite",-0.4,0.734595929582914,-0.258845914403597,1.79680319651961,24
"qwen25_32b","sequence","position","valenced_nonopposite","valenced","nonopposite",-0.4,1.47906008249597,0.788137327926823,2.17487385993517,79
"qwen25_32b","sequence","position","valenced_opposite","valenced","opposite",-0.4,1.45965736508369,0.737467566467822,2.21020964384079,80
"qwen25_32b","sequence","position","neutral_nonopposite","neutral","nonopposite",-0.2,5.81187115907669,4.32984234833717,7.2193978471756,25
"qwen25_32b","sequence","position","neutral_opposite","neutral","opposite",-0.2,0.0955454558134079,-0.876522082338731,1.01614651344717,24
"qwen25_32b","sequence","position","valenced_nonopposite","valenced","nonopposite",-0.2,1.01971623112884,0.24464761948661,1.76957519922075,79
"qwen25_32b","sequence","position","valenced_opposite","valenced","opposite",-0.2,1.27183431833982,0.479036355428398,2.04046727960929,80
"qwen25_32b","sequence","position","neutral_nonopposite","neutral","nonopposite",0,6.93074036121368,5.44563892501593,8.34638290023804,25
"qwen25_32b","sequence","position","neutral_opposite","neutral","opposite",0,0.218155533075333,-0.957397092009584,1.25141808651388,24
"qwen25_32b","sequence","position","valenced_nonopposite","valenced","nonopposite",0,0.236670409576802,-0.552634874646422,0.998420590030241,79
"qwen25_32b","sequence","position","valenced_opposite","valenced","opposite",0,0.899398594349623,0.0835229566507042,1.6902427505143,80
"qwen25_32b","sequence","position","neutral_nonopposite","neutral","nonopposite",0.2,8.64213678598404,7.25014858603477,10.0769959020615,25
"qwen25_32b","sequence","position","neutral_opposite","neutral","opposite",0.2,1.28462816526492,-0.0576484763373931,2.47174993958324,24
"qwen25_32b","sequence","position","valenced_nonopposite","valenced","nonopposite",0.2,-0.673559231094167,-1.45228199966346,0.120741470195824,79
"qwen25_32b","sequence","position","valenced_opposite","valenced","opposite",0.2,0.104041475057602,-0.712380699012429,0.888882633987812,80
"qwen25_32b","sequence","position","neutral_nonopposite","neutral","nonopposite",0.4,10.0765059995651,8.83033891379833,11.2845820972919,25
"qwen25_32b","sequence","position","neutral_opposite","neutral","opposite",0.4,2.50641746819019,0.999485665994386,3.81287961093088,24
"qwen25_32b","sequence","position","valenced_nonopposite","valenced","nonopposite",0.4,-0.621639138535608,-1.35110175168212,0.114979352339913,79
"qwen25_32b","sequence","position","valenced_opposite","valenced","opposite",0.4,-0.198420026153326,-0.95760105676949,0.565592322088778,80
"qwen25_32b","sequence","position","neutral_nonopposite","neutral","nonopposite",0.6,10.2618143320084,9.16610089623928,11.3146068510413,25
"qwen25_32b","sequence","position","neutral_opposite","neutral","opposite",0.6,3.06275172034899,1.55526866931468,4.49472993314266,24
"qwen25_32b","sequence","position","valenced_nonopposite","valenced","nonopposite",0.6,0.0216106402723095,-0.606243542251708,0.650555767269828,79
"qwen25_32b","sequence","position","valenced_opposite","valenced","opposite",0.6,0.161003044247627,-0.522585954554379,0.807766191158442,80
"qwen25_32b","sequence","position","neutral_nonopposite","neutral","nonopposite",0.8,9.32395797491074,8.40138424044848,10.2040308749676,25
"qwen25_32b","sequence","position","neutral_opposite","neutral","opposite",0.8,2.82820260028044,1.28424369481703,4.30248823507378,24
"qwen25_32b","sequence","position","valenced_nonopposite","valenced","nonopposite",0.8,0.0754052732564226,-0.517912794159183,0.650145364052887,79
"qwen25_32b","sequence","position","valenced_opposite","valenced","opposite",0.8,0.0125431440770626,-0.608151316959411,0.60860738074407,80
"qwen25_32b","sequence","position","neutral_nonopposite","neutral","nonopposite",1,8.17139602184296,7.3385254508853,8.98992503279447,25
"qwen25_32b","sequence","position","neutral_opposite","neutral","opposite",1,2.16587419807911,0.744957803562283,3.53818261226018,24
"qwen25_32b","sequence","position","valenced_nonopposite","valenced","nonopposite",1,0.0350328291518779,-0.508313887556897,0.581957759849633,79
"qwen25_32b","sequence","position","valenced_opposite","valenced","opposite",1,-0.144544195383787,-0.704582709688693,0.377006559595465,80
"qwen25_32b","first_token","semantic","neutral_nonopposite","neutral","nonopposite",-1,-0.4975,-2.4,1.4425,25
"qwen25_32b","first_token","semantic","neutral_opposite","neutral","opposite",-1,1.71354166666667,-0.97421875,4.484375,24
"qwen25_32b","first_token","semantic","valenced_nonopposite","valenced","nonopposite",-1,-16.5268987341772,-17.6088014240506,-15.3627175632911,79
"qwen25_32b","first_token","semantic","valenced_opposite","valenced","opposite",-1,-17.17734375,-18.046103515625,-16.306982421875,80
"qwen25_32b","first_token","semantic","neutral_nonopposite","neutral","nonopposite",-0.8,-0.5475,-2.4300625,1.3525,25
"qwen25_32b","first_token","semantic","neutral_opposite","neutral","opposite",-0.8,1.91145833333333,-0.750065104166667,4.83372395833333,24
"qwen25_32b","first_token","semantic","valenced_nonopposite","valenced","nonopposite",-0.8,-17.1119462025316,-18.3698872626582,-15.7903481012658,79
"qwen25_32b","first_token","semantic","valenced_opposite","valenced","opposite",-0.8,-17.694140625,-18.669931640625,-16.6530859375,80
"qwen25_32b","first_token","semantic","neutral_nonopposite","neutral","nonopposite",-0.6,-0.3725,-2.007625,1.315,25
"qwen25_32b","first_token","semantic","neutral_opposite","neutral","opposite",-0.6,2.04947916666667,-0.53125,4.75266927083333,24
"qwen25_32b","first_token","semantic","valenced_nonopposite","valenced","nonopposite",-0.6,-16.75,-18.172596914557,-15.281190664557,79
"qwen25_32b","first_token","semantic","valenced_opposite","valenced","opposite",-0.6,-17.16875,-18.331650390625,-15.985517578125,80
"qwen25_32b","first_token","semantic","neutral_nonopposite","neutral","nonopposite",-0.4,-0.29,-1.7075625,1.182625,25
"qwen25_32b","first_token","semantic","neutral_opposite","neutral","opposite",-0.4,2.09114583333333,-0.20078125,4.43756510416667,24
"qwen25_32b","first_token","semantic","valenced_nonopposite","valenced","nonopposite",-0.4,-15.4564873417722,-17.1163963607595,-13.7464003164557,79
"qwen25_32b","first_token","semantic","valenced_opposite","valenced","opposite",-0.4,-15.9078125,-17.300791015625,-14.485146484375,80
"qwen25_32b","first_token","semantic","neutral_nonopposite","neutral","nonopposite",-0.2,-0.1725,-1.4400625,1.1300625,25
"qwen25_32b","first_token","semantic","neutral_opposite","neutral","opposite",-0.2,1.90885416666667,-0.0391927083333333,3.83072916666667,24
"qwen25_32b","first_token","semantic","valenced_nonopposite","valenced","nonopposite",-0.2,-13.3516613924051,-15.2046973892405,-11.4030359968354,79
"qwen25_32b","first_token","semantic","valenced_opposite","valenced","opposite",-0.2,-14.1234375,-15.720703125,-12.478466796875,80
"qwen25_32b","first_token","semantic","neutral_nonopposite","neutral","nonopposite",0,-0.1375,-1.305,1.1125625,25
"qwen25_32b","first_token","semantic","neutral_opposite","neutral","opposite",0,1.92708333333333,0.3828125,3.44537760416667,24
"qwen25_32b","first_token","semantic","valenced_nonopposite","valenced","nonopposite",0,-9.76661392405063,-11.7461234177215,-7.83378164556962,79
"qwen25_32b","first_token","semantic","valenced_opposite","valenced","opposite",0,-11.3234375,-13.1101953125,-9.4679296875,80
"qwen25_32b","first_token","semantic","neutral_nonopposite","neutral","nonopposite",0.2,-0.2025,-1.42,1.1075625,25
"qwen25_32b","first_token","semantic","neutral_opposite","neutral","opposite",0.2,1.88802083333333,0.528515625,3.2734375,24
"qwen25_32b","first_token","semantic","valenced_nonopposite","valenced","nonopposite",0.2,-3.12974683544304,-4.91075949367089,-1.37974683544304,79
"qwen25_32b","first_token","semantic","valenced_opposite","valenced","opposite",0.2,-5.29609375,-7.10234375,-3.4593359375,80
"qwen25_32b","first_token","semantic","neutral_nonopposite","neutral","nonopposite",0.4,-0.4075,-1.7475625,0.935124999999998,25
"qwen25_32b","first_token","semantic","neutral_opposite","neutral","opposite",0.4,1.67447916666667,-0.00260416666666667,3.36985677083333,24
"qwen25_32b","first_token","semantic","valenced_nonopposite","valenced","nonopposite",0.4,3.73101265822785,2.35035601265823,4.99446202531646,79
"qwen25_32b","first_token","semantic","valenced_opposite","valenced","opposite",0.4,2.88359375,1.45701171875,4.3094140625,80
"qwen25_32b","first_token","semantic","neutral_nonopposite","neutral","nonopposite",0.6,-0.4775,-1.7925,0.947812499999996,25
"qwen25_32b","first_token","semantic","neutral_opposite","neutral","opposite",0.6,1.390625,-0.575651041666667,3.35690104166666,24
"qwen25_32b","first_token","semantic","valenced_nonopposite","valenced","nonopposite",0.6,7.24287974683544,6.2792128164557,8.16930379746835,79
"qwen25_32b","first_token","semantic","valenced_opposite","valenced","opposite",0.6,7.5359375,6.4187109375,8.67109375,80
"qwen25_32b","first_token","semantic","neutral_nonopposite","neutral","nonopposite",0.8,-0.515,-1.8225625,0.8375,25
"qwen25_32b","first_token","semantic","neutral_opposite","neutral","opposite",0.8,1.06770833333333,-0.945377604166667,3.16412760416667,24
"qwen25_32b","first_token","semantic","valenced_nonopposite","valenced","nonopposite",0.8,8.01028481012658,7.18352452531646,8.79669699367088,79
"qwen25_32b","first_token","semantic","valenced_opposite","valenced","opposite",0.8,8.7765625,7.7523046875,9.73365234375,80
"qwen25_32b","first_token","semantic","neutral_nonopposite","neutral","nonopposite",1,-0.6275,-1.895,0.677624999999998,25
"qwen25_32b","first_token","semantic","neutral_opposite","neutral","opposite",1,0.838541666666667,-1.20579427083333,2.88053385416666,24
"qwen25_32b","first_token","semantic","valenced_nonopposite","valenced","nonopposite",1,7.81012658227848,7.10363924050633,8.56724683544304,79
"qwen25_32b","first_token","semantic","valenced_opposite","valenced","opposite",1,8.77578125,7.8523046875,9.70470703125,80
"qwen25_32b","first_token","position","neutral_nonopposite","neutral","nonopposite",-1,-0.3875,-1.8025625,1.06,25
"qwen25_32b","first_token","position","neutral_opposite","neutral","opposite",-1,2.68229166666667,1.15872395833333,4.1458984375,24
"qwen25_32b","first_token","position","valenced_nonopposite","valenced","nonopposite",-1,1.20886075949367,0.715971123417722,1.73022151898734,79
"qwen25_32b","first_token","position","valenced_opposite","valenced","opposite",-1,1.0671875,0.594130859375,1.556650390625,80
"qwen25_32b","first_token","position","neutral_nonopposite","neutral","nonopposite",-0.8,2.4375,0.9374375,4.007625,25
"qwen25_32b","first_token","position","neutral_opposite","neutral","opposite",-0.8,2.44791666666667,1.0728515625,3.8203125,24
"qwen25_32b","first_token","position","valenced_nonopposite","valenced","nonopposite",-0.8,1.34216772151899,0.788330696202532,1.8928105221519,79
"qwen25_32b","first_token","position","valenced_opposite","valenced","opposite",-0.8,1.146484375,0.586708984375,1.73640625,80
"qwen25_32b","first_token","position","neutral_nonopposite","neutral","nonopposite",-0.6,4.3325,2.7825,5.905,25
"qwen25_32b","first_token","position","neutral_opposite","neutral","opposite",-0.6,1.71614583333333,0.526041666666667,2.9142578125,24
"qwen25_32b","first_token","position","valenced_nonopposite","valenced","nonopposite",-0.6,1.58939873417722,0.984157436708861,2.20259098101266,79
"qwen25_32b","first_token","position","valenced_opposite","valenced","opposite",-0.6,1.39296875,0.731962890625,2.067236328125,80
"qwen25_32b","first_token","position","neutral_nonopposite","neutral","nonopposite",-0.4,4.96,3.5823125,6.3575625,25
"qwen25_32b","first_token","position","neutral_opposite","neutral","opposite",-0.4,0.736979166666667,-0.304752604166667,1.75,24
"qwen25_32b","first_token","position","valenced_nonopposite","valenced","nonopposite",-0.4,1.47863924050633,0.787163765822785,2.1610957278481,79
"qwen25_32b","first_token","position","valenced_opposite","valenced","opposite",-0.4,1.47265625,0.75037109375,2.24615234375,80
"qwen25_32b","first_token","position","neutral_nonopposite","neutral","nonopposite",-0.2,5.8125,4.3498125,7.2650625,25
"qwen25_32b","first_token","position","neutral_opposite","neutral","opposite",-0.2,0.0963541666666667,-0.911458333333333,1.03385416666667,24
"qwen25_32b","first_token","position","valenced_nonopposite","valenced","nonopposite",-0.2,1.01938291139241,0.251166930379747,1.75714992088608,79
"qwen25_32b","first_token","position","valenced_opposite","valenced","opposite",-0.2,1.28125,0.518701171875,2.08244140625,80
"qwen25_32b","first_token","position","neutral_nonopposite","neutral","nonopposite",0,6.9325,5.477375,8.385,25
"qwen25_32b","first_token","position","neutral_opposite","neutral","opposite",0,0.21875,-0.885481770833333,1.20833333333333,24
"qwen25_32b","first_token","position","valenced_nonopposite","valenced","nonopposite",0,0.236550632911392,-0.553817246835443,1.02136075949367,79
"qwen25_32b","first_token","position","valenced_opposite","valenced","opposite",0,0.9046875,0.10154296875,1.70939453125,80
"qwen25_32b","first_token","position","neutral_nonopposite","neutral","nonopposite",0.2,8.6425,7.2649375,10.03,25
"qwen25_32b","first_token","position","neutral_opposite","neutral","opposite",0.2,1.28385416666667,-0.0807291666666667,2.46881510416667,24
"qwen25_32b","first_token","position","valenced_nonopposite","valenced","nonopposite",0.2,-0.674050632911392,-1.46204509493671,0.0822982594936706,79
"qwen25_32b","first_token","position","valenced_opposite","valenced","opposite",0.2,0.10546875,-0.71171875,0.88595703125,80
"qwen25_32b","first_token","position","neutral_nonopposite","neutral","nonopposite",0.4,10.0775,8.8475,11.3175,25
"qwen25_32b","first_token","position","neutral_opposite","neutral","opposite",0.4,2.5078125,1.02083333333333,3.86725260416667,24
"qwen25_32b","first_token","position","valenced_nonopposite","valenced","nonopposite",0.4,-0.621835443037975,-1.32759098101266,0.0997231012658222,79
"qwen25_32b","first_token","position","valenced_opposite","valenced","opposite",0.4,-0.19921875,-0.93751953125,0.53203125,80
"qwen25_32b","first_token","position","neutral_nonopposite","neutral","nonopposite",0.6,10.2625,9.2325,11.3275,25
"qwen25_32b","first_token","position","neutral_opposite","neutral","opposite",0.6,3.0625,1.53645833333333,4.46614583333333,24
"qwen25_32b","first_token","position","valenced_nonopposite","valenced","nonopposite",0.6,0.0213607594936709,-0.598931962025316,0.645569620253165,79
"qwen25_32b","first_token","position","valenced_opposite","valenced","opposite",0.6,0.1609375,-0.52041015625,0.84064453125,80
"qwen25_32b","first_token","position","neutral_nonopposite","neutral","nonopposite",0.8,9.325,8.4349375,10.2350625,25
"qwen25_32b","first_token","position","neutral_opposite","neutral","opposite",0.8,2.828125,1.28118489583333,4.28658854166666,24
"qwen25_32b","first_token","position","valenced_nonopposite","valenced","nonopposite",0.8,0.0751582278481013,-0.507120253164557,0.647962816455696,79
"qwen25_32b","first_token","position","valenced_opposite","valenced","opposite",0.8,0.0125,-0.58208984375,0.61017578125,80
"qwen25_32b","first_token","position","neutral_nonopposite","neutral","nonopposite",1,8.1725,7.315,8.97,25
"qwen25_32b","first_token","position","neutral_opposite","neutral","opposite",1,2.16666666666667,0.731770833333333,3.5521484375,24
"qwen25_32b","first_token","position","valenced_nonopposite","valenced","nonopposite",1,0.0348101265822785,-0.505537974683544,0.564082278481013,79
"qwen25_32b","first_token","position","valenced_opposite","valenced","opposite",1,-0.14453125,-0.7055078125,0.367343749999998,80
"qwen25_72b","sequence","semantic","neutral_nonopposite","neutral","nonopposite",-1,-0.168225498199463,-1.0883392239213,0.703894785404204,25
"qwen25_72b","sequence","semantic","neutral_opposite","neutral","opposite",-1,-0.623756291965644,-1.85656005156537,0.524967222847044,24
"qwen25_72b","sequence","semantic","valenced_nonopposite","valenced","nonopposite",-1,-5.4611273973803,-6.63201493692549,-4.30244056965354,79
"qwen25_72b","sequence","semantic","valenced_opposite","valenced","opposite",-1,-5.73633774518967,-6.76381460554898,-4.66331768056378,80
"qwen25_72b","sequence","semantic","neutral_nonopposite","neutral","nonopposite",-0.8,-0.126698205471039,-1.06384742826223,0.811944639265536,25
"qwen25_72b","sequence","semantic","neutral_opposite","neutral","opposite",-0.8,-0.550410784780979,-1.86178314952801,0.649983026583989,24
"qwen25_72b","sequence","semantic","valenced_nonopposite","valenced","nonopposite",-0.8,-5.66787756092941,-6.9695746822825,-4.36991674190835,79
"qwen25_72b","sequence","semantic","valenced_opposite","valenced","opposite",-0.8,-5.98314925134182,-7.11649064064026,-4.85820771463215,80
"qwen25_72b","sequence","semantic","neutral_nonopposite","neutral","nonopposite",-0.6,-0.0944987487792969,-1.10353671473265,0.849682084202764,25
"qwen25_72b","sequence","semantic","neutral_opposite","neutral","opposite",-0.6,-0.45763618995746,-1.77515387777239,0.764724354694287,24
"qwen25_72b","sequence","semantic","valenced_nonopposite","valenced","nonopposite",-0.6,-5.59454263614703,-6.92144814771188,-4.24956079798786,79
"qwen25_72b","sequence","semantic","valenced_opposite","valenced","opposite",-0.6,-5.94718763828278,-7.12911098394543,-4.72585012961179,80
"qwen25_72b","sequence","semantic","neutral_nonopposite","neutral","nonopposite",-0.4,-0.0520581817626953,-1.06390612179041,0.909178814053534,25
"qwen25_72b","sequence","semantic","neutral_opposite","neutral","opposite",-0.4,-0.307332587738832,-1.63424513035764,0.910768690705299,24
"qwen25_72b","sequence","semantic","valenced_nonopposite","valenced","nonopposite",-0.4,-5.01019114105007,-6.38738070460437,-3.62443321092597,79
"qwen25_72b","sequence","semantic","valenced_opposite","valenced","opposite",-0.4,-5.45570478662848,-6.68311133882031,-4.15096390325576,80
"qwen25_72b","sequence","semantic","neutral_nonopposite","neutral","nonopposite",-0.2,-0.00751233339309693,-1.01971288299561,0.954122363388538,25
"qwen25_72b","sequence","semantic","neutral_opposite","neutral","opposite",-0.2,-0.120595263938109,-1.37575313995282,1.0357957576712,24
"qwen25_72b","sequence","semantic","valenced_nonopposite","valenced","nonopposite",-0.2,-3.76882175629652,-5.10072649132602,-2.44609084993224,79
"qwen25_72b","sequence","semantic","valenced_opposite","valenced","opposite",-0.2,-4.32130393534899,-5.56304120283574,-3.00715992458165,80
"qwen25_72b","sequence","semantic","neutral_nonopposite","neutral","nonopposite",0,0.0267314887046814,-1.00223467004299,0.923919085085388,25
"qwen25_72b","sequence","semantic","neutral_opposite","neutral","opposite",0,0.125473275780678,-1.03588046704729,1.24315191109975,24
"qwen25_72b","sequence","semantic","valenced_nonopposite","valenced","nonopposite",0,-1.83234528876558,-3.15512944665513,-0.558046245518365,79
"qwen25_72b","sequence","semantic","valenced_opposite","valenced","opposite",0,-2.43398918658495,-3.64866073809564,-1.22631608797237,80
"qwen25_72b","sequence","semantic","neutral_nonopposite","neutral","nonopposite",0.2,0.0125269389152527,-0.963051395356655,0.96574190288782,25
"qwen25_72b","sequence","semantic","neutral_opposite","neutral","opposite",0.2,0.403902508318424,-0.759920165129006,1.50168609240403,24
"qwen25_72b","sequence","semantic","valenced_nonopposite","valenced","nonopposite",0.2,1.38849769815614,0.18752553876065,2.53638409476114,79
"qwen25_72b","sequence","semantic","valenced_opposite","valenced","opposite",0.2,0.856692807376385,-0.202071219328791,1.91312551114708,80
"qwen25_72b","sequence","semantic","neutral_nonopposite","neutral","nonopposite",0.4,-0.0323939967155457,-0.997606089949608,0.882845729947088,25
"qwen25_72b","sequence","semantic","neutral_opposite","neutral","opposite",0.4,0.601488019029299,-0.676689760138591,1.82373147178441,24
"qwen25_72b","sequence","semantic","valenced_nonopposite","valenced","nonopposite",0.4,4.58858380513855,3.60370882828779,5.53932293704416,79
"qwen25_72b","sequence","semantic","valenced_opposite","valenced","opposite",0.4,4.27954179421067,3.35412101393566,5.19345335742459,80
"qwen25_72b","sequence","semantic","neutral_nonopposite","neutral","nonopposite",0.6,-0.0876129031181336,-0.982579296529293,0.795760334849357,25
"qwen25_72b","sequence","semantic","neutral_opposite","neutral","opposite",0.6,0.840915804107984,-0.637444116485615,2.27833082626263,24
"qwen25_72b","sequence","semantic","valenced_nonopposite","valenced","nonopposite",0.6,7.11993989763381,6.26963466941556,7.95765033032321,79
"qwen25_72b","sequence","semantic","valenced_opposite","valenced","opposite",0.6,7.07646072730422,6.31308597423136,7.84958437569439,80
"qwen25_72b","sequence","semantic","neutral_nonopposite","neutral","nonopposite",0.8,-0.117415826320648,-0.992368752837181,0.758156964302062,25
"qwen25_72b","sequence","semantic","neutral_opposite","neutral","opposite",0.8,0.910389122863611,-0.617062421143055,2.55329913341751,24
"qwen25_72b","sequence","semantic","valenced_nonopposite","valenced","nonopposite",0.8,8.60904564510418,7.89985751898228,9.34652686156804,79
"qwen25_72b","sequence","semantic","valenced_opposite","valenced","opposite",0.8,8.87460375651717,8.18904793115333,9.56156350109726,80
"qwen25_72b","sequence","semantic","neutral_nonopposite","neutral","nonopposite",1,-0.247652668952942,-1.11530077004433,0.587956413149832,25
"qwen25_72b","sequence","semantic","neutral_opposite","neutral","opposite",1,0.875865779817104,-0.691297872178256,2.50169692169875,24
"qwen25_72b","sequence","semantic","valenced_nonopposite","valenced","nonopposite",1,9.12305677691593,8.45467571086144,9.80096852241815,79
"qwen25_72b","sequence","semantic","valenced_opposite","valenced","opposite",1,9.66836625635624,9.02812844756991,10.298072652258,80
"qwen25_72b","sequence","position","neutral_nonopposite","neutral","nonopposite",-1,-2.16650502204895,-2.77672660845518,-1.47174531966448,25
"qwen25_72b","sequence","position","neutral_opposite","neutral","opposite",-1,-4.1494616145889,-4.97082011010498,-3.41807312648743,24
"qwen25_72b","sequence","position","valenced_nonopposite","valenced","nonopposite",-1,-2.49001553541497,-2.76668154706683,-2.21076378392268,79
"qwen25_72b","sequence","position","valenced_opposite","valenced","opposite",-1,-1.6422026693821,-2.01552015997469,-1.27384993534535,80
"qwen25_72b","sequence","position","neutral_nonopposite","neutral","nonopposite",-0.8,-1.55208735227585,-2.22593712800741,-0.783317716181278,25
"qwen25_72b","sequence","position","neutral_opposite","neutral","opposite",-0.8,-4.16489666948716,-4.92449636105448,-3.45931183304638,24
"qwen25_72b","sequence","position","valenced_nonopposite","valenced","nonopposite",-0.8,-2.49946708769738,-2.80273115472703,-2.20362232140725,79
"qwen25_72b","sequence","position","valenced_opposite","valenced","opposite",-0.8,-1.57732983678579,-1.96080968022346,-1.1770098388195,80
"qwen25_72b","sequence","position","neutral_nonopposite","neutral","nonopposite",-0.6,-0.785355997085571,-1.5172281525135,0.0052715904116624,25
"qwen25_72b","sequence","position","neutral_opposite","neutral","opposite",-0.6,-4.03446155538162,-4.73576097606371,-3.38644753601402,24
"qwen25_72b","sequence","position","valenced_nonopposite","valenced","nonopposite",-0.6,-2.35891326469711,-2.65245703898276,-2.06168220897641,79
"qwen25_72b","sequence","position","valenced_opposite","valenced","opposite",-0.6,-1.35536677390337,-1.7586940844357,-0.950825761929155,80
"qwen25_72b","sequence","position","neutral_nonopposite","neutral","nonopposite",-0.4,0.257641372680664,-0.520361661016941,1.1147179184556,25
"qwen25_72b","sequence","position","neutral_opposite","neutral","opposite",-0.4,-3.71880782892307,-4.38592364874979,-3.08289722918222,24
"qwen25_72b","sequence","position","valenced_nonopposite","valenced","nonopposite",-0.4,-2.03635587948787,-2.35853432656466,-1.72839027599821,79
"qwen25_72b","sequence","position","valenced_opposite","valenced","opposite",-0.4,-1.06208069995046,-1.44875823032111,-0.670311547853053,80
"qwen25_72b","sequence","position","neutral_nonopposite","neutral","nonopposite",-0.2,1.56665433168411,0.739839997470379,2.44156876069307,25
"qwen25_72b","sequence","position","neutral_opposite","neutral","opposite",-0.2,-3.11801015585661,-3.7721741280208,-2.51851394002636,24
"qwen25_72b","sequence","position","valenced_nonopposite","valenced","nonopposite",-0.2,-1.62240232319771,-1.94193084598342,-1.29797319122885,79
"qwen25_72b","sequence","position","valenced_opposite","valenced","opposite",-0.2,-0.747060105204582,-1.11818940725178,-0.362007244098932,80
"qwen25_72b","sequence","position","neutral_nonopposite","neutral","nonopposite",0,3.14215325117111,2.2920041282773,4.05432431644201,25
"qwen25_72b","sequence","position","neutral_opposite","neutral","opposite",0,-2.18798546989759,-2.89080693423748,-1.52505120212833,24
"qwen25_72b","sequence","position","valenced_nonopposite","valenced","nonopposite",0,-1.03900654481936,-1.35636655341221,-0.723228634403477,79
"qwen25_72b","sequence","position","valenced_opposite","valenced","opposite",0,-0.321470937132835,-0.648823010083288,0.0155675908923148,80
"qwen25_72b","sequence","position","neutral_nonopposite","neutral","nonopposite",0.2,4.99462137937546,4.20006242614985,5.82169013363123,25
"qwen25_72b","sequence","position","neutral_opposite","neutral","opposite",0.2,-0.681723120311896,-1.47756592656175,0.161864158635338,24
"qwen25_72b","sequence","position","valenced_nonopposite","valenced","nonopposite",0.2,-0.137502249283127,-0.456794349189046,0.167343973849393,79
"qwen25_72b","sequence","position","valenced_opposite","valenced","opposite",0.2,0.331150785088539,0.0477727735973894,0.615778360255062,80
"qwen25_72b","sequence","position","neutral_nonopposite","neutral","nonopposite",0.4,6.27097388505936,5.54426425552368,7.01155710029602,25
"qwen25_72b","sequence","position","neutral_opposite","neutral","opposite",0.4,0.741214712460836,-0.197908786746363,1.6973493617028,24
"qwen25_72b","sequence","position","valenced_nonopposite","valenced","nonopposite",0.4,0.777543823175792,0.465809372916252,1.10148576720606,79
"qwen25_72b","sequence","position","valenced_opposite","valenced","opposite",0.4,1.00400294885039,0.722728070504963,1.29241292657331,80
"qwen25_72b","sequence","position","neutral_nonopposite","neutral","nonopposite",0.6,7.28539350748062,6.6353778232336,7.96264822620153,25
"qwen25_72b","sequence","position","neutral_opposite","neutral","opposite",0.6,2.03324671089649,1.02939615783592,3.11463171889384,24
"qwen25_72b","sequence","position","valenced_nonopposite","valenced","nonopposite",0.6,1.5482326323473,1.21344444670632,1.89999600375378,79
"qwen25_72b","sequence","position","valenced_opposite","valenced","opposite",0.6,1.65183064714074,1.35709703126922,1.94823289906606,80
"qwen25_72b","sequence","position","neutral_nonopposite","neutral","nonopposite",0.8,8.22658655881882,7.60147162628174,8.82188161528111,25
"qwen25_72b","sequence","position","neutral_opposite","neutral","opposite",0.8,3.11361572891474,2.06959149160733,4.17292231998096,24
"qwen25_72b","sequence","position","valenced_nonopposite","valenced","nonopposite",0.8,2.06547630814057,1.71246824741741,2.40837441675271,79
"qwen25_72b","sequence","position","valenced_opposite","valenced","opposite",0.8,2.20872373208404,1.91261569485068,2.50542093312368,80
"qwen25_72b","sequence","position","neutral_nonopposite","neutral","nonopposite",1,9.18148623466492,8.58318404400349,9.7619308411479,25
"qwen25_72b","sequence","position","neutral_opposite","neutral","opposite",1,4.19462911039591,3.17510840253284,5.20768192273875,24
"qwen25_72b","sequence","position","valenced_nonopposite","valenced","nonopposite",1,2.46486856514895,2.13872368448897,2.80962047458072,79
"qwen25_72b","sequence","position","valenced_opposite","valenced","opposite",1,2.7077517002821,2.44508319584653,2.97103704262525,80
"qwen25_72b","first_token","semantic","neutral_nonopposite","neutral","nonopposite",-1,-0.1625,-1.0650625,0.7,25
"qwen25_72b","first_token","semantic","neutral_opposite","neutral","opposite",-1,-0.627604166666667,-1.90885416666667,0.552083333333333,24
"qwen25_72b","first_token","semantic","valenced_nonopposite","valenced","nonopposite",-1,-5.45806962025316,-6.62428797468354,-4.29345332278481,79
"qwen25_72b","first_token","semantic","valenced_opposite","valenced","opposite",-1,-5.7390625,-6.739140625,-4.66169921875,80
"qwen25_72b","first_token","semantic","neutral_nonopposite","neutral","nonopposite",-0.8,-0.13,-1.085,0.797624999999998,25
"qwen25_72b","first_token","semantic","neutral_opposite","neutral","opposite",-0.8,-0.5625,-1.88815104166667,0.635481770833332,24
"qwen25_72b","first_token","semantic","valenced_nonopposite","valenced","nonopposite",-0.8,-5.66930379746835,-6.92256724683544,-4.37175632911392,79
"qwen25_72b","first_token","semantic","valenced_opposite","valenced","opposite",-0.8,-5.9890625,-7.08283203125,-4.788203125,80
"qwen25_72b","first_token","semantic","neutral_nonopposite","neutral","nonopposite",-0.6,-0.09,-1.0925625,0.89,25
"qwen25_72b","first_token","semantic","neutral_opposite","neutral","opposite",-0.6,-0.4609375,-1.8177734375,0.7890625,24
"qwen25_72b","first_token","semantic","valenced_nonopposite","valenced","nonopposite",-0.6,-5.59177215189873,-6.95181962025316,-4.22066851265823,79
"qwen25_72b","first_token","semantic","valenced_opposite","valenced","opposite",-0.6,-5.94140625,-7.13212890625,-4.73888671875,80
"qwen25_72b","first_token","semantic","neutral_nonopposite","neutral","nonopposite",-0.4,-0.05,-1.055125,0.922562499999999,25
"qwen25_72b","first_token","semantic","neutral_opposite","neutral","opposite",-0.4,-0.317708333333333,-1.66412760416667,0.877669270833332,24
"qwen25_72b","first_token","semantic","valenced_nonopposite","valenced","nonopposite",-0.4,-5.00158227848101,-6.3434335443038,-3.62652294303798,79
"qwen25_72b","first_token","semantic","valenced_opposite","valenced","opposite",-0.4,-5.45625,-6.66724609375,-4.2030859375,80
"qwen25_72b","first_token","semantic","neutral_nonopposite","neutral","nonopposite",-0.2,-0.0075,-1.025,0.980124999999998,25
"qwen25_72b","first_token","semantic","neutral_opposite","neutral","opposite",-0.2,-0.1171875,-1.38287760416667,1.05735677083333,24
"qwen25_72b","first_token","semantic","valenced_nonopposite","valenced","nonopposite",-0.2,-3.76107594936709,-5.09258306962025,-2.37885680379747,79
"qwen25_72b","first_token","semantic","valenced_opposite","valenced","opposite",-0.2,-4.315625,-5.57658203125,-3.01328125,80
"qwen25_72b","first_token","semantic","neutral_nonopposite","neutral","nonopposite",0,0.03,-0.9951875,1.005,25
"qwen25_72b","first_token","semantic","neutral_opposite","neutral","opposite",0,0.125,-1.04166666666667,1.1849609375,24
"qwen25_72b","first_token","semantic","valenced_nonopposite","valenced","nonopposite",0,-1.83069620253165,-3.16851265822785,-0.549821993670886,79
"qwen25_72b","first_token","semantic","valenced_opposite","valenced","opposite",0,-2.4265625,-3.6383203125,-1.23115234375,80
"qwen25_72b","first_token","semantic","neutral_nonopposite","neutral","nonopposite",0.2,0.01,-0.9876875,0.915062499999999,25
"qwen25_72b","first_token","semantic","neutral_opposite","neutral","opposite",0.2,0.411458333333333,-0.7552734375,1.4740234375,24
"qwen25_72b","first_token","semantic","valenced_nonopposite","valenced","nonopposite",0.2,1.39161392405063,0.185878164556962,2.52136075949367,79
"qwen25_72b","first_token","semantic","valenced_opposite","valenced","opposite",0.2,0.865625,-0.2055078125,1.9384375,80
"qwen25_72b","first_token","semantic","neutral_nonopposite","neutral","nonopposite",0.4,-0.0225,-0.9725,0.877562499999999,25
"qwen25_72b","first_token","semantic","neutral_opposite","neutral","opposite",0.4,0.606770833333333,-0.617252604166667,1.88287760416667,24
"qwen25_72b","first_token","semantic","valenced_nonopposite","valenced","nonopposite",0.4,4.58306962025316,3.6050039556962,5.56020569620253,79
"qwen25_72b","first_token","semantic","valenced_opposite","valenced","opposite",0.4,4.28828125,3.3991796875,5.220390625,80
"qwen25_72b","first_token","semantic","neutral_nonopposite","neutral","nonopposite",0.6,-0.09,-0.9875625,0.7875,25
"qwen25_72b","first_token","semantic","neutral_opposite","neutral","opposite",0.6,0.84375,-0.570377604166667,2.3203125,24
"qwen25_72b","first_token","semantic","valenced_nonopposite","valenced","nonopposite",0.6,7.12262658227848,6.2760878164557,7.93275316455696,79
"qwen25_72b","first_token","semantic","valenced_opposite","valenced","opposite",0.6,7.07578125,6.2937109375,7.85169921875,80
"qwen25_72b","first_token","semantic","neutral_nonopposite","neutral","nonopposite",0.8,-0.1225,-1.0400625,0.765062499999999,25
"qwen25_72b","first_token","semantic","neutral_opposite","neutral","opposite",0.8,0.927083333333333,-0.609440104166667,2.50266927083333,24
"qwen25_72b","first_token","semantic","valenced_nonopposite","valenced","nonopposite",0.8,8.61392405063291,7.9050039556962,9.33550237341772,79
"qwen25_72b","first_token","semantic","valenced_opposite","valenced","opposite",0.8,8.87421875,8.19060546875,9.56720703125,80
"qwen25_72b","first_token","semantic","neutral_nonopposite","neutral","nonopposite",1,-0.2375,-1.0875,0.5925,25
"qwen25_72b","first_token","semantic","neutral_opposite","neutral","opposite",1,0.875,-0.666731770833333,2.546875,24
"qwen25_72b","first_token","semantic","valenced_nonopposite","valenced","nonopposite",1,9.12895569620253,8.45332278481013,9.7879746835443,79
"qwen25_72b","first_token","semantic","valenced_opposite","valenced","opposite",1,9.6765625,9.02263671875,10.32421875,80
"qwen25_72b","first_token","position","neutral_nonopposite","neutral","nonopposite",-1,-2.1725,-2.785,-1.5099375,25
"qwen25_72b","first_token","position","neutral_opposite","neutral","opposite",-1,-4.15364583333333,-4.97141927083333,-3.42447916666667,24
"qwen25_72b","first_token","position","valenced_nonopposite","valenced","nonopposite",-1,-2.48971518987342,-2.77610759493671,-2.21123417721519,79
"qwen25_72b","first_token","position","valenced_opposite","valenced","opposite",-1,-1.65,-2.015625,-1.27421875,80
"qwen25_72b","first_token","position","neutral_nonopposite","neutral","nonopposite",-0.8,-1.555,-2.2075,-0.804937500000001,25
"qwen25_72b","first_token","position","neutral_opposite","neutral","opposite",-0.8,-4.171875,-4.9375,-3.4634765625,24
"qwen25_72b","first_token","position","valenced_nonopposite","valenced","nonopposite",-0.8,-2.49050632911392,-2.78324762658228,-2.2009295886076,79
"qwen25_72b","first_token","position","valenced_opposite","valenced","opposite",-0.8,-1.5734375,-1.95939453125,-1.17421875,80
"qwen25_72b","first_token","position","neutral_nonopposite","neutral","nonopposite",-0.6,-0.775,-1.5025625,0.0225624999999991,25
"qwen25_72b","first_token","position","neutral_opposite","neutral","opposite",-0.6,-4.04427083333333,-4.7396484375,-3.36458333333333,24
"qwen25_72b","first_token","position","valenced_nonopposite","valenced","nonopposite",-0.6,-2.35917721518987,-2.66455696202532,-2.06882911392405,79
"qwen25_72b","first_token","position","valenced_opposite","valenced","opposite",-0.6,-1.37890625,-1.77970703125,-0.98279296875,80
"qwen25_72b","first_token","position","neutral_nonopposite","neutral","nonopposite",-0.4,0.265,-0.540125,1.127625,25
"qwen25_72b","first_token","position","neutral_opposite","neutral","opposite",-0.4,-3.70833333333333,-4.40364583333333,-3.05729166666667,24
"qwen25_72b","first_token","position","valenced_nonopposite","valenced","nonopposite",-0.4,-2.04272151898734,-2.3623417721519,-1.72701740506329,79
"qwen25_72b","first_token","position","valenced_opposite","valenced","opposite",-0.4,-1.0671875,-1.45703125,-0.68513671875,80
"qwen25_72b","first_token","position","neutral_nonopposite","neutral","nonopposite",-0.2,1.5825,0.7474375,2.4850625,25
"qwen25_72b","first_token","position","neutral_opposite","neutral","opposite",-0.2,-3.12239583333333,-3.79166666666667,-2.50520833333333,24
"qwen25_72b","first_token","position","valenced_nonopposite","valenced","nonopposite",-0.2,-1.63291139240506,-1.96283623417722,-1.31329113924051,79
"qwen25_72b","first_token","position","valenced_opposite","valenced","opposite",-0.2,-0.75625,-1.1156640625,-0.3921875,80
"qwen25_72b","first_token","position","neutral_nonopposite","neutral","nonopposite",0,3.145,2.3024375,4.065,25
"qwen25_72b","first_token","position","neutral_opposite","neutral","opposite",0,-2.19270833333333,-2.86979166666667,-1.51041666666667,24
"qwen25_72b","first_token","position","valenced_nonopposite","valenced","nonopposite",0,-1.04746835443038,-1.36394382911392,-0.746024525316456,79
"qwen25_72b","first_token","position","valenced_opposite","valenced","opposite",0,-0.3203125,-0.64376953125,0.01171875,80
"qwen25_72b","first_token","position","neutral_nonopposite","neutral","nonopposite",0.2,5,4.1924375,5.8275,25
"qwen25_72b","first_token","position","neutral_opposite","neutral","opposite",0.2,-0.6875,-1.51048177083333,0.158919270833332,24
"qwen25_72b","first_token","position","valenced_nonopposite","valenced","nonopposite",0.2,-0.138449367088608,-0.454905063291139,0.170905854430379,79
"qwen25_72b","first_token","position","valenced_opposite","valenced","opposite",0.2,0.325,0.05078125,0.6046875,80
"qwen25_72b","first_token","position","neutral_nonopposite","neutral","nonopposite",0.4,6.2725,5.5425,7.015,25
"qwen25_72b","first_token","position","neutral_opposite","neutral","opposite",0.4,0.747395833333333,-0.197981770833333,1.7421875,24
"qwen25_72b","first_token","position","valenced_nonopposite","valenced","nonopposite",0.4,0.787183544303797,0.461214398734177,1.10284810126582,79
"qwen25_72b","first_token","position","valenced_opposite","valenced","opposite",0.4,1.00390625,0.7241796875,1.2859375,80
"qwen25_72b","first_token","position","neutral_nonopposite","neutral","nonopposite",0.6,7.3,6.615,7.9875,25
"qwen25_72b","first_token","position","neutral_opposite","neutral","opposite",0.6,2.04166666666667,1.06236979166667,3.03919270833333,24
"qwen25_72b","first_token","position","valenced_nonopposite","valenced","nonopposite",0.6,1.53560126582278,1.18908227848101,1.86079905063291,79
"qwen25_72b","first_token","position","valenced_opposite","valenced","opposite",0.6,1.64609375,1.34607421875,1.940625,80
"qwen25_72b","first_token","position","neutral_nonopposite","neutral","nonopposite",0.8,8.2375,7.6025,8.8375625,25
"qwen25_72b","first_token","position","neutral_opposite","neutral","opposite",0.8,3.109375,2.04680989583333,4.1302734375,24
"qwen25_72b","first_token","position","valenced_nonopposite","valenced","nonopposite",0.8,2.07120253164557,1.72387262658228,2.41695015822785,79
"qwen25_72b","first_token","position","valenced_opposite","valenced","opposite",0.8,2.20859375,1.9125,2.49375,80
"qwen25_72b","first_token","position","neutral_nonopposite","neutral","nonopposite",1,9.1775,8.6,9.755,25
"qwen25_72b","first_token","position","neutral_opposite","neutral","opposite",1,4.17708333333333,3.140625,5.22662760416667,24
"qwen25_72b","first_token","position","valenced_nonopposite","valenced","nonopposite",1,2.45965189873418,2.11784018987342,2.80856408227848,79
"qwen25_72b","first_token","position","valenced_opposite","valenced","opposite",1,2.709375,2.45154296875,2.97423828125,80
"llama3_8b","sequence","semantic","neutral_nonopposite","neutral","nonopposite",-1,0.386422116756439,-0.0636486774682999,0.841394882857798,25
"llama3_8b","sequence","semantic","neutral_opposite","neutral","opposite",-1,0.112584014733632,-0.518244353371362,0.735980892119308,24
"llama3_8b","sequence","semantic","valenced_nonopposite","valenced","nonopposite",-1,-0.115905837167667,-0.526888552402394,0.32138927197909,79
"llama3_8b","sequence","semantic","valenced_opposite","valenced","opposite",-1,-0.897100186347961,-1.31175548991188,-0.47058144422248,80
"llama3_8b","sequence","semantic","neutral_nonopposite","neutral","nonopposite",-0.8,0.353957841396332,-0.0551035099029541,0.767598295569419,25
"llama3_8b","sequence","semantic","neutral_opposite","neutral","opposite",-0.8,0.182040159900983,-0.456948618094126,0.829919893480836,24
"llama3_8b","sequence","semantic","valenced_nonopposite","valenced","nonopposite",-0.8,0.21583948482441,-0.211228182534628,0.654298907027969,79
"llama3_8b","sequence","semantic","valenced_opposite","valenced","opposite",-0.8,-0.693276377022266,-1.125951153934,-0.253696976993233,80
"llama3_8b","sequence","semantic","neutral_nonopposite","neutral","nonopposite",-0.6,0.342910368442535,-0.0338207759261131,0.705434521913528,25
"llama3_8b","sequence","semantic","neutral_opposite","neutral","opposite",-0.6,0.29460021853447,-0.374874801188707,0.924964360768596,24
"llama3_8b","sequence","semantic","valenced_nonopposite","valenced","nonopposite",-0.6,0.387668046015727,-0.0406995536405829,0.8238362827633,79
"llama3_8b","sequence","semantic","valenced_opposite","valenced","opposite",-0.6,-0.509252039343119,-0.965440425742418,-0.05244865661487,80
"llama3_8b","sequence","semantic","neutral_nonopposite","neutral","nonopposite",-0.4,0.257344620227814,-0.0721788192391395,0.563169848203659,25
"llama3_8b","sequence","semantic","neutral_opposite","neutral","opposite",-0.4,0.370240981380145,-0.284272891407212,1.0281731604288,24
"llama3_8b","sequence","semantic","valenced_nonopposite","valenced","nonopposite",-0.4,0.0589707712583904,-0.373299330227737,0.500359122436258,79
"llama3_8b","sequence","semantic","valenced_opposite","valenced","opposite",-0.4,-0.722654719650745,-1.15004742847756,-0.248182548675686,80
"llama3_8b","sequence","semantic","neutral_nonopposite","neutral","nonopposite",-0.2,0.172345306873322,-0.159234424710274,0.464622708499431,25
"llama3_8b","sequence","semantic","neutral_opposite","neutral","opposite",-0.2,0.319989142318567,-0.238303982652724,0.850389289048811,24
"llama3_8b","sequence","semantic","valenced_nonopposite","valenced","nonopposite",-0.2,0.384421610379521,-0.025470407307148,0.815204850405077,79
"llama3_8b","sequence","semantic","valenced_opposite","valenced","opposite",-0.2,-0.274768213927746,-0.714738072361797,0.171815470978617,80
"llama3_8b","sequence","semantic","neutral_nonopposite","neutral","nonopposite",0,0.146524114608765,-0.201475217401981,0.464623536646366,25
"llama3_8b","sequence","semantic","neutral_opposite","neutral","opposite",0,0.318535779913266,-0.121769840394457,0.767191898884872,24
"llama3_8b","sequence","semantic","valenced_nonopposite","valenced","nonopposite",0,2.26777458417265,1.92224599207881,2.63881957429119,79
"llama3_8b","sequence","semantic","valenced_opposite","valenced","opposite",0,1.81137458905578,1.40790405264124,2.20449127994478,80
"llama3_8b","sequence","semantic","neutral_nonopposite","neutral","nonopposite",0.2,0.169297180175781,-0.205178339600563,0.51267000079155,25
"llama3_8b","sequence","semantic","neutral_opposite","neutral","opposite",0.2,0.340701567629973,-0.0753676410764456,0.786297791140774,24
"llama3_8b","sequence","semantic","valenced_nonopposite","valenced","nonopposite",0.2,2.98919917963728,2.63192001439725,3.36343905084495,79
"llama3_8b","sequence","semantic","valenced_opposite","valenced","opposite",0.2,2.64018562734127,2.23631166957319,3.04703139288351,80
"llama3_8b","sequence","semantic","neutral_nonopposite","neutral","nonopposite",0.4,0.218884575366974,-0.164618867993355,0.588857117891311,25
"llama3_8b","sequence","semantic","neutral_opposite","neutral","opposite",0.4,0.364484923581282,-0.0577023172751069,0.810280449874699,24
"llama3_8b","sequence","semantic","valenced_nonopposite","valenced","nonopposite",0.4,3.55171703764155,3.17364985001615,3.95258270637899,79
"llama3_8b","sequence","semantic","valenced_opposite","valenced","opposite",0.4,3.26778764128685,2.85564827134833,3.68214067013934,80
"llama3_8b","sequence","semantic","neutral_nonopposite","neutral","nonopposite",0.6,0.251931092739105,-0.16327332264185,0.64197179532051,25
"llama3_8b","sequence","semantic","neutral_opposite","neutral","opposite",0.6,0.389854401350021,-0.0574285475537181,0.855318424726526,24
"llama3_8b","sequence","semantic","valenced_nonopposite","valenced","nonopposite",0.6,3.92790955003304,3.54203661661359,4.32562920362512,79
"llama3_8b","sequence","semantic","valenced_opposite","valenced","opposite",0.6,3.7095757946372,3.27852053711191,4.1445699473843,80
"llama3_8b","sequence","semantic","neutral_nonopposite","neutral","nonopposite",0.8,0.285913517475128,-0.158003243207931,0.706788951396942,25
"llama3_8b","sequence","semantic","neutral_opposite","neutral","opposite",0.8,0.406659334897995,-0.0301759402578075,0.885081583571931,24
"llama3_8b","sequence","semantic","valenced_nonopposite","valenced","nonopposite",0.8,4.17211280970634,3.76739955474681,4.61071354162089,79
"llama3_8b","sequence","semantic","valenced_opposite","valenced","opposite",0.8,4.00028230175376,3.56697757806629,4.44390398079529,80
"llama3_8b","sequence","semantic","neutral_nonopposite","neutral","nonopposite",1,0.301304275989532,-0.192555753827095,0.713582037568092,25
"llama3_8b","sequence","semantic","neutral_opposite","neutral","opposite",1,0.409923672676086,-0.0556734052176277,0.899515259017547,24
"llama3_8b","sequence","semantic","valenced_nonopposite","valenced","nonopposite",1,4.28409000514429,3.8726414109144,4.69782754016828,79
"llama3_8b","sequence","semantic","valenced_opposite","valenced","opposite",1,4.17464208826423,3.74598350582644,4.60856348145753,80
"llama3_8b","sequence","position","neutral_nonopposite","neutral","nonopposite",-1,0.162575194835663,-0.215008998632431,0.557438208937645,25
"llama3_8b","sequence","position","neutral_opposite","neutral","opposite",-1,-1.08603601157665,-1.43242966302981,-0.756583637371659,24
"llama3_8b","sequence","position","valenced_nonopposite","valenced","nonopposite",-1,0.0453508564188511,-0.196136639823642,0.276765953758849,79
"llama3_8b","sequence","position","valenced_opposite","valenced","opposite",-1,-0.280377431213856,-0.533184923771769,-0.0190959534421565,80
"llama3_8b","sequence","position","neutral_nonopposite","neutral","nonopposite",-0.8,0.469763338565826,0.0234275605678558,0.939075002729893,25
"llama3_8b","sequence","position","neutral_opposite","neutral","opposite",-0.8,-1.23995030423005,-1.6281416580081,-0.829322378585736,24
"llama3_8b","sequence","position","valenced_nonopposite","valenced","nonopposite",-0.8,-0.105390830130517,-0.362242466249043,0.15458508901581,79
"llama3_8b","sequence","position","valenced_opposite","valenced","opposite",-0.8,-0.380496317148209,-0.654649260565639,-0.0986699666269125,80
"llama3_8b","sequence","position","neutral_nonopposite","neutral","nonopposite",-0.6,0.827381331920624,0.358006554961205,1.29478029084206,25
"llama3_8b","sequence","position","neutral_opposite","neutral","opposite",-0.6,-1.01301049689452,-1.43715614502629,-0.537295906928679,24
"llama3_8b","sequence","position","valenced_nonopposite","valenced","nonopposite",-0.6,0.0140299004844472,-0.247059071648724,0.281886407261408,79
"llama3_8b","sequence","position","valenced_opposite","valenced","opposite",-0.6,-0.23811335042119,-0.523111504428089,0.0527162417955695,80
"llama3_8b","sequence","position","neutral_nonopposite","neutral","nonopposite",-0.4,0.828454902172089,0.425502753734589,1.22823619049788,25
"llama3_8b","sequence","position","neutral_opposite","neutral","opposite",-0.4,-0.719064623117447,-1.0955186607937,-0.288487348270914,24
"llama3_8b","sequence","position","valenced_nonopposite","valenced","nonopposite",-0.4,0.269510427607766,0.0167966965633103,0.52723802101763,79
"llama3_8b","sequence","position","valenced_opposite","valenced","opposite",-0.4,0.0887695223093033,-0.181355103384703,0.35842227326706,80
"llama3_8b","sequence","position","neutral_nonopposite","neutral","nonopposite",-0.2,1.10841925382614,0.731474730849266,1.48306104892492,25
"llama3_8b","sequence","position","neutral_opposite","neutral","opposite",-0.2,-0.248400223751863,-0.582357541347543,0.149911017591754,24
"llama3_8b","sequence","position","valenced_nonopposite","valenced","nonopposite",-0.2,0.697688610493382,0.440126222711575,0.956466179897513,79
"llama3_8b","sequence","position","valenced_opposite","valenced","opposite",-0.2,0.627437269687653,0.358556440565735,0.91898596227169,80
"llama3_8b","sequence","position","neutral_nonopposite","neutral","nonopposite",0,2.04877382278442,1.64641715556383,2.46355193758011,25
"llama3_8b","sequence","position","neutral_opposite","neutral","opposite",0,0.520613685250282,0.12874084978054,0.941656170164545,24
"llama3_8b","sequence","position","valenced_nonopposite","valenced","nonopposite",0,1.36622052328496,1.10204920265116,1.65510585936187,79
"llama3_8b","sequence","position","valenced_opposite","valenced","opposite",0,1.35574881359935,1.07249064529315,1.68641327334568,80
"llama3_8b","sequence","position","neutral_nonopposite","neutral","nonopposite",0.2,2.37584361553192,1.95097115659714,2.82064621317386,25
"llama3_8b","sequence","position","neutral_opposite","neutral","opposite",0.2,0.757298124333223,0.325928151297073,1.19162817293157,24
"llama3_8b","sequence","position","valenced_nonopposite","valenced","nonopposite",0.2,1.6024144344692,1.34586923641117,1.89712524242416,79
"llama3_8b","sequence","position","valenced_opposite","valenced","opposite",0.2,1.57849272042513,1.3004493772611,1.89043638601899,80
"llama3_8b","sequence","position","neutral_nonopposite","neutral","nonopposite",0.4,2.65031842947006,2.20126624584198,3.1303002807498,25
"llama3_8b","sequence","position","neutral_opposite","neutral","opposite",0.4,0.921707294881344,0.470316589872042,1.35008157473057,24
"llama3_8b","sequence","position","valenced_nonopposite","valenced","nonopposite",0.4,1.79555104729495,1.55001698589023,2.05906909242084,79
"llama3_8b","sequence","position","valenced_opposite","valenced","opposite",0.4,1.75157347619534,1.48238488944247,2.03584184136242,80
"llama3_8b","sequence","position","neutral_nonopposite","neutral","nonopposite",0.6,2.82602090597153,2.34426695406437,3.34222366404533,25
"llama3_8b","sequence","position","neutral_opposite","neutral","opposite",0.6,1.03277163704236,0.572075777625044,1.48474562373012,24
"llama3_8b","sequence","position","valenced_nonopposite","valenced","nonopposite",0.6,1.94821814872042,1.70304934848336,2.19911188937818,79
"llama3_8b","sequence","position","valenced_opposite","valenced","opposite",0.6,1.89294958561659,1.62977356910706,2.16159509830177,80
"llama3_8b","sequence","position","neutral_nonopposite","neutral","nonopposite",0.8,2.97797360658646,2.49460339140892,3.48717330491543,25
"llama3_8b","sequence","position","neutral_opposite","neutral","opposite",0.8,1.13046894967556,0.623198971586923,1.59598000850528,24
"llama3_8b","sequence","position","valenced_nonopposite","valenced","nonopposite",0.8,2.08301396234126,1.84004015960271,2.3434924726622,79
"llama3_8b","sequence","position","valenced_opposite","valenced","opposite",0.8,2.01169072762132,1.74542684480548,2.27338648438454,80
"llama3_8b","sequence","position","neutral_nonopposite","neutral","nonopposite",1,3.01219166994095,2.50989806306362,3.56075720655918,25
"llama3_8b","sequence","position","neutral_opposite","neutral","opposite",1,1.16889247794946,0.637222175175945,1.6297402224193,24
"llama3_8b","sequence","position","valenced_nonopposite","valenced","nonopposite",1,2.23667154960994,1.9998879867264,2.49107625761741,79
"llama3_8b","sequence","position","valenced_opposite","valenced","opposite",1,2.12883785888553,1.86584088208154,2.38801505511627,80
"llama3_8b","first_token","semantic","neutral_nonopposite","neutral","nonopposite",-1,0.3875,-0.0625,0.8375,25
"llama3_8b","first_token","semantic","neutral_opposite","neutral","opposite",-1,0.111979166666667,-0.518294270833333,0.736979166666667,24
"llama3_8b","first_token","semantic","valenced_nonopposite","valenced","nonopposite",-1,-0.126186708860759,-0.53046875,0.271360759493671,79
"llama3_8b","first_token","semantic","valenced_opposite","valenced","opposite",-1,-0.896875,-1.2953125,-0.49060546875,80
"llama3_8b","first_token","semantic","neutral_nonopposite","neutral","nonopposite",-0.8,0.355,-0.055,0.765,25
"llama3_8b","first_token","semantic","neutral_opposite","neutral","opposite",-0.8,0.182291666666667,-0.447981770833333,0.8125,24
"llama3_8b","first_token","semantic","valenced_nonopposite","valenced","nonopposite",-0.8,0.21123417721519,-0.204153481012658,0.633761867088607,79
"llama3_8b","first_token","semantic","valenced_opposite","valenced","opposite",-0.8,-0.6953125,-1.12265625,-0.25625,80
"llama3_8b","first_token","semantic","neutral_nonopposite","neutral","nonopposite",-0.6,0.3425,-0.035,0.710062499999999,25
"llama3_8b","first_token","semantic","neutral_opposite","neutral","opposite",-0.6,0.294270833333333,-0.351627604166667,0.937565104166666,24
"llama3_8b","first_token","semantic","valenced_nonopposite","valenced","nonopposite",-0.6,0.387658227848101,-0.0332476265822785,0.836253955696202,79
"llama3_8b","first_token","semantic","valenced_opposite","valenced","opposite",-0.6,-0.51015625,-0.96330078125,-0.0507617187500003,80
"llama3_8b","first_token","semantic","neutral_nonopposite","neutral","nonopposite",-0.4,0.2575,-0.0725,0.562562499999999,25
"llama3_8b","first_token","semantic","neutral_opposite","neutral","opposite",-0.4,0.369791666666667,-0.299479166666667,0.989648437499999,24
"llama3_8b","first_token","semantic","valenced_nonopposite","valenced","nonopposite",-0.4,0.0632911392405063,-0.372626582278481,0.50320411392405,79
"llama3_8b","first_token","semantic","valenced_opposite","valenced","opposite",-0.4,-0.72265625,-1.16720703125,-0.2453125,80
"llama3_8b","first_token","semantic","neutral_nonopposite","neutral","nonopposite",-0.2,0.1725,-0.14,0.47,25
"llama3_8b","first_token","semantic","neutral_opposite","neutral","opposite",-0.2,0.3203125,-0.234440104166667,0.875,24
"llama3_8b","first_token","semantic","valenced_nonopposite","valenced","nonopposite",-0.2,0.39003164556962,-0.00478639240506328,0.795094936708861,79
"llama3_8b","first_token","semantic","valenced_opposite","valenced","opposite",-0.2,-0.2765625,-0.71796875,0.15705078125,80
"llama3_8b","first_token","semantic","neutral_nonopposite","neutral","nonopposite",0,0.1475,-0.2,0.462562499999999,25
"llama3_8b","first_token","semantic","neutral_opposite","neutral","opposite",0,0.317708333333333,-0.1171875,0.776106770833332,24
"llama3_8b","first_token","semantic","valenced_nonopposite","valenced","nonopposite",0,2.26898734177215,1.91930379746835,2.64084256329114,79
"llama3_8b","first_token","semantic","valenced_opposite","valenced","opposite",0,1.798046875,1.386708984375,2.18912109375,80
"llama3_8b","first_token","semantic","neutral_nonopposite","neutral","nonopposite",0.2,0.17,-0.2,0.515,25
"llama3_8b","first_token","semantic","neutral_opposite","neutral","opposite",0.2,0.341145833333333,-0.104231770833333,0.791666666666667,24
"llama3_8b","first_token","semantic","valenced_nonopposite","valenced","nonopposite",0.2,2.98852848101266,2.60988924050633,3.35648734177215,79
"llama3_8b","first_token","semantic","valenced_opposite","valenced","opposite",0.2,2.623828125,2.228505859375,3.027763671875,80
"llama3_8b","first_token","semantic","neutral_nonopposite","neutral","nonopposite",0.4,0.22,-0.1750625,0.580062499999999,25
"llama3_8b","first_token","semantic","neutral_opposite","neutral","opposite",0.4,0.364583333333333,-0.0729817708333333,0.817708333333333,24
"llama3_8b","first_token","semantic","valenced_nonopposite","valenced","nonopposite",0.4,3.55023734177215,3.17284414556962,3.9537480221519,79
"llama3_8b","first_token","semantic","valenced_opposite","valenced","opposite",0.4,3.2484375,2.832021484375,3.64921875,80
"llama3_8b","first_token","semantic","neutral_nonopposite","neutral","nonopposite",0.6,0.2525,-0.1550625,0.635062499999999,25
"llama3_8b","first_token","semantic","neutral_opposite","neutral","opposite",0.6,0.390625,-0.046875,0.84375,24
"llama3_8b","first_token","semantic","valenced_nonopposite","valenced","nonopposite",0.6,3.92405063291139,3.53240704113924,4.31767207278481,79
"llama3_8b","first_token","semantic","valenced_opposite","valenced","opposite",0.6,3.6859375,3.27068359375,4.099609375,80
"llama3_8b","first_token","semantic","neutral_nonopposite","neutral","nonopposite",0.8,0.2875,-0.1475625,0.6875,25
"llama3_8b","first_token","semantic","neutral_opposite","neutral","opposite",0.8,0.40625,-0.0494791666666667,0.875,24
"llama3_8b","first_token","semantic","valenced_nonopposite","valenced","nonopposite",0.8,4.16811708860759,3.76895767405063,4.58587816455696,79
"llama3_8b","first_token","semantic","valenced_opposite","valenced","opposite",0.8,3.971484375,3.55154296875,4.392978515625,80
"llama3_8b","first_token","semantic","neutral_nonopposite","neutral","nonopposite",1,0.3025,-0.1625,0.7275,25
"llama3_8b","first_token","semantic","neutral_opposite","neutral","opposite",1,0.408854166666667,-0.0599609375,0.895833333333333,24
"llama3_8b","first_token","semantic","valenced_nonopposite","valenced","nonopposite",1,4.27887658227848,3.87498022151899,4.70214596518987,79
"llama3_8b","first_token","semantic","valenced_opposite","valenced","opposite",1,4.140625,3.72734375,4.5625390625,80
"llama3_8b","first_token","position","neutral_nonopposite","neutral","nonopposite",-1,0.1625,-0.2150625,0.5625,25
"llama3_8b","first_token","position","neutral_opposite","neutral","opposite",-1,-1.0859375,-1.42975260416667,-0.755208333333333,24
"llama3_8b","first_token","position","valenced_nonopposite","valenced","nonopposite",-1,0.0320411392405063,-0.195816851265823,0.261886867088607,79
"llama3_8b","first_token","position","valenced_opposite","valenced","opposite",-1,-0.27890625,-0.53244140625,-0.0249902343750001,80
"llama3_8b","first_token","position","neutral_nonopposite","neutral","nonopposite",-0.8,0.47,0.03,0.92,25
"llama3_8b","first_token","position","neutral_opposite","neutral","opposite",-0.8,-1.23958333333333,-1.62760416666667,-0.822916666666667,24
"llama3_8b","first_token","position","valenced_nonopposite","valenced","nonopposite",-0.8,-0.111550632911392,-0.357614715189873,0.134513449367088,79
"llama3_8b","first_token","position","valenced_opposite","valenced","opposite",-0.8,-0.38125,-0.653125,-0.0866992187500003,80
"llama3_8b","first_token","position","neutral_nonopposite","neutral","nonopposite",-0.6,0.8275,0.3549375,1.2925,25
"llama3_8b","first_token","position","neutral_opposite","neutral","opposite",-0.6,-1.01302083333333,-1.42454427083333,-0.5625,24
"llama3_8b","first_token","position","valenced_nonopposite","valenced","nonopposite",-0.6,0.00949367088607595,-0.246044303797468,0.271360759493671,79
"llama3_8b","first_token","position","valenced_opposite","valenced","opposite",-0.6,-0.23828125,-0.53515625,0.05859375,80
"llama3_8b","first_token","position","neutral_nonopposite","neutral","nonopposite",-0.4,0.8275,0.425,1.2425,25
"llama3_8b","first_token","position","neutral_opposite","neutral","opposite",-0.4,-0.71875,-1.09114583333333,-0.299479166666667,24
"llama3_8b","first_token","position","valenced_nonopposite","valenced","nonopposite",-0.4,0.262658227848101,0.00630933544303798,0.526127373417721,79
"llama3_8b","first_token","position","valenced_opposite","valenced","opposite",-0.4,0.08828125,-0.18203125,0.36798828125,80
"llama3_8b","first_token","position","neutral_nonopposite","neutral","nonopposite",-0.2,1.1075,0.7475,1.475,25
"llama3_8b","first_token","position","neutral_opposite","neutral","opposite",-0.2,-0.247395833333333,-0.588541666666667,0.140690104166666,24
"llama3_8b","first_token","position","valenced_nonopposite","valenced","nonopposite",-0.2,0.690664556962025,0.435087025316456,0.962045094936709,79
"llama3_8b","first_token","position","valenced_opposite","valenced","opposite",-0.2,0.6265625,0.36404296875,0.91796875,80
"llama3_8b","first_token","position","neutral_nonopposite","neutral","nonopposite",0,2.0475,1.665,2.47,25
"llama3_8b","first_token","position","neutral_opposite","neutral","opposite",0,0.520833333333333,0.130208333333333,0.950585937499999,24
"llama3_8b","first_token","position","valenced_nonopposite","valenced","nonopposite",0,1.3623417721519,1.10363924050633,1.65348101265823,79
"llama3_8b","first_token","position","valenced_opposite","valenced","opposite",0,1.343359375,1.05625,1.648828125,80
"llama3_8b","first_token","position","neutral_nonopposite","neutral","nonopposite",0.2,2.375,1.9525,2.825,25
"llama3_8b","first_token","position","neutral_opposite","neutral","opposite",0.2,0.7578125,0.341145833333333,1.1849609375,24
"llama3_8b","first_token","position","valenced_nonopposite","valenced","nonopposite",0.2,1.59928797468354,1.35126582278481,1.87936115506329,79
"llama3_8b","first_token","position","valenced_opposite","valenced","opposite",0.2,1.564453125,1.280068359375,1.858984375,80
"llama3_8b","first_token","position","neutral_nonopposite","neutral","nonopposite",0.4,2.65,2.1975,3.13,25
"llama3_8b","first_token","position","neutral_opposite","neutral","opposite",0.4,0.921875,0.484309895833333,1.37760416666667,24
"llama3_8b","first_token","position","valenced_nonopposite","valenced","nonopposite",0.4,1.79074367088608,1.54542128164557,2.04866495253165,79
"llama3_8b","first_token","position","valenced_opposite","valenced","opposite",0.4,1.73359375,1.482392578125,2.015234375,80
"llama3_8b","first_token","position","neutral_nonopposite","neutral","nonopposite",0.6,2.8275,2.345,3.3225,25
"llama3_8b","first_token","position","neutral_opposite","neutral","opposite",0.6,1.03125,0.559895833333333,1.47916666666667,24
"llama3_8b","first_token","position","valenced_nonopposite","valenced","nonopposite",0.6,1.94224683544304,1.7001582278481,2.20293710443038,79
"llama3_8b","first_token","position","valenced_opposite","valenced","opposite",0.6,1.86875,1.617578125,2.124228515625,80
"llama3_8b","first_token","position","neutral_nonopposite","neutral","nonopposite",0.8,2.9775,2.4875,3.49,25
"llama3_8b","first_token","position","neutral_opposite","neutral","opposite",0.8,1.13020833333333,0.651041666666667,1.58854166666667,24
"llama3_8b","first_token","position","valenced_nonopposite","valenced","nonopposite",0.8,2.07792721518987,1.82989517405063,2.32714596518987,79
"llama3_8b","first_token","position","valenced_opposite","valenced","opposite",0.8,1.981640625,1.727333984375,2.239453125,80
"llama3_8b","first_token","position","neutral_nonopposite","neutral","nonopposite",1,3.0125,2.5049375,3.5325,25
"llama3_8b","first_token","position","neutral_opposite","neutral","opposite",1,1.16927083333333,0.632747395833333,1.6328125,24
"llama3_8b","first_token","position","valenced_nonopposite","valenced","nonopposite",1,2.2306170886076,1.99207871835443,2.47668117088608,79
"llama3_8b","first_token","position","valenced_opposite","valenced","opposite",1,2.09453125,1.844140625,2.35859375,80
"mistral_7b","sequence","semantic","neutral_nonopposite","neutral","nonopposite",-1,0.553749523162842,-0.0985985132455826,1.24673110359907,25
"mistral_7b","sequence","semantic","neutral_opposite","neutral","opposite",-1,0.100759839018186,-0.859343707685669,1.01513977224628,24
"mistral_7b","sequence","semantic","valenced_nonopposite","valenced","nonopposite",-1,-0.436676935851574,-1.37883948475122,0.516474920306353,80
"mistral_7b","sequence","semantic","valenced_opposite","valenced","opposite",-1,-0.285938653349876,-1.16754706025124,0.636880444064736,80
"mistral_7b","sequence","semantic","neutral_nonopposite","neutral","nonopposite",-0.8,0.562030558586121,-0.218298747599125,1.35906694364548,25
"mistral_7b","sequence","semantic","neutral_opposite","neutral","opposite",-0.8,0.153978298107783,-0.838673055668672,1.12728874764095,24
"mistral_7b","sequence","semantic","valenced_nonopposite","valenced","nonopposite",-0.8,-0.74447528347373,-1.71294652914628,0.271974348947405,80
"mistral_7b","sequence","semantic","valenced_opposite","valenced","opposite",-0.8,-0.619247633963823,-1.57882086072117,0.353960949555039,80
"mistral_7b","sequence","semantic","neutral_nonopposite","neutral","nonopposite",-0.6,0.510936632156372,-0.355386831760406,1.36440437096357,25
"mistral_7b","sequence","semantic","neutral_opposite","neutral","opposite",-0.6,0.298993602395058,-0.716180278919637,1.28371185449262,24
"mistral_7b","sequence","semantic","valenced_nonopposite","valenced","nonopposite",-0.6,-0.844268653541803,-1.90432247944176,0.233036158159375,80
"mistral_7b","sequence","semantic","valenced_opposite","valenced","opposite",-0.6,-0.825745440274477,-1.81093522075564,0.151247606873512,80
"mistral_7b","sequence","semantic","neutral_nonopposite","neutral","nonopposite",-0.4,0.277499051094055,-0.589399695754051,1.10221154260635,25
"mistral_7b","sequence","semantic","neutral_opposite","neutral","opposite",-0.4,0.453773826360703,-0.511716155832012,1.40373498226205,24
"mistral_7b","sequence","semantic","valenced_nonopposite","valenced","nonopposite",-0.4,-0.563216773420572,-1.63279062902555,0.468205602187663,80
"mistral_7b","sequence","semantic","valenced_opposite","valenced","opposite",-0.4,-0.693074456602335,-1.68888285996392,0.259586937334388,80
"mistral_7b","sequence","semantic","neutral_nonopposite","neutral","nonopposite",-0.2,-0.0326576256752014,-0.908452090084553,0.851888140678406,25
"mistral_7b","sequence","semantic","neutral_opposite","neutral","opposite",-0.2,0.63801612953345,-0.298235915352901,1.54427941224227,24
"mistral_7b","sequence","semantic","valenced_nonopposite","valenced","nonopposite",-0.2,0.122387288510799,-0.889175016563386,1.12643026513979,80
"mistral_7b","sequence","semantic","valenced_opposite","valenced","opposite",-0.2,-0.122075384110212,-1.0556452691555,0.821282459497451,80
"mistral_7b","sequence","semantic","neutral_nonopposite","neutral","nonopposite",0,-0.124649956226349,-1.01372922766209,0.765971154630184,25
"mistral_7b","sequence","semantic","neutral_opposite","neutral","opposite",0,0.622065248588721,-0.265244461471836,1.48633123394102,24
"mistral_7b","sequence","semantic","valenced_nonopposite","valenced","nonopposite",0,1.36528384461999,0.391632650662214,2.332093042247,80
"mistral_7b","sequence","semantic","valenced_opposite","valenced","opposite",0,0.991754567623138,0.102107113562524,1.88557062570006,80
"mistral_7b","sequence","semantic","neutral_nonopposite","neutral","nonopposite",0.2,-0.0644549989700317,-0.922582383871078,0.78328844577074,25
"mistral_7b","sequence","semantic","neutral_opposite","neutral","opposite",0.2,0.359534680843353,-0.506227267781893,1.13639527590324,24
"mistral_7b","sequence","semantic","valenced_nonopposite","valenced","nonopposite",0.2,3.54237768724561,2.60144384671003,4.51277133336291,80
"mistral_7b","sequence","semantic","valenced_opposite","valenced","opposite",0.2,2.84167354404926,1.94800806827843,3.7880261467956,80
"mistral_7b","sequence","semantic","neutral_nonopposite","neutral","nonopposite",0.4,-0.031408097743988,-0.859399089574814,0.776453250467777,25
"mistral_7b","sequence","semantic","neutral_opposite","neutral","opposite",0.4,0.33495922634999,-0.580417946726084,1.17010941375047,24
"mistral_7b","sequence","semantic","valenced_nonopposite","valenced","nonopposite",0.4,6.22968159094453,5.36993796959519,7.14762518621981,80
"mistral_7b","sequence","semantic","valenced_opposite","valenced","opposite",0.4,5.15681908130646,4.19583666734397,6.12695760162547,80
"mistral_7b","sequence","semantic","neutral_nonopposite","neutral","nonopposite",0.6,0.034060320854187,-0.827843256413937,0.876609675467014,25
"mistral_7b","sequence","semantic","neutral_opposite","neutral","opposite",0.6,0.378254440923532,-0.523313048295677,1.16928805503994,24
"mistral_7b","sequence","semantic","valenced_nonopposite","valenced","nonopposite",0.6,8.54789942875504,7.73065791422501,9.42864835135639,80
"mistral_7b","sequence","semantic","valenced_opposite","valenced","opposite",0.6,7.3426589794457,6.41486193293706,8.32178152283654,80
"mistral_7b","sequence","semantic","neutral_nonopposite","neutral","nonopposite",0.8,0.12515317440033,-0.783944743812084,1.0417700600028,25
"mistral_7b","sequence","semantic","neutral_opposite","neutral","opposite",0.8,0.32958972454071,-0.531934968940914,1.10255986160288,24
"mistral_7b","sequence","semantic","valenced_nonopposite","valenced","nonopposite",0.8,9.91881057471037,9.12711161334068,10.7367902699299,80
"mistral_7b","sequence","semantic","valenced_opposite","valenced","opposite",0.8,8.77246482074261,7.90166641816497,9.64607421841473,80
"mistral_7b","sequence","semantic","neutral_nonopposite","neutral","nonopposite",1,0.305152089595795,-0.788145135045052,1.35894593316317,25
"mistral_7b","sequence","semantic","neutral_opposite","neutral","opposite",1,0.263509454826514,-0.631510465592146,1.12792967775216,24
"mistral_7b","sequence","semantic","valenced_nonopposite","valenced","nonopposite",1,10.2837510161102,9.55832019122318,11.0115043242276,80
"mistral_7b","sequence","semantic","valenced_opposite","valenced","opposite",1,9.13863234370947,8.30499193536118,9.99845271259546,80
"mistral_7b","sequence","position","neutral_nonopposite","neutral","nonopposite",-1,-0.415001015663147,-1.18782882863283,0.347105398535727,25
"mistral_7b","sequence","position","neutral_opposite","neutral","opposite",-1,0.932768121361732,0.299390061448018,1.53078962142269,24
"mistral_7b","sequence","position","valenced_nonopposite","valenced","nonopposite",-1,-2.64034395962954,-3.24298777099699,-2.06770432392135,80
"mistral_7b","sequence","position","valenced_opposite","valenced","opposite",-1,-0.812333531677723,-1.33130458381027,-0.312492343205959,80
"mistral_7b","sequence","position","neutral_nonopposite","neutral","nonopposite",-0.8,0.406405191421509,-0.374223395109177,1.14832404977083,25
"mistral_7b","sequence","position","neutral_opposite","neutral","opposite",-0.8,1.0543550302585,0.411417147144675,1.71874347763757,24
"mistral_7b","sequence","position","valenced_nonopposite","valenced","nonopposite",-0.8,-2.36605471000075,-3.01277404509485,-1.76678106402978,80
"mistral_7b","sequence","position","valenced_opposite","valenced","opposite",-0.8,-0.485440713912249,-0.997545026633888,0.0245125008560717,80
"mistral_7b","sequence","position","neutral_nonopposite","neutral","nonopposite",-0.6,1.51843636035919,0.761841425418854,2.26349232560396,25
"mistral_7b","sequence","position","neutral_opposite","neutral","opposite",-0.6,1.2215142895778,0.5770764802893,1.84880140318225,24
"mistral_7b","sequence","position","valenced_nonopposite","valenced","nonopposite",-0.6,-1.90230226293206,-2.57161831784993,-1.26675722267479,80
"mistral_7b","sequence","position","valenced_opposite","valenced","opposite",-0.6,-0.0445552326738834,-0.560706228800118,0.44057089101523,80
"mistral_7b","sequence","position","neutral_nonopposite","neutral","nonopposite",-0.4,2.82062398910522,2.13180254602432,3.49562486189604,25
"mistral_7b","sequence","position","neutral_opposite","neutral","opposite",-0.4,1.38411698738734,0.781559185187022,1.99023293747256,24
"mistral_7b","sequence","position","valenced_nonopposite","valenced","nonopposite",-0.4,-1.31639452651143,-1.98660648321733,-0.690471722688526,80
"mistral_7b","sequence","position","valenced_opposite","valenced","opposite",-0.4,0.435236345976591,-0.0603374915570021,0.921055221669375,80
"mistral_7b","sequence","position","neutral_nonopposite","neutral","nonopposite",-0.2,4.60578009366989,3.84435882198811,5.34547701817751,25
"mistral_7b","sequence","position","neutral_opposite","neutral","opposite",-0.2,1.7910206814607,1.21289367638528,2.40560132147123,24
"mistral_7b","sequence","position","valenced_nonopposite","valenced","nonopposite",-0.2,-0.64315010458231,-1.28848416468129,-0.033297581858933,80
"mistral_7b","sequence","position","valenced_opposite","valenced","opposite",-0.2,0.899293077737093,0.419597725607455,1.36378466371447,80
"mistral_7b","sequence","position","neutral_nonopposite","neutral","nonopposite",0,6.55120987653732,5.65931089276075,7.42516804909706,25
"mistral_7b","sequence","position","neutral_opposite","neutral","opposite",0,2.87532898535331,2.14127679423739,3.64127415772527,24
"mistral_7b","sequence","position","valenced_nonopposite","valenced","nonopposite",0,0.0395470954477787,-0.565712870843709,0.61831538727507,80
"mistral_7b","sequence","position","valenced_opposite","valenced","opposite",0,1.40302121788263,0.922253915797919,1.86293946523219,80
"mistral_7b","sequence","position","neutral_nonopposite","neutral","nonopposite",0.2,8.08445174217224,7.18816097146273,8.96338409698009,25
"mistral_7b","sequence","position","neutral_opposite","neutral","opposite",0.2,4.48226217428843,3.55399597156793,5.45234243975331,24
"mistral_7b","sequence","position","valenced_nonopposite","valenced","nonopposite",0.2,0.648333636671305,0.056281846743077,1.21586326686665,80
"mistral_7b","sequence","position","valenced_opposite","valenced","opposite",0.2,1.75843652635813,1.28563549285755,2.25677404711023,80
"mistral_7b","sequence","position","neutral_nonopposite","neutral","nonopposite",0.4,8.77015506029129,7.83779948413372,9.6606221858263,25
"mistral_7b","sequence","position","neutral_opposite","neutral","opposite",0.4,5.52604485799869,4.34438096036514,6.74972364436835,24
"mistral_7b","sequence","position","valenced_nonopposite","valenced","nonopposite",0.4,0.943012952059507,0.382370277903974,1.512819533851,80
"mistral_7b","sequence","position","valenced_opposite","valenced","opposite",0.4,1.74884988814592,1.26589997820556,2.26556192159653,80
"mistral_7b","sequence","position","neutral_nonopposite","neutral","nonopposite",0.6,8.88531097412109,7.91561394196749,9.77343787550926,25
"mistral_7b","sequence","position","neutral_opposite","neutral","opposite",0.6,6.04752844323715,4.68488005784651,7.33503953143954,24
"mistral_7b","sequence","position","valenced_nonopposite","valenced","nonopposite",0.6,1.16828308627009,0.559993145018816,1.7861820888333,80
"mistral_7b","sequence","position","valenced_opposite","valenced","opposite",0.6,1.68638905361295,1.17899783110246,2.22069241531193,80
"mistral_7b","sequence","position","neutral_nonopposite","neutral","nonopposite",0.8,8.57921645641327,7.62851081764698,9.45581665581465,25
"mistral_7b","sequence","position","neutral_opposite","neutral","opposite",0.8,6.15576376517614,4.8212800918147,7.45253682813296,24
"mistral_7b","sequence","position","valenced_nonopposite","valenced","nonopposite",0.8,1.49952227026224,0.921429100856185,2.0981537020579,80
"mistral_7b","sequence","position","valenced_opposite","valenced","opposite",0.8,1.68293097913265,1.20074320321903,2.24193838063627,80
"mistral_7b","sequence","position","neutral_nonopposite","neutral","nonopposite",1,8.02515307188034,7.11545526570082,8.86798059666157,25
"mistral_7b","sequence","position","neutral_opposite","neutral","opposite",1,5.95101071645816,4.61934105083346,7.23813554892937,24
"mistral_7b","sequence","position","valenced_nonopposite","valenced","nonopposite",1,1.8480263017118,1.30870367234573,2.41682359829545,80
"mistral_7b","sequence","position","valenced_opposite","valenced","opposite",1,1.88080455362797,1.38810481663793,2.42061910277232,80
"mistral_7b","first_token","semantic","neutral_nonopposite","neutral","nonopposite",-1,0.55515625,-0.11079296875,1.2476875,25
"mistral_7b","first_token","semantic","neutral_opposite","neutral","opposite",-1,0.104156494140625,-0.841841634114583,1.01245727539062,24
"mistral_7b","first_token","semantic","valenced_nonopposite","valenced","nonopposite",-1,-0.461541748046875,-1.41721832275391,0.522523193359374,80
"mistral_7b","first_token","semantic","valenced_opposite","valenced","opposite",-1,-0.386566162109375,-1.29100860595703,0.537263031005859,80
"mistral_7b","first_token","semantic","neutral_nonopposite","neutral","nonopposite",-0.8,0.56171875,-0.22143359375,1.331890625,25
"mistral_7b","first_token","semantic","neutral_opposite","neutral","opposite",-0.8,0.153615315755208,-0.8585693359375,1.10576019287109,24
"mistral_7b","first_token","semantic","valenced_nonopposite","valenced","nonopposite",-0.8,-0.794683837890625,-1.79194931030273,0.231761932373047,80
"mistral_7b","first_token","semantic","valenced_opposite","valenced","opposite",-0.8,-0.7733642578125,-1.72402526855469,0.212861328124999,80
"mistral_7b","first_token","semantic","neutral_nonopposite","neutral","nonopposite",-0.6,0.51140625,-0.344375,1.336421875,25
"mistral_7b","first_token","semantic","neutral_opposite","neutral","opposite",-0.6,0.299723307291667,-0.748966471354167,1.27177530924479,24
"mistral_7b","first_token","semantic","valenced_nonopposite","valenced","nonopposite",-0.6,-0.911746215820312,-1.94194290161133,0.134157791137694,80
"mistral_7b","first_token","semantic","valenced_opposite","valenced","opposite",-0.6,-1.03748359680176,-2.02531514167786,-0.0718683624267583,80
"mistral_7b","first_token","semantic","neutral_nonopposite","neutral","nonopposite",-0.4,0.275625,-0.5919140625,1.08375,25
"mistral_7b","first_token","semantic","neutral_opposite","neutral","opposite",-0.4,0.459554036458333,-0.514296468098958,1.38519897460937,24
"mistral_7b","first_token","semantic","valenced_nonopposite","valenced","nonopposite",-0.4,-0.656689453125,-1.74392028808594,0.378169555664062,80
"mistral_7b","first_token","semantic","valenced_opposite","valenced","opposite",-0.4,-0.970688629150391,-1.97545858383179,0.0202182769775388,80
"mistral_7b","first_token","semantic","neutral_nonopposite","neutral","nonopposite",-0.2,-0.029453125,-0.90063671875,0.84798828125,25
"mistral_7b","first_token","semantic","neutral_opposite","neutral","opposite",-0.2,0.641953468322754,-0.337930655479431,1.56787700653076,24
"mistral_7b","first_token","semantic","valenced_nonopposite","valenced","nonopposite",-0.2,-0.001678466796875,-1.00679779052734,1.04666305541992,80
"mistral_7b","first_token","semantic","valenced_opposite","valenced","opposite",-0.2,-0.459881591796875,-1.42046081542969,0.494371109008789,80
"mistral_7b","first_token","semantic","neutral_nonopposite","neutral","nonopposite",0,-0.12353515625,-1.04878369140625,0.79288134765625,25
"mistral_7b","first_token","semantic","neutral_opposite","neutral","opposite",0,0.640380859375,-0.243509928385417,1.49610188802083,24
"mistral_7b","first_token","semantic","valenced_nonopposite","valenced","nonopposite",0,1.21072959899902,0.266682596206665,2.19646148681641,80
"mistral_7b","first_token","semantic","valenced_opposite","valenced","opposite",0,0.664605712890625,-0.270043334960938,1.59436462402344,80
"mistral_7b","first_token","semantic","neutral_nonopposite","neutral","nonopposite",0.2,-0.06625,-0.89348046875,0.82079296875,25
"mistral_7b","first_token","semantic","neutral_opposite","neutral","opposite",0.2,0.355305989583333,-0.585628255208333,1.17091064453125,24
"mistral_7b","first_token","semantic","valenced_nonopposite","valenced","nonopposite",0.2,3.40396881103516,2.42863063812256,4.39907657623291,80
"mistral_7b","first_token","semantic","valenced_opposite","valenced","opposite",0.2,2.58559875488281,1.62866508483887,3.56907211303711,80
"mistral_7b","first_token","semantic","neutral_nonopposite","neutral","nonopposite",0.4,-0.0290625,-0.861984375,0.836828124999999,25
"mistral_7b","first_token","semantic","neutral_opposite","neutral","opposite",0.4,0.345377604166667,-0.603238932291667,1.167333984375,24
"mistral_7b","first_token","semantic","valenced_nonopposite","valenced","nonopposite",0.4,6.10870971679688,5.21080688476563,7.03202301025391,80
"mistral_7b","first_token","semantic","valenced_opposite","valenced","opposite",0.4,4.97882995605469,3.97792129516602,5.94744026184082,80
"mistral_7b","first_token","semantic","neutral_nonopposite","neutral","nonopposite",0.6,0.03140625,-0.8288671875,0.914101562499999,25
"mistral_7b","first_token","semantic","neutral_opposite","neutral","opposite",0.6,0.36376953125,-0.5309326171875,1.13561197916667,24
"mistral_7b","first_token","semantic","valenced_nonopposite","valenced","nonopposite",0.6,8.44604797363281,7.60260635375977,9.31514358520508,80
"mistral_7b","first_token","semantic","valenced_opposite","valenced","opposite",0.6,7.21453857421875,6.27559692382812,8.17480987548828,80
"mistral_7b","first_token","semantic","neutral_nonopposite","neutral","nonopposite",0.8,0.126171875,-0.813357421875,1.060630859375,25
"mistral_7b","first_token","semantic","neutral_opposite","neutral","opposite",0.8,0.324869791666667,-0.5459228515625,1.117578125,24
"mistral_7b","first_token","semantic","valenced_nonopposite","valenced","nonopposite",0.8,9.80648803710938,9.01443054199219,10.59197265625,80
"mistral_7b","first_token","semantic","valenced_opposite","valenced","opposite",0.8,8.62921295166016,7.70762912750244,9.51216796875,80
"mistral_7b","first_token","semantic","neutral_nonopposite","neutral","nonopposite",1,0.3087109375,-0.7947958984375,1.3481630859375,25
"mistral_7b","first_token","semantic","neutral_opposite","neutral","opposite",1,0.270182291666667,-0.616569010416667,1.0973388671875,24
"mistral_7b","first_token","semantic","valenced_nonopposite","valenced","nonopposite",1,10.2018417358398,9.476188621521,10.956572303772,80
"mistral_7b","first_token","semantic","valenced_opposite","valenced","opposite",1,9.00411987304688,8.1523518371582,9.84089492797852,80
"mistral_7b","first_token","position","neutral_nonopposite","neutral","nonopposite",-1,-0.41328125,-1.1953671875,0.35923046875,25
"mistral_7b","first_token","position","neutral_opposite","neutral","opposite",-1,0.929026285807292,0.299462890625,1.54273045857747,24
"mistral_7b","first_token","position","valenced_nonopposite","valenced","nonopposite",-1,-2.67247924804688,-3.2829167175293,-2.09923629760742,80
"mistral_7b","first_token","position","valenced_opposite","valenced","opposite",-1,-0.911468505859375,-1.41924942016602,-0.422696533203125,80
"mistral_7b","first_token","position","neutral_nonopposite","neutral","nonopposite",-0.8,0.40546875,-0.359390625,1.18625,25
"mistral_7b","first_token","position","neutral_opposite","neutral","opposite",-0.8,1.05644734700521,0.416744995117187,1.71123402913411,24
"mistral_7b","first_token","position","valenced_nonopposite","valenced","nonopposite",-0.8,-2.40498657226563,-3.07118865966797,-1.80158569335938,80
"mistral_7b","first_token","position","valenced_opposite","valenced","opposite",-0.8,-0.6135498046875,-1.11545959472656,-0.123910522460938,80
"mistral_7b","first_token","position","neutral_nonopposite","neutral","nonopposite",-0.6,1.51828125,0.74466796875,2.2581640625,25
"mistral_7b","first_token","position","neutral_opposite","neutral","opposite",-0.6,1.21101888020833,0.574704996744792,1.88057454427083,24
"mistral_7b","first_token","position","valenced_nonopposite","valenced","nonopposite",-0.6,-1.95749816894531,-2.62120361328125,-1.2879670715332,80
"mistral_7b","first_token","position","valenced_opposite","valenced","opposite",-0.6,-0.190324020385742,-0.686943082809448,0.300440444946289,80
"mistral_7b","first_token","position","neutral_nonopposite","neutral","nonopposite",-0.4,2.825625,2.1561796875,3.4975078125,25
"mistral_7b","first_token","position","neutral_opposite","neutral","opposite",-0.4,1.377685546875,0.768369547526042,1.99409383138021,24
"mistral_7b","first_token","position","valenced_nonopposite","valenced","nonopposite",-0.4,-1.386181640625,-2.04598541259766,-0.766574401855469,80
"mistral_7b","first_token","position","valenced_opposite","valenced","opposite",-0.4,0.250730133056641,-0.226295146942139,0.732734909057617,80
"mistral_7b","first_token","position","neutral_nonopposite","neutral","nonopposite",-0.2,4.609296875,3.858328125,5.36290234375,25
"mistral_7b","first_token","position","neutral_opposite","neutral","opposite",-0.2,1.79625034332275,1.21604614257813,2.42115879058838,24
"mistral_7b","first_token","position","valenced_nonopposite","valenced","nonopposite",-0.2,-0.734979248046875,-1.3968244934082,-0.131221160888673,80
"mistral_7b","first_token","position","valenced_opposite","valenced","opposite",-0.2,0.67679443359375,0.215878677368164,1.11649543762207,80
"mistral_7b","first_token","position","neutral_nonopposite","neutral","nonopposite",0,6.55884765625,5.67696728515625,7.44034375,25
"mistral_7b","first_token","position","neutral_opposite","neutral","opposite",0,2.885498046875,2.14825236002604,3.665087890625,24
"mistral_7b","first_token","position","valenced_nonopposite","valenced","nonopposite",0,-0.0906375885009766,-0.720157699584961,0.50297119140625,80
"mistral_7b","first_token","position","valenced_opposite","valenced","opposite",0,1.17395629882812,0.724594421386719,1.62263458251953,80
"mistral_7b","first_token","position","neutral_nonopposite","neutral","nonopposite",0.2,8.0865625,7.18309765625,8.98830078125,25
"mistral_7b","first_token","position","neutral_opposite","neutral","opposite",0.2,4.48681640625,3.49934895833333,5.4482421875,24
"mistral_7b","first_token","position","valenced_nonopposite","valenced","nonopposite",0.2,0.538832092285156,-0.0654846572875976,1.13130405426025,80
"mistral_7b","first_token","position","valenced_opposite","valenced","opposite",0.2,1.56709289550781,1.10950820922852,2.01985305786133,80
"mistral_7b","first_token","position","neutral_nonopposite","neutral","nonopposite",0.4,8.77515625,7.841064453125,9.6889375,25
"mistral_7b","first_token","position","neutral_opposite","neutral","opposite",0.4,5.52115885416667,4.306298828125,6.71520182291667,24
"mistral_7b","first_token","position","valenced_nonopposite","valenced","nonopposite",0.4,0.825823974609375,0.245011138916016,1.39484161376953,80
"mistral_7b","first_token","position","valenced_opposite","valenced","opposite",0.4,1.61144714355469,1.12930908203125,2.12626945495605,80
"mistral_7b","first_token","position","neutral_nonopposite","neutral","nonopposite",0.6,8.88828125,7.95066796875,9.80020703125,25
"mistral_7b","first_token","position","neutral_opposite","neutral","opposite",0.6,6.05387369791667,4.69071044921875,7.36883138020833,24
"mistral_7b","first_token","position","valenced_nonopposite","valenced","nonopposite",0.6,1.05782165527344,0.483276672363281,1.6553636932373,80
"mistral_7b","first_token","position","valenced_opposite","valenced","opposite",0.6,1.56585693359375,1.07659729003906,2.10239440917969,80
"mistral_7b","first_token","position","neutral_nonopposite","neutral","nonopposite",0.8,8.582265625,7.629796875,9.4875390625,25
"mistral_7b","first_token","position","neutral_opposite","neutral","opposite",0.8,6.14908854166667,4.803662109375,7.4414794921875,24
"mistral_7b","first_token","position","valenced_nonopposite","valenced","nonopposite",0.8,1.40565795898437,0.846017303466797,1.97695343017578,80
"mistral_7b","first_token","position","valenced_opposite","valenced","opposite",0.8,1.58436126708984,1.09370452880859,2.11818668365479,80
"mistral_7b","first_token","position","neutral_nonopposite","neutral","nonopposite",1,8.0256640625,7.1424306640625,8.8923935546875,25
"mistral_7b","first_token","position","neutral_opposite","neutral","opposite",1,5.95833333333333,4.64281412760417,7.2237060546875,24
"mistral_7b","first_token","position","valenced_nonopposite","valenced","nonopposite",1,1.78514251708984,1.25621952056885,2.35072834014892,80
"mistral_7b","first_token","position","valenced_opposite","valenced","opposite",1,1.80676879882812,1.32091033935547,2.34322601318359,80
"gemma2_9b","sequence","semantic","neutral_nonopposite","neutral","nonopposite",-1,0.16312597990036,-0.405301039874554,0.689301635742187,25
"gemma2_9b","sequence","semantic","neutral_opposite","neutral","opposite",-1,-0.37076523154974,-1.04328712938974,0.343272957516213,24
"gemma2_9b","sequence","semantic","valenced_nonopposite","valenced","nonopposite",-1,-2.98297738954425,-3.6923990001902,-2.33496013009921,80
"gemma2_9b","sequence","semantic","valenced_opposite","valenced","opposite",-1,-2.70281263366342,-3.24011003179476,-2.17068181170151,80
"gemma2_9b","sequence","semantic","neutral_nonopposite","neutral","nonopposite",-0.8,0.162012577056885,-0.369742611408234,0.669683959960937,25
"gemma2_9b","sequence","semantic","neutral_opposite","neutral","opposite",-0.8,-0.256767419477304,-0.922425574809313,0.429332917990783,24
"gemma2_9b","sequence","semantic","valenced_nonopposite","valenced","nonopposite",-0.8,-2.62747662365437,-3.35059384856373,-1.90004140567035,80
"gemma2_9b","sequence","semantic","valenced_opposite","valenced","opposite",-0.8,-2.365729996562,-2.9429602541402,-1.78624175865203,80
"gemma2_9b","sequence","semantic","neutral_nonopposite","neutral","nonopposite",-0.6,0.208374929428101,-0.292550549983978,0.70502099609375,25
"gemma2_9b","sequence","semantic","neutral_opposite","neutral","opposite",-0.6,-0.162479917208354,-0.846399756272634,0.488377518827716,24
"gemma2_9b","sequence","semantic","valenced_nonopposite","valenced","nonopposite",-0.6,-2.27852342128754,-3.04363280002028,-1.5146421614103,80
"gemma2_9b","sequence","semantic","valenced_opposite","valenced","opposite",-0.6,-2.02927040755749,-2.62122160201892,-1.41318335119635,80
"gemma2_9b","sequence","semantic","neutral_nonopposite","neutral","nonopposite",-0.4,0.233333404064178,-0.243748702406883,0.706718466937541,25
"gemma2_9b","sequence","semantic","neutral_opposite","neutral","opposite",-0.4,-0.115536866088708,-0.748724476993084,0.537989492466052,24
"gemma2_9b","sequence","semantic","valenced_nonopposite","valenced","nonopposite",-0.4,-1.8423216290772,-2.60460503708571,-1.06428571682423,80
"gemma2_9b","sequence","semantic","valenced_opposite","valenced","opposite",-0.4,-1.60605184137821,-2.26084742153063,-0.992983780037613,80
"gemma2_9b","sequence","semantic","neutral_nonopposite","neutral","nonopposite",-0.2,0.246524472236633,-0.209429411053658,0.699288381814957,25
"gemma2_9b","sequence","semantic","neutral_opposite","neutral","opposite",-0.2,-0.0715304190913836,-0.680606922196845,0.551005134979884,24
"gemma2_9b","sequence","semantic","valenced_nonopposite","valenced","nonopposite",-0.2,-1.00706380084157,-1.74947008563206,-0.263361658975482,80
"gemma2_9b","sequence","semantic","valenced_opposite","valenced","opposite",-0.2,-0.761911624670029,-1.38657628791407,-0.100301167163998,80
"gemma2_9b","sequence","semantic","neutral_nonopposite","neutral","nonopposite",0,0.272496335506439,-0.194128115177155,0.744979764401912,25
"gemma2_9b","sequence","semantic","neutral_opposite","neutral","opposite",0,0.0171400159597397,-0.500079830984275,0.552408632015188,24
"gemma2_9b","sequence","semantic","valenced_nonopposite","valenced","nonopposite",0,0.435758420825005,-0.271429180875421,1.12067252609879,80
"gemma2_9b","sequence","semantic","valenced_opposite","valenced","opposite",0,0.714288035035133,0.0864919656887651,1.32485268797725,80
"gemma2_9b","sequence","semantic","neutral_nonopposite","neutral","nonopposite",0.2,0.309913420677185,-0.176650968194008,0.791745024681091,25
"gemma2_9b","sequence","semantic","neutral_opposite","neutral","opposite",0.2,0.163099028170109,-0.337912107383211,0.665809414101144,24
"gemma2_9b","sequence","semantic","valenced_nonopposite","valenced","nonopposite",0.2,2.38395447582006,1.76409358758479,3.0266645527631,80
"gemma2_9b","sequence","semantic","valenced_opposite","valenced","opposite",0.2,2.74095111712813,2.1247338841483,3.36059119479731,80
"gemma2_9b","sequence","semantic","neutral_nonopposite","neutral","nonopposite",0.4,0.345386009216309,-0.168152923583984,0.838136635780335,25
"gemma2_9b","sequence","semantic","neutral_opposite","neutral","opposite",0.4,0.208214240769545,-0.358686551017066,0.754242921372254,24
"gemma2_9b","sequence","semantic","valenced_nonopposite","valenced","nonopposite",0.4,3.77376484498382,3.13480715522543,4.39627880774438,80
"gemma2_9b","sequence","semantic","valenced_opposite","valenced","opposite",0.4,4.25279757082462,3.63192956410348,4.841039485652,80
"gemma2_9b","sequence","semantic","neutral_nonopposite","neutral","nonopposite",0.6,0.358940930366516,-0.195792755365372,0.885464972615242,25
"gemma2_9b","sequence","semantic","neutral_opposite","neutral","opposite",0.6,0.202198105553786,-0.419178419994811,0.824306044541299,24
"gemma2_9b","sequence","semantic","valenced_nonopposite","valenced","nonopposite",0.6,4.3629983432591,3.75148022651672,5.00895621664822,80
"gemma2_9b","sequence","semantic","valenced_opposite","valenced","opposite",0.6,4.95022041425109,4.3508590913564,5.580273382999,80
"gemma2_9b","sequence","semantic","neutral_nonopposite","neutral","nonopposite",0.8,0.400465888977051,-0.158042663574219,0.974600845336914,25
"gemma2_9b","sequence","semantic","neutral_opposite","neutral","opposite",0.8,0.239880532026291,-0.47314393936346,0.909390969512363,24
"gemma2_9b","sequence","semantic","valenced_nonopposite","valenced","nonopposite",0.8,4.42440275847912,3.79460133964196,5.09444252170622,80
"gemma2_9b","sequence","semantic","valenced_opposite","valenced","opposite",0.8,5.10154273435473,4.49642061037943,5.7092629926838,80
"gemma2_9b","sequence","semantic","neutral_nonopposite","neutral","nonopposite",1,0.407148277759552,-0.20949286288023,1.00696778649092,25
"gemma2_9b","sequence","semantic","neutral_opposite","neutral","opposite",1,0.298110112547874,-0.479644766636193,1.05442513165375,24
"gemma2_9b","sequence","semantic","valenced_nonopposite","valenced","nonopposite",1,4.17840032503009,3.54584123050794,4.86581087350845,80
"gemma2_9b","sequence","semantic","valenced_opposite","valenced","opposite",1,4.87865928858519,4.2754968011193,5.49440223356709,80
"gemma2_9b","sequence","position","neutral_nonopposite","neutral","nonopposite",-1,1.20319341421127,0.755860473632813,1.65482720327377,25
"gemma2_9b","sequence","position","neutral_opposite","neutral","opposite",-1,0.37890479216973,-0.124614715514084,0.929942138741414,24
"gemma2_9b","sequence","position","valenced_nonopposite","valenced","nonopposite",-1,-0.00805782601237296,-0.306454745419323,0.289633129425346,80
"gemma2_9b","sequence","position","valenced_opposite","valenced","opposite",-1,-0.0138879455626011,-0.260315979141742,0.223306985478848,80
"gemma2_9b","sequence","position","neutral_nonopposite","neutral","nonopposite",-0.8,1.55707032680511,1.099138428092,2.0345252828598,25
"gemma2_9b","sequence","position","neutral_opposite","neutral","opposite",-0.8,0.867955821255843,0.307876448333263,1.46319511899104,24
"gemma2_9b","sequence","position","valenced_nonopposite","valenced","nonopposite",-0.8,0.224822628498077,-0.0672547030076384,0.507132136020809,80
"gemma2_9b","sequence","position","valenced_opposite","valenced","opposite",-0.8,0.276336281001568,0.0438412291184068,0.510538174398243,80
"gemma2_9b","sequence","position","neutral_nonopposite","neutral","nonopposite",-0.6,2.00992667675018,1.56246153974533,2.49741674602032,25
"gemma2_9b","sequence","position","neutral_opposite","neutral","opposite",-0.6,1.24040373663108,0.670264352113008,1.84926649748037,24
"gemma2_9b","sequence","position","valenced_nonopposite","valenced","nonopposite",-0.6,0.466612908244133,0.173257381692529,0.752790525332093,80
"gemma2_9b","sequence","position","valenced_opposite","valenced","opposite",-0.6,0.584988981485367,0.339497452154756,0.832821152359247,80
"gemma2_9b","sequence","position","neutral_nonopposite","neutral","nonopposite",-0.4,2.6089573931694,2.14902220708132,3.07768316334486,25
"gemma2_9b","sequence","position","neutral_opposite","neutral","opposite",-0.4,1.53389415889978,0.950953445397317,2.18466598422577,24
"gemma2_9b","sequence","position","valenced_nonopposite","valenced","nonopposite",-0.4,0.814779864996672,0.501291383150965,1.12008578820154,80
"gemma2_9b","sequence","position","valenced_opposite","valenced","opposite",-0.4,0.965532533824444,0.677591425608844,1.28566651923582,80
"gemma2_9b","sequence","position","neutral_nonopposite","neutral","nonopposite",-0.2,3.43696291923523,2.99702944755554,3.85410369420052,25
"gemma2_9b","sequence","position","neutral_opposite","neutral","opposite",-0.2,1.9612122302254,1.35068809241056,2.61212233155966,24
"gemma2_9b","sequence","position","valenced_nonopposite","valenced","nonopposite",-0.2,1.35501239821315,1.01954260021448,1.69419281974435,80
"gemma2_9b","sequence","position","valenced_opposite","valenced","opposite",-0.2,1.48585830330849,1.1391525266692,1.84658107362688,80
"gemma2_9b","sequence","position","neutral_nonopposite","neutral","nonopposite",0,4.2122412610054,3.81277434080839,4.58337200927734,25
"gemma2_9b","sequence","position","neutral_opposite","neutral","opposite",0,2.63453650474548,2.04355680793524,3.263064821437,24
"gemma2_9b","sequence","position","valenced_nonopposite","valenced","nonopposite",0,1.9962295204401,1.64712374035269,2.36410589531064,80
"gemma2_9b","sequence","position","valenced_opposite","valenced","opposite",0,2.12293999344111,1.75362872041762,2.5380585000664,80
"gemma2_9b","sequence","position","neutral_nonopposite","neutral","nonopposite",0.2,4.82790056705475,4.50830383300781,5.14123479115963,25
"gemma2_9b","sequence","position","neutral_opposite","neutral","opposite",0.2,3.32545095930497,2.76415723661582,3.88805243720611,24
"gemma2_9b","sequence","position","valenced_nonopposite","valenced","nonopposite",0.2,2.5039725407958,2.20786521006376,2.81326776823029,80
"gemma2_9b","sequence","position","valenced_opposite","valenced","opposite",0.2,2.51023123785853,2.17749339459464,2.88700404318049,80
"gemma2_9b","sequence","position","neutral_nonopposite","neutral","nonopposite",0.4,5.12112216949463,4.83170425415039,5.38486119174957,25
"gemma2_9b","sequence","position","neutral_opposite","neutral","opposite",0.4,3.78549470752478,3.2793698552375,4.32397613637149,24
"gemma2_9b","sequence","position","valenced_nonopposite","valenced","nonopposite",0.4,2.68186222687364,2.45933314535767,2.90814119333401,80
"gemma2_9b","sequence","position","valenced_opposite","valenced","opposite",0.4,2.51733047962189,2.26032462174073,2.80071614691988,80
"gemma2_9b","sequence","position","neutral_nonopposite","neutral","nonopposite",0.6,5.23749953746796,4.98305160522461,5.47955597603321,25
"gemma2_9b","sequence","position","neutral_opposite","neutral","opposite",0.6,4.06918153911829,3.57360494285822,4.55754685991754,24
"gemma2_9b","sequence","position","valenced_nonopposite","valenced","nonopposite",0.6,2.84959615394473,2.64710407072678,3.05781374705955,80
"gemma2_9b","sequence","position","valenced_opposite","valenced","opposite",0.6,2.59963865801692,2.37999529255554,2.82593385513872,80
"gemma2_9b","sequence","position","neutral_nonopposite","neutral","nonopposite",0.8,5.24728136062622,4.99357137060165,5.48845523834228,25
"gemma2_9b","sequence","position","neutral_opposite","neutral","opposite",0.8,4.18653966486454,3.70382291674614,4.64942865576595,24
"gemma2_9b","sequence","position","valenced_nonopposite","valenced","nonopposite",0.8,3.03716245442629,2.83151640633121,3.23997328158468,80
"gemma2_9b","sequence","position","valenced_opposite","valenced","opposite",0.8,2.72565129026771,2.5247090225108,2.93618018183857,80
"gemma2_9b","sequence","position","neutral_nonopposite","neutral","nonopposite",1,5.1392616724968,4.89917941778898,5.37172743666172,25
"gemma2_9b","sequence","position","neutral_opposite","neutral","opposite",1,4.21503570179145,3.78849940138559,4.62550524560114,24
"gemma2_9b","sequence","position","valenced_nonopposite","valenced","nonopposite",1,3.19136220887303,2.97006735270843,3.40527454486117,80
"gemma2_9b","sequence","position","valenced_opposite","valenced","opposite",1,2.83420140445232,2.64001290641725,3.03481647580862,80
"gemma2_9b","first_token","semantic","neutral_nonopposite","neutral","nonopposite",-1,0.1625,-0.4025625,0.690062499999999,25
"gemma2_9b","first_token","semantic","neutral_opposite","neutral","opposite",-1,-0.37109375,-1.05348307291667,0.350260416666667,24
"gemma2_9b","first_token","semantic","valenced_nonopposite","valenced","nonopposite",-1,-2.974609375,-3.652021484375,-2.300380859375,80
"gemma2_9b","first_token","semantic","valenced_opposite","valenced","opposite",-1,-2.69921875,-3.25744140625,-2.15,80
"gemma2_9b","first_token","semantic","neutral_nonopposite","neutral","nonopposite",-0.8,0.1625,-0.3625,0.695062499999999,25
"gemma2_9b","first_token","semantic","neutral_opposite","neutral","opposite",-0.8,-0.256510416666667,-0.914095052083333,0.38671875,24
"gemma2_9b","first_token","semantic","valenced_nonopposite","valenced","nonopposite",-0.8,-2.612109375,-3.332431640625,-1.898818359375,80
"gemma2_9b","first_token","semantic","valenced_opposite","valenced","opposite",-0.8,-2.360546875,-2.95158203125,-1.790947265625,80
"gemma2_9b","first_token","semantic","neutral_nonopposite","neutral","nonopposite",-0.6,0.20875,-0.30503125,0.705,25
"gemma2_9b","first_token","semantic","neutral_opposite","neutral","opposite",-0.6,-0.161458333333333,-0.846354166666667,0.506542968749999,24
"gemma2_9b","first_token","semantic","valenced_nonopposite","valenced","nonopposite",-0.6,-2.2578125,-3.023447265625,-1.51478515625,80
"gemma2_9b","first_token","semantic","valenced_opposite","valenced","opposite",-0.6,-2.01796875,-2.63478515625,-1.40896484375,80
"gemma2_9b","first_token","semantic","neutral_nonopposite","neutral","nonopposite",-0.4,0.23375,-0.24628125,0.7025,25
"gemma2_9b","first_token","semantic","neutral_opposite","neutral","opposite",-0.4,-0.114583333333333,-0.75390625,0.533854166666667,24
"gemma2_9b","first_token","semantic","valenced_nonopposite","valenced","nonopposite",-0.4,-1.815625,-2.587109375,-1.035869140625,80
"gemma2_9b","first_token","semantic","valenced_opposite","valenced","opposite",-0.4,-1.59375,-2.22111328125,-0.95896484375,80
"gemma2_9b","first_token","semantic","neutral_nonopposite","neutral","nonopposite",-0.2,0.2475,-0.21878125,0.71003125,25
"gemma2_9b","first_token","semantic","neutral_opposite","neutral","opposite",-0.2,-0.0729166666666667,-0.665397135416667,0.545605468749999,24
"gemma2_9b","first_token","semantic","valenced_nonopposite","valenced","nonopposite",-0.2,-0.971875,-1.72306640625,-0.199599609375,80
"gemma2_9b","first_token","semantic","valenced_opposite","valenced","opposite",-0.2,-0.74609375,-1.40314453125,-0.10310546875,80
"gemma2_9b","first_token","semantic","neutral_nonopposite","neutral","nonopposite",0,0.27125,-0.19753125,0.74628125,25
"gemma2_9b","first_token","semantic","neutral_opposite","neutral","opposite",0,0.0169270833333333,-0.513020833333333,0.553417968749999,24
"gemma2_9b","first_token","semantic","valenced_nonopposite","valenced","nonopposite",0,0.48046875,-0.2082421875,1.185556640625,80
"gemma2_9b","first_token","semantic","valenced_opposite","valenced","opposite",0,0.731640625,0.100771484375,1.3644921875,80
"gemma2_9b","first_token","semantic","neutral_nonopposite","neutral","nonopposite",0.2,0.31,-0.2,0.80003125,25
"gemma2_9b","first_token","semantic","neutral_opposite","neutral","opposite",0.2,0.162760416666667,-0.335970052083333,0.658854166666667,24
"gemma2_9b","first_token","semantic","valenced_nonopposite","valenced","nonopposite",0.2,2.421875,1.783515625,3.043408203125,80
"gemma2_9b","first_token","semantic","valenced_opposite","valenced","opposite",0.2,2.7462890625,2.1265625,3.3568603515625,80
"gemma2_9b","first_token","semantic","neutral_nonopposite","neutral","nonopposite",0.4,0.345,-0.17125,0.852562499999999,25
"gemma2_9b","first_token","semantic","neutral_opposite","neutral","opposite",0.4,0.209635416666667,-0.36201171875,0.742220052083333,24
"gemma2_9b","first_token","semantic","valenced_nonopposite","valenced","nonopposite",0.4,3.7875,3.171064453125,4.421123046875,80
"gemma2_9b","first_token","semantic","valenced_opposite","valenced","opposite",0.4,4.2478515625,3.6421630859375,4.853388671875,80
"gemma2_9b","first_token","semantic","neutral_nonopposite","neutral","nonopposite",0.6,0.36,-0.15878125,0.88125,25
"gemma2_9b","first_token","semantic","neutral_opposite","neutral","opposite",0.6,0.201822916666667,-0.418001302083333,0.813867187499999,24
"gemma2_9b","first_token","semantic","valenced_nonopposite","valenced","nonopposite",0.6,4.362890625,3.7464794921875,5.0058740234375,80
"gemma2_9b","first_token","semantic","valenced_opposite","valenced","opposite",0.6,4.950390625,4.341767578125,5.5797265625,80
"gemma2_9b","first_token","semantic","neutral_nonopposite","neutral","nonopposite",0.8,0.4,-0.1775,0.9825,25
"gemma2_9b","first_token","semantic","neutral_opposite","neutral","opposite",0.8,0.240885416666667,-0.48701171875,0.914095052083333,24
"gemma2_9b","first_token","semantic","valenced_nonopposite","valenced","nonopposite",0.8,4.4224609375,3.787080078125,5.0817041015625,80
"gemma2_9b","first_token","semantic","valenced_opposite","valenced","opposite",0.8,5.1001953125,4.4851171875,5.7136962890625,80
"gemma2_9b","first_token","semantic","neutral_nonopposite","neutral","nonopposite",1,0.4075,-0.1963125,1.0175,25
"gemma2_9b","first_token","semantic","neutral_opposite","neutral","opposite",1,0.299479166666667,-0.45185546875,1.045703125,24
"gemma2_9b","first_token","semantic","valenced_nonopposite","valenced","nonopposite",1,4.177734375,3.5481201171875,4.8580322265625,80
"gemma2_9b","first_token","semantic","valenced_opposite","valenced","opposite",1,4.8716796875,4.2889990234375,5.50666015625,80
"gemma2_9b","first_token","position","neutral_nonopposite","neutral","nonopposite",-1,1.2025,0.75,1.6475625,25
"gemma2_9b","first_token","position","neutral_opposite","neutral","opposite",-1,0.37890625,-0.14326171875,0.919270833333333,24
"gemma2_9b","first_token","position","valenced_nonopposite","valenced","nonopposite",-1,-0.012890625,-0.324658203125,0.281650390625,80
"gemma2_9b","first_token","position","valenced_opposite","valenced","opposite",-1,-0.0109375,-0.257041015625,0.222265625,80
"gemma2_9b","first_token","position","neutral_nonopposite","neutral","nonopposite",-0.8,1.5575,1.1099375,2.02,25
"gemma2_9b","first_token","position","neutral_opposite","neutral","opposite",-0.8,0.868489583333333,0.319010416666667,1.44791666666667,24
"gemma2_9b","first_token","position","valenced_nonopposite","valenced","nonopposite",-0.8,0.219921875,-0.07775390625,0.503515625,80
"gemma2_9b","first_token","position","valenced_opposite","valenced","opposite",-0.8,0.279296875,0.043349609375,0.505859375,80
"gemma2_9b","first_token","position","neutral_nonopposite","neutral","nonopposite",-0.6,2.00875,1.55746875,2.49128125,25
"gemma2_9b","first_token","position","neutral_opposite","neutral","opposite",-0.6,1.23958333333333,0.6705078125,1.84895833333333,24
"gemma2_9b","first_token","position","valenced_nonopposite","valenced","nonopposite",-0.6,0.4546875,0.160546875,0.728154296875,80
"gemma2_9b","first_token","position","valenced_opposite","valenced","opposite",-0.6,0.5765625,0.326953125,0.825791015625,80
"gemma2_9b","first_token","position","neutral_nonopposite","neutral","nonopposite",-0.4,2.60875,2.1575,3.05753125,25
"gemma2_9b","first_token","position","neutral_opposite","neutral","opposite",-0.4,1.53385416666667,0.936197916666667,2.1640625,24
"gemma2_9b","first_token","position","valenced_nonopposite","valenced","nonopposite",-0.4,0.8046875,0.49921875,1.103935546875,80
"gemma2_9b","first_token","position","valenced_opposite","valenced","opposite",-0.4,0.95390625,0.663671875,1.26056640625,80
"gemma2_9b","first_token","position","neutral_nonopposite","neutral","nonopposite",-0.2,3.4375,3.00121875,3.87003125,25
"gemma2_9b","first_token","position","neutral_opposite","neutral","opposite",-0.2,1.9609375,1.34892578125,2.58072916666667,24
"gemma2_9b","first_token","position","valenced_nonopposite","valenced","nonopposite",-0.2,1.33203125,1.00228515625,1.67150390625,80
"gemma2_9b","first_token","position","valenced_opposite","valenced","opposite",-0.2,1.47578125,1.132021484375,1.8523828125,80
"gemma2_9b","first_token","position","neutral_nonopposite","neutral","nonopposite",0,4.21375,3.81621875,4.59378125,25
"gemma2_9b","first_token","position","neutral_opposite","neutral","opposite",0,2.63411458333333,2.0234375,3.26044921875,24
"gemma2_9b","first_token","position","valenced_nonopposite","valenced","nonopposite",0,1.978125,1.633564453125,2.33125,80
"gemma2_9b","first_token","position","valenced_opposite","valenced","opposite",0,2.112109375,1.7448828125,2.511328125,80
"gemma2_9b","first_token","position","neutral_nonopposite","neutral","nonopposite",0.2,4.8275,4.50625,5.15125,25
"gemma2_9b","first_token","position","neutral_opposite","neutral","opposite",0.2,3.32421875,2.74345703125,3.90237630208333,24
"gemma2_9b","first_token","position","valenced_nonopposite","valenced","nonopposite",0.2,2.4875,2.20388671875,2.795361328125,80
"gemma2_9b","first_token","position","valenced_opposite","valenced","opposite",0.2,2.4994140625,2.172822265625,2.8605517578125,80
"gemma2_9b","first_token","position","neutral_nonopposite","neutral","nonopposite",0.4,5.1225,4.84875,5.3825,25
"gemma2_9b","first_token","position","neutral_opposite","neutral","opposite",0.4,3.78515625,3.26692708333333,4.32819010416667,24
"gemma2_9b","first_token","position","valenced_nonopposite","valenced","nonopposite",0.4,2.67421875,2.447255859375,2.9015625,80
"gemma2_9b","first_token","position","valenced_opposite","valenced","opposite",0.4,2.5142578125,2.2578125,2.8017626953125,80
"gemma2_9b","first_token","position","neutral_nonopposite","neutral","nonopposite",0.6,5.2375,4.99625,5.4725,25
"gemma2_9b","first_token","position","neutral_opposite","neutral","opposite",0.6,4.06901041666667,3.57161458333333,4.578125,24
"gemma2_9b","first_token","position","valenced_nonopposite","valenced","nonopposite",0.6,2.843359375,2.6398388671875,3.0427734375,80
"gemma2_9b","first_token","position","valenced_opposite","valenced","opposite",0.6,2.600390625,2.379677734375,2.8375,80
"gemma2_9b","first_token","position","neutral_nonopposite","neutral","nonopposite",0.8,5.25,5.00625,5.48375,25
"gemma2_9b","first_token","position","neutral_opposite","neutral","opposite",0.8,4.18880208333333,3.72262369791667,4.65110677083333,24
"gemma2_9b","first_token","position","valenced_nonopposite","valenced","nonopposite",0.8,3.0318359375,2.827919921875,3.229892578125,80
"gemma2_9b","first_token","position","valenced_opposite","valenced","opposite",0.8,2.7197265625,2.51365234375,2.932822265625,80
"gemma2_9b","first_token","position","neutral_nonopposite","neutral","nonopposite",1,5.14,4.89121875,5.37503125,25
"gemma2_9b","first_token","position","neutral_opposite","neutral","opposite",1,4.21354166666667,3.81376953125,4.6171875,24
"gemma2_9b","first_token","position","valenced_nonopposite","valenced","nonopposite",1,3.185546875,2.966787109375,3.40625,80
"gemma2_9b","first_token","position","valenced_opposite","valenced","opposite",1,2.8341796875,2.624599609375,3.0474658203125,80
